
===========================================================================
report_checks -path_delay min (Hold)
============================================================================
======================= nom_tt_025C_1v80 Corner ===================================

Startpoint: s_rready (input port clocked by clk)
Endpoint: _2958_ (rising edge-triggered flip-flop clocked by clk)
Path Group: clk
Path Type: min

Fanout         Cap        Slew       Delay        Time   Description
---------------------------------------------------------------------------------------------
                                  0.000000    0.000000   clock clk (rise edge)
                                  0.000000    0.000000   clock network delay (propagated)
                                  2.000000    2.000000 ^ input external delay
     3    0.010095    0.051832    0.034304    2.034304 ^ s_rready (in)
                                                         s_rready (net)
                      0.051832    0.000000    2.034304 ^ _1600_/A2 (sky130_fd_sc_hd__a311oi_2)
     1    0.002089    0.028143    0.078606    2.112910 v _1600_/Y (sky130_fd_sc_hd__a311oi_2)
                                                         _0072_ (net)
                      0.028143    0.000004    2.112914 v _2958_/D (sky130_fd_sc_hd__dfxtp_2)
                                              2.112914   data arrival time

                                  0.000000    0.000000   clock clk (rise edge)
                                  0.000000    0.000000   clock source latency
   316    0.813505    3.615377    2.478035    2.478035 ^ clk (in)
                                                         clk (net)
                      3.615421    0.000000    2.478035 ^ _2958_/CLK (sky130_fd_sc_hd__dfxtp_2)
                                  0.250000    2.728035   clock uncertainty
                                  0.000000    2.728035   clock reconvergence pessimism
                                  0.299596    3.027632   library hold time
                                              3.027632   data required time
---------------------------------------------------------------------------------------------
                                              3.027632   data required time
                                             -2.112914   data arrival time
---------------------------------------------------------------------------------------------
                                             -0.914718   slack (VIOLATED)


Startpoint: s_awvalid (input port clocked by clk)
Endpoint: _2886_ (rising edge-triggered flip-flop clocked by clk)
Path Group: clk
Path Type: min

Fanout         Cap        Slew       Delay        Time   Description
---------------------------------------------------------------------------------------------
                                  0.000000    0.000000   clock clk (rise edge)
                                  0.000000    0.000000   clock network delay (propagated)
                                  2.000000    2.000000 ^ input external delay
     4    0.011280    0.057112    0.038133    2.038133 ^ s_awvalid (in)
                                                         s_awvalid (net)
                      0.057113    0.000000    2.038133 ^ _1454_/A2 (sky130_fd_sc_hd__a21bo_2)
     1    0.004838    0.040738    0.128043    2.166176 ^ _1454_/X (sky130_fd_sc_hd__a21bo_2)
                                                         _1257_ (net)
                      0.040738    0.000006    2.166183 ^ _1457_/A (sky130_fd_sc_hd__nand2_2)
     1    0.001995    0.021296    0.032930    2.199112 v _1457_/Y (sky130_fd_sc_hd__nand2_2)
                                                         _0005_ (net)
                      0.021296    0.000003    2.199116 v _2886_/D (sky130_fd_sc_hd__dfxtp_2)
                                              2.199116   data arrival time

                                  0.000000    0.000000   clock clk (rise edge)
                                  0.000000    0.000000   clock source latency
   316    0.813505    3.615377    2.504576    2.504576 ^ clk (in)
                                                         clk (net)
                      3.615925    0.000000    2.504576 ^ _2886_/CLK (sky130_fd_sc_hd__dfxtp_2)
                                  0.250000    2.754576   clock uncertainty
                                  0.000000    2.754576   clock reconvergence pessimism
                                  0.302351    3.056928   library hold time
                                              3.056928   data required time
---------------------------------------------------------------------------------------------
                                              3.056928   data required time
                                             -2.199116   data arrival time
---------------------------------------------------------------------------------------------
                                             -0.857812   slack (VIOLATED)


Startpoint: s_wdata[0] (input port clocked by clk)
Endpoint: _3099_ (rising edge-triggered flip-flop clocked by clk)
Path Group: clk
Path Type: min

Fanout         Cap        Slew       Delay        Time   Description
---------------------------------------------------------------------------------------------
                                  0.000000    0.000000   clock clk (rise edge)
                                  0.000000    0.000000   clock network delay (propagated)
                                  2.000000    2.000000 v input external delay
     4    0.012295    0.029477    0.019936    2.019936 v s_wdata[0] (in)
                                                         s_wdata[0] (net)
                      0.029478    0.000000    2.019936 v _1943_/A (sky130_fd_sc_hd__and4_2)
     1    0.005544    0.041022    0.175512    2.195448 v _1943_/X (sky130_fd_sc_hd__and4_2)
                                                         _0213_ (net)
                      0.041022    0.000072    2.195520 v _3099_/D (sky130_fd_sc_hd__dfxtp_2)
                                              2.195520   data arrival time

                                  0.000000    0.000000   clock clk (rise edge)
                                  0.000000    0.000000   clock source latency
   316    0.813505    3.615377    2.504561    2.504561 ^ clk (in)
                                                         clk (net)
                      3.615925    0.000000    2.504561 ^ _3099_/CLK (sky130_fd_sc_hd__dfxtp_2)
                                  0.250000    2.754562   clock uncertainty
                                  0.000000    2.754562   clock reconvergence pessimism
                                  0.294525    3.049086   library hold time
                                              3.049086   data required time
---------------------------------------------------------------------------------------------
                                              3.049086   data required time
                                             -2.195520   data arrival time
---------------------------------------------------------------------------------------------
                                             -0.853567   slack (VIOLATED)


Startpoint: s_rready (input port clocked by clk)
Endpoint: _2890_ (rising edge-triggered flip-flop clocked by clk)
Path Group: clk
Path Type: min

Fanout         Cap        Slew       Delay        Time   Description
---------------------------------------------------------------------------------------------
                                  0.000000    0.000000   clock clk (rise edge)
                                  0.000000    0.000000   clock network delay (propagated)
                                  2.000000    2.000000 ^ input external delay
     3    0.010095    0.051832    0.034297    2.034297 ^ s_rready (in)
                                                         s_rready (net)
                      0.051832    0.000000    2.034297 ^ _1477_/A2 (sky130_fd_sc_hd__a21bo_2)
     1    0.005278    0.042880    0.128199    2.162496 ^ _1477_/X (sky130_fd_sc_hd__a21bo_2)
                                                         _1273_ (net)
                      0.042880    0.000005    2.162501 ^ _1478_/A2 (sky130_fd_sc_hd__a21oi_2)
     1    0.001880    0.025849    0.043188    2.205688 v _1478_/Y (sky130_fd_sc_hd__a21oi_2)
                                                         _0004_ (net)
                      0.025849    0.000002    2.205690 v _2890_/D (sky130_fd_sc_hd__dfxtp_2)
                                              2.205690   data arrival time

                                  0.000000    0.000000   clock clk (rise edge)
                                  0.000000    0.000000   clock source latency
   316    0.813505    3.615377    2.478148    2.478148 ^ clk (in)
                                                         clk (net)
                      3.615422    0.000000    2.478148 ^ _2890_/CLK (sky130_fd_sc_hd__dfxtp_2)
                                  0.250000    2.728148   clock uncertainty
                                  0.000000    2.728148   clock reconvergence pessimism
                                  0.300507    3.028655   library hold time
                                              3.028655   data required time
---------------------------------------------------------------------------------------------
                                              3.028655   data required time
                                             -2.205690   data arrival time
---------------------------------------------------------------------------------------------
                                             -0.822964   slack (VIOLATED)


Startpoint: s_wvalid (input port clocked by clk)
Endpoint: _2993_ (rising edge-triggered flip-flop clocked by clk)
Path Group: clk
Path Type: min

Fanout         Cap        Slew       Delay        Time   Description
---------------------------------------------------------------------------------------------
                                  0.000000    0.000000   clock clk (rise edge)
                                  0.000000    0.000000   clock network delay (propagated)
                                  2.000000    2.000000 ^ input external delay
     2    0.010293    0.052706    0.034925    2.034925 ^ s_wvalid (in)
                                                         s_wvalid (net)
                      0.052706    0.000000    2.034925 ^ _1472_/B (sky130_fd_sc_hd__nand3_2)
     2    0.007706    0.066633    0.082570    2.117495 v _1472_/Y (sky130_fd_sc_hd__nand3_2)
                                                         _1269_ (net)
                      0.066633    0.000014    2.117509 v _1734_/D1 (sky130_fd_sc_hd__o2111a_2)
     1    0.001834    0.023090    0.125539    2.243047 v _1734_/X (sky130_fd_sc_hd__o2111a_2)
                                                         _0107_ (net)
                      0.023090    0.000001    2.243049 v _2993_/D (sky130_fd_sc_hd__dfxtp_2)
                                              2.243049   data arrival time

                                  0.000000    0.000000   clock clk (rise edge)
                                  0.000000    0.000000   clock source latency
   316    0.813505    3.615377    2.503624    2.503624 ^ clk (in)
                                                         clk (net)
                      3.615897    0.000000    2.503624 ^ _2993_/CLK (sky130_fd_sc_hd__dfxtp_2)
                                  0.250000    2.753624   clock uncertainty
                                  0.000000    2.753624   clock reconvergence pessimism
                                  0.301637    3.055261   library hold time
                                              3.055261   data required time
---------------------------------------------------------------------------------------------
                                              3.055261   data required time
                                             -2.243049   data arrival time
---------------------------------------------------------------------------------------------
                                             -0.812212   slack (VIOLATED)


Startpoint: s_awaddr[1] (input port clocked by clk)
Endpoint: _2900_ (rising edge-triggered flip-flop clocked by clk)
Path Group: clk
Path Type: min

Fanout         Cap        Slew       Delay        Time   Description
---------------------------------------------------------------------------------------------
                                  0.000000    0.000000   clock clk (rise edge)
                                  0.000000    0.000000   clock network delay (propagated)
                                  2.000000    2.000000 v input external delay
     1    0.002591    0.008148    0.004060    2.004060 v s_awaddr[1] (in)
                                                         s_awaddr[1] (net)
                      0.008148    0.000000    2.004060 v _1499_/A1 (sky130_fd_sc_hd__mux2_1)
     1    0.001876    0.050496    0.270165    2.274225 v _1499_/X (sky130_fd_sc_hd__mux2_1)
                                                         _0017_ (net)
                      0.050496    0.000002    2.274227 v _2900_/D (sky130_fd_sc_hd__dfxtp_2)
                                              2.274227   data arrival time

                                  0.000000    0.000000   clock clk (rise edge)
                                  0.000000    0.000000   clock source latency
   316    0.813505    3.615377    2.503540    2.503540 ^ clk (in)
                                                         clk (net)
                      3.615895    0.000000    2.503540 ^ _2900_/CLK (sky130_fd_sc_hd__dfxtp_2)
                                  0.250000    2.753540   clock uncertainty
                                  0.000000    2.753540   clock reconvergence pessimism
                                  0.290764    3.044304   library hold time
                                              3.044304   data required time
---------------------------------------------------------------------------------------------
                                              3.044304   data required time
                                             -2.274227   data arrival time
---------------------------------------------------------------------------------------------
                                             -0.770076   slack (VIOLATED)


Startpoint: s_awaddr[0] (input port clocked by clk)
Endpoint: _2899_ (rising edge-triggered flip-flop clocked by clk)
Path Group: clk
Path Type: min

Fanout         Cap        Slew       Delay        Time   Description
---------------------------------------------------------------------------------------------
                                  0.000000    0.000000   clock clk (rise edge)
                                  0.000000    0.000000   clock network delay (propagated)
                                  2.000000    2.000000 v input external delay
     1    0.002546    0.008044    0.003984    2.003984 v s_awaddr[0] (in)
                                                         s_awaddr[0] (net)
                      0.008044    0.000000    2.003984 v _1498_/A1 (sky130_fd_sc_hd__mux2_1)
     1    0.001943    0.050897    0.270769    2.274753 v _1498_/X (sky130_fd_sc_hd__mux2_1)
                                                         _0016_ (net)
                      0.050897    0.000002    2.274755 v _2899_/D (sky130_fd_sc_hd__dfxtp_2)
                                              2.274755   data arrival time

                                  0.000000    0.000000   clock clk (rise edge)
                                  0.000000    0.000000   clock source latency
   316    0.813505    3.615377    2.503632    2.503632 ^ clk (in)
                                                         clk (net)
                      3.615897    0.000000    2.503632 ^ _2899_/CLK (sky130_fd_sc_hd__dfxtp_2)
                                  0.250000    2.753632   clock uncertainty
                                  0.000000    2.753632   clock reconvergence pessimism
                                  0.290605    3.044236   library hold time
                                              3.044236   data required time
---------------------------------------------------------------------------------------------
                                              3.044236   data required time
                                             -2.274755   data arrival time
---------------------------------------------------------------------------------------------
                                             -0.769481   slack (VIOLATED)


Startpoint: s_awaddr[2] (input port clocked by clk)
Endpoint: _2901_ (rising edge-triggered flip-flop clocked by clk)
Path Group: clk
Path Type: min

Fanout         Cap        Slew       Delay        Time   Description
---------------------------------------------------------------------------------------------
                                  0.000000    0.000000   clock clk (rise edge)
                                  0.000000    0.000000   clock network delay (propagated)
                                  2.000000    2.000000 v input external delay
     1    0.002643    0.008268    0.004148    2.004148 v s_awaddr[2] (in)
                                                         s_awaddr[2] (net)
                      0.008268    0.000000    2.004148 v _1500_/A1 (sky130_fd_sc_hd__mux2_1)
     1    0.001929    0.050839    0.270682    2.274830 v _1500_/X (sky130_fd_sc_hd__mux2_1)
                                                         _0018_ (net)
                      0.050839    0.000002    2.274832 v _2901_/D (sky130_fd_sc_hd__dfxtp_2)
                                              2.274832   data arrival time

                                  0.000000    0.000000   clock clk (rise edge)
                                  0.000000    0.000000   clock source latency
   316    0.813505    3.615377    2.503568    2.503568 ^ clk (in)
                                                         clk (net)
                      3.615895    0.000000    2.503568 ^ _2901_/CLK (sky130_fd_sc_hd__dfxtp_2)
                                  0.250000    2.753568   clock uncertainty
                                  0.000000    2.753568   clock reconvergence pessimism
                                  0.290628    3.044196   library hold time
                                              3.044196   data required time
---------------------------------------------------------------------------------------------
                                              3.044196   data required time
                                             -2.274832   data arrival time
---------------------------------------------------------------------------------------------
                                             -0.769364   slack (VIOLATED)


Startpoint: s_awaddr[3] (input port clocked by clk)
Endpoint: _2902_ (rising edge-triggered flip-flop clocked by clk)
Path Group: clk
Path Type: min

Fanout         Cap        Slew       Delay        Time   Description
---------------------------------------------------------------------------------------------
                                  0.000000    0.000000   clock clk (rise edge)
                                  0.000000    0.000000   clock network delay (propagated)
                                  2.000000    2.000000 v input external delay
     1    0.003026    0.009157    0.004796    2.004796 v s_awaddr[3] (in)
                                                         s_awaddr[3] (net)
                      0.009157    0.000000    2.004796 v _1501_/A1 (sky130_fd_sc_hd__mux2_1)
     1    0.001986    0.051179    0.271381    2.276177 v _1501_/X (sky130_fd_sc_hd__mux2_1)
                                                         _0019_ (net)
                      0.051179    0.000002    2.276180 v _2902_/D (sky130_fd_sc_hd__dfxtp_2)
                                              2.276180   data arrival time

                                  0.000000    0.000000   clock clk (rise edge)
                                  0.000000    0.000000   clock source latency
   316    0.813505    3.615377    2.503568    2.503568 ^ clk (in)
                                                         clk (net)
                      3.615895    0.000000    2.503568 ^ _2902_/CLK (sky130_fd_sc_hd__dfxtp_2)
                                  0.250000    2.753568   clock uncertainty
                                  0.000000    2.753568   clock reconvergence pessimism
                                  0.290493    3.044061   library hold time
                                              3.044061   data required time
---------------------------------------------------------------------------------------------
                                              3.044061   data required time
                                             -2.276180   data arrival time
---------------------------------------------------------------------------------------------
                                             -0.767882   slack (VIOLATED)


Startpoint: s_bready (input port clocked by clk)
Endpoint: _2887_ (rising edge-triggered flip-flop clocked by clk)
Path Group: clk
Path Type: min

Fanout         Cap        Slew       Delay        Time   Description
---------------------------------------------------------------------------------------------
                                  0.000000    0.000000   clock clk (rise edge)
                                  0.000000    0.000000   clock network delay (propagated)
                                  2.000000    2.000000 ^ input external delay
     1    0.005667    0.032212    0.019978    2.019978 ^ s_bready (in)
                                                         s_bready (net)
                      0.032212    0.000000    2.019978 ^ _1455_/B (sky130_fd_sc_hd__nand2_2)
     2    0.006169    0.033765    0.049161    2.069138 v _1455_/Y (sky130_fd_sc_hd__nand2_2)
                                                         _1258_ (net)
                      0.033765    0.000035    2.069173 v _1474_/A3 (sky130_fd_sc_hd__a31o_2)
     1    0.002027    0.030872    0.226807    2.295980 v _1474_/X (sky130_fd_sc_hd__a31o_2)
                                                         _0006_ (net)
                      0.030872    0.000003    2.295982 v _2887_/D (sky130_fd_sc_hd__dfxtp_2)
                                              2.295982   data arrival time

                                  0.000000    0.000000   clock clk (rise edge)
                                  0.000000    0.000000   clock source latency
   316    0.813505    3.615377    2.504440    2.504440 ^ clk (in)
                                                         clk (net)
                      3.615921    0.000000    2.504440 ^ _2887_/CLK (sky130_fd_sc_hd__dfxtp_2)
                                  0.250000    2.754440   clock uncertainty
                                  0.000000    2.754440   clock reconvergence pessimism
                                  0.298552    3.052992   library hold time
                                              3.052992   data required time
---------------------------------------------------------------------------------------------
                                              3.052992   data required time
                                             -2.295982   data arrival time
---------------------------------------------------------------------------------------------
                                             -0.757010   slack (VIOLATED)


Startpoint: s_awvalid (input port clocked by clk)
Endpoint: _2992_ (rising edge-triggered flip-flop clocked by clk)
Path Group: clk
Path Type: min

Fanout         Cap        Slew       Delay        Time   Description
---------------------------------------------------------------------------------------------
                                  0.000000    0.000000   clock clk (rise edge)
                                  0.000000    0.000000   clock network delay (propagated)
                                  2.000000    2.000000 ^ input external delay
     4    0.011280    0.057112    0.038136    2.038136 ^ s_awvalid (in)
                                                         s_awvalid (net)
                      0.057113    0.000000    2.038136 ^ _1730_/A3 (sky130_fd_sc_hd__a31o_2)
     1    0.001588    0.031828    0.138739    2.176875 ^ _1730_/X (sky130_fd_sc_hd__a31o_2)
                                                         _1428_ (net)
                      0.031828    0.000001    2.176877 ^ _1731_/B1_N (sky130_fd_sc_hd__o21ba_2)
     1    0.001898    0.022357    0.137522    2.314399 v _1731_/X (sky130_fd_sc_hd__o21ba_2)
                                                         _0106_ (net)
                      0.022357    0.000002    2.314401 v _2992_/D (sky130_fd_sc_hd__dfxtp_2)
                                              2.314401   data arrival time

                                  0.000000    0.000000   clock clk (rise edge)
                                  0.000000    0.000000   clock source latency
   316    0.813505    3.615377    2.504605    2.504605 ^ clk (in)
                                                         clk (net)
                      3.615926    0.000000    2.504605 ^ _2992_/CLK (sky130_fd_sc_hd__dfxtp_2)
                                  0.250000    2.754605   clock uncertainty
                                  0.000000    2.754605   clock reconvergence pessimism
                                  0.301930    3.056535   library hold time
                                              3.056535   data required time
---------------------------------------------------------------------------------------------
                                              3.056535   data required time
                                             -2.314401   data arrival time
---------------------------------------------------------------------------------------------
                                             -0.742134   slack (VIOLATED)


Startpoint: s_wvalid (input port clocked by clk)
Endpoint: _2888_ (rising edge-triggered flip-flop clocked by clk)
Path Group: clk
Path Type: min

Fanout         Cap        Slew       Delay        Time   Description
---------------------------------------------------------------------------------------------
                                  0.000000    0.000000   clock clk (rise edge)
                                  0.000000    0.000000   clock network delay (propagated)
                                  2.000000    2.000000 ^ input external delay
     2    0.010293    0.052706    0.034919    2.034919 ^ s_wvalid (in)
                                                         s_wvalid (net)
                      0.052706    0.000000    2.034919 ^ _1470_/B (sky130_fd_sc_hd__nand2_2)
     3    0.007156    0.037809    0.058022    2.092941 v _1470_/Y (sky130_fd_sc_hd__nand2_2)
                                                         _1268_ (net)
                      0.037809    0.000021    2.092962 v _1471_/A3 (sky130_fd_sc_hd__a31o_2)
     1    0.001797    0.033515    0.227408    2.320370 v _1471_/X (sky130_fd_sc_hd__a31o_2)
                                                         _0007_ (net)
                      0.033515    0.000000    2.320371 v _2888_/D (sky130_fd_sc_hd__dfxtp_2)
                                              2.320371   data arrival time

                                  0.000000    0.000000   clock clk (rise edge)
                                  0.000000    0.000000   clock source latency
   316    0.813505    3.615377    2.503583    2.503583 ^ clk (in)
                                                         clk (net)
                      3.615896    0.000000    2.503583 ^ _2888_/CLK (sky130_fd_sc_hd__dfxtp_2)
                                  0.250000    2.753583   clock uncertainty
                                  0.000000    2.753583   clock reconvergence pessimism
                                  0.297501    3.051084   library hold time
                                              3.051084   data required time
---------------------------------------------------------------------------------------------
                                              3.051084   data required time
                                             -2.320371   data arrival time
---------------------------------------------------------------------------------------------
                                             -0.730713   slack (VIOLATED)


Startpoint: s_wvalid (input port clocked by clk)
Endpoint: _2994_ (rising edge-triggered flip-flop clocked by clk)
Path Group: clk
Path Type: min

Fanout         Cap        Slew       Delay        Time   Description
---------------------------------------------------------------------------------------------
                                  0.000000    0.000000   clock clk (rise edge)
                                  0.000000    0.000000   clock network delay (propagated)
                                  2.000000    2.000000 v input external delay
     2    0.009625    0.023666    0.015569    2.015569 v s_wvalid (in)
                                                         s_wvalid (net)
                      0.023666    0.000000    2.015569 v _1472_/B (sky130_fd_sc_hd__nand3_2)
     2    0.008416    0.065653    0.072569    2.088138 ^ _1472_/Y (sky130_fd_sc_hd__nand3_2)
                                                         _1269_ (net)
                      0.065653    0.000018    2.088156 ^ _1473_/B (sky130_fd_sc_hd__nor2_2)
     3    0.006769    0.026604    0.042812    2.130968 v _1473_/Y (sky130_fd_sc_hd__nor2_2)
                                                         _1270_ (net)
                      0.026604    0.000020    2.130988 v _1737_/A2 (sky130_fd_sc_hd__a22o_2)
     1    0.002294    0.036173    0.237663    2.368650 v _1737_/X (sky130_fd_sc_hd__a22o_2)
                                                         _0108_ (net)
                      0.036173    0.000006    2.368656 v _2994_/D (sky130_fd_sc_hd__dfxtp_2)
                                              2.368656   data arrival time

                                  0.000000    0.000000   clock clk (rise edge)
                                  0.000000    0.000000   clock source latency
   316    0.813505    3.615377    2.504382    2.504382 ^ clk (in)
                                                         clk (net)
                      3.615919    0.000000    2.504382 ^ _2994_/CLK (sky130_fd_sc_hd__dfxtp_2)
                                  0.250000    2.754382   clock uncertainty
                                  0.000000    2.754382   clock reconvergence pessimism
                                  0.296449    3.050831   library hold time
                                              3.050831   data required time
---------------------------------------------------------------------------------------------
                                              3.050831   data required time
                                             -2.368656   data arrival time
---------------------------------------------------------------------------------------------
                                             -0.682175   slack (VIOLATED)


Startpoint: s_wdata[6] (input port clocked by clk)
Endpoint: _3041_ (rising edge-triggered flip-flop clocked by clk)
Path Group: clk
Path Type: min

Fanout         Cap        Slew       Delay        Time   Description
---------------------------------------------------------------------------------------------
                                  0.000000    0.000000   clock clk (rise edge)
                                  0.000000    0.000000   clock network delay (propagated)
                                  2.000000    2.000000 ^ input external delay
     3    0.007278    0.039314    0.025197    2.025197 ^ s_wdata[6] (in)
                                                         s_wdata[6] (net)
                      0.039314    0.000000    2.025197 ^ _1826_/A0 (sky130_fd_sc_hd__mux2_1)
     1    0.001728    0.034674    0.103865    2.129062 ^ _1826_/X (sky130_fd_sc_hd__mux2_1)
                                                         _0348_ (net)
                      0.034674    0.000002    2.129063 ^ _1827_/B (sky130_fd_sc_hd__and2_2)
     1    0.001777    0.032806    0.119205    2.248269 ^ _1827_/X (sky130_fd_sc_hd__and2_2)
                                                         _0155_ (net)
                      0.032806    0.000000    2.248269 ^ _3041_/D (sky130_fd_sc_hd__dfxtp_2)
                                              2.248269   data arrival time

                                  0.000000    0.000000   clock clk (rise edge)
                                  0.000000    0.000000   clock source latency
   316    0.813505    3.615377    2.509364    2.509364 ^ clk (in)
                                                         clk (net)
                      3.616077    0.000000    2.509364 ^ _3041_/CLK (sky130_fd_sc_hd__dfxtp_2)
                                  0.250000    2.759364   clock uncertainty
                                  0.000000    2.759364   clock reconvergence pessimism
                                  0.101192    2.860556   library hold time
                                              2.860556   data required time
---------------------------------------------------------------------------------------------
                                              2.860556   data required time
                                             -2.248269   data arrival time
---------------------------------------------------------------------------------------------
                                             -0.612286   slack (VIOLATED)


Startpoint: s_wdata[6] (input port clocked by clk)
Endpoint: _3009_ (rising edge-triggered flip-flop clocked by clk)
Path Group: clk
Path Type: min

Fanout         Cap        Slew       Delay        Time   Description
---------------------------------------------------------------------------------------------
                                  0.000000    0.000000   clock clk (rise edge)
                                  0.000000    0.000000   clock network delay (propagated)
                                  2.000000    2.000000 ^ input external delay
     3    0.007278    0.039314    0.025201    2.025201 ^ s_wdata[6] (in)
                                                         s_wdata[6] (net)
                      0.039314    0.000000    2.025201 ^ _1761_/A0 (sky130_fd_sc_hd__mux2_1)
     1    0.001817    0.035394    0.104580    2.129781 ^ _1761_/X (sky130_fd_sc_hd__mux2_1)
                                                         _1442_ (net)
                      0.035394    0.000002    2.129784 ^ _1762_/B (sky130_fd_sc_hd__and2_2)
     1    0.001850    0.033154    0.119797    2.249580 ^ _1762_/X (sky130_fd_sc_hd__and2_2)
                                                         _0123_ (net)
                      0.033154    0.000001    2.249582 ^ _3009_/D (sky130_fd_sc_hd__dfxtp_2)
                                              2.249582   data arrival time

                                  0.000000    0.000000   clock clk (rise edge)
                                  0.000000    0.000000   clock source latency
   316    0.813505    3.615377    2.509521    2.509521 ^ clk (in)
                                                         clk (net)
                      3.616082    0.000000    2.509521 ^ _3009_/CLK (sky130_fd_sc_hd__dfxtp_2)
                                  0.250000    2.759521   clock uncertainty
                                  0.000000    2.759521   clock reconvergence pessimism
                                  0.101130    2.860651   library hold time
                                              2.860651   data required time
---------------------------------------------------------------------------------------------
                                              2.860651   data required time
                                             -2.249582   data arrival time
---------------------------------------------------------------------------------------------
                                             -0.611069   slack (VIOLATED)


Startpoint: s_wdata[6] (input port clocked by clk)
Endpoint: _3073_ (rising edge-triggered flip-flop clocked by clk)
Path Group: clk
Path Type: min

Fanout         Cap        Slew       Delay        Time   Description
---------------------------------------------------------------------------------------------
                                  0.000000    0.000000   clock clk (rise edge)
                                  0.000000    0.000000   clock network delay (propagated)
                                  2.000000    2.000000 ^ input external delay
     3    0.007278    0.039314    0.025189    2.025189 ^ s_wdata[6] (in)
                                                         s_wdata[6] (net)
                      0.039314    0.000000    2.025189 ^ _1891_/A1 (sky130_fd_sc_hd__mux2_1)
     1    0.001684    0.034234    0.106342    2.131531 ^ _1891_/X (sky130_fd_sc_hd__mux2_1)
                                                         _0381_ (net)
                      0.034234    0.000001    2.131533 ^ _1892_/B (sky130_fd_sc_hd__and2_2)
     1    0.001747    0.032662    0.118917    2.250450 ^ _1892_/X (sky130_fd_sc_hd__and2_2)
                                                         _0187_ (net)
                      0.032662    0.000000    2.250451 ^ _3073_/D (sky130_fd_sc_hd__dfxtp_2)
                                              2.250451   data arrival time

                                  0.000000    0.000000   clock clk (rise edge)
                                  0.000000    0.000000   clock source latency
   316    0.813505    3.615377    2.509356    2.509356 ^ clk (in)
                                                         clk (net)
                      3.616077    0.000000    2.509356 ^ _3073_/CLK (sky130_fd_sc_hd__dfxtp_2)
                                  0.250000    2.759356   clock uncertainty
                                  0.000000    2.759356   clock reconvergence pessimism
                                  0.101218    2.860575   library hold time
                                              2.860575   data required time
---------------------------------------------------------------------------------------------
                                              2.860575   data required time
                                             -2.250451   data arrival time
---------------------------------------------------------------------------------------------
                                             -0.610124   slack (VIOLATED)


Startpoint: s_wdata[5] (input port clocked by clk)
Endpoint: _3008_ (rising edge-triggered flip-flop clocked by clk)
Path Group: clk
Path Type: min

Fanout         Cap        Slew       Delay        Time   Description
---------------------------------------------------------------------------------------------
                                  0.000000    0.000000   clock clk (rise edge)
                                  0.000000    0.000000   clock network delay (propagated)
                                  2.000000    2.000000 ^ input external delay
     3    0.008231    0.043546    0.028302    2.028302 ^ s_wdata[5] (in)
                                                         s_wdata[5] (net)
                      0.043546    0.000000    2.028302 ^ _1759_/A0 (sky130_fd_sc_hd__mux2_1)
     1    0.001725    0.034676    0.105306    2.133608 ^ _1759_/X (sky130_fd_sc_hd__mux2_1)
                                                         _1441_ (net)
                      0.034676    0.000002    2.133610 ^ _1760_/B (sky130_fd_sc_hd__and2_2)
     1    0.001783    0.032834    0.119236    2.252845 ^ _1760_/X (sky130_fd_sc_hd__and2_2)
                                                         _0122_ (net)
                      0.032834    0.000001    2.252846 ^ _3008_/D (sky130_fd_sc_hd__dfxtp_2)
                                              2.252846   data arrival time

                                  0.000000    0.000000   clock clk (rise edge)
                                  0.000000    0.000000   clock source latency
   316    0.813505    3.615377    2.509399    2.509399 ^ clk (in)
                                                         clk (net)
                      3.616078    0.000000    2.509399 ^ _3008_/CLK (sky130_fd_sc_hd__dfxtp_2)
                                  0.250000    2.759399   clock uncertainty
                                  0.000000    2.759399   clock reconvergence pessimism
                                  0.101187    2.860586   library hold time
                                              2.860586   data required time
---------------------------------------------------------------------------------------------
                                              2.860586   data required time
                                             -2.252846   data arrival time
---------------------------------------------------------------------------------------------
                                             -0.607740   slack (VIOLATED)


Startpoint: s_wdata[5] (input port clocked by clk)
Endpoint: _3072_ (rising edge-triggered flip-flop clocked by clk)
Path Group: clk
Path Type: min

Fanout         Cap        Slew       Delay        Time   Description
---------------------------------------------------------------------------------------------
                                  0.000000    0.000000   clock clk (rise edge)
                                  0.000000    0.000000   clock network delay (propagated)
                                  2.000000    2.000000 ^ input external delay
     3    0.008231    0.043546    0.028289    2.028289 ^ s_wdata[5] (in)
                                                         s_wdata[5] (net)
                      0.043546    0.000000    2.028289 ^ _1889_/A1 (sky130_fd_sc_hd__mux2_1)
     1    0.001607    0.033629    0.107189    2.135479 ^ _1889_/X (sky130_fd_sc_hd__mux2_1)
                                                         _0380_ (net)
                      0.033629    0.000000    2.135479 ^ _1890_/B (sky130_fd_sc_hd__and2_2)
     1    0.001694    0.032411    0.118465    2.253945 ^ _1890_/X (sky130_fd_sc_hd__and2_2)
                                                         _0186_ (net)
                      0.032411    0.000000    2.253945 ^ _3072_/D (sky130_fd_sc_hd__dfxtp_2)
                                              2.253945   data arrival time

                                  0.000000    0.000000   clock clk (rise edge)
                                  0.000000    0.000000   clock source latency
   316    0.813505    3.615377    2.509013    2.509013 ^ clk (in)
                                                         clk (net)
                      3.616065    0.000000    2.509013 ^ _3072_/CLK (sky130_fd_sc_hd__dfxtp_2)
                                  0.250000    2.759013   clock uncertainty
                                  0.000000    2.759013   clock reconvergence pessimism
                                  0.101263    2.860276   library hold time
                                              2.860276   data required time
---------------------------------------------------------------------------------------------
                                              2.860276   data required time
                                             -2.253945   data arrival time
---------------------------------------------------------------------------------------------
                                             -0.606331   slack (VIOLATED)


Startpoint: s_wdata[3] (input port clocked by clk)
Endpoint: _3006_ (rising edge-triggered flip-flop clocked by clk)
Path Group: clk
Path Type: min

Fanout         Cap        Slew       Delay        Time   Description
---------------------------------------------------------------------------------------------
                                  0.000000    0.000000   clock clk (rise edge)
                                  0.000000    0.000000   clock network delay (propagated)
                                  2.000000    2.000000 v input external delay
     3    0.008908    0.022117    0.014454    2.014454 v s_wdata[3] (in)
                                                         s_wdata[3] (net)
                      0.022119    0.000000    2.014454 v _1755_/A0 (sky130_fd_sc_hd__mux2_1)
     1    0.001508    0.048267    0.257539    2.271993 v _1755_/X (sky130_fd_sc_hd__mux2_1)
                                                         _1439_ (net)
                      0.048267    0.000000    2.271994 v _1756_/B (sky130_fd_sc_hd__and2_2)
     1    0.001779    0.034018    0.178941    2.450935 v _1756_/X (sky130_fd_sc_hd__and2_2)
                                                         _0120_ (net)
                      0.034018    0.000001    2.450936 v _3006_/D (sky130_fd_sc_hd__dfxtp_2)
                                              2.450936   data arrival time

                                  0.000000    0.000000   clock clk (rise edge)
                                  0.000000    0.000000   clock source latency
   316    0.813505    3.615377    2.508974    2.508974 ^ clk (in)
                                                         clk (net)
                      3.616064    0.000000    2.508974 ^ _3006_/CLK (sky130_fd_sc_hd__dfxtp_2)
                                  0.250000    2.758974   clock uncertainty
                                  0.000000    2.758974   clock reconvergence pessimism
                                  0.297315    3.056289   library hold time
                                              3.056289   data required time
---------------------------------------------------------------------------------------------
                                              3.056289   data required time
                                             -2.450936   data arrival time
---------------------------------------------------------------------------------------------
                                             -0.605353   slack (VIOLATED)


Startpoint: s_wdata[5] (input port clocked by clk)
Endpoint: _3040_ (rising edge-triggered flip-flop clocked by clk)
Path Group: clk
Path Type: min

Fanout         Cap        Slew       Delay        Time   Description
---------------------------------------------------------------------------------------------
                                  0.000000    0.000000   clock clk (rise edge)
                                  0.000000    0.000000   clock network delay (propagated)
                                  2.000000    2.000000 ^ input external delay
     3    0.008231    0.043546    0.028304    2.028304 ^ s_wdata[5] (in)
                                                         s_wdata[5] (net)
                      0.043546    0.000000    2.028304 ^ _1824_/A0 (sky130_fd_sc_hd__mux2_1)
     1    0.001897    0.035998    0.106683    2.134987 ^ _1824_/X (sky130_fd_sc_hd__mux2_1)
                                                         _0347_ (net)
                      0.035998    0.000003    2.134990 ^ _1825_/B (sky130_fd_sc_hd__and2_2)
     1    0.001898    0.033384    0.120226    2.255216 ^ _1825_/X (sky130_fd_sc_hd__and2_2)
                                                         _0154_ (net)
                      0.033384    0.000002    2.255218 ^ _3040_/D (sky130_fd_sc_hd__dfxtp_2)
                                              2.255218   data arrival time

                                  0.000000    0.000000   clock clk (rise edge)
                                  0.000000    0.000000   clock source latency
   316    0.813505    3.615377    2.509444    2.509444 ^ clk (in)
                                                         clk (net)
                      3.616080    0.000000    2.509444 ^ _3040_/CLK (sky130_fd_sc_hd__dfxtp_2)
                                  0.250000    2.759444   clock uncertainty
                                  0.000000    2.759444   clock reconvergence pessimism
                                  0.101088    2.860533   library hold time
                                              2.860533   data required time
---------------------------------------------------------------------------------------------
                                              2.860533   data required time
                                             -2.255218   data arrival time
---------------------------------------------------------------------------------------------
                                             -0.605315   slack (VIOLATED)


Startpoint: s_wdata[3] (input port clocked by clk)
Endpoint: _3038_ (rising edge-triggered flip-flop clocked by clk)
Path Group: clk
Path Type: min

Fanout         Cap        Slew       Delay        Time   Description
---------------------------------------------------------------------------------------------
                                  0.000000    0.000000   clock clk (rise edge)
                                  0.000000    0.000000   clock network delay (propagated)
                                  2.000000    2.000000 v input external delay
     3    0.008908    0.022117    0.014440    2.014441 v s_wdata[3] (in)
                                                         s_wdata[3] (net)
                      0.022118    0.000000    2.014441 v _1820_/A0 (sky130_fd_sc_hd__mux2_1)
     1    0.001603    0.048843    0.258431    2.272871 v _1820_/X (sky130_fd_sc_hd__mux2_1)
                                                         _0345_ (net)
                      0.048843    0.000002    2.272873 v _1821_/B (sky130_fd_sc_hd__and2_2)
     1    0.001803    0.034089    0.179303    2.452176 v _1821_/X (sky130_fd_sc_hd__and2_2)
                                                         _0152_ (net)
                      0.034089    0.000001    2.452178 v _3038_/D (sky130_fd_sc_hd__dfxtp_2)
                                              2.452178   data arrival time

                                  0.000000    0.000000   clock clk (rise edge)
                                  0.000000    0.000000   clock source latency
   316    0.813505    3.615377    2.509305    2.509305 ^ clk (in)
                                                         clk (net)
                      3.616075    0.000000    2.509305 ^ _3038_/CLK (sky130_fd_sc_hd__dfxtp_2)
                                  0.250000    2.759305   clock uncertainty
                                  0.000000    2.759305   clock reconvergence pessimism
                                  0.297287    3.056592   library hold time
                                              3.056592   data required time
---------------------------------------------------------------------------------------------
                                              3.056592   data required time
                                             -2.452178   data arrival time
---------------------------------------------------------------------------------------------
                                             -0.604414   slack (VIOLATED)


Startpoint: s_wdata[10] (input port clocked by clk)
Endpoint: _3013_ (rising edge-triggered flip-flop clocked by clk)
Path Group: clk
Path Type: min

Fanout         Cap        Slew       Delay        Time   Description
---------------------------------------------------------------------------------------------
                                  0.000000    0.000000   clock clk (rise edge)
                                  0.000000    0.000000   clock network delay (propagated)
                                  2.000000    2.000000 ^ input external delay
     3    0.007688    0.041132    0.026523    2.026523 ^ s_wdata[10] (in)
                                                         s_wdata[10] (net)
                      0.041132    0.000000    2.026523 ^ _1769_/A0 (sky130_fd_sc_hd__mux2_1)
     1    0.001723    0.034658    0.104453    2.130976 ^ _1769_/X (sky130_fd_sc_hd__mux2_1)
                                                         _0319_ (net)
                      0.034658    0.000001    2.130977 ^ _1770_/B (sky130_fd_sc_hd__and2_2)
     1    0.001801    0.032919    0.119321    2.250299 ^ _1770_/X (sky130_fd_sc_hd__and2_2)
                                                         _0127_ (net)
                      0.032919    0.000001    2.250299 ^ _3013_/D (sky130_fd_sc_hd__dfxtp_2)
                                              2.250299   data arrival time

                                  0.000000    0.000000   clock clk (rise edge)
                                  0.000000    0.000000   clock source latency
   316    0.813505    3.615377    2.503160    2.503160 ^ clk (in)
                                                         clk (net)
                      3.615884    0.000000    2.503160 ^ _3013_/CLK (sky130_fd_sc_hd__dfxtp_2)
                                  0.250000    2.753160   clock uncertainty
                                  0.000000    2.753160   clock reconvergence pessimism
                                  0.101168    2.854327   library hold time
                                              2.854327   data required time
---------------------------------------------------------------------------------------------
                                              2.854327   data required time
                                             -2.250299   data arrival time
---------------------------------------------------------------------------------------------
                                             -0.604028   slack (VIOLATED)


Startpoint: s_wdata[10] (input port clocked by clk)
Endpoint: _3045_ (rising edge-triggered flip-flop clocked by clk)
Path Group: clk
Path Type: min

Fanout         Cap        Slew       Delay        Time   Description
---------------------------------------------------------------------------------------------
                                  0.000000    0.000000   clock clk (rise edge)
                                  0.000000    0.000000   clock network delay (propagated)
                                  2.000000    2.000000 ^ input external delay
     3    0.007688    0.041132    0.026525    2.026525 ^ s_wdata[10] (in)
                                                         s_wdata[10] (net)
                      0.041132    0.000000    2.026525 ^ _1834_/A0 (sky130_fd_sc_hd__mux2_1)
     1    0.001763    0.034951    0.104777    2.131302 ^ _1834_/X (sky130_fd_sc_hd__mux2_1)
                                                         _0352_ (net)
                      0.034951    0.000002    2.131304 ^ _1835_/B (sky130_fd_sc_hd__and2_2)
     1    0.001857    0.033189    0.119699    2.251003 ^ _1835_/X (sky130_fd_sc_hd__and2_2)
                                                         _0159_ (net)
                      0.033189    0.000001    2.251004 ^ _3045_/D (sky130_fd_sc_hd__dfxtp_2)
                                              2.251004   data arrival time

                                  0.000000    0.000000   clock clk (rise edge)
                                  0.000000    0.000000   clock source latency
   316    0.813505    3.615377    2.503188    2.503188 ^ clk (in)
                                                         clk (net)
                      3.615884    0.000000    2.503188 ^ _3045_/CLK (sky130_fd_sc_hd__dfxtp_2)
                                  0.250000    2.753188   clock uncertainty
                                  0.000000    2.753188   clock reconvergence pessimism
                                  0.101119    2.854307   library hold time
                                              2.854307   data required time
---------------------------------------------------------------------------------------------
                                              2.854307   data required time
                                             -2.251004   data arrival time
---------------------------------------------------------------------------------------------
                                             -0.603303   slack (VIOLATED)


Startpoint: s_wdata[12] (input port clocked by clk)
Endpoint: _3047_ (rising edge-triggered flip-flop clocked by clk)
Path Group: clk
Path Type: min

Fanout         Cap        Slew       Delay        Time   Description
---------------------------------------------------------------------------------------------
                                  0.000000    0.000000   clock clk (rise edge)
                                  0.000000    0.000000   clock network delay (propagated)
                                  2.000000    2.000000 ^ input external delay
     3    0.007357    0.039664    0.025446    2.025446 ^ s_wdata[12] (in)
                                                         s_wdata[12] (net)
                      0.039664    0.000000    2.025446 ^ _1838_/A0 (sky130_fd_sc_hd__mux2_1)
     1    0.001687    0.034355    0.103659    2.129105 ^ _1838_/X (sky130_fd_sc_hd__mux2_1)
                                                         _0354_ (net)
                      0.034355    0.000000    2.129106 ^ _1839_/B (sky130_fd_sc_hd__and2_2)
     1    0.001777    0.032806    0.119109    2.248214 ^ _1839_/X (sky130_fd_sc_hd__and2_2)
                                                         _0161_ (net)
                      0.032806    0.000000    2.248215 ^ _3047_/D (sky130_fd_sc_hd__dfxtp_2)
                                              2.248215   data arrival time

                                  0.000000    0.000000   clock clk (rise edge)
                                  0.000000    0.000000   clock source latency
   316    0.813505    3.615377    2.499277    2.499277 ^ clk (in)
                                                         clk (net)
                      3.615778    0.000000    2.499277 ^ _3047_/CLK (sky130_fd_sc_hd__dfxtp_2)
                                  0.250000    2.749277   clock uncertainty
                                  0.000000    2.749277   clock reconvergence pessimism
                                  0.101185    2.850463   library hold time
                                              2.850463   data required time
---------------------------------------------------------------------------------------------
                                              2.850463   data required time
                                             -2.248215   data arrival time
---------------------------------------------------------------------------------------------
                                             -0.602248   slack (VIOLATED)


Startpoint: s_wdata[10] (input port clocked by clk)
Endpoint: _3077_ (rising edge-triggered flip-flop clocked by clk)
Path Group: clk
Path Type: min

Fanout         Cap        Slew       Delay        Time   Description
---------------------------------------------------------------------------------------------
                                  0.000000    0.000000   clock clk (rise edge)
                                  0.000000    0.000000   clock network delay (propagated)
                                  2.000000    2.000000 ^ input external delay
     3    0.007688    0.041132    0.026511    2.026511 ^ s_wdata[10] (in)
                                                         s_wdata[10] (net)
                      0.041132    0.000000    2.026511 ^ _1899_/A1 (sky130_fd_sc_hd__mux2_1)
     1    0.001650    0.033967    0.106699    2.133210 ^ _1899_/X (sky130_fd_sc_hd__mux2_1)
                                                         _0385_ (net)
                      0.033967    0.000000    2.133211 ^ _1900_/B (sky130_fd_sc_hd__and2_2)
     1    0.001799    0.032912    0.119104    2.252315 ^ _1900_/X (sky130_fd_sc_hd__and2_2)
                                                         _0191_ (net)
                      0.032912    0.000001    2.252316 ^ _3077_/D (sky130_fd_sc_hd__dfxtp_2)
                                              2.252316   data arrival time

                                  0.000000    0.000000   clock clk (rise edge)
                                  0.000000    0.000000   clock source latency
   316    0.813505    3.615377    2.503247    2.503247 ^ clk (in)
                                                         clk (net)
                      3.615886    0.000000    2.503247 ^ _3077_/CLK (sky130_fd_sc_hd__dfxtp_2)
                                  0.250000    2.753247   clock uncertainty
                                  0.000000    2.753247   clock reconvergence pessimism
                                  0.101169    2.854416   library hold time
                                              2.854416   data required time
---------------------------------------------------------------------------------------------
                                              2.854416   data required time
                                             -2.252316   data arrival time
---------------------------------------------------------------------------------------------
                                             -0.602099   slack (VIOLATED)


Startpoint: s_wdata[11] (input port clocked by clk)
Endpoint: _3014_ (rising edge-triggered flip-flop clocked by clk)
Path Group: clk
Path Type: min

Fanout         Cap        Slew       Delay        Time   Description
---------------------------------------------------------------------------------------------
                                  0.000000    0.000000   clock clk (rise edge)
                                  0.000000    0.000000   clock network delay (propagated)
                                  2.000000    2.000000 ^ input external delay
     3    0.007932    0.042212    0.027306    2.027306 ^ s_wdata[11] (in)
                                                         s_wdata[11] (net)
                      0.042212    0.000000    2.027306 ^ _1771_/A0 (sky130_fd_sc_hd__mux2_1)
     1    0.001679    0.034314    0.104474    2.131780 ^ _1771_/X (sky130_fd_sc_hd__mux2_1)
                                                         _0320_ (net)
                      0.034314    0.000000    2.131781 ^ _1772_/B (sky130_fd_sc_hd__and2_2)
     1    0.001781    0.032827    0.119118    2.250899 ^ _1772_/X (sky130_fd_sc_hd__and2_2)
                                                         _0128_ (net)
                      0.032827    0.000000    2.250900 ^ _3014_/D (sky130_fd_sc_hd__dfxtp_2)
                                              2.250900   data arrival time

                                  0.000000    0.000000   clock clk (rise edge)
                                  0.000000    0.000000   clock source latency
   316    0.813505    3.615377    2.501555    2.501555 ^ clk (in)
                                                         clk (net)
                      3.615839    0.000000    2.501555 ^ _3014_/CLK (sky130_fd_sc_hd__dfxtp_2)
                                  0.250000    2.751555   clock uncertainty
                                  0.000000    2.751555   clock reconvergence pessimism
                                  0.101183    2.852739   library hold time
                                              2.852739   data required time
---------------------------------------------------------------------------------------------
                                              2.852739   data required time
                                             -2.250900   data arrival time
---------------------------------------------------------------------------------------------
                                             -0.601839   slack (VIOLATED)


Startpoint: s_wdata[9] (input port clocked by clk)
Endpoint: _3044_ (rising edge-triggered flip-flop clocked by clk)
Path Group: clk
Path Type: min

Fanout         Cap        Slew       Delay        Time   Description
---------------------------------------------------------------------------------------------
                                  0.000000    0.000000   clock clk (rise edge)
                                  0.000000    0.000000   clock network delay (propagated)
                                  2.000000    2.000000 ^ input external delay
     3    0.008033    0.042659    0.027640    2.027640 ^ s_wdata[9] (in)
                                                         s_wdata[9] (net)
                      0.042659    0.000000    2.027640 ^ _1832_/A0 (sky130_fd_sc_hd__mux2_1)
     1    0.001729    0.034681    0.105028    2.132668 ^ _1832_/X (sky130_fd_sc_hd__mux2_1)
                                                         _0351_ (net)
                      0.034681    0.000002    2.132669 ^ _1833_/B (sky130_fd_sc_hd__and2_2)
     1    0.001793    0.032882    0.119289    2.251958 ^ _1833_/X (sky130_fd_sc_hd__and2_2)
                                                         _0158_ (net)
                      0.032882    0.000000    2.251958 ^ _3044_/D (sky130_fd_sc_hd__dfxtp_2)
                                              2.251958   data arrival time

                                  0.000000    0.000000   clock clk (rise edge)
                                  0.000000    0.000000   clock source latency
   316    0.813505    3.615377    2.502498    2.502498 ^ clk (in)
                                                         clk (net)
                      3.615865    0.000000    2.502498 ^ _3044_/CLK (sky130_fd_sc_hd__dfxtp_2)
                                  0.250000    2.752498   clock uncertainty
                                  0.000000    2.752498   clock reconvergence pessimism
                                  0.101174    2.853672   library hold time
                                              2.853672   data required time
---------------------------------------------------------------------------------------------
                                              2.853672   data required time
                                             -2.251958   data arrival time
---------------------------------------------------------------------------------------------
                                             -0.601714   slack (VIOLATED)


Startpoint: s_wdata[12] (input port clocked by clk)
Endpoint: _3015_ (rising edge-triggered flip-flop clocked by clk)
Path Group: clk
Path Type: min

Fanout         Cap        Slew       Delay        Time   Description
---------------------------------------------------------------------------------------------
                                  0.000000    0.000000   clock clk (rise edge)
                                  0.000000    0.000000   clock network delay (propagated)
                                  2.000000    2.000000 ^ input external delay
     3    0.007357    0.039664    0.025449    2.025449 ^ s_wdata[12] (in)
                                                         s_wdata[12] (net)
                      0.039664    0.000000    2.025449 ^ _1773_/A0 (sky130_fd_sc_hd__mux2_1)
     1    0.001745    0.034828    0.104121    2.129570 ^ _1773_/X (sky130_fd_sc_hd__mux2_1)
                                                         _0321_ (net)
                      0.034828    0.000001    2.129571 ^ _1774_/B (sky130_fd_sc_hd__and2_2)
     1    0.001847    0.033142    0.119612    2.249183 ^ _1774_/X (sky130_fd_sc_hd__and2_2)
                                                         _0129_ (net)
                      0.033142    0.000001    2.249185 ^ _3015_/D (sky130_fd_sc_hd__dfxtp_2)
                                              2.249185   data arrival time

                                  0.000000    0.000000   clock clk (rise edge)
                                  0.000000    0.000000   clock source latency
   316    0.813505    3.615377    2.499200    2.499200 ^ clk (in)
                                                         clk (net)
                      3.615777    0.000000    2.499200 ^ _3015_/CLK (sky130_fd_sc_hd__dfxtp_2)
                                  0.250000    2.749200   clock uncertainty
                                  0.000000    2.749200   clock reconvergence pessimism
                                  0.101125    2.850325   library hold time
                                              2.850325   data required time
---------------------------------------------------------------------------------------------
                                              2.850325   data required time
                                             -2.249185   data arrival time
---------------------------------------------------------------------------------------------
                                             -0.601140   slack (VIOLATED)


Startpoint: s_wdata[2] (input port clocked by clk)
Endpoint: _3037_ (rising edge-triggered flip-flop clocked by clk)
Path Group: clk
Path Type: min

Fanout         Cap        Slew       Delay        Time   Description
---------------------------------------------------------------------------------------------
                                  0.000000    0.000000   clock clk (rise edge)
                                  0.000000    0.000000   clock network delay (propagated)
                                  2.000000    2.000000 v input external delay
     3    0.008878    0.022048    0.014396    2.014396 v s_wdata[2] (in)
                                                         s_wdata[2] (net)
                      0.022049    0.000000    2.014396 v _1818_/A0 (sky130_fd_sc_hd__mux2_1)
     1    0.001462    0.047989    0.257093    2.271488 v _1818_/X (sky130_fd_sc_hd__mux2_1)
                                                         _0344_ (net)
                      0.047989    0.000000    2.271489 v _1819_/B (sky130_fd_sc_hd__and2_2)
     1    0.001716    0.033825    0.178530    2.450019 v _1819_/X (sky130_fd_sc_hd__and2_2)
                                                         _0151_ (net)
                      0.033825    0.000000    2.450019 v _3037_/D (sky130_fd_sc_hd__dfxtp_2)
                                              2.450019   data arrival time

                                  0.000000    0.000000   clock clk (rise edge)
                                  0.000000    0.000000   clock source latency
   316    0.813505    3.615377    2.503763    2.503763 ^ clk (in)
                                                         clk (net)
                      3.615901    0.000000    2.503763 ^ _3037_/CLK (sky130_fd_sc_hd__dfxtp_2)
                                  0.250000    2.753763   clock uncertainty
                                  0.000000    2.753763   clock reconvergence pessimism
                                  0.297378    3.051142   library hold time
                                              3.051142   data required time
---------------------------------------------------------------------------------------------
                                              3.051142   data required time
                                             -2.450019   data arrival time
---------------------------------------------------------------------------------------------
                                             -0.601123   slack (VIOLATED)


Startpoint: s_wdata[11] (input port clocked by clk)
Endpoint: _3046_ (rising edge-triggered flip-flop clocked by clk)
Path Group: clk
Path Type: min

Fanout         Cap        Slew       Delay        Time   Description
---------------------------------------------------------------------------------------------
                                  0.000000    0.000000   clock clk (rise edge)
                                  0.000000    0.000000   clock network delay (propagated)
                                  2.000000    2.000000 ^ input external delay
     3    0.007932    0.042212    0.027313    2.027313 ^ s_wdata[11] (in)
                                                         s_wdata[11] (net)
                      0.042212    0.000000    2.027313 ^ _1836_/A0 (sky130_fd_sc_hd__mux2_1)
     1    0.001836    0.035519    0.105732    2.133045 ^ _1836_/X (sky130_fd_sc_hd__mux2_1)
                                                         _0353_ (net)
                      0.035519    0.000002    2.133047 ^ _1837_/B (sky130_fd_sc_hd__and2_2)
     1    0.001870    0.033252    0.119939    2.252986 ^ _1837_/X (sky130_fd_sc_hd__and2_2)
                                                         _0160_ (net)
                      0.033252    0.000002    2.252988 ^ _3046_/D (sky130_fd_sc_hd__dfxtp_2)
                                              2.252988   data arrival time

                                  0.000000    0.000000   clock clk (rise edge)
                                  0.000000    0.000000   clock source latency
   316    0.813505    3.615377    2.502499    2.502499 ^ clk (in)
                                                         clk (net)
                      3.615865    0.000000    2.502499 ^ _3046_/CLK (sky130_fd_sc_hd__dfxtp_2)
                                  0.250000    2.752499   clock uncertainty
                                  0.000000    2.752499   clock reconvergence pessimism
                                  0.101107    2.853606   library hold time
                                              2.853606   data required time
---------------------------------------------------------------------------------------------
                                              2.853606   data required time
                                             -2.252988   data arrival time
---------------------------------------------------------------------------------------------
                                             -0.600619   slack (VIOLATED)


Startpoint: s_wdata[9] (input port clocked by clk)
Endpoint: _3012_ (rising edge-triggered flip-flop clocked by clk)
Path Group: clk
Path Type: min

Fanout         Cap        Slew       Delay        Time   Description
---------------------------------------------------------------------------------------------
                                  0.000000    0.000000   clock clk (rise edge)
                                  0.000000    0.000000   clock network delay (propagated)
                                  2.000000    2.000000 ^ input external delay
     3    0.008033    0.042659    0.027643    2.027643 ^ s_wdata[9] (in)
                                                         s_wdata[9] (net)
                      0.042659    0.000000    2.027643 ^ _1767_/A0 (sky130_fd_sc_hd__mux2_1)
     1    0.001806    0.035306    0.105645    2.133289 ^ _1767_/X (sky130_fd_sc_hd__mux2_1)
                                                         _0318_ (net)
                      0.035306    0.000002    2.133291 ^ _1768_/B (sky130_fd_sc_hd__and2_2)
     1    0.001854    0.033174    0.119791    2.253082 ^ _1768_/X (sky130_fd_sc_hd__and2_2)
                                                         _0126_ (net)
                      0.033174    0.000001    2.253083 ^ _3012_/D (sky130_fd_sc_hd__dfxtp_2)
                                              2.253083   data arrival time

                                  0.000000    0.000000   clock clk (rise edge)
                                  0.000000    0.000000   clock source latency
   316    0.813505    3.615377    2.502421    2.502421 ^ clk (in)
                                                         clk (net)
                      3.615863    0.000000    2.502421 ^ _3012_/CLK (sky130_fd_sc_hd__dfxtp_2)
                                  0.250000    2.752421   clock uncertainty
                                  0.000000    2.752421   clock reconvergence pessimism
                                  0.101121    2.853542   library hold time
                                              2.853542   data required time
---------------------------------------------------------------------------------------------
                                              2.853542   data required time
                                             -2.253083   data arrival time
---------------------------------------------------------------------------------------------
                                             -0.600459   slack (VIOLATED)


Startpoint: s_wdata[1] (input port clocked by clk)
Endpoint: _3004_ (rising edge-triggered flip-flop clocked by clk)
Path Group: clk
Path Type: min

Fanout         Cap        Slew       Delay        Time   Description
---------------------------------------------------------------------------------------------
                                  0.000000    0.000000   clock clk (rise edge)
                                  0.000000    0.000000   clock network delay (propagated)
                                  2.000000    2.000000 v input external delay
     3    0.010076    0.024674    0.016364    2.016364 v s_wdata[1] (in)
                                                         s_wdata[1] (net)
                      0.024676    0.000000    2.016364 v _1751_/A0 (sky130_fd_sc_hd__mux2_1)
     1    0.001616    0.048925    0.259265    2.275629 v _1751_/X (sky130_fd_sc_hd__mux2_1)
                                                         _1437_ (net)
                      0.048925    0.000001    2.275631 v _1752_/B (sky130_fd_sc_hd__and2_2)
     1    0.001855    0.034249    0.179578    2.455209 v _1752_/X (sky130_fd_sc_hd__and2_2)
                                                         _0118_ (net)
                      0.034249    0.000001    2.455210 v _3004_/D (sky130_fd_sc_hd__dfxtp_2)
                                              2.455210   data arrival time

                                  0.000000    0.000000   clock clk (rise edge)
                                  0.000000    0.000000   clock source latency
   316    0.813505    3.615377    2.508438    2.508438 ^ clk (in)
                                                         clk (net)
                      3.616046    0.000000    2.508438 ^ _3004_/CLK (sky130_fd_sc_hd__dfxtp_2)
                                  0.250000    2.758438   clock uncertainty
                                  0.000000    2.758438   clock reconvergence pessimism
                                  0.297222    3.055659   library hold time
                                              3.055659   data required time
---------------------------------------------------------------------------------------------
                                              3.055659   data required time
                                             -2.455210   data arrival time
---------------------------------------------------------------------------------------------
                                             -0.600449   slack (VIOLATED)


Startpoint: s_wdata[12] (input port clocked by clk)
Endpoint: _3079_ (rising edge-triggered flip-flop clocked by clk)
Path Group: clk
Path Type: min

Fanout         Cap        Slew       Delay        Time   Description
---------------------------------------------------------------------------------------------
                                  0.000000    0.000000   clock clk (rise edge)
                                  0.000000    0.000000   clock network delay (propagated)
                                  2.000000    2.000000 ^ input external delay
     3    0.007357    0.039664    0.025437    2.025437 ^ s_wdata[12] (in)
                                                         s_wdata[12] (net)
                      0.039664    0.000000    2.025437 ^ _1903_/A1 (sky130_fd_sc_hd__mux2_1)
     1    0.001607    0.033629    0.105849    2.131285 ^ _1903_/X (sky130_fd_sc_hd__mux2_1)
                                                         _0387_ (net)
                      0.033629    0.000000    2.131286 ^ _1904_/B (sky130_fd_sc_hd__and2_2)
     1    0.001771    0.032780    0.118860    2.250146 ^ _1904_/X (sky130_fd_sc_hd__and2_2)
                                                         _0193_ (net)
                      0.032780    0.000000    2.250146 ^ _3079_/D (sky130_fd_sc_hd__dfxtp_2)
                                              2.250146   data arrival time

                                  0.000000    0.000000   clock clk (rise edge)
                                  0.000000    0.000000   clock source latency
   316    0.813505    3.615377    2.499291    2.499291 ^ clk (in)
                                                         clk (net)
                      3.615779    0.000000    2.499291 ^ _3079_/CLK (sky130_fd_sc_hd__dfxtp_2)
                                  0.250000    2.749291   clock uncertainty
                                  0.000000    2.749291   clock reconvergence pessimism
                                  0.101190    2.850481   library hold time
                                              2.850481   data required time
---------------------------------------------------------------------------------------------
                                              2.850481   data required time
                                             -2.250146   data arrival time
---------------------------------------------------------------------------------------------
                                             -0.600334   slack (VIOLATED)


Startpoint: s_wdata[3] (input port clocked by clk)
Endpoint: _3070_ (rising edge-triggered flip-flop clocked by clk)
Path Group: clk
Path Type: min

Fanout         Cap        Slew       Delay        Time   Description
---------------------------------------------------------------------------------------------
                                  0.000000    0.000000   clock clk (rise edge)
                                  0.000000    0.000000   clock network delay (propagated)
                                  2.000000    2.000000 ^ input external delay
     3    0.009279    0.048204    0.031698    2.031698 ^ s_wdata[3] (in)
                                                         s_wdata[3] (net)
                      0.048204    0.000000    2.031698 ^ _1885_/A1 (sky130_fd_sc_hd__mux2_1)
     1    0.001687    0.034259    0.109436    2.141134 ^ _1885_/X (sky130_fd_sc_hd__mux2_1)
                                                         _0378_ (net)
                      0.034259    0.000001    2.141135 ^ _1886_/B (sky130_fd_sc_hd__and2_2)
     1    0.001779    0.032814    0.119088    2.260223 ^ _1886_/X (sky130_fd_sc_hd__and2_2)
                                                         _0184_ (net)
                      0.032814    0.000000    2.260224 ^ _3070_/D (sky130_fd_sc_hd__dfxtp_2)
                                              2.260224   data arrival time

                                  0.000000    0.000000   clock clk (rise edge)
                                  0.000000    0.000000   clock source latency
   316    0.813505    3.615377    2.509278    2.509278 ^ clk (in)
                                                         clk (net)
                      3.616074    0.000000    2.509278 ^ _3070_/CLK (sky130_fd_sc_hd__dfxtp_2)
                                  0.250000    2.759278   clock uncertainty
                                  0.000000    2.759278   clock reconvergence pessimism
                                  0.101191    2.860469   library hold time
                                              2.860469   data required time
---------------------------------------------------------------------------------------------
                                              2.860469   data required time
                                             -2.260224   data arrival time
---------------------------------------------------------------------------------------------
                                             -0.600245   slack (VIOLATED)


Startpoint: s_wdata[1] (input port clocked by clk)
Endpoint: _3036_ (rising edge-triggered flip-flop clocked by clk)
Path Group: clk
Path Type: min

Fanout         Cap        Slew       Delay        Time   Description
---------------------------------------------------------------------------------------------
                                  0.000000    0.000000   clock clk (rise edge)
                                  0.000000    0.000000   clock network delay (propagated)
                                  2.000000    2.000000 v input external delay
     3    0.010076    0.024674    0.016362    2.016362 v s_wdata[1] (in)
                                                         s_wdata[1] (net)
                      0.024676    0.000000    2.016362 v _1816_/A0 (sky130_fd_sc_hd__mux2_1)
     1    0.001422    0.047754    0.257441    2.273803 v _1816_/X (sky130_fd_sc_hd__mux2_1)
                                                         _0343_ (net)
                      0.047754    0.000000    2.273803 v _1817_/B (sky130_fd_sc_hd__and2_2)
     1    0.001702    0.033781    0.178359    2.452163 v _1817_/X (sky130_fd_sc_hd__and2_2)
                                                         _0150_ (net)
                      0.033781    0.000000    2.452163 v _3036_/D (sky130_fd_sc_hd__dfxtp_2)
                                              2.452163   data arrival time

                                  0.000000    0.000000   clock clk (rise edge)
                                  0.000000    0.000000   clock source latency
   316    0.813505    3.615377    2.504522    2.504522 ^ clk (in)
                                                         clk (net)
                      3.615923    0.000000    2.504522 ^ _3036_/CLK (sky130_fd_sc_hd__dfxtp_2)
                                  0.250000    2.754523   clock uncertainty
                                  0.000000    2.754523   clock reconvergence pessimism
                                  0.297398    3.051920   library hold time
                                              3.051920   data required time
---------------------------------------------------------------------------------------------
                                              3.051920   data required time
                                             -2.452163   data arrival time
---------------------------------------------------------------------------------------------
                                             -0.599758   slack (VIOLATED)


Startpoint: s_wdata[2] (input port clocked by clk)
Endpoint: _3005_ (rising edge-triggered flip-flop clocked by clk)
Path Group: clk
Path Type: min

Fanout         Cap        Slew       Delay        Time   Description
---------------------------------------------------------------------------------------------
                                  0.000000    0.000000   clock clk (rise edge)
                                  0.000000    0.000000   clock network delay (propagated)
                                  2.000000    2.000000 v input external delay
     3    0.008878    0.022048    0.014394    2.014394 v s_wdata[2] (in)
                                                         s_wdata[2] (net)
                      0.022049    0.000000    2.014394 v _1753_/A0 (sky130_fd_sc_hd__mux2_1)
     1    0.001649    0.049123    0.258848    2.273242 v _1753_/X (sky130_fd_sc_hd__mux2_1)
                                                         _1438_ (net)
                      0.049123    0.000002    2.273244 v _1754_/B (sky130_fd_sc_hd__and2_2)
     1    0.001871    0.034297    0.179738    2.452982 v _1754_/X (sky130_fd_sc_hd__and2_2)
                                                         _0119_ (net)
                      0.034297    0.000002    2.452984 v _3005_/D (sky130_fd_sc_hd__dfxtp_2)
                                              2.452984   data arrival time

                                  0.000000    0.000000   clock clk (rise edge)
                                  0.000000    0.000000   clock source latency
   316    0.813505    3.615377    2.505388    2.505388 ^ clk (in)
                                                         clk (net)
                      3.615949    0.000000    2.505388 ^ _3005_/CLK (sky130_fd_sc_hd__dfxtp_2)
                                  0.250000    2.755388   clock uncertainty
                                  0.000000    2.755388   clock reconvergence pessimism
                                  0.297195    3.052583   library hold time
                                              3.052583   data required time
---------------------------------------------------------------------------------------------
                                              3.052583   data required time
                                             -2.452984   data arrival time
---------------------------------------------------------------------------------------------
                                             -0.599599   slack (VIOLATED)


Startpoint: s_wdata[9] (input port clocked by clk)
Endpoint: _3076_ (rising edge-triggered flip-flop clocked by clk)
Path Group: clk
Path Type: min

Fanout         Cap        Slew       Delay        Time   Description
---------------------------------------------------------------------------------------------
                                  0.000000    0.000000   clock clk (rise edge)
                                  0.000000    0.000000   clock network delay (propagated)
                                  2.000000    2.000000 ^ input external delay
     3    0.008033    0.042659    0.027626    2.027626 ^ s_wdata[9] (in)
                                                         s_wdata[9] (net)
                      0.042659    0.000000    2.027626 ^ _1897_/A1 (sky130_fd_sc_hd__mux2_1)
     1    0.001670    0.034127    0.107388    2.135014 ^ _1897_/X (sky130_fd_sc_hd__mux2_1)
                                                         _0384_ (net)
                      0.034127    0.000001    2.135015 ^ _1898_/B (sky130_fd_sc_hd__and2_2)
     1    0.001802    0.032927    0.119169    2.254184 ^ _1898_/X (sky130_fd_sc_hd__and2_2)
                                                         _0190_ (net)
                      0.032927    0.000001    2.254185 ^ _3076_/D (sky130_fd_sc_hd__dfxtp_2)
                                              2.254185   data arrival time

                                  0.000000    0.000000   clock clk (rise edge)
                                  0.000000    0.000000   clock source latency
   316    0.813505    3.615377    2.502515    2.502515 ^ clk (in)
                                                         clk (net)
                      3.615865    0.000000    2.502515 ^ _3076_/CLK (sky130_fd_sc_hd__dfxtp_2)
                                  0.250000    2.752515   clock uncertainty
                                  0.000000    2.752515   clock reconvergence pessimism
                                  0.101166    2.853681   library hold time
                                              2.853681   data required time
---------------------------------------------------------------------------------------------
                                              2.853681   data required time
                                             -2.254185   data arrival time
---------------------------------------------------------------------------------------------
                                             -0.599496   slack (VIOLATED)


Startpoint: s_wdata[11] (input port clocked by clk)
Endpoint: _3078_ (rising edge-triggered flip-flop clocked by clk)
Path Group: clk
Path Type: min

Fanout         Cap        Slew       Delay        Time   Description
---------------------------------------------------------------------------------------------
                                  0.000000    0.000000   clock clk (rise edge)
                                  0.000000    0.000000   clock network delay (propagated)
                                  2.000000    2.000000 ^ input external delay
     3    0.007932    0.042212    0.027291    2.027291 ^ s_wdata[11] (in)
                                                         s_wdata[11] (net)
                      0.042212    0.000000    2.027291 ^ _1901_/A1 (sky130_fd_sc_hd__mux2_1)
     1    0.001646    0.033937    0.107041    2.134332 ^ _1901_/X (sky130_fd_sc_hd__mux2_1)
                                                         _0386_ (net)
                      0.033937    0.000000    2.134333 ^ _1902_/B (sky130_fd_sc_hd__and2_2)
     1    0.001793    0.032882    0.119063    2.253396 ^ _1902_/X (sky130_fd_sc_hd__and2_2)
                                                         _0192_ (net)
                      0.032882    0.000000    2.253397 ^ _3078_/D (sky130_fd_sc_hd__dfxtp_2)
                                              2.253397   data arrival time

                                  0.000000    0.000000   clock clk (rise edge)
                                  0.000000    0.000000   clock source latency
   316    0.813505    3.615377    2.501127    2.501127 ^ clk (in)
                                                         clk (net)
                      3.615827    0.000000    2.501127 ^ _3078_/CLK (sky130_fd_sc_hd__dfxtp_2)
                                  0.250000    2.751127   clock uncertainty
                                  0.000000    2.751127   clock reconvergence pessimism
                                  0.101173    2.852300   library hold time
                                              2.852300   data required time
---------------------------------------------------------------------------------------------
                                              2.852300   data required time
                                             -2.253397   data arrival time
---------------------------------------------------------------------------------------------
                                             -0.598903   slack (VIOLATED)


Startpoint: s_wdata[15] (input port clocked by clk)
Endpoint: _3018_ (rising edge-triggered flip-flop clocked by clk)
Path Group: clk
Path Type: min

Fanout         Cap        Slew       Delay        Time   Description
---------------------------------------------------------------------------------------------
                                  0.000000    0.000000   clock clk (rise edge)
                                  0.000000    0.000000   clock network delay (propagated)
                                  2.000000    2.000000 ^ input external delay
     3    0.007547    0.040504    0.026052    2.026052 ^ s_wdata[15] (in)
                                                         s_wdata[15] (net)
                      0.040504    0.000000    2.026052 ^ _1779_/A0 (sky130_fd_sc_hd__mux2_1)
     1    0.001667    0.034214    0.103781    2.129834 ^ _1779_/X (sky130_fd_sc_hd__mux2_1)
                                                         _0324_ (net)
                      0.034214    0.000001    2.129835 ^ _1780_/B (sky130_fd_sc_hd__and2_2)
     1    0.001775    0.032799    0.119058    2.248893 ^ _1780_/X (sky130_fd_sc_hd__and2_2)
                                                         _0132_ (net)
                      0.032799    0.000000    2.248894 ^ _3018_/D (sky130_fd_sc_hd__dfxtp_2)
                                              2.248894   data arrival time

                                  0.000000    0.000000   clock clk (rise edge)
                                  0.000000    0.000000   clock source latency
   316    0.813505    3.615377    2.495438    2.495438 ^ clk (in)
                                                         clk (net)
                      3.615687    0.000000    2.495438 ^ _3018_/CLK (sky130_fd_sc_hd__dfxtp_2)
                                  0.250000    2.745438   clock uncertainty
                                  0.000000    2.745438   clock reconvergence pessimism
                                  0.101185    2.846622   library hold time
                                              2.846622   data required time
---------------------------------------------------------------------------------------------
                                              2.846622   data required time
                                             -2.248894   data arrival time
---------------------------------------------------------------------------------------------
                                             -0.597729   slack (VIOLATED)


Startpoint: s_wdata[7] (input port clocked by clk)
Endpoint: _3042_ (rising edge-triggered flip-flop clocked by clk)
Path Group: clk
Path Type: min

Fanout         Cap        Slew       Delay        Time   Description
---------------------------------------------------------------------------------------------
                                  0.000000    0.000000   clock clk (rise edge)
                                  0.000000    0.000000   clock network delay (propagated)
                                  2.000000    2.000000 v input external delay
     3    0.010083    0.024687    0.016367    2.016367 v s_wdata[7] (in)
                                                         s_wdata[7] (net)
                      0.024688    0.000000    2.016367 v _1828_/A0 (sky130_fd_sc_hd__mux2_1)
     1    0.001692    0.049384    0.259984    2.276350 v _1828_/X (sky130_fd_sc_hd__mux2_1)
                                                         _0349_ (net)
                      0.049384    0.000003    2.276353 v _1829_/B (sky130_fd_sc_hd__and2_2)
     1    0.001937    0.034499    0.180157    2.456510 v _1829_/X (sky130_fd_sc_hd__and2_2)
                                                         _0156_ (net)
                      0.034499    0.000003    2.456513 v _3042_/D (sky130_fd_sc_hd__dfxtp_2)
                                              2.456513   data arrival time

                                  0.000000    0.000000   clock clk (rise edge)
                                  0.000000    0.000000   clock source latency
   316    0.813505    3.615377    2.505811    2.505811 ^ clk (in)
                                                         clk (net)
                      3.615963    0.000000    2.505811 ^ _3042_/CLK (sky130_fd_sc_hd__dfxtp_2)
                                  0.250000    2.755811   clock uncertainty
                                  0.000000    2.755811   clock reconvergence pessimism
                                  0.297116    3.052927   library hold time
                                              3.052927   data required time
---------------------------------------------------------------------------------------------
                                              3.052927   data required time
                                             -2.456513   data arrival time
---------------------------------------------------------------------------------------------
                                             -0.596414   slack (VIOLATED)


Startpoint: s_wdata[15] (input port clocked by clk)
Endpoint: _3050_ (rising edge-triggered flip-flop clocked by clk)
Path Group: clk
Path Type: min

Fanout         Cap        Slew       Delay        Time   Description
---------------------------------------------------------------------------------------------
                                  0.000000    0.000000   clock clk (rise edge)
                                  0.000000    0.000000   clock network delay (propagated)
                                  2.000000    2.000000 ^ input external delay
     3    0.007547    0.040504    0.026062    2.026062 ^ s_wdata[15] (in)
                                                         s_wdata[15] (net)
                      0.040504    0.000000    2.026062 ^ _1844_/A0 (sky130_fd_sc_hd__mux2_1)
     1    0.001843    0.035571    0.105195    2.131257 ^ _1844_/X (sky130_fd_sc_hd__mux2_1)
                                                         _0357_ (net)
                      0.035571    0.000002    2.131259 ^ _1845_/B (sky130_fd_sc_hd__and2_2)
     1    0.001835    0.033081    0.119772    2.251031 ^ _1845_/X (sky130_fd_sc_hd__and2_2)
                                                         _0164_ (net)
                      0.033081    0.000001    2.251032 ^ _3050_/D (sky130_fd_sc_hd__dfxtp_2)
                                              2.251032   data arrival time

                                  0.000000    0.000000   clock clk (rise edge)
                                  0.000000    0.000000   clock source latency
   316    0.813505    3.615377    2.495170    2.495170 ^ clk (in)
                                                         clk (net)
                      3.615681    0.000000    2.495170 ^ _3050_/CLK (sky130_fd_sc_hd__dfxtp_2)
                                  0.250000    2.745170   clock uncertainty
                                  0.000000    2.745170   clock reconvergence pessimism
                                  0.101134    2.846304   library hold time
                                              2.846304   data required time
---------------------------------------------------------------------------------------------
                                              2.846304   data required time
                                             -2.251032   data arrival time
---------------------------------------------------------------------------------------------
                                             -0.595271   slack (VIOLATED)


Startpoint: s_wdata[2] (input port clocked by clk)
Endpoint: _3069_ (rising edge-triggered flip-flop clocked by clk)
Path Group: clk
Path Type: min

Fanout         Cap        Slew       Delay        Time   Description
---------------------------------------------------------------------------------------------
                                  0.000000    0.000000   clock clk (rise edge)
                                  0.000000    0.000000   clock network delay (propagated)
                                  2.000000    2.000000 ^ input external delay
     3    0.009249    0.048067    0.031576    2.031576 ^ s_wdata[2] (in)
                                                         s_wdata[2] (net)
                      0.048067    0.000000    2.031576 ^ _1883_/A1 (sky130_fd_sc_hd__mux2_1)
     1    0.001645    0.033929    0.109054    2.140631 ^ _1883_/X (sky130_fd_sc_hd__mux2_1)
                                                         _0377_ (net)
                      0.033929    0.000000    2.140631 ^ _1884_/B (sky130_fd_sc_hd__and2_2)
     1    0.001797    0.032905    0.119085    2.259717 ^ _1884_/X (sky130_fd_sc_hd__and2_2)
                                                         _0183_ (net)
                      0.032905    0.000000    2.259718 ^ _3069_/D (sky130_fd_sc_hd__dfxtp_2)
                                              2.259718   data arrival time

                                  0.000000    0.000000   clock clk (rise edge)
                                  0.000000    0.000000   clock source latency
   316    0.813505    3.615377    2.503575    2.503575 ^ clk (in)
                                                         clk (net)
                      3.615896    0.000000    2.503575 ^ _3069_/CLK (sky130_fd_sc_hd__dfxtp_2)
                                  0.250000    2.753575   clock uncertainty
                                  0.000000    2.753575   clock reconvergence pessimism
                                  0.101170    2.854745   library hold time
                                              2.854745   data required time
---------------------------------------------------------------------------------------------
                                              2.854745   data required time
                                             -2.259718   data arrival time
---------------------------------------------------------------------------------------------
                                             -0.595027   slack (VIOLATED)


Startpoint: s_wdata[15] (input port clocked by clk)
Endpoint: _3082_ (rising edge-triggered flip-flop clocked by clk)
Path Group: clk
Path Type: min

Fanout         Cap        Slew       Delay        Time   Description
---------------------------------------------------------------------------------------------
                                  0.000000    0.000000   clock clk (rise edge)
                                  0.000000    0.000000   clock network delay (propagated)
                                  2.000000    2.000000 ^ input external delay
     3    0.007547    0.040504    0.026067    2.026067 ^ s_wdata[15] (in)
                                                         s_wdata[15] (net)
                      0.040504    0.000000    2.026067 ^ _1909_/A1 (sky130_fd_sc_hd__mux2_1)
     1    0.001786    0.035032    0.107562    2.133629 ^ _1909_/X (sky130_fd_sc_hd__mux2_1)
                                                         _0390_ (net)
                      0.035032    0.000002    2.133631 ^ _1910_/B (sky130_fd_sc_hd__and2_2)
     1    0.001859    0.033199    0.119734    2.253366 ^ _1910_/X (sky130_fd_sc_hd__and2_2)
                                                         _0196_ (net)
                      0.033199    0.000002    2.253367 ^ _3082_/D (sky130_fd_sc_hd__dfxtp_2)
                                              2.253367   data arrival time

                                  0.000000    0.000000   clock clk (rise edge)
                                  0.000000    0.000000   clock source latency
   316    0.813505    3.615377    2.496877    2.496877 ^ clk (in)
                                                         clk (net)
                      3.615720    0.000000    2.496877 ^ _3082_/CLK (sky130_fd_sc_hd__dfxtp_2)
                                  0.250000    2.746877   clock uncertainty
                                  0.000000    2.746877   clock reconvergence pessimism
                                  0.101113    2.847991   library hold time
                                              2.847991   data required time
---------------------------------------------------------------------------------------------
                                              2.847991   data required time
                                             -2.253367   data arrival time
---------------------------------------------------------------------------------------------
                                             -0.594624   slack (VIOLATED)


Startpoint: s_wdata[8] (input port clocked by clk)
Endpoint: _3011_ (rising edge-triggered flip-flop clocked by clk)
Path Group: clk
Path Type: min

Fanout         Cap        Slew       Delay        Time   Description
---------------------------------------------------------------------------------------------
                                  0.000000    0.000000   clock clk (rise edge)
                                  0.000000    0.000000   clock network delay (propagated)
                                  2.000000    2.000000 v input external delay
     3    0.009146    0.022636    0.014836    2.014836 v s_wdata[8] (in)
                                                         s_wdata[8] (net)
                      0.022637    0.000000    2.014836 v _1765_/A0 (sky130_fd_sc_hd__mux2_1)
     1    0.001595    0.048793    0.258474    2.273310 v _1765_/X (sky130_fd_sc_hd__mux2_1)
                                                         _0317_ (net)
                      0.048793    0.000001    2.273311 v _1766_/B (sky130_fd_sc_hd__and2_2)
     1    0.001824    0.034154    0.179378    2.452688 v _1766_/X (sky130_fd_sc_hd__and2_2)
                                                         _0125_ (net)
                      0.034154    0.000001    2.452690 v _3011_/D (sky130_fd_sc_hd__dfxtp_2)
                                              2.452690   data arrival time

                                  0.000000    0.000000   clock clk (rise edge)
                                  0.000000    0.000000   clock source latency
   316    0.813505    3.615377    2.499542    2.499542 ^ clk (in)
                                                         clk (net)
                      3.615785    0.000000    2.499542 ^ _3011_/CLK (sky130_fd_sc_hd__dfxtp_2)
                                  0.250000    2.749542   clock uncertainty
                                  0.000000    2.749542   clock reconvergence pessimism
                                  0.297239    3.046782   library hold time
                                              3.046782   data required time
---------------------------------------------------------------------------------------------
                                              3.046782   data required time
                                             -2.452690   data arrival time
---------------------------------------------------------------------------------------------
                                             -0.594092   slack (VIOLATED)


Startpoint: s_wdata[8] (input port clocked by clk)
Endpoint: _3043_ (rising edge-triggered flip-flop clocked by clk)
Path Group: clk
Path Type: min

Fanout         Cap        Slew       Delay        Time   Description
---------------------------------------------------------------------------------------------
                                  0.000000    0.000000   clock clk (rise edge)
                                  0.000000    0.000000   clock network delay (propagated)
                                  2.000000    2.000000 v input external delay
     3    0.009146    0.022636    0.014837    2.014837 v s_wdata[8] (in)
                                                         s_wdata[8] (net)
                      0.022637    0.000000    2.014837 v _1830_/A0 (sky130_fd_sc_hd__mux2_1)
     1    0.001625    0.048977    0.258761    2.273597 v _1830_/X (sky130_fd_sc_hd__mux2_1)
                                                         _0350_ (net)
                      0.048977    0.000002    2.273599 v _1831_/B (sky130_fd_sc_hd__and2_2)
     1    0.001861    0.034266    0.179627    2.453226 v _1831_/X (sky130_fd_sc_hd__and2_2)
                                                         _0157_ (net)
                      0.034266    0.000001    2.453227 v _3043_/D (sky130_fd_sc_hd__dfxtp_2)
                                              2.453227   data arrival time

                                  0.000000    0.000000   clock clk (rise edge)
                                  0.000000    0.000000   clock source latency
   316    0.813505    3.615377    2.499627    2.499627 ^ clk (in)
                                                         clk (net)
                      3.615788    0.000000    2.499627 ^ _3043_/CLK (sky130_fd_sc_hd__dfxtp_2)
                                  0.250000    2.749627   clock uncertainty
                                  0.000000    2.749627   clock reconvergence pessimism
                                  0.297195    3.046823   library hold time
                                              3.046823   data required time
---------------------------------------------------------------------------------------------
                                              3.046823   data required time
                                             -2.453227   data arrival time
---------------------------------------------------------------------------------------------
                                             -0.593595   slack (VIOLATED)


Startpoint: s_wdata[0] (input port clocked by clk)
Endpoint: _3003_ (rising edge-triggered flip-flop clocked by clk)
Path Group: clk
Path Type: min

Fanout         Cap        Slew       Delay        Time   Description
---------------------------------------------------------------------------------------------
                                  0.000000    0.000000   clock clk (rise edge)
                                  0.000000    0.000000   clock network delay (propagated)
                                  2.000000    2.000000 v input external delay
     4    0.012295    0.029477    0.019908    2.019908 v s_wdata[0] (in)
                                                         s_wdata[0] (net)
                      0.029477    0.000000    2.019908 v _1749_/A0 (sky130_fd_sc_hd__mux2_1)
     1    0.001495    0.048209    0.259596    2.279505 v _1749_/X (sky130_fd_sc_hd__mux2_1)
                                                         _1436_ (net)
                      0.048209    0.000000    2.279505 v _1750_/B (sky130_fd_sc_hd__and2_2)
     1    0.001769    0.033987    0.178869    2.458374 v _1750_/X (sky130_fd_sc_hd__and2_2)
                                                         _0117_ (net)
                      0.033987    0.000000    2.458375 v _3003_/D (sky130_fd_sc_hd__dfxtp_2)
                                              2.458375   data arrival time

                                  0.000000    0.000000   clock clk (rise edge)
                                  0.000000    0.000000   clock source latency
   316    0.813505    3.615377    2.504115    2.504115 ^ clk (in)
                                                         clk (net)
                      3.615911    0.000000    2.504115 ^ _3003_/CLK (sky130_fd_sc_hd__dfxtp_2)
                                  0.250000    2.754115   clock uncertainty
                                  0.000000    2.754115   clock reconvergence pessimism
                                  0.297315    3.051431   library hold time
                                              3.051431   data required time
---------------------------------------------------------------------------------------------
                                              3.051431   data required time
                                             -2.458375   data arrival time
---------------------------------------------------------------------------------------------
                                             -0.593056   slack (VIOLATED)


Startpoint: s_wdata[7] (input port clocked by clk)
Endpoint: _3010_ (rising edge-triggered flip-flop clocked by clk)
Path Group: clk
Path Type: min

Fanout         Cap        Slew       Delay        Time   Description
---------------------------------------------------------------------------------------------
                                  0.000000    0.000000   clock clk (rise edge)
                                  0.000000    0.000000   clock network delay (propagated)
                                  2.000000    2.000000 v input external delay
     3    0.010083    0.024687    0.016364    2.016364 v s_wdata[7] (in)
                                                         s_wdata[7] (net)
                      0.024688    0.000000    2.016364 v _1763_/A0 (sky130_fd_sc_hd__mux2_1)
     1    0.001628    0.048998    0.259382    2.275747 v _1763_/X (sky130_fd_sc_hd__mux2_1)
                                                         _0316_ (net)
                      0.048998    0.000002    2.275748 v _1764_/B (sky130_fd_sc_hd__and2_2)
     1    0.001826    0.034159    0.179477    2.455225 v _1764_/X (sky130_fd_sc_hd__and2_2)
                                                         _0124_ (net)
                      0.034159    0.000001    2.455226 v _3010_/D (sky130_fd_sc_hd__dfxtp_2)
                                              2.455226   data arrival time

                                  0.000000    0.000000   clock clk (rise edge)
                                  0.000000    0.000000   clock source latency
   316    0.813505    3.615377    2.499819    2.499819 ^ clk (in)
                                                         clk (net)
                      3.615793    0.000000    2.499819 ^ _3010_/CLK (sky130_fd_sc_hd__dfxtp_2)
                                  0.250000    2.749819   clock uncertainty
                                  0.000000    2.749819   clock reconvergence pessimism
                                  0.297238    3.047056   library hold time
                                              3.047056   data required time
---------------------------------------------------------------------------------------------
                                              3.047056   data required time
                                             -2.455226   data arrival time
---------------------------------------------------------------------------------------------
                                             -0.591830   slack (VIOLATED)


Startpoint: s_wdata[0] (input port clocked by clk)
Endpoint: _3035_ (rising edge-triggered flip-flop clocked by clk)
Path Group: clk
Path Type: min

Fanout         Cap        Slew       Delay        Time   Description
---------------------------------------------------------------------------------------------
                                  0.000000    0.000000   clock clk (rise edge)
                                  0.000000    0.000000   clock network delay (propagated)
                                  2.000000    2.000000 v input external delay
     4    0.012295    0.029477    0.019968    2.019968 v s_wdata[0] (in)
                                                         s_wdata[0] (net)
                      0.029478    0.000000    2.019968 v _1814_/A0 (sky130_fd_sc_hd__mux2_1)
     1    0.001604    0.048862    0.260613    2.280581 v _1814_/X (sky130_fd_sc_hd__mux2_1)
                                                         _0342_ (net)
                      0.048862    0.000002    2.280582 v _1815_/B (sky130_fd_sc_hd__and2_2)
     1    0.001843    0.034212    0.179496    2.460078 v _1815_/X (sky130_fd_sc_hd__and2_2)
                                                         _0149_ (net)
                      0.034212    0.000002    2.460080 v _3035_/D (sky130_fd_sc_hd__dfxtp_2)
                                              2.460080   data arrival time

                                  0.000000    0.000000   clock clk (rise edge)
                                  0.000000    0.000000   clock source latency
   316    0.813505    3.615377    2.504649    2.504649 ^ clk (in)
                                                         clk (net)
                      3.615927    0.000000    2.504649 ^ _3035_/CLK (sky130_fd_sc_hd__dfxtp_2)
                                  0.250000    2.754649   clock uncertainty
                                  0.000000    2.754649   clock reconvergence pessimism
                                  0.297227    3.051876   library hold time
                                              3.051876   data required time
---------------------------------------------------------------------------------------------
                                              3.051876   data required time
                                             -2.460080   data arrival time
---------------------------------------------------------------------------------------------
                                             -0.591797   slack (VIOLATED)


Startpoint: s_wdata[13] (input port clocked by clk)
Endpoint: _3016_ (rising edge-triggered flip-flop clocked by clk)
Path Group: clk
Path Type: min

Fanout         Cap        Slew       Delay        Time   Description
---------------------------------------------------------------------------------------------
                                  0.000000    0.000000   clock clk (rise edge)
                                  0.000000    0.000000   clock network delay (propagated)
                                  2.000000    2.000000 v input external delay
     3    0.008820    0.021921    0.014291    2.014291 v s_wdata[13] (in)
                                                         s_wdata[13] (net)
                      0.021921    0.000000    2.014291 v _1775_/A0 (sky130_fd_sc_hd__mux2_1)
     1    0.001591    0.048770    0.258273    2.272564 v _1775_/X (sky130_fd_sc_hd__mux2_1)
                                                         _0322_ (net)
                      0.048770    0.000001    2.272565 v _1776_/B (sky130_fd_sc_hd__and2_2)
     1    0.001803    0.034090    0.179273    2.451838 v _1776_/X (sky130_fd_sc_hd__and2_2)
                                                         _0130_ (net)
                      0.034090    0.000000    2.451839 v _3016_/D (sky130_fd_sc_hd__dfxtp_2)
                                              2.451839   data arrival time

                                  0.000000    0.000000   clock clk (rise edge)
                                  0.000000    0.000000   clock source latency
   316    0.813505    3.615377    2.495626    2.495626 ^ clk (in)
                                                         clk (net)
                      3.615691    0.000000    2.495626 ^ _3016_/CLK (sky130_fd_sc_hd__dfxtp_2)
                                  0.250000    2.745626   clock uncertainty
                                  0.000000    2.745626   clock reconvergence pessimism
                                  0.297257    3.042883   library hold time
                                              3.042883   data required time
---------------------------------------------------------------------------------------------
                                              3.042883   data required time
                                             -2.451839   data arrival time
---------------------------------------------------------------------------------------------
                                             -0.591044   slack (VIOLATED)


Startpoint: s_wdata[31] (input port clocked by clk)
Endpoint: _3066_ (rising edge-triggered flip-flop clocked by clk)
Path Group: clk
Path Type: min

Fanout         Cap        Slew       Delay        Time   Description
---------------------------------------------------------------------------------------------
                                  0.000000    0.000000   clock clk (rise edge)
                                  0.000000    0.000000   clock network delay (propagated)
                                  2.000000    2.000000 ^ input external delay
     3    0.007953    0.042304    0.027379    2.027380 ^ s_wdata[31] (in)
                                                         s_wdata[31] (net)
                      0.042305    0.000000    2.027380 ^ _1876_/A0 (sky130_fd_sc_hd__mux2_1)
     1    0.001700    0.034456    0.104675    2.132054 ^ _1876_/X (sky130_fd_sc_hd__mux2_1)
                                                         _0373_ (net)
                      0.034456    0.000001    2.132056 ^ _1877_/B (sky130_fd_sc_hd__and2_2)
     1    0.001808    0.032956    0.119299    2.251355 ^ _1877_/X (sky130_fd_sc_hd__and2_2)
                                                         _0180_ (net)
                      0.032956    0.000001    2.251356 ^ _3066_/D (sky130_fd_sc_hd__dfxtp_2)
                                              2.251356   data arrival time

                                  0.000000    0.000000   clock clk (rise edge)
                                  0.000000    0.000000   clock source latency
   316    0.813505    3.615377    2.490838    2.490838 ^ clk (in)
                                                         clk (net)
                      3.615593    0.000000    2.490838 ^ _3066_/CLK (sky130_fd_sc_hd__dfxtp_2)
                                  0.250000    2.740838   clock uncertainty
                                  0.000000    2.740838   clock reconvergence pessimism
                                  0.101154    2.841993   library hold time
                                              2.841993   data required time
---------------------------------------------------------------------------------------------
                                              2.841993   data required time
                                             -2.251356   data arrival time
---------------------------------------------------------------------------------------------
                                             -0.590637   slack (VIOLATED)


Startpoint: s_wdata[1] (input port clocked by clk)
Endpoint: _3068_ (rising edge-triggered flip-flop clocked by clk)
Path Group: clk
Path Type: min

Fanout         Cap        Slew       Delay        Time   Description
---------------------------------------------------------------------------------------------
                                  0.000000    0.000000   clock clk (rise edge)
                                  0.000000    0.000000   clock network delay (propagated)
                                  2.000000    2.000000 ^ input external delay
     3    0.010447    0.053412    0.035483    2.035483 ^ s_wdata[1] (in)
                                                         s_wdata[1] (net)
                      0.053412    0.000000    2.035483 ^ _1881_/A1 (sky130_fd_sc_hd__mux2_1)
     1    0.001632    0.033825    0.110792    2.146276 ^ _1881_/X (sky130_fd_sc_hd__mux2_1)
                                                         _0376_ (net)
                      0.033825    0.000000    2.146276 ^ _1882_/B (sky130_fd_sc_hd__and2_2)
     1    0.001818    0.033006    0.119161    2.265437 ^ _1882_/X (sky130_fd_sc_hd__and2_2)
                                                         _0182_ (net)
                      0.033006    0.000001    2.265438 ^ _3068_/D (sky130_fd_sc_hd__dfxtp_2)
                                              2.265438   data arrival time

                                  0.000000    0.000000   clock clk (rise edge)
                                  0.000000    0.000000   clock source latency
   316    0.813505    3.615377    2.504508    2.504508 ^ clk (in)
                                                         clk (net)
                      3.615923    0.000000    2.504508 ^ _3068_/CLK (sky130_fd_sc_hd__dfxtp_2)
                                  0.250000    2.754508   clock uncertainty
                                  0.000000    2.754508   clock reconvergence pessimism
                                  0.101153    2.855661   library hold time
                                              2.855661   data required time
---------------------------------------------------------------------------------------------
                                              2.855661   data required time
                                             -2.265438   data arrival time
---------------------------------------------------------------------------------------------
                                             -0.590223   slack (VIOLATED)


Startpoint: s_wdata[8] (input port clocked by clk)
Endpoint: _3075_ (rising edge-triggered flip-flop clocked by clk)
Path Group: clk
Path Type: min

Fanout         Cap        Slew       Delay        Time   Description
---------------------------------------------------------------------------------------------
                                  0.000000    0.000000   clock clk (rise edge)
                                  0.000000    0.000000   clock network delay (propagated)
                                  2.000000    2.000000 ^ input external delay
     3    0.009517    0.049264    0.032457    2.032457 ^ s_wdata[8] (in)
                                                         s_wdata[8] (net)
                      0.049264    0.000000    2.032457 ^ _1895_/A1 (sky130_fd_sc_hd__mux2_1)
     1    0.001622    0.033747    0.109283    2.141740 ^ _1895_/X (sky130_fd_sc_hd__mux2_1)
                                                         _0383_ (net)
                      0.033747    0.000000    2.141741 ^ _1896_/B (sky130_fd_sc_hd__and2_2)
     1    0.001780    0.032820    0.118939    2.260680 ^ _1896_/X (sky130_fd_sc_hd__and2_2)
                                                         _0189_ (net)
                      0.032820    0.000000    2.260681 ^ _3075_/D (sky130_fd_sc_hd__dfxtp_2)
                                              2.260681   data arrival time

                                  0.000000    0.000000   clock clk (rise edge)
                                  0.000000    0.000000   clock source latency
   316    0.813505    3.615377    2.499429    2.499429 ^ clk (in)
                                                         clk (net)
                      3.615782    0.000000    2.499429 ^ _3075_/CLK (sky130_fd_sc_hd__dfxtp_2)
                                  0.250000    2.749429   clock uncertainty
                                  0.000000    2.749429   clock reconvergence pessimism
                                  0.101183    2.850612   library hold time
                                              2.850612   data required time
---------------------------------------------------------------------------------------------
                                              2.850612   data required time
                                             -2.260681   data arrival time
---------------------------------------------------------------------------------------------
                                             -0.589931   slack (VIOLATED)


Startpoint: s_wdata[18] (input port clocked by clk)
Endpoint: _3053_ (rising edge-triggered flip-flop clocked by clk)
Path Group: clk
Path Type: min

Fanout         Cap        Slew       Delay        Time   Description
---------------------------------------------------------------------------------------------
                                  0.000000    0.000000   clock clk (rise edge)
                                  0.000000    0.000000   clock network delay (propagated)
                                  2.000000    2.000000 v input external delay
     3    0.009129    0.022597    0.014801    2.014801 v s_wdata[18] (in)
                                                         s_wdata[18] (net)
                      0.022598    0.000000    2.014801 v _1850_/A0 (sky130_fd_sc_hd__mux2_1)
     1    0.001555    0.048554    0.258094    2.272894 v _1850_/X (sky130_fd_sc_hd__mux2_1)
                                                         _0360_ (net)
                      0.048554    0.000001    2.272896 v _1851_/B (sky130_fd_sc_hd__and2_2)
     1    0.001782    0.034026    0.179081    2.451976 v _1851_/X (sky130_fd_sc_hd__and2_2)
                                                         _0167_ (net)
                      0.034026    0.000000    2.451977 v _3053_/D (sky130_fd_sc_hd__dfxtp_2)
                                              2.451977   data arrival time

                                  0.000000    0.000000   clock clk (rise edge)
                                  0.000000    0.000000   clock source latency
   316    0.813505    3.615377    2.494195    2.494195 ^ clk (in)
                                                         clk (net)
                      3.615660    0.000000    2.494195 ^ _3053_/CLK (sky130_fd_sc_hd__dfxtp_2)
                                  0.250000    2.744195   clock uncertainty
                                  0.000000    2.744195   clock reconvergence pessimism
                                  0.297280    3.041475   library hold time
                                              3.041475   data required time
---------------------------------------------------------------------------------------------
                                              3.041475   data required time
                                             -2.451977   data arrival time
---------------------------------------------------------------------------------------------
                                             -0.589498   slack (VIOLATED)


Startpoint: s_wdata[31] (input port clocked by clk)
Endpoint: _3098_ (rising edge-triggered flip-flop clocked by clk)
Path Group: clk
Path Type: min

Fanout         Cap        Slew       Delay        Time   Description
---------------------------------------------------------------------------------------------
                                  0.000000    0.000000   clock clk (rise edge)
                                  0.000000    0.000000   clock network delay (propagated)
                                  2.000000    2.000000 ^ input external delay
     3    0.007953    0.042304    0.027369    2.027369 ^ s_wdata[31] (in)
                                                         s_wdata[31] (net)
                      0.042305    0.000000    2.027369 ^ _1941_/A1 (sky130_fd_sc_hd__mux2_1)
     1    0.001617    0.033703    0.106836    2.134205 ^ _1941_/X (sky130_fd_sc_hd__mux2_1)
                                                         _0406_ (net)
                      0.033703    0.000000    2.134205 ^ _1942_/B (sky130_fd_sc_hd__and2_2)
     1    0.001781    0.032824    0.118930    2.253135 ^ _1942_/X (sky130_fd_sc_hd__and2_2)
                                                         _0212_ (net)
                      0.032824    0.000000    2.253136 ^ _3098_/D (sky130_fd_sc_hd__dfxtp_2)
                                              2.253136   data arrival time

                                  0.000000    0.000000   clock clk (rise edge)
                                  0.000000    0.000000   clock source latency
   316    0.813505    3.615377    2.490859    2.490859 ^ clk (in)
                                                         clk (net)
                      3.615593    0.000000    2.490859 ^ _3098_/CLK (sky130_fd_sc_hd__dfxtp_2)
                                  0.250000    2.740859   clock uncertainty
                                  0.000000    2.740859   clock reconvergence pessimism
                                  0.101178    2.842037   library hold time
                                              2.842037   data required time
---------------------------------------------------------------------------------------------
                                              2.842037   data required time
                                             -2.253136   data arrival time
---------------------------------------------------------------------------------------------
                                             -0.588901   slack (VIOLATED)


Startpoint: s_wdata[13] (input port clocked by clk)
Endpoint: _3048_ (rising edge-triggered flip-flop clocked by clk)
Path Group: clk
Path Type: min

Fanout         Cap        Slew       Delay        Time   Description
---------------------------------------------------------------------------------------------
                                  0.000000    0.000000   clock clk (rise edge)
                                  0.000000    0.000000   clock network delay (propagated)
                                  2.000000    2.000000 v input external delay
     3    0.008820    0.021921    0.014298    2.014298 v s_wdata[13] (in)
                                                         s_wdata[13] (net)
                      0.021921    0.000000    2.014298 v _1840_/A0 (sky130_fd_sc_hd__mux2_1)
     1    0.001651    0.049133    0.258835    2.273133 v _1840_/X (sky130_fd_sc_hd__mux2_1)
                                                         _0355_ (net)
                      0.049133    0.000002    2.273134 v _1841_/B (sky130_fd_sc_hd__and2_2)
     1    0.001870    0.034295    0.179740    2.452874 v _1841_/X (sky130_fd_sc_hd__and2_2)
                                                         _0162_ (net)
                      0.034295    0.000002    2.452876 v _3048_/D (sky130_fd_sc_hd__dfxtp_2)
                                              2.452876   data arrival time

                                  0.000000    0.000000   clock clk (rise edge)
                                  0.000000    0.000000   clock source latency
   316    0.813505    3.615377    2.494510    2.494510 ^ clk (in)
                                                         clk (net)
                      3.615667    0.000000    2.494510 ^ _3048_/CLK (sky130_fd_sc_hd__dfxtp_2)
                                  0.250000    2.744510   clock uncertainty
                                  0.000000    2.744510   clock reconvergence pessimism
                                  0.297174    3.041684   library hold time
                                              3.041684   data required time
---------------------------------------------------------------------------------------------
                                              3.041684   data required time
                                             -2.452876   data arrival time
---------------------------------------------------------------------------------------------
                                             -0.588809   slack (VIOLATED)


Startpoint: s_wdata[18] (input port clocked by clk)
Endpoint: _3021_ (rising edge-triggered flip-flop clocked by clk)
Path Group: clk
Path Type: min

Fanout         Cap        Slew       Delay        Time   Description
---------------------------------------------------------------------------------------------
                                  0.000000    0.000000   clock clk (rise edge)
                                  0.000000    0.000000   clock network delay (propagated)
                                  2.000000    2.000000 v input external delay
     3    0.009129    0.022597    0.014805    2.014806 v s_wdata[18] (in)
                                                         s_wdata[18] (net)
                      0.022598    0.000000    2.014806 v _1785_/A0 (sky130_fd_sc_hd__mux2_1)
     1    0.001642    0.049079    0.258910    2.273715 v _1785_/X (sky130_fd_sc_hd__mux2_1)
                                                         _0327_ (net)
                      0.049079    0.000002    2.273717 v _1786_/B (sky130_fd_sc_hd__and2_2)
     1    0.001861    0.034267    0.179674    2.453391 v _1786_/X (sky130_fd_sc_hd__and2_2)
                                                         _0135_ (net)
                      0.034267    0.000001    2.453393 v _3021_/D (sky130_fd_sc_hd__dfxtp_2)
                                              2.453393   data arrival time

                                  0.000000    0.000000   clock clk (rise edge)
                                  0.000000    0.000000   clock source latency
   316    0.813505    3.615377    2.494347    2.494347 ^ clk (in)
                                                         clk (net)
                      3.615663    0.000000    2.494347 ^ _3021_/CLK (sky130_fd_sc_hd__dfxtp_2)
                                  0.250000    2.744347   clock uncertainty
                                  0.000000    2.744347   clock reconvergence pessimism
                                  0.297185    3.041532   library hold time
                                              3.041532   data required time
---------------------------------------------------------------------------------------------
                                              3.041532   data required time
                                             -2.453393   data arrival time
---------------------------------------------------------------------------------------------
                                             -0.588139   slack (VIOLATED)


Startpoint: s_wdata[13] (input port clocked by clk)
Endpoint: _3080_ (rising edge-triggered flip-flop clocked by clk)
Path Group: clk
Path Type: min

Fanout         Cap        Slew       Delay        Time   Description
---------------------------------------------------------------------------------------------
                                  0.000000    0.000000   clock clk (rise edge)
                                  0.000000    0.000000   clock network delay (propagated)
                                  2.000000    2.000000 ^ input external delay
     3    0.009191    0.047810    0.031389    2.031389 ^ s_wdata[13] (in)
                                                         s_wdata[13] (net)
                      0.047810    0.000000    2.031389 ^ _1905_/A1 (sky130_fd_sc_hd__mux2_1)
     1    0.001635    0.033846    0.108881    2.140270 ^ _1905_/X (sky130_fd_sc_hd__mux2_1)
                                                         _0388_ (net)
                      0.033846    0.000000    2.140271 ^ _1906_/B (sky130_fd_sc_hd__and2_2)
     1    0.001795    0.032893    0.119047    2.259318 ^ _1906_/X (sky130_fd_sc_hd__and2_2)
                                                         _0194_ (net)
                      0.032893    0.000000    2.259319 ^ _3080_/D (sky130_fd_sc_hd__dfxtp_2)
                                              2.259319   data arrival time

                                  0.000000    0.000000   clock clk (rise edge)
                                  0.000000    0.000000   clock source latency
   316    0.813505    3.615377    2.495620    2.495620 ^ clk (in)
                                                         clk (net)
                      3.615691    0.000000    2.495620 ^ _3080_/CLK (sky130_fd_sc_hd__dfxtp_2)
                                  0.250000    2.745620   clock uncertainty
                                  0.000000    2.745620   clock reconvergence pessimism
                                  0.101168    2.846788   library hold time
                                              2.846788   data required time
---------------------------------------------------------------------------------------------
                                              2.846788   data required time
                                             -2.259319   data arrival time
---------------------------------------------------------------------------------------------
                                             -0.587469   slack (VIOLATED)


Startpoint: s_wdata[31] (input port clocked by clk)
Endpoint: _3034_ (rising edge-triggered flip-flop clocked by clk)
Path Group: clk
Path Type: min

Fanout         Cap        Slew       Delay        Time   Description
---------------------------------------------------------------------------------------------
                                  0.000000    0.000000   clock clk (rise edge)
                                  0.000000    0.000000   clock network delay (propagated)
                                  2.000000    2.000000 ^ input external delay
     3    0.007953    0.042304    0.027384    2.027384 ^ s_wdata[31] (in)
                                                         s_wdata[31] (net)
                      0.042305    0.000000    2.027384 ^ _1811_/A0 (sky130_fd_sc_hd__mux2_1)
     1    0.001756    0.034916    0.105123    2.132507 ^ _1811_/X (sky130_fd_sc_hd__mux2_1)
                                                         _0340_ (net)
                      0.034916    0.000002    2.132509 ^ _1812_/B (sky130_fd_sc_hd__and2_2)
     1    0.001870    0.033252    0.119756    2.252264 ^ _1812_/X (sky130_fd_sc_hd__and2_2)
                                                         _0148_ (net)
                      0.033252    0.000002    2.252265 ^ _3034_/D (sky130_fd_sc_hd__dfxtp_2)
                                              2.252265   data arrival time

                                  0.000000    0.000000   clock clk (rise edge)
                                  0.000000    0.000000   clock source latency
   316    0.813505    3.615377    2.488421    2.488421 ^ clk (in)
                                                         clk (net)
                      3.615550    0.000000    2.488421 ^ _3034_/CLK (sky130_fd_sc_hd__dfxtp_2)
                                  0.250000    2.738421   clock uncertainty
                                  0.000000    2.738421   clock reconvergence pessimism
                                  0.101100    2.839521   library hold time
                                              2.839521   data required time
---------------------------------------------------------------------------------------------
                                              2.839521   data required time
                                             -2.252265   data arrival time
---------------------------------------------------------------------------------------------
                                             -0.587256   slack (VIOLATED)


Startpoint: s_wdata[16] (input port clocked by clk)
Endpoint: _3019_ (rising edge-triggered flip-flop clocked by clk)
Path Group: clk
Path Type: min

Fanout         Cap        Slew       Delay        Time   Description
---------------------------------------------------------------------------------------------
                                  0.000000    0.000000   clock clk (rise edge)
                                  0.000000    0.000000   clock network delay (propagated)
                                  2.000000    2.000000 v input external delay
     3    0.009650    0.023741    0.015674    2.015674 v s_wdata[16] (in)
                                                         s_wdata[16] (net)
                      0.023743    0.000000    2.015674 v _1781_/A0 (sky130_fd_sc_hd__mux2_1)
     1    0.001655    0.049157    0.259345    2.275020 v _1781_/X (sky130_fd_sc_hd__mux2_1)
                                                         _0325_ (net)
                      0.049157    0.000002    2.275021 v _1782_/B (sky130_fd_sc_hd__and2_2)
     1    0.001870    0.034292    0.179746    2.454767 v _1782_/X (sky130_fd_sc_hd__and2_2)
                                                         _0133_ (net)
                      0.034292    0.000002    2.454769 v _3019_/D (sky130_fd_sc_hd__dfxtp_2)
                                              2.454769   data arrival time

                                  0.000000    0.000000   clock clk (rise edge)
                                  0.000000    0.000000   clock source latency
   316    0.813505    3.615377    2.493523    2.493523 ^ clk (in)
                                                         clk (net)
                      3.615646    0.000000    2.493523 ^ _3019_/CLK (sky130_fd_sc_hd__dfxtp_2)
                                  0.250000    2.743523   clock uncertainty
                                  0.000000    2.743523   clock reconvergence pessimism
                                  0.297174    3.040697   library hold time
                                              3.040697   data required time
---------------------------------------------------------------------------------------------
                                              3.040697   data required time
                                             -2.454769   data arrival time
---------------------------------------------------------------------------------------------
                                             -0.585928   slack (VIOLATED)


Startpoint: s_wdata[14] (input port clocked by clk)
Endpoint: _3017_ (rising edge-triggered flip-flop clocked by clk)
Path Group: clk
Path Type: min

Fanout         Cap        Slew       Delay        Time   Description
---------------------------------------------------------------------------------------------
                                  0.000000    0.000000   clock clk (rise edge)
                                  0.000000    0.000000   clock network delay (propagated)
                                  2.000000    2.000000 v input external delay
     3    0.010909    0.026499    0.017725    2.017725 v s_wdata[14] (in)
                                                         s_wdata[14] (net)
                      0.026501    0.000000    2.017725 v _1777_/A0 (sky130_fd_sc_hd__mux2_1)
     1    0.001616    0.048929    0.259820    2.277545 v _1777_/X (sky130_fd_sc_hd__mux2_1)
                                                         _0323_ (net)
                      0.048929    0.000002    2.277546 v _1778_/B (sky130_fd_sc_hd__and2_2)
     1    0.001803    0.034090    0.179342    2.456888 v _1778_/X (sky130_fd_sc_hd__and2_2)
                                                         _0131_ (net)
                      0.034090    0.000000    2.456889 v _3017_/D (sky130_fd_sc_hd__dfxtp_2)
                                              2.456889   data arrival time

                                  0.000000    0.000000   clock clk (rise edge)
                                  0.000000    0.000000   clock source latency
   316    0.813505    3.615377    2.494757    2.494757 ^ clk (in)
                                                         clk (net)
                      3.615672    0.000000    2.494757 ^ _3017_/CLK (sky130_fd_sc_hd__dfxtp_2)
                                  0.250000    2.744757   clock uncertainty
                                  0.000000    2.744757   clock reconvergence pessimism
                                  0.297256    3.042013   library hold time
                                              3.042013   data required time
---------------------------------------------------------------------------------------------
                                              3.042013   data required time
                                             -2.456889   data arrival time
---------------------------------------------------------------------------------------------
                                             -0.585124   slack (VIOLATED)


Startpoint: s_wdata[14] (input port clocked by clk)
Endpoint: _3049_ (rising edge-triggered flip-flop clocked by clk)
Path Group: clk
Path Type: min

Fanout         Cap        Slew       Delay        Time   Description
---------------------------------------------------------------------------------------------
                                  0.000000    0.000000   clock clk (rise edge)
                                  0.000000    0.000000   clock network delay (propagated)
                                  2.000000    2.000000 v input external delay
     3    0.010909    0.026499    0.017729    2.017729 v s_wdata[14] (in)
                                                         s_wdata[14] (net)
                      0.026501    0.000000    2.017729 v _1842_/A0 (sky130_fd_sc_hd__mux2_1)
     1    0.001648    0.049118    0.260116    2.277844 v _1842_/X (sky130_fd_sc_hd__mux2_1)
                                                         _0356_ (net)
                      0.049118    0.000002    2.277846 v _1843_/B (sky130_fd_sc_hd__and2_2)
     1    0.001845    0.034217    0.179616    2.457461 v _1843_/X (sky130_fd_sc_hd__and2_2)
                                                         _0163_ (net)
                      0.034217    0.000001    2.457463 v _3049_/D (sky130_fd_sc_hd__dfxtp_2)
                                              2.457463   data arrival time

                                  0.000000    0.000000   clock clk (rise edge)
                                  0.000000    0.000000   clock source latency
   316    0.813505    3.615377    2.494835    2.494835 ^ clk (in)
                                                         clk (net)
                      3.615673    0.000000    2.494835 ^ _3049_/CLK (sky130_fd_sc_hd__dfxtp_2)
                                  0.250000    2.744835   clock uncertainty
                                  0.000000    2.744835   clock reconvergence pessimism
                                  0.297206    3.042041   library hold time
                                              3.042041   data required time
---------------------------------------------------------------------------------------------
                                              3.042041   data required time
                                             -2.457463   data arrival time
---------------------------------------------------------------------------------------------
                                             -0.584579   slack (VIOLATED)


Startpoint: s_wdata[7] (input port clocked by clk)
Endpoint: _3074_ (rising edge-triggered flip-flop clocked by clk)
Path Group: clk
Path Type: min

Fanout         Cap        Slew       Delay        Time   Description
---------------------------------------------------------------------------------------------
                                  0.000000    0.000000   clock clk (rise edge)
                                  0.000000    0.000000   clock network delay (propagated)
                                  2.000000    2.000000 ^ input external delay
     3    0.010454    0.053441    0.035505    2.035505 ^ s_wdata[7] (in)
                                                         s_wdata[7] (net)
                      0.053441    0.000000    2.035505 ^ _1893_/A1 (sky130_fd_sc_hd__mux2_1)
     1    0.001744    0.034706    0.111694    2.147199 ^ _1893_/X (sky130_fd_sc_hd__mux2_1)
                                                         _0382_ (net)
                      0.034706    0.000002    2.147201 ^ _1894_/B (sky130_fd_sc_hd__and2_2)
     1    0.001828    0.033050    0.119476    2.266677 ^ _1894_/X (sky130_fd_sc_hd__and2_2)
                                                         _0188_ (net)
                      0.033050    0.000001    2.266678 ^ _3074_/D (sky130_fd_sc_hd__dfxtp_2)
                                              2.266678   data arrival time

                                  0.000000    0.000000   clock clk (rise edge)
                                  0.000000    0.000000   clock source latency
   316    0.813505    3.615377    2.499812    2.499812 ^ clk (in)
                                                         clk (net)
                      3.615792    0.000000    2.499812 ^ _3074_/CLK (sky130_fd_sc_hd__dfxtp_2)
                                  0.250000    2.749812   clock uncertainty
                                  0.000000    2.749812   clock reconvergence pessimism
                                  0.101142    2.850954   library hold time
                                              2.850954   data required time
---------------------------------------------------------------------------------------------
                                              2.850954   data required time
                                             -2.266678   data arrival time
---------------------------------------------------------------------------------------------
                                             -0.584275   slack (VIOLATED)


Startpoint: s_wdata[18] (input port clocked by clk)
Endpoint: _3085_ (rising edge-triggered flip-flop clocked by clk)
Path Group: clk
Path Type: min

Fanout         Cap        Slew       Delay        Time   Description
---------------------------------------------------------------------------------------------
                                  0.000000    0.000000   clock clk (rise edge)
                                  0.000000    0.000000   clock network delay (propagated)
                                  2.000000    2.000000 ^ input external delay
     3    0.009500    0.049187    0.032393    2.032393 ^ s_wdata[18] (in)
                                                         s_wdata[18] (net)
                      0.049187    0.000000    2.032393 ^ _1915_/A1 (sky130_fd_sc_hd__mux2_1)
     1    0.001650    0.033967    0.109479    2.141872 ^ _1915_/X (sky130_fd_sc_hd__mux2_1)
                                                         _0393_ (net)
                      0.033967    0.000000    2.141873 ^ _1916_/B (sky130_fd_sc_hd__and2_2)
     1    0.001800    0.032916    0.119109    2.260981 ^ _1916_/X (sky130_fd_sc_hd__and2_2)
                                                         _0199_ (net)
                      0.032916    0.000000    2.260982 ^ _3085_/D (sky130_fd_sc_hd__dfxtp_2)
                                              2.260982   data arrival time

                                  0.000000    0.000000   clock clk (rise edge)
                                  0.000000    0.000000   clock source latency
   316    0.813505    3.615377    2.494029    2.494029 ^ clk (in)
                                                         clk (net)
                      3.615656    0.000000    2.494029 ^ _3085_/CLK (sky130_fd_sc_hd__dfxtp_2)
                                  0.250000    2.744029   clock uncertainty
                                  0.000000    2.744029   clock reconvergence pessimism
                                  0.101163    2.845192   library hold time
                                              2.845192   data required time
---------------------------------------------------------------------------------------------
                                              2.845192   data required time
                                             -2.260982   data arrival time
---------------------------------------------------------------------------------------------
                                             -0.584210   slack (VIOLATED)


Startpoint: s_wdata[23] (input port clocked by clk)
Endpoint: _3026_ (rising edge-triggered flip-flop clocked by clk)
Path Group: clk
Path Type: min

Fanout         Cap        Slew       Delay        Time   Description
---------------------------------------------------------------------------------------------
                                  0.000000    0.000000   clock clk (rise edge)
                                  0.000000    0.000000   clock network delay (propagated)
                                  2.000000    2.000000 v input external delay
     3    0.009494    0.023397    0.015395    2.015395 v s_wdata[23] (in)
                                                         s_wdata[23] (net)
                      0.023398    0.000000    2.015395 v _1795_/A0 (sky130_fd_sc_hd__mux2_1)
     1    0.001529    0.048397    0.258058    2.273453 v _1795_/X (sky130_fd_sc_hd__mux2_1)
                                                         _0332_ (net)
                      0.048397    0.000000    2.273454 v _1796_/B (sky130_fd_sc_hd__and2_2)
     1    0.001790    0.034051    0.179048    2.452502 v _1796_/X (sky130_fd_sc_hd__and2_2)
                                                         _0140_ (net)
                      0.034051    0.000000    2.452503 v _3026_/D (sky130_fd_sc_hd__dfxtp_2)
                                              2.452503   data arrival time

                                  0.000000    0.000000   clock clk (rise edge)
                                  0.000000    0.000000   clock source latency
   316    0.813505    3.615377    2.488452    2.488452 ^ clk (in)
                                                         clk (net)
                      3.615551    0.000000    2.488452 ^ _3026_/CLK (sky130_fd_sc_hd__dfxtp_2)
                                  0.250000    2.738452   clock uncertainty
                                  0.000000    2.738452   clock reconvergence pessimism
                                  0.297262    3.035715   library hold time
                                              3.035715   data required time
---------------------------------------------------------------------------------------------
                                              3.035715   data required time
                                             -2.452503   data arrival time
---------------------------------------------------------------------------------------------
                                             -0.583211   slack (VIOLATED)


Startpoint: s_wdata[23] (input port clocked by clk)
Endpoint: _3058_ (rising edge-triggered flip-flop clocked by clk)
Path Group: clk
Path Type: min

Fanout         Cap        Slew       Delay        Time   Description
---------------------------------------------------------------------------------------------
                                  0.000000    0.000000   clock clk (rise edge)
                                  0.000000    0.000000   clock network delay (propagated)
                                  2.000000    2.000000 v input external delay
     3    0.009494    0.023397    0.015399    2.015399 v s_wdata[23] (in)
                                                         s_wdata[23] (net)
                      0.023398    0.000000    2.015399 v _1860_/A0 (sky130_fd_sc_hd__mux2_1)
     1    0.001546    0.048500    0.258218    2.273617 v _1860_/X (sky130_fd_sc_hd__mux2_1)
                                                         _0365_ (net)
                      0.048500    0.000000    2.273618 v _1861_/B (sky130_fd_sc_hd__and2_2)
     1    0.001781    0.034021    0.179049    2.452667 v _1861_/X (sky130_fd_sc_hd__and2_2)
                                                         _0172_ (net)
                      0.034021    0.000000    2.452668 v _3058_/D (sky130_fd_sc_hd__dfxtp_2)
                                              2.452668   data arrival time

                                  0.000000    0.000000   clock clk (rise edge)
                                  0.000000    0.000000   clock source latency
   316    0.813505    3.615377    2.488455    2.488455 ^ clk (in)
                                                         clk (net)
                      3.615551    0.000000    2.488455 ^ _3058_/CLK (sky130_fd_sc_hd__dfxtp_2)
                                  0.250000    2.738455   clock uncertainty
                                  0.000000    2.738455   clock reconvergence pessimism
                                  0.297274    3.035729   library hold time
                                              3.035729   data required time
---------------------------------------------------------------------------------------------
                                              3.035729   data required time
                                             -2.452668   data arrival time
---------------------------------------------------------------------------------------------
                                             -0.583061   slack (VIOLATED)


Startpoint: s_wdata[17] (input port clocked by clk)
Endpoint: _3052_ (rising edge-triggered flip-flop clocked by clk)
Path Group: clk
Path Type: min

Fanout         Cap        Slew       Delay        Time   Description
---------------------------------------------------------------------------------------------
                                  0.000000    0.000000   clock clk (rise edge)
                                  0.000000    0.000000   clock network delay (propagated)
                                  2.000000    2.000000 ^ input external delay
     3    0.007845    0.041828    0.027043    2.027044 ^ s_wdata[17] (in)
                                                         s_wdata[17] (net)
                      0.041828    0.000000    2.027044 ^ _1848_/A0 (sky130_fd_sc_hd__mux2_1)
     1    0.001687    0.034354    0.104405    2.131449 ^ _1848_/X (sky130_fd_sc_hd__mux2_1)
                                                         _0359_ (net)
                      0.034354    0.000001    2.131450 ^ _1849_/B (sky130_fd_sc_hd__and2_2)
     1    0.001761    0.032729    0.119025    2.250475 ^ _1849_/X (sky130_fd_sc_hd__and2_2)
                                                         _0166_ (net)
                      0.032729    0.000000    2.250476 ^ _3052_/D (sky130_fd_sc_hd__dfxtp_2)
                                              2.250476   data arrival time

                                  0.000000    0.000000   clock clk (rise edge)
                                  0.000000    0.000000   clock source latency
   316    0.813505    3.615377    2.482012    2.482012 ^ clk (in)
                                                         clk (net)
                      3.615460    0.000000    2.482012 ^ _3052_/CLK (sky130_fd_sc_hd__dfxtp_2)
                                  0.250000    2.732012   clock uncertainty
                                  0.000000    2.732012   clock reconvergence pessimism
                                  0.101192    2.833204   library hold time
                                              2.833204   data required time
---------------------------------------------------------------------------------------------
                                              2.833204   data required time
                                             -2.250476   data arrival time
---------------------------------------------------------------------------------------------
                                             -0.582728   slack (VIOLATED)


Startpoint: s_wdata[27] (input port clocked by clk)
Endpoint: _3062_ (rising edge-triggered flip-flop clocked by clk)
Path Group: clk
Path Type: min

Fanout         Cap        Slew       Delay        Time   Description
---------------------------------------------------------------------------------------------
                                  0.000000    0.000000   clock clk (rise edge)
                                  0.000000    0.000000   clock network delay (propagated)
                                  2.000000    2.000000 v input external delay
     3    0.008182    0.020529    0.013263    2.013263 v s_wdata[27] (in)
                                                         s_wdata[27] (net)
                      0.020529    0.000000    2.013263 v _1868_/A0 (sky130_fd_sc_hd__mux2_1)
     1    0.001590    0.048768    0.257946    2.271208 v _1868_/X (sky130_fd_sc_hd__mux2_1)
                                                         _0369_ (net)
                      0.048768    0.000001    2.271209 v _1869_/B (sky130_fd_sc_hd__and2_2)
     1    0.001854    0.034245    0.179503    2.450712 v _1869_/X (sky130_fd_sc_hd__and2_2)
                                                         _0176_ (net)
                      0.034245    0.000001    2.450713 v _3062_/D (sky130_fd_sc_hd__dfxtp_2)
                                              2.450713   data arrival time

                                  0.000000    0.000000   clock clk (rise edge)
                                  0.000000    0.000000   clock source latency
   316    0.813505    3.615377    2.485215    2.485215 ^ clk (in)
                                                         clk (net)
                      3.615501    0.000000    2.485215 ^ _3062_/CLK (sky130_fd_sc_hd__dfxtp_2)
                                  0.250000    2.735215   clock uncertainty
                                  0.000000    2.735215   clock reconvergence pessimism
                                  0.297182    3.032396   library hold time
                                              3.032396   data required time
---------------------------------------------------------------------------------------------
                                              3.032396   data required time
                                             -2.450713   data arrival time
---------------------------------------------------------------------------------------------
                                             -0.581683   slack (VIOLATED)


Startpoint: s_wdata[16] (input port clocked by clk)
Endpoint: _3051_ (rising edge-triggered flip-flop clocked by clk)
Path Group: clk
Path Type: min

Fanout         Cap        Slew       Delay        Time   Description
---------------------------------------------------------------------------------------------
                                  0.000000    0.000000   clock clk (rise edge)
                                  0.000000    0.000000   clock network delay (propagated)
                                  2.000000    2.000000 v input external delay
     3    0.009650    0.023741    0.015646    2.015646 v s_wdata[16] (in)
                                                         s_wdata[16] (net)
                      0.023742    0.000000    2.015646 v _1846_/A0 (sky130_fd_sc_hd__mux2_1)
     1    0.001580    0.048705    0.258641    2.274287 v _1846_/X (sky130_fd_sc_hd__mux2_1)
                                                         _0358_ (net)
                      0.048705    0.000001    2.274288 v _1847_/B (sky130_fd_sc_hd__and2_2)
     1    0.001809    0.034109    0.179271    2.453559 v _1847_/X (sky130_fd_sc_hd__and2_2)
                                                         _0165_ (net)
                      0.034109    0.000000    2.453560 v _3051_/D (sky130_fd_sc_hd__dfxtp_2)
                                              2.453560   data arrival time

                                  0.000000    0.000000   clock clk (rise edge)
                                  0.000000    0.000000   clock source latency
   316    0.813505    3.615377    2.487922    2.487922 ^ clk (in)
                                                         clk (net)
                      3.615542    0.000000    2.487922 ^ _3051_/CLK (sky130_fd_sc_hd__dfxtp_2)
                                  0.250000    2.737922   clock uncertainty
                                  0.000000    2.737922   clock reconvergence pessimism
                                  0.297239    3.035161   library hold time
                                              3.035161   data required time
---------------------------------------------------------------------------------------------
                                              3.035161   data required time
                                             -2.453560   data arrival time
---------------------------------------------------------------------------------------------
                                             -0.581601   slack (VIOLATED)


Startpoint: s_wdata[27] (input port clocked by clk)
Endpoint: _3030_ (rising edge-triggered flip-flop clocked by clk)
Path Group: clk
Path Type: min

Fanout         Cap        Slew       Delay        Time   Description
---------------------------------------------------------------------------------------------
                                  0.000000    0.000000   clock clk (rise edge)
                                  0.000000    0.000000   clock network delay (propagated)
                                  2.000000    2.000000 v input external delay
     3    0.008182    0.020529    0.013257    2.013257 v s_wdata[27] (in)
                                                         s_wdata[27] (net)
                      0.020529    0.000000    2.013257 v _1803_/A0 (sky130_fd_sc_hd__mux2_1)
     1    0.001582    0.048720    0.257873    2.271130 v _1803_/X (sky130_fd_sc_hd__mux2_1)
                                                         _0336_ (net)
                      0.048720    0.000001    2.271131 v _1804_/B (sky130_fd_sc_hd__and2_2)
     1    0.001793    0.034058    0.179203    2.450334 v _1804_/X (sky130_fd_sc_hd__and2_2)
                                                         _0144_ (net)
                      0.034058    0.000000    2.450335 v _3030_/D (sky130_fd_sc_hd__dfxtp_2)
                                              2.450335   data arrival time

                                  0.000000    0.000000   clock clk (rise edge)
                                  0.000000    0.000000   clock source latency
   316    0.813505    3.615377    2.484408    2.484408 ^ clk (in)
                                                         clk (net)
                      3.615490    0.000000    2.484408 ^ _3030_/CLK (sky130_fd_sc_hd__dfxtp_2)
                                  0.250000    2.734408   clock uncertainty
                                  0.000000    2.734408   clock reconvergence pessimism
                                  0.297255    3.031663   library hold time
                                              3.031663   data required time
---------------------------------------------------------------------------------------------
                                              3.031663   data required time
                                             -2.450335   data arrival time
---------------------------------------------------------------------------------------------
                                             -0.581328   slack (VIOLATED)


Startpoint: s_wdata[21] (input port clocked by clk)
Endpoint: _3056_ (rising edge-triggered flip-flop clocked by clk)
Path Group: clk
Path Type: min

Fanout         Cap        Slew       Delay        Time   Description
---------------------------------------------------------------------------------------------
                                  0.000000    0.000000   clock clk (rise edge)
                                  0.000000    0.000000   clock network delay (propagated)
                                  2.000000    2.000000 v input external delay
     3    0.008882    0.022056    0.014396    2.014396 v s_wdata[21] (in)
                                                         s_wdata[21] (net)
                      0.022057    0.000000    2.014396 v _1856_/A0 (sky130_fd_sc_hd__mux2_1)
     1    0.001553    0.048544    0.257953    2.272350 v _1856_/X (sky130_fd_sc_hd__mux2_1)
                                                         _0363_ (net)
                      0.048544    0.000000    2.272351 v _1857_/B (sky130_fd_sc_hd__and2_2)
     1    0.001788    0.034045    0.179105    2.451455 v _1857_/X (sky130_fd_sc_hd__and2_2)
                                                         _0170_ (net)
                      0.034045    0.000000    2.451456 v _3056_/D (sky130_fd_sc_hd__dfxtp_2)
                                              2.451456   data arrival time

                                  0.000000    0.000000   clock clk (rise edge)
                                  0.000000    0.000000   clock source latency
   316    0.813505    3.615377    2.485284    2.485284 ^ clk (in)
                                                         clk (net)
                      3.615502    0.000000    2.485284 ^ _3056_/CLK (sky130_fd_sc_hd__dfxtp_2)
                                  0.250000    2.735284   clock uncertainty
                                  0.000000    2.735284   clock reconvergence pessimism
                                  0.297261    3.032545   library hold time
                                              3.032545   data required time
---------------------------------------------------------------------------------------------
                                              3.032545   data required time
                                             -2.451456   data arrival time
---------------------------------------------------------------------------------------------
                                             -0.581088   slack (VIOLATED)


Startpoint: s_wdata[0] (input port clocked by clk)
Endpoint: _3067_ (rising edge-triggered flip-flop clocked by clk)
Path Group: clk
Path Type: min

Fanout         Cap        Slew       Delay        Time   Description
---------------------------------------------------------------------------------------------
                                  0.000000    0.000000   clock clk (rise edge)
                                  0.000000    0.000000   clock network delay (propagated)
                                  2.000000    2.000000 v input external delay
     4    0.012295    0.029477    0.019876    2.019876 v s_wdata[0] (in)
                                                         s_wdata[0] (net)
                      0.029477    0.000000    2.019876 v _1879_/A1 (sky130_fd_sc_hd__mux2_1)
     1    0.001531    0.048417    0.271351    2.291228 v _1879_/X (sky130_fd_sc_hd__mux2_1)
                                                         _0375_ (net)
                      0.048417    0.000000    2.291229 v _1880_/B (sky130_fd_sc_hd__and2_2)
     1    0.001813    0.034120    0.179160    2.470389 v _1880_/X (sky130_fd_sc_hd__and2_2)
                                                         _0181_ (net)
                      0.034120    0.000001    2.470390 v _3067_/D (sky130_fd_sc_hd__dfxtp_2)
                                              2.470390   data arrival time

                                  0.000000    0.000000   clock clk (rise edge)
                                  0.000000    0.000000   clock source latency
   316    0.813505    3.615377    2.503881    2.503881 ^ clk (in)
                                                         clk (net)
                      3.615904    0.000000    2.503881 ^ _3067_/CLK (sky130_fd_sc_hd__dfxtp_2)
                                  0.250000    2.753881   clock uncertainty
                                  0.000000    2.753881   clock reconvergence pessimism
                                  0.297262    3.051143   library hold time
                                              3.051143   data required time
---------------------------------------------------------------------------------------------
                                              3.051143   data required time
                                             -2.470390   data arrival time
---------------------------------------------------------------------------------------------
                                             -0.580753   slack (VIOLATED)


Startpoint: s_wdata[21] (input port clocked by clk)
Endpoint: _3024_ (rising edge-triggered flip-flop clocked by clk)
Path Group: clk
Path Type: min

Fanout         Cap        Slew       Delay        Time   Description
---------------------------------------------------------------------------------------------
                                  0.000000    0.000000   clock clk (rise edge)
                                  0.000000    0.000000   clock network delay (propagated)
                                  2.000000    2.000000 v input external delay
     3    0.008882    0.022056    0.014401    2.014401 v s_wdata[21] (in)
                                                         s_wdata[21] (net)
                      0.022057    0.000000    2.014401 v _1791_/A0 (sky130_fd_sc_hd__mux2_1)
     1    0.001601    0.048831    0.258398    2.272799 v _1791_/X (sky130_fd_sc_hd__mux2_1)
                                                         _0330_ (net)
                      0.048831    0.000001    2.272800 v _1792_/B (sky130_fd_sc_hd__and2_2)
     1    0.001866    0.034281    0.179585    2.452386 v _1792_/X (sky130_fd_sc_hd__and2_2)
                                                         _0138_ (net)
                      0.034281    0.000001    2.452387 v _3024_/D (sky130_fd_sc_hd__dfxtp_2)
                                              2.452387   data arrival time

                                  0.000000    0.000000   clock clk (rise edge)
                                  0.000000    0.000000   clock source latency
   316    0.813505    3.615377    2.485291    2.485291 ^ clk (in)
                                                         clk (net)
                      3.615502    0.000000    2.485291 ^ _3024_/CLK (sky130_fd_sc_hd__dfxtp_2)
                                  0.250000    2.735291   clock uncertainty
                                  0.000000    2.735291   clock reconvergence pessimism
                                  0.297167    3.032458   library hold time
                                              3.032458   data required time
---------------------------------------------------------------------------------------------
                                              3.032458   data required time
                                             -2.452387   data arrival time
---------------------------------------------------------------------------------------------
                                             -0.580071   slack (VIOLATED)


Startpoint: s_wdata[24] (input port clocked by clk)
Endpoint: _3027_ (rising edge-triggered flip-flop clocked by clk)
Path Group: clk
Path Type: min

Fanout         Cap        Slew       Delay        Time   Description
---------------------------------------------------------------------------------------------
                                  0.000000    0.000000   clock clk (rise edge)
                                  0.000000    0.000000   clock network delay (propagated)
                                  2.000000    2.000000 ^ input external delay
     3    0.007890    0.042029    0.027172    2.027173 ^ s_wdata[24] (in)
                                                         s_wdata[24] (net)
                      0.042030    0.000000    2.027173 ^ _1797_/A0 (sky130_fd_sc_hd__mux2_1)
     1    0.001629    0.033923    0.104010    2.131183 ^ _1797_/X (sky130_fd_sc_hd__mux2_1)
                                                         _0333_ (net)
                      0.033923    0.000000    2.131183 ^ _1798_/B (sky130_fd_sc_hd__and2_2)
     1    0.001780    0.032820    0.118992    2.250176 ^ _1798_/X (sky130_fd_sc_hd__and2_2)
                                                         _0141_ (net)
                      0.032820    0.000000    2.250177 ^ _3027_/D (sky130_fd_sc_hd__dfxtp_2)
                                              2.250177   data arrival time

                                  0.000000    0.000000   clock clk (rise edge)
                                  0.000000    0.000000   clock source latency
   316    0.813505    3.615377    2.478249    2.478249 ^ clk (in)
                                                         clk (net)
                      3.615423    0.000000    2.478249 ^ _3027_/CLK (sky130_fd_sc_hd__dfxtp_2)
                                  0.250000    2.728249   clock uncertainty
                                  0.000000    2.728249   clock reconvergence pessimism
                                  0.101175    2.829424   library hold time
                                              2.829424   data required time
---------------------------------------------------------------------------------------------
                                              2.829424   data required time
                                             -2.250177   data arrival time
---------------------------------------------------------------------------------------------
                                             -0.579248   slack (VIOLATED)


Startpoint: s_wdata[27] (input port clocked by clk)
Endpoint: _3094_ (rising edge-triggered flip-flop clocked by clk)
Path Group: clk
Path Type: min

Fanout         Cap        Slew       Delay        Time   Description
---------------------------------------------------------------------------------------------
                                  0.000000    0.000000   clock clk (rise edge)
                                  0.000000    0.000000   clock network delay (propagated)
                                  2.000000    2.000000 ^ input external delay
     3    0.008553    0.044972    0.029322    2.029322 ^ s_wdata[27] (in)
                                                         s_wdata[27] (net)
                      0.044973    0.000000    2.029322 ^ _1933_/A1 (sky130_fd_sc_hd__mux2_1)
     1    0.001662    0.034062    0.108121    2.137443 ^ _1933_/X (sky130_fd_sc_hd__mux2_1)
                                                         _0402_ (net)
                      0.034062    0.000001    2.137444 ^ _1934_/B (sky130_fd_sc_hd__and2_2)
     1    0.001783    0.032834    0.119049    2.256493 ^ _1934_/X (sky130_fd_sc_hd__and2_2)
                                                         _0208_ (net)
                      0.032834    0.000000    2.256494 ^ _3094_/D (sky130_fd_sc_hd__dfxtp_2)
                                              2.256494   data arrival time

                                  0.000000    0.000000   clock clk (rise edge)
                                  0.000000    0.000000   clock source latency
   316    0.813505    3.615377    2.484424    2.484424 ^ clk (in)
                                                         clk (net)
                      3.615490    0.000000    2.484424 ^ _3094_/CLK (sky130_fd_sc_hd__dfxtp_2)
                                  0.250000    2.734424   clock uncertainty
                                  0.000000    2.734424   clock reconvergence pessimism
                                  0.101174    2.835598   library hold time
                                              2.835598   data required time
---------------------------------------------------------------------------------------------
                                              2.835598   data required time
                                             -2.256494   data arrival time
---------------------------------------------------------------------------------------------
                                             -0.579104   slack (VIOLATED)


Startpoint: s_wdata[28] (input port clocked by clk)
Endpoint: _3031_ (rising edge-triggered flip-flop clocked by clk)
Path Group: clk
Path Type: min

Fanout         Cap        Slew       Delay        Time   Description
---------------------------------------------------------------------------------------------
                                  0.000000    0.000000   clock clk (rise edge)
                                  0.000000    0.000000   clock network delay (propagated)
                                  2.000000    2.000000 v input external delay
     3    0.008141    0.020440    0.013182    2.013182 v s_wdata[28] (in)
                                                         s_wdata[28] (net)
                      0.020440    0.000000    2.013182 v _1805_/A0 (sky130_fd_sc_hd__mux2_1)
     1    0.001475    0.048069    0.256853    2.270035 v _1805_/X (sky130_fd_sc_hd__mux2_1)
                                                         _0337_ (net)
                      0.048069    0.000000    2.270036 v _1806_/B (sky130_fd_sc_hd__and2_2)
     1    0.001768    0.033982    0.178800    2.448836 v _1806_/X (sky130_fd_sc_hd__and2_2)
                                                         _0145_ (net)
                      0.033982    0.000000    2.448837 v _3031_/D (sky130_fd_sc_hd__dfxtp_2)
                                              2.448837   data arrival time

                                  0.000000    0.000000   clock clk (rise edge)
                                  0.000000    0.000000   clock source latency
   316    0.813505    3.615377    2.480450    2.480450 ^ clk (in)
                                                         clk (net)
                      3.615443    0.000000    2.480450 ^ _3031_/CLK (sky130_fd_sc_hd__dfxtp_2)
                                  0.250000    2.730450   clock uncertainty
                                  0.000000    2.730450   clock reconvergence pessimism
                                  0.297281    3.027732   library hold time
                                              3.027732   data required time
---------------------------------------------------------------------------------------------
                                              3.027732   data required time
                                             -2.448837   data arrival time
---------------------------------------------------------------------------------------------
                                             -0.578895   slack (VIOLATED)


Startpoint: s_wdata[4] (input port clocked by clk)
Endpoint: _3007_ (rising edge-triggered flip-flop clocked by clk)
Path Group: clk
Path Type: min

Fanout         Cap        Slew       Delay        Time   Description
---------------------------------------------------------------------------------------------
                                  0.000000    0.000000   clock clk (rise edge)
                                  0.000000    0.000000   clock network delay (propagated)
                                  2.000000    2.000000 v input external delay
     3    0.014610    0.034447    0.023786    2.023786 v s_wdata[4] (in)
                                                         s_wdata[4] (net)
                      0.034455    0.000000    2.023786 v _1757_/A0 (sky130_fd_sc_hd__mux2_1)
     1    0.001528    0.048418    0.261420    2.285206 v _1757_/X (sky130_fd_sc_hd__mux2_1)
                                                         _1440_ (net)
                      0.048418    0.000000    2.285207 v _1758_/B (sky130_fd_sc_hd__and2_2)
     1    0.001783    0.034030    0.179026    2.464233 v _1758_/X (sky130_fd_sc_hd__and2_2)
                                                         _0121_ (net)
                      0.034030    0.000000    2.464234 v _3007_/D (sky130_fd_sc_hd__dfxtp_2)
                                              2.464234   data arrival time

                                  0.000000    0.000000   clock clk (rise edge)
                                  0.000000    0.000000   clock source latency
   316    0.813505    3.615377    2.495112    2.495112 ^ clk (in)
                                                         clk (net)
                      3.615680    0.000000    2.495112 ^ _3007_/CLK (sky130_fd_sc_hd__dfxtp_2)
                                  0.250000    2.745112   clock uncertainty
                                  0.000000    2.745112   clock reconvergence pessimism
                                  0.297281    3.042393   library hold time
                                              3.042393   data required time
---------------------------------------------------------------------------------------------
                                              3.042393   data required time
                                             -2.464234   data arrival time
---------------------------------------------------------------------------------------------
                                             -0.578159   slack (VIOLATED)


Startpoint: s_wdata[4] (input port clocked by clk)
Endpoint: _3039_ (rising edge-triggered flip-flop clocked by clk)
Path Group: clk
Path Type: min

Fanout         Cap        Slew       Delay        Time   Description
---------------------------------------------------------------------------------------------
                                  0.000000    0.000000   clock clk (rise edge)
                                  0.000000    0.000000   clock network delay (propagated)
                                  2.000000    2.000000 v input external delay
     3    0.014610    0.034447    0.023788    2.023788 v s_wdata[4] (in)
                                                         s_wdata[4] (net)
                      0.034455    0.000000    2.023788 v _1822_/A0 (sky130_fd_sc_hd__mux2_1)
     1    0.001539    0.048481    0.261519    2.285306 v _1822_/X (sky130_fd_sc_hd__mux2_1)
                                                         _0346_ (net)
                      0.048481    0.000001    2.285307 v _1823_/B (sky130_fd_sc_hd__and2_2)
     1    0.001806    0.034100    0.179160    2.464467 v _1823_/X (sky130_fd_sc_hd__and2_2)
                                                         _0153_ (net)
                      0.034100    0.000001    2.464468 v _3039_/D (sky130_fd_sc_hd__dfxtp_2)
                                              2.464468   data arrival time

                                  0.000000    0.000000   clock clk (rise edge)
                                  0.000000    0.000000   clock source latency
   316    0.813505    3.615377    2.495139    2.495139 ^ clk (in)
                                                         clk (net)
                      3.615680    0.000000    2.495139 ^ _3039_/CLK (sky130_fd_sc_hd__dfxtp_2)
                                  0.250000    2.745139   clock uncertainty
                                  0.000000    2.745139   clock reconvergence pessimism
                                  0.297253    3.042391   library hold time
                                              3.042391   data required time
---------------------------------------------------------------------------------------------
                                              3.042391   data required time
                                             -2.464468   data arrival time
---------------------------------------------------------------------------------------------
                                             -0.577923   slack (VIOLATED)


Startpoint: s_wdata[24] (input port clocked by clk)
Endpoint: _3059_ (rising edge-triggered flip-flop clocked by clk)
Path Group: clk
Path Type: min

Fanout         Cap        Slew       Delay        Time   Description
---------------------------------------------------------------------------------------------
                                  0.000000    0.000000   clock clk (rise edge)
                                  0.000000    0.000000   clock network delay (propagated)
                                  2.000000    2.000000 ^ input external delay
     3    0.007890    0.042029    0.027194    2.027194 ^ s_wdata[24] (in)
                                                         s_wdata[24] (net)
                      0.042030    0.000000    2.027194 ^ _1862_/A0 (sky130_fd_sc_hd__mux2_1)
     1    0.001751    0.034850    0.104983    2.132177 ^ _1862_/X (sky130_fd_sc_hd__mux2_1)
                                                         _0366_ (net)
                      0.034850    0.000002    2.132179 ^ _1863_/B (sky130_fd_sc_hd__and2_2)
     1    0.001833    0.033077    0.119548    2.251727 ^ _1863_/X (sky130_fd_sc_hd__and2_2)
                                                         _0173_ (net)
                      0.033077    0.000002    2.251729 ^ _3059_/D (sky130_fd_sc_hd__dfxtp_2)
                                              2.251729   data arrival time

                                  0.000000    0.000000   clock clk (rise edge)
                                  0.000000    0.000000   clock source latency
   316    0.813505    3.615377    2.478299    2.478299 ^ clk (in)
                                                         clk (net)
                      3.615423    0.000000    2.478299 ^ _3059_/CLK (sky130_fd_sc_hd__dfxtp_2)
                                  0.250000    2.728299   clock uncertainty
                                  0.000000    2.728299   clock reconvergence pessimism
                                  0.101129    2.829428   library hold time
                                              2.829428   data required time
---------------------------------------------------------------------------------------------
                                              2.829428   data required time
                                             -2.251729   data arrival time
---------------------------------------------------------------------------------------------
                                             -0.577699   slack (VIOLATED)


Startpoint: s_wdata[17] (input port clocked by clk)
Endpoint: _3020_ (rising edge-triggered flip-flop clocked by clk)
Path Group: clk
Path Type: min

Fanout         Cap        Slew       Delay        Time   Description
---------------------------------------------------------------------------------------------
                                  0.000000    0.000000   clock clk (rise edge)
                                  0.000000    0.000000   clock network delay (propagated)
                                  2.000000    2.000000 ^ input external delay
     3    0.007845    0.041828    0.027027    2.027027 ^ s_wdata[17] (in)
                                                         s_wdata[17] (net)
                      0.041828    0.000000    2.027027 ^ _1783_/A0 (sky130_fd_sc_hd__mux2_1)
     1    0.001814    0.035370    0.105423    2.132450 ^ _1783_/X (sky130_fd_sc_hd__mux2_1)
                                                         _0326_ (net)
                      0.035370    0.000002    2.132452 ^ _1784_/B (sky130_fd_sc_hd__and2_2)
     1    0.001801    0.032921    0.119539    2.251991 ^ _1784_/X (sky130_fd_sc_hd__and2_2)
                                                         _0134_ (net)
                      0.032921    0.000000    2.251992 ^ _3020_/D (sky130_fd_sc_hd__dfxtp_2)
                                              2.251992   data arrival time

                                  0.000000    0.000000   clock clk (rise edge)
                                  0.000000    0.000000   clock source latency
   316    0.813505    3.615377    2.478410    2.478410 ^ clk (in)
                                                         clk (net)
                      3.615424    0.000000    2.478410 ^ _3020_/CLK (sky130_fd_sc_hd__dfxtp_2)
                                  0.250000    2.728410   clock uncertainty
                                  0.000000    2.728410   clock reconvergence pessimism
                                  0.101157    2.829566   library hold time
                                              2.829566   data required time
---------------------------------------------------------------------------------------------
                                              2.829566   data required time
                                             -2.251992   data arrival time
---------------------------------------------------------------------------------------------
                                             -0.577575   slack (VIOLATED)


Startpoint: s_wdata[20] (input port clocked by clk)
Endpoint: _3023_ (rising edge-triggered flip-flop clocked by clk)
Path Group: clk
Path Type: min

Fanout         Cap        Slew       Delay        Time   Description
---------------------------------------------------------------------------------------------
                                  0.000000    0.000000   clock clk (rise edge)
                                  0.000000    0.000000   clock network delay (propagated)
                                  2.000000    2.000000 v input external delay
     3    0.008734    0.021743    0.014181    2.014181 v s_wdata[20] (in)
                                                         s_wdata[20] (net)
                      0.021744    0.000000    2.014181 v _1789_/A0 (sky130_fd_sc_hd__mux2_1)
     1    0.001594    0.048793    0.258267    2.272448 v _1789_/X (sky130_fd_sc_hd__mux2_1)
                                                         _0329_ (net)
                      0.048793    0.000001    2.272449 v _1790_/B (sky130_fd_sc_hd__and2_2)
     1    0.001809    0.034108    0.179309    2.451758 v _1790_/X (sky130_fd_sc_hd__and2_2)
                                                         _0137_ (net)
                      0.034108    0.000000    2.451759 v _3023_/D (sky130_fd_sc_hd__dfxtp_2)
                                              2.451759   data arrival time

                                  0.000000    0.000000   clock clk (rise edge)
                                  0.000000    0.000000   clock source latency
   316    0.813505    3.615377    2.482047    2.482047 ^ clk (in)
                                                         clk (net)
                      3.615461    0.000000    2.482047 ^ _3023_/CLK (sky130_fd_sc_hd__dfxtp_2)
                                  0.250000    2.732047   clock uncertainty
                                  0.000000    2.732047   clock reconvergence pessimism
                                  0.297233    3.029280   library hold time
                                              3.029280   data required time
---------------------------------------------------------------------------------------------
                                              3.029280   data required time
                                             -2.451759   data arrival time
---------------------------------------------------------------------------------------------
                                             -0.577521   slack (VIOLATED)


Startpoint: s_wdata[20] (input port clocked by clk)
Endpoint: _3055_ (rising edge-triggered flip-flop clocked by clk)
Path Group: clk
Path Type: min

Fanout         Cap        Slew       Delay        Time   Description
---------------------------------------------------------------------------------------------
                                  0.000000    0.000000   clock clk (rise edge)
                                  0.000000    0.000000   clock network delay (propagated)
                                  2.000000    2.000000 v input external delay
     3    0.008734    0.021743    0.014185    2.014185 v s_wdata[20] (in)
                                                         s_wdata[20] (net)
                      0.021744    0.000000    2.014185 v _1854_/A0 (sky130_fd_sc_hd__mux2_1)
     1    0.001592    0.048779    0.258246    2.272431 v _1854_/X (sky130_fd_sc_hd__mux2_1)
                                                         _0362_ (net)
                      0.048779    0.000002    2.272432 v _1855_/B (sky130_fd_sc_hd__and2_2)
     1    0.001815    0.034127    0.179332    2.451764 v _1855_/X (sky130_fd_sc_hd__and2_2)
                                                         _0169_ (net)
                      0.034127    0.000001    2.451766 v _3055_/D (sky130_fd_sc_hd__dfxtp_2)
                                              2.451766   data arrival time

                                  0.000000    0.000000   clock clk (rise edge)
                                  0.000000    0.000000   clock source latency
   316    0.813505    3.615377    2.482018    2.482018 ^ clk (in)
                                                         clk (net)
                      3.615460    0.000000    2.482018 ^ _3055_/CLK (sky130_fd_sc_hd__dfxtp_2)
                                  0.250000    2.732018   clock uncertainty
                                  0.000000    2.732018   clock reconvergence pessimism
                                  0.297225    3.029244   library hold time
                                              3.029244   data required time
---------------------------------------------------------------------------------------------
                                              3.029244   data required time
                                             -2.451766   data arrival time
---------------------------------------------------------------------------------------------
                                             -0.577478   slack (VIOLATED)


Startpoint: s_wdata[28] (input port clocked by clk)
Endpoint: _3063_ (rising edge-triggered flip-flop clocked by clk)
Path Group: clk
Path Type: min

Fanout         Cap        Slew       Delay        Time   Description
---------------------------------------------------------------------------------------------
                                  0.000000    0.000000   clock clk (rise edge)
                                  0.000000    0.000000   clock network delay (propagated)
                                  2.000000    2.000000 ^ input external delay
     3    0.008512    0.044790    0.029201    2.029201 ^ s_wdata[28] (in)
                                                         s_wdata[28] (net)
                      0.044790    0.000000    2.029201 ^ _1870_/A0 (sky130_fd_sc_hd__mux2_1)
     1    0.001754    0.034873    0.105960    2.135161 ^ _1870_/X (sky130_fd_sc_hd__mux2_1)
                                                         _0370_ (net)
                      0.034873    0.000002    2.135163 ^ _1871_/B (sky130_fd_sc_hd__and2_2)
     1    0.001795    0.032893    0.119359    2.254521 ^ _1871_/X (sky130_fd_sc_hd__and2_2)
                                                         _0177_ (net)
                      0.032893    0.000000    2.254522 ^ _3063_/D (sky130_fd_sc_hd__dfxtp_2)
                                              2.254522   data arrival time

                                  0.000000    0.000000   clock clk (rise edge)
                                  0.000000    0.000000   clock source latency
   316    0.813505    3.615377    2.480435    2.480435 ^ clk (in)
                                                         clk (net)
                      3.615443    0.000000    2.480435 ^ _3063_/CLK (sky130_fd_sc_hd__dfxtp_2)
                                  0.250000    2.730435   clock uncertainty
                                  0.000000    2.730435   clock reconvergence pessimism
                                  0.101162    2.831597   library hold time
                                              2.831597   data required time
---------------------------------------------------------------------------------------------
                                              2.831597   data required time
                                             -2.254522   data arrival time
---------------------------------------------------------------------------------------------
                                             -0.577075   slack (VIOLATED)


Startpoint: s_wdata[21] (input port clocked by clk)
Endpoint: _3088_ (rising edge-triggered flip-flop clocked by clk)
Path Group: clk
Path Type: min

Fanout         Cap        Slew       Delay        Time   Description
---------------------------------------------------------------------------------------------
                                  0.000000    0.000000   clock clk (rise edge)
                                  0.000000    0.000000   clock network delay (propagated)
                                  2.000000    2.000000 ^ input external delay
     3    0.009253    0.048085    0.031592    2.031592 ^ s_wdata[21] (in)
                                                         s_wdata[21] (net)
                      0.048085    0.000000    2.031592 ^ _1921_/A1 (sky130_fd_sc_hd__mux2_1)
     1    0.001663    0.034068    0.109201    2.140793 ^ _1921_/X (sky130_fd_sc_hd__mux2_1)
                                                         _0396_ (net)
                      0.034068    0.000000    2.140794 ^ _1922_/B (sky130_fd_sc_hd__and2_2)
     1    0.001802    0.032925    0.119148    2.259942 ^ _1922_/X (sky130_fd_sc_hd__and2_2)
                                                         _0202_ (net)
                      0.032925    0.000001    2.259943 ^ _3088_/D (sky130_fd_sc_hd__dfxtp_2)
                                              2.259943   data arrival time

                                  0.000000    0.000000   clock clk (rise edge)
                                  0.000000    0.000000   clock source latency
   316    0.813505    3.615377    2.485275    2.485275 ^ clk (in)
                                                         clk (net)
                      3.615502    0.000000    2.485275 ^ _3088_/CLK (sky130_fd_sc_hd__dfxtp_2)
                                  0.250000    2.735275   clock uncertainty
                                  0.000000    2.735275   clock reconvergence pessimism
                                  0.101158    2.836433   library hold time
                                              2.836433   data required time
---------------------------------------------------------------------------------------------
                                              2.836433   data required time
                                             -2.259943   data arrival time
---------------------------------------------------------------------------------------------
                                             -0.576490   slack (VIOLATED)


Startpoint: s_wdata[24] (input port clocked by clk)
Endpoint: _3091_ (rising edge-triggered flip-flop clocked by clk)
Path Group: clk
Path Type: min

Fanout         Cap        Slew       Delay        Time   Description
---------------------------------------------------------------------------------------------
                                  0.000000    0.000000   clock clk (rise edge)
                                  0.000000    0.000000   clock network delay (propagated)
                                  2.000000    2.000000 ^ input external delay
     3    0.007890    0.042029    0.027188    2.027188 ^ s_wdata[24] (in)
                                                         s_wdata[24] (net)
                      0.042030    0.000000    2.027188 ^ _1927_/A1 (sky130_fd_sc_hd__mux2_1)
     1    0.001645    0.033923    0.106964    2.134152 ^ _1927_/X (sky130_fd_sc_hd__mux2_1)
                                                         _0399_ (net)
                      0.033923    0.000000    2.134153 ^ _1928_/B (sky130_fd_sc_hd__and2_2)
     1    0.001764    0.032746    0.118913    2.253066 ^ _1928_/X (sky130_fd_sc_hd__and2_2)
                                                         _0205_ (net)
                      0.032746    0.000000    2.253067 ^ _3091_/D (sky130_fd_sc_hd__dfxtp_2)
                                              2.253067   data arrival time

                                  0.000000    0.000000   clock clk (rise edge)
                                  0.000000    0.000000   clock source latency
   316    0.813505    3.615377    2.478290    2.478290 ^ clk (in)
                                                         clk (net)
                      3.615423    0.000000    2.478290 ^ _3091_/CLK (sky130_fd_sc_hd__dfxtp_2)
                                  0.250000    2.728290   clock uncertainty
                                  0.000000    2.728290   clock reconvergence pessimism
                                  0.101188    2.829479   library hold time
                                              2.829479   data required time
---------------------------------------------------------------------------------------------
                                              2.829479   data required time
                                             -2.253067   data arrival time
---------------------------------------------------------------------------------------------
                                             -0.576412   slack (VIOLATED)


Startpoint: s_wdata[14] (input port clocked by clk)
Endpoint: _3081_ (rising edge-triggered flip-flop clocked by clk)
Path Group: clk
Path Type: min

Fanout         Cap        Slew       Delay        Time   Description
---------------------------------------------------------------------------------------------
                                  0.000000    0.000000   clock clk (rise edge)
                                  0.000000    0.000000   clock network delay (propagated)
                                  2.000000    2.000000 ^ input external delay
     3    0.011280    0.057129    0.038193    2.038193 ^ s_wdata[14] (in)
                                                         s_wdata[14] (net)
                      0.057130    0.000000    2.038193 ^ _1907_/A1 (sky130_fd_sc_hd__mux2_1)
     1    0.001691    0.034288    0.112523    2.150716 ^ _1907_/X (sky130_fd_sc_hd__mux2_1)
                                                         _0389_ (net)
                      0.034288    0.000001    2.150717 ^ _1908_/B (sky130_fd_sc_hd__and2_2)
     1    0.001779    0.032817    0.119100    2.269818 ^ _1908_/X (sky130_fd_sc_hd__and2_2)
                                                         _0195_ (net)
                      0.032817    0.000000    2.269819 ^ _3081_/D (sky130_fd_sc_hd__dfxtp_2)
                                              2.269819   data arrival time

                                  0.000000    0.000000   clock clk (rise edge)
                                  0.000000    0.000000   clock source latency
   316    0.813505    3.615377    2.494703    2.494703 ^ clk (in)
                                                         clk (net)
                      3.615670    0.000000    2.494703 ^ _3081_/CLK (sky130_fd_sc_hd__dfxtp_2)
                                  0.250000    2.744703   clock uncertainty
                                  0.000000    2.744703   clock reconvergence pessimism
                                  0.101181    2.845884   library hold time
                                              2.845884   data required time
---------------------------------------------------------------------------------------------
                                              2.845884   data required time
                                             -2.269819   data arrival time
---------------------------------------------------------------------------------------------
                                             -0.576065   slack (VIOLATED)


Startpoint: s_wdata[16] (input port clocked by clk)
Endpoint: _3083_ (rising edge-triggered flip-flop clocked by clk)
Path Group: clk
Path Type: min

Fanout         Cap        Slew       Delay        Time   Description
---------------------------------------------------------------------------------------------
                                  0.000000    0.000000   clock clk (rise edge)
                                  0.000000    0.000000   clock network delay (propagated)
                                  2.000000    2.000000 ^ input external delay
     3    0.010021    0.051511    0.034076    2.034076 ^ s_wdata[16] (in)
                                                         s_wdata[16] (net)
                      0.051511    0.000000    2.034076 ^ _1911_/A1 (sky130_fd_sc_hd__mux2_1)
     1    0.001636    0.033852    0.110165    2.144241 ^ _1911_/X (sky130_fd_sc_hd__mux2_1)
                                                         _0391_ (net)
                      0.033852    0.000000    2.144242 ^ _1912_/B (sky130_fd_sc_hd__and2_2)
     1    0.001776    0.032802    0.118952    2.263193 ^ _1912_/X (sky130_fd_sc_hd__and2_2)
                                                         _0197_ (net)
                      0.032802    0.000000    2.263194 ^ _3083_/D (sky130_fd_sc_hd__dfxtp_2)
                                              2.263194   data arrival time

                                  0.000000    0.000000   clock clk (rise edge)
                                  0.000000    0.000000   clock source latency
   316    0.813505    3.615377    2.487761    2.487761 ^ clk (in)
                                                         clk (net)
                      3.615540    0.000000    2.487761 ^ _3083_/CLK (sky130_fd_sc_hd__dfxtp_2)
                                  0.250000    2.737761   clock uncertainty
                                  0.000000    2.737761   clock reconvergence pessimism
                                  0.101181    2.838942   library hold time
                                              2.838942   data required time
---------------------------------------------------------------------------------------------
                                              2.838942   data required time
                                             -2.263194   data arrival time
---------------------------------------------------------------------------------------------
                                             -0.575748   slack (VIOLATED)


Startpoint: s_wdata[29] (input port clocked by clk)
Endpoint: _3064_ (rising edge-triggered flip-flop clocked by clk)
Path Group: clk
Path Type: min

Fanout         Cap        Slew       Delay        Time   Description
---------------------------------------------------------------------------------------------
                                  0.000000    0.000000   clock clk (rise edge)
                                  0.000000    0.000000   clock network delay (propagated)
                                  2.000000    2.000000 v input external delay
     3    0.008731    0.021732    0.014169    2.014169 v s_wdata[29] (in)
                                                         s_wdata[29] (net)
                      0.021733    0.000000    2.014169 v _1872_/A0 (sky130_fd_sc_hd__mux2_1)
     1    0.001572    0.048660    0.258058    2.272227 v _1872_/X (sky130_fd_sc_hd__mux2_1)
                                                         _0371_ (net)
                      0.048660    0.000001    2.272228 v _1873_/B (sky130_fd_sc_hd__and2_2)
     1    0.001850    0.034233    0.179438    2.451666 v _1873_/X (sky130_fd_sc_hd__and2_2)
                                                         _0178_ (net)
                      0.034233    0.000002    2.451668 v _3064_/D (sky130_fd_sc_hd__dfxtp_2)
                                              2.451668   data arrival time

                                  0.000000    0.000000   clock clk (rise edge)
                                  0.000000    0.000000   clock source latency
   316    0.813505    3.615377    2.480016    2.480016 ^ clk (in)
                                                         clk (net)
                      3.615439    0.000000    2.480016 ^ _3064_/CLK (sky130_fd_sc_hd__dfxtp_2)
                                  0.250000    2.730016   clock uncertainty
                                  0.000000    2.730016   clock reconvergence pessimism
                                  0.297182    3.027198   library hold time
                                              3.027198   data required time
---------------------------------------------------------------------------------------------
                                              3.027198   data required time
                                             -2.451668   data arrival time
---------------------------------------------------------------------------------------------
                                             -0.575531   slack (VIOLATED)


Startpoint: s_wdata[17] (input port clocked by clk)
Endpoint: _3084_ (rising edge-triggered flip-flop clocked by clk)
Path Group: clk
Path Type: min

Fanout         Cap        Slew       Delay        Time   Description
---------------------------------------------------------------------------------------------
                                  0.000000    0.000000   clock clk (rise edge)
                                  0.000000    0.000000   clock network delay (propagated)
                                  2.000000    2.000000 ^ input external delay
     3    0.007845    0.041828    0.027034    2.027034 ^ s_wdata[17] (in)
                                                         s_wdata[17] (net)
                      0.041828    0.000000    2.027034 ^ _1913_/A1 (sky130_fd_sc_hd__mux2_1)
     1    0.001749    0.034744    0.107727    2.134761 ^ _1913_/X (sky130_fd_sc_hd__mux2_1)
                                                         _0392_ (net)
                      0.034744    0.000002    2.134763 ^ _1914_/B (sky130_fd_sc_hd__and2_2)
     1    0.001792    0.032875    0.119301    2.254064 ^ _1914_/X (sky130_fd_sc_hd__and2_2)
                                                         _0198_ (net)
                      0.032875    0.000000    2.254065 ^ _3084_/D (sky130_fd_sc_hd__dfxtp_2)
                                              2.254065   data arrival time

                                  0.000000    0.000000   clock clk (rise edge)
                                  0.000000    0.000000   clock source latency
   316    0.813505    3.615377    2.478421    2.478421 ^ clk (in)
                                                         clk (net)
                      3.615424    0.000000    2.478421 ^ _3084_/CLK (sky130_fd_sc_hd__dfxtp_2)
                                  0.250000    2.728421   clock uncertainty
                                  0.000000    2.728421   clock reconvergence pessimism
                                  0.101165    2.829587   library hold time
                                              2.829587   data required time
---------------------------------------------------------------------------------------------
                                              2.829587   data required time
                                             -2.254065   data arrival time
---------------------------------------------------------------------------------------------
                                             -0.575522   slack (VIOLATED)


Startpoint: s_wdata[22] (input port clocked by clk)
Endpoint: _3057_ (rising edge-triggered flip-flop clocked by clk)
Path Group: clk
Path Type: min

Fanout         Cap        Slew       Delay        Time   Description
---------------------------------------------------------------------------------------------
                                  0.000000    0.000000   clock clk (rise edge)
                                  0.000000    0.000000   clock network delay (propagated)
                                  2.000000    2.000000 ^ input external delay
     3    0.008442    0.044479    0.028982    2.028982 ^ s_wdata[22] (in)
                                                         s_wdata[22] (net)
                      0.044479    0.000000    2.028982 ^ _1858_/A0 (sky130_fd_sc_hd__mux2_1)
     1    0.001741    0.034772    0.105749    2.134731 ^ _1858_/X (sky130_fd_sc_hd__mux2_1)
                                                         _0364_ (net)
                      0.034772    0.000002    2.134733 ^ _1859_/B (sky130_fd_sc_hd__and2_2)
     1    0.001815    0.032989    0.119431    2.254164 ^ _1859_/X (sky130_fd_sc_hd__and2_2)
                                                         _0171_ (net)
                      0.032989    0.000001    2.254165 ^ _3057_/D (sky130_fd_sc_hd__dfxtp_2)
                                              2.254165   data arrival time

                                  0.000000    0.000000   clock clk (rise edge)
                                  0.000000    0.000000   clock source latency
   316    0.813505    3.615377    2.478434    2.478434 ^ clk (in)
                                                         clk (net)
                      3.615424    0.000000    2.478434 ^ _3057_/CLK (sky130_fd_sc_hd__dfxtp_2)
                                  0.250000    2.728434   clock uncertainty
                                  0.000000    2.728434   clock reconvergence pessimism
                                  0.101145    2.829579   library hold time
                                              2.829579   data required time
---------------------------------------------------------------------------------------------
                                              2.829579   data required time
                                             -2.254165   data arrival time
---------------------------------------------------------------------------------------------
                                             -0.575414   slack (VIOLATED)


Startpoint: s_wdata[25] (input port clocked by clk)
Endpoint: _3060_ (rising edge-triggered flip-flop clocked by clk)
Path Group: clk
Path Type: min

Fanout         Cap        Slew       Delay        Time   Description
---------------------------------------------------------------------------------------------
                                  0.000000    0.000000   clock clk (rise edge)
                                  0.000000    0.000000   clock network delay (propagated)
                                  2.000000    2.000000 v input external delay
     3    0.009572    0.023576    0.015542    2.015542 v s_wdata[25] (in)
                                                         s_wdata[25] (net)
                      0.023578    0.000000    2.015542 v _1864_/A0 (sky130_fd_sc_hd__mux2_1)
     1    0.001580    0.048703    0.258589    2.274131 v _1864_/X (sky130_fd_sc_hd__mux2_1)
                                                         _0367_ (net)
                      0.048703    0.000001    2.274133 v _1865_/B (sky130_fd_sc_hd__and2_2)
     1    0.001797    0.034072    0.179216    2.453349 v _1865_/X (sky130_fd_sc_hd__and2_2)
                                                         _0174_ (net)
                      0.034072    0.000000    2.453350 v _3060_/D (sky130_fd_sc_hd__dfxtp_2)
                                              2.453350   data arrival time

                                  0.000000    0.000000   clock clk (rise edge)
                                  0.000000    0.000000   clock source latency
   316    0.813505    3.615377    2.481479    2.481479 ^ clk (in)
                                                         clk (net)
                      3.615454    0.000000    2.481479 ^ _3060_/CLK (sky130_fd_sc_hd__dfxtp_2)
                                  0.250000    2.731479   clock uncertainty
                                  0.000000    2.731479   clock reconvergence pessimism
                                  0.297246    3.028726   library hold time
                                              3.028726   data required time
---------------------------------------------------------------------------------------------
                                              3.028726   data required time
                                             -2.453350   data arrival time
---------------------------------------------------------------------------------------------
                                             -0.575376   slack (VIOLATED)


Startpoint: s_wdata[28] (input port clocked by clk)
Endpoint: _3095_ (rising edge-triggered flip-flop clocked by clk)
Path Group: clk
Path Type: min

Fanout         Cap        Slew       Delay        Time   Description
---------------------------------------------------------------------------------------------
                                  0.000000    0.000000   clock clk (rise edge)
                                  0.000000    0.000000   clock network delay (propagated)
                                  2.000000    2.000000 ^ input external delay
     3    0.008512    0.044790    0.029208    2.029208 ^ s_wdata[28] (in)
                                                         s_wdata[28] (net)
                      0.044790    0.000000    2.029208 ^ _1935_/A1 (sky130_fd_sc_hd__mux2_1)
     1    0.001738    0.034660    0.108663    2.137871 ^ _1935_/X (sky130_fd_sc_hd__mux2_1)
                                                         _0403_ (net)
                      0.034660    0.000001    2.137873 ^ _1936_/B (sky130_fd_sc_hd__and2_2)
     1    0.001850    0.033158    0.119578    2.257451 ^ _1936_/X (sky130_fd_sc_hd__and2_2)
                                                         _0209_ (net)
                      0.033158    0.000001    2.257452 ^ _3095_/D (sky130_fd_sc_hd__dfxtp_2)
                                              2.257452   data arrival time

                                  0.000000    0.000000   clock clk (rise edge)
                                  0.000000    0.000000   clock source latency
   316    0.813505    3.615377    2.481675    2.481675 ^ clk (in)
                                                         clk (net)
                      3.615457    0.000000    2.481675 ^ _3095_/CLK (sky130_fd_sc_hd__dfxtp_2)
                                  0.250000    2.731675   clock uncertainty
                                  0.000000    2.731675   clock reconvergence pessimism
                                  0.101115    2.832790   library hold time
                                              2.832790   data required time
---------------------------------------------------------------------------------------------
                                              2.832790   data required time
                                             -2.257452   data arrival time
---------------------------------------------------------------------------------------------
                                             -0.575338   slack (VIOLATED)


Startpoint: s_wdata[26] (input port clocked by clk)
Endpoint: _3029_ (rising edge-triggered flip-flop clocked by clk)
Path Group: clk
Path Type: min

Fanout         Cap        Slew       Delay        Time   Description
---------------------------------------------------------------------------------------------
                                  0.000000    0.000000   clock clk (rise edge)
                                  0.000000    0.000000   clock network delay (propagated)
                                  2.000000    2.000000 ^ input external delay
     3    0.008338    0.044019    0.028635    2.028635 ^ s_wdata[26] (in)
                                                         s_wdata[26] (net)
                      0.044019    0.000000    2.028635 ^ _1801_/A0 (sky130_fd_sc_hd__mux2_1)
     1    0.001671    0.034247    0.105029    2.133664 ^ _1801_/X (sky130_fd_sc_hd__mux2_1)
                                                         _0335_ (net)
                      0.034247    0.000001    2.133666 ^ _1802_/B (sky130_fd_sc_hd__and2_2)
     1    0.001787    0.032855    0.119128    2.252794 ^ _1802_/X (sky130_fd_sc_hd__and2_2)
                                                         _0143_ (net)
                      0.032855    0.000000    2.252795 ^ _3029_/D (sky130_fd_sc_hd__dfxtp_2)
                                              2.252795   data arrival time

                                  0.000000    0.000000   clock clk (rise edge)
                                  0.000000    0.000000   clock source latency
   316    0.813505    3.615377    2.476423    2.476423 ^ clk (in)
                                                         clk (net)
                      3.615408    0.000000    2.476423 ^ _3029_/CLK (sky130_fd_sc_hd__dfxtp_2)
                                  0.250000    2.726423   clock uncertainty
                                  0.000000    2.726423   clock reconvergence pessimism
                                  0.101168    2.827591   library hold time
                                              2.827591   data required time
---------------------------------------------------------------------------------------------
                                              2.827591   data required time
                                             -2.252795   data arrival time
---------------------------------------------------------------------------------------------
                                             -0.574796   slack (VIOLATED)


Startpoint: s_wdata[25] (input port clocked by clk)
Endpoint: _3028_ (rising edge-triggered flip-flop clocked by clk)
Path Group: clk
Path Type: min

Fanout         Cap        Slew       Delay        Time   Description
---------------------------------------------------------------------------------------------
                                  0.000000    0.000000   clock clk (rise edge)
                                  0.000000    0.000000   clock network delay (propagated)
                                  2.000000    2.000000 v input external delay
     3    0.009572    0.023576    0.015551    2.015551 v s_wdata[25] (in)
                                                         s_wdata[25] (net)
                      0.023579    0.000000    2.015551 v _1799_/A0 (sky130_fd_sc_hd__mux2_1)
     1    0.001600    0.048825    0.258780    2.274331 v _1799_/X (sky130_fd_sc_hd__mux2_1)
                                                         _0334_ (net)
                      0.048825    0.000002    2.274333 v _1800_/B (sky130_fd_sc_hd__and2_2)
     1    0.001835    0.034189    0.179444    2.453777 v _1800_/X (sky130_fd_sc_hd__and2_2)
                                                         _0142_ (net)
                      0.034189    0.000001    2.453778 v _3028_/D (sky130_fd_sc_hd__dfxtp_2)
                                              2.453778   data arrival time

                                  0.000000    0.000000   clock clk (rise edge)
                                  0.000000    0.000000   clock source latency
   316    0.813505    3.615377    2.481340    2.481340 ^ clk (in)
                                                         clk (net)
                      3.615453    0.000000    2.481340 ^ _3028_/CLK (sky130_fd_sc_hd__dfxtp_2)
                                  0.250000    2.731340   clock uncertainty
                                  0.000000    2.731340   clock reconvergence pessimism
                                  0.297200    3.028540   library hold time
                                              3.028540   data required time
---------------------------------------------------------------------------------------------
                                              3.028540   data required time
                                             -2.453778   data arrival time
---------------------------------------------------------------------------------------------
                                             -0.574762   slack (VIOLATED)


Startpoint: s_wdata[19] (input port clocked by clk)
Endpoint: _3022_ (rising edge-triggered flip-flop clocked by clk)
Path Group: clk
Path Type: min

Fanout         Cap        Slew       Delay        Time   Description
---------------------------------------------------------------------------------------------
                                  0.000000    0.000000   clock clk (rise edge)
                                  0.000000    0.000000   clock network delay (propagated)
                                  2.000000    2.000000 v input external delay
     3    0.010920    0.026539    0.017793    2.017793 v s_wdata[19] (in)
                                                         s_wdata[19] (net)
                      0.026544    0.000000    2.017793 v _1787_/A0 (sky130_fd_sc_hd__mux2_1)
     1    0.001558    0.048577    0.259286    2.277080 v _1787_/X (sky130_fd_sc_hd__mux2_1)
                                                         _0328_ (net)
                      0.048577    0.000001    2.277081 v _1788_/B (sky130_fd_sc_hd__and2_2)
     1    0.001807    0.034102    0.179204    2.456285 v _1788_/X (sky130_fd_sc_hd__and2_2)
                                                         _0136_ (net)
                      0.034102    0.000001    2.456286 v _3022_/D (sky130_fd_sc_hd__dfxtp_2)
                                              2.456286   data arrival time

                                  0.000000    0.000000   clock clk (rise edge)
                                  0.000000    0.000000   clock source latency
   316    0.813505    3.615377    2.483804    2.483804 ^ clk (in)
                                                         clk (net)
                      3.615482    0.000000    2.483804 ^ _3022_/CLK (sky130_fd_sc_hd__dfxtp_2)
                                  0.250000    2.733805   clock uncertainty
                                  0.000000    2.733805   clock reconvergence pessimism
                                  0.297237    3.031042   library hold time
                                              3.031042   data required time
---------------------------------------------------------------------------------------------
                                              3.031042   data required time
                                             -2.456286   data arrival time
---------------------------------------------------------------------------------------------
                                             -0.574756   slack (VIOLATED)


Startpoint: s_wdata[26] (input port clocked by clk)
Endpoint: _3061_ (rising edge-triggered flip-flop clocked by clk)
Path Group: clk
Path Type: min

Fanout         Cap        Slew       Delay        Time   Description
---------------------------------------------------------------------------------------------
                                  0.000000    0.000000   clock clk (rise edge)
                                  0.000000    0.000000   clock network delay (propagated)
                                  2.000000    2.000000 ^ input external delay
     3    0.008338    0.044019    0.028644    2.028644 ^ s_wdata[26] (in)
                                                         s_wdata[26] (net)
                      0.044019    0.000000    2.028644 ^ _1866_/A0 (sky130_fd_sc_hd__mux2_1)
     1    0.001680    0.034301    0.105108    2.133751 ^ _1866_/X (sky130_fd_sc_hd__mux2_1)
                                                         _0368_ (net)
                      0.034301    0.000001    2.133753 ^ _1867_/B (sky130_fd_sc_hd__and2_2)
     1    0.001798    0.032907    0.119200    2.252952 ^ _1867_/X (sky130_fd_sc_hd__and2_2)
                                                         _0175_ (net)
                      0.032907    0.000001    2.252954 ^ _3061_/D (sky130_fd_sc_hd__dfxtp_2)
                                              2.252954   data arrival time

                                  0.000000    0.000000   clock clk (rise edge)
                                  0.000000    0.000000   clock source latency
   316    0.813505    3.615377    2.476460    2.476460 ^ clk (in)
                                                         clk (net)
                      3.615409    0.000000    2.476460 ^ _3061_/CLK (sky130_fd_sc_hd__dfxtp_2)
                                  0.250000    2.726460   clock uncertainty
                                  0.000000    2.726460   clock reconvergence pessimism
                                  0.101159    2.827620   library hold time
                                              2.827620   data required time
---------------------------------------------------------------------------------------------
                                              2.827620   data required time
                                             -2.252954   data arrival time
---------------------------------------------------------------------------------------------
                                             -0.574666   slack (VIOLATED)


Startpoint: s_wdata[19] (input port clocked by clk)
Endpoint: _3054_ (rising edge-triggered flip-flop clocked by clk)
Path Group: clk
Path Type: min

Fanout         Cap        Slew       Delay        Time   Description
---------------------------------------------------------------------------------------------
                                  0.000000    0.000000   clock clk (rise edge)
                                  0.000000    0.000000   clock network delay (propagated)
                                  2.000000    2.000000 v input external delay
     3    0.010920    0.026539    0.017780    2.017780 v s_wdata[19] (in)
                                                         s_wdata[19] (net)
                      0.026543    0.000000    2.017780 v _1852_/A0 (sky130_fd_sc_hd__mux2_1)
     1    0.001551    0.048535    0.259220    2.276999 v _1852_/X (sky130_fd_sc_hd__mux2_1)
                                                         _0361_ (net)
                      0.048535    0.000000    2.277000 v _1853_/B (sky130_fd_sc_hd__and2_2)
     1    0.001793    0.034060    0.179123    2.456124 v _1853_/X (sky130_fd_sc_hd__and2_2)
                                                         _0168_ (net)
                      0.034060    0.000000    2.456125 v _3054_/D (sky130_fd_sc_hd__dfxtp_2)
                                              2.456125   data arrival time

                                  0.000000    0.000000   clock clk (rise edge)
                                  0.000000    0.000000   clock source latency
   316    0.813505    3.615377    2.483377    2.483377 ^ clk (in)
                                                         clk (net)
                      3.615477    0.000000    2.483377 ^ _3054_/CLK (sky130_fd_sc_hd__dfxtp_2)
                                  0.250000    2.733377   clock uncertainty
                                  0.000000    2.733377   clock reconvergence pessimism
                                  0.297253    3.030630   library hold time
                                              3.030630   data required time
---------------------------------------------------------------------------------------------
                                              3.030630   data required time
                                             -2.456125   data arrival time
---------------------------------------------------------------------------------------------
                                             -0.574505   slack (VIOLATED)


Startpoint: s_wdata[29] (input port clocked by clk)
Endpoint: _3032_ (rising edge-triggered flip-flop clocked by clk)
Path Group: clk
Path Type: min

Fanout         Cap        Slew       Delay        Time   Description
---------------------------------------------------------------------------------------------
                                  0.000000    0.000000   clock clk (rise edge)
                                  0.000000    0.000000   clock network delay (propagated)
                                  2.000000    2.000000 v input external delay
     3    0.008731    0.021732    0.014148    2.014148 v s_wdata[29] (in)
                                                         s_wdata[29] (net)
                      0.021733    0.000000    2.014148 v _1807_/A0 (sky130_fd_sc_hd__mux2_1)
     1    0.001510    0.048282    0.257474    2.271622 v _1807_/X (sky130_fd_sc_hd__mux2_1)
                                                         _0338_ (net)
                      0.048282    0.000000    2.271623 v _1808_/B (sky130_fd_sc_hd__and2_2)
     1    0.001784    0.034032    0.178969    2.450592 v _1808_/X (sky130_fd_sc_hd__and2_2)
                                                         _0146_ (net)
                      0.034032    0.000000    2.450593 v _3032_/D (sky130_fd_sc_hd__dfxtp_2)
                                              2.450593   data arrival time

                                  0.000000    0.000000   clock clk (rise edge)
                                  0.000000    0.000000   clock source latency
   316    0.813505    3.615377    2.477710    2.477710 ^ clk (in)
                                                         clk (net)
                      3.615418    0.000000    2.477710 ^ _3032_/CLK (sky130_fd_sc_hd__dfxtp_2)
                                  0.250000    2.727710   clock uncertainty
                                  0.000000    2.727710   clock reconvergence pessimism
                                  0.297260    3.024969   library hold time
                                              3.024969   data required time
---------------------------------------------------------------------------------------------
                                              3.024969   data required time
                                             -2.450593   data arrival time
---------------------------------------------------------------------------------------------
                                             -0.574377   slack (VIOLATED)


Startpoint: s_wdata[20] (input port clocked by clk)
Endpoint: _3087_ (rising edge-triggered flip-flop clocked by clk)
Path Group: clk
Path Type: min

Fanout         Cap        Slew       Delay        Time   Description
---------------------------------------------------------------------------------------------
                                  0.000000    0.000000   clock clk (rise edge)
                                  0.000000    0.000000   clock network delay (propagated)
                                  2.000000    2.000000 ^ input external delay
     3    0.009105    0.047435    0.031143    2.031143 ^ s_wdata[20] (in)
                                                         s_wdata[20] (net)
                      0.047435    0.000000    2.031143 ^ _1919_/A1 (sky130_fd_sc_hd__mux2_1)
     1    0.001660    0.034041    0.108949    2.140092 ^ _1919_/X (sky130_fd_sc_hd__mux2_1)
                                                         _0395_ (net)
                      0.034041    0.000000    2.140093 ^ _1920_/B (sky130_fd_sc_hd__and2_2)
     1    0.001753    0.032693    0.118892    2.258986 ^ _1920_/X (sky130_fd_sc_hd__and2_2)
                                                         _0201_ (net)
                      0.032693    0.000000    2.258986 ^ _3087_/D (sky130_fd_sc_hd__dfxtp_2)
                                              2.258986   data arrival time

                                  0.000000    0.000000   clock clk (rise edge)
                                  0.000000    0.000000   clock source latency
   316    0.813505    3.615377    2.482000    2.482000 ^ clk (in)
                                                         clk (net)
                      3.615460    0.000000    2.482000 ^ _3087_/CLK (sky130_fd_sc_hd__dfxtp_2)
                                  0.250000    2.732000   clock uncertainty
                                  0.000000    2.732000   clock reconvergence pessimism
                                  0.101199    2.833198   library hold time
                                              2.833198   data required time
---------------------------------------------------------------------------------------------
                                              2.833198   data required time
                                             -2.258986   data arrival time
---------------------------------------------------------------------------------------------
                                             -0.574212   slack (VIOLATED)


Startpoint: s_wdata[22] (input port clocked by clk)
Endpoint: _3025_ (rising edge-triggered flip-flop clocked by clk)
Path Group: clk
Path Type: min

Fanout         Cap        Slew       Delay        Time   Description
---------------------------------------------------------------------------------------------
                                  0.000000    0.000000   clock clk (rise edge)
                                  0.000000    0.000000   clock network delay (propagated)
                                  2.000000    2.000000 ^ input external delay
     3    0.008442    0.044479    0.028961    2.028961 ^ s_wdata[22] (in)
                                                         s_wdata[22] (net)
                      0.044479    0.000000    2.028961 ^ _1793_/A0 (sky130_fd_sc_hd__mux2_1)
     1    0.001953    0.036461    0.107457    2.136418 ^ _1793_/X (sky130_fd_sc_hd__mux2_1)
                                                         _0331_ (net)
                      0.036461    0.000003    2.136421 ^ _1794_/B (sky130_fd_sc_hd__and2_2)
     1    0.001844    0.033124    0.120088    2.256509 ^ _1794_/X (sky130_fd_sc_hd__and2_2)
                                                         _0139_ (net)
                      0.033124    0.000001    2.256510 ^ _3025_/D (sky130_fd_sc_hd__dfxtp_2)
                                              2.256510   data arrival time

                                  0.000000    0.000000   clock clk (rise edge)
                                  0.000000    0.000000   clock source latency
   316    0.813505    3.615377    2.478425    2.478425 ^ clk (in)
                                                         clk (net)
                      3.615424    0.000000    2.478425 ^ _3025_/CLK (sky130_fd_sc_hd__dfxtp_2)
                                  0.250000    2.728425   clock uncertainty
                                  0.000000    2.728425   clock reconvergence pessimism
                                  0.101120    2.829545   library hold time
                                              2.829545   data required time
---------------------------------------------------------------------------------------------
                                              2.829545   data required time
                                             -2.256510   data arrival time
---------------------------------------------------------------------------------------------
                                             -0.573035   slack (VIOLATED)


Startpoint: s_wdata[30] (input port clocked by clk)
Endpoint: _3033_ (rising edge-triggered flip-flop clocked by clk)
Path Group: clk
Path Type: min

Fanout         Cap        Slew       Delay        Time   Description
---------------------------------------------------------------------------------------------
                                  0.000000    0.000000   clock clk (rise edge)
                                  0.000000    0.000000   clock network delay (propagated)
                                  2.000000    2.000000 v input external delay
     3    0.008254    0.020688    0.013384    2.013384 v s_wdata[30] (in)
                                                         s_wdata[30] (net)
                      0.020688    0.000000    2.013384 v _1809_/A0 (sky130_fd_sc_hd__mux2_1)
     1    0.001438    0.047843    0.256563    2.269947 v _1809_/X (sky130_fd_sc_hd__mux2_1)
                                                         _0339_ (net)
                      0.047843    0.000000    2.269947 v _1810_/B (sky130_fd_sc_hd__and2_2)
     1    0.001712    0.033813    0.178447    2.448395 v _1810_/X (sky130_fd_sc_hd__and2_2)
                                                         _0147_ (net)
                      0.033813    0.000000    2.448395 v _3033_/D (sky130_fd_sc_hd__dfxtp_2)
                                              2.448395   data arrival time

                                  0.000000    0.000000   clock clk (rise edge)
                                  0.000000    0.000000   clock source latency
   316    0.813505    3.615377    2.473842    2.473842 ^ clk (in)
                                                         clk (net)
                      3.615393    0.000000    2.473842 ^ _3033_/CLK (sky130_fd_sc_hd__dfxtp_2)
                                  0.250000    2.723842   clock uncertainty
                                  0.000000    2.723842   clock reconvergence pessimism
                                  0.297345    3.021187   library hold time
                                              3.021187   data required time
---------------------------------------------------------------------------------------------
                                              3.021187   data required time
                                             -2.448395   data arrival time
---------------------------------------------------------------------------------------------
                                             -0.572792   slack (VIOLATED)


Startpoint: s_wdata[29] (input port clocked by clk)
Endpoint: _3096_ (rising edge-triggered flip-flop clocked by clk)
Path Group: clk
Path Type: min

Fanout         Cap        Slew       Delay        Time   Description
---------------------------------------------------------------------------------------------
                                  0.000000    0.000000   clock clk (rise edge)
                                  0.000000    0.000000   clock network delay (propagated)
                                  2.000000    2.000000 ^ input external delay
     3    0.009102    0.047418    0.031127    2.031127 ^ s_wdata[29] (in)
                                                         s_wdata[29] (net)
                      0.047419    0.000000    2.031127 ^ _1937_/A1 (sky130_fd_sc_hd__mux2_1)
     1    0.001606    0.033623    0.108520    2.139647 ^ _1937_/X (sky130_fd_sc_hd__mux2_1)
                                                         _0404_ (net)
                      0.033623    0.000000    2.139648 ^ _1938_/B (sky130_fd_sc_hd__and2_2)
     1    0.001743    0.032646    0.118716    2.258363 ^ _1938_/X (sky130_fd_sc_hd__and2_2)
                                                         _0210_ (net)
                      0.032646    0.000000    2.258364 ^ _3096_/D (sky130_fd_sc_hd__dfxtp_2)
                                              2.258364   data arrival time

                                  0.000000    0.000000   clock clk (rise edge)
                                  0.000000    0.000000   clock source latency
   316    0.813505    3.615377    2.478999    2.478999 ^ clk (in)
                                                         clk (net)
                      3.615429    0.000000    2.478999 ^ _3096_/CLK (sky130_fd_sc_hd__dfxtp_2)
                                  0.250000    2.728999   clock uncertainty
                                  0.000000    2.728999   clock reconvergence pessimism
                                  0.101206    2.830205   library hold time
                                              2.830205   data required time
---------------------------------------------------------------------------------------------
                                              2.830205   data required time
                                             -2.258364   data arrival time
---------------------------------------------------------------------------------------------
                                             -0.571841   slack (VIOLATED)


Startpoint: s_wdata[30] (input port clocked by clk)
Endpoint: _3065_ (rising edge-triggered flip-flop clocked by clk)
Path Group: clk
Path Type: min

Fanout         Cap        Slew       Delay        Time   Description
---------------------------------------------------------------------------------------------
                                  0.000000    0.000000   clock clk (rise edge)
                                  0.000000    0.000000   clock network delay (propagated)
                                  2.000000    2.000000 v input external delay
     3    0.008254    0.020688    0.013380    2.013380 v s_wdata[30] (in)
                                                         s_wdata[30] (net)
                      0.020688    0.000000    2.013380 v _1874_/A0 (sky130_fd_sc_hd__mux2_1)
     1    0.001502    0.048232    0.257161    2.270541 v _1874_/X (sky130_fd_sc_hd__mux2_1)
                                                         _0372_ (net)
                      0.048232    0.000000    2.270542 v _1875_/B (sky130_fd_sc_hd__and2_2)
     1    0.001756    0.033946    0.178819    2.449360 v _1875_/X (sky130_fd_sc_hd__and2_2)
                                                         _0179_ (net)
                      0.033946    0.000000    2.449361 v _3065_/D (sky130_fd_sc_hd__dfxtp_2)
                                              2.449361   data arrival time

                                  0.000000    0.000000   clock clk (rise edge)
                                  0.000000    0.000000   clock source latency
   316    0.813505    3.615377    2.473852    2.473852 ^ clk (in)
                                                         clk (net)
                      3.615393    0.000000    2.473852 ^ _3065_/CLK (sky130_fd_sc_hd__dfxtp_2)
                                  0.250000    2.723852   clock uncertainty
                                  0.000000    2.723852   clock reconvergence pessimism
                                  0.297292    3.021144   library hold time
                                              3.021144   data required time
---------------------------------------------------------------------------------------------
                                              3.021144   data required time
                                             -2.449361   data arrival time
---------------------------------------------------------------------------------------------
                                             -0.571783   slack (VIOLATED)


Startpoint: s_wdata[26] (input port clocked by clk)
Endpoint: _3093_ (rising edge-triggered flip-flop clocked by clk)
Path Group: clk
Path Type: min

Fanout         Cap        Slew       Delay        Time   Description
---------------------------------------------------------------------------------------------
                                  0.000000    0.000000   clock clk (rise edge)
                                  0.000000    0.000000   clock network delay (propagated)
                                  2.000000    2.000000 ^ input external delay
     3    0.008338    0.044019    0.028648    2.028648 ^ s_wdata[26] (in)
                                                         s_wdata[26] (net)
                      0.044019    0.000000    2.028648 ^ _1931_/A1 (sky130_fd_sc_hd__mux2_1)
     1    0.001699    0.034351    0.108084    2.136733 ^ _1931_/X (sky130_fd_sc_hd__mux2_1)
                                                         _0401_ (net)
                      0.034351    0.000001    2.136734 ^ _1932_/B (sky130_fd_sc_hd__and2_2)
     1    0.001830    0.033062    0.119381    2.256114 ^ _1932_/X (sky130_fd_sc_hd__and2_2)
                                                         _0207_ (net)
                      0.033062    0.000002    2.256116 ^ _3093_/D (sky130_fd_sc_hd__dfxtp_2)
                                              2.256116   data arrival time

                                  0.000000    0.000000   clock clk (rise edge)
                                  0.000000    0.000000   clock source latency
   316    0.813505    3.615377    2.476543    2.476543 ^ clk (in)
                                                         clk (net)
                      3.615409    0.000000    2.476543 ^ _3093_/CLK (sky130_fd_sc_hd__dfxtp_2)
                                  0.250000    2.726543   clock uncertainty
                                  0.000000    2.726543   clock reconvergence pessimism
                                  0.101131    2.827674   library hold time
                                              2.827674   data required time
---------------------------------------------------------------------------------------------
                                              2.827674   data required time
                                             -2.256116   data arrival time
---------------------------------------------------------------------------------------------
                                             -0.571558   slack (VIOLATED)


Startpoint: s_wdata[30] (input port clocked by clk)
Endpoint: _3097_ (rising edge-triggered flip-flop clocked by clk)
Path Group: clk
Path Type: min

Fanout         Cap        Slew       Delay        Time   Description
---------------------------------------------------------------------------------------------
                                  0.000000    0.000000   clock clk (rise edge)
                                  0.000000    0.000000   clock network delay (propagated)
                                  2.000000    2.000000 ^ input external delay
     3    0.008625    0.045293    0.029561    2.029561 ^ s_wdata[30] (in)
                                                         s_wdata[30] (net)
                      0.045293    0.000000    2.029561 ^ _1939_/A1 (sky130_fd_sc_hd__mux2_1)
     1    0.001639    0.033877    0.108043    2.137605 ^ _1939_/X (sky130_fd_sc_hd__mux2_1)
                                                         _0405_ (net)
                      0.033877    0.000000    2.137605 ^ _1940_/B (sky130_fd_sc_hd__and2_2)
     1    0.001853    0.033173    0.119356    2.256961 ^ _1940_/X (sky130_fd_sc_hd__and2_2)
                                                         _0211_ (net)
                      0.033173    0.000002    2.256963 ^ _3097_/D (sky130_fd_sc_hd__dfxtp_2)
                                              2.256963   data arrival time

                                  0.000000    0.000000   clock clk (rise edge)
                                  0.000000    0.000000   clock source latency
   316    0.813505    3.615377    2.477067    2.477067 ^ clk (in)
                                                         clk (net)
                      3.615413    0.000000    2.477067 ^ _3097_/CLK (sky130_fd_sc_hd__dfxtp_2)
                                  0.250000    2.727067   clock uncertainty
                                  0.000000    2.727067   clock reconvergence pessimism
                                  0.101111    2.828178   library hold time
                                              2.828178   data required time
---------------------------------------------------------------------------------------------
                                              2.828178   data required time
                                             -2.256963   data arrival time
---------------------------------------------------------------------------------------------
                                             -0.571215   slack (VIOLATED)


Startpoint: s_wdata[22] (input port clocked by clk)
Endpoint: _3089_ (rising edge-triggered flip-flop clocked by clk)
Path Group: clk
Path Type: min

Fanout         Cap        Slew       Delay        Time   Description
---------------------------------------------------------------------------------------------
                                  0.000000    0.000000   clock clk (rise edge)
                                  0.000000    0.000000   clock network delay (propagated)
                                  2.000000    2.000000 ^ input external delay
     3    0.008442    0.044479    0.028969    2.028969 ^ s_wdata[22] (in)
                                                         s_wdata[22] (net)
                      0.044479    0.000000    2.028969 ^ _1923_/A1 (sky130_fd_sc_hd__mux2_1)
     1    0.001945    0.036286    0.110205    2.139174 ^ _1923_/X (sky130_fd_sc_hd__mux2_1)
                                                         _0397_ (net)
                      0.036286    0.000003    2.139177 ^ _1924_/B (sky130_fd_sc_hd__and2_2)
     1    0.001854    0.033172    0.120087    2.259264 ^ _1924_/X (sky130_fd_sc_hd__and2_2)
                                                         _0203_ (net)
                      0.033172    0.000001    2.259265 ^ _3089_/D (sky130_fd_sc_hd__dfxtp_2)
                                              2.259265   data arrival time

                                  0.000000    0.000000   clock clk (rise edge)
                                  0.000000    0.000000   clock source latency
   316    0.813505    3.615377    2.478426    2.478426 ^ clk (in)
                                                         clk (net)
                      3.615424    0.000000    2.478426 ^ _3089_/CLK (sky130_fd_sc_hd__dfxtp_2)
                                  0.250000    2.728426   clock uncertainty
                                  0.000000    2.728426   clock reconvergence pessimism
                                  0.101112    2.829538   library hold time
                                              2.829538   data required time
---------------------------------------------------------------------------------------------
                                              2.829538   data required time
                                             -2.259265   data arrival time
---------------------------------------------------------------------------------------------
                                             -0.570273   slack (VIOLATED)


Startpoint: s_wdata[25] (input port clocked by clk)
Endpoint: _3092_ (rising edge-triggered flip-flop clocked by clk)
Path Group: clk
Path Type: min

Fanout         Cap        Slew       Delay        Time   Description
---------------------------------------------------------------------------------------------
                                  0.000000    0.000000   clock clk (rise edge)
                                  0.000000    0.000000   clock network delay (propagated)
                                  2.000000    2.000000 ^ input external delay
     3    0.009943    0.051168    0.033876    2.033875 ^ s_wdata[25] (in)
                                                         s_wdata[25] (net)
                      0.051169    0.000000    2.033875 ^ _1929_/A1 (sky130_fd_sc_hd__mux2_1)
     1    0.001587    0.033469    0.109659    2.143534 ^ _1929_/X (sky130_fd_sc_hd__mux2_1)
                                                         _0400_ (net)
                      0.033469    0.000000    2.143534 ^ _1930_/B (sky130_fd_sc_hd__and2_2)
     1    0.001728    0.032573    0.118590    2.262125 ^ _1930_/X (sky130_fd_sc_hd__and2_2)
                                                         _0206_ (net)
                      0.032573    0.000000    2.262125 ^ _3092_/D (sky130_fd_sc_hd__dfxtp_2)
                                              2.262125   data arrival time

                                  0.000000    0.000000   clock clk (rise edge)
                                  0.000000    0.000000   clock source latency
   316    0.813505    3.615377    2.480933    2.480933 ^ clk (in)
                                                         clk (net)
                      3.615448    0.000000    2.480933 ^ _3092_/CLK (sky130_fd_sc_hd__dfxtp_2)
                                  0.250000    2.730933   clock uncertainty
                                  0.000000    2.730933   clock reconvergence pessimism
                                  0.101220    2.832153   library hold time
                                              2.832153   data required time
---------------------------------------------------------------------------------------------
                                              2.832153   data required time
                                             -2.262125   data arrival time
---------------------------------------------------------------------------------------------
                                             -0.570028   slack (VIOLATED)


Startpoint: s_wdata[23] (input port clocked by clk)
Endpoint: _3090_ (rising edge-triggered flip-flop clocked by clk)
Path Group: clk
Path Type: min

Fanout         Cap        Slew       Delay        Time   Description
---------------------------------------------------------------------------------------------
                                  0.000000    0.000000   clock clk (rise edge)
                                  0.000000    0.000000   clock network delay (propagated)
                                  2.000000    2.000000 ^ input external delay
     3    0.009865    0.050814    0.033596    2.033597 ^ s_wdata[23] (in)
                                                         s_wdata[23] (net)
                      0.050814    0.000000    2.033597 ^ _1925_/A1 (sky130_fd_sc_hd__mux2_1)
     1    0.001776    0.034955    0.111042    2.144638 ^ _1925_/X (sky130_fd_sc_hd__mux2_1)
                                                         _0398_ (net)
                      0.034955    0.000002    2.144640 ^ _1926_/B (sky130_fd_sc_hd__and2_2)
     1    0.001855    0.033178    0.119689    2.264329 ^ _1926_/X (sky130_fd_sc_hd__and2_2)
                                                         _0204_ (net)
                      0.033178    0.000001    2.264330 ^ _3090_/D (sky130_fd_sc_hd__dfxtp_2)
                                              2.264330   data arrival time

                                  0.000000    0.000000   clock clk (rise edge)
                                  0.000000    0.000000   clock source latency
   316    0.813505    3.615377    2.482371    2.482371 ^ clk (in)
                                                         clk (net)
                      3.615464    0.000000    2.482371 ^ _3090_/CLK (sky130_fd_sc_hd__dfxtp_2)
                                  0.250000    2.732371   clock uncertainty
                                  0.000000    2.732371   clock reconvergence pessimism
                                  0.101111    2.833482   library hold time
                                              2.833482   data required time
---------------------------------------------------------------------------------------------
                                              2.833482   data required time
                                             -2.264330   data arrival time
---------------------------------------------------------------------------------------------
                                             -0.569152   slack (VIOLATED)


Startpoint: s_wdata[4] (input port clocked by clk)
Endpoint: _3071_ (rising edge-triggered flip-flop clocked by clk)
Path Group: clk
Path Type: min

Fanout         Cap        Slew       Delay        Time   Description
---------------------------------------------------------------------------------------------
                                  0.000000    0.000000   clock clk (rise edge)
                                  0.000000    0.000000   clock network delay (propagated)
                                  2.000000    2.000000 v input external delay
     3    0.014610    0.034447    0.023771    2.023771 v s_wdata[4] (in)
                                                         s_wdata[4] (net)
                      0.034454    0.000000    2.023771 v _1887_/A1 (sky130_fd_sc_hd__mux2_1)
     1    0.001517    0.048331    0.272553    2.296324 v _1887_/X (sky130_fd_sc_hd__mux2_1)
                                                         _0379_ (net)
                      0.048331    0.000000    2.296324 v _1888_/B (sky130_fd_sc_hd__and2_2)
     1    0.001803    0.034092    0.179080    2.475405 v _1888_/X (sky130_fd_sc_hd__and2_2)
                                                         _0185_ (net)
                      0.034092    0.000000    2.475405 v _3071_/D (sky130_fd_sc_hd__dfxtp_2)
                                              2.475405   data arrival time

                                  0.000000    0.000000   clock clk (rise edge)
                                  0.000000    0.000000   clock source latency
   316    0.813505    3.615377    2.495051    2.495051 ^ clk (in)
                                                         clk (net)
                      3.615678    0.000000    2.495051 ^ _3071_/CLK (sky130_fd_sc_hd__dfxtp_2)
                                  0.250000    2.745051   clock uncertainty
                                  0.000000    2.745051   clock reconvergence pessimism
                                  0.297256    3.042307   library hold time
                                              3.042307   data required time
---------------------------------------------------------------------------------------------
                                              3.042307   data required time
                                             -2.475405   data arrival time
---------------------------------------------------------------------------------------------
                                             -0.566901   slack (VIOLATED)


Startpoint: s_wdata[19] (input port clocked by clk)
Endpoint: _3086_ (rising edge-triggered flip-flop clocked by clk)
Path Group: clk
Path Type: min

Fanout         Cap        Slew       Delay        Time   Description
---------------------------------------------------------------------------------------------
                                  0.000000    0.000000   clock clk (rise edge)
                                  0.000000    0.000000   clock network delay (propagated)
                                  2.000000    2.000000 ^ input external delay
     3    0.011291    0.057191    0.038280    2.038280 ^ s_wdata[19] (in)
                                                         s_wdata[19] (net)
                      0.057193    0.000000    2.038280 ^ _1917_/A1 (sky130_fd_sc_hd__mux2_1)
     1    0.001654    0.034000    0.112253    2.150533 ^ _1917_/X (sky130_fd_sc_hd__mux2_1)
                                                         _0394_ (net)
                      0.034000    0.000000    2.150533 ^ _1918_/B (sky130_fd_sc_hd__and2_2)
     1    0.001774    0.032792    0.118986    2.269519 ^ _1918_/X (sky130_fd_sc_hd__and2_2)
                                                         _0200_ (net)
                      0.032792    0.000000    2.269520 ^ _3086_/D (sky130_fd_sc_hd__dfxtp_2)
                                              2.269520   data arrival time

                                  0.000000    0.000000   clock clk (rise edge)
                                  0.000000    0.000000   clock source latency
   316    0.813505    3.615377    2.483375    2.483375 ^ clk (in)
                                                         clk (net)
                      3.615476    0.000000    2.483375 ^ _3086_/CLK (sky130_fd_sc_hd__dfxtp_2)
                                  0.250000    2.733375   clock uncertainty
                                  0.000000    2.733375   clock reconvergence pessimism
                                  0.101181    2.834556   library hold time
                                              2.834556   data required time
---------------------------------------------------------------------------------------------
                                              2.834556   data required time
                                             -2.269520   data arrival time
---------------------------------------------------------------------------------------------
                                             -0.565036   slack (VIOLATED)


Startpoint: s_arvalid (input port clocked by clk)
Endpoint: _2957_ (rising edge-triggered flip-flop clocked by clk)
Path Group: clk
Path Type: min

Fanout         Cap        Slew       Delay        Time   Description
---------------------------------------------------------------------------------------------
                                  0.000000    0.000000   clock clk (rise edge)
                                  0.000000    0.000000   clock network delay (propagated)
                                  2.000000    2.000000 ^ input external delay
     3    0.010676    0.054424    0.036190    2.036190 ^ s_arvalid (in)
                                                         s_arvalid (net)
                      0.054425    0.000000    2.036190 ^ _1476_/C (sky130_fd_sc_hd__nand3_2)
    11    0.043519    0.259583    0.230413    2.266603 v _1476_/Y (sky130_fd_sc_hd__nand3_2)
                                                         _1272_ (net)
                      0.259583    0.000023    2.266626 v _1598_/C1 (sky130_fd_sc_hd__o211a_2)
     1    0.001859    0.025615    0.198940    2.465566 v _1598_/X (sky130_fd_sc_hd__o211a_2)
                                                         _0071_ (net)
                      0.025615    0.000002    2.465568 v _2957_/D (sky130_fd_sc_hd__dfxtp_2)
                                              2.465568   data arrival time

                                  0.000000    0.000000   clock clk (rise edge)
                                  0.000000    0.000000   clock source latency
   316    0.813505    3.615377    2.477828    2.477828 ^ clk (in)
                                                         clk (net)
                      3.615419    0.000000    2.477828 ^ _2957_/CLK (sky130_fd_sc_hd__dfxtp_2)
                                  0.250000    2.727828   clock uncertainty
                                  0.000000    2.727828   clock reconvergence pessimism
                                  0.300599    3.028427   library hold time
                                              3.028427   data required time
---------------------------------------------------------------------------------------------
                                              3.028427   data required time
                                             -2.465568   data arrival time
---------------------------------------------------------------------------------------------
                                             -0.562860   slack (VIOLATED)


Startpoint: s_rready (input port clocked by clk)
Endpoint: _2889_ (rising edge-triggered flip-flop clocked by clk)
Path Group: clk
Path Type: min

Fanout         Cap        Slew       Delay        Time   Description
---------------------------------------------------------------------------------------------
                                  0.000000    0.000000   clock clk (rise edge)
                                  0.000000    0.000000   clock network delay (propagated)
                                  2.000000    2.000000 ^ input external delay
     3    0.010095    0.051832    0.034304    2.034304 ^ s_rready (in)
                                                         s_rready (net)
                      0.051832    0.000000    2.034304 ^ _1460_/C (sky130_fd_sc_hd__and3_2)
     1    0.001916    0.038567    0.161910    2.196214 ^ _1460_/X (sky130_fd_sc_hd__and3_2)
                                                         _1261_ (net)
                      0.038567    0.000003    2.196217 ^ _1462_/B (sky130_fd_sc_hd__or3b_2)
     1    0.001922    0.027079    0.092827    2.289044 ^ _1462_/X (sky130_fd_sc_hd__or3b_2)
                                                         _0003_ (net)
                      0.027079    0.000002    2.289046 ^ _2889_/D (sky130_fd_sc_hd__dfxtp_2)
                                              2.289046   data arrival time

                                  0.000000    0.000000   clock clk (rise edge)
                                  0.000000    0.000000   clock source latency
   316    0.813505    3.615377    2.477962    2.477962 ^ clk (in)
                                                         clk (net)
                      3.615420    0.000000    2.477962 ^ _2889_/CLK (sky130_fd_sc_hd__dfxtp_2)
                                  0.250000    2.727962   clock uncertainty
                                  0.000000    2.727962   clock reconvergence pessimism
                                  0.102208    2.830170   library hold time
                                              2.830170   data required time
---------------------------------------------------------------------------------------------
                                              2.830170   data required time
                                             -2.289046   data arrival time
---------------------------------------------------------------------------------------------
                                             -0.541124   slack (VIOLATED)


Startpoint: s_araddr[2] (input port clocked by clk)
Endpoint: _2959_ (rising edge-triggered flip-flop clocked by clk)
Path Group: clk
Path Type: min

Fanout         Cap        Slew       Delay        Time   Description
---------------------------------------------------------------------------------------------
                                  0.000000    0.000000   clock clk (rise edge)
                                  0.000000    0.000000   clock network delay (propagated)
                                  2.000000    2.000000 ^ input external delay
     4    0.008146    0.043162    0.027999    2.027999 ^ s_araddr[2] (in)
                                                         s_araddr[2] (net)
                      0.043162    0.000000    2.027999 ^ _1609_/A (sky130_fd_sc_hd__and3_2)
     1    0.006051    0.056588    0.169546    2.197546 ^ _1609_/X (sky130_fd_sc_hd__and3_2)
                                                         _1340_ (net)
                      0.056588    0.000098    2.197644 ^ _1611_/C1 (sky130_fd_sc_hd__a221o_2)
     1    0.003395    0.032307    0.100895    2.298538 ^ _1611_/X (sky130_fd_sc_hd__a221o_2)
                                                         _1342_ (net)
                      0.032307    0.000016    2.298555 ^ _1612_/B2 (sky130_fd_sc_hd__o221a_2)
     1    0.001836    0.036354    0.157103    2.455657 ^ _1612_/X (sky130_fd_sc_hd__o221a_2)
                                                         _0073_ (net)
                      0.036354    0.000002    2.455659 ^ _2959_/D (sky130_fd_sc_hd__dfxtp_2)
                                              2.455659   data arrival time

                                  0.000000    0.000000   clock clk (rise edge)
                                  0.000000    0.000000   clock source latency
   316    0.813505    3.615377    2.503463    2.503463 ^ clk (in)
                                                         clk (net)
                      3.615892    0.000000    2.503463 ^ _2959_/CLK (sky130_fd_sc_hd__dfxtp_2)
                                  0.250000    2.753463   clock uncertainty
                                  0.000000    2.753463   clock reconvergence pessimism
                                  0.100549    2.854012   library hold time
                                              2.854012   data required time
---------------------------------------------------------------------------------------------
                                              2.854012   data required time
                                             -2.455659   data arrival time
---------------------------------------------------------------------------------------------
                                             -0.398353   slack (VIOLATED)


Startpoint: s_arvalid (input port clocked by clk)
Endpoint: _2967_ (rising edge-triggered flip-flop clocked by clk)
Path Group: clk
Path Type: min

Fanout         Cap        Slew       Delay        Time   Description
---------------------------------------------------------------------------------------------
                                  0.000000    0.000000   clock clk (rise edge)
                                  0.000000    0.000000   clock network delay (propagated)
                                  2.000000    2.000000 v input external delay
     3    0.009879    0.024234    0.016003    2.016002 v s_arvalid (in)
                                                         s_arvalid (net)
                      0.024235    0.000000    2.016002 v _1476_/C (sky130_fd_sc_hd__nand3_2)
    11    0.047329    0.244146    0.199495    2.215497 ^ _1476_/Y (sky130_fd_sc_hd__nand3_2)
                                                         _1272_ (net)
                      0.244150    0.000842    2.216339 ^ _1639_/C1 (sky130_fd_sc_hd__a221o_2)
     1    0.002745    0.035487    0.152417    2.368756 ^ _1639_/X (sky130_fd_sc_hd__a221o_2)
                                                         _1362_ (net)
                      0.035487    0.000003    2.368759 ^ _1642_/A1 (sky130_fd_sc_hd__o211a_2)
     1    0.001804    0.036309    0.157206    2.525965 ^ _1642_/X (sky130_fd_sc_hd__o211a_2)
                                                         _0081_ (net)
                      0.036309    0.000001    2.525966 ^ _2967_/D (sky130_fd_sc_hd__dfxtp_2)
                                              2.525966   data arrival time

                                  0.000000    0.000000   clock clk (rise edge)
                                  0.000000    0.000000   clock source latency
   316    0.813505    3.615377    2.499289    2.499289 ^ clk (in)
                                                         clk (net)
                      3.615779    0.000000    2.499289 ^ _2967_/CLK (sky130_fd_sc_hd__dfxtp_2)
                                  0.250000    2.749289   clock uncertainty
                                  0.000000    2.749289   clock reconvergence pessimism
                                  0.100555    2.849844   library hold time
                                              2.849844   data required time
---------------------------------------------------------------------------------------------
                                              2.849844   data required time
                                             -2.525966   data arrival time
---------------------------------------------------------------------------------------------
                                             -0.323878   slack (VIOLATED)


Startpoint: s_arvalid (input port clocked by clk)
Endpoint: _2963_ (rising edge-triggered flip-flop clocked by clk)
Path Group: clk
Path Type: min

Fanout         Cap        Slew       Delay        Time   Description
---------------------------------------------------------------------------------------------
                                  0.000000    0.000000   clock clk (rise edge)
                                  0.000000    0.000000   clock network delay (propagated)
                                  2.000000    2.000000 v input external delay
     3    0.009879    0.024234    0.016003    2.016002 v s_arvalid (in)
                                                         s_arvalid (net)
                      0.024235    0.000000    2.016002 v _1476_/C (sky130_fd_sc_hd__nand3_2)
    11    0.047329    0.244146    0.199495    2.215497 ^ _1476_/Y (sky130_fd_sc_hd__nand3_2)
                                                         _1272_ (net)
                      0.244150    0.000849    2.216346 ^ _1623_/C1 (sky130_fd_sc_hd__a221o_2)
     1    0.002971    0.036551    0.153615    2.369961 ^ _1623_/X (sky130_fd_sc_hd__a221o_2)
                                                         _1350_ (net)
                      0.036551    0.000006    2.369967 ^ _1626_/A1 (sky130_fd_sc_hd__o211a_2)
     1    0.001679    0.035610    0.156728    2.526695 ^ _1626_/X (sky130_fd_sc_hd__o211a_2)
                                                         _0077_ (net)
                      0.035610    0.000000    2.526695 ^ _2963_/D (sky130_fd_sc_hd__dfxtp_2)
                                              2.526695   data arrival time

                                  0.000000    0.000000   clock clk (rise edge)
                                  0.000000    0.000000   clock source latency
   316    0.813505    3.615377    2.495001    2.495001 ^ clk (in)
                                                         clk (net)
                      3.615677    0.000000    2.495001 ^ _2963_/CLK (sky130_fd_sc_hd__dfxtp_2)
                                  0.250000    2.745001   clock uncertainty
                                  0.000000    2.745001   clock reconvergence pessimism
                                  0.100678    2.845679   library hold time
                                              2.845679   data required time
---------------------------------------------------------------------------------------------
                                              2.845679   data required time
                                             -2.526695   data arrival time
---------------------------------------------------------------------------------------------
                                             -0.318984   slack (VIOLATED)


Startpoint: s_arvalid (input port clocked by clk)
Endpoint: _2973_ (rising edge-triggered flip-flop clocked by clk)
Path Group: clk
Path Type: min

Fanout         Cap        Slew       Delay        Time   Description
---------------------------------------------------------------------------------------------
                                  0.000000    0.000000   clock clk (rise edge)
                                  0.000000    0.000000   clock network delay (propagated)
                                  2.000000    2.000000 v input external delay
     3    0.009879    0.024234    0.016003    2.016002 v s_arvalid (in)
                                                         s_arvalid (net)
                      0.024235    0.000000    2.016002 v _1476_/C (sky130_fd_sc_hd__nand3_2)
    11    0.047329    0.244146    0.199495    2.215497 ^ _1476_/Y (sky130_fd_sc_hd__nand3_2)
                                                         _1272_ (net)
                      0.244149    0.000766    2.216263 ^ _1661_/C1 (sky130_fd_sc_hd__a221o_2)
     1    0.002557    0.034588    0.151417    2.367680 ^ _1661_/X (sky130_fd_sc_hd__a221o_2)
                                                         _1378_ (net)
                      0.034588    0.000002    2.367682 ^ _1663_/B1 (sky130_fd_sc_hd__o221a_2)
     1    0.001730    0.035783    0.161828    2.529511 ^ _1663_/X (sky130_fd_sc_hd__o221a_2)
                                                         _0087_ (net)
                      0.035783    0.000000    2.529511 ^ _2973_/D (sky130_fd_sc_hd__dfxtp_2)
                                              2.529511   data arrival time

                                  0.000000    0.000000   clock clk (rise edge)
                                  0.000000    0.000000   clock source latency
   316    0.813505    3.615377    2.494614    2.494614 ^ clk (in)
                                                         clk (net)
                      3.615669    0.000000    2.494614 ^ _2973_/CLK (sky130_fd_sc_hd__dfxtp_2)
                                  0.250000    2.744614   clock uncertainty
                                  0.000000    2.744614   clock reconvergence pessimism
                                  0.100647    2.845261   library hold time
                                              2.845261   data required time
---------------------------------------------------------------------------------------------
                                              2.845261   data required time
                                             -2.529511   data arrival time
---------------------------------------------------------------------------------------------
                                             -0.315749   slack (VIOLATED)


Startpoint: s_arvalid (input port clocked by clk)
Endpoint: _2964_ (rising edge-triggered flip-flop clocked by clk)
Path Group: clk
Path Type: min

Fanout         Cap        Slew       Delay        Time   Description
---------------------------------------------------------------------------------------------
                                  0.000000    0.000000   clock clk (rise edge)
                                  0.000000    0.000000   clock network delay (propagated)
                                  2.000000    2.000000 v input external delay
     3    0.009879    0.024234    0.016000    2.016000 v s_arvalid (in)
                                                         s_arvalid (net)
                      0.024235    0.000000    2.016000 v _1475_/C (sky130_fd_sc_hd__and3_2)
    33    0.112538    0.263385    0.412271    2.428272 v _1475_/X (sky130_fd_sc_hd__and3_2)
                                                         _1271_ (net)
                      0.263694    0.006171    2.434443 v _1630_/A2 (sky130_fd_sc_hd__o211a_2)
     1    0.002010    0.024109    0.317767    2.752210 v _1630_/X (sky130_fd_sc_hd__o211a_2)
                                                         _0078_ (net)
                      0.024109    0.000003    2.752213 v _2964_/D (sky130_fd_sc_hd__dfxtp_2)
                                              2.752213   data arrival time

                                  0.000000    0.000000   clock clk (rise edge)
                                  0.000000    0.000000   clock source latency
   316    0.813505    3.615377    2.509331    2.509331 ^ clk (in)
                                                         clk (net)
                      3.616076    0.000000    2.509331 ^ _2964_/CLK (sky130_fd_sc_hd__dfxtp_2)
                                  0.250000    2.759331   clock uncertainty
                                  0.000000    2.759331   clock reconvergence pessimism
                                  0.301247    3.060577   library hold time
                                              3.060577   data required time
---------------------------------------------------------------------------------------------
                                              3.060577   data required time
                                             -2.752213   data arrival time
---------------------------------------------------------------------------------------------
                                             -0.308364   slack (VIOLATED)


Startpoint: s_arvalid (input port clocked by clk)
Endpoint: _2965_ (rising edge-triggered flip-flop clocked by clk)
Path Group: clk
Path Type: min

Fanout         Cap        Slew       Delay        Time   Description
---------------------------------------------------------------------------------------------
                                  0.000000    0.000000   clock clk (rise edge)
                                  0.000000    0.000000   clock network delay (propagated)
                                  2.000000    2.000000 v input external delay
     3    0.009879    0.024234    0.016000    2.016000 v s_arvalid (in)
                                                         s_arvalid (net)
                      0.024235    0.000000    2.016000 v _1475_/C (sky130_fd_sc_hd__and3_2)
    33    0.112538    0.263385    0.412271    2.428272 v _1475_/X (sky130_fd_sc_hd__and3_2)
                                                         _1271_ (net)
                      0.263694    0.006173    2.434444 v _1634_/A2 (sky130_fd_sc_hd__o211a_2)
     1    0.002078    0.024329    0.318144    2.752588 v _1634_/X (sky130_fd_sc_hd__o211a_2)
                                                         _0079_ (net)
                      0.024329    0.000004    2.752592 v _2965_/D (sky130_fd_sc_hd__dfxtp_2)
                                              2.752592   data arrival time

                                  0.000000    0.000000   clock clk (rise edge)
                                  0.000000    0.000000   clock source latency
   316    0.813505    3.615377    2.509338    2.509338 ^ clk (in)
                                                         clk (net)
                      3.616076    0.000000    2.509338 ^ _2965_/CLK (sky130_fd_sc_hd__dfxtp_2)
                                  0.250000    2.759338   clock uncertainty
                                  0.000000    2.759338   clock reconvergence pessimism
                                  0.301160    3.060498   library hold time
                                              3.060498   data required time
---------------------------------------------------------------------------------------------
                                              3.060498   data required time
                                             -2.752592   data arrival time
---------------------------------------------------------------------------------------------
                                             -0.307906   slack (VIOLATED)


Startpoint: s_arvalid (input port clocked by clk)
Endpoint: _2983_ (rising edge-triggered flip-flop clocked by clk)
Path Group: clk
Path Type: min

Fanout         Cap        Slew       Delay        Time   Description
---------------------------------------------------------------------------------------------
                                  0.000000    0.000000   clock clk (rise edge)
                                  0.000000    0.000000   clock network delay (propagated)
                                  2.000000    2.000000 v input external delay
     3    0.009879    0.024234    0.016003    2.016002 v s_arvalid (in)
                                                         s_arvalid (net)
                      0.024235    0.000000    2.016002 v _1476_/C (sky130_fd_sc_hd__nand3_2)
    11    0.047329    0.244146    0.199495    2.215497 ^ _1476_/Y (sky130_fd_sc_hd__nand3_2)
                                                         _1272_ (net)
                      0.244146    0.000215    2.215712 ^ _1699_/C1 (sky130_fd_sc_hd__a221o_2)
     1    0.002897    0.036211    0.153223    2.368936 ^ _1699_/X (sky130_fd_sc_hd__a221o_2)
                                                         _1406_ (net)
                      0.036211    0.000006    2.368941 ^ _1702_/A1 (sky130_fd_sc_hd__o211a_2)
     1    0.001799    0.036286    0.157375    2.526317 ^ _1702_/X (sky130_fd_sc_hd__o211a_2)
                                                         _0097_ (net)
                      0.036286    0.000000    2.526317 ^ _2983_/D (sky130_fd_sc_hd__dfxtp_2)
                                              2.526317   data arrival time

                                  0.000000    0.000000   clock clk (rise edge)
                                  0.000000    0.000000   clock source latency
   316    0.813505    3.615377    2.478105    2.478105 ^ clk (in)
                                                         clk (net)
                      3.615421    0.000000    2.478105 ^ _2983_/CLK (sky130_fd_sc_hd__dfxtp_2)
                                  0.250000    2.728105   clock uncertainty
                                  0.000000    2.728105   clock reconvergence pessimism
                                  0.100551    2.828656   library hold time
                                              2.828656   data required time
---------------------------------------------------------------------------------------------
                                              2.828656   data required time
                                             -2.526317   data arrival time
---------------------------------------------------------------------------------------------
                                             -0.302339   slack (VIOLATED)


Startpoint: s_arvalid (input port clocked by clk)
Endpoint: _2979_ (rising edge-triggered flip-flop clocked by clk)
Path Group: clk
Path Type: min

Fanout         Cap        Slew       Delay        Time   Description
---------------------------------------------------------------------------------------------
                                  0.000000    0.000000   clock clk (rise edge)
                                  0.000000    0.000000   clock network delay (propagated)
                                  2.000000    2.000000 v input external delay
     3    0.009879    0.024234    0.016003    2.016002 v s_arvalid (in)
                                                         s_arvalid (net)
                      0.024235    0.000000    2.016002 v _1476_/C (sky130_fd_sc_hd__nand3_2)
    11    0.047329    0.244146    0.199495    2.215497 ^ _1476_/Y (sky130_fd_sc_hd__nand3_2)
                                                         _1272_ (net)
                      0.244146    0.000298    2.215796 ^ _1684_/C1 (sky130_fd_sc_hd__a221o_2)
     1    0.002677    0.035161    0.152053    2.367849 ^ _1684_/X (sky130_fd_sc_hd__a221o_2)
                                                         _1395_ (net)
                      0.035161    0.000003    2.367852 ^ _1686_/B1 (sky130_fd_sc_hd__o221a_2)
     1    0.001820    0.036276    0.162560    2.530411 ^ _1686_/X (sky130_fd_sc_hd__o221a_2)
                                                         _0093_ (net)
                      0.036276    0.000001    2.530413 ^ _2979_/D (sky130_fd_sc_hd__dfxtp_2)
                                              2.530413   data arrival time

                                  0.000000    0.000000   clock clk (rise edge)
                                  0.000000    0.000000   clock source latency
   316    0.813505    3.615377    2.481866    2.481866 ^ clk (in)
                                                         clk (net)
                      3.615458    0.000000    2.481866 ^ _2979_/CLK (sky130_fd_sc_hd__dfxtp_2)
                                  0.250000    2.731866   clock uncertainty
                                  0.000000    2.731866   clock reconvergence pessimism
                                  0.100554    2.832419   library hold time
                                              2.832419   data required time
---------------------------------------------------------------------------------------------
                                              2.832419   data required time
                                             -2.530413   data arrival time
---------------------------------------------------------------------------------------------
                                             -0.302006   slack (VIOLATED)


Startpoint: s_arvalid (input port clocked by clk)
Endpoint: _2981_ (rising edge-triggered flip-flop clocked by clk)
Path Group: clk
Path Type: min

Fanout         Cap        Slew       Delay        Time   Description
---------------------------------------------------------------------------------------------
                                  0.000000    0.000000   clock clk (rise edge)
                                  0.000000    0.000000   clock network delay (propagated)
                                  2.000000    2.000000 v input external delay
     3    0.009879    0.024234    0.016003    2.016002 v s_arvalid (in)
                                                         s_arvalid (net)
                      0.024235    0.000000    2.016002 v _1476_/C (sky130_fd_sc_hd__nand3_2)
    11    0.047329    0.244146    0.199495    2.215497 ^ _1476_/Y (sky130_fd_sc_hd__nand3_2)
                                                         _1272_ (net)
                      0.244146    0.000289    2.215786 ^ _1691_/C1 (sky130_fd_sc_hd__a221o_2)
     1    0.002829    0.035883    0.152860    2.368646 ^ _1691_/X (sky130_fd_sc_hd__a221o_2)
                                                         _1400_ (net)
                      0.035883    0.000004    2.368649 ^ _1694_/A1 (sky130_fd_sc_hd__o211a_2)
     1    0.001987    0.037340    0.158444    2.527093 ^ _1694_/X (sky130_fd_sc_hd__o211a_2)
                                                         _0095_ (net)
                      0.037340    0.000003    2.527096 ^ _2981_/D (sky130_fd_sc_hd__dfxtp_2)
                                              2.527096   data arrival time

                                  0.000000    0.000000   clock clk (rise edge)
                                  0.000000    0.000000   clock source latency
   316    0.813505    3.615377    2.478346    2.478346 ^ clk (in)
                                                         clk (net)
                      3.615423    0.000000    2.478346 ^ _2981_/CLK (sky130_fd_sc_hd__dfxtp_2)
                                  0.250000    2.728346   clock uncertainty
                                  0.000000    2.728346   clock reconvergence pessimism
                                  0.100361    2.828707   library hold time
                                              2.828707   data required time
---------------------------------------------------------------------------------------------
                                              2.828707   data required time
                                             -2.527096   data arrival time
---------------------------------------------------------------------------------------------
                                             -0.301611   slack (VIOLATED)


Startpoint: s_arvalid (input port clocked by clk)
Endpoint: _2976_ (rising edge-triggered flip-flop clocked by clk)
Path Group: clk
Path Type: min

Fanout         Cap        Slew       Delay        Time   Description
---------------------------------------------------------------------------------------------
                                  0.000000    0.000000   clock clk (rise edge)
                                  0.000000    0.000000   clock network delay (propagated)
                                  2.000000    2.000000 v input external delay
     3    0.009879    0.024234    0.016003    2.016002 v s_arvalid (in)
                                                         s_arvalid (net)
                      0.024235    0.000000    2.016002 v _1476_/C (sky130_fd_sc_hd__nand3_2)
    11    0.047329    0.244146    0.199495    2.215497 ^ _1476_/Y (sky130_fd_sc_hd__nand3_2)
                                                         _1272_ (net)
                      0.244146    0.000288    2.215785 ^ _1672_/C1 (sky130_fd_sc_hd__a221o_2)
     1    0.002889    0.036174    0.153179    2.368963 ^ _1672_/X (sky130_fd_sc_hd__a221o_2)
                                                         _1386_ (net)
                      0.036174    0.000004    2.368968 ^ _1675_/A1 (sky130_fd_sc_hd__o211a_2)
     1    0.001946    0.037108    0.158266    2.527234 ^ _1675_/X (sky130_fd_sc_hd__o211a_2)
                                                         _0090_ (net)
                      0.037108    0.000003    2.527236 ^ _2976_/D (sky130_fd_sc_hd__dfxtp_2)
                                              2.527236   data arrival time

                                  0.000000    0.000000   clock clk (rise edge)
                                  0.000000    0.000000   clock source latency
   316    0.813505    3.615377    2.478332    2.478332 ^ clk (in)
                                                         clk (net)
                      3.615423    0.000000    2.478332 ^ _2976_/CLK (sky130_fd_sc_hd__dfxtp_2)
                                  0.250000    2.728332   clock uncertainty
                                  0.000000    2.728332   clock reconvergence pessimism
                                  0.100403    2.828736   library hold time
                                              2.828736   data required time
---------------------------------------------------------------------------------------------
                                              2.828736   data required time
                                             -2.527236   data arrival time
---------------------------------------------------------------------------------------------
                                             -0.301499   slack (VIOLATED)


Startpoint: rst (input port clocked by clk)
Endpoint: _2937_ (rising edge-triggered flip-flop clocked by clk)
Path Group: clk
Path Type: min

Fanout         Cap        Slew       Delay        Time   Description
---------------------------------------------------------------------------------------------
                                  0.000000    0.000000   clock clk (rise edge)
                                  0.000000    0.000000   clock network delay (propagated)
                                  2.000000    2.000000 v input external delay
    46    0.243724    0.533561    0.399833    2.399833 v rst (in)
                                                         rst (net)
                      0.534633    0.000000    2.399833 v _1459_/B1 (sky130_fd_sc_hd__a21o_2)
     1    0.001968    0.029296    0.357308    2.757141 v _1459_/X (sky130_fd_sc_hd__a21o_2)
                                                         _0000_ (net)
                      0.029296    0.000002    2.757143 v _2937_/D (sky130_fd_sc_hd__dfxtp_2)
                                              2.757143   data arrival time

                                  0.000000    0.000000   clock clk (rise edge)
                                  0.000000    0.000000   clock source latency
   316    0.813505    3.615377    2.509172    2.509172 ^ clk (in)
                                                         clk (net)
                      3.616071    0.000000    2.509172 ^ _2937_/CLK (sky130_fd_sc_hd__dfxtp_2)
                                  0.250000    2.759172   clock uncertainty
                                  0.000000    2.759172   clock reconvergence pessimism
                                  0.299188    3.058361   library hold time
                                              3.058361   data required time
---------------------------------------------------------------------------------------------
                                              3.058361   data required time
                                             -2.757143   data arrival time
---------------------------------------------------------------------------------------------
                                             -0.301218   slack (VIOLATED)


Startpoint: s_arvalid (input port clocked by clk)
Endpoint: _2988_ (rising edge-triggered flip-flop clocked by clk)
Path Group: clk
Path Type: min

Fanout         Cap        Slew       Delay        Time   Description
---------------------------------------------------------------------------------------------
                                  0.000000    0.000000   clock clk (rise edge)
                                  0.000000    0.000000   clock network delay (propagated)
                                  2.000000    2.000000 v input external delay
     3    0.009879    0.024234    0.016003    2.016002 v s_arvalid (in)
                                                         s_arvalid (net)
                      0.024235    0.000000    2.016002 v _1476_/C (sky130_fd_sc_hd__nand3_2)
    11    0.047329    0.244146    0.199495    2.215497 ^ _1476_/Y (sky130_fd_sc_hd__nand3_2)
                                                         _1272_ (net)
                      0.244146    0.000118    2.215615 ^ _1717_/C1 (sky130_fd_sc_hd__a221o_2)
     1    0.002938    0.036406    0.153437    2.369052 ^ _1717_/X (sky130_fd_sc_hd__a221o_2)
                                                         _1419_ (net)
                      0.036406    0.000006    2.369058 ^ _1720_/A1 (sky130_fd_sc_hd__o211a_2)
     1    0.002100    0.037976    0.159282    2.528341 ^ _1720_/X (sky130_fd_sc_hd__o211a_2)
                                                         _0102_ (net)
                      0.037976    0.000004    2.528345 ^ _2988_/D (sky130_fd_sc_hd__dfxtp_2)
                                              2.528345   data arrival time

                                  0.000000    0.000000   clock clk (rise edge)
                                  0.000000    0.000000   clock source latency
   316    0.813505    3.615377    2.477662    2.477662 ^ clk (in)
                                                         clk (net)
                      3.615418    0.000000    2.477662 ^ _2988_/CLK (sky130_fd_sc_hd__dfxtp_2)
                                  0.250000    2.727662   clock uncertainty
                                  0.000000    2.727662   clock reconvergence pessimism
                                  0.100247    2.827909   library hold time
                                              2.827909   data required time
---------------------------------------------------------------------------------------------
                                              2.827909   data required time
                                             -2.528345   data arrival time
---------------------------------------------------------------------------------------------
                                             -0.299563   slack (VIOLATED)


Startpoint: s_arvalid (input port clocked by clk)
Endpoint: _2962_ (rising edge-triggered flip-flop clocked by clk)
Path Group: clk
Path Type: min

Fanout         Cap        Slew       Delay        Time   Description
---------------------------------------------------------------------------------------------
                                  0.000000    0.000000   clock clk (rise edge)
                                  0.000000    0.000000   clock network delay (propagated)
                                  2.000000    2.000000 v input external delay
     3    0.009879    0.024234    0.016000    2.016000 v s_arvalid (in)
                                                         s_arvalid (net)
                      0.024235    0.000000    2.016000 v _1475_/C (sky130_fd_sc_hd__and3_2)
    33    0.112538    0.263385    0.412271    2.428272 v _1475_/X (sky130_fd_sc_hd__and3_2)
                                                         _1271_ (net)
                      0.263691    0.006123    2.434395 v _1622_/A2 (sky130_fd_sc_hd__o221a_2)
     1    0.002025    0.038482    0.345535    2.779930 v _1622_/X (sky130_fd_sc_hd__o221a_2)
                                                         _0076_ (net)
                      0.038482    0.000004    2.779933 v _2962_/D (sky130_fd_sc_hd__dfxtp_2)
                                              2.779933   data arrival time

                                  0.000000    0.000000   clock clk (rise edge)
                                  0.000000    0.000000   clock source latency
   316    0.813505    3.615377    2.509230    2.509230 ^ clk (in)
                                                         clk (net)
                      3.616073    0.000000    2.509230 ^ _2962_/CLK (sky130_fd_sc_hd__dfxtp_2)
                                  0.250000    2.759230   clock uncertainty
                                  0.000000    2.759230   clock reconvergence pessimism
                                  0.295544    3.054773   library hold time
                                              3.054773   data required time
---------------------------------------------------------------------------------------------
                                              3.054773   data required time
                                             -2.779933   data arrival time
---------------------------------------------------------------------------------------------
                                             -0.274840   slack (VIOLATED)


Startpoint: s_arvalid (input port clocked by clk)
Endpoint: _2960_ (rising edge-triggered flip-flop clocked by clk)
Path Group: clk
Path Type: min

Fanout         Cap        Slew       Delay        Time   Description
---------------------------------------------------------------------------------------------
                                  0.000000    0.000000   clock clk (rise edge)
                                  0.000000    0.000000   clock network delay (propagated)
                                  2.000000    2.000000 v input external delay
     3    0.009879    0.024234    0.016000    2.016000 v s_arvalid (in)
                                                         s_arvalid (net)
                      0.024235    0.000000    2.016000 v _1475_/C (sky130_fd_sc_hd__and3_2)
    33    0.112538    0.263385    0.412271    2.428272 v _1475_/X (sky130_fd_sc_hd__and3_2)
                                                         _1271_ (net)
                      0.263630    0.005161    2.433432 v _1616_/A2 (sky130_fd_sc_hd__o221a_2)
     1    0.001746    0.037404    0.343937    2.777369 v _1616_/X (sky130_fd_sc_hd__o221a_2)
                                                         _0074_ (net)
                      0.037404    0.000000    2.777370 v _2960_/D (sky130_fd_sc_hd__dfxtp_2)
                                              2.777370   data arrival time

                                  0.000000    0.000000   clock clk (rise edge)
                                  0.000000    0.000000   clock source latency
   316    0.813505    3.615377    2.503417    2.503417 ^ clk (in)
                                                         clk (net)
                      3.615891    0.000000    2.503417 ^ _2960_/CLK (sky130_fd_sc_hd__dfxtp_2)
                                  0.250000    2.753417   clock uncertainty
                                  0.000000    2.753417   clock reconvergence pessimism
                                  0.295958    3.049375   library hold time
                                              3.049375   data required time
---------------------------------------------------------------------------------------------
                                              3.049375   data required time
                                             -2.777370   data arrival time
---------------------------------------------------------------------------------------------
                                             -0.272005   slack (VIOLATED)


Startpoint: s_arvalid (input port clocked by clk)
Endpoint: _2961_ (rising edge-triggered flip-flop clocked by clk)
Path Group: clk
Path Type: min

Fanout         Cap        Slew       Delay        Time   Description
---------------------------------------------------------------------------------------------
                                  0.000000    0.000000   clock clk (rise edge)
                                  0.000000    0.000000   clock network delay (propagated)
                                  2.000000    2.000000 v input external delay
     3    0.009879    0.024234    0.016000    2.016000 v s_arvalid (in)
                                                         s_arvalid (net)
                      0.024235    0.000000    2.016000 v _1475_/C (sky130_fd_sc_hd__and3_2)
    33    0.112538    0.263385    0.412271    2.428272 v _1475_/X (sky130_fd_sc_hd__and3_2)
                                                         _1271_ (net)
                      0.263630    0.005159    2.433431 v _1619_/A2 (sky130_fd_sc_hd__o221a_2)
     1    0.001752    0.037429    0.343971    2.777402 v _1619_/X (sky130_fd_sc_hd__o221a_2)
                                                         _0075_ (net)
                      0.037429    0.000000    2.777403 v _2961_/D (sky130_fd_sc_hd__dfxtp_2)
                                              2.777403   data arrival time

                                  0.000000    0.000000   clock clk (rise edge)
                                  0.000000    0.000000   clock source latency
   316    0.813505    3.615377    2.503425    2.503425 ^ clk (in)
                                                         clk (net)
                      3.615891    0.000000    2.503425 ^ _2961_/CLK (sky130_fd_sc_hd__dfxtp_2)
                                  0.250000    2.753425   clock uncertainty
                                  0.000000    2.753425   clock reconvergence pessimism
                                  0.295948    3.049373   library hold time
                                              3.049373   data required time
---------------------------------------------------------------------------------------------
                                              3.049373   data required time
                                             -2.777403   data arrival time
---------------------------------------------------------------------------------------------
                                             -0.271971   slack (VIOLATED)


Startpoint: s_arvalid (input port clocked by clk)
Endpoint: _2968_ (rising edge-triggered flip-flop clocked by clk)
Path Group: clk
Path Type: min

Fanout         Cap        Slew       Delay        Time   Description
---------------------------------------------------------------------------------------------
                                  0.000000    0.000000   clock clk (rise edge)
                                  0.000000    0.000000   clock network delay (propagated)
                                  2.000000    2.000000 v input external delay
     3    0.009879    0.024234    0.016000    2.016000 v s_arvalid (in)
                                                         s_arvalid (net)
                      0.024235    0.000000    2.016000 v _1475_/C (sky130_fd_sc_hd__and3_2)
    33    0.112538    0.263385    0.412271    2.428272 v _1475_/X (sky130_fd_sc_hd__and3_2)
                                                         _1271_ (net)
                      0.263603    0.004670    2.432941 v _1645_/A2 (sky130_fd_sc_hd__o221a_2)
     1    0.001730    0.037223    0.343834    2.776776 v _1645_/X (sky130_fd_sc_hd__o221a_2)
                                                         _0082_ (net)
                      0.037223    0.000000    2.776776 v _2968_/D (sky130_fd_sc_hd__dfxtp_2)
                                              2.776776   data arrival time

                                  0.000000    0.000000   clock clk (rise edge)
                                  0.000000    0.000000   clock source latency
   316    0.813505    3.615377    2.502521    2.502521 ^ clk (in)
                                                         clk (net)
                      3.615865    0.000000    2.502521 ^ _2968_/CLK (sky130_fd_sc_hd__dfxtp_2)
                                  0.250000    2.752521   clock uncertainty
                                  0.000000    2.752521   clock reconvergence pessimism
                                  0.296028    3.048549   library hold time
                                              3.048549   data required time
---------------------------------------------------------------------------------------------
                                              3.048549   data required time
                                             -2.776776   data arrival time
---------------------------------------------------------------------------------------------
                                             -0.271773   slack (VIOLATED)


Startpoint: s_arvalid (input port clocked by clk)
Endpoint: _2972_ (rising edge-triggered flip-flop clocked by clk)
Path Group: clk
Path Type: min

Fanout         Cap        Slew       Delay        Time   Description
---------------------------------------------------------------------------------------------
                                  0.000000    0.000000   clock clk (rise edge)
                                  0.000000    0.000000   clock network delay (propagated)
                                  2.000000    2.000000 v input external delay
     3    0.009879    0.024234    0.016000    2.016000 v s_arvalid (in)
                                                         s_arvalid (net)
                      0.024235    0.000000    2.016000 v _1475_/C (sky130_fd_sc_hd__and3_2)
    33    0.112538    0.263385    0.412271    2.428272 v _1475_/X (sky130_fd_sc_hd__and3_2)
                                                         _1271_ (net)
                      0.263400    0.002365    2.430637 v _1660_/A2 (sky130_fd_sc_hd__o221a_2)
     1    0.001861    0.037720    0.344488    2.775125 v _1660_/X (sky130_fd_sc_hd__o221a_2)
                                                         _0086_ (net)
                      0.037720    0.000002    2.775127 v _2972_/D (sky130_fd_sc_hd__dfxtp_2)
                                              2.775127   data arrival time

                                  0.000000    0.000000   clock clk (rise edge)
                                  0.000000    0.000000   clock source latency
   316    0.813505    3.615377    2.495596    2.495596 ^ clk (in)
                                                         clk (net)
                      3.615690    0.000000    2.495596 ^ _2972_/CLK (sky130_fd_sc_hd__dfxtp_2)
                                  0.250000    2.745596   clock uncertainty
                                  0.000000    2.745596   clock reconvergence pessimism
                                  0.295817    3.041413   library hold time
                                              3.041413   data required time
---------------------------------------------------------------------------------------------
                                              3.041413   data required time
                                             -2.775127   data arrival time
---------------------------------------------------------------------------------------------
                                             -0.266286   slack (VIOLATED)


Startpoint: s_arvalid (input port clocked by clk)
Endpoint: _2984_ (rising edge-triggered flip-flop clocked by clk)
Path Group: clk
Path Type: min

Fanout         Cap        Slew       Delay        Time   Description
---------------------------------------------------------------------------------------------
                                  0.000000    0.000000   clock clk (rise edge)
                                  0.000000    0.000000   clock network delay (propagated)
                                  2.000000    2.000000 v input external delay
     3    0.009879    0.024234    0.016000    2.016000 v s_arvalid (in)
                                                         s_arvalid (net)
                      0.024235    0.000000    2.016000 v _1475_/C (sky130_fd_sc_hd__and3_2)
    33    0.112538    0.263385    0.412271    2.428272 v _1475_/X (sky130_fd_sc_hd__and3_2)
                                                         _1271_ (net)
                      0.263385    0.000129    2.428401 v _1705_/A2 (sky130_fd_sc_hd__o221a_2)
     1    0.001807    0.037514    0.344176    2.772576 v _1705_/X (sky130_fd_sc_hd__o221a_2)
                                                         _0098_ (net)
                      0.037514    0.000001    2.772577 v _2984_/D (sky130_fd_sc_hd__dfxtp_2)
                                              2.772577   data arrival time

                                  0.000000    0.000000   clock clk (rise edge)
                                  0.000000    0.000000   clock source latency
   316    0.813505    3.615377    2.480803    2.480803 ^ clk (in)
                                                         clk (net)
                      3.615447    0.000000    2.480803 ^ _2984_/CLK (sky130_fd_sc_hd__dfxtp_2)
                                  0.250000    2.730803   clock uncertainty
                                  0.000000    2.730803   clock reconvergence pessimism
                                  0.295880    3.026683   library hold time
                                              3.026683   data required time
---------------------------------------------------------------------------------------------
                                              3.026683   data required time
                                             -2.772577   data arrival time
---------------------------------------------------------------------------------------------
                                             -0.254106   slack (VIOLATED)


Startpoint: s_arvalid (input port clocked by clk)
Endpoint: _2987_ (rising edge-triggered flip-flop clocked by clk)
Path Group: clk
Path Type: min

Fanout         Cap        Slew       Delay        Time   Description
---------------------------------------------------------------------------------------------
                                  0.000000    0.000000   clock clk (rise edge)
                                  0.000000    0.000000   clock network delay (propagated)
                                  2.000000    2.000000 v input external delay
     3    0.009879    0.024234    0.016000    2.016000 v s_arvalid (in)
                                                         s_arvalid (net)
                      0.024235    0.000000    2.016000 v _1475_/C (sky130_fd_sc_hd__and3_2)
    33    0.112538    0.263385    0.412271    2.428272 v _1475_/X (sky130_fd_sc_hd__and3_2)
                                                         _1271_ (net)
                      0.263398    0.002290    2.430562 v _1716_/A2 (sky130_fd_sc_hd__o221a_2)
     1    0.001831    0.037603    0.344315    2.774876 v _1716_/X (sky130_fd_sc_hd__o221a_2)
                                                         _0101_ (net)
                      0.037603    0.000001    2.774878 v _2987_/D (sky130_fd_sc_hd__dfxtp_2)
                                              2.774878   data arrival time

                                  0.000000    0.000000   clock clk (rise edge)
                                  0.000000    0.000000   clock source latency
   316    0.813505    3.615377    2.480459    2.480459 ^ clk (in)
                                                         clk (net)
                      3.615443    0.000000    2.480459 ^ _2987_/CLK (sky130_fd_sc_hd__dfxtp_2)
                                  0.250000    2.730459   clock uncertainty
                                  0.000000    2.730459   clock reconvergence pessimism
                                  0.295845    3.026304   library hold time
                                              3.026304   data required time
---------------------------------------------------------------------------------------------
                                              3.026304   data required time
                                             -2.774878   data arrival time
---------------------------------------------------------------------------------------------
                                             -0.251426   slack (VIOLATED)


Startpoint: rst (input port clocked by clk)
Endpoint: _2893_ (rising edge-triggered flip-flop clocked by clk)
Path Group: clk
Path Type: min

Fanout         Cap        Slew       Delay        Time   Description
---------------------------------------------------------------------------------------------
                                  0.000000    0.000000   clock clk (rise edge)
                                  0.000000    0.000000   clock network delay (propagated)
                                  2.000000    2.000000 v input external delay
    46    0.243724    0.533561    0.399760    2.399760 v rst (in)
                                                         rst (net)
                      0.534625    0.000000    2.399760 v _1484_/A (sky130_fd_sc_hd__nor2_2)
     1    0.001826    0.051605    0.215404    2.615165 ^ _1484_/Y (sky130_fd_sc_hd__nor2_2)
                                                         _0010_ (net)
                      0.051605    0.000002    2.615166 ^ _2893_/D (sky130_fd_sc_hd__dfxtp_2)
                                              2.615166   data arrival time

                                  0.000000    0.000000   clock clk (rise edge)
                                  0.000000    0.000000   clock source latency
   316    0.813505    3.615377    2.508846    2.508846 ^ clk (in)
                                                         clk (net)
                      3.616060    0.000000    2.508846 ^ _2893_/CLK (sky130_fd_sc_hd__dfxtp_2)
                                  0.250000    2.758846   clock uncertainty
                                  0.000000    2.758846   clock reconvergence pessimism
                                  0.097808    2.856654   library hold time
                                              2.856654   data required time
---------------------------------------------------------------------------------------------
                                              2.856654   data required time
                                             -2.615166   data arrival time
---------------------------------------------------------------------------------------------
                                             -0.241488   slack (VIOLATED)


Startpoint: rst (input port clocked by clk)
Endpoint: _3139_ (rising edge-triggered flip-flop clocked by clk)
Path Group: clk
Path Type: min

Fanout         Cap        Slew       Delay        Time   Description
---------------------------------------------------------------------------------------------
                                  0.000000    0.000000   clock clk (rise edge)
                                  0.000000    0.000000   clock network delay (propagated)
                                  2.000000    2.000000 v input external delay
    46    0.243724    0.533561    0.399125    2.399125 v rst (in)
                                                         rst (net)
                      0.534556    0.000000    2.399125 v _2785_/A (sky130_fd_sc_hd__nor2_2)
     1    0.001859    0.051813    0.215866    2.614991 ^ _2785_/Y (sky130_fd_sc_hd__nor2_2)
                                                         _0253_ (net)
                      0.051813    0.000002    2.614993 ^ _3139_/D (sky130_fd_sc_hd__dfxtp_2)
                                              2.614993   data arrival time

                                  0.000000    0.000000   clock clk (rise edge)
                                  0.000000    0.000000   clock source latency
   316    0.813505    3.615377    2.508590    2.508590 ^ clk (in)
                                                         clk (net)
                      3.616051    0.000000    2.508590 ^ _3139_/CLK (sky130_fd_sc_hd__dfxtp_2)
                                  0.250000    2.758590   clock uncertainty
                                  0.000000    2.758590   clock reconvergence pessimism
                                  0.097770    2.856360   library hold time
                                              2.856360   data required time
---------------------------------------------------------------------------------------------
                                              2.856360   data required time
                                             -2.614993   data arrival time
---------------------------------------------------------------------------------------------
                                             -0.241367   slack (VIOLATED)


Startpoint: rst (input port clocked by clk)
Endpoint: _2903_ (rising edge-triggered flip-flop clocked by clk)
Path Group: clk
Path Type: min

Fanout         Cap        Slew       Delay        Time   Description
---------------------------------------------------------------------------------------------
                                  0.000000    0.000000   clock clk (rise edge)
                                  0.000000    0.000000   clock network delay (propagated)
                                  2.000000    2.000000 v input external delay
    46    0.243724    0.533561    0.399783    2.399783 v rst (in)
                                                         rst (net)
                      0.534627    0.000000    2.399783 v _1467_/A (sky130_fd_sc_hd__nor2_2)
     1    0.001933    0.053294    0.216923    2.616706 ^ _1467_/Y (sky130_fd_sc_hd__nor2_2)
                                                         _0020_ (net)
                      0.053294    0.000003    2.616709 ^ _2903_/D (sky130_fd_sc_hd__dfxtp_2)
                                              2.616709   data arrival time

                                  0.000000    0.000000   clock clk (rise edge)
                                  0.000000    0.000000   clock source latency
   316    0.813505    3.615377    2.508883    2.508883 ^ clk (in)
                                                         clk (net)
                      3.616061    0.000000    2.508883 ^ _2903_/CLK (sky130_fd_sc_hd__dfxtp_2)
                                  0.250000    2.758883   clock uncertainty
                                  0.000000    2.758883   clock reconvergence pessimism
                                  0.097504    2.856387   library hold time
                                              2.856387   data required time
---------------------------------------------------------------------------------------------
                                              2.856387   data required time
                                             -2.616709   data arrival time
---------------------------------------------------------------------------------------------
                                             -0.239678   slack (VIOLATED)


Startpoint: rst (input port clocked by clk)
Endpoint: _2939_ (rising edge-triggered flip-flop clocked by clk)
Path Group: clk
Path Type: min

Fanout         Cap        Slew       Delay        Time   Description
---------------------------------------------------------------------------------------------
                                  0.000000    0.000000   clock clk (rise edge)
                                  0.000000    0.000000   clock network delay (propagated)
                                  2.000000    2.000000 ^ input external delay
    46    0.265047    1.179859    0.824458    2.824458 ^ rst (in)
                                                         rst (net)
                      1.180460    0.000000    2.824458 ^ _1468_/B1 (sky130_fd_sc_hd__a21oi_2)
     1    0.001763    0.025671   -0.001934    2.822524 v _1468_/Y (sky130_fd_sc_hd__a21oi_2)
                                                         _0002_ (net)
                      0.025671    0.000000    2.822525 v _2939_/D (sky130_fd_sc_hd__dfxtp_2)
                                              2.822525   data arrival time

                                  0.000000    0.000000   clock clk (rise edge)
                                  0.000000    0.000000   clock source latency
   316    0.813505    3.615377    2.508983    2.508983 ^ clk (in)
                                                         clk (net)
                      3.616065    0.000000    2.508983 ^ _2939_/CLK (sky130_fd_sc_hd__dfxtp_2)
                                  0.250000    2.758983   clock uncertainty
                                  0.000000    2.758983   clock reconvergence pessimism
                                  0.300626    3.059609   library hold time
                                              3.059609   data required time
---------------------------------------------------------------------------------------------
                                              3.059609   data required time
                                             -2.822525   data arrival time
---------------------------------------------------------------------------------------------
                                             -0.237084   slack (VIOLATED)


Startpoint: rst (input port clocked by clk)
Endpoint: _3133_ (rising edge-triggered flip-flop clocked by clk)
Path Group: clk
Path Type: min

Fanout         Cap        Slew       Delay        Time   Description
---------------------------------------------------------------------------------------------
                                  0.000000    0.000000   clock clk (rise edge)
                                  0.000000    0.000000   clock network delay (propagated)
                                  2.000000    2.000000 v input external delay
    46    0.243724    0.533561    0.397262    2.397262 v rst (in)
                                                         rst (net)
                      0.534369    0.000000    2.397262 v _2768_/A (sky130_fd_sc_hd__nor2_2)
     1    0.001762    0.050934    0.214451    2.611713 ^ _2768_/Y (sky130_fd_sc_hd__nor2_2)
                                                         _0247_ (net)
                      0.050934    0.000000    2.611713 ^ _3133_/D (sky130_fd_sc_hd__dfxtp_2)
                                              2.611713   data arrival time

                                  0.000000    0.000000   clock clk (rise edge)
                                  0.000000    0.000000   clock source latency
   316    0.813505    3.615377    2.499894    2.499894 ^ clk (in)
                                                         clk (net)
                      3.615794    0.000000    2.499894 ^ _3133_/CLK (sky130_fd_sc_hd__dfxtp_2)
                                  0.250000    2.749894   clock uncertainty
                                  0.000000    2.749894   clock reconvergence pessimism
                                  0.097922    2.847816   library hold time
                                              2.847816   data required time
---------------------------------------------------------------------------------------------
                                              2.847816   data required time
                                             -2.611713   data arrival time
---------------------------------------------------------------------------------------------
                                             -0.236103   slack (VIOLATED)


Startpoint: rst (input port clocked by clk)
Endpoint: _3135_ (rising edge-triggered flip-flop clocked by clk)
Path Group: clk
Path Type: min

Fanout         Cap        Slew       Delay        Time   Description
---------------------------------------------------------------------------------------------
                                  0.000000    0.000000   clock clk (rise edge)
                                  0.000000    0.000000   clock network delay (propagated)
                                  2.000000    2.000000 ^ input external delay
    46    0.265047    1.179859    0.822217    2.822217 ^ rst (in)
                                                         rst (net)
                      1.180343    0.000000    2.822217 ^ _2774_/B1 (sky130_fd_sc_hd__a21oi_2)
     1    0.001776    0.025438   -0.001724    2.820494 v _2774_/Y (sky130_fd_sc_hd__a21oi_2)
                                                         _0249_ (net)
                      0.025438    0.000000    2.820495 v _3135_/D (sky130_fd_sc_hd__dfxtp_2)
                                              2.820495   data arrival time

                                  0.000000    0.000000   clock clk (rise edge)
                                  0.000000    0.000000   clock source latency
   316    0.813505    3.615377    2.505821    2.505821 ^ clk (in)
                                                         clk (net)
                      3.615963    0.000000    2.505821 ^ _3135_/CLK (sky130_fd_sc_hd__dfxtp_2)
                                  0.250000    2.755821   clock uncertainty
                                  0.000000    2.755821   clock reconvergence pessimism
                                  0.300711    3.056532   library hold time
                                              3.056532   data required time
---------------------------------------------------------------------------------------------
                                              3.056532   data required time
                                             -2.820495   data arrival time
---------------------------------------------------------------------------------------------
                                             -0.236037   slack (VIOLATED)


Startpoint: rst (input port clocked by clk)
Endpoint: _3134_ (rising edge-triggered flip-flop clocked by clk)
Path Group: clk
Path Type: min

Fanout         Cap        Slew       Delay        Time   Description
---------------------------------------------------------------------------------------------
                                  0.000000    0.000000   clock clk (rise edge)
                                  0.000000    0.000000   clock network delay (propagated)
                                  2.000000    2.000000 ^ input external delay
    46    0.265047    1.179859    0.823094    2.823094 ^ rst (in)
                                                         rst (net)
                      1.180387    0.000000    2.823094 ^ _2771_/B1 (sky130_fd_sc_hd__a21oi_2)
     1    0.001873    0.025750   -0.000281    2.822813 v _2771_/Y (sky130_fd_sc_hd__a21oi_2)
                                                         _0248_ (net)
                      0.025750    0.000002    2.822815 v _3134_/D (sky130_fd_sc_hd__dfxtp_2)
                                              2.822815   data arrival time

                                  0.000000    0.000000   clock clk (rise edge)
                                  0.000000    0.000000   clock source latency
   316    0.813505    3.615377    2.508052    2.508052 ^ clk (in)
                                                         clk (net)
                      3.616034    0.000000    2.508052 ^ _3134_/CLK (sky130_fd_sc_hd__dfxtp_2)
                                  0.250000    2.758052   clock uncertainty
                                  0.000000    2.758052   clock reconvergence pessimism
                                  0.300592    3.058644   library hold time
                                              3.058644   data required time
---------------------------------------------------------------------------------------------
                                              3.058644   data required time
                                             -2.822815   data arrival time
---------------------------------------------------------------------------------------------
                                             -0.235829   slack (VIOLATED)


Startpoint: rst (input port clocked by clk)
Endpoint: _3138_ (rising edge-triggered flip-flop clocked by clk)
Path Group: clk
Path Type: min

Fanout         Cap        Slew       Delay        Time   Description
---------------------------------------------------------------------------------------------
                                  0.000000    0.000000   clock clk (rise edge)
                                  0.000000    0.000000   clock network delay (propagated)
                                  2.000000    2.000000 ^ input external delay
    46    0.265047    1.179859    0.823417    2.823417 ^ rst (in)
                                                         rst (net)
                      1.180404    0.000000    2.823417 ^ _2783_/B1 (sky130_fd_sc_hd__a21oi_2)
     1    0.001908    0.025847    0.000232    2.823649 v _2783_/Y (sky130_fd_sc_hd__a21oi_2)
                                                         _0252_ (net)
                      0.025847    0.000002    2.823651 v _3138_/D (sky130_fd_sc_hd__dfxtp_2)
                                              2.823651   data arrival time

                                  0.000000    0.000000   clock clk (rise edge)
                                  0.000000    0.000000   clock source latency
   316    0.813505    3.615377    2.508554    2.508554 ^ clk (in)
                                                         clk (net)
                      3.616050    0.000000    2.508554 ^ _3138_/CLK (sky130_fd_sc_hd__dfxtp_2)
                                  0.250000    2.758554   clock uncertainty
                                  0.000000    2.758554   clock reconvergence pessimism
                                  0.300555    3.059109   library hold time
                                              3.059109   data required time
---------------------------------------------------------------------------------------------
                                              3.059109   data required time
                                             -2.823651   data arrival time
---------------------------------------------------------------------------------------------
                                             -0.235459   slack (VIOLATED)


Startpoint: rst (input port clocked by clk)
Endpoint: _3136_ (rising edge-triggered flip-flop clocked by clk)
Path Group: clk
Path Type: min

Fanout         Cap        Slew       Delay        Time   Description
---------------------------------------------------------------------------------------------
                                  0.000000    0.000000   clock clk (rise edge)
                                  0.000000    0.000000   clock network delay (propagated)
                                  2.000000    2.000000 ^ input external delay
    46    0.265047    1.179859    0.823362    2.823362 ^ rst (in)
                                                         rst (net)
                      1.180401    0.000000    2.823362 ^ _2777_/B1 (sky130_fd_sc_hd__a21oi_2)
     1    0.001988    0.026097    0.001436    2.824798 v _2777_/Y (sky130_fd_sc_hd__a21oi_2)
                                                         _0250_ (net)
                      0.026097    0.000002    2.824800 v _3136_/D (sky130_fd_sc_hd__dfxtp_2)
                                              2.824800   data arrival time

                                  0.000000    0.000000   clock clk (rise edge)
                                  0.000000    0.000000   clock source latency
   316    0.813505    3.615377    2.508513    2.508513 ^ clk (in)
                                                         clk (net)
                      3.616049    0.000000    2.508513 ^ _3136_/CLK (sky130_fd_sc_hd__dfxtp_2)
                                  0.250000    2.758513   clock uncertainty
                                  0.000000    2.758513   clock reconvergence pessimism
                                  0.300456    3.058969   library hold time
                                              3.058969   data required time
---------------------------------------------------------------------------------------------
                                              3.058969   data required time
                                             -2.824800   data arrival time
---------------------------------------------------------------------------------------------
                                             -0.234169   slack (VIOLATED)


Startpoint: rst (input port clocked by clk)
Endpoint: _3140_ (rising edge-triggered flip-flop clocked by clk)
Path Group: clk
Path Type: min

Fanout         Cap        Slew       Delay        Time   Description
---------------------------------------------------------------------------------------------
                                  0.000000    0.000000   clock clk (rise edge)
                                  0.000000    0.000000   clock network delay (propagated)
                                  2.000000    2.000000 v input external delay
    46    0.243724    0.533561    0.397167    2.397167 v rst (in)
                                                         rst (net)
                      0.534360    0.000000    2.397167 v _2787_/A (sky130_fd_sc_hd__nor2_2)
     1    0.001783    0.051028    0.214740    2.611908 ^ _2787_/Y (sky130_fd_sc_hd__nor2_2)
                                                         _0254_ (net)
                      0.051028    0.000000    2.611908 ^ _3140_/D (sky130_fd_sc_hd__dfxtp_2)
                                              2.611908   data arrival time

                                  0.000000    0.000000   clock clk (rise edge)
                                  0.000000    0.000000   clock source latency
   316    0.813505    3.615377    2.495260    2.495260 ^ clk (in)
                                                         clk (net)
                      3.615683    0.000000    2.495260 ^ _3140_/CLK (sky130_fd_sc_hd__dfxtp_2)
                                  0.250000    2.745260   clock uncertainty
                                  0.000000    2.745260   clock reconvergence pessimism
                                  0.097903    2.843163   library hold time
                                              2.843163   data required time
---------------------------------------------------------------------------------------------
                                              2.843163   data required time
                                             -2.611908   data arrival time
---------------------------------------------------------------------------------------------
                                             -0.231255   slack (VIOLATED)


Startpoint: rst (input port clocked by clk)
Endpoint: _3201_ (rising edge-triggered flip-flop clocked by clk)
Path Group: clk
Path Type: min

Fanout         Cap        Slew       Delay        Time   Description
---------------------------------------------------------------------------------------------
                                  0.000000    0.000000   clock clk (rise edge)
                                  0.000000    0.000000   clock network delay (propagated)
                                  2.000000    2.000000 v input external delay
    46    0.243724    0.533561    0.400309    2.400309 v rst (in)
                                                         rst (net)
                      0.534686    0.000000    2.400309 v _2885_/A (sky130_fd_sc_hd__nor2_2)
     1    0.002122    0.104742    0.219615    2.619923 ^ _2885_/Y (sky130_fd_sc_hd__nor2_2)
                                                         _0315_ (net)
                      0.104742    0.000005    2.619928 ^ _3201_/D (sky130_fd_sc_hd__dfxtp_2)
                                              2.619928   data arrival time

                                  0.000000    0.000000   clock clk (rise edge)
                                  0.000000    0.000000   clock source latency
   316    0.813505    3.615377    2.504696    2.504696 ^ clk (in)
                                                         clk (net)
                      3.615929    0.000000    2.504696 ^ _3201_/CLK (sky130_fd_sc_hd__dfxtp_2)
                                  0.250000    2.754696   clock uncertainty
                                  0.000000    2.754696   clock reconvergence pessimism
                                  0.088239    2.842935   library hold time
                                              2.842935   data required time
---------------------------------------------------------------------------------------------
                                              2.842935   data required time
                                             -2.619928   data arrival time
---------------------------------------------------------------------------------------------
                                             -0.223007   slack (VIOLATED)


Startpoint: rst (input port clocked by clk)
Endpoint: _3137_ (rising edge-triggered flip-flop clocked by clk)
Path Group: clk
Path Type: min

Fanout         Cap        Slew       Delay        Time   Description
---------------------------------------------------------------------------------------------
                                  0.000000    0.000000   clock clk (rise edge)
                                  0.000000    0.000000   clock network delay (propagated)
                                  2.000000    2.000000 ^ input external delay
    46    0.265047    1.179859    0.821348    2.821348 ^ rst (in)
                                                         rst (net)
                      1.180301    0.000000    2.821348 ^ _2780_/B1 (sky130_fd_sc_hd__a21oi_2)
     1    0.002096    0.026488    0.003048    2.824395 v _2780_/Y (sky130_fd_sc_hd__a21oi_2)
                                                         _0251_ (net)
                      0.026488    0.000003    2.824399 v _3137_/D (sky130_fd_sc_hd__dfxtp_2)
                                              2.824399   data arrival time

                                  0.000000    0.000000   clock clk (rise edge)
                                  0.000000    0.000000   clock source latency
   316    0.813505    3.615377    2.495241    2.495241 ^ clk (in)
                                                         clk (net)
                      3.615683    0.000000    2.495241 ^ _3137_/CLK (sky130_fd_sc_hd__dfxtp_2)
                                  0.250000    2.745241   clock uncertainty
                                  0.000000    2.745241   clock reconvergence pessimism
                                  0.300273    3.045514   library hold time
                                              3.045514   data required time
---------------------------------------------------------------------------------------------
                                              3.045514   data required time
                                             -2.824399   data arrival time
---------------------------------------------------------------------------------------------
                                             -0.221115   slack (VIOLATED)


Startpoint: rst (input port clocked by clk)
Endpoint: _3151_ (rising edge-triggered flip-flop clocked by clk)
Path Group: clk
Path Type: min

Fanout         Cap        Slew       Delay        Time   Description
---------------------------------------------------------------------------------------------
                                  0.000000    0.000000   clock clk (rise edge)
                                  0.000000    0.000000   clock network delay (propagated)
                                  2.000000    2.000000 v input external delay
    46    0.243724    0.533561    0.396174    2.396174 v rst (in)
                                                         rst (net)
                      0.534269    0.000000    2.396174 v _2816_/A (sky130_fd_sc_hd__nor2_2)
     1    0.001778    0.051100    0.214655    2.610829 ^ _2816_/Y (sky130_fd_sc_hd__nor2_2)
                                                         _0265_ (net)
                      0.051100    0.000000    2.610830 ^ _3151_/D (sky130_fd_sc_hd__dfxtp_2)
                                              2.610830   data arrival time

                                  0.000000    0.000000   clock clk (rise edge)
                                  0.000000    0.000000   clock source latency
   316    0.813505    3.615377    2.482625    2.482625 ^ clk (in)
                                                         clk (net)
                      3.615467    0.000000    2.482625 ^ _3151_/CLK (sky130_fd_sc_hd__dfxtp_2)
                                  0.250000    2.732625   clock uncertainty
                                  0.000000    2.732625   clock reconvergence pessimism
                                  0.097885    2.830510   library hold time
                                              2.830510   data required time
---------------------------------------------------------------------------------------------
                                              2.830510   data required time
                                             -2.610830   data arrival time
---------------------------------------------------------------------------------------------
                                             -0.219680   slack (VIOLATED)


Startpoint: rst (input port clocked by clk)
Endpoint: _3153_ (rising edge-triggered flip-flop clocked by clk)
Path Group: clk
Path Type: min

Fanout         Cap        Slew       Delay        Time   Description
---------------------------------------------------------------------------------------------
                                  0.000000    0.000000   clock clk (rise edge)
                                  0.000000    0.000000   clock network delay (propagated)
                                  2.000000    2.000000 v input external delay
    46    0.243724    0.533561    0.396678    2.396678 v rst (in)
                                                         rst (net)
                      0.534314    0.000000    2.396678 v _2820_/A (sky130_fd_sc_hd__nor2_2)
     1    0.001763    0.050860    0.214452    2.611130 ^ _2820_/Y (sky130_fd_sc_hd__nor2_2)
                                                         _0267_ (net)
                      0.050860    0.000000    2.611131 ^ _3153_/D (sky130_fd_sc_hd__dfxtp_2)
                                              2.611131   data arrival time

                                  0.000000    0.000000   clock clk (rise edge)
                                  0.000000    0.000000   clock source latency
   316    0.813505    3.615377    2.482656    2.482656 ^ clk (in)
                                                         clk (net)
                      3.615468    0.000000    2.482656 ^ _3153_/CLK (sky130_fd_sc_hd__dfxtp_2)
                                  0.250000    2.732656   clock uncertainty
                                  0.000000    2.732656   clock reconvergence pessimism
                                  0.097928    2.830585   library hold time
                                              2.830585   data required time
---------------------------------------------------------------------------------------------
                                              2.830585   data required time
                                             -2.611131   data arrival time
---------------------------------------------------------------------------------------------
                                             -0.219454   slack (VIOLATED)


Startpoint: rst (input port clocked by clk)
Endpoint: _3152_ (rising edge-triggered flip-flop clocked by clk)
Path Group: clk
Path Type: min

Fanout         Cap        Slew       Delay        Time   Description
---------------------------------------------------------------------------------------------
                                  0.000000    0.000000   clock clk (rise edge)
                                  0.000000    0.000000   clock network delay (propagated)
                                  2.000000    2.000000 v input external delay
    46    0.243724    0.533561    0.396464    2.396464 v rst (in)
                                                         rst (net)
                      0.534295    0.000000    2.396464 v _2818_/A (sky130_fd_sc_hd__nor2_2)
     1    0.001789    0.051148    0.214812    2.611275 ^ _2818_/Y (sky130_fd_sc_hd__nor2_2)
                                                         _0266_ (net)
                      0.051148    0.000000    2.611276 ^ _3152_/D (sky130_fd_sc_hd__dfxtp_2)
                                              2.611276   data arrival time

                                  0.000000    0.000000   clock clk (rise edge)
                                  0.000000    0.000000   clock source latency
   316    0.813505    3.615377    2.482669    2.482669 ^ clk (in)
                                                         clk (net)
                      3.615468    0.000000    2.482669 ^ _3152_/CLK (sky130_fd_sc_hd__dfxtp_2)
                                  0.250000    2.732669   clock uncertainty
                                  0.000000    2.732669   clock reconvergence pessimism
                                  0.097877    2.830545   library hold time
                                              2.830545   data required time
---------------------------------------------------------------------------------------------
                                              2.830545   data required time
                                             -2.611276   data arrival time
---------------------------------------------------------------------------------------------
                                             -0.219269   slack (VIOLATED)


Startpoint: rst (input port clocked by clk)
Endpoint: _3159_ (rising edge-triggered flip-flop clocked by clk)
Path Group: clk
Path Type: min

Fanout         Cap        Slew       Delay        Time   Description
---------------------------------------------------------------------------------------------
                                  0.000000    0.000000   clock clk (rise edge)
                                  0.000000    0.000000   clock network delay (propagated)
                                  2.000000    2.000000 v input external delay
    46    0.243724    0.533561    0.397113    2.397113 v rst (in)
                                                         rst (net)
                      0.534355    0.000000    2.397113 v _2832_/A (sky130_fd_sc_hd__nor2_2)
     1    0.001735    0.050545    0.214069    2.611182 ^ _2832_/Y (sky130_fd_sc_hd__nor2_2)
                                                         _0273_ (net)
                      0.050545    0.000000    2.611183 ^ _3159_/D (sky130_fd_sc_hd__dfxtp_2)
                                              2.611183   data arrival time

                                  0.000000    0.000000   clock clk (rise edge)
                                  0.000000    0.000000   clock source latency
   316    0.813505    3.615377    2.482443    2.482443 ^ clk (in)
                                                         clk (net)
                      3.615465    0.000000    2.482443 ^ _3159_/CLK (sky130_fd_sc_hd__dfxtp_2)
                                  0.250000    2.732443   clock uncertainty
                                  0.000000    2.732443   clock reconvergence pessimism
                                  0.097985    2.830428   library hold time
                                              2.830428   data required time
---------------------------------------------------------------------------------------------
                                              2.830428   data required time
                                             -2.611183   data arrival time
---------------------------------------------------------------------------------------------
                                             -0.219245   slack (VIOLATED)


Startpoint: rst (input port clocked by clk)
Endpoint: _3154_ (rising edge-triggered flip-flop clocked by clk)
Path Group: clk
Path Type: min

Fanout         Cap        Slew       Delay        Time   Description
---------------------------------------------------------------------------------------------
                                  0.000000    0.000000   clock clk (rise edge)
                                  0.000000    0.000000   clock network delay (propagated)
                                  2.000000    2.000000 v input external delay
    46    0.243724    0.533561    0.396830    2.396830 v rst (in)
                                                         rst (net)
                      0.534328    0.000000    2.396830 v _2822_/A (sky130_fd_sc_hd__nor2_2)
     1    0.001771    0.050910    0.214565    2.611395 ^ _2822_/Y (sky130_fd_sc_hd__nor2_2)
                                                         _0268_ (net)
                      0.050910    0.000000    2.611396 ^ _3154_/D (sky130_fd_sc_hd__dfxtp_2)
                                              2.611396   data arrival time

                                  0.000000    0.000000   clock clk (rise edge)
                                  0.000000    0.000000   clock source latency
   316    0.813505    3.615377    2.482632    2.482632 ^ clk (in)
                                                         clk (net)
                      3.615467    0.000000    2.482632 ^ _3154_/CLK (sky130_fd_sc_hd__dfxtp_2)
                                  0.250000    2.732632   clock uncertainty
                                  0.000000    2.732632   clock reconvergence pessimism
                                  0.097919    2.830551   library hold time
                                              2.830551   data required time
---------------------------------------------------------------------------------------------
                                              2.830551   data required time
                                             -2.611396   data arrival time
---------------------------------------------------------------------------------------------
                                             -0.219156   slack (VIOLATED)


Startpoint: rst (input port clocked by clk)
Endpoint: _3149_ (rising edge-triggered flip-flop clocked by clk)
Path Group: clk
Path Type: min

Fanout         Cap        Slew       Delay        Time   Description
---------------------------------------------------------------------------------------------
                                  0.000000    0.000000   clock clk (rise edge)
                                  0.000000    0.000000   clock network delay (propagated)
                                  2.000000    2.000000 v input external delay
    46    0.243724    0.533561    0.396751    2.396751 v rst (in)
                                                         rst (net)
                      0.534321    0.000000    2.396751 v _2811_/A (sky130_fd_sc_hd__nor2_2)
     1    0.001939    0.052731    0.216948    2.613699 ^ _2811_/Y (sky130_fd_sc_hd__nor2_2)
                                                         _0263_ (net)
                      0.052731    0.000003    2.613701 ^ _3149_/D (sky130_fd_sc_hd__dfxtp_2)
                                              2.613701   data arrival time

                                  0.000000    0.000000   clock clk (rise edge)
                                  0.000000    0.000000   clock source latency
   316    0.813505    3.615377    2.485217    2.485217 ^ clk (in)
                                                         clk (net)
                      3.615501    0.000000    2.485217 ^ _3149_/CLK (sky130_fd_sc_hd__dfxtp_2)
                                  0.250000    2.735218   clock uncertainty
                                  0.000000    2.735218   clock reconvergence pessimism
                                  0.097592    2.832810   library hold time
                                              2.832810   data required time
---------------------------------------------------------------------------------------------
                                              2.832810   data required time
                                             -2.613701   data arrival time
---------------------------------------------------------------------------------------------
                                             -0.219109   slack (VIOLATED)


Startpoint: rst (input port clocked by clk)
Endpoint: _3161_ (rising edge-triggered flip-flop clocked by clk)
Path Group: clk
Path Type: min

Fanout         Cap        Slew       Delay        Time   Description
---------------------------------------------------------------------------------------------
                                  0.000000    0.000000   clock clk (rise edge)
                                  0.000000    0.000000   clock network delay (propagated)
                                  2.000000    2.000000 v input external delay
    46    0.243724    0.533561    0.396036    2.396036 v rst (in)
                                                         rst (net)
                      0.534257    0.000000    2.396036 v _2836_/A (sky130_fd_sc_hd__nor2_2)
     1    0.001832    0.051540    0.215422    2.611458 ^ _2836_/Y (sky130_fd_sc_hd__nor2_2)
                                                         _0275_ (net)
                      0.051540    0.000001    2.611459 ^ _3161_/D (sky130_fd_sc_hd__dfxtp_2)
                                              2.611459   data arrival time

                                  0.000000    0.000000   clock clk (rise edge)
                                  0.000000    0.000000   clock source latency
   316    0.813505    3.615377    2.482408    2.482408 ^ clk (in)
                                                         clk (net)
                      3.615465    0.000000    2.482408 ^ _3161_/CLK (sky130_fd_sc_hd__dfxtp_2)
                                  0.250000    2.732408   clock uncertainty
                                  0.000000    2.732408   clock reconvergence pessimism
                                  0.097806    2.830214   library hold time
                                              2.830214   data required time
---------------------------------------------------------------------------------------------
                                              2.830214   data required time
                                             -2.611459   data arrival time
---------------------------------------------------------------------------------------------
                                             -0.218755   slack (VIOLATED)


Startpoint: rst (input port clocked by clk)
Endpoint: _3157_ (rising edge-triggered flip-flop clocked by clk)
Path Group: clk
Path Type: min

Fanout         Cap        Slew       Delay        Time   Description
---------------------------------------------------------------------------------------------
                                  0.000000    0.000000   clock clk (rise edge)
                                  0.000000    0.000000   clock network delay (propagated)
                                  2.000000    2.000000 v input external delay
    46    0.243724    0.533561    0.397048    2.397048 v rst (in)
                                                         rst (net)
                      0.534349    0.000000    2.397048 v _2828_/A (sky130_fd_sc_hd__nor2_2)
     1    0.001801    0.051216    0.214993    2.612041 ^ _2828_/Y (sky130_fd_sc_hd__nor2_2)
                                                         _0271_ (net)
                      0.051216    0.000000    2.612042 ^ _3157_/D (sky130_fd_sc_hd__dfxtp_2)
                                              2.612042   data arrival time

                                  0.000000    0.000000   clock clk (rise edge)
                                  0.000000    0.000000   clock source latency
   316    0.813505    3.615377    2.482535    2.482535 ^ clk (in)
                                                         clk (net)
                      3.615466    0.000000    2.482535 ^ _3157_/CLK (sky130_fd_sc_hd__dfxtp_2)
                                  0.250000    2.732535   clock uncertainty
                                  0.000000    2.732535   clock reconvergence pessimism
                                  0.097864    2.830400   library hold time
                                              2.830400   data required time
---------------------------------------------------------------------------------------------
                                              2.830400   data required time
                                             -2.612042   data arrival time
---------------------------------------------------------------------------------------------
                                             -0.218358   slack (VIOLATED)


Startpoint: rst (input port clocked by clk)
Endpoint: _3162_ (rising edge-triggered flip-flop clocked by clk)
Path Group: clk
Path Type: min

Fanout         Cap        Slew       Delay        Time   Description
---------------------------------------------------------------------------------------------
                                  0.000000    0.000000   clock clk (rise edge)
                                  0.000000    0.000000   clock network delay (propagated)
                                  2.000000    2.000000 v input external delay
    46    0.243724    0.533561    0.396028    2.396028 v rst (in)
                                                         rst (net)
                      0.534256    0.000000    2.396028 v _2838_/A (sky130_fd_sc_hd__nor2_2)
     1    0.001867    0.051930    0.215913    2.611941 ^ _2838_/Y (sky130_fd_sc_hd__nor2_2)
                                                         _0276_ (net)
                      0.051930    0.000002    2.611942 ^ _3162_/D (sky130_fd_sc_hd__dfxtp_2)
                                              2.611942   data arrival time

                                  0.000000    0.000000   clock clk (rise edge)
                                  0.000000    0.000000   clock source latency
   316    0.813505    3.615377    2.482406    2.482406 ^ clk (in)
                                                         clk (net)
                      3.615465    0.000000    2.482406 ^ _3162_/CLK (sky130_fd_sc_hd__dfxtp_2)
                                  0.250000    2.732406   clock uncertainty
                                  0.000000    2.732406   clock reconvergence pessimism
                                  0.097736    2.830142   library hold time
                                              2.830142   data required time
---------------------------------------------------------------------------------------------
                                              2.830142   data required time
                                             -2.611942   data arrival time
---------------------------------------------------------------------------------------------
                                             -0.218199   slack (VIOLATED)


Startpoint: rst (input port clocked by clk)
Endpoint: _3156_ (rising edge-triggered flip-flop clocked by clk)
Path Group: clk
Path Type: min

Fanout         Cap        Slew       Delay        Time   Description
---------------------------------------------------------------------------------------------
                                  0.000000    0.000000   clock clk (rise edge)
                                  0.000000    0.000000   clock network delay (propagated)
                                  2.000000    2.000000 v input external delay
    46    0.243724    0.533561    0.396906    2.396906 v rst (in)
                                                         rst (net)
                      0.534335    0.000000    2.396906 v _2826_/A (sky130_fd_sc_hd__nor2_2)
     1    0.001825    0.051469    0.215330    2.612237 ^ _2826_/Y (sky130_fd_sc_hd__nor2_2)
                                                         _0270_ (net)
                      0.051469    0.000001    2.612238 ^ _3156_/D (sky130_fd_sc_hd__dfxtp_2)
                                              2.612238   data arrival time

                                  0.000000    0.000000   clock clk (rise edge)
                                  0.000000    0.000000   clock source latency
   316    0.813505    3.615377    2.482611    2.482611 ^ clk (in)
                                                         clk (net)
                      3.615467    0.000000    2.482611 ^ _3156_/CLK (sky130_fd_sc_hd__dfxtp_2)
                                  0.250000    2.732611   clock uncertainty
                                  0.000000    2.732611   clock reconvergence pessimism
                                  0.097819    2.830430   library hold time
                                              2.830430   data required time
---------------------------------------------------------------------------------------------
                                              2.830430   data required time
                                             -2.612238   data arrival time
---------------------------------------------------------------------------------------------
                                             -0.218191   slack (VIOLATED)


Startpoint: rst (input port clocked by clk)
Endpoint: _3155_ (rising edge-triggered flip-flop clocked by clk)
Path Group: clk
Path Type: min

Fanout         Cap        Slew       Delay        Time   Description
---------------------------------------------------------------------------------------------
                                  0.000000    0.000000   clock clk (rise edge)
                                  0.000000    0.000000   clock network delay (propagated)
                                  2.000000    2.000000 v input external delay
    46    0.243724    0.533561    0.396975    2.396975 v rst (in)
                                                         rst (net)
                      0.534342    0.000000    2.396975 v _2824_/A (sky130_fd_sc_hd__nor2_2)
     1    0.001826    0.051498    0.215345    2.612319 ^ _2824_/Y (sky130_fd_sc_hd__nor2_2)
                                                         _0269_ (net)
                      0.051498    0.000001    2.612321 ^ _3155_/D (sky130_fd_sc_hd__dfxtp_2)
                                              2.612321   data arrival time

                                  0.000000    0.000000   clock clk (rise edge)
                                  0.000000    0.000000   clock source latency
   316    0.813505    3.615377    2.482579    2.482579 ^ clk (in)
                                                         clk (net)
                      3.615467    0.000000    2.482579 ^ _3155_/CLK (sky130_fd_sc_hd__dfxtp_2)
                                  0.250000    2.732579   clock uncertainty
                                  0.000000    2.732579   clock reconvergence pessimism
                                  0.097813    2.830393   library hold time
                                              2.830393   data required time
---------------------------------------------------------------------------------------------
                                              2.830393   data required time
                                             -2.612321   data arrival time
---------------------------------------------------------------------------------------------
                                             -0.218072   slack (VIOLATED)


Startpoint: rst (input port clocked by clk)
Endpoint: _3160_ (rising edge-triggered flip-flop clocked by clk)
Path Group: clk
Path Type: min

Fanout         Cap        Slew       Delay        Time   Description
---------------------------------------------------------------------------------------------
                                  0.000000    0.000000   clock clk (rise edge)
                                  0.000000    0.000000   clock network delay (propagated)
                                  2.000000    2.000000 v input external delay
    46    0.243724    0.533561    0.397134    2.397134 v rst (in)
                                                         rst (net)
                      0.534357    0.000000    2.397134 v _2834_/A (sky130_fd_sc_hd__nor2_2)
     1    0.001831    0.051524    0.215422    2.612556 ^ _2834_/Y (sky130_fd_sc_hd__nor2_2)
                                                         _0274_ (net)
                      0.051524    0.000002    2.612558 ^ _3160_/D (sky130_fd_sc_hd__dfxtp_2)
                                              2.612558   data arrival time

                                  0.000000    0.000000   clock clk (rise edge)
                                  0.000000    0.000000   clock source latency
   316    0.813505    3.615377    2.482340    2.482340 ^ clk (in)
                                                         clk (net)
                      3.615464    0.000000    2.482340 ^ _3160_/CLK (sky130_fd_sc_hd__dfxtp_2)
                                  0.250000    2.732340   clock uncertainty
                                  0.000000    2.732340   clock reconvergence pessimism
                                  0.097809    2.830148   library hold time
                                              2.830148   data required time
---------------------------------------------------------------------------------------------
                                              2.830148   data required time
                                             -2.612558   data arrival time
---------------------------------------------------------------------------------------------
                                             -0.217590   slack (VIOLATED)


Startpoint: rst (input port clocked by clk)
Endpoint: _3158_ (rising edge-triggered flip-flop clocked by clk)
Path Group: clk
Path Type: min

Fanout         Cap        Slew       Delay        Time   Description
---------------------------------------------------------------------------------------------
                                  0.000000    0.000000   clock clk (rise edge)
                                  0.000000    0.000000   clock network delay (propagated)
                                  2.000000    2.000000 v input external delay
    46    0.243724    0.533561    0.397097    2.397097 v rst (in)
                                                         rst (net)
                      0.534353    0.000000    2.397097 v _2830_/A (sky130_fd_sc_hd__nor2_2)
     1    0.001936    0.052613    0.216905    2.614002 ^ _2830_/Y (sky130_fd_sc_hd__nor2_2)
                                                         _0272_ (net)
                      0.052613    0.000003    2.614005 ^ _3158_/D (sky130_fd_sc_hd__dfxtp_2)
                                              2.614005   data arrival time

                                  0.000000    0.000000   clock clk (rise edge)
                                  0.000000    0.000000   clock source latency
   316    0.813505    3.615377    2.482491    2.482491 ^ clk (in)
                                                         clk (net)
                      3.615466    0.000000    2.482491 ^ _3158_/CLK (sky130_fd_sc_hd__dfxtp_2)
                                  0.250000    2.732491   clock uncertainty
                                  0.000000    2.732491   clock reconvergence pessimism
                                  0.097613    2.830104   library hold time
                                              2.830104   data required time
---------------------------------------------------------------------------------------------
                                              2.830104   data required time
                                             -2.614005   data arrival time
---------------------------------------------------------------------------------------------
                                             -0.216099   slack (VIOLATED)


Startpoint: rst (input port clocked by clk)
Endpoint: _3164_ (rising edge-triggered flip-flop clocked by clk)
Path Group: clk
Path Type: min

Fanout         Cap        Slew       Delay        Time   Description
---------------------------------------------------------------------------------------------
                                  0.000000    0.000000   clock clk (rise edge)
                                  0.000000    0.000000   clock network delay (propagated)
                                  2.000000    2.000000 v input external delay
    46    0.243724    0.533561    0.395976    2.395976 v rst (in)
                                                         rst (net)
                      0.534252    0.000000    2.395976 v _2842_/A (sky130_fd_sc_hd__nor2_2)
     1    0.002040    0.053774    0.218359    2.614335 ^ _2842_/Y (sky130_fd_sc_hd__nor2_2)
                                                         _0278_ (net)
                      0.053774    0.000004    2.614338 ^ _3164_/D (sky130_fd_sc_hd__dfxtp_2)
                                              2.614338   data arrival time

                                  0.000000    0.000000   clock clk (rise edge)
                                  0.000000    0.000000   clock source latency
   316    0.813505    3.615377    2.482616    2.482616 ^ clk (in)
                                                         clk (net)
                      3.615467    0.000000    2.482616 ^ _3164_/CLK (sky130_fd_sc_hd__dfxtp_2)
                                  0.250000    2.732616   clock uncertainty
                                  0.000000    2.732616   clock reconvergence pessimism
                                  0.097404    2.830020   library hold time
                                              2.830020   data required time
---------------------------------------------------------------------------------------------
                                              2.830020   data required time
                                             -2.614338   data arrival time
---------------------------------------------------------------------------------------------
                                             -0.215681   slack (VIOLATED)


Startpoint: rst (input port clocked by clk)
Endpoint: _3150_ (rising edge-triggered flip-flop clocked by clk)
Path Group: clk
Path Type: min

Fanout         Cap        Slew       Delay        Time   Description
---------------------------------------------------------------------------------------------
                                  0.000000    0.000000   clock clk (rise edge)
                                  0.000000    0.000000   clock network delay (propagated)
                                  2.000000    2.000000 ^ input external delay
    46    0.265047    1.179859    0.820515    2.820515 ^ rst (in)
                                                         rst (net)
                      1.180262    0.000000    2.820515 ^ _2814_/B1 (sky130_fd_sc_hd__a21oi_2)
     1    0.001866    0.025709   -0.000372    2.820143 v _2814_/Y (sky130_fd_sc_hd__a21oi_2)
                                                         _0264_ (net)
                      0.025709    0.000002    2.820144 v _3150_/D (sky130_fd_sc_hd__dfxtp_2)
                                              2.820144   data arrival time

                                  0.000000    0.000000   clock clk (rise edge)
                                  0.000000    0.000000   clock source latency
   316    0.813505    3.615377    2.485146    2.485146 ^ clk (in)
                                                         clk (net)
                      3.615500    0.000000    2.485146 ^ _3150_/CLK (sky130_fd_sc_hd__dfxtp_2)
                                  0.250000    2.735146   clock uncertainty
                                  0.000000    2.735146   clock reconvergence pessimism
                                  0.300568    3.035714   library hold time
                                              3.035714   data required time
---------------------------------------------------------------------------------------------
                                              3.035714   data required time
                                             -2.820144   data arrival time
---------------------------------------------------------------------------------------------
                                             -0.215570   slack (VIOLATED)


Startpoint: rst (input port clocked by clk)
Endpoint: _3148_ (rising edge-triggered flip-flop clocked by clk)
Path Group: clk
Path Type: min

Fanout         Cap        Slew       Delay        Time   Description
---------------------------------------------------------------------------------------------
                                  0.000000    0.000000   clock clk (rise edge)
                                  0.000000    0.000000   clock network delay (propagated)
                                  2.000000    2.000000 ^ input external delay
    46    0.265047    1.179859    0.821218    2.821218 ^ rst (in)
                                                         rst (net)
                      1.180295    0.000000    2.821218 ^ _2809_/B1 (sky130_fd_sc_hd__a21oi_2)
     1    0.001905    0.025882    0.000197    2.821415 v _2809_/Y (sky130_fd_sc_hd__a21oi_2)
                                                         _0262_ (net)
                      0.025882    0.000002    2.821417 v _3148_/D (sky130_fd_sc_hd__dfxtp_2)
                                              2.821417   data arrival time

                                  0.000000    0.000000   clock clk (rise edge)
                                  0.000000    0.000000   clock source latency
   316    0.813505    3.615377    2.485281    2.485281 ^ clk (in)
                                                         clk (net)
                      3.615502    0.000000    2.485281 ^ _3148_/CLK (sky130_fd_sc_hd__dfxtp_2)
                                  0.250000    2.735281   clock uncertainty
                                  0.000000    2.735281   clock reconvergence pessimism
                                  0.300500    3.035781   library hold time
                                              3.035781   data required time
---------------------------------------------------------------------------------------------
                                              3.035781   data required time
                                             -2.821417   data arrival time
---------------------------------------------------------------------------------------------
                                             -0.214364   slack (VIOLATED)


Startpoint: rst (input port clocked by clk)
Endpoint: _3144_ (rising edge-triggered flip-flop clocked by clk)
Path Group: clk
Path Type: min

Fanout         Cap        Slew       Delay        Time   Description
---------------------------------------------------------------------------------------------
                                  0.000000    0.000000   clock clk (rise edge)
                                  0.000000    0.000000   clock network delay (propagated)
                                  2.000000    2.000000 ^ input external delay
    46    0.265047    1.179859    0.821159    2.821159 ^ rst (in)
                                                         rst (net)
                      1.180292    0.000000    2.821159 ^ _2799_/B1 (sky130_fd_sc_hd__a21oi_2)
     1    0.001967    0.026049    0.001134    2.822293 v _2799_/Y (sky130_fd_sc_hd__a21oi_2)
                                                         _0258_ (net)
                      0.026049    0.000002    2.822295 v _3144_/D (sky130_fd_sc_hd__dfxtp_2)
                                              2.822295   data arrival time

                                  0.000000    0.000000   clock clk (rise edge)
                                  0.000000    0.000000   clock source latency
   316    0.813505    3.615377    2.485690    2.485690 ^ clk (in)
                                                         clk (net)
                      3.615508    0.000000    2.485690 ^ _3144_/CLK (sky130_fd_sc_hd__dfxtp_2)
                                  0.250000    2.735690   clock uncertainty
                                  0.000000    2.735690   clock reconvergence pessimism
                                  0.300434    3.036124   library hold time
                                              3.036124   data required time
---------------------------------------------------------------------------------------------
                                              3.036124   data required time
                                             -2.822295   data arrival time
---------------------------------------------------------------------------------------------
                                             -0.213829   slack (VIOLATED)


Startpoint: rst (input port clocked by clk)
Endpoint: _3146_ (rising edge-triggered flip-flop clocked by clk)
Path Group: clk
Path Type: min

Fanout         Cap        Slew       Delay        Time   Description
---------------------------------------------------------------------------------------------
                                  0.000000    0.000000   clock clk (rise edge)
                                  0.000000    0.000000   clock network delay (propagated)
                                  2.000000    2.000000 ^ input external delay
    46    0.265047    1.179859    0.821252    2.821252 ^ rst (in)
                                                         rst (net)
                      1.180296    0.000000    2.821252 ^ _2804_/B1 (sky130_fd_sc_hd__a21oi_2)
     1    0.001946    0.026020    0.000819    2.822072 v _2804_/Y (sky130_fd_sc_hd__a21oi_2)
                                                         _0260_ (net)
                      0.026020    0.000002    2.822074 v _3146_/D (sky130_fd_sc_hd__dfxtp_2)
                                              2.822074   data arrival time

                                  0.000000    0.000000   clock clk (rise edge)
                                  0.000000    0.000000   clock source latency
   316    0.813505    3.615377    2.485291    2.485291 ^ clk (in)
                                                         clk (net)
                      3.615502    0.000000    2.485291 ^ _3146_/CLK (sky130_fd_sc_hd__dfxtp_2)
                                  0.250000    2.735291   clock uncertainty
                                  0.000000    2.735291   clock reconvergence pessimism
                                  0.300445    3.035736   library hold time
                                              3.035736   data required time
---------------------------------------------------------------------------------------------
                                              3.035736   data required time
                                             -2.822074   data arrival time
---------------------------------------------------------------------------------------------
                                             -0.213662   slack (VIOLATED)


Startpoint: rst (input port clocked by clk)
Endpoint: _3141_ (rising edge-triggered flip-flop clocked by clk)
Path Group: clk
Path Type: min

Fanout         Cap        Slew       Delay        Time   Description
---------------------------------------------------------------------------------------------
                                  0.000000    0.000000   clock clk (rise edge)
                                  0.000000    0.000000   clock network delay (propagated)
                                  2.000000    2.000000 ^ input external delay
    46    0.265047    1.179859    0.821313    2.821313 ^ rst (in)
                                                         rst (net)
                      1.180299    0.000000    2.821313 ^ _2790_/B1 (sky130_fd_sc_hd__a21oi_2)
     1    0.002014    0.026447    0.001826    2.823139 v _2790_/Y (sky130_fd_sc_hd__a21oi_2)
                                                         _0255_ (net)
                      0.026447    0.000003    2.823141 v _3141_/D (sky130_fd_sc_hd__dfxtp_2)
                                              2.823141   data arrival time

                                  0.000000    0.000000   clock clk (rise edge)
                                  0.000000    0.000000   clock source latency
   316    0.813505    3.615377    2.485781    2.485781 ^ clk (in)
                                                         clk (net)
                      3.615509    0.000000    2.485781 ^ _3141_/CLK (sky130_fd_sc_hd__dfxtp_2)
                                  0.250000    2.735781   clock uncertainty
                                  0.000000    2.735781   clock reconvergence pessimism
                                  0.300276    3.036057   library hold time
                                              3.036057   data required time
---------------------------------------------------------------------------------------------
                                              3.036057   data required time
                                             -2.823141   data arrival time
---------------------------------------------------------------------------------------------
                                             -0.212916   slack (VIOLATED)


Startpoint: rst (input port clocked by clk)
Endpoint: _3142_ (rising edge-triggered flip-flop clocked by clk)
Path Group: clk
Path Type: min

Fanout         Cap        Slew       Delay        Time   Description
---------------------------------------------------------------------------------------------
                                  0.000000    0.000000   clock clk (rise edge)
                                  0.000000    0.000000   clock network delay (propagated)
                                  2.000000    2.000000 ^ input external delay
    46    0.265047    1.179859    0.821361    2.821361 ^ rst (in)
                                                         rst (net)
                      1.180301    0.000000    2.821361 ^ _2793_/B1 (sky130_fd_sc_hd__a21oi_2)
     1    0.002027    0.026513    0.002017    2.823378 v _2793_/Y (sky130_fd_sc_hd__a21oi_2)
                                                         _0256_ (net)
                      0.026513    0.000003    2.823380 v _3142_/D (sky130_fd_sc_hd__dfxtp_2)
                                              2.823380   data arrival time

                                  0.000000    0.000000   clock clk (rise edge)
                                  0.000000    0.000000   clock source latency
   316    0.813505    3.615377    2.485804    2.485804 ^ clk (in)
                                                         clk (net)
                      3.615510    0.000000    2.485804 ^ _3142_/CLK (sky130_fd_sc_hd__dfxtp_2)
                                  0.250000    2.735804   clock uncertainty
                                  0.000000    2.735804   clock reconvergence pessimism
                                  0.300250    3.036054   library hold time
                                              3.036054   data required time
---------------------------------------------------------------------------------------------
                                              3.036054   data required time
                                             -2.823380   data arrival time
---------------------------------------------------------------------------------------------
                                             -0.212674   slack (VIOLATED)


Startpoint: rst (input port clocked by clk)
Endpoint: _3143_ (rising edge-triggered flip-flop clocked by clk)
Path Group: clk
Path Type: min

Fanout         Cap        Slew       Delay        Time   Description
---------------------------------------------------------------------------------------------
                                  0.000000    0.000000   clock clk (rise edge)
                                  0.000000    0.000000   clock network delay (propagated)
                                  2.000000    2.000000 ^ input external delay
    46    0.265047    1.179859    0.821379    2.821379 ^ rst (in)
                                                         rst (net)
                      1.180302    0.000000    2.821379 ^ _2796_/B1 (sky130_fd_sc_hd__a21oi_2)
     1    0.002037    0.026304    0.002168    2.823547 v _2796_/Y (sky130_fd_sc_hd__a21oi_2)
                                                         _0257_ (net)
                      0.026304    0.000003    2.823550 v _3143_/D (sky130_fd_sc_hd__dfxtp_2)
                                              2.823550   data arrival time

                                  0.000000    0.000000   clock clk (rise edge)
                                  0.000000    0.000000   clock source latency
   316    0.813505    3.615377    2.485812    2.485812 ^ clk (in)
                                                         clk (net)
                      3.615510    0.000000    2.485812 ^ _3143_/CLK (sky130_fd_sc_hd__dfxtp_2)
                                  0.250000    2.735812   clock uncertainty
                                  0.000000    2.735812   clock reconvergence pessimism
                                  0.300333    3.036145   library hold time
                                              3.036145   data required time
---------------------------------------------------------------------------------------------
                                              3.036145   data required time
                                             -2.823550   data arrival time
---------------------------------------------------------------------------------------------
                                             -0.212595   slack (VIOLATED)


Startpoint: s_araddr[4] (input port clocked by clk)
Endpoint: _2975_ (rising edge-triggered flip-flop clocked by clk)
Path Group: clk
Path Type: min

Fanout         Cap        Slew       Delay        Time   Description
---------------------------------------------------------------------------------------------
                                  0.000000    0.000000   clock clk (rise edge)
                                  0.000000    0.000000   clock network delay (propagated)
                                  2.000000    2.000000 ^ input external delay
     3    0.016852    0.081677    0.055880    2.055880 ^ s_araddr[4] (in)
                                                         s_araddr[4] (net)
                      0.081682    0.000000    2.055880 ^ _1610_/A (sky130_fd_sc_hd__nor2_2)
    32    0.132903    0.296729    0.253523    2.309402 v _1610_/Y (sky130_fd_sc_hd__nor2_2)
                                                         _1341_ (net)
                      0.297004    0.007585    2.316988 v _1668_/B1 (sky130_fd_sc_hd__a22o_2)
     1    0.002689    0.037572    0.297126    2.614114 v _1668_/X (sky130_fd_sc_hd__a22o_2)
                                                         _1383_ (net)
                      0.037572    0.000004    2.614118 v _1671_/A1 (sky130_fd_sc_hd__o211a_2)
     1    0.001816    0.023525    0.241816    2.855934 v _1671_/X (sky130_fd_sc_hd__o211a_2)
                                                         _0089_ (net)
                      0.023525    0.000002    2.855936 v _2975_/D (sky130_fd_sc_hd__dfxtp_2)
                                              2.855936   data arrival time

                                  0.000000    0.000000   clock clk (rise edge)
                                  0.000000    0.000000   clock source latency
   316    0.813505    3.615377    2.490880    2.490880 ^ clk (in)
                                                         clk (net)
                      3.615593    0.000000    2.490880 ^ _2975_/CLK (sky130_fd_sc_hd__dfxtp_2)
                                  0.250000    2.740880   clock uncertainty
                                  0.000000    2.740880   clock reconvergence pessimism
                                  0.301442    3.042321   library hold time
                                              3.042321   data required time
---------------------------------------------------------------------------------------------
                                              3.042321   data required time
                                             -2.855936   data arrival time
---------------------------------------------------------------------------------------------
                                             -0.186385   slack (VIOLATED)


Startpoint: s_araddr[4] (input port clocked by clk)
Endpoint: _2977_ (rising edge-triggered flip-flop clocked by clk)
Path Group: clk
Path Type: min

Fanout         Cap        Slew       Delay        Time   Description
---------------------------------------------------------------------------------------------
                                  0.000000    0.000000   clock clk (rise edge)
                                  0.000000    0.000000   clock network delay (propagated)
                                  2.000000    2.000000 ^ input external delay
     3    0.016852    0.081677    0.055880    2.055880 ^ s_araddr[4] (in)
                                                         s_araddr[4] (net)
                      0.081682    0.000000    2.055880 ^ _1610_/A (sky130_fd_sc_hd__nor2_2)
    32    0.132903    0.296729    0.253523    2.309402 v _1610_/Y (sky130_fd_sc_hd__nor2_2)
                                                         _1341_ (net)
                      0.296954    0.006882    2.316285 v _1676_/B1 (sky130_fd_sc_hd__a22o_2)
     1    0.003595    0.039560    0.301858    2.618143 v _1676_/X (sky130_fd_sc_hd__a22o_2)
                                                         _1389_ (net)
                      0.039560    0.000017    2.618160 v _1679_/A1 (sky130_fd_sc_hd__o211a_2)
     1    0.001796    0.023465    0.242556    2.860716 v _1679_/X (sky130_fd_sc_hd__o211a_2)
                                                         _0091_ (net)
                      0.023465    0.000001    2.860717 v _2977_/D (sky130_fd_sc_hd__dfxtp_2)
                                              2.860717   data arrival time

                                  0.000000    0.000000   clock clk (rise edge)
                                  0.000000    0.000000   clock source latency
   316    0.813505    3.615377    2.493723    2.493723 ^ clk (in)
                                                         clk (net)
                      3.615650    0.000000    2.493723 ^ _2977_/CLK (sky130_fd_sc_hd__dfxtp_2)
                                  0.250000    2.743723   clock uncertainty
                                  0.000000    2.743723   clock reconvergence pessimism
                                  0.301470    3.045193   library hold time
                                              3.045193   data required time
---------------------------------------------------------------------------------------------
                                              3.045193   data required time
                                             -2.860717   data arrival time
---------------------------------------------------------------------------------------------
                                             -0.184476   slack (VIOLATED)


Startpoint: s_araddr[4] (input port clocked by clk)
Endpoint: _2990_ (rising edge-triggered flip-flop clocked by clk)
Path Group: clk
Path Type: min

Fanout         Cap        Slew       Delay        Time   Description
---------------------------------------------------------------------------------------------
                                  0.000000    0.000000   clock clk (rise edge)
                                  0.000000    0.000000   clock network delay (propagated)
                                  2.000000    2.000000 ^ input external delay
     3    0.016852    0.081677    0.055880    2.055880 ^ s_araddr[4] (in)
                                                         s_araddr[4] (net)
                      0.081682    0.000000    2.055880 ^ _1610_/A (sky130_fd_sc_hd__nor2_2)
    32    0.132903    0.296729    0.253523    2.309402 v _1610_/Y (sky130_fd_sc_hd__nor2_2)
                                                         _1341_ (net)
                      0.297038    0.008025    2.317427 v _1725_/B1 (sky130_fd_sc_hd__a22o_2)
     1    0.003258    0.038346    0.300122    2.617550 v _1725_/X (sky130_fd_sc_hd__a22o_2)
                                                         _1425_ (net)
                      0.038346    0.000011    2.617561 v _1728_/A1 (sky130_fd_sc_hd__o211a_2)
     1    0.001701    0.023184    0.241530    2.859091 v _1728_/X (sky130_fd_sc_hd__o211a_2)
                                                         _0104_ (net)
                      0.023184    0.000000    2.859091 v _2990_/D (sky130_fd_sc_hd__dfxtp_2)
                                              2.859091   data arrival time

                                  0.000000    0.000000   clock clk (rise edge)
                                  0.000000    0.000000   clock source latency
   316    0.813505    3.615377    2.490863    2.490863 ^ clk (in)
                                                         clk (net)
                      3.615593    0.000000    2.490863 ^ _2990_/CLK (sky130_fd_sc_hd__dfxtp_2)
                                  0.250000    2.740863   clock uncertainty
                                  0.000000    2.740863   clock reconvergence pessimism
                                  0.301577    3.042440   library hold time
                                              3.042440   data required time
---------------------------------------------------------------------------------------------
                                              3.042440   data required time
                                             -2.859091   data arrival time
---------------------------------------------------------------------------------------------
                                             -0.183350   slack (VIOLATED)


Startpoint: s_araddr[4] (input port clocked by clk)
Endpoint: _2980_ (rising edge-triggered flip-flop clocked by clk)
Path Group: clk
Path Type: min

Fanout         Cap        Slew       Delay        Time   Description
---------------------------------------------------------------------------------------------
                                  0.000000    0.000000   clock clk (rise edge)
                                  0.000000    0.000000   clock network delay (propagated)
                                  2.000000    2.000000 ^ input external delay
     3    0.016852    0.081677    0.055880    2.055880 ^ s_araddr[4] (in)
                                                         s_araddr[4] (net)
                      0.081682    0.000000    2.055880 ^ _1610_/A (sky130_fd_sc_hd__nor2_2)
    32    0.132903    0.296729    0.253523    2.309402 v _1610_/Y (sky130_fd_sc_hd__nor2_2)
                                                         _1341_ (net)
                      0.297072    0.008445    2.317848 v _1687_/B1 (sky130_fd_sc_hd__a22o_2)
     1    0.003536    0.039341    0.301589    2.619437 v _1687_/X (sky130_fd_sc_hd__a22o_2)
                                                         _1397_ (net)
                      0.039341    0.000016    2.619453 v _1690_/A1 (sky130_fd_sc_hd__o211a_2)
     1    0.001818    0.023531    0.242583    2.862036 v _1690_/X (sky130_fd_sc_hd__o211a_2)
                                                         _0094_ (net)
                      0.023531    0.000002    2.862037 v _2980_/D (sky130_fd_sc_hd__dfxtp_2)
                                              2.862037   data arrival time

                                  0.000000    0.000000   clock clk (rise edge)
                                  0.000000    0.000000   clock source latency
   316    0.813505    3.615377    2.488371    2.488371 ^ clk (in)
                                                         clk (net)
                      3.615549    0.000000    2.488371 ^ _2980_/CLK (sky130_fd_sc_hd__dfxtp_2)
                                  0.250000    2.738371   clock uncertainty
                                  0.000000    2.738371   clock reconvergence pessimism
                                  0.301436    3.039807   library hold time
                                              3.039807   data required time
---------------------------------------------------------------------------------------------
                                              3.039807   data required time
                                             -2.862037   data arrival time
---------------------------------------------------------------------------------------------
                                             -0.177770   slack (VIOLATED)


Startpoint: s_araddr[4] (input port clocked by clk)
Endpoint: _2978_ (rising edge-triggered flip-flop clocked by clk)
Path Group: clk
Path Type: min

Fanout         Cap        Slew       Delay        Time   Description
---------------------------------------------------------------------------------------------
                                  0.000000    0.000000   clock clk (rise edge)
                                  0.000000    0.000000   clock network delay (propagated)
                                  2.000000    2.000000 ^ input external delay
     3    0.016852    0.081677    0.055880    2.055880 ^ s_araddr[4] (in)
                                                         s_araddr[4] (net)
                      0.081682    0.000000    2.055880 ^ _1610_/A (sky130_fd_sc_hd__nor2_2)
    32    0.132903    0.296729    0.253523    2.309402 v _1610_/Y (sky130_fd_sc_hd__nor2_2)
                                                         _1341_ (net)
                      0.297063    0.008342    2.317745 v _1680_/B1 (sky130_fd_sc_hd__a22o_2)
     1    0.003012    0.037594    0.298839    2.616584 v _1680_/X (sky130_fd_sc_hd__a22o_2)
                                                         _1392_ (net)
                      0.037594    0.000013    2.616596 v _1683_/A1 (sky130_fd_sc_hd__o211a_2)
     1    0.001790    0.023448    0.241688    2.858284 v _1683_/X (sky130_fd_sc_hd__o211a_2)
                                                         _0092_ (net)
                      0.023448    0.000001    2.858285 v _2978_/D (sky130_fd_sc_hd__dfxtp_2)
                                              2.858285   data arrival time

                                  0.000000    0.000000   clock clk (rise edge)
                                  0.000000    0.000000   clock source latency
   316    0.813505    3.615377    2.483151    2.483151 ^ clk (in)
                                                         clk (net)
                      3.615474    0.000000    2.483151 ^ _2978_/CLK (sky130_fd_sc_hd__dfxtp_2)
                                  0.250000    2.733151   clock uncertainty
                                  0.000000    2.733151   clock reconvergence pessimism
                                  0.301463    3.034614   library hold time
                                              3.034614   data required time
---------------------------------------------------------------------------------------------
                                              3.034614   data required time
                                             -2.858285   data arrival time
---------------------------------------------------------------------------------------------
                                             -0.176329   slack (VIOLATED)


Startpoint: rst (input port clocked by clk)
Endpoint: _2891_ (rising edge-triggered flip-flop clocked by clk)
Path Group: clk
Path Type: min

Fanout         Cap        Slew       Delay        Time   Description
---------------------------------------------------------------------------------------------
                                  0.000000    0.000000   clock clk (rise edge)
                                  0.000000    0.000000   clock network delay (propagated)
                                  2.000000    2.000000 v input external delay
    46    0.243724    0.533561    0.399837    2.399837 v rst (in)
                                                         rst (net)
                      0.534633    0.000000    2.399837 v _1480_/A (sky130_fd_sc_hd__nor3_2)
     1    0.002036    0.100839    0.293787    2.693624 ^ _1480_/Y (sky130_fd_sc_hd__nor3_2)
                                                         _0008_ (net)
                      0.100839    0.000003    2.693627 ^ _2891_/D (sky130_fd_sc_hd__dfxtp_2)
                                              2.693627   data arrival time

                                  0.000000    0.000000   clock clk (rise edge)
                                  0.000000    0.000000   clock source latency
   316    0.813505    3.615377    2.509137    2.509137 ^ clk (in)
                                                         clk (net)
                      3.616070    0.000000    2.509137 ^ _2891_/CLK (sky130_fd_sc_hd__dfxtp_2)
                                  0.250000    2.759137   clock uncertainty
                                  0.000000    2.759137   clock reconvergence pessimism
                                  0.088945    2.848082   library hold time
                                              2.848082   data required time
---------------------------------------------------------------------------------------------
                                              2.848082   data required time
                                             -2.693627   data arrival time
---------------------------------------------------------------------------------------------
                                             -0.154454   slack (VIOLATED)


Startpoint: rst (input port clocked by clk)
Endpoint: _3166_ (rising edge-triggered flip-flop clocked by clk)
Path Group: clk
Path Type: min

Fanout         Cap        Slew       Delay        Time   Description
---------------------------------------------------------------------------------------------
                                  0.000000    0.000000   clock clk (rise edge)
                                  0.000000    0.000000   clock network delay (propagated)
                                  2.000000    2.000000 v input external delay
    46    0.243724    0.533561    0.394348    2.394348 v rst (in)
                                                         rst (net)
                      0.534117    0.000000    2.394348 v _2847_/A (sky130_fd_sc_hd__nor3_2)
     1    0.001824    0.095834    0.290646    2.684993 ^ _2847_/Y (sky130_fd_sc_hd__nor3_2)
                                                         _0280_ (net)
                      0.095834    0.000001    2.684994 ^ _3166_/D (sky130_fd_sc_hd__dfxtp_2)
                                              2.684994   data arrival time

                                  0.000000    0.000000   clock clk (rise edge)
                                  0.000000    0.000000   clock source latency
   316    0.813505    3.615377    2.494545    2.494545 ^ clk (in)
                                                         clk (net)
                      3.615667    0.000000    2.494545 ^ _3166_/CLK (sky130_fd_sc_hd__dfxtp_2)
                                  0.250000    2.744545   clock uncertainty
                                  0.000000    2.744545   clock reconvergence pessimism
                                  0.089837    2.834382   library hold time
                                              2.834382   data required time
---------------------------------------------------------------------------------------------
                                              2.834382   data required time
                                             -2.684994   data arrival time
---------------------------------------------------------------------------------------------
                                             -0.149387   slack (VIOLATED)


Startpoint: s_arvalid (input port clocked by clk)
Endpoint: _2966_ (rising edge-triggered flip-flop clocked by clk)
Path Group: clk
Path Type: min

Fanout         Cap        Slew       Delay        Time   Description
---------------------------------------------------------------------------------------------
                                  0.000000    0.000000   clock clk (rise edge)
                                  0.000000    0.000000   clock network delay (propagated)
                                  2.000000    2.000000 v input external delay
     3    0.009879    0.024234    0.016000    2.016000 v s_arvalid (in)
                                                         s_arvalid (net)
                      0.024235    0.000000    2.016000 v _1475_/C (sky130_fd_sc_hd__and3_2)
    33    0.112538    0.263385    0.412271    2.428272 v _1475_/X (sky130_fd_sc_hd__and3_2)
                                                         _1271_ (net)
                      0.263402    0.002510    2.430781 v _1637_/B (sky130_fd_sc_hd__or2_2)
     1    0.002766    0.054333    0.353387    2.784168 v _1637_/X (sky130_fd_sc_hd__or2_2)
                                                         _1361_ (net)
                      0.054333    0.000006    2.784174 v _1638_/B1 (sky130_fd_sc_hd__o211a_2)
     1    0.001775    0.023404    0.127202    2.911375 v _1638_/X (sky130_fd_sc_hd__o211a_2)
                                                         _0080_ (net)
                      0.023404    0.000000    2.911376 v _2966_/D (sky130_fd_sc_hd__dfxtp_2)
                                              2.911376   data arrival time

                                  0.000000    0.000000   clock clk (rise edge)
                                  0.000000    0.000000   clock source latency
   316    0.813505    3.615377    2.503976    2.503976 ^ clk (in)
                                                         clk (net)
                      3.615907    0.000000    2.503976 ^ _2966_/CLK (sky130_fd_sc_hd__dfxtp_2)
                                  0.250000    2.753976   clock uncertainty
                                  0.000000    2.753976   clock reconvergence pessimism
                                  0.301514    3.055490   library hold time
                                              3.055490   data required time
---------------------------------------------------------------------------------------------
                                              3.055490   data required time
                                             -2.911376   data arrival time
---------------------------------------------------------------------------------------------
                                             -0.144114   slack (VIOLATED)


Startpoint: s_araddr[4] (input port clocked by clk)
Endpoint: _2974_ (rising edge-triggered flip-flop clocked by clk)
Path Group: clk
Path Type: min

Fanout         Cap        Slew       Delay        Time   Description
---------------------------------------------------------------------------------------------
                                  0.000000    0.000000   clock clk (rise edge)
                                  0.000000    0.000000   clock network delay (propagated)
                                  2.000000    2.000000 ^ input external delay
     3    0.016852    0.081677    0.055880    2.055880 ^ s_araddr[4] (in)
                                                         s_araddr[4] (net)
                      0.081682    0.000000    2.055880 ^ _1610_/A (sky130_fd_sc_hd__nor2_2)
    32    0.132903    0.296729    0.253523    2.309402 v _1610_/Y (sky130_fd_sc_hd__nor2_2)
                                                         _1341_ (net)
                      0.296978    0.007232    2.316635 v _1664_/A2 (sky130_fd_sc_hd__a22o_2)
     1    0.002576    0.037153    0.346289    2.662923 v _1664_/X (sky130_fd_sc_hd__a22o_2)
                                                         _1380_ (net)
                      0.037153    0.000005    2.662928 v _1667_/A1 (sky130_fd_sc_hd__o211a_2)
     1    0.001727    0.023262    0.241161    2.904089 v _1667_/X (sky130_fd_sc_hd__o211a_2)
                                                         _0088_ (net)
                      0.023262    0.000000    2.904089 v _2974_/D (sky130_fd_sc_hd__dfxtp_2)
                                              2.904089   data arrival time

                                  0.000000    0.000000   clock clk (rise edge)
                                  0.000000    0.000000   clock source latency
   316    0.813505    3.615377    2.495447    2.495447 ^ clk (in)
                                                         clk (net)
                      3.615687    0.000000    2.495447 ^ _2974_/CLK (sky130_fd_sc_hd__dfxtp_2)
                                  0.250000    2.745447   clock uncertainty
                                  0.000000    2.745447   clock reconvergence pessimism
                                  0.301553    3.047000   library hold time
                                              3.047000   data required time
---------------------------------------------------------------------------------------------
                                              3.047000   data required time
                                             -2.904089   data arrival time
---------------------------------------------------------------------------------------------
                                             -0.142911   slack (VIOLATED)


Startpoint: s_arvalid (input port clocked by clk)
Endpoint: _2969_ (rising edge-triggered flip-flop clocked by clk)
Path Group: clk
Path Type: min

Fanout         Cap        Slew       Delay        Time   Description
---------------------------------------------------------------------------------------------
                                  0.000000    0.000000   clock clk (rise edge)
                                  0.000000    0.000000   clock network delay (propagated)
                                  2.000000    2.000000 v input external delay
     3    0.009879    0.024234    0.016000    2.016000 v s_arvalid (in)
                                                         s_arvalid (net)
                      0.024235    0.000000    2.016000 v _1475_/C (sky130_fd_sc_hd__and3_2)
    33    0.112538    0.263385    0.412271    2.428272 v _1475_/X (sky130_fd_sc_hd__and3_2)
                                                         _1271_ (net)
                      0.263616    0.004914    2.433186 v _1648_/B (sky130_fd_sc_hd__or2_2)
     1    0.002712    0.054132    0.353135    2.786321 v _1648_/X (sky130_fd_sc_hd__or2_2)
                                                         _1369_ (net)
                      0.054132    0.000005    2.786326 v _1649_/B1 (sky130_fd_sc_hd__o211a_2)
     1    0.001699    0.023176    0.126800    2.913126 v _1649_/X (sky130_fd_sc_hd__o211a_2)
                                                         _0083_ (net)
                      0.023176    0.000000    2.913126 v _2969_/D (sky130_fd_sc_hd__dfxtp_2)
                                              2.913126   data arrival time

                                  0.000000    0.000000   clock clk (rise edge)
                                  0.000000    0.000000   clock source latency
   316    0.813505    3.615377    2.503281    2.503281 ^ clk (in)
                                                         clk (net)
                      3.615887    0.000000    2.503281 ^ _2969_/CLK (sky130_fd_sc_hd__dfxtp_2)
                                  0.250000    2.753281   clock uncertainty
                                  0.000000    2.753281   clock reconvergence pessimism
                                  0.301602    3.054883   library hold time
                                              3.054883   data required time
---------------------------------------------------------------------------------------------
                                              3.054883   data required time
                                             -2.913126   data arrival time
---------------------------------------------------------------------------------------------
                                             -0.141757   slack (VIOLATED)


Startpoint: s_arvalid (input port clocked by clk)
Endpoint: _2970_ (rising edge-triggered flip-flop clocked by clk)
Path Group: clk
Path Type: min

Fanout         Cap        Slew       Delay        Time   Description
---------------------------------------------------------------------------------------------
                                  0.000000    0.000000   clock clk (rise edge)
                                  0.000000    0.000000   clock network delay (propagated)
                                  2.000000    2.000000 v input external delay
     3    0.009879    0.024234    0.016000    2.016000 v s_arvalid (in)
                                                         s_arvalid (net)
                      0.024235    0.000000    2.016000 v _1475_/C (sky130_fd_sc_hd__and3_2)
    33    0.112538    0.263385    0.412271    2.428272 v _1475_/X (sky130_fd_sc_hd__and3_2)
                                                         _1271_ (net)
                      0.263594    0.004478    2.432750 v _1652_/B (sky130_fd_sc_hd__or2_2)
     1    0.002719    0.054158    0.353169    2.785919 v _1652_/X (sky130_fd_sc_hd__or2_2)
                                                         _1372_ (net)
                      0.054158    0.000005    2.785924 v _1653_/B1 (sky130_fd_sc_hd__o211a_2)
     1    0.001697    0.023173    0.126807    2.912731 v _1653_/X (sky130_fd_sc_hd__o211a_2)
                                                         _0084_ (net)
                      0.023173    0.000000    2.912731 v _2970_/D (sky130_fd_sc_hd__dfxtp_2)
                                              2.912731   data arrival time

                                  0.000000    0.000000   clock clk (rise edge)
                                  0.000000    0.000000   clock source latency
   316    0.813505    3.615377    2.501132    2.501132 ^ clk (in)
                                                         clk (net)
                      3.615827    0.000000    2.501132 ^ _2970_/CLK (sky130_fd_sc_hd__dfxtp_2)
                                  0.250000    2.751132   clock uncertainty
                                  0.000000    2.751132   clock reconvergence pessimism
                                  0.301599    3.052732   library hold time
                                              3.052732   data required time
---------------------------------------------------------------------------------------------
                                              3.052732   data required time
                                             -2.912731   data arrival time
---------------------------------------------------------------------------------------------
                                             -0.140000   slack (VIOLATED)


Startpoint: s_arvalid (input port clocked by clk)
Endpoint: _2971_ (rising edge-triggered flip-flop clocked by clk)
Path Group: clk
Path Type: min

Fanout         Cap        Slew       Delay        Time   Description
---------------------------------------------------------------------------------------------
                                  0.000000    0.000000   clock clk (rise edge)
                                  0.000000    0.000000   clock network delay (propagated)
                                  2.000000    2.000000 v input external delay
     3    0.009879    0.024234    0.016000    2.016000 v s_arvalid (in)
                                                         s_arvalid (net)
                      0.024235    0.000000    2.016000 v _1475_/C (sky130_fd_sc_hd__and3_2)
    33    0.112538    0.263385    0.412271    2.428272 v _1475_/X (sky130_fd_sc_hd__and3_2)
                                                         _1271_ (net)
                      0.263577    0.004117    2.432388 v _1656_/B (sky130_fd_sc_hd__or2_2)
     1    0.002797    0.054451    0.353656    2.786045 v _1656_/X (sky130_fd_sc_hd__or2_2)
                                                         _1375_ (net)
                      0.054451    0.000006    2.786051 v _1657_/B1 (sky130_fd_sc_hd__o211a_2)
     1    0.001805    0.023493    0.127376    2.913427 v _1657_/X (sky130_fd_sc_hd__o211a_2)
                                                         _0085_ (net)
                      0.023493    0.000001    2.913429 v _2971_/D (sky130_fd_sc_hd__dfxtp_2)
                                              2.913429   data arrival time

                                  0.000000    0.000000   clock clk (rise edge)
                                  0.000000    0.000000   clock source latency
   316    0.813505    3.615377    2.499297    2.499297 ^ clk (in)
                                                         clk (net)
                      3.615779    0.000000    2.499297 ^ _2971_/CLK (sky130_fd_sc_hd__dfxtp_2)
                                  0.250000    2.749297   clock uncertainty
                                  0.000000    2.749297   clock reconvergence pessimism
                                  0.301469    3.050766   library hold time
                                              3.050766   data required time
---------------------------------------------------------------------------------------------
                                              3.050766   data required time
                                             -2.913429   data arrival time
---------------------------------------------------------------------------------------------
                                             -0.137337   slack (VIOLATED)


Startpoint: s_araddr[4] (input port clocked by clk)
Endpoint: _2982_ (rising edge-triggered flip-flop clocked by clk)
Path Group: clk
Path Type: min

Fanout         Cap        Slew       Delay        Time   Description
---------------------------------------------------------------------------------------------
                                  0.000000    0.000000   clock clk (rise edge)
                                  0.000000    0.000000   clock network delay (propagated)
                                  2.000000    2.000000 ^ input external delay
     3    0.016852    0.081677    0.055880    2.055880 ^ s_araddr[4] (in)
                                                         s_araddr[4] (net)
                      0.081682    0.000000    2.055880 ^ _1610_/A (sky130_fd_sc_hd__nor2_2)
    32    0.132903    0.296729    0.253523    2.309402 v _1610_/Y (sky130_fd_sc_hd__nor2_2)
                                                         _1341_ (net)
                      0.297053    0.008217    2.317620 v _1695_/A2 (sky130_fd_sc_hd__a22o_2)
     1    0.002478    0.036815    0.345791    2.663410 v _1695_/X (sky130_fd_sc_hd__a22o_2)
                                                         _1403_ (net)
                      0.036815    0.000002    2.663412 v _1698_/A1 (sky130_fd_sc_hd__o211a_2)
     1    0.001815    0.023520    0.241484    2.904897 v _1698_/X (sky130_fd_sc_hd__o211a_2)
                                                         _0096_ (net)
                      0.023520    0.000001    2.904898 v _2982_/D (sky130_fd_sc_hd__dfxtp_2)
                                              2.904898   data arrival time

                                  0.000000    0.000000   clock clk (rise edge)
                                  0.000000    0.000000   clock source latency
   316    0.813505    3.615377    2.488437    2.488437 ^ clk (in)
                                                         clk (net)
                      3.615551    0.000000    2.488437 ^ _2982_/CLK (sky130_fd_sc_hd__dfxtp_2)
                                  0.250000    2.738438   clock uncertainty
                                  0.000000    2.738438   clock reconvergence pessimism
                                  0.301440    3.039878   library hold time
                                              3.039878   data required time
---------------------------------------------------------------------------------------------
                                              3.039878   data required time
                                             -2.904898   data arrival time
---------------------------------------------------------------------------------------------
                                             -0.134980   slack (VIOLATED)


Startpoint: s_arvalid (input port clocked by clk)
Endpoint: _2986_ (rising edge-triggered flip-flop clocked by clk)
Path Group: clk
Path Type: min

Fanout         Cap        Slew       Delay        Time   Description
---------------------------------------------------------------------------------------------
                                  0.000000    0.000000   clock clk (rise edge)
                                  0.000000    0.000000   clock network delay (propagated)
                                  2.000000    2.000000 v input external delay
     3    0.009879    0.024234    0.016000    2.016000 v s_arvalid (in)
                                                         s_arvalid (net)
                      0.024235    0.000000    2.016000 v _1475_/C (sky130_fd_sc_hd__and3_2)
    33    0.112538    0.263385    0.412271    2.428272 v _1475_/X (sky130_fd_sc_hd__and3_2)
                                                         _1271_ (net)
                      0.263407    0.002700    2.430971 v _1712_/B (sky130_fd_sc_hd__or2_2)
     1    0.002768    0.054343    0.353406    2.784377 v _1712_/X (sky130_fd_sc_hd__or2_2)
                                                         _1416_ (net)
                      0.054343    0.000006    2.784383 v _1713_/B1 (sky130_fd_sc_hd__o211a_2)
     1    0.001875    0.023701    0.127608    2.911990 v _1713_/X (sky130_fd_sc_hd__o211a_2)
                                                         _0100_ (net)
                      0.023701    0.000002    2.911993 v _2986_/D (sky130_fd_sc_hd__dfxtp_2)
                                              2.911993   data arrival time

                                  0.000000    0.000000   clock clk (rise edge)
                                  0.000000    0.000000   clock source latency
   316    0.813505    3.615377    2.484432    2.484432 ^ clk (in)
                                                         clk (net)
                      3.615490    0.000000    2.484432 ^ _2986_/CLK (sky130_fd_sc_hd__dfxtp_2)
                                  0.250000    2.734432   clock uncertainty
                                  0.000000    2.734432   clock reconvergence pessimism
                                  0.301364    3.035796   library hold time
                                              3.035796   data required time
---------------------------------------------------------------------------------------------
                                              3.035796   data required time
                                             -2.911993   data arrival time
---------------------------------------------------------------------------------------------
                                             -0.123803   slack (VIOLATED)


Startpoint: s_araddr[4] (input port clocked by clk)
Endpoint: _2985_ (rising edge-triggered flip-flop clocked by clk)
Path Group: clk
Path Type: min

Fanout         Cap        Slew       Delay        Time   Description
---------------------------------------------------------------------------------------------
                                  0.000000    0.000000   clock clk (rise edge)
                                  0.000000    0.000000   clock network delay (propagated)
                                  2.000000    2.000000 ^ input external delay
     3    0.016852    0.081677    0.055880    2.055880 ^ s_araddr[4] (in)
                                                         s_araddr[4] (net)
                      0.081682    0.000000    2.055880 ^ _1610_/A (sky130_fd_sc_hd__nor2_2)
    32    0.132903    0.296729    0.253523    2.309402 v _1610_/Y (sky130_fd_sc_hd__nor2_2)
                                                         _1341_ (net)
                      0.297072    0.008446    2.317849 v _1706_/A2 (sky130_fd_sc_hd__a22o_2)
     1    0.002541    0.037037    0.346135    2.663984 v _1706_/X (sky130_fd_sc_hd__a22o_2)
                                                         _1411_ (net)
                      0.037037    0.000003    2.663987 v _1709_/A1 (sky130_fd_sc_hd__o211a_2)
     1    0.001848    0.023620    0.241760    2.905747 v _1709_/X (sky130_fd_sc_hd__o211a_2)
                                                         _0099_ (net)
                      0.023620    0.000002    2.905749 v _2985_/D (sky130_fd_sc_hd__dfxtp_2)
                                              2.905749   data arrival time

                                  0.000000    0.000000   clock clk (rise edge)
                                  0.000000    0.000000   clock source latency
   316    0.813505    3.615377    2.475227    2.475227 ^ clk (in)
                                                         clk (net)
                      3.615401    0.000000    2.475227 ^ _2985_/CLK (sky130_fd_sc_hd__dfxtp_2)
                                  0.250000    2.725227   clock uncertainty
                                  0.000000    2.725227   clock reconvergence pessimism
                                  0.301390    3.026616   library hold time
                                              3.026616   data required time
---------------------------------------------------------------------------------------------
                                              3.026616   data required time
                                             -2.905749   data arrival time
---------------------------------------------------------------------------------------------
                                             -0.120868   slack (VIOLATED)


Startpoint: s_araddr[4] (input port clocked by clk)
Endpoint: _2989_ (rising edge-triggered flip-flop clocked by clk)
Path Group: clk
Path Type: min

Fanout         Cap        Slew       Delay        Time   Description
---------------------------------------------------------------------------------------------
                                  0.000000    0.000000   clock clk (rise edge)
                                  0.000000    0.000000   clock network delay (propagated)
                                  2.000000    2.000000 ^ input external delay
     3    0.016852    0.081677    0.055880    2.055880 ^ s_araddr[4] (in)
                                                         s_araddr[4] (net)
                      0.081682    0.000000    2.055880 ^ _1610_/A (sky130_fd_sc_hd__nor2_2)
    32    0.132903    0.296729    0.253523    2.309402 v _1610_/Y (sky130_fd_sc_hd__nor2_2)
                                                         _1341_ (net)
                      0.297068    0.008398    2.317801 v _1721_/A2 (sky130_fd_sc_hd__a22o_2)
     1    0.002642    0.037385    0.346676    2.664477 v _1721_/X (sky130_fd_sc_hd__a22o_2)
                                                         _1422_ (net)
                      0.037385    0.000006    2.664483 v _1724_/A1 (sky130_fd_sc_hd__o211a_2)
     1    0.001796    0.023465    0.241627    2.906110 v _1724_/X (sky130_fd_sc_hd__o211a_2)
                                                         _0103_ (net)
                      0.023465    0.000001    2.906111 v _2989_/D (sky130_fd_sc_hd__dfxtp_2)
                                              2.906111   data arrival time

                                  0.000000    0.000000   clock clk (rise edge)
                                  0.000000    0.000000   clock source latency
   316    0.813505    3.615377    2.473860    2.473860 ^ clk (in)
                                                         clk (net)
                      3.615393    0.000000    2.473860 ^ _2989_/CLK (sky130_fd_sc_hd__dfxtp_2)
                                  0.250000    2.723860   clock uncertainty
                                  0.000000    2.723860   clock reconvergence pessimism
                                  0.301451    3.025311   library hold time
                                              3.025311   data required time
---------------------------------------------------------------------------------------------
                                              3.025311   data required time
                                             -2.906111   data arrival time
---------------------------------------------------------------------------------------------
                                             -0.119200   slack (VIOLATED)


Startpoint: rst (input port clocked by clk)
Endpoint: _2896_ (rising edge-triggered flip-flop clocked by clk)
Path Group: clk
Path Type: min

Fanout         Cap        Slew       Delay        Time   Description
---------------------------------------------------------------------------------------------
                                  0.000000    0.000000   clock clk (rise edge)
                                  0.000000    0.000000   clock network delay (propagated)
                                  2.000000    2.000000 v input external delay
    46    0.243724    0.533561    0.400184    2.400184 v rst (in)
                                                         rst (net)
                      0.534672    0.000000    2.400184 v _1491_/A (sky130_fd_sc_hd__nor2_2)
     1    0.002687    0.060348    0.227598    2.627782 ^ _1491_/Y (sky130_fd_sc_hd__nor2_2)
                                                         _1281_ (net)
                      0.060348    0.000002    2.627784 ^ _1492_/B1 (sky130_fd_sc_hd__o21a_2)
     1    0.001845    0.026039    0.113396    2.741180 ^ _1492_/X (sky130_fd_sc_hd__o21a_2)
                                                         _0013_ (net)
                      0.026039    0.000002    2.741182 ^ _2896_/D (sky130_fd_sc_hd__dfxtp_2)
                                              2.741182   data arrival time

                                  0.000000    0.000000   clock clk (rise edge)
                                  0.000000    0.000000   clock source latency
   316    0.813505    3.615377    2.504763    2.504763 ^ clk (in)
                                                         clk (net)
                      3.615931    0.000000    2.504763 ^ _2896_/CLK (sky130_fd_sc_hd__dfxtp_2)
                                  0.250000    2.754763   clock uncertainty
                                  0.000000    2.754763   clock reconvergence pessimism
                                  0.102407    2.857170   library hold time
                                              2.857170   data required time
---------------------------------------------------------------------------------------------
                                              2.857170   data required time
                                             -2.741182   data arrival time
---------------------------------------------------------------------------------------------
                                             -0.115989   slack (VIOLATED)


Startpoint: rst (input port clocked by clk)
Endpoint: _2895_ (rising edge-triggered flip-flop clocked by clk)
Path Group: clk
Path Type: min

Fanout         Cap        Slew       Delay        Time   Description
---------------------------------------------------------------------------------------------
                                  0.000000    0.000000   clock clk (rise edge)
                                  0.000000    0.000000   clock network delay (propagated)
                                  2.000000    2.000000 ^ input external delay
    46    0.265047    1.179859    0.824534    2.824534 ^ rst (in)
                                                         rst (net)
                      1.180464    0.000000    2.824534 ^ _1489_/A (sky130_fd_sc_hd__nor4_2)
     1    0.002025    0.025271    0.115634    2.940168 v _1489_/Y (sky130_fd_sc_hd__nor4_2)
                                                         _0012_ (net)
                      0.025271    0.000003    2.940171 v _2895_/D (sky130_fd_sc_hd__dfxtp_2)
                                              2.940171   data arrival time

                                  0.000000    0.000000   clock clk (rise edge)
                                  0.000000    0.000000   clock source latency
   316    0.813505    3.615377    2.504768    2.504768 ^ clk (in)
                                                         clk (net)
                      3.615931    0.000000    2.504768 ^ _2895_/CLK (sky130_fd_sc_hd__dfxtp_2)
                                  0.250000    2.754768   clock uncertainty
                                  0.000000    2.754768   clock reconvergence pessimism
                                  0.300775    3.055543   library hold time
                                              3.055543   data required time
---------------------------------------------------------------------------------------------
                                              3.055543   data required time
                                             -2.940171   data arrival time
---------------------------------------------------------------------------------------------
                                             -0.115372   slack (VIOLATED)


Startpoint: rst (input port clocked by clk)
Endpoint: _2898_ (rising edge-triggered flip-flop clocked by clk)
Path Group: clk
Path Type: min

Fanout         Cap        Slew       Delay        Time   Description
---------------------------------------------------------------------------------------------
                                  0.000000    0.000000   clock clk (rise edge)
                                  0.000000    0.000000   clock network delay (propagated)
                                  2.000000    2.000000 ^ input external delay
    46    0.265047    1.179859    0.824697    2.824697 ^ rst (in)
                                                         rst (net)
                      1.180473    0.000000    2.824697 ^ _1496_/C1 (sky130_fd_sc_hd__a211o_2)
     1    0.001484    0.020968    0.194966    3.019663 ^ _1496_/X (sky130_fd_sc_hd__a211o_2)
                                                         _1284_ (net)
                      0.020968    0.000000    3.019663 ^ _1497_/B1_N (sky130_fd_sc_hd__o21ba_2)
     1    0.001843    0.022195    0.133313    3.152977 v _1497_/X (sky130_fd_sc_hd__o21ba_2)
                                                         _0015_ (net)
                      0.022195    0.000002    3.152978 v _2898_/D (sky130_fd_sc_hd__dfxtp_2)
                                              3.152978   data arrival time

                                  0.000000    0.000000   clock clk (rise edge)
                                  0.000000    0.000000   clock source latency
   316    0.813505    3.615377    2.504567    2.504567 ^ clk (in)
                                                         clk (net)
                      3.615925    0.000000    2.504567 ^ _2898_/CLK (sky130_fd_sc_hd__dfxtp_2)
                                  0.250000    2.754567   clock uncertainty
                                  0.000000    2.754567   clock reconvergence pessimism
                                  0.301995    3.056562   library hold time
                                              3.056562   data required time
---------------------------------------------------------------------------------------------
                                              3.056562   data required time
                                             -3.152978   data arrival time
---------------------------------------------------------------------------------------------
                                              0.096416   slack (MET)


Startpoint: _3168_ (rising edge-triggered flip-flop clocked by clk)
Endpoint: _3168_ (rising edge-triggered flip-flop clocked by clk)
Path Group: clk
Path Type: min

Fanout         Cap        Slew       Delay        Time   Description
---------------------------------------------------------------------------------------------
                                  0.000000    0.000000   clock clk (rise edge)
                                  0.000000    0.000000   clock source latency
   316    0.813505    3.615377    2.494624    2.494624 ^ clk (in)
                                                         clk (net)
                      3.615669    0.000000    2.494624 ^ _3168_/CLK (sky130_fd_sc_hd__dfxtp_2)
     3    0.011871    0.072013    0.810974    3.305598 ^ _3168_/Q (sky130_fd_sc_hd__dfxtp_2)
                                                         u_core.pe_array[0].u_pe.tap_count[3] (net)
                      0.072013    0.000012    3.305609 ^ _2852_/A1 (sky130_fd_sc_hd__a21oi_2)
     1    0.001998    0.030695    0.047291    3.352901 v _2852_/Y (sky130_fd_sc_hd__a21oi_2)
                                                         _0282_ (net)
                      0.030695    0.000002    3.352903 v _3168_/D (sky130_fd_sc_hd__dfxtp_2)
                                              3.352903   data arrival time

                                  0.000000    0.000000   clock clk (rise edge)
                                  0.000000    0.000000   clock source latency
   316    0.813505    3.615377    2.494624    2.494624 ^ clk (in)
                                                         clk (net)
                      3.615669    0.000000    2.494624 ^ _3168_/CLK (sky130_fd_sc_hd__dfxtp_2)
                                  0.250000    2.744624   clock uncertainty
                                  0.000000    2.744624   clock reconvergence pessimism
                                  0.298603    3.043227   library hold time
                                              3.043227   data required time
---------------------------------------------------------------------------------------------
                                              3.043227   data required time
                                             -3.352903   data arrival time
---------------------------------------------------------------------------------------------
                                              0.309676   slack (MET)


Startpoint: _3117_ (rising edge-triggered flip-flop clocked by clk)
Endpoint: _3185_ (rising edge-triggered flip-flop clocked by clk)
Path Group: clk
Path Type: min

Fanout         Cap        Slew       Delay        Time   Description
---------------------------------------------------------------------------------------------
                                  0.000000    0.000000   clock clk (rise edge)
                                  0.000000    0.000000   clock source latency
   316    0.813505    3.615377    2.485051    2.485051 ^ clk (in)
                                                         clk (net)
                      3.615499    0.000000    2.485051 ^ _3117_/CLK (sky130_fd_sc_hd__dfxtp_2)
     2    0.004891    0.028788    0.739739    3.224790 v _3117_/Q (sky130_fd_sc_hd__dfxtp_2)
                                                         u_core.pe_accum[0][16] (net)
                      0.028788    0.000005    3.224795 v _2869_/A (sky130_fd_sc_hd__and2_2)
     1    0.002141    0.033040    0.152476    3.377270 v _2869_/X (sky130_fd_sc_hd__and2_2)
                                                         _0299_ (net)
                      0.033040    0.000005    3.377275 v _3185_/D (sky130_fd_sc_hd__dfxtp_2)
                                              3.377275   data arrival time

                                  0.000000    0.000000   clock clk (rise edge)
                                  0.000000    0.000000   clock source latency
   316    0.813505    3.615377    2.494648    2.494648 ^ clk (in)
                                                         clk (net)
                      3.615669    0.000000    2.494648 ^ _3185_/CLK (sky130_fd_sc_hd__dfxtp_2)
                                  0.250000    2.744648   clock uncertainty
                                  0.000000    2.744648   clock reconvergence pessimism
                                  0.297673    3.042320   library hold time
                                              3.042320   data required time
---------------------------------------------------------------------------------------------
                                              3.042320   data required time
                                             -3.377275   data arrival time
---------------------------------------------------------------------------------------------
                                              0.334955   slack (MET)


Startpoint: _3109_ (rising edge-triggered flip-flop clocked by clk)
Endpoint: _3177_ (rising edge-triggered flip-flop clocked by clk)
Path Group: clk
Path Type: min

Fanout         Cap        Slew       Delay        Time   Description
---------------------------------------------------------------------------------------------
                                  0.000000    0.000000   clock clk (rise edge)
                                  0.000000    0.000000   clock source latency
   316    0.813505    3.615377    2.485402    2.485402 ^ clk (in)
                                                         clk (net)
                      3.615504    0.000000    2.485402 ^ _3109_/CLK (sky130_fd_sc_hd__dfxtp_2)
     2    0.004597    0.027162    0.738989    3.224391 v _3109_/Q (sky130_fd_sc_hd__dfxtp_2)
                                                         u_core.pe_accum[0][8] (net)
                      0.027162    0.000002    3.224394 v _2861_/A (sky130_fd_sc_hd__and2_2)
     1    0.004169    0.038030    0.160783    3.385177 v _2861_/X (sky130_fd_sc_hd__and2_2)
                                                         _0291_ (net)
                      0.038030    0.000031    3.385208 v _3177_/D (sky130_fd_sc_hd__dfxtp_2)
                                              3.385208   data arrival time

                                  0.000000    0.000000   clock clk (rise edge)
                                  0.000000    0.000000   clock source latency
   316    0.813505    3.615377    2.499741    2.499741 ^ clk (in)
                                                         clk (net)
                      3.615790    0.000000    2.499741 ^ _3177_/CLK (sky130_fd_sc_hd__dfxtp_2)
                                  0.250000    2.749741   clock uncertainty
                                  0.000000    2.749741   clock reconvergence pessimism
                                  0.295702    3.045442   library hold time
                                              3.045442   data required time
---------------------------------------------------------------------------------------------
                                              3.045442   data required time
                                             -3.385208   data arrival time
---------------------------------------------------------------------------------------------
                                              0.339766   slack (MET)


Startpoint: _3123_ (rising edge-triggered flip-flop clocked by clk)
Endpoint: _3191_ (rising edge-triggered flip-flop clocked by clk)
Path Group: clk
Path Type: min

Fanout         Cap        Slew       Delay        Time   Description
---------------------------------------------------------------------------------------------
                                  0.000000    0.000000   clock clk (rise edge)
                                  0.000000    0.000000   clock source latency
   316    0.813505    3.615377    2.482404    2.482404 ^ clk (in)
                                                         clk (net)
                      3.615465    0.000000    2.482404 ^ _3123_/CLK (sky130_fd_sc_hd__dfxtp_2)
     2    0.004252    0.027410    0.738110    3.220514 v _3123_/Q (sky130_fd_sc_hd__dfxtp_2)
                                                         u_core.pe_accum[0][22] (net)
                      0.027410    0.000002    3.220517 v _2875_/A (sky130_fd_sc_hd__and2_2)
     1    0.001778    0.031997    0.150286    3.370803 v _2875_/X (sky130_fd_sc_hd__and2_2)
                                                         _0305_ (net)
                      0.031997    0.000000    3.370804 v _3191_/D (sky130_fd_sc_hd__dfxtp_2)
                                              3.370804   data arrival time

                                  0.000000    0.000000   clock clk (rise edge)
                                  0.000000    0.000000   clock source latency
   316    0.813505    3.615377    2.482332    2.482332 ^ clk (in)
                                                         clk (net)
                      3.615464    0.000000    2.482332 ^ _3191_/CLK (sky130_fd_sc_hd__dfxtp_2)
                                  0.250000    2.732332   clock uncertainty
                                  0.000000    2.732332   clock reconvergence pessimism
                                  0.298071    3.030403   library hold time
                                              3.030403   data required time
---------------------------------------------------------------------------------------------
                                              3.030403   data required time
                                             -3.370804   data arrival time
---------------------------------------------------------------------------------------------
                                              0.340400   slack (MET)


Startpoint: _3126_ (rising edge-triggered flip-flop clocked by clk)
Endpoint: _3194_ (rising edge-triggered flip-flop clocked by clk)
Path Group: clk
Path Type: min

Fanout         Cap        Slew       Delay        Time   Description
---------------------------------------------------------------------------------------------
                                  0.000000    0.000000   clock clk (rise edge)
                                  0.000000    0.000000   clock source latency
   316    0.813505    3.615377    2.481704    2.481704 ^ clk (in)
                                                         clk (net)
                      3.615457    0.000000    2.481704 ^ _3126_/CLK (sky130_fd_sc_hd__dfxtp_2)
     2    0.004201    0.027285    0.737944    3.219648 v _3126_/Q (sky130_fd_sc_hd__dfxtp_2)
                                                         u_core.pe_accum[0][25] (net)
                      0.027285    0.000001    3.219649 v _2878_/A (sky130_fd_sc_hd__and2_2)
     1    0.001832    0.032150    0.150474    3.370123 v _2878_/X (sky130_fd_sc_hd__and2_2)
                                                         _0308_ (net)
                      0.032150    0.000001    3.370124 v _3194_/D (sky130_fd_sc_hd__dfxtp_2)
                                              3.370124   data arrival time

                                  0.000000    0.000000   clock clk (rise edge)
                                  0.000000    0.000000   clock source latency
   316    0.813505    3.615377    2.481697    2.481697 ^ clk (in)
                                                         clk (net)
                      3.615457    0.000000    2.481697 ^ _3194_/CLK (sky130_fd_sc_hd__dfxtp_2)
                                  0.250000    2.731697   clock uncertainty
                                  0.000000    2.731697   clock reconvergence pessimism
                                  0.298009    3.029706   library hold time
                                              3.029706   data required time
---------------------------------------------------------------------------------------------
                                              3.029706   data required time
                                             -3.370124   data arrival time
---------------------------------------------------------------------------------------------
                                              0.340418   slack (MET)


Startpoint: _3105_ (rising edge-triggered flip-flop clocked by clk)
Endpoint: _3173_ (rising edge-triggered flip-flop clocked by clk)
Path Group: clk
Path Type: min

Fanout         Cap        Slew       Delay        Time   Description
---------------------------------------------------------------------------------------------
                                  0.000000    0.000000   clock clk (rise edge)
                                  0.000000    0.000000   clock source latency
   316    0.813505    3.615377    2.499799    2.499799 ^ clk (in)
                                                         clk (net)
                      3.615792    0.000000    2.499799 ^ _3105_/CLK (sky130_fd_sc_hd__dfxtp_2)
     2    0.004206    0.027300    0.737997    3.237797 v _3105_/Q (sky130_fd_sc_hd__dfxtp_2)
                                                         u_core.pe_accum[0][4] (net)
                      0.027300    0.000005    3.237802 v _2857_/A (sky130_fd_sc_hd__and2_2)
     1    0.001842    0.032177    0.150521    3.388323 v _2857_/X (sky130_fd_sc_hd__and2_2)
                                                         _0287_ (net)
                      0.032177    0.000002    3.388324 v _3173_/D (sky130_fd_sc_hd__dfxtp_2)
                                              3.388324   data arrival time

                                  0.000000    0.000000   clock clk (rise edge)
                                  0.000000    0.000000   clock source latency
   316    0.813505    3.615377    2.499792    2.499792 ^ clk (in)
                                                         clk (net)
                      3.615792    0.000000    2.499792 ^ _3173_/CLK (sky130_fd_sc_hd__dfxtp_2)
                                  0.250000    2.749792   clock uncertainty
                                  0.000000    2.749792   clock reconvergence pessimism
                                  0.298024    3.047816   library hold time
                                              3.047816   data required time
---------------------------------------------------------------------------------------------
                                              3.047816   data required time
                                             -3.388324   data arrival time
---------------------------------------------------------------------------------------------
                                              0.340508   slack (MET)


Startpoint: _3120_ (rising edge-triggered flip-flop clocked by clk)
Endpoint: _3188_ (rising edge-triggered flip-flop clocked by clk)
Path Group: clk
Path Type: min

Fanout         Cap        Slew       Delay        Time   Description
---------------------------------------------------------------------------------------------
                                  0.000000    0.000000   clock clk (rise edge)
                                  0.000000    0.000000   clock source latency
   316    0.813505    3.615377    2.482583    2.482583 ^ clk (in)
                                                         clk (net)
                      3.615467    0.000000    2.482583 ^ _3120_/CLK (sky130_fd_sc_hd__dfxtp_2)
     2    0.004447    0.027830    0.738605    3.221189 v _3120_/Q (sky130_fd_sc_hd__dfxtp_2)
                                                         u_core.pe_accum[0][19] (net)
                      0.027830    0.000002    3.221191 v _2872_/A (sky130_fd_sc_hd__and2_2)
     1    0.001999    0.032629    0.151444    3.372634 v _2872_/X (sky130_fd_sc_hd__and2_2)
                                                         _0302_ (net)
                      0.032629    0.000003    3.372638 v _3188_/D (sky130_fd_sc_hd__dfxtp_2)
                                              3.372638   data arrival time

                                  0.000000    0.000000   clock clk (rise edge)
                                  0.000000    0.000000   clock source latency
   316    0.813505    3.615377    2.484287    2.484287 ^ clk (in)
                                                         clk (net)
                      3.615489    0.000000    2.484287 ^ _3188_/CLK (sky130_fd_sc_hd__dfxtp_2)
                                  0.250000    2.734287   clock uncertainty
                                  0.000000    2.734287   clock reconvergence pessimism
                                  0.297822    3.032109   library hold time
                                              3.032109   data required time
---------------------------------------------------------------------------------------------
                                              3.032109   data required time
                                             -3.372638   data arrival time
---------------------------------------------------------------------------------------------
                                              0.340529   slack (MET)


Startpoint: _3121_ (rising edge-triggered flip-flop clocked by clk)
Endpoint: _3189_ (rising edge-triggered flip-flop clocked by clk)
Path Group: clk
Path Type: min

Fanout         Cap        Slew       Delay        Time   Description
---------------------------------------------------------------------------------------------
                                  0.000000    0.000000   clock clk (rise edge)
                                  0.000000    0.000000   clock source latency
   316    0.813505    3.615377    2.482533    2.482533 ^ clk (in)
                                                         clk (net)
                      3.615466    0.000000    2.482533 ^ _3121_/CLK (sky130_fd_sc_hd__dfxtp_2)
     2    0.004260    0.027427    0.738130    3.220663 v _3121_/Q (sky130_fd_sc_hd__dfxtp_2)
                                                         u_core.pe_accum[0][20] (net)
                      0.027427    0.000003    3.220666 v _2873_/A (sky130_fd_sc_hd__and2_2)
     1    0.001824    0.032129    0.150499    3.371165 v _2873_/X (sky130_fd_sc_hd__and2_2)
                                                         _0303_ (net)
                      0.032129    0.000002    3.371166 v _3189_/D (sky130_fd_sc_hd__dfxtp_2)
                                              3.371166   data arrival time

                                  0.000000    0.000000   clock clk (rise edge)
                                  0.000000    0.000000   clock source latency
   316    0.813505    3.615377    2.482337    2.482337 ^ clk (in)
                                                         clk (net)
                      3.615464    0.000000    2.482337 ^ _3189_/CLK (sky130_fd_sc_hd__dfxtp_2)
                                  0.250000    2.732337   clock uncertainty
                                  0.000000    2.732337   clock reconvergence pessimism
                                  0.298018    3.030355   library hold time
                                              3.030355   data required time
---------------------------------------------------------------------------------------------
                                              3.030355   data required time
                                             -3.371166   data arrival time
---------------------------------------------------------------------------------------------
                                              0.340812   slack (MET)


Startpoint: _3103_ (rising edge-triggered flip-flop clocked by clk)
Endpoint: _3171_ (rising edge-triggered flip-flop clocked by clk)
Path Group: clk
Path Type: min

Fanout         Cap        Slew       Delay        Time   Description
---------------------------------------------------------------------------------------------
                                  0.000000    0.000000   clock clk (rise edge)
                                  0.000000    0.000000   clock source latency
   316    0.813505    3.615377    2.505813    2.505813 ^ clk (in)
                                                         clk (net)
                      3.615963    0.000000    2.505813 ^ _3103_/CLK (sky130_fd_sc_hd__dfxtp_2)
     2    0.004325    0.026726    0.738342    3.244155 v _3103_/Q (sky130_fd_sc_hd__dfxtp_2)
                                                         u_core.pe_accum[0][2] (net)
                      0.026726    0.000000    3.244156 v _2855_/A (sky130_fd_sc_hd__and2_2)
     1    0.001863    0.032234    0.150377    3.394532 v _2855_/X (sky130_fd_sc_hd__and2_2)
                                                         _0285_ (net)
                      0.032234    0.000002    3.394534 v _3171_/D (sky130_fd_sc_hd__dfxtp_2)
                                              3.394534   data arrival time

                                  0.000000    0.000000   clock clk (rise edge)
                                  0.000000    0.000000   clock source latency
   316    0.813505    3.615377    2.505611    2.505611 ^ clk (in)
                                                         clk (net)
                      3.615956    0.000000    2.505611 ^ _3171_/CLK (sky130_fd_sc_hd__dfxtp_2)
                                  0.250000    2.755611   clock uncertainty
                                  0.000000    2.755611   clock reconvergence pessimism
                                  0.298014    3.053625   library hold time
                                              3.053625   data required time
---------------------------------------------------------------------------------------------
                                              3.053625   data required time
                                             -3.394534   data arrival time
---------------------------------------------------------------------------------------------
                                              0.340909   slack (MET)


Startpoint: _3122_ (rising edge-triggered flip-flop clocked by clk)
Endpoint: _3190_ (rising edge-triggered flip-flop clocked by clk)
Path Group: clk
Path Type: min

Fanout         Cap        Slew       Delay        Time   Description
---------------------------------------------------------------------------------------------
                                  0.000000    0.000000   clock clk (rise edge)
                                  0.000000    0.000000   clock source latency
   316    0.813505    3.615377    2.482810    2.482810 ^ clk (in)
                                                         clk (net)
                      3.615470    0.000000    2.482810 ^ _3122_/CLK (sky130_fd_sc_hd__dfxtp_2)
     2    0.004329    0.026733    0.738305    3.221115 v _3122_/Q (sky130_fd_sc_hd__dfxtp_2)
                                                         u_core.pe_accum[0][21] (net)
                      0.026733    0.000002    3.221117 v _2874_/A (sky130_fd_sc_hd__and2_2)
     1    0.001843    0.032177    0.150292    3.371409 v _2874_/X (sky130_fd_sc_hd__and2_2)
                                                         _0304_ (net)
                      0.032177    0.000002    3.371410 v _3190_/D (sky130_fd_sc_hd__dfxtp_2)
                                              3.371410   data arrival time

                                  0.000000    0.000000   clock clk (rise edge)
                                  0.000000    0.000000   clock source latency
   316    0.813505    3.615377    2.482486    2.482486 ^ clk (in)
                                                         clk (net)
                      3.615466    0.000000    2.482486 ^ _3190_/CLK (sky130_fd_sc_hd__dfxtp_2)
                                  0.250000    2.732486   clock uncertainty
                                  0.000000    2.732486   clock reconvergence pessimism
                                  0.297999    3.030485   library hold time
                                              3.030485   data required time
---------------------------------------------------------------------------------------------
                                              3.030485   data required time
                                             -3.371410   data arrival time
---------------------------------------------------------------------------------------------
                                              0.340926   slack (MET)


Startpoint: _3107_ (rising edge-triggered flip-flop clocked by clk)
Endpoint: _3175_ (rising edge-triggered flip-flop clocked by clk)
Path Group: clk
Path Type: min

Fanout         Cap        Slew       Delay        Time   Description
---------------------------------------------------------------------------------------------
                                  0.000000    0.000000   clock clk (rise edge)
                                  0.000000    0.000000   clock source latency
   316    0.813505    3.615377    2.508599    2.508599 ^ clk (in)
                                                         clk (net)
                      3.616052    0.000000    2.508599 ^ _3107_/CLK (sky130_fd_sc_hd__dfxtp_2)
     2    0.004285    0.027481    0.738250    3.246849 v _3107_/Q (sky130_fd_sc_hd__dfxtp_2)
                                                         u_core.pe_accum[0][6] (net)
                      0.027481    0.000008    3.246857 v _2859_/A (sky130_fd_sc_hd__and2_2)
     1    0.002026    0.032702    0.151414    3.398271 v _2859_/X (sky130_fd_sc_hd__and2_2)
                                                         _0289_ (net)
                      0.032702    0.000004    3.398275 v _3175_/D (sky130_fd_sc_hd__dfxtp_2)
                                              3.398275   data arrival time

                                  0.000000    0.000000   clock clk (rise edge)
                                  0.000000    0.000000   clock source latency
   316    0.813505    3.615377    2.509242    2.509242 ^ clk (in)
                                                         clk (net)
                      3.616073    0.000000    2.509242 ^ _3175_/CLK (sky130_fd_sc_hd__dfxtp_2)
                                  0.250000    2.759242   clock uncertainty
                                  0.000000    2.759242   clock reconvergence pessimism
                                  0.297837    3.057080   library hold time
                                              3.057080   data required time
---------------------------------------------------------------------------------------------
                                              3.057080   data required time
                                             -3.398275   data arrival time
---------------------------------------------------------------------------------------------
                                              0.341195   slack (MET)


Startpoint: _3101_ (rising edge-triggered flip-flop clocked by clk)
Endpoint: _3169_ (rising edge-triggered flip-flop clocked by clk)
Path Group: clk
Path Type: min

Fanout         Cap        Slew       Delay        Time   Description
---------------------------------------------------------------------------------------------
                                  0.000000    0.000000   clock clk (rise edge)
                                  0.000000    0.000000   clock source latency
   316    0.813505    3.615377    2.507098    2.507098 ^ clk (in)
                                                         clk (net)
                      3.616003    0.000000    2.507098 ^ _3101_/CLK (sky130_fd_sc_hd__dfxtp_2)
     2    0.004384    0.026818    0.738495    3.245593 v _3101_/Q (sky130_fd_sc_hd__dfxtp_2)
                                                         u_core.pe_accum[0][0] (net)
                      0.026818    0.000002    3.245595 v _2853_/A (sky130_fd_sc_hd__and2_2)
     1    0.001885    0.032296    0.150511    3.396106 v _2853_/X (sky130_fd_sc_hd__and2_2)
                                                         _0283_ (net)
                      0.032296    0.000002    3.396107 v _3169_/D (sky130_fd_sc_hd__dfxtp_2)
                                              3.396107   data arrival time

                                  0.000000    0.000000   clock clk (rise edge)
                                  0.000000    0.000000   clock source latency
   316    0.813505    3.615377    2.506807    2.506807 ^ clk (in)
                                                         clk (net)
                      3.615993    0.000000    2.506807 ^ _3169_/CLK (sky130_fd_sc_hd__dfxtp_2)
                                  0.250000    2.756807   clock uncertainty
                                  0.000000    2.756807   clock reconvergence pessimism
                                  0.297992    3.054799   library hold time
                                              3.054799   data required time
---------------------------------------------------------------------------------------------
                                              3.054799   data required time
                                             -3.396107   data arrival time
---------------------------------------------------------------------------------------------
                                              0.341308   slack (MET)


Startpoint: _3118_ (rising edge-triggered flip-flop clocked by clk)
Endpoint: _3186_ (rising edge-triggered flip-flop clocked by clk)
Path Group: clk
Path Type: min

Fanout         Cap        Slew       Delay        Time   Description
---------------------------------------------------------------------------------------------
                                  0.000000    0.000000   clock clk (rise edge)
                                  0.000000    0.000000   clock source latency
   316    0.813505    3.615377    2.485099    2.485099 ^ clk (in)
                                                         clk (net)
                      3.615499    0.000000    2.485099 ^ _3118_/CLK (sky130_fd_sc_hd__dfxtp_2)
     2    0.004278    0.027466    0.738179    3.223278 v _3118_/Q (sky130_fd_sc_hd__dfxtp_2)
                                                         u_core.pe_accum[0][17] (net)
                      0.027466    0.000002    3.223280 v _2870_/A (sky130_fd_sc_hd__and2_2)
     1    0.001947    0.032479    0.151061    3.374341 v _2870_/X (sky130_fd_sc_hd__and2_2)
                                                         _0300_ (net)
                      0.032479    0.000003    3.374344 v _3186_/D (sky130_fd_sc_hd__dfxtp_2)
                                              3.374344   data arrival time

                                  0.000000    0.000000   clock clk (rise edge)
                                  0.000000    0.000000   clock source latency
   316    0.813505    3.615377    2.485018    2.485018 ^ clk (in)
                                                         clk (net)
                      3.615498    0.000000    2.485018 ^ _3186_/CLK (sky130_fd_sc_hd__dfxtp_2)
                                  0.250000    2.735018   clock uncertainty
                                  0.000000    2.735018   clock reconvergence pessimism
                                  0.297882    3.032900   library hold time
                                              3.032900   data required time
---------------------------------------------------------------------------------------------
                                              3.032900   data required time
                                             -3.374344   data arrival time
---------------------------------------------------------------------------------------------
                                              0.341444   slack (MET)


Startpoint: _3104_ (rising edge-triggered flip-flop clocked by clk)
Endpoint: _3172_ (rising edge-triggered flip-flop clocked by clk)
Path Group: clk
Path Type: min

Fanout         Cap        Slew       Delay        Time   Description
---------------------------------------------------------------------------------------------
                                  0.000000    0.000000   clock clk (rise edge)
                                  0.000000    0.000000   clock source latency
   316    0.813505    3.615377    2.508495    2.508495 ^ clk (in)
                                                         clk (net)
                      3.616048    0.000000    2.508495 ^ _3104_/CLK (sky130_fd_sc_hd__dfxtp_2)
     2    0.004374    0.026804    0.738474    3.246969 v _3104_/Q (sky130_fd_sc_hd__dfxtp_2)
                                                         u_core.pe_accum[0][3] (net)
                      0.026804    0.000008    3.246977 v _2856_/A (sky130_fd_sc_hd__and2_2)
     1    0.002073    0.032833    0.151342    3.398319 v _2856_/X (sky130_fd_sc_hd__and2_2)
                                                         _0286_ (net)
                      0.032833    0.000004    3.398324 v _3172_/D (sky130_fd_sc_hd__dfxtp_2)
                                              3.398324   data arrival time

                                  0.000000    0.000000   clock clk (rise edge)
                                  0.000000    0.000000   clock source latency
   316    0.813505    3.615377    2.508910    2.508910 ^ clk (in)
                                                         clk (net)
                      3.616062    0.000000    2.508910 ^ _3172_/CLK (sky130_fd_sc_hd__dfxtp_2)
                                  0.250000    2.758910   clock uncertainty
                                  0.000000    2.758910   clock reconvergence pessimism
                                  0.297784    3.056694   library hold time
                                              3.056694   data required time
---------------------------------------------------------------------------------------------
                                              3.056694   data required time
                                             -3.398324   data arrival time
---------------------------------------------------------------------------------------------
                                              0.341630   slack (MET)


Startpoint: _3124_ (rising edge-triggered flip-flop clocked by clk)
Endpoint: _3192_ (rising edge-triggered flip-flop clocked by clk)
Path Group: clk
Path Type: min

Fanout         Cap        Slew       Delay        Time   Description
---------------------------------------------------------------------------------------------
                                  0.000000    0.000000   clock clk (rise edge)
                                  0.000000    0.000000   clock source latency
   316    0.813505    3.615377    2.482959    2.482959 ^ clk (in)
                                                         clk (net)
                      3.615471    0.000000    2.482959 ^ _3124_/CLK (sky130_fd_sc_hd__dfxtp_2)
     2    0.004329    0.027577    0.738307    3.221266 v _3124_/Q (sky130_fd_sc_hd__dfxtp_2)
                                                         u_core.pe_accum[0][23] (net)
                      0.027577    0.000003    3.221269 v _2876_/A (sky130_fd_sc_hd__and2_2)
     1    0.001914    0.032385    0.150959    3.372228 v _2876_/X (sky130_fd_sc_hd__and2_2)
                                                         _0306_ (net)
                      0.032385    0.000002    3.372231 v _3192_/D (sky130_fd_sc_hd__dfxtp_2)
                                              3.372231   data arrival time

                                  0.000000    0.000000   clock clk (rise edge)
                                  0.000000    0.000000   clock source latency
   316    0.813505    3.615377    2.482399    2.482399 ^ clk (in)
                                                         clk (net)
                      3.615465    0.000000    2.482399 ^ _3192_/CLK (sky130_fd_sc_hd__dfxtp_2)
                                  0.250000    2.732399   clock uncertainty
                                  0.000000    2.732399   clock reconvergence pessimism
                                  0.297917    3.030316   library hold time
                                              3.030316   data required time
---------------------------------------------------------------------------------------------
                                              3.030316   data required time
                                             -3.372231   data arrival time
---------------------------------------------------------------------------------------------
                                              0.341915   slack (MET)


Startpoint: _3125_ (rising edge-triggered flip-flop clocked by clk)
Endpoint: _3193_ (rising edge-triggered flip-flop clocked by clk)
Path Group: clk
Path Type: min

Fanout         Cap        Slew       Delay        Time   Description
---------------------------------------------------------------------------------------------
                                  0.000000    0.000000   clock clk (rise edge)
                                  0.000000    0.000000   clock source latency
   316    0.813505    3.615377    2.482102    2.482102 ^ clk (in)
                                                         clk (net)
                      3.615461    0.000000    2.482102 ^ _3125_/CLK (sky130_fd_sc_hd__dfxtp_2)
     2    0.004376    0.027676    0.738424    3.220526 v _3125_/Q (sky130_fd_sc_hd__dfxtp_2)
                                                         u_core.pe_accum[0][24] (net)
                      0.027676    0.000002    3.220527 v _2877_/A (sky130_fd_sc_hd__and2_2)
     1    0.001965    0.032531    0.151227    3.371755 v _2877_/X (sky130_fd_sc_hd__and2_2)
                                                         _0307_ (net)
                      0.032531    0.000003    3.371758 v _3193_/D (sky130_fd_sc_hd__dfxtp_2)
                                              3.371758   data arrival time

                                  0.000000    0.000000   clock clk (rise edge)
                                  0.000000    0.000000   clock source latency
   316    0.813505    3.615377    2.481908    2.481908 ^ clk (in)
                                                         clk (net)
                      3.615459    0.000000    2.481908 ^ _3193_/CLK (sky130_fd_sc_hd__dfxtp_2)
                                  0.250000    2.731908   clock uncertainty
                                  0.000000    2.731908   clock reconvergence pessimism
                                  0.297858    3.029766   library hold time
                                              3.029766   data required time
---------------------------------------------------------------------------------------------
                                              3.029766   data required time
                                             -3.371758   data arrival time
---------------------------------------------------------------------------------------------
                                              0.341992   slack (MET)


Startpoint: _3108_ (rising edge-triggered flip-flop clocked by clk)
Endpoint: _3176_ (rising edge-triggered flip-flop clocked by clk)
Path Group: clk
Path Type: min

Fanout         Cap        Slew       Delay        Time   Description
---------------------------------------------------------------------------------------------
                                  0.000000    0.000000   clock clk (rise edge)
                                  0.000000    0.000000   clock source latency
   316    0.813505    3.615377    2.495253    2.495253 ^ clk (in)
                                                         clk (net)
                      3.615683    0.000000    2.495253 ^ _3108_/CLK (sky130_fd_sc_hd__dfxtp_2)
     2    0.006223    0.030096    0.743138    3.238391 v _3108_/Q (sky130_fd_sc_hd__dfxtp_2)
                                                         u_core.pe_accum[0][7] (net)
                      0.030096    0.000019    3.238410 v _2860_/A (sky130_fd_sc_hd__and2_2)
     1    0.001836    0.032184    0.151672    3.390082 v _2860_/X (sky130_fd_sc_hd__and2_2)
                                                         _0290_ (net)
                      0.032184    0.000001    3.390084 v _3176_/D (sky130_fd_sc_hd__dfxtp_2)
                                              3.390084   data arrival time

                                  0.000000    0.000000   clock clk (rise edge)
                                  0.000000    0.000000   clock source latency
   316    0.813505    3.615377    2.499868    2.499868 ^ clk (in)
                                                         clk (net)
                      3.615794    0.000000    2.499868 ^ _3176_/CLK (sky130_fd_sc_hd__dfxtp_2)
                                  0.250000    2.749868   clock uncertainty
                                  0.000000    2.749868   clock reconvergence pessimism
                                  0.298022    3.047890   library hold time
                                              3.047890   data required time
---------------------------------------------------------------------------------------------
                                              3.047890   data required time
                                             -3.390084   data arrival time
---------------------------------------------------------------------------------------------
                                              0.342193   slack (MET)


Startpoint: _3115_ (rising edge-triggered flip-flop clocked by clk)
Endpoint: _3183_ (rising edge-triggered flip-flop clocked by clk)
Path Group: clk
Path Type: min

Fanout         Cap        Slew       Delay        Time   Description
---------------------------------------------------------------------------------------------
                                  0.000000    0.000000   clock clk (rise edge)
                                  0.000000    0.000000   clock source latency
   316    0.813505    3.615377    2.485408    2.485408 ^ clk (in)
                                                         clk (net)
                      3.615504    0.000000    2.485408 ^ _3115_/CLK (sky130_fd_sc_hd__dfxtp_2)
     2    0.004499    0.027003    0.738741    3.224148 v _3115_/Q (sky130_fd_sc_hd__dfxtp_2)
                                                         u_core.pe_accum[0][14] (net)
                      0.027003    0.000002    3.224150 v _2867_/A (sky130_fd_sc_hd__and2_2)
     1    0.002050    0.032769    0.151324    3.375474 v _2867_/X (sky130_fd_sc_hd__and2_2)
                                                         _0297_ (net)
                      0.032769    0.000004    3.375478 v _3183_/D (sky130_fd_sc_hd__dfxtp_2)
                                              3.375478   data arrival time

                                  0.000000    0.000000   clock clk (rise edge)
                                  0.000000    0.000000   clock source latency
   316    0.813505    3.615377    2.485267    2.485267 ^ clk (in)
                                                         clk (net)
                      3.615502    0.000000    2.485267 ^ _3183_/CLK (sky130_fd_sc_hd__dfxtp_2)
                                  0.250000    2.735267   clock uncertainty
                                  0.000000    2.735267   clock reconvergence pessimism
                                  0.297767    3.033034   library hold time
                                              3.033034   data required time
---------------------------------------------------------------------------------------------
                                              3.033034   data required time
                                             -3.375478   data arrival time
---------------------------------------------------------------------------------------------
                                              0.342444   slack (MET)


Startpoint: _3119_ (rising edge-triggered flip-flop clocked by clk)
Endpoint: _3187_ (rising edge-triggered flip-flop clocked by clk)
Path Group: clk
Path Type: min

Fanout         Cap        Slew       Delay        Time   Description
---------------------------------------------------------------------------------------------
                                  0.000000    0.000000   clock clk (rise edge)
                                  0.000000    0.000000   clock source latency
   316    0.813505    3.615377    2.484614    2.484614 ^ clk (in)
                                                         clk (net)
                      3.615493    0.000000    2.484614 ^ _3119_/CLK (sky130_fd_sc_hd__dfxtp_2)
     2    0.004378    0.026809    0.738431    3.223045 v _3119_/Q (sky130_fd_sc_hd__dfxtp_2)
                                                         u_core.pe_accum[0][18] (net)
                      0.026809    0.000001    3.223046 v _2871_/A (sky130_fd_sc_hd__and2_2)
     1    0.004010    0.037526    0.159929    3.382976 v _2871_/X (sky130_fd_sc_hd__and2_2)
                                                         _0301_ (net)
                      0.037526    0.000028    3.383003 v _3187_/D (sky130_fd_sc_hd__dfxtp_2)
                                              3.383003   data arrival time

                                  0.000000    0.000000   clock clk (rise edge)
                                  0.000000    0.000000   clock source latency
   316    0.813505    3.615377    2.494465    2.494465 ^ clk (in)
                                                         clk (net)
                      3.615665    0.000000    2.494465 ^ _3187_/CLK (sky130_fd_sc_hd__dfxtp_2)
                                  0.250000    2.744465   clock uncertainty
                                  0.000000    2.744465   clock reconvergence pessimism
                                  0.295892    3.040357   library hold time
                                              3.040357   data required time
---------------------------------------------------------------------------------------------
                                              3.040357   data required time
                                             -3.383003   data arrival time
---------------------------------------------------------------------------------------------
                                              0.342647   slack (MET)


Startpoint: _3106_ (rising edge-triggered flip-flop clocked by clk)
Endpoint: _3174_ (rising edge-triggered flip-flop clocked by clk)
Path Group: clk
Path Type: min

Fanout         Cap        Slew       Delay        Time   Description
---------------------------------------------------------------------------------------------
                                  0.000000    0.000000   clock clk (rise edge)
                                  0.000000    0.000000   clock source latency
   316    0.813505    3.615377    2.509163    2.509163 ^ clk (in)
                                                         clk (net)
                      3.616071    0.000000    2.509163 ^ _3106_/CLK (sky130_fd_sc_hd__dfxtp_2)
     2    0.004376    0.027678    0.738485    3.247648 v _3106_/Q (sky130_fd_sc_hd__dfxtp_2)
                                                         u_core.pe_accum[0][5] (net)
                      0.027678    0.000008    3.247656 v _2858_/A (sky130_fd_sc_hd__and2_2)
     1    0.002139    0.033025    0.151998    3.399654 v _2858_/X (sky130_fd_sc_hd__and2_2)
                                                         _0288_ (net)
                      0.033025    0.000005    3.399659 v _3174_/D (sky130_fd_sc_hd__dfxtp_2)
                                              3.399659   data arrival time

                                  0.000000    0.000000   clock clk (rise edge)
                                  0.000000    0.000000   clock source latency
   316    0.813505    3.615377    2.509157    2.509157 ^ clk (in)
                                                         clk (net)
                      3.616070    0.000000    2.509157 ^ _3174_/CLK (sky130_fd_sc_hd__dfxtp_2)
                                  0.250000    2.759157   clock uncertainty
                                  0.000000    2.759157   clock reconvergence pessimism
                                  0.297709    3.056866   library hold time
                                              3.056866   data required time
---------------------------------------------------------------------------------------------
                                              3.056866   data required time
                                             -3.399659   data arrival time
---------------------------------------------------------------------------------------------
                                              0.342793   slack (MET)


Startpoint: _3130_ (rising edge-triggered flip-flop clocked by clk)
Endpoint: _3198_ (rising edge-triggered flip-flop clocked by clk)
Path Group: clk
Path Type: min

Fanout         Cap        Slew       Delay        Time   Description
---------------------------------------------------------------------------------------------
                                  0.000000    0.000000   clock clk (rise edge)
                                  0.000000    0.000000   clock source latency
   316    0.813505    3.615377    2.481690    2.481690 ^ clk (in)
                                                         clk (net)
                      3.615457    0.000000    2.481690 ^ _3130_/CLK (sky130_fd_sc_hd__dfxtp_2)
     2    0.004509    0.027965    0.738764    3.220453 v _3130_/Q (sky130_fd_sc_hd__dfxtp_2)
                                                         u_core.pe_accum[0][29] (net)
                      0.027965    0.000002    3.220456 v _2882_/A (sky130_fd_sc_hd__and2_2)
     1    0.002066    0.032819    0.151795    3.372250 v _2882_/X (sky130_fd_sc_hd__and2_2)
                                                         _0312_ (net)
                      0.032819    0.000004    3.372254 v _3198_/D (sky130_fd_sc_hd__dfxtp_2)
                                              3.372254   data arrival time

                                  0.000000    0.000000   clock clk (rise edge)
                                  0.000000    0.000000   clock source latency
   316    0.813505    3.615377    2.481643    2.481643 ^ clk (in)
                                                         clk (net)
                      3.615456    0.000000    2.481643 ^ _3198_/CLK (sky130_fd_sc_hd__dfxtp_2)
                                  0.250000    2.731643   clock uncertainty
                                  0.000000    2.731643   clock reconvergence pessimism
                                  0.297744    3.029387   library hold time
                                              3.029387   data required time
---------------------------------------------------------------------------------------------
                                              3.029387   data required time
                                             -3.372254   data arrival time
---------------------------------------------------------------------------------------------
                                              0.342868   slack (MET)


Startpoint: _3113_ (rising edge-triggered flip-flop clocked by clk)
Endpoint: _3181_ (rising edge-triggered flip-flop clocked by clk)
Path Group: clk
Path Type: min

Fanout         Cap        Slew       Delay        Time   Description
---------------------------------------------------------------------------------------------
                                  0.000000    0.000000   clock clk (rise edge)
                                  0.000000    0.000000   clock source latency
   316    0.813505    3.615377    2.485607    2.485607 ^ clk (in)
                                                         clk (net)
                      3.615507    0.000000    2.485607 ^ _3113_/CLK (sky130_fd_sc_hd__dfxtp_2)
     2    0.004494    0.027931    0.738729    3.224336 v _3113_/Q (sky130_fd_sc_hd__dfxtp_2)
                                                         u_core.pe_accum[0][12] (net)
                      0.027931    0.000002    3.224339 v _2865_/A (sky130_fd_sc_hd__and2_2)
     1    0.002132    0.033007    0.152074    3.376413 v _2865_/X (sky130_fd_sc_hd__and2_2)
                                                         _0295_ (net)
                      0.033007    0.000004    3.376417 v _3181_/D (sky130_fd_sc_hd__dfxtp_2)
                                              3.376417   data arrival time

                                  0.000000    0.000000   clock clk (rise edge)
                                  0.000000    0.000000   clock source latency
   316    0.813505    3.615377    2.485392    2.485392 ^ clk (in)
                                                         clk (net)
                      3.615504    0.000000    2.485392 ^ _3181_/CLK (sky130_fd_sc_hd__dfxtp_2)
                                  0.250000    2.735392   clock uncertainty
                                  0.000000    2.735392   clock reconvergence pessimism
                                  0.297673    3.033065   library hold time
                                              3.033065   data required time
---------------------------------------------------------------------------------------------
                                              3.033065   data required time
                                             -3.376417   data arrival time
---------------------------------------------------------------------------------------------
                                              0.343353   slack (MET)


Startpoint: _3116_ (rising edge-triggered flip-flop clocked by clk)
Endpoint: _3184_ (rising edge-triggered flip-flop clocked by clk)
Path Group: clk
Path Type: min

Fanout         Cap        Slew       Delay        Time   Description
---------------------------------------------------------------------------------------------
                                  0.000000    0.000000   clock clk (rise edge)
                                  0.000000    0.000000   clock source latency
   316    0.813505    3.615377    2.485493    2.485493 ^ clk (in)
                                                         clk (net)
                      3.615505    0.000000    2.485493 ^ _3116_/CLK (sky130_fd_sc_hd__dfxtp_2)
     2    0.004736    0.028453    0.739344    3.224837 v _3116_/Q (sky130_fd_sc_hd__dfxtp_2)
                                                         u_core.pe_accum[0][15] (net)
                      0.028453    0.000004    3.224842 v _2868_/A (sky130_fd_sc_hd__and2_2)
     1    0.002214    0.033245    0.152660    3.377501 v _2868_/X (sky130_fd_sc_hd__and2_2)
                                                         _0298_ (net)
                      0.033245    0.000006    3.377507 v _3184_/D (sky130_fd_sc_hd__dfxtp_2)
                                              3.377507   data arrival time

                                  0.000000    0.000000   clock clk (rise edge)
                                  0.000000    0.000000   clock source latency
   316    0.813505    3.615377    2.485200    2.485200 ^ clk (in)
                                                         clk (net)
                      3.615501    0.000000    2.485200 ^ _3184_/CLK (sky130_fd_sc_hd__dfxtp_2)
                                  0.250000    2.735200   clock uncertainty
                                  0.000000    2.735200   clock reconvergence pessimism
                                  0.297578    3.032778   library hold time
                                              3.032778   data required time
---------------------------------------------------------------------------------------------
                                              3.032778   data required time
                                             -3.377507   data arrival time
---------------------------------------------------------------------------------------------
                                              0.344729   slack (MET)


Startpoint: _3102_ (rising edge-triggered flip-flop clocked by clk)
Endpoint: _3170_ (rising edge-triggered flip-flop clocked by clk)
Path Group: clk
Path Type: min

Fanout         Cap        Slew       Delay        Time   Description
---------------------------------------------------------------------------------------------
                                  0.000000    0.000000   clock clk (rise edge)
                                  0.000000    0.000000   clock source latency
   316    0.813505    3.615377    2.507900    2.507900 ^ clk (in)
                                                         clk (net)
                      3.616029    0.000000    2.507900 ^ _3102_/CLK (sky130_fd_sc_hd__dfxtp_2)
     2    0.004335    0.027588    0.738375    3.246275 v _3102_/Q (sky130_fd_sc_hd__dfxtp_2)
                                                         u_core.pe_accum[0][1] (net)
                      0.027588    0.000003    3.246278 v _2854_/A (sky130_fd_sc_hd__and2_2)
     1    0.001862    0.032236    0.150731    3.397009 v _2854_/X (sky130_fd_sc_hd__and2_2)
                                                         _0284_ (net)
                      0.032236    0.000002    3.397011 v _3170_/D (sky130_fd_sc_hd__dfxtp_2)
                                              3.397011   data arrival time

                                  0.000000    0.000000   clock clk (rise edge)
                                  0.000000    0.000000   clock source latency
   316    0.813505    3.615377    2.504223    2.504223 ^ clk (in)
                                                         clk (net)
                      3.615915    0.000000    2.504223 ^ _3170_/CLK (sky130_fd_sc_hd__dfxtp_2)
                                  0.250000    2.754223   clock uncertainty
                                  0.000000    2.754223   clock reconvergence pessimism
                                  0.298010    3.052233   library hold time
                                              3.052233   data required time
---------------------------------------------------------------------------------------------
                                              3.052233   data required time
                                             -3.397011   data arrival time
---------------------------------------------------------------------------------------------
                                              0.344777   slack (MET)


Startpoint: _3114_ (rising edge-triggered flip-flop clocked by clk)
Endpoint: _3182_ (rising edge-triggered flip-flop clocked by clk)
Path Group: clk
Path Type: min

Fanout         Cap        Slew       Delay        Time   Description
---------------------------------------------------------------------------------------------
                                  0.000000    0.000000   clock clk (rise edge)
                                  0.000000    0.000000   clock source latency
   316    0.813505    3.615377    2.485504    2.485504 ^ clk (in)
                                                         clk (net)
                      3.615505    0.000000    2.485504 ^ _3114_/CLK (sky130_fd_sc_hd__dfxtp_2)
     2    0.004820    0.028633    0.739557    3.225061 v _3114_/Q (sky130_fd_sc_hd__dfxtp_2)
                                                         u_core.pe_accum[0][13] (net)
                      0.028633    0.000006    3.225067 v _2866_/A (sky130_fd_sc_hd__and2_2)
     1    0.002243    0.033329    0.152864    3.377931 v _2866_/X (sky130_fd_sc_hd__and2_2)
                                                         _0296_ (net)
                      0.033329    0.000006    3.377937 v _3182_/D (sky130_fd_sc_hd__dfxtp_2)
                                              3.377937   data arrival time

                                  0.000000    0.000000   clock clk (rise edge)
                                  0.000000    0.000000   clock source latency
   316    0.813505    3.615377    2.485218    2.485218 ^ clk (in)
                                                         clk (net)
                      3.615501    0.000000    2.485218 ^ _3182_/CLK (sky130_fd_sc_hd__dfxtp_2)
                                  0.250000    2.735218   clock uncertainty
                                  0.000000    2.735218   clock reconvergence pessimism
                                  0.297545    3.032763   library hold time
                                              3.032763   data required time
---------------------------------------------------------------------------------------------
                                              3.032763   data required time
                                             -3.377937   data arrival time
---------------------------------------------------------------------------------------------
                                              0.345174   slack (MET)


Startpoint: _3112_ (rising edge-triggered flip-flop clocked by clk)
Endpoint: _3180_ (rising edge-triggered flip-flop clocked by clk)
Path Group: clk
Path Type: min

Fanout         Cap        Slew       Delay        Time   Description
---------------------------------------------------------------------------------------------
                                  0.000000    0.000000   clock clk (rise edge)
                                  0.000000    0.000000   clock source latency
   316    0.813505    3.615377    2.485624    2.485624 ^ clk (in)
                                                         clk (net)
                      3.615507    0.000000    2.485624 ^ _3112_/CLK (sky130_fd_sc_hd__dfxtp_2)
     2    0.004603    0.028165    0.739005    3.224629 v _3112_/Q (sky130_fd_sc_hd__dfxtp_2)
                                                         u_core.pe_accum[0][11] (net)
                      0.028165    0.000004    3.224633 v _2864_/A (sky130_fd_sc_hd__and2_2)
     1    0.005412    0.040533    0.165163    3.389795 v _2864_/X (sky130_fd_sc_hd__and2_2)
                                                         _0294_ (net)
                      0.040533    0.000055    3.389850 v _3180_/D (sky130_fd_sc_hd__dfxtp_2)
                                              3.389850   data arrival time

                                  0.000000    0.000000   clock clk (rise edge)
                                  0.000000    0.000000   clock source latency
   316    0.813505    3.615377    2.499821    2.499821 ^ clk (in)
                                                         clk (net)
                      3.615793    0.000000    2.499821 ^ _3180_/CLK (sky130_fd_sc_hd__dfxtp_2)
                                  0.250000    2.749821   clock uncertainty
                                  0.000000    2.749821   clock reconvergence pessimism
                                  0.294709    3.044530   library hold time
                                              3.044530   data required time
---------------------------------------------------------------------------------------------
                                              3.044530   data required time
                                             -3.389850   data arrival time
---------------------------------------------------------------------------------------------
                                              0.345320   slack (MET)


Startpoint: _3111_ (rising edge-triggered flip-flop clocked by clk)
Endpoint: _3179_ (rising edge-triggered flip-flop clocked by clk)
Path Group: clk
Path Type: min

Fanout         Cap        Slew       Delay        Time   Description
---------------------------------------------------------------------------------------------
                                  0.000000    0.000000   clock clk (rise edge)
                                  0.000000    0.000000   clock source latency
   316    0.813505    3.615377    2.499888    2.499888 ^ clk (in)
                                                         clk (net)
                      3.615794    0.000000    2.499888 ^ _3111_/CLK (sky130_fd_sc_hd__dfxtp_2)
     2    0.004454    0.027846    0.738656    3.238545 v _3111_/Q (sky130_fd_sc_hd__dfxtp_2)
                                                         u_core.pe_accum[0][10] (net)
                      0.027846    0.000002    3.238547 v _2863_/A (sky130_fd_sc_hd__and2_2)
     1    0.003516    0.036017    0.158174    3.396721 v _2863_/X (sky130_fd_sc_hd__and2_2)
                                                         _0293_ (net)
                      0.036017    0.000021    3.396741 v _3179_/D (sky130_fd_sc_hd__dfxtp_2)
                                              3.396741   data arrival time

                                  0.000000    0.000000   clock clk (rise edge)
                                  0.000000    0.000000   clock source latency
   316    0.813505    3.615377    2.504427    2.504427 ^ clk (in)
                                                         clk (net)
                      3.615921    0.000000    2.504427 ^ _3179_/CLK (sky130_fd_sc_hd__dfxtp_2)
                                  0.250000    2.754427   clock uncertainty
                                  0.000000    2.754427   clock reconvergence pessimism
                                  0.296511    3.050938   library hold time
                                              3.050938   data required time
---------------------------------------------------------------------------------------------
                                              3.050938   data required time
                                             -3.396741   data arrival time
---------------------------------------------------------------------------------------------
                                              0.345804   slack (MET)


Startpoint: _3110_ (rising edge-triggered flip-flop clocked by clk)
Endpoint: _3178_ (rising edge-triggered flip-flop clocked by clk)
Path Group: clk
Path Type: min

Fanout         Cap        Slew       Delay        Time   Description
---------------------------------------------------------------------------------------------
                                  0.000000    0.000000   clock clk (rise edge)
                                  0.000000    0.000000   clock source latency
   316    0.813505    3.615377    2.495229    2.495229 ^ clk (in)
                                                         clk (net)
                      3.615682    0.000000    2.495229 ^ _3110_/CLK (sky130_fd_sc_hd__dfxtp_2)
     2    0.006997    0.031653    0.745103    3.240333 v _3110_/Q (sky130_fd_sc_hd__dfxtp_2)
                                                         u_core.pe_accum[0][9] (net)
                      0.031653    0.000031    3.240364 v _2862_/A (sky130_fd_sc_hd__and2_2)
     1    0.002089    0.032913    0.153448    3.393812 v _2862_/X (sky130_fd_sc_hd__and2_2)
                                                         _0292_ (net)
                      0.032913    0.000003    3.393815 v _3178_/D (sky130_fd_sc_hd__dfxtp_2)
                                              3.393815   data arrival time

                                  0.000000    0.000000   clock clk (rise edge)
                                  0.000000    0.000000   clock source latency
   316    0.813505    3.615377    2.499783    2.499783 ^ clk (in)
                                                         clk (net)
                      3.615792    0.000000    2.499783 ^ _3178_/CLK (sky130_fd_sc_hd__dfxtp_2)
                                  0.250000    2.749783   clock uncertainty
                                  0.000000    2.749783   clock reconvergence pessimism
                                  0.297732    3.047515   library hold time
                                              3.047515   data required time
---------------------------------------------------------------------------------------------
                                              3.047515   data required time
                                             -3.393815   data arrival time
---------------------------------------------------------------------------------------------
                                              0.346300   slack (MET)


Startpoint: _3127_ (rising edge-triggered flip-flop clocked by clk)
Endpoint: _3195_ (rising edge-triggered flip-flop clocked by clk)
Path Group: clk
Path Type: min

Fanout         Cap        Slew       Delay        Time   Description
---------------------------------------------------------------------------------------------
                                  0.000000    0.000000   clock clk (rise edge)
                                  0.000000    0.000000   clock source latency
   316    0.813505    3.615377    2.481328    2.481328 ^ clk (in)
                                                         clk (net)
                      3.615453    0.000000    2.481328 ^ _3127_/CLK (sky130_fd_sc_hd__dfxtp_2)
     2    0.004626    0.028215    0.739059    3.220387 v _3127_/Q (sky130_fd_sc_hd__dfxtp_2)
                                                         u_core.pe_accum[0][26] (net)
                      0.028215    0.000003    3.220390 v _2879_/A (sky130_fd_sc_hd__and2_2)
     1    0.002106    0.032936    0.152079    3.372469 v _2879_/X (sky130_fd_sc_hd__and2_2)
                                                         _0309_ (net)
                      0.032936    0.000005    3.372474 v _3195_/D (sky130_fd_sc_hd__dfxtp_2)
                                              3.372474   data arrival time

                                  0.000000    0.000000   clock clk (rise edge)
                                  0.000000    0.000000   clock source latency
   316    0.813505    3.615377    2.476664    2.476664 ^ clk (in)
                                                         clk (net)
                      3.615410    0.000000    2.476664 ^ _3195_/CLK (sky130_fd_sc_hd__dfxtp_2)
                                  0.250000    2.726664   clock uncertainty
                                  0.000000    2.726664   clock reconvergence pessimism
                                  0.297694    3.024358   library hold time
                                              3.024358   data required time
---------------------------------------------------------------------------------------------
                                              3.024358   data required time
                                             -3.372474   data arrival time
---------------------------------------------------------------------------------------------
                                              0.348116   slack (MET)


Startpoint: _3128_ (rising edge-triggered flip-flop clocked by clk)
Endpoint: _3196_ (rising edge-triggered flip-flop clocked by clk)
Path Group: clk
Path Type: min

Fanout         Cap        Slew       Delay        Time   Description
---------------------------------------------------------------------------------------------
                                  0.000000    0.000000   clock clk (rise edge)
                                  0.000000    0.000000   clock source latency
   316    0.813505    3.615377    2.481635    2.481635 ^ clk (in)
                                                         clk (net)
                      3.615456    0.000000    2.481635 ^ _3128_/CLK (sky130_fd_sc_hd__dfxtp_2)
     2    0.004980    0.028978    0.739960    3.221595 v _3128_/Q (sky130_fd_sc_hd__dfxtp_2)
                                                         u_core.pe_accum[0][27] (net)
                      0.028978    0.000005    3.221599 v _2880_/A (sky130_fd_sc_hd__and2_2)
     1    0.001964    0.032537    0.151769    3.373369 v _2880_/X (sky130_fd_sc_hd__and2_2)
                                                         _0310_ (net)
                      0.032537    0.000002    3.373371 v _3196_/D (sky130_fd_sc_hd__dfxtp_2)
                                              3.373371   data arrival time

                                  0.000000    0.000000   clock clk (rise edge)
                                  0.000000    0.000000   clock source latency
   316    0.813505    3.615377    2.476690    2.476690 ^ clk (in)
                                                         clk (net)
                      3.615411    0.000000    2.476690 ^ _3196_/CLK (sky130_fd_sc_hd__dfxtp_2)
                                  0.250000    2.726690   clock uncertainty
                                  0.000000    2.726690   clock reconvergence pessimism
                                  0.297852    3.024542   library hold time
                                              3.024542   data required time
---------------------------------------------------------------------------------------------
                                              3.024542   data required time
                                             -3.373371   data arrival time
---------------------------------------------------------------------------------------------
                                              0.348829   slack (MET)


Startpoint: _3129_ (rising edge-triggered flip-flop clocked by clk)
Endpoint: _3197_ (rising edge-triggered flip-flop clocked by clk)
Path Group: clk
Path Type: min

Fanout         Cap        Slew       Delay        Time   Description
---------------------------------------------------------------------------------------------
                                  0.000000    0.000000   clock clk (rise edge)
                                  0.000000    0.000000   clock source latency
   316    0.813505    3.615377    2.481750    2.481750 ^ clk (in)
                                                         clk (net)
                      3.615457    0.000000    2.481750 ^ _3129_/CLK (sky130_fd_sc_hd__dfxtp_2)
     2    0.004659    0.028287    0.739144    3.220894 v _3129_/Q (sky130_fd_sc_hd__dfxtp_2)
                                                         u_core.pe_accum[0][28] (net)
                      0.028287    0.000004    3.220898 v _2881_/A (sky130_fd_sc_hd__and2_2)
     1    0.002199    0.033201    0.152523    3.373421 v _2881_/X (sky130_fd_sc_hd__and2_2)
                                                         _0311_ (net)
                      0.033201    0.000005    3.373426 v _3197_/D (sky130_fd_sc_hd__dfxtp_2)
                                              3.373426   data arrival time

                                  0.000000    0.000000   clock clk (rise edge)
                                  0.000000    0.000000   clock source latency
   316    0.813505    3.615377    2.476687    2.476687 ^ clk (in)
                                                         clk (net)
                      3.615411    0.000000    2.476687 ^ _3197_/CLK (sky130_fd_sc_hd__dfxtp_2)
                                  0.250000    2.726687   clock uncertainty
                                  0.000000    2.726687   clock reconvergence pessimism
                                  0.297589    3.024276   library hold time
                                              3.024276   data required time
---------------------------------------------------------------------------------------------
                                              3.024276   data required time
                                             -3.373426   data arrival time
---------------------------------------------------------------------------------------------
                                              0.349151   slack (MET)


Startpoint: _3036_ (rising edge-triggered flip-flop clocked by clk)
Endpoint: _2996_ (rising edge-triggered flip-flop clocked by clk)
Path Group: clk
Path Type: min

Fanout         Cap        Slew       Delay        Time   Description
---------------------------------------------------------------------------------------------
                                  0.000000    0.000000   clock clk (rise edge)
                                  0.000000    0.000000   clock source latency
   316    0.813505    3.615377    2.504522    2.504522 ^ clk (in)
                                                         clk (net)
                      3.615923    0.000000    2.504522 ^ _3036_/CLK (sky130_fd_sc_hd__dfxtp_2)
     3    0.007474    0.032665    0.746343    3.250866 v _3036_/Q (sky130_fd_sc_hd__dfxtp_2)
                                                         u_intf.u_slave.reg_weight[1] (net)
                      0.032665    0.000018    3.250884 v _1739_/A (sky130_fd_sc_hd__and2_2)
     1    0.002202    0.033238    0.154372    3.405257 v _1739_/X (sky130_fd_sc_hd__and2_2)
                                                         _0110_ (net)
                      0.033238    0.000005    3.405261 v _2996_/D (sky130_fd_sc_hd__dfxtp_2)
                                              3.405261   data arrival time

                                  0.000000    0.000000   clock clk (rise edge)
                                  0.000000    0.000000   clock source latency
   316    0.813505    3.615377    2.508264    2.508264 ^ clk (in)
                                                         clk (net)
                      3.616040    0.000000    2.508264 ^ _2996_/CLK (sky130_fd_sc_hd__dfxtp_2)
                                  0.250000    2.758264   clock uncertainty
                                  0.000000    2.758264   clock reconvergence pessimism
                                  0.297622    3.055886   library hold time
                                              3.055886   data required time
---------------------------------------------------------------------------------------------
                                              3.055886   data required time
                                             -3.405261   data arrival time
---------------------------------------------------------------------------------------------
                                              0.349375   slack (MET)


Startpoint: _3005_ (rising edge-triggered flip-flop clocked by clk)
Endpoint: _2951_ (rising edge-triggered flip-flop clocked by clk)
Path Group: clk
Path Type: min

Fanout         Cap        Slew       Delay        Time   Description
---------------------------------------------------------------------------------------------
                                  0.000000    0.000000   clock clk (rise edge)
                                  0.000000    0.000000   clock source latency
   316    0.813505    3.615377    2.505388    2.505388 ^ clk (in)
                                                         clk (net)
                      3.615949    0.000000    2.505388 ^ _3005_/CLK (sky130_fd_sc_hd__dfxtp_2)
     3    0.006825    0.031304    0.744698    3.250085 v _3005_/Q (sky130_fd_sc_hd__dfxtp_2)
                                                         u_intf.u_slave.reg_pixel[2] (net)
                      0.031304    0.000015    3.250100 v _1592_/A (sky130_fd_sc_hd__and2_2)
     1    0.002224    0.033292    0.153900    3.404000 v _1592_/X (sky130_fd_sc_hd__and2_2)
                                                         _0065_ (net)
                      0.033292    0.000005    3.404005 v _2951_/D (sky130_fd_sc_hd__dfxtp_2)
                                              3.404005   data arrival time

                                  0.000000    0.000000   clock clk (rise edge)
                                  0.000000    0.000000   clock source latency
   316    0.813505    3.615377    2.506651    2.506651 ^ clk (in)
                                                         clk (net)
                      3.615989    0.000000    2.506651 ^ _2951_/CLK (sky130_fd_sc_hd__dfxtp_2)
                                  0.250000    2.756651   clock uncertainty
                                  0.000000    2.756651   clock reconvergence pessimism
                                  0.297597    3.054248   library hold time
                                              3.054248   data required time
---------------------------------------------------------------------------------------------
                                              3.054248   data required time
                                             -3.404005   data arrival time
---------------------------------------------------------------------------------------------
                                              0.349757   slack (MET)


Startpoint: _2948_ (rising edge-triggered flip-flop clocked by clk)
Endpoint: _3100_ (rising edge-triggered flip-flop clocked by clk)
Path Group: clk
Path Type: min

Fanout         Cap        Slew       Delay        Time   Description
---------------------------------------------------------------------------------------------
                                  0.000000    0.000000   clock clk (rise edge)
                                  0.000000    0.000000   clock source latency
   316    0.813505    3.615377    2.508699    2.508699 ^ clk (in)
                                                         clk (net)
                      3.616055    0.000000    2.508699 ^ _2948_/CLK (sky130_fd_sc_hd__dfxtp_2)
     1    0.001674    0.020667    0.728771    3.237470 v _2948_/Q (sky130_fd_sc_hd__dfxtp_2)
                                                         u_core.pe_array[0].u_pe.valid_out (net)
                      0.020667    0.000003    3.237472 v _1944_/B (sky130_fd_sc_hd__and2_2)
     1    0.002014    0.034767    0.168038    3.405510 v _1944_/X (sky130_fd_sc_hd__and2_2)
                                                         _0214_ (net)
                      0.034767    0.000004    3.405514 v _3100_/D (sky130_fd_sc_hd__dfxtp_2)
                                              3.405514   data arrival time

                                  0.000000    0.000000   clock clk (rise edge)
                                  0.000000    0.000000   clock source latency
   316    0.813505    3.615377    2.508652    2.508652 ^ clk (in)
                                                         clk (net)
                      3.616053    0.000000    2.508652 ^ _3100_/CLK (sky130_fd_sc_hd__dfxtp_2)
                                  0.250000    2.758652   clock uncertainty
                                  0.000000    2.758652   clock reconvergence pessimism
                                  0.297016    3.055668   library hold time
                                              3.055668   data required time
---------------------------------------------------------------------------------------------
                                              3.055668   data required time
                                             -3.405514   data arrival time
---------------------------------------------------------------------------------------------
                                              0.349846   slack (MET)


Startpoint: _3040_ (rising edge-triggered flip-flop clocked by clk)
Endpoint: _3000_ (rising edge-triggered flip-flop clocked by clk)
Path Group: clk
Path Type: min

Fanout         Cap        Slew       Delay        Time   Description
---------------------------------------------------------------------------------------------
                                  0.000000    0.000000   clock clk (rise edge)
                                  0.000000    0.000000   clock source latency
   316    0.813505    3.615377    2.509444    2.509444 ^ clk (in)
                                                         clk (net)
                      3.616080    0.000000    2.509444 ^ _3040_/CLK (sky130_fd_sc_hd__dfxtp_2)
     3    0.006600    0.032468    0.744140    3.253584 v _3040_/Q (sky130_fd_sc_hd__dfxtp_2)
                                                         u_intf.u_slave.reg_weight[5] (net)
                      0.032468    0.000007    3.253591 v _1743_/A (sky130_fd_sc_hd__and2_2)
     1    0.002132    0.033038    0.153977    3.407568 v _1743_/X (sky130_fd_sc_hd__and2_2)
                                                         _0114_ (net)
                      0.033038    0.000004    3.407573 v _3000_/D (sky130_fd_sc_hd__dfxtp_2)
                                              3.407573   data arrival time

                                  0.000000    0.000000   clock clk (rise edge)
                                  0.000000    0.000000   clock source latency
   316    0.813505    3.615377    2.509485    2.509485 ^ clk (in)
                                                         clk (net)
                      3.616081    0.000000    2.509485 ^ _3000_/CLK (sky130_fd_sc_hd__dfxtp_2)
                                  0.250000    2.759485   clock uncertainty
                                  0.000000    2.759485   clock reconvergence pessimism
                                  0.297705    3.057189   library hold time
                                              3.057189   data required time
---------------------------------------------------------------------------------------------
                                              3.057189   data required time
                                             -3.407573   data arrival time
---------------------------------------------------------------------------------------------
                                              0.350383   slack (MET)


Startpoint: _3003_ (rising edge-triggered flip-flop clocked by clk)
Endpoint: _2949_ (rising edge-triggered flip-flop clocked by clk)
Path Group: clk
Path Type: min

Fanout         Cap        Slew       Delay        Time   Description
---------------------------------------------------------------------------------------------
                                  0.000000    0.000000   clock clk (rise edge)
                                  0.000000    0.000000   clock source latency
   316    0.813505    3.615377    2.504115    2.504115 ^ clk (in)
                                                         clk (net)
                      3.615911    0.000000    2.504115 ^ _3003_/CLK (sky130_fd_sc_hd__dfxtp_2)
     3    0.006521    0.032298    0.743922    3.248038 v _3003_/Q (sky130_fd_sc_hd__dfxtp_2)
                                                         u_intf.u_slave.reg_pixel[0] (net)
                      0.032298    0.000009    3.248047 v _1590_/A (sky130_fd_sc_hd__and2_2)
     1    0.002203    0.033239    0.154224    3.402271 v _1590_/X (sky130_fd_sc_hd__and2_2)
                                                         _0063_ (net)
                      0.033239    0.000005    3.402276 v _2949_/D (sky130_fd_sc_hd__dfxtp_2)
                                              3.402276   data arrival time

                                  0.000000    0.000000   clock clk (rise edge)
                                  0.000000    0.000000   clock source latency
   316    0.813505    3.615377    2.504194    2.504194 ^ clk (in)
                                                         clk (net)
                      3.615914    0.000000    2.504194 ^ _2949_/CLK (sky130_fd_sc_hd__dfxtp_2)
                                  0.250000    2.754194   clock uncertainty
                                  0.000000    2.754194   clock reconvergence pessimism
                                  0.297612    3.051806   library hold time
                                              3.051806   data required time
---------------------------------------------------------------------------------------------
                                              3.051806   data required time
                                             -3.402276   data arrival time
---------------------------------------------------------------------------------------------
                                              0.350470   slack (MET)


Startpoint: _3038_ (rising edge-triggered flip-flop clocked by clk)
Endpoint: _2998_ (rising edge-triggered flip-flop clocked by clk)
Path Group: clk
Path Type: min

Fanout         Cap        Slew       Delay        Time   Description
---------------------------------------------------------------------------------------------
                                  0.000000    0.000000   clock clk (rise edge)
                                  0.000000    0.000000   clock source latency
   316    0.813505    3.615377    2.509305    2.509305 ^ clk (in)
                                                         clk (net)
                      3.616075    0.000000    2.509305 ^ _3038_/CLK (sky130_fd_sc_hd__dfxtp_2)
     3    0.006744    0.031141    0.744500    3.253804 v _3038_/Q (sky130_fd_sc_hd__dfxtp_2)
                                                         u_intf.u_slave.reg_weight[3] (net)
                      0.031141    0.000013    3.253818 v _1741_/A (sky130_fd_sc_hd__and2_2)
     1    0.002141    0.033056    0.153463    3.407281 v _1741_/X (sky130_fd_sc_hd__and2_2)
                                                         _0112_ (net)
                      0.033056    0.000006    3.407287 v _2998_/D (sky130_fd_sc_hd__dfxtp_2)
                                              3.407287   data arrival time

                                  0.000000    0.000000   clock clk (rise edge)
                                  0.000000    0.000000   clock source latency
   316    0.813505    3.615377    2.508976    2.508976 ^ clk (in)
                                                         clk (net)
                      3.616064    0.000000    2.508976 ^ _2998_/CLK (sky130_fd_sc_hd__dfxtp_2)
                                  0.250000    2.758976   clock uncertainty
                                  0.000000    2.758976   clock reconvergence pessimism
                                  0.297696    3.056672   library hold time
                                              3.056672   data required time
---------------------------------------------------------------------------------------------
                                              3.056672   data required time
                                             -3.407287   data arrival time
---------------------------------------------------------------------------------------------
                                              0.350615   slack (MET)


Startpoint: _3006_ (rising edge-triggered flip-flop clocked by clk)
Endpoint: _2952_ (rising edge-triggered flip-flop clocked by clk)
Path Group: clk
Path Type: min

Fanout         Cap        Slew       Delay        Time   Description
---------------------------------------------------------------------------------------------
                                  0.000000    0.000000   clock clk (rise edge)
                                  0.000000    0.000000   clock source latency
   316    0.813505    3.615377    2.508974    2.508974 ^ clk (in)
                                                         clk (net)
                      3.616064    0.000000    2.508974 ^ _3006_/CLK (sky130_fd_sc_hd__dfxtp_2)
     3    0.006334    0.030318    0.743460    3.252434 v _3006_/Q (sky130_fd_sc_hd__dfxtp_2)
                                                         u_intf.u_slave.reg_pixel[3] (net)
                      0.030318    0.000012    3.252446 v _1593_/A (sky130_fd_sc_hd__and2_2)
     1    0.002515    0.033503    0.154771    3.407217 v _1593_/X (sky130_fd_sc_hd__and2_2)
                                                         _0066_ (net)
                      0.033503    0.000011    3.407228 v _2952_/D (sky130_fd_sc_hd__dfxtp_2)
                                              3.407228   data arrival time

                                  0.000000    0.000000   clock clk (rise edge)
                                  0.000000    0.000000   clock source latency
   316    0.813505    3.615377    2.509026    2.509026 ^ clk (in)
                                                         clk (net)
                      3.616066    0.000000    2.509026 ^ _2952_/CLK (sky130_fd_sc_hd__dfxtp_2)
                                  0.250000    2.759026   clock uncertainty
                                  0.000000    2.759026   clock reconvergence pessimism
                                  0.297519    3.056545   library hold time
                                              3.056545   data required time
---------------------------------------------------------------------------------------------
                                              3.056545   data required time
                                             -3.407228   data arrival time
---------------------------------------------------------------------------------------------
                                              0.350683   slack (MET)


Startpoint: _3035_ (rising edge-triggered flip-flop clocked by clk)
Endpoint: _2995_ (rising edge-triggered flip-flop clocked by clk)
Path Group: clk
Path Type: min

Fanout         Cap        Slew       Delay        Time   Description
---------------------------------------------------------------------------------------------
                                  0.000000    0.000000   clock clk (rise edge)
                                  0.000000    0.000000   clock source latency
   316    0.813505    3.615377    2.504649    2.504649 ^ clk (in)
                                                         clk (net)
                      3.615927    0.000000    2.504649 ^ _3035_/CLK (sky130_fd_sc_hd__dfxtp_2)
     3    0.006805    0.031264    0.744641    3.249290 v _3035_/Q (sky130_fd_sc_hd__dfxtp_2)
                                                         u_intf.u_slave.reg_weight[0] (net)
                      0.031264    0.000011    3.249301 v _1738_/A (sky130_fd_sc_hd__and2_2)
     1    0.002233    0.033316    0.153922    3.403223 v _1738_/X (sky130_fd_sc_hd__and2_2)
                                                         _0109_ (net)
                      0.033316    0.000005    3.403229 v _2995_/D (sky130_fd_sc_hd__dfxtp_2)
                                              3.403229   data arrival time

                                  0.000000    0.000000   clock clk (rise edge)
                                  0.000000    0.000000   clock source latency
   316    0.813505    3.615377    2.504546    2.504546 ^ clk (in)
                                                         clk (net)
                      3.615924    0.000000    2.504546 ^ _2995_/CLK (sky130_fd_sc_hd__dfxtp_2)
                                  0.250000    2.754546   clock uncertainty
                                  0.000000    2.754546   clock reconvergence pessimism
                                  0.297582    3.052128   library hold time
                                              3.052128   data required time
---------------------------------------------------------------------------------------------
                                              3.052128   data required time
                                             -3.403229   data arrival time
---------------------------------------------------------------------------------------------
                                              0.351101   slack (MET)


Startpoint: _3008_ (rising edge-triggered flip-flop clocked by clk)
Endpoint: _2954_ (rising edge-triggered flip-flop clocked by clk)
Path Group: clk
Path Type: min

Fanout         Cap        Slew       Delay        Time   Description
---------------------------------------------------------------------------------------------
                                  0.000000    0.000000   clock clk (rise edge)
                                  0.000000    0.000000   clock source latency
   316    0.813505    3.615377    2.509399    2.509399 ^ clk (in)
                                                         clk (net)
                      3.616078    0.000000    2.509399 ^ _3008_/CLK (sky130_fd_sc_hd__dfxtp_2)
     3    0.007189    0.032059    0.745632    3.255031 v _3008_/Q (sky130_fd_sc_hd__dfxtp_2)
                                                         u_intf.u_slave.reg_pixel[5] (net)
                      0.032059    0.000006    3.255037 v _1595_/A (sky130_fd_sc_hd__and2_2)
     1    0.002036    0.032766    0.153384    3.408421 v _1595_/X (sky130_fd_sc_hd__and2_2)
                                                         _0068_ (net)
                      0.032766    0.000004    3.408425 v _2954_/D (sky130_fd_sc_hd__dfxtp_2)
                                              3.408425   data arrival time

                                  0.000000    0.000000   clock clk (rise edge)
                                  0.000000    0.000000   clock source latency
   316    0.813505    3.615377    2.509333    2.509333 ^ clk (in)
                                                         clk (net)
                      3.616076    0.000000    2.509333 ^ _2954_/CLK (sky130_fd_sc_hd__dfxtp_2)
                                  0.250000    2.759333   clock uncertainty
                                  0.000000    2.759333   clock reconvergence pessimism
                                  0.297812    3.057145   library hold time
                                              3.057145   data required time
---------------------------------------------------------------------------------------------
                                              3.057145   data required time
                                             -3.408425   data arrival time
---------------------------------------------------------------------------------------------
                                              0.351279   slack (MET)


Startpoint: _3009_ (rising edge-triggered flip-flop clocked by clk)
Endpoint: _2955_ (rising edge-triggered flip-flop clocked by clk)
Path Group: clk
Path Type: min

Fanout         Cap        Slew       Delay        Time   Description
---------------------------------------------------------------------------------------------
                                  0.000000    0.000000   clock clk (rise edge)
                                  0.000000    0.000000   clock source latency
   316    0.813505    3.615377    2.509521    2.509521 ^ clk (in)
                                                         clk (net)
                      3.616082    0.000000    2.509521 ^ _3009_/CLK (sky130_fd_sc_hd__dfxtp_2)
     3    0.007178    0.032037    0.745607    3.255127 v _3009_/Q (sky130_fd_sc_hd__dfxtp_2)
                                                         u_intf.u_slave.reg_pixel[6] (net)
                      0.032037    0.000008    3.255135 v _1596_/A (sky130_fd_sc_hd__and2_2)
     1    0.002135    0.033045    0.153813    3.408948 v _1596_/X (sky130_fd_sc_hd__and2_2)
                                                         _0069_ (net)
                      0.033045    0.000004    3.408952 v _2955_/D (sky130_fd_sc_hd__dfxtp_2)
                                              3.408952   data arrival time

                                  0.000000    0.000000   clock clk (rise edge)
                                  0.000000    0.000000   clock source latency
   316    0.813505    3.615377    2.509514    2.509514 ^ clk (in)
                                                         clk (net)
                      3.616082    0.000000    2.509514 ^ _2955_/CLK (sky130_fd_sc_hd__dfxtp_2)
                                  0.250000    2.759514   clock uncertainty
                                  0.000000    2.759514   clock reconvergence pessimism
                                  0.297702    3.057216   library hold time
                                              3.057216   data required time
---------------------------------------------------------------------------------------------
                                              3.057216   data required time
                                             -3.408952   data arrival time
---------------------------------------------------------------------------------------------
                                              0.351736   slack (MET)


Startpoint: _3039_ (rising edge-triggered flip-flop clocked by clk)
Endpoint: _2999_ (rising edge-triggered flip-flop clocked by clk)
Path Group: clk
Path Type: min

Fanout         Cap        Slew       Delay        Time   Description
---------------------------------------------------------------------------------------------
                                  0.000000    0.000000   clock clk (rise edge)
                                  0.000000    0.000000   clock source latency
   316    0.813505    3.615377    2.495139    2.495139 ^ clk (in)
                                                         clk (net)
                      3.615680    0.000000    2.495139 ^ _3039_/CLK (sky130_fd_sc_hd__dfxtp_2)
     3    0.006998    0.033326    0.745114    3.240253 v _3039_/Q (sky130_fd_sc_hd__dfxtp_2)
                                                         u_intf.u_slave.reg_weight[4] (net)
                      0.033326    0.000010    3.240263 v _1742_/A (sky130_fd_sc_hd__and2_2)
     1    0.002202    0.033243    0.154651    3.394914 v _1742_/X (sky130_fd_sc_hd__and2_2)
                                                         _0113_ (net)
                      0.033243    0.000006    3.394919 v _2999_/D (sky130_fd_sc_hd__dfxtp_2)
                                              3.394919   data arrival time

                                  0.000000    0.000000   clock clk (rise edge)
                                  0.000000    0.000000   clock source latency
   316    0.813505    3.615377    2.495195    2.495195 ^ clk (in)
                                                         clk (net)
                      3.615681    0.000000    2.495195 ^ _2999_/CLK (sky130_fd_sc_hd__dfxtp_2)
                                  0.250000    2.745195   clock uncertainty
                                  0.000000    2.745195   clock reconvergence pessimism
                                  0.297593    3.042788   library hold time
                                              3.042788   data required time
---------------------------------------------------------------------------------------------
                                              3.042788   data required time
                                             -3.394919   data arrival time
---------------------------------------------------------------------------------------------
                                              0.352132   slack (MET)


Startpoint: _3004_ (rising edge-triggered flip-flop clocked by clk)
Endpoint: _2950_ (rising edge-triggered flip-flop clocked by clk)
Path Group: clk
Path Type: min

Fanout         Cap        Slew       Delay        Time   Description
---------------------------------------------------------------------------------------------
                                  0.000000    0.000000   clock clk (rise edge)
                                  0.000000    0.000000   clock source latency
   316    0.813505    3.615377    2.508438    2.508438 ^ clk (in)
                                                         clk (net)
                      3.616046    0.000000    2.508438 ^ _3004_/CLK (sky130_fd_sc_hd__dfxtp_2)
     3    0.008083    0.033978    0.747902    3.256339 v _3004_/Q (sky130_fd_sc_hd__dfxtp_2)
                                                         u_intf.u_slave.reg_pixel[1] (net)
                      0.033978    0.000019    3.256359 v _1591_/A (sky130_fd_sc_hd__and2_2)
     1    0.002053    0.032825    0.154261    3.410619 v _1591_/X (sky130_fd_sc_hd__and2_2)
                                                         _0064_ (net)
                      0.032825    0.000003    3.410622 v _2950_/D (sky130_fd_sc_hd__dfxtp_2)
                                              3.410622   data arrival time

                                  0.000000    0.000000   clock clk (rise edge)
                                  0.000000    0.000000   clock source latency
   316    0.813505    3.615377    2.508748    2.508748 ^ clk (in)
                                                         clk (net)
                      3.616057    0.000000    2.508748 ^ _2950_/CLK (sky130_fd_sc_hd__dfxtp_2)
                                  0.250000    2.758749   clock uncertainty
                                  0.000000    2.758749   clock reconvergence pessimism
                                  0.297787    3.056536   library hold time
                                              3.056536   data required time
---------------------------------------------------------------------------------------------
                                              3.056536   data required time
                                             -3.410622   data arrival time
---------------------------------------------------------------------------------------------
                                              0.354087   slack (MET)


Startpoint: _3132_ (rising edge-triggered flip-flop clocked by clk)
Endpoint: _3200_ (rising edge-triggered flip-flop clocked by clk)
Path Group: clk
Path Type: min

Fanout         Cap        Slew       Delay        Time   Description
---------------------------------------------------------------------------------------------
                                  0.000000    0.000000   clock clk (rise edge)
                                  0.000000    0.000000   clock source latency
   316    0.813505    3.615377    2.482596    2.482596 ^ clk (in)
                                                         clk (net)
                      3.615467    0.000000    2.482596 ^ _3132_/CLK (sky130_fd_sc_hd__dfxtp_2)
     2    0.004774    0.028536    0.739438    3.222034 v _3132_/Q (sky130_fd_sc_hd__dfxtp_2)
                                                         u_core.pe_accum[0][31] (net)
                      0.028536    0.000006    3.222040 v _2884_/A (sky130_fd_sc_hd__and2_2)
     1    0.004011    0.037530    0.160655    3.382696 v _2884_/X (sky130_fd_sc_hd__and2_2)
                                                         _0314_ (net)
                      0.037530    0.000029    3.382725 v _3200_/D (sky130_fd_sc_hd__dfxtp_2)
                                              3.382725   data arrival time

                                  0.000000    0.000000   clock clk (rise edge)
                                  0.000000    0.000000   clock source latency
   316    0.813505    3.615377    2.482420    2.482420 ^ clk (in)
                                                         clk (net)
                      3.615465    0.000000    2.482420 ^ _3200_/CLK (sky130_fd_sc_hd__dfxtp_2)
                                  0.250000    2.732421   clock uncertainty
                                  0.000000    2.732421   clock reconvergence pessimism
                                  0.295876    3.028296   library hold time
                                              3.028296   data required time
---------------------------------------------------------------------------------------------
                                              3.028296   data required time
                                             -3.382725   data arrival time
---------------------------------------------------------------------------------------------
                                              0.354429   slack (MET)


Startpoint: _3037_ (rising edge-triggered flip-flop clocked by clk)
Endpoint: _2997_ (rising edge-triggered flip-flop clocked by clk)
Path Group: clk
Path Type: min

Fanout         Cap        Slew       Delay        Time   Description
---------------------------------------------------------------------------------------------
                                  0.000000    0.000000   clock clk (rise edge)
                                  0.000000    0.000000   clock source latency
   316    0.813505    3.615377    2.503763    2.503763 ^ clk (in)
                                                         clk (net)
                      3.615901    0.000000    2.503763 ^ _3037_/CLK (sky130_fd_sc_hd__dfxtp_2)
     3    0.007681    0.033107    0.746864    3.250628 v _3037_/Q (sky130_fd_sc_hd__dfxtp_2)
                                                         u_intf.u_slave.reg_weight[2] (net)
                      0.033107    0.000023    3.250650 v _1740_/A (sky130_fd_sc_hd__and2_2)
     1    0.002704    0.033963    0.156777    3.407428 v _1740_/X (sky130_fd_sc_hd__and2_2)
                                                         _0111_ (net)
                      0.033963    0.000014    3.407441 v _2997_/D (sky130_fd_sc_hd__dfxtp_2)
                                              3.407441   data arrival time

                                  0.000000    0.000000   clock clk (rise edge)
                                  0.000000    0.000000   clock source latency
   316    0.813505    3.615377    2.504218    2.504218 ^ clk (in)
                                                         clk (net)
                      3.615914    0.000000    2.504218 ^ _2997_/CLK (sky130_fd_sc_hd__dfxtp_2)
                                  0.250000    2.754218   clock uncertainty
                                  0.000000    2.754218   clock reconvergence pessimism
                                  0.297325    3.051543   library hold time
                                              3.051543   data required time
---------------------------------------------------------------------------------------------
                                              3.051543   data required time
                                             -3.407441   data arrival time
---------------------------------------------------------------------------------------------
                                              0.355898   slack (MET)


Startpoint: _3201_ (rising edge-triggered flip-flop clocked by clk)
Endpoint: _2991_ (rising edge-triggered flip-flop clocked by clk)
Path Group: clk
Path Type: min

Fanout         Cap        Slew       Delay        Time   Description
---------------------------------------------------------------------------------------------
                                  0.000000    0.000000   clock clk (rise edge)
                                  0.000000    0.000000   clock source latency
   316    0.813505    3.615377    2.504696    2.504696 ^ clk (in)
                                                         clk (net)
                      3.615929    0.000000    2.504696 ^ _3201_/CLK (sky130_fd_sc_hd__dfxtp_2)
     1    0.002500    0.022832    0.731778    3.236475 v _3201_/Q (sky130_fd_sc_hd__dfxtp_2)
                                                         done_r (net)
                      0.022832    0.000003    3.236478 v _1729_/A2 (sky130_fd_sc_hd__o21a_2)
     1    0.001806    0.030802    0.173034    3.409511 v _1729_/X (sky130_fd_sc_hd__o21a_2)
                                                         _0105_ (net)
                      0.030802    0.000001    3.409513 v _2991_/D (sky130_fd_sc_hd__dfxtp_2)
                                              3.409513   data arrival time

                                  0.000000    0.000000   clock clk (rise edge)
                                  0.000000    0.000000   clock source latency
   316    0.813505    3.615377    2.504713    2.504713 ^ clk (in)
                                                         clk (net)
                      3.615929    0.000000    2.504713 ^ _2991_/CLK (sky130_fd_sc_hd__dfxtp_2)
                                  0.250000    2.754713   clock uncertainty
                                  0.000000    2.754713   clock reconvergence pessimism
                                  0.298580    3.053293   library hold time
                                              3.053293   data required time
---------------------------------------------------------------------------------------------
                                              3.053293   data required time
                                             -3.409513   data arrival time
---------------------------------------------------------------------------------------------
                                              0.356220   slack (MET)


Startpoint: _3041_ (rising edge-triggered flip-flop clocked by clk)
Endpoint: _3001_ (rising edge-triggered flip-flop clocked by clk)
Path Group: clk
Path Type: min

Fanout         Cap        Slew       Delay        Time   Description
---------------------------------------------------------------------------------------------
                                  0.000000    0.000000   clock clk (rise edge)
                                  0.000000    0.000000   clock source latency
   316    0.813505    3.615377    2.509364    2.509364 ^ clk (in)
                                                         clk (net)
                      3.616077    0.000000    2.509364 ^ _3041_/CLK (sky130_fd_sc_hd__dfxtp_2)
     3    0.008551    0.035023    0.749091    3.258455 v _3041_/Q (sky130_fd_sc_hd__dfxtp_2)
                                                         u_intf.u_slave.reg_weight[6] (net)
                      0.035023    0.000030    3.258485 v _1744_/A (sky130_fd_sc_hd__and2_2)
     1    0.002171    0.033165    0.155223    3.413708 v _1744_/X (sky130_fd_sc_hd__and2_2)
                                                         _0115_ (net)
                      0.033165    0.000005    3.413713 v _3001_/D (sky130_fd_sc_hd__dfxtp_2)
                                              3.413713   data arrival time

                                  0.000000    0.000000   clock clk (rise edge)
                                  0.000000    0.000000   clock source latency
   316    0.813505    3.615377    2.509518    2.509518 ^ clk (in)
                                                         clk (net)
                      3.616082    0.000000    2.509518 ^ _3001_/CLK (sky130_fd_sc_hd__dfxtp_2)
                                  0.250000    2.759518   clock uncertainty
                                  0.000000    2.759518   clock reconvergence pessimism
                                  0.297654    3.057172   library hold time
                                              3.057172   data required time
---------------------------------------------------------------------------------------------
                                              3.057172   data required time
                                             -3.413713   data arrival time
---------------------------------------------------------------------------------------------
                                              0.356541   slack (MET)


Startpoint: _3042_ (rising edge-triggered flip-flop clocked by clk)
Endpoint: _3002_ (rising edge-triggered flip-flop clocked by clk)
Path Group: clk
Path Type: min

Fanout         Cap        Slew       Delay        Time   Description
---------------------------------------------------------------------------------------------
                                  0.000000    0.000000   clock clk (rise edge)
                                  0.000000    0.000000   clock source latency
   316    0.813505    3.615377    2.505811    2.505811 ^ clk (in)
                                                         clk (net)
                      3.615963    0.000000    2.505811 ^ _3042_/CLK (sky130_fd_sc_hd__dfxtp_2)
     3    0.006844    0.031346    0.744740    3.250551 v _3042_/Q (sky130_fd_sc_hd__dfxtp_2)
                                                         u_intf.u_slave.reg_weight[7] (net)
                      0.031346    0.000012    3.250563 v _1745_/A (sky130_fd_sc_hd__and2_2)
     1    0.004502    0.038759    0.163650    3.414213 v _1745_/X (sky130_fd_sc_hd__and2_2)
                                                         _0116_ (net)
                      0.038759    0.000056    3.414269 v _3002_/D (sky130_fd_sc_hd__dfxtp_2)
                                              3.414269   data arrival time

                                  0.000000    0.000000   clock clk (rise edge)
                                  0.000000    0.000000   clock source latency
   316    0.813505    3.615377    2.508098    2.508098 ^ clk (in)
                                                         clk (net)
                      3.616035    0.000000    2.508098 ^ _3002_/CLK (sky130_fd_sc_hd__dfxtp_2)
                                  0.250000    2.758098   clock uncertainty
                                  0.000000    2.758098   clock reconvergence pessimism
                                  0.295431    3.053530   library hold time
                                              3.053530   data required time
---------------------------------------------------------------------------------------------
                                              3.053530   data required time
                                             -3.414269   data arrival time
---------------------------------------------------------------------------------------------
                                              0.360739   slack (MET)


Startpoint: _3007_ (rising edge-triggered flip-flop clocked by clk)
Endpoint: _2953_ (rising edge-triggered flip-flop clocked by clk)
Path Group: clk
Path Type: min

Fanout         Cap        Slew       Delay        Time   Description
---------------------------------------------------------------------------------------------
                                  0.000000    0.000000   clock clk (rise edge)
                                  0.000000    0.000000   clock source latency
   316    0.813505    3.615377    2.495112    2.495112 ^ clk (in)
                                                         clk (net)
                      3.615680    0.000000    2.495112 ^ _3007_/CLK (sky130_fd_sc_hd__dfxtp_2)
     3    0.007429    0.032568    0.746206    3.241318 v _3007_/Q (sky130_fd_sc_hd__dfxtp_2)
                                                         u_intf.u_slave.reg_pixel[4] (net)
                      0.032568    0.000016    3.241335 v _1594_/A (sky130_fd_sc_hd__and2_2)
     1    0.002303    0.033015    0.154777    3.396112 v _1594_/X (sky130_fd_sc_hd__and2_2)
                                                         _0067_ (net)
                      0.033015    0.000006    3.396118 v _2953_/D (sky130_fd_sc_hd__dfxtp_2)
                                              3.396118   data arrival time

                                  0.000000    0.000000   clock clk (rise edge)
                                  0.000000    0.000000   clock source latency
   316    0.813505    3.615377    2.485402    2.485402 ^ clk (in)
                                                         clk (net)
                      3.615504    0.000000    2.485402 ^ _2953_/CLK (sky130_fd_sc_hd__dfxtp_2)
                                  0.250000    2.735402   clock uncertainty
                                  0.000000    2.735402   clock reconvergence pessimism
                                  0.297670    3.033072   library hold time
                                              3.033072   data required time
---------------------------------------------------------------------------------------------
                                              3.033072   data required time
                                             -3.396118   data arrival time
---------------------------------------------------------------------------------------------
                                              0.363046   slack (MET)


Startpoint: _3132_ (rising edge-triggered flip-flop clocked by clk)
Endpoint: _3132_ (rising edge-triggered flip-flop clocked by clk)
Path Group: clk
Path Type: min

Fanout         Cap        Slew       Delay        Time   Description
---------------------------------------------------------------------------------------------
                                  0.000000    0.000000   clock clk (rise edge)
                                  0.000000    0.000000   clock source latency
   316    0.813505    3.615377    2.482596    2.482596 ^ clk (in)
                                                         clk (net)
                      3.615467    0.000000    2.482596 ^ _3132_/CLK (sky130_fd_sc_hd__dfxtp_2)
     2    0.004774    0.028536    0.739438    3.222034 v _3132_/Q (sky130_fd_sc_hd__dfxtp_2)
                                                         u_core.pe_accum[0][31] (net)
                      0.028536    0.000004    3.222038 v _2764_/A1 (sky130_fd_sc_hd__a21bo_2)
     1    0.001768    0.029732    0.173320    3.395358 v _2764_/X (sky130_fd_sc_hd__a21bo_2)
                                                         _0246_ (net)
                      0.029732    0.000000    3.395359 v _3132_/D (sky130_fd_sc_hd__dfxtp_2)
                                              3.395359   data arrival time

                                  0.000000    0.000000   clock clk (rise edge)
                                  0.000000    0.000000   clock source latency
   316    0.813505    3.615377    2.482596    2.482596 ^ clk (in)
                                                         clk (net)
                      3.615467    0.000000    2.482596 ^ _3132_/CLK (sky130_fd_sc_hd__dfxtp_2)
                                  0.250000    2.732596   clock uncertainty
                                  0.000000    2.732596   clock reconvergence pessimism
                                  0.298969    3.031565   library hold time
                                              3.031565   data required time
---------------------------------------------------------------------------------------------
                                              3.031565   data required time
                                             -3.395359   data arrival time
---------------------------------------------------------------------------------------------
                                              0.363794   slack (MET)


Startpoint: _3167_ (rising edge-triggered flip-flop clocked by clk)
Endpoint: _3167_ (rising edge-triggered flip-flop clocked by clk)
Path Group: clk
Path Type: min

Fanout         Cap        Slew       Delay        Time   Description
---------------------------------------------------------------------------------------------
                                  0.000000    0.000000   clock clk (rise edge)
                                  0.000000    0.000000   clock source latency
   316    0.813505    3.615377    2.494612    2.494612 ^ clk (in)
                                                         clk (net)
                      3.615669    0.000000    2.494612 ^ _3167_/CLK (sky130_fd_sc_hd__dfxtp_2)
     3    0.007865    0.035193    0.747317    3.241929 v _3167_/Q (sky130_fd_sc_hd__dfxtp_2)
                                                         u_core.pe_array[0].u_pe.tap_count[2] (net)
                      0.035193    0.000003    3.241932 v _2849_/A1 (sky130_fd_sc_hd__o21ai_2)
     1    0.005040    0.107609    0.132186    3.374118 ^ _2849_/Y (sky130_fd_sc_hd__o21ai_2)
                                                         _1245_ (net)
                      0.107609    0.000007    3.374125 ^ _2850_/B (sky130_fd_sc_hd__nor2_2)
     1    0.001923    0.025412    0.035594    3.409719 v _2850_/Y (sky130_fd_sc_hd__nor2_2)
                                                         _0281_ (net)
                      0.025412    0.000002    3.409721 v _3167_/D (sky130_fd_sc_hd__dfxtp_2)
                                              3.409721   data arrival time

                                  0.000000    0.000000   clock clk (rise edge)
                                  0.000000    0.000000   clock source latency
   316    0.813505    3.615377    2.494612    2.494612 ^ clk (in)
                                                         clk (net)
                      3.615669    0.000000    2.494612 ^ _3167_/CLK (sky130_fd_sc_hd__dfxtp_2)
                                  0.250000    2.744612   clock uncertainty
                                  0.000000    2.744612   clock reconvergence pessimism
                                  0.300699    3.045311   library hold time
                                              3.045311   data required time
---------------------------------------------------------------------------------------------
                                              3.045311   data required time
                                             -3.409721   data arrival time
---------------------------------------------------------------------------------------------
                                              0.364410   slack (MET)


Startpoint: _2897_ (rising edge-triggered flip-flop clocked by clk)
Endpoint: _2897_ (rising edge-triggered flip-flop clocked by clk)
Path Group: clk
Path Type: min

Fanout         Cap        Slew       Delay        Time   Description
---------------------------------------------------------------------------------------------
                                  0.000000    0.000000   clock clk (rise edge)
                                  0.000000    0.000000   clock source latency
   316    0.813505    3.615377    2.504745    2.504745 ^ clk (in)
                                                         clk (net)
                      3.615930    0.000000    2.504745 ^ _2897_/CLK (sky130_fd_sc_hd__dfxtp_2)
     3    0.011529    0.041566    0.756635    3.261380 v _2897_/Q (sky130_fd_sc_hd__dfxtp_2)
                                                         pixel_cnt[2] (net)
                      0.041566    0.000028    3.261408 v _1494_/A1 (sky130_fd_sc_hd__o21ai_2)
     1    0.004803    0.105169    0.132927    3.394335 ^ _1494_/Y (sky130_fd_sc_hd__o21ai_2)
                                                         _1283_ (net)
                      0.105169    0.000002    3.394337 ^ _1495_/B (sky130_fd_sc_hd__nor2_2)
     1    0.001748    0.024040    0.034593    3.428930 v _1495_/Y (sky130_fd_sc_hd__nor2_2)
                                                         _0014_ (net)
                      0.024040    0.000000    3.428931 v _2897_/D (sky130_fd_sc_hd__dfxtp_2)
                                              3.428931   data arrival time

                                  0.000000    0.000000   clock clk (rise edge)
                                  0.000000    0.000000   clock source latency
   316    0.813505    3.615377    2.504745    2.504745 ^ clk (in)
                                                         clk (net)
                      3.615930    0.000000    2.504745 ^ _2897_/CLK (sky130_fd_sc_hd__dfxtp_2)
                                  0.250000    2.754745   clock uncertainty
                                  0.000000    2.754745   clock reconvergence pessimism
                                  0.301263    3.056009   library hold time
                                              3.056009   data required time
---------------------------------------------------------------------------------------------
                                              3.056009   data required time
                                             -3.428931   data arrival time
---------------------------------------------------------------------------------------------
                                              0.372922   slack (MET)


Startpoint: _3131_ (rising edge-triggered flip-flop clocked by clk)
Endpoint: _3199_ (rising edge-triggered flip-flop clocked by clk)
Path Group: clk
Path Type: min

Fanout         Cap        Slew       Delay        Time   Description
---------------------------------------------------------------------------------------------
                                  0.000000    0.000000   clock clk (rise edge)
                                  0.000000    0.000000   clock source latency
   316    0.813505    3.615377    2.482480    2.482480 ^ clk (in)
                                                         clk (net)
                      3.615466    0.000000    2.482480 ^ _3131_/CLK (sky130_fd_sc_hd__dfxtp_2)
     2    0.008910    0.035804    0.749934    3.232414 v _3131_/Q (sky130_fd_sc_hd__dfxtp_2)
                                                         u_core.pe_accum[0][30] (net)
                      0.035804    0.000073    3.232486 v _2883_/A (sky130_fd_sc_hd__and2_2)
     1    0.004069    0.037715    0.163952    3.396439 v _2883_/X (sky130_fd_sc_hd__and2_2)
                                                         _0313_ (net)
                      0.037715    0.000043    3.396482 v _3199_/D (sky130_fd_sc_hd__dfxtp_2)
                                              3.396482   data arrival time

                                  0.000000    0.000000   clock clk (rise edge)
                                  0.000000    0.000000   clock source latency
   316    0.813505    3.615377    2.476670    2.476670 ^ clk (in)
                                                         clk (net)
                      3.615410    0.000000    2.476670 ^ _3199_/CLK (sky130_fd_sc_hd__dfxtp_2)
                                  0.250000    2.726670   clock uncertainty
                                  0.000000    2.726670   clock reconvergence pessimism
                                  0.295798    3.022467   library hold time
                                              3.022467   data required time
---------------------------------------------------------------------------------------------
                                              3.022467   data required time
                                             -3.396482   data arrival time
---------------------------------------------------------------------------------------------
                                              0.374015   slack (MET)


Startpoint: _3010_ (rising edge-triggered flip-flop clocked by clk)
Endpoint: _2956_ (rising edge-triggered flip-flop clocked by clk)
Path Group: clk
Path Type: min

Fanout         Cap        Slew       Delay        Time   Description
---------------------------------------------------------------------------------------------
                                  0.000000    0.000000   clock clk (rise edge)
                                  0.000000    0.000000   clock source latency
   316    0.813505    3.615377    2.499819    2.499819 ^ clk (in)
                                                         clk (net)
                      3.615793    0.000000    2.499819 ^ _3010_/CLK (sky130_fd_sc_hd__dfxtp_2)
     3    0.006679    0.032639    0.744314    3.244132 v _3010_/Q (sky130_fd_sc_hd__dfxtp_2)
                                                         u_intf.u_slave.reg_pixel[7] (net)
                      0.032639    0.000009    3.244141 v _1597_/A (sky130_fd_sc_hd__and2_2)
     1    0.008467    0.047037    0.176534    3.420676 v _1597_/X (sky130_fd_sc_hd__and2_2)
                                                         _0070_ (net)
                      0.047037    0.000147    3.420822 v _2956_/D (sky130_fd_sc_hd__dfxtp_2)
                                              3.420822   data arrival time

                                  0.000000    0.000000   clock clk (rise edge)
                                  0.000000    0.000000   clock source latency
   316    0.813505    3.615377    2.485758    2.485758 ^ clk (in)
                                                         clk (net)
                      3.615509    0.000000    2.485758 ^ _2956_/CLK (sky130_fd_sc_hd__dfxtp_2)
                                  0.250000    2.735758   clock uncertainty
                                  0.000000    2.735758   clock reconvergence pessimism
                                  0.292107    3.027865   library hold time
                                              3.027865   data required time
---------------------------------------------------------------------------------------------
                                              3.027865   data required time
                                             -3.420822   data arrival time
---------------------------------------------------------------------------------------------
                                              0.392958   slack (MET)


Startpoint: _3101_ (rising edge-triggered flip-flop clocked by clk)
Endpoint: _3101_ (rising edge-triggered flip-flop clocked by clk)
Path Group: clk
Path Type: min

Fanout         Cap        Slew       Delay        Time   Description
---------------------------------------------------------------------------------------------
                                  0.000000    0.000000   clock clk (rise edge)
                                  0.000000    0.000000   clock source latency
   316    0.813505    3.615377    2.507098    2.507098 ^ clk (in)
                                                         clk (net)
                      3.616003    0.000000    2.507098 ^ _3101_/CLK (sky130_fd_sc_hd__dfxtp_2)
     2    0.004384    0.026818    0.738495    3.245593 v _3101_/Q (sky130_fd_sc_hd__dfxtp_2)
                                                         u_core.pe_accum[0][0] (net)
                      0.026818    0.000008    3.245601 v _1950_/B2 (sky130_fd_sc_hd__a22o_2)
     1    0.001768    0.034621    0.206174    3.451775 v _1950_/X (sky130_fd_sc_hd__a22o_2)
                                                         _0215_ (net)
                      0.034621    0.000000    3.451776 v _3101_/D (sky130_fd_sc_hd__dfxtp_2)
                                              3.451776   data arrival time

                                  0.000000    0.000000   clock clk (rise edge)
                                  0.000000    0.000000   clock source latency
   316    0.813505    3.615377    2.507098    2.507098 ^ clk (in)
                                                         clk (net)
                      3.616003    0.000000    2.507098 ^ _3101_/CLK (sky130_fd_sc_hd__dfxtp_2)
                                  0.250000    2.757098   clock uncertainty
                                  0.000000    2.757098   clock reconvergence pessimism
                                  0.297071    3.054168   library hold time
                                              3.054168   data required time
---------------------------------------------------------------------------------------------
                                              3.054168   data required time
                                             -3.451776   data arrival time
---------------------------------------------------------------------------------------------
                                              0.397607   slack (MET)


Startpoint: _3103_ (rising edge-triggered flip-flop clocked by clk)
Endpoint: _3103_ (rising edge-triggered flip-flop clocked by clk)
Path Group: clk
Path Type: min

Fanout         Cap        Slew       Delay        Time   Description
---------------------------------------------------------------------------------------------
                                  0.000000    0.000000   clock clk (rise edge)
                                  0.000000    0.000000   clock source latency
   316    0.813505    3.615377    2.505813    2.505813 ^ clk (in)
                                                         clk (net)
                      3.615963    0.000000    2.505813 ^ _3103_/CLK (sky130_fd_sc_hd__dfxtp_2)
     2    0.004325    0.026726    0.738342    3.244155 v _3103_/Q (sky130_fd_sc_hd__dfxtp_2)
                                                         u_core.pe_accum[0][2] (net)
                      0.026726    0.000007    3.244162 v _1973_/A1 (sky130_fd_sc_hd__a22o_2)
     1    0.001718    0.034171    0.214262    3.458425 v _1973_/X (sky130_fd_sc_hd__a22o_2)
                                                         _0217_ (net)
                      0.034171    0.000000    3.458425 v _3103_/D (sky130_fd_sc_hd__dfxtp_2)
                                              3.458425   data arrival time

                                  0.000000    0.000000   clock clk (rise edge)
                                  0.000000    0.000000   clock source latency
   316    0.813505    3.615377    2.505813    2.505813 ^ clk (in)
                                                         clk (net)
                      3.615963    0.000000    2.505813 ^ _3103_/CLK (sky130_fd_sc_hd__dfxtp_2)
                                  0.250000    2.755813   clock uncertainty
                                  0.000000    2.755813   clock reconvergence pessimism
                                  0.297246    3.053059   library hold time
                                              3.053059   data required time
---------------------------------------------------------------------------------------------
                                              3.053059   data required time
                                             -3.458425   data arrival time
---------------------------------------------------------------------------------------------
                                              0.405366   slack (MET)


Startpoint: _3119_ (rising edge-triggered flip-flop clocked by clk)
Endpoint: _3119_ (rising edge-triggered flip-flop clocked by clk)
Path Group: clk
Path Type: min

Fanout         Cap        Slew       Delay        Time   Description
---------------------------------------------------------------------------------------------
                                  0.000000    0.000000   clock clk (rise edge)
                                  0.000000    0.000000   clock source latency
   316    0.813505    3.615377    2.484614    2.484614 ^ clk (in)
                                                         clk (net)
                      3.615493    0.000000    2.484614 ^ _3119_/CLK (sky130_fd_sc_hd__dfxtp_2)
     2    0.004378    0.026809    0.738431    3.223045 v _3119_/Q (sky130_fd_sc_hd__dfxtp_2)
                                                         u_core.pe_accum[0][18] (net)
                      0.026809    0.000006    3.223051 v _2491_/A1 (sky130_fd_sc_hd__a22o_2)
     1    0.001741    0.034251    0.214416    3.437467 v _2491_/X (sky130_fd_sc_hd__a22o_2)
                                                         _0233_ (net)
                      0.034251    0.000000    3.437468 v _3119_/D (sky130_fd_sc_hd__dfxtp_2)
                                              3.437468   data arrival time

                                  0.000000    0.000000   clock clk (rise edge)
                                  0.000000    0.000000   clock source latency
   316    0.813505    3.615377    2.484614    2.484614 ^ clk (in)
                                                         clk (net)
                      3.615493    0.000000    2.484614 ^ _3119_/CLK (sky130_fd_sc_hd__dfxtp_2)
                                  0.250000    2.734614   clock uncertainty
                                  0.000000    2.734614   clock reconvergence pessimism
                                  0.297179    3.031793   library hold time
                                              3.031793   data required time
---------------------------------------------------------------------------------------------
                                              3.031793   data required time
                                             -3.437468   data arrival time
---------------------------------------------------------------------------------------------
                                              0.405674   slack (MET)


Startpoint: _3123_ (rising edge-triggered flip-flop clocked by clk)
Endpoint: _3123_ (rising edge-triggered flip-flop clocked by clk)
Path Group: clk
Path Type: min

Fanout         Cap        Slew       Delay        Time   Description
---------------------------------------------------------------------------------------------
                                  0.000000    0.000000   clock clk (rise edge)
                                  0.000000    0.000000   clock source latency
   316    0.813505    3.615377    2.482404    2.482404 ^ clk (in)
                                                         clk (net)
                      3.615465    0.000000    2.482404 ^ _3123_/CLK (sky130_fd_sc_hd__dfxtp_2)
     2    0.004252    0.027410    0.738110    3.220514 v _3123_/Q (sky130_fd_sc_hd__dfxtp_2)
                                                         u_core.pe_accum[0][22] (net)
                      0.027410    0.000006    3.220520 v _2576_/A1 (sky130_fd_sc_hd__a22o_2)
     1    0.001764    0.034332    0.214772    3.435292 v _2576_/X (sky130_fd_sc_hd__a22o_2)
                                                         _0237_ (net)
                      0.034332    0.000000    3.435293 v _3123_/D (sky130_fd_sc_hd__dfxtp_2)
                                              3.435293   data arrival time

                                  0.000000    0.000000   clock clk (rise edge)
                                  0.000000    0.000000   clock source latency
   316    0.813505    3.615377    2.482404    2.482404 ^ clk (in)
                                                         clk (net)
                      3.615465    0.000000    2.482404 ^ _3123_/CLK (sky130_fd_sc_hd__dfxtp_2)
                                  0.250000    2.732404   clock uncertainty
                                  0.000000    2.732404   clock reconvergence pessimism
                                  0.297144    3.029548   library hold time
                                              3.029548   data required time
---------------------------------------------------------------------------------------------
                                              3.029548   data required time
                                             -3.435293   data arrival time
---------------------------------------------------------------------------------------------
                                              0.405745   slack (MET)


Startpoint: _3121_ (rising edge-triggered flip-flop clocked by clk)
Endpoint: _3121_ (rising edge-triggered flip-flop clocked by clk)
Path Group: clk
Path Type: min

Fanout         Cap        Slew       Delay        Time   Description
---------------------------------------------------------------------------------------------
                                  0.000000    0.000000   clock clk (rise edge)
                                  0.000000    0.000000   clock source latency
   316    0.813505    3.615377    2.482533    2.482533 ^ clk (in)
                                                         clk (net)
                      3.615466    0.000000    2.482533 ^ _3121_/CLK (sky130_fd_sc_hd__dfxtp_2)
     2    0.004260    0.027427    0.738130    3.220663 v _3121_/Q (sky130_fd_sc_hd__dfxtp_2)
                                                         u_core.pe_accum[0][20] (net)
                      0.027427    0.000006    3.220670 v _2536_/A1 (sky130_fd_sc_hd__a22o_2)
     1    0.001772    0.034362    0.214823    3.435493 v _2536_/X (sky130_fd_sc_hd__a22o_2)
                                                         _0235_ (net)
                      0.034362    0.000000    3.435493 v _3121_/D (sky130_fd_sc_hd__dfxtp_2)
                                              3.435493   data arrival time

                                  0.000000    0.000000   clock clk (rise edge)
                                  0.000000    0.000000   clock source latency
   316    0.813505    3.615377    2.482533    2.482533 ^ clk (in)
                                                         clk (net)
                      3.615466    0.000000    2.482533 ^ _3121_/CLK (sky130_fd_sc_hd__dfxtp_2)
                                  0.250000    2.732533   clock uncertainty
                                  0.000000    2.732533   clock reconvergence pessimism
                                  0.297133    3.029666   library hold time
                                              3.029666   data required time
---------------------------------------------------------------------------------------------
                                              3.029666   data required time
                                             -3.435493   data arrival time
---------------------------------------------------------------------------------------------
                                              0.405827   slack (MET)


Startpoint: _3126_ (rising edge-triggered flip-flop clocked by clk)
Endpoint: _3126_ (rising edge-triggered flip-flop clocked by clk)
Path Group: clk
Path Type: min

Fanout         Cap        Slew       Delay        Time   Description
---------------------------------------------------------------------------------------------
                                  0.000000    0.000000   clock clk (rise edge)
                                  0.000000    0.000000   clock source latency
   316    0.813505    3.615377    2.481704    2.481704 ^ clk (in)
                                                         clk (net)
                      3.615457    0.000000    2.481704 ^ _3126_/CLK (sky130_fd_sc_hd__dfxtp_2)
     2    0.004201    0.027285    0.737944    3.219648 v _3126_/Q (sky130_fd_sc_hd__dfxtp_2)
                                                         u_core.pe_accum[0][25] (net)
                      0.027285    0.000006    3.219654 v _2643_/A1 (sky130_fd_sc_hd__a22o_2)
     1    0.001837    0.034586    0.215108    3.434762 v _2643_/X (sky130_fd_sc_hd__a22o_2)
                                                         _0240_ (net)
                      0.034586    0.000001    3.434763 v _3126_/D (sky130_fd_sc_hd__dfxtp_2)
                                              3.434763   data arrival time

                                  0.000000    0.000000   clock clk (rise edge)
                                  0.000000    0.000000   clock source latency
   316    0.813505    3.615377    2.481704    2.481704 ^ clk (in)
                                                         clk (net)
                      3.615457    0.000000    2.481704 ^ _3126_/CLK (sky130_fd_sc_hd__dfxtp_2)
                                  0.250000    2.731704   clock uncertainty
                                  0.000000    2.731704   clock reconvergence pessimism
                                  0.297043    3.028747   library hold time
                                              3.028747   data required time
---------------------------------------------------------------------------------------------
                                              3.028747   data required time
                                             -3.434763   data arrival time
---------------------------------------------------------------------------------------------
                                              0.406016   slack (MET)


Startpoint: _3125_ (rising edge-triggered flip-flop clocked by clk)
Endpoint: _3125_ (rising edge-triggered flip-flop clocked by clk)
Path Group: clk
Path Type: min

Fanout         Cap        Slew       Delay        Time   Description
---------------------------------------------------------------------------------------------
                                  0.000000    0.000000   clock clk (rise edge)
                                  0.000000    0.000000   clock source latency
   316    0.813505    3.615377    2.482102    2.482102 ^ clk (in)
                                                         clk (net)
                      3.615461    0.000000    2.482102 ^ _3125_/CLK (sky130_fd_sc_hd__dfxtp_2)
     2    0.004376    0.027676    0.738424    3.220526 v _3125_/Q (sky130_fd_sc_hd__dfxtp_2)
                                                         u_core.pe_accum[0][24] (net)
                      0.027676    0.000006    3.220532 v _2623_/A1 (sky130_fd_sc_hd__a22o_2)
     1    0.001766    0.034342    0.214889    3.435421 v _2623_/X (sky130_fd_sc_hd__a22o_2)
                                                         _0239_ (net)
                      0.034342    0.000000    3.435421 v _3125_/D (sky130_fd_sc_hd__dfxtp_2)
                                              3.435421   data arrival time

                                  0.000000    0.000000   clock clk (rise edge)
                                  0.000000    0.000000   clock source latency
   316    0.813505    3.615377    2.482102    2.482102 ^ clk (in)
                                                         clk (net)
                      3.615461    0.000000    2.482102 ^ _3125_/CLK (sky130_fd_sc_hd__dfxtp_2)
                                  0.250000    2.732102   clock uncertainty
                                  0.000000    2.732102   clock reconvergence pessimism
                                  0.297140    3.029242   library hold time
                                              3.029242   data required time
---------------------------------------------------------------------------------------------
                                              3.029242   data required time
                                             -3.435421   data arrival time
---------------------------------------------------------------------------------------------
                                              0.406180   slack (MET)


Startpoint: _3130_ (rising edge-triggered flip-flop clocked by clk)
Endpoint: _3130_ (rising edge-triggered flip-flop clocked by clk)
Path Group: clk
Path Type: min

Fanout         Cap        Slew       Delay        Time   Description
---------------------------------------------------------------------------------------------
                                  0.000000    0.000000   clock clk (rise edge)
                                  0.000000    0.000000   clock source latency
   316    0.813505    3.615377    2.481690    2.481690 ^ clk (in)
                                                         clk (net)
                      3.615457    0.000000    2.481690 ^ _3130_/CLK (sky130_fd_sc_hd__dfxtp_2)
     2    0.004509    0.027965    0.738764    3.220453 v _3130_/Q (sky130_fd_sc_hd__dfxtp_2)
                                                         u_core.pe_accum[0][29] (net)
                      0.027965    0.000007    3.220460 v _2728_/A1 (sky130_fd_sc_hd__a22o_2)
     1    0.001716    0.034171    0.214742    3.435202 v _2728_/X (sky130_fd_sc_hd__a22o_2)
                                                         _0244_ (net)
                      0.034171    0.000000    3.435203 v _3130_/D (sky130_fd_sc_hd__dfxtp_2)
                                              3.435203   data arrival time

                                  0.000000    0.000000   clock clk (rise edge)
                                  0.000000    0.000000   clock source latency
   316    0.813505    3.615377    2.481690    2.481690 ^ clk (in)
                                                         clk (net)
                      3.615457    0.000000    2.481690 ^ _3130_/CLK (sky130_fd_sc_hd__dfxtp_2)
                                  0.250000    2.731690   clock uncertainty
                                  0.000000    2.731690   clock reconvergence pessimism
                                  0.297208    3.028897   library hold time
                                              3.028897   data required time
---------------------------------------------------------------------------------------------
                                              3.028897   data required time
                                             -3.435203   data arrival time
---------------------------------------------------------------------------------------------
                                              0.406305   slack (MET)


Startpoint: _3122_ (rising edge-triggered flip-flop clocked by clk)
Endpoint: _3122_ (rising edge-triggered flip-flop clocked by clk)
Path Group: clk
Path Type: min

Fanout         Cap        Slew       Delay        Time   Description
---------------------------------------------------------------------------------------------
                                  0.000000    0.000000   clock clk (rise edge)
                                  0.000000    0.000000   clock source latency
   316    0.813505    3.615377    2.482810    2.482810 ^ clk (in)
                                                         clk (net)
                      3.615470    0.000000    2.482810 ^ _3122_/CLK (sky130_fd_sc_hd__dfxtp_2)
     2    0.004329    0.026733    0.738305    3.221115 v _3122_/Q (sky130_fd_sc_hd__dfxtp_2)
                                                         u_core.pe_accum[0][21] (net)
                      0.026733    0.000007    3.221122 v _2554_/A1 (sky130_fd_sc_hd__a22o_2)
     1    0.001869    0.034693    0.215055    3.436177 v _2554_/X (sky130_fd_sc_hd__a22o_2)
                                                         _0236_ (net)
                      0.034693    0.000002    3.436179 v _3122_/D (sky130_fd_sc_hd__dfxtp_2)
                                              3.436179   data arrival time

                                  0.000000    0.000000   clock clk (rise edge)
                                  0.000000    0.000000   clock source latency
   316    0.813505    3.615377    2.482810    2.482810 ^ clk (in)
                                                         clk (net)
                      3.615470    0.000000    2.482810 ^ _3122_/CLK (sky130_fd_sc_hd__dfxtp_2)
                                  0.250000    2.732810   clock uncertainty
                                  0.000000    2.732810   clock reconvergence pessimism
                                  0.297001    3.029811   library hold time
                                              3.029811   data required time
---------------------------------------------------------------------------------------------
                                              3.029811   data required time
                                             -3.436179   data arrival time
---------------------------------------------------------------------------------------------
                                              0.406368   slack (MET)


Startpoint: _3120_ (rising edge-triggered flip-flop clocked by clk)
Endpoint: _3120_ (rising edge-triggered flip-flop clocked by clk)
Path Group: clk
Path Type: min

Fanout         Cap        Slew       Delay        Time   Description
---------------------------------------------------------------------------------------------
                                  0.000000    0.000000   clock clk (rise edge)
                                  0.000000    0.000000   clock source latency
   316    0.813505    3.615377    2.482583    2.482583 ^ clk (in)
                                                         clk (net)
                      3.615467    0.000000    2.482583 ^ _3120_/CLK (sky130_fd_sc_hd__dfxtp_2)
     2    0.004447    0.027830    0.738605    3.221189 v _3120_/Q (sky130_fd_sc_hd__dfxtp_2)
                                                         u_core.pe_accum[0][19] (net)
                      0.027830    0.000006    3.221194 v _2511_/A1 (sky130_fd_sc_hd__a22o_2)
     1    0.001762    0.034330    0.214931    3.436125 v _2511_/X (sky130_fd_sc_hd__a22o_2)
                                                         _0234_ (net)
                      0.034330    0.000000    3.436126 v _3120_/D (sky130_fd_sc_hd__dfxtp_2)
                                              3.436126   data arrival time

                                  0.000000    0.000000   clock clk (rise edge)
                                  0.000000    0.000000   clock source latency
   316    0.813505    3.615377    2.482583    2.482583 ^ clk (in)
                                                         clk (net)
                      3.615467    0.000000    2.482583 ^ _3120_/CLK (sky130_fd_sc_hd__dfxtp_2)
                                  0.250000    2.732583   clock uncertainty
                                  0.000000    2.732583   clock reconvergence pessimism
                                  0.297145    3.029729   library hold time
                                              3.029729   data required time
---------------------------------------------------------------------------------------------
                                              3.029729   data required time
                                             -3.436126   data arrival time
---------------------------------------------------------------------------------------------
                                              0.406397   slack (MET)


Startpoint: _3102_ (rising edge-triggered flip-flop clocked by clk)
Endpoint: _3102_ (rising edge-triggered flip-flop clocked by clk)
Path Group: clk
Path Type: min

Fanout         Cap        Slew       Delay        Time   Description
---------------------------------------------------------------------------------------------
                                  0.000000    0.000000   clock clk (rise edge)
                                  0.000000    0.000000   clock source latency
   316    0.813505    3.615377    2.507900    2.507900 ^ clk (in)
                                                         clk (net)
                      3.616029    0.000000    2.507900 ^ _3102_/CLK (sky130_fd_sc_hd__dfxtp_2)
     2    0.004335    0.027588    0.738375    3.246275 v _3102_/Q (sky130_fd_sc_hd__dfxtp_2)
                                                         u_core.pe_accum[0][1] (net)
                      0.027588    0.000007    3.246282 v _1958_/A1 (sky130_fd_sc_hd__a22o_2)
     1    0.001821    0.034533    0.215145    3.461426 v _1958_/X (sky130_fd_sc_hd__a22o_2)
                                                         _0216_ (net)
                      0.034533    0.000001    3.461428 v _3102_/D (sky130_fd_sc_hd__dfxtp_2)
                                              3.461428   data arrival time

                                  0.000000    0.000000   clock clk (rise edge)
                                  0.000000    0.000000   clock source latency
   316    0.813505    3.615377    2.507900    2.507900 ^ clk (in)
                                                         clk (net)
                      3.616029    0.000000    2.507900 ^ _3102_/CLK (sky130_fd_sc_hd__dfxtp_2)
                                  0.250000    2.757900   clock uncertainty
                                  0.000000    2.757900   clock reconvergence pessimism
                                  0.297107    3.055007   library hold time
                                              3.055007   data required time
---------------------------------------------------------------------------------------------
                                              3.055007   data required time
                                             -3.461428   data arrival time
---------------------------------------------------------------------------------------------
                                              0.406421   slack (MET)


Startpoint: _3118_ (rising edge-triggered flip-flop clocked by clk)
Endpoint: _3118_ (rising edge-triggered flip-flop clocked by clk)
Path Group: clk
Path Type: min

Fanout         Cap        Slew       Delay        Time   Description
---------------------------------------------------------------------------------------------
                                  0.000000    0.000000   clock clk (rise edge)
                                  0.000000    0.000000   clock source latency
   316    0.813505    3.615377    2.485099    2.485099 ^ clk (in)
                                                         clk (net)
                      3.615499    0.000000    2.485099 ^ _3118_/CLK (sky130_fd_sc_hd__dfxtp_2)
     2    0.004278    0.027466    0.738179    3.223278 v _3118_/Q (sky130_fd_sc_hd__dfxtp_2)
                                                         u_core.pe_accum[0][17] (net)
                      0.027466    0.000006    3.223284 v _2466_/A1 (sky130_fd_sc_hd__a22o_2)
     1    0.001857    0.034656    0.215282    3.438566 v _2466_/X (sky130_fd_sc_hd__a22o_2)
                                                         _0232_ (net)
                      0.034656    0.000001    3.438568 v _3118_/D (sky130_fd_sc_hd__dfxtp_2)
                                              3.438568   data arrival time

                                  0.000000    0.000000   clock clk (rise edge)
                                  0.000000    0.000000   clock source latency
   316    0.813505    3.615377    2.485099    2.485099 ^ clk (in)
                                                         clk (net)
                      3.615499    0.000000    2.485099 ^ _3118_/CLK (sky130_fd_sc_hd__dfxtp_2)
                                  0.250000    2.735099   clock uncertainty
                                  0.000000    2.735099   clock reconvergence pessimism
                                  0.297018    3.032117   library hold time
                                              3.032117   data required time
---------------------------------------------------------------------------------------------
                                              3.032117   data required time
                                             -3.438568   data arrival time
---------------------------------------------------------------------------------------------
                                              0.406450   slack (MET)


Startpoint: _3111_ (rising edge-triggered flip-flop clocked by clk)
Endpoint: _3111_ (rising edge-triggered flip-flop clocked by clk)
Path Group: clk
Path Type: min

Fanout         Cap        Slew       Delay        Time   Description
---------------------------------------------------------------------------------------------
                                  0.000000    0.000000   clock clk (rise edge)
                                  0.000000    0.000000   clock source latency
   316    0.813505    3.615377    2.499888    2.499888 ^ clk (in)
                                                         clk (net)
                      3.615794    0.000000    2.499888 ^ _3111_/CLK (sky130_fd_sc_hd__dfxtp_2)
     2    0.004454    0.027846    0.738656    3.238545 v _3111_/Q (sky130_fd_sc_hd__dfxtp_2)
                                                         u_core.pe_accum[0][10] (net)
                      0.027846    0.000006    3.238550 v _2245_/A1 (sky130_fd_sc_hd__a22o_2)
     1    0.001773    0.034366    0.214992    3.453543 v _2245_/X (sky130_fd_sc_hd__a22o_2)
                                                         _0225_ (net)
                      0.034366    0.000000    3.453543 v _3111_/D (sky130_fd_sc_hd__dfxtp_2)
                                              3.453543   data arrival time

                                  0.000000    0.000000   clock clk (rise edge)
                                  0.000000    0.000000   clock source latency
   316    0.813505    3.615377    2.499888    2.499888 ^ clk (in)
                                                         clk (net)
                      3.615794    0.000000    2.499888 ^ _3111_/CLK (sky130_fd_sc_hd__dfxtp_2)
                                  0.250000    2.749888   clock uncertainty
                                  0.000000    2.749888   clock reconvergence pessimism
                                  0.297156    3.047044   library hold time
                                              3.047044   data required time
---------------------------------------------------------------------------------------------
                                              3.047044   data required time
                                             -3.453543   data arrival time
---------------------------------------------------------------------------------------------
                                              0.406499   slack (MET)


Startpoint: _3115_ (rising edge-triggered flip-flop clocked by clk)
Endpoint: _3115_ (rising edge-triggered flip-flop clocked by clk)
Path Group: clk
Path Type: min

Fanout         Cap        Slew       Delay        Time   Description
---------------------------------------------------------------------------------------------
                                  0.000000    0.000000   clock clk (rise edge)
                                  0.000000    0.000000   clock source latency
   316    0.813505    3.615377    2.485408    2.485408 ^ clk (in)
                                                         clk (net)
                      3.615504    0.000000    2.485408 ^ _3115_/CLK (sky130_fd_sc_hd__dfxtp_2)
     2    0.004499    0.027003    0.738741    3.224148 v _3115_/Q (sky130_fd_sc_hd__dfxtp_2)
                                                         u_core.pe_accum[0][14] (net)
                      0.027003    0.000007    3.224155 v _2393_/A1 (sky130_fd_sc_hd__a22o_2)
     1    0.001808    0.034484    0.214843    3.438998 v _2393_/X (sky130_fd_sc_hd__a22o_2)
                                                         _0229_ (net)
                      0.034484    0.000001    3.439000 v _3115_/D (sky130_fd_sc_hd__dfxtp_2)
                                              3.439000   data arrival time

                                  0.000000    0.000000   clock clk (rise edge)
                                  0.000000    0.000000   clock source latency
   316    0.813505    3.615377    2.485408    2.485408 ^ clk (in)
                                                         clk (net)
                      3.615504    0.000000    2.485408 ^ _3115_/CLK (sky130_fd_sc_hd__dfxtp_2)
                                  0.250000    2.735408   clock uncertainty
                                  0.000000    2.735408   clock reconvergence pessimism
                                  0.297087    3.032495   library hold time
                                              3.032495   data required time
---------------------------------------------------------------------------------------------
                                              3.032495   data required time
                                             -3.439000   data arrival time
---------------------------------------------------------------------------------------------
                                              0.406505   slack (MET)


Startpoint: _3124_ (rising edge-triggered flip-flop clocked by clk)
Endpoint: _3124_ (rising edge-triggered flip-flop clocked by clk)
Path Group: clk
Path Type: min

Fanout         Cap        Slew       Delay        Time   Description
---------------------------------------------------------------------------------------------
                                  0.000000    0.000000   clock clk (rise edge)
                                  0.000000    0.000000   clock source latency
   316    0.813505    3.615377    2.482959    2.482959 ^ clk (in)
                                                         clk (net)
                      3.615471    0.000000    2.482959 ^ _3124_/CLK (sky130_fd_sc_hd__dfxtp_2)
     2    0.004329    0.027577    0.738307    3.221266 v _3124_/Q (sky130_fd_sc_hd__dfxtp_2)
                                                         u_core.pe_accum[0][23] (net)
                      0.027577    0.000006    3.221272 v _2594_/A1 (sky130_fd_sc_hd__a22o_2)
     1    0.001854    0.034647    0.215312    3.436584 v _2594_/X (sky130_fd_sc_hd__a22o_2)
                                                         _0238_ (net)
                      0.034647    0.000002    3.436586 v _3124_/D (sky130_fd_sc_hd__dfxtp_2)
                                              3.436586   data arrival time

                                  0.000000    0.000000   clock clk (rise edge)
                                  0.000000    0.000000   clock source latency
   316    0.813505    3.615377    2.482959    2.482959 ^ clk (in)
                                                         clk (net)
                      3.615471    0.000000    2.482959 ^ _3124_/CLK (sky130_fd_sc_hd__dfxtp_2)
                                  0.250000    2.732959   clock uncertainty
                                  0.000000    2.732959   clock reconvergence pessimism
                                  0.297020    3.029979   library hold time
                                              3.029979   data required time
---------------------------------------------------------------------------------------------
                                              3.029979   data required time
                                             -3.436586   data arrival time
---------------------------------------------------------------------------------------------
                                              0.406607   slack (MET)


Startpoint: _3109_ (rising edge-triggered flip-flop clocked by clk)
Endpoint: _3109_ (rising edge-triggered flip-flop clocked by clk)
Path Group: clk
Path Type: min

Fanout         Cap        Slew       Delay        Time   Description
---------------------------------------------------------------------------------------------
                                  0.000000    0.000000   clock clk (rise edge)
                                  0.000000    0.000000   clock source latency
   316    0.813505    3.615377    2.485402    2.485402 ^ clk (in)
                                                         clk (net)
                      3.615504    0.000000    2.485402 ^ _3109_/CLK (sky130_fd_sc_hd__dfxtp_2)
     2    0.004597    0.027162    0.738989    3.224391 v _3109_/Q (sky130_fd_sc_hd__dfxtp_2)
                                                         u_core.pe_accum[0][8] (net)
                      0.027162    0.000008    3.224399 v _2167_/A1 (sky130_fd_sc_hd__a22o_2)
     1    0.001808    0.034485    0.214906    3.439305 v _2167_/X (sky130_fd_sc_hd__a22o_2)
                                                         _0223_ (net)
                      0.034485    0.000001    3.439306 v _3109_/D (sky130_fd_sc_hd__dfxtp_2)
                                              3.439306   data arrival time

                                  0.000000    0.000000   clock clk (rise edge)
                                  0.000000    0.000000   clock source latency
   316    0.813505    3.615377    2.485402    2.485402 ^ clk (in)
                                                         clk (net)
                      3.615504    0.000000    2.485402 ^ _3109_/CLK (sky130_fd_sc_hd__dfxtp_2)
                                  0.250000    2.735402   clock uncertainty
                                  0.000000    2.735402   clock reconvergence pessimism
                                  0.297087    3.032489   library hold time
                                              3.032489   data required time
---------------------------------------------------------------------------------------------
                                              3.032489   data required time
                                             -3.439306   data arrival time
---------------------------------------------------------------------------------------------
                                              0.406817   slack (MET)


Startpoint: _3112_ (rising edge-triggered flip-flop clocked by clk)
Endpoint: _3112_ (rising edge-triggered flip-flop clocked by clk)
Path Group: clk
Path Type: min

Fanout         Cap        Slew       Delay        Time   Description
---------------------------------------------------------------------------------------------
                                  0.000000    0.000000   clock clk (rise edge)
                                  0.000000    0.000000   clock source latency
   316    0.813505    3.615377    2.485624    2.485624 ^ clk (in)
                                                         clk (net)
                      3.615507    0.000000    2.485624 ^ _3112_/CLK (sky130_fd_sc_hd__dfxtp_2)
     2    0.004603    0.028165    0.739005    3.224629 v _3112_/Q (sky130_fd_sc_hd__dfxtp_2)
                                                         u_core.pe_accum[0][11] (net)
                      0.028165    0.000007    3.224636 v _2284_/A1 (sky130_fd_sc_hd__a22o_2)
     1    0.001746    0.034277    0.214980    3.439616 v _2284_/X (sky130_fd_sc_hd__a22o_2)
                                                         _0226_ (net)
                      0.034277    0.000000    3.439616 v _3112_/D (sky130_fd_sc_hd__dfxtp_2)
                                              3.439616   data arrival time

                                  0.000000    0.000000   clock clk (rise edge)
                                  0.000000    0.000000   clock source latency
   316    0.813505    3.615377    2.485624    2.485624 ^ clk (in)
                                                         clk (net)
                      3.615507    0.000000    2.485624 ^ _3112_/CLK (sky130_fd_sc_hd__dfxtp_2)
                                  0.250000    2.735624   clock uncertainty
                                  0.000000    2.735624   clock reconvergence pessimism
                                  0.297169    3.032793   library hold time
                                              3.032793   data required time
---------------------------------------------------------------------------------------------
                                              3.032793   data required time
                                             -3.439616   data arrival time
---------------------------------------------------------------------------------------------
                                              0.406823   slack (MET)


Startpoint: _3129_ (rising edge-triggered flip-flop clocked by clk)
Endpoint: _3129_ (rising edge-triggered flip-flop clocked by clk)
Path Group: clk
Path Type: min

Fanout         Cap        Slew       Delay        Time   Description
---------------------------------------------------------------------------------------------
                                  0.000000    0.000000   clock clk (rise edge)
                                  0.000000    0.000000   clock source latency
   316    0.813505    3.615377    2.481750    2.481750 ^ clk (in)
                                                         clk (net)
                      3.615457    0.000000    2.481750 ^ _3129_/CLK (sky130_fd_sc_hd__dfxtp_2)
     2    0.004659    0.028287    0.739144    3.220894 v _3129_/Q (sky130_fd_sc_hd__dfxtp_2)
                                                         u_core.pe_accum[0][28] (net)
                      0.028287    0.000007    3.220901 v _2707_/A1 (sky130_fd_sc_hd__a22o_2)
     1    0.001747    0.034280    0.215033    3.435934 v _2707_/X (sky130_fd_sc_hd__a22o_2)
                                                         _0243_ (net)
                      0.034280    0.000000    3.435934 v _3129_/D (sky130_fd_sc_hd__dfxtp_2)
                                              3.435934   data arrival time

                                  0.000000    0.000000   clock clk (rise edge)
                                  0.000000    0.000000   clock source latency
   316    0.813505    3.615377    2.481750    2.481750 ^ clk (in)
                                                         clk (net)
                      3.615457    0.000000    2.481750 ^ _3129_/CLK (sky130_fd_sc_hd__dfxtp_2)
                                  0.250000    2.731750   clock uncertainty
                                  0.000000    2.731750   clock reconvergence pessimism
                                  0.297164    3.028915   library hold time
                                              3.028915   data required time
---------------------------------------------------------------------------------------------
                                              3.028915   data required time
                                             -3.435934   data arrival time
---------------------------------------------------------------------------------------------
                                              0.407020   slack (MET)


Startpoint: _3105_ (rising edge-triggered flip-flop clocked by clk)
Endpoint: _3105_ (rising edge-triggered flip-flop clocked by clk)
Path Group: clk
Path Type: min

Fanout         Cap        Slew       Delay        Time   Description
---------------------------------------------------------------------------------------------
                                  0.000000    0.000000   clock clk (rise edge)
                                  0.000000    0.000000   clock source latency
   316    0.813505    3.615377    2.499799    2.499799 ^ clk (in)
                                                         clk (net)
                      3.615792    0.000000    2.499799 ^ _3105_/CLK (sky130_fd_sc_hd__dfxtp_2)
     2    0.004206    0.027300    0.737997    3.237797 v _3105_/Q (sky130_fd_sc_hd__dfxtp_2)
                                                         u_core.pe_accum[0][4] (net)
                      0.027300    0.000006    3.237803 v _2016_/A1 (sky130_fd_sc_hd__a22o_2)
     1    0.001995    0.035135    0.215942    3.453745 v _2016_/X (sky130_fd_sc_hd__a22o_2)
                                                         _0219_ (net)
                      0.035135    0.000003    3.453748 v _3105_/D (sky130_fd_sc_hd__dfxtp_2)
                                              3.453748   data arrival time

                                  0.000000    0.000000   clock clk (rise edge)
                                  0.000000    0.000000   clock source latency
   316    0.813505    3.615377    2.499799    2.499799 ^ clk (in)
                                                         clk (net)
                      3.615792    0.000000    2.499799 ^ _3105_/CLK (sky130_fd_sc_hd__dfxtp_2)
                                  0.250000    2.749799   clock uncertainty
                                  0.000000    2.749799   clock reconvergence pessimism
                                  0.296851    3.046650   library hold time
                                              3.046650   data required time
---------------------------------------------------------------------------------------------
                                              3.046650   data required time
                                             -3.453748   data arrival time
---------------------------------------------------------------------------------------------
                                              0.407097   slack (MET)


Startpoint: _3183_ (rising edge-triggered flip-flop clocked by clk)
Endpoint: _2918_ (rising edge-triggered flip-flop clocked by clk)
Path Group: clk
Path Type: min

Fanout         Cap        Slew       Delay        Time   Description
---------------------------------------------------------------------------------------------
                                  0.000000    0.000000   clock clk (rise edge)
                                  0.000000    0.000000   clock source latency
   316    0.813505    3.615377    2.485267    2.485267 ^ clk (in)
                                                         clk (net)
                      3.615502    0.000000    2.485267 ^ _3183_/CLK (sky130_fd_sc_hd__dfxtp_2)
     1    0.002735    0.023445    0.732592    3.217859 v _3183_/Q (sky130_fd_sc_hd__dfxtp_2)
                                                         result_data_w[14] (net)
                      0.023445    0.000006    3.217865 v _1533_/A1 (sky130_fd_sc_hd__o211a_2)
     1    0.001752    0.023334    0.235442    3.453307 v _1533_/X (sky130_fd_sc_hd__o211a_2)
                                                         _0035_ (net)
                      0.023334    0.000000    3.453307 v _2918_/D (sky130_fd_sc_hd__dfxtp_2)
                                              3.453307   data arrival time

                                  0.000000    0.000000   clock clk (rise edge)
                                  0.000000    0.000000   clock source latency
   316    0.813505    3.615377    2.494669    2.494669 ^ clk (in)
                                                         clk (net)
                      3.615670    0.000000    2.494669 ^ _2918_/CLK (sky130_fd_sc_hd__dfxtp_2)
                                  0.250000    2.744669   clock uncertainty
                                  0.000000    2.744669   clock reconvergence pessimism
                                  0.301523    3.046192   library hold time
                                              3.046192   data required time
---------------------------------------------------------------------------------------------
                                              3.046192   data required time
                                             -3.453307   data arrival time
---------------------------------------------------------------------------------------------
                                              0.407115   slack (MET)


Startpoint: _3127_ (rising edge-triggered flip-flop clocked by clk)
Endpoint: _3127_ (rising edge-triggered flip-flop clocked by clk)
Path Group: clk
Path Type: min

Fanout         Cap        Slew       Delay        Time   Description
---------------------------------------------------------------------------------------------
                                  0.000000    0.000000   clock clk (rise edge)
                                  0.000000    0.000000   clock source latency
   316    0.813505    3.615377    2.481328    2.481328 ^ clk (in)
                                                         clk (net)
                      3.615453    0.000000    2.481328 ^ _3127_/CLK (sky130_fd_sc_hd__dfxtp_2)
     2    0.004626    0.028215    0.739059    3.220387 v _3127_/Q (sky130_fd_sc_hd__dfxtp_2)
                                                         u_core.pe_accum[0][26] (net)
                      0.028215    0.000007    3.220394 v _2665_/A1 (sky130_fd_sc_hd__a22o_2)
     1    0.001781    0.034397    0.215181    3.435575 v _2665_/X (sky130_fd_sc_hd__a22o_2)
                                                         _0241_ (net)
                      0.034397    0.000000    3.435576 v _3127_/D (sky130_fd_sc_hd__dfxtp_2)
                                              3.435576   data arrival time

                                  0.000000    0.000000   clock clk (rise edge)
                                  0.000000    0.000000   clock source latency
   316    0.813505    3.615377    2.481328    2.481328 ^ clk (in)
                                                         clk (net)
                      3.615453    0.000000    2.481328 ^ _3127_/CLK (sky130_fd_sc_hd__dfxtp_2)
                                  0.250000    2.731328   clock uncertainty
                                  0.000000    2.731328   clock reconvergence pessimism
                                  0.297118    3.028445   library hold time
                                              3.028445   data required time
---------------------------------------------------------------------------------------------
                                              3.028445   data required time
                                             -3.435576   data arrival time
---------------------------------------------------------------------------------------------
                                              0.407131   slack (MET)


Startpoint: _3196_ (rising edge-triggered flip-flop clocked by clk)
Endpoint: _2931_ (rising edge-triggered flip-flop clocked by clk)
Path Group: clk
Path Type: min

Fanout         Cap        Slew       Delay        Time   Description
---------------------------------------------------------------------------------------------
                                  0.000000    0.000000   clock clk (rise edge)
                                  0.000000    0.000000   clock source latency
   316    0.813505    3.615377    2.476690    2.476690 ^ clk (in)
                                                         clk (net)
                      3.615411    0.000000    2.476690 ^ _3196_/CLK (sky130_fd_sc_hd__dfxtp_2)
     1    0.002604    0.023104    0.732108    3.208798 v _3196_/Q (sky130_fd_sc_hd__dfxtp_2)
                                                         result_data_w[27] (net)
                      0.023104    0.000003    3.208801 v _1559_/A1 (sky130_fd_sc_hd__o211a_2)
     1    0.001728    0.023262    0.235166    3.443967 v _1559_/X (sky130_fd_sc_hd__o211a_2)
                                                         _0048_ (net)
                      0.023262    0.000000    3.443968 v _2931_/D (sky130_fd_sc_hd__dfxtp_2)
                                              3.443968   data arrival time

                                  0.000000    0.000000   clock clk (rise edge)
                                  0.000000    0.000000   clock source latency
   316    0.813505    3.615377    2.485244    2.485244 ^ clk (in)
                                                         clk (net)
                      3.615502    0.000000    2.485244 ^ _2931_/CLK (sky130_fd_sc_hd__dfxtp_2)
                                  0.250000    2.735244   clock uncertainty
                                  0.000000    2.735244   clock reconvergence pessimism
                                  0.301539    3.036783   library hold time
                                              3.036783   data required time
---------------------------------------------------------------------------------------------
                                              3.036783   data required time
                                             -3.443968   data arrival time
---------------------------------------------------------------------------------------------
                                              0.407185   slack (MET)


Startpoint: _3113_ (rising edge-triggered flip-flop clocked by clk)
Endpoint: _3113_ (rising edge-triggered flip-flop clocked by clk)
Path Group: clk
Path Type: min

Fanout         Cap        Slew       Delay        Time   Description
---------------------------------------------------------------------------------------------
                                  0.000000    0.000000   clock clk (rise edge)
                                  0.000000    0.000000   clock source latency
   316    0.813505    3.615377    2.485607    2.485607 ^ clk (in)
                                                         clk (net)
                      3.615507    0.000000    2.485607 ^ _3113_/CLK (sky130_fd_sc_hd__dfxtp_2)
     2    0.004494    0.027931    0.738729    3.224336 v _3113_/Q (sky130_fd_sc_hd__dfxtp_2)
                                                         u_core.pe_accum[0][12] (net)
                      0.027931    0.000006    3.224342 v _2327_/A1 (sky130_fd_sc_hd__a22o_2)
     1    0.001869    0.034702    0.215532    3.439875 v _2327_/X (sky130_fd_sc_hd__a22o_2)
                                                         _0227_ (net)
                      0.034702    0.000002    3.439876 v _3113_/D (sky130_fd_sc_hd__dfxtp_2)
                                              3.439876   data arrival time

                                  0.000000    0.000000   clock clk (rise edge)
                                  0.000000    0.000000   clock source latency
   316    0.813505    3.615377    2.485607    2.485607 ^ clk (in)
                                                         clk (net)
                      3.615507    0.000000    2.485607 ^ _3113_/CLK (sky130_fd_sc_hd__dfxtp_2)
                                  0.250000    2.735607   clock uncertainty
                                  0.000000    2.735607   clock reconvergence pessimism
                                  0.297001    3.032608   library hold time
                                              3.032608   data required time
---------------------------------------------------------------------------------------------
                                              3.032608   data required time
                                             -3.439876   data arrival time
---------------------------------------------------------------------------------------------
                                              0.407268   slack (MET)


Startpoint: _3184_ (rising edge-triggered flip-flop clocked by clk)
Endpoint: _2919_ (rising edge-triggered flip-flop clocked by clk)
Path Group: clk
Path Type: min

Fanout         Cap        Slew       Delay        Time   Description
---------------------------------------------------------------------------------------------
                                  0.000000    0.000000   clock clk (rise edge)
                                  0.000000    0.000000   clock source latency
   316    0.813505    3.615377    2.485200    2.485200 ^ clk (in)
                                                         clk (net)
                      3.615501    0.000000    2.485200 ^ _3184_/CLK (sky130_fd_sc_hd__dfxtp_2)
     1    0.002960    0.022998    0.733411    3.218611 v _3184_/Q (sky130_fd_sc_hd__dfxtp_2)
                                                         result_data_w[15] (net)
                      0.022998    0.000009    3.218620 v _1535_/A1 (sky130_fd_sc_hd__o211a_2)
     1    0.001737    0.023290    0.235173    3.453793 v _1535_/X (sky130_fd_sc_hd__o211a_2)
                                                         _0036_ (net)
                      0.023290    0.000000    3.453793 v _2919_/D (sky130_fd_sc_hd__dfxtp_2)
                                              3.453793   data arrival time

                                  0.000000    0.000000   clock clk (rise edge)
                                  0.000000    0.000000   clock source latency
   316    0.813505    3.615377    2.494664    2.494664 ^ clk (in)
                                                         clk (net)
                      3.615670    0.000000    2.494664 ^ _2919_/CLK (sky130_fd_sc_hd__dfxtp_2)
                                  0.250000    2.744664   clock uncertainty
                                  0.000000    2.744664   clock reconvergence pessimism
                                  0.301541    3.046205   library hold time
                                              3.046205   data required time
---------------------------------------------------------------------------------------------
                                              3.046205   data required time
                                             -3.453793   data arrival time
---------------------------------------------------------------------------------------------
                                              0.407589   slack (MET)


Startpoint: _3117_ (rising edge-triggered flip-flop clocked by clk)
Endpoint: _3117_ (rising edge-triggered flip-flop clocked by clk)
Path Group: clk
Path Type: min

Fanout         Cap        Slew       Delay        Time   Description
---------------------------------------------------------------------------------------------
                                  0.000000    0.000000   clock clk (rise edge)
                                  0.000000    0.000000   clock source latency
   316    0.813505    3.615377    2.485051    2.485051 ^ clk (in)
                                                         clk (net)
                      3.615499    0.000000    2.485051 ^ _3117_/CLK (sky130_fd_sc_hd__dfxtp_2)
     2    0.004891    0.028788    0.739739    3.224790 v _3117_/Q (sky130_fd_sc_hd__dfxtp_2)
                                                         u_core.pe_accum[0][16] (net)
                      0.028788    0.000008    3.224798 v _2446_/A1 (sky130_fd_sc_hd__a22o_2)
     1    0.001737    0.034249    0.215179    3.439977 v _2446_/X (sky130_fd_sc_hd__a22o_2)
                                                         _0231_ (net)
                      0.034249    0.000000    3.439977 v _3117_/D (sky130_fd_sc_hd__dfxtp_2)
                                              3.439977   data arrival time

                                  0.000000    0.000000   clock clk (rise edge)
                                  0.000000    0.000000   clock source latency
   316    0.813505    3.615377    2.485051    2.485051 ^ clk (in)
                                                         clk (net)
                      3.615499    0.000000    2.485051 ^ _3117_/CLK (sky130_fd_sc_hd__dfxtp_2)
                                  0.250000    2.735051   clock uncertainty
                                  0.000000    2.735051   clock reconvergence pessimism
                                  0.297180    3.032231   library hold time
                                              3.032231   data required time
---------------------------------------------------------------------------------------------
                                              3.032231   data required time
                                             -3.439977   data arrival time
---------------------------------------------------------------------------------------------
                                              0.407747   slack (MET)


Startpoint: _3104_ (rising edge-triggered flip-flop clocked by clk)
Endpoint: _3104_ (rising edge-triggered flip-flop clocked by clk)
Path Group: clk
Path Type: min

Fanout         Cap        Slew       Delay        Time   Description
---------------------------------------------------------------------------------------------
                                  0.000000    0.000000   clock clk (rise edge)
                                  0.000000    0.000000   clock source latency
   316    0.813505    3.615377    2.508495    2.508495 ^ clk (in)
                                                         clk (net)
                      3.616048    0.000000    2.508495 ^ _3104_/CLK (sky130_fd_sc_hd__dfxtp_2)
     2    0.004374    0.026804    0.738474    3.246969 v _3104_/Q (sky130_fd_sc_hd__dfxtp_2)
                                                         u_core.pe_accum[0][3] (net)
                      0.026804    0.000008    3.246977 v _1993_/A1 (sky130_fd_sc_hd__a22o_2)
     1    0.002078    0.035421    0.216182    3.463159 v _1993_/X (sky130_fd_sc_hd__a22o_2)
                                                         _0218_ (net)
                      0.035421    0.000004    3.463162 v _3104_/D (sky130_fd_sc_hd__dfxtp_2)
                                              3.463162   data arrival time

                                  0.000000    0.000000   clock clk (rise edge)
                                  0.000000    0.000000   clock source latency
   316    0.813505    3.615377    2.508495    2.508495 ^ clk (in)
                                                         clk (net)
                      3.616048    0.000000    2.508495 ^ _3104_/CLK (sky130_fd_sc_hd__dfxtp_2)
                                  0.250000    2.758495   clock uncertainty
                                  0.000000    2.758495   clock reconvergence pessimism
                                  0.296757    3.055252   library hold time
                                              3.055252   data required time
---------------------------------------------------------------------------------------------
                                              3.055252   data required time
                                             -3.463162   data arrival time
---------------------------------------------------------------------------------------------
                                              0.407911   slack (MET)


Startpoint: _3107_ (rising edge-triggered flip-flop clocked by clk)
Endpoint: _3107_ (rising edge-triggered flip-flop clocked by clk)
Path Group: clk
Path Type: min

Fanout         Cap        Slew       Delay        Time   Description
---------------------------------------------------------------------------------------------
                                  0.000000    0.000000   clock clk (rise edge)
                                  0.000000    0.000000   clock source latency
   316    0.813505    3.615377    2.508599    2.508599 ^ clk (in)
                                                         clk (net)
                      3.616052    0.000000    2.508599 ^ _3107_/CLK (sky130_fd_sc_hd__dfxtp_2)
     2    0.004285    0.027481    0.738250    3.246849 v _3107_/Q (sky130_fd_sc_hd__dfxtp_2)
                                                         u_core.pe_accum[0][6] (net)
                      0.027481    0.000007    3.246856 v _2081_/A1 (sky130_fd_sc_hd__a22o_2)
     1    0.002078    0.035425    0.216452    3.463308 v _2081_/X (sky130_fd_sc_hd__a22o_2)
                                                         _0221_ (net)
                      0.035425    0.000004    3.463311 v _3107_/D (sky130_fd_sc_hd__dfxtp_2)
                                              3.463311   data arrival time

                                  0.000000    0.000000   clock clk (rise edge)
                                  0.000000    0.000000   clock source latency
   316    0.813505    3.615377    2.508599    2.508599 ^ clk (in)
                                                         clk (net)
                      3.616052    0.000000    2.508599 ^ _3107_/CLK (sky130_fd_sc_hd__dfxtp_2)
                                  0.250000    2.758599   clock uncertainty
                                  0.000000    2.758599   clock reconvergence pessimism
                                  0.296755    3.055355   library hold time
                                              3.055355   data required time
---------------------------------------------------------------------------------------------
                                              3.055355   data required time
                                             -3.463311   data arrival time
---------------------------------------------------------------------------------------------
                                              0.407957   slack (MET)


Startpoint: _3116_ (rising edge-triggered flip-flop clocked by clk)
Endpoint: _3116_ (rising edge-triggered flip-flop clocked by clk)
Path Group: clk
Path Type: min

Fanout         Cap        Slew       Delay        Time   Description
---------------------------------------------------------------------------------------------
                                  0.000000    0.000000   clock clk (rise edge)
                                  0.000000    0.000000   clock source latency
   316    0.813505    3.615377    2.485493    2.485493 ^ clk (in)
                                                         clk (net)
                      3.615505    0.000000    2.485493 ^ _3116_/CLK (sky130_fd_sc_hd__dfxtp_2)
     2    0.004736    0.028453    0.739344    3.224837 v _3116_/Q (sky130_fd_sc_hd__dfxtp_2)
                                                         u_core.pe_accum[0][15] (net)
                      0.028453    0.000007    3.224844 v _2416_/A1 (sky130_fd_sc_hd__a22o_2)
     1    0.001891    0.034781    0.215854    3.440699 v _2416_/X (sky130_fd_sc_hd__a22o_2)
                                                         _0230_ (net)
                      0.034781    0.000002    3.440701 v _3116_/D (sky130_fd_sc_hd__dfxtp_2)
                                              3.440701   data arrival time

                                  0.000000    0.000000   clock clk (rise edge)
                                  0.000000    0.000000   clock source latency
   316    0.813505    3.615377    2.485493    2.485493 ^ clk (in)
                                                         clk (net)
                      3.615505    0.000000    2.485493 ^ _3116_/CLK (sky130_fd_sc_hd__dfxtp_2)
                                  0.250000    2.735493   clock uncertainty
                                  0.000000    2.735493   clock reconvergence pessimism
                                  0.296969    3.032463   library hold time
                                              3.032463   data required time
---------------------------------------------------------------------------------------------
                                              3.032463   data required time
                                             -3.440701   data arrival time
---------------------------------------------------------------------------------------------
                                              0.408238   slack (MET)


Startpoint: _3128_ (rising edge-triggered flip-flop clocked by clk)
Endpoint: _3128_ (rising edge-triggered flip-flop clocked by clk)
Path Group: clk
Path Type: min

Fanout         Cap        Slew       Delay        Time   Description
---------------------------------------------------------------------------------------------
                                  0.000000    0.000000   clock clk (rise edge)
                                  0.000000    0.000000   clock source latency
   316    0.813505    3.615377    2.481635    2.481635 ^ clk (in)
                                                         clk (net)
                      3.615456    0.000000    2.481635 ^ _3128_/CLK (sky130_fd_sc_hd__dfxtp_2)
     2    0.004980    0.028978    0.739960    3.221595 v _3128_/Q (sky130_fd_sc_hd__dfxtp_2)
                                                         u_core.pe_accum[0][27] (net)
                      0.028978    0.000008    3.221602 v _2683_/A1 (sky130_fd_sc_hd__a22o_2)
     1    0.001767    0.034357    0.215416    3.437019 v _2683_/X (sky130_fd_sc_hd__a22o_2)
                                                         _0242_ (net)
                      0.034357    0.000001    3.437020 v _3128_/D (sky130_fd_sc_hd__dfxtp_2)
                                              3.437020   data arrival time

                                  0.000000    0.000000   clock clk (rise edge)
                                  0.000000    0.000000   clock source latency
   316    0.813505    3.615377    2.481635    2.481635 ^ clk (in)
                                                         clk (net)
                      3.615456    0.000000    2.481635 ^ _3128_/CLK (sky130_fd_sc_hd__dfxtp_2)
                                  0.250000    2.731635   clock uncertainty
                                  0.000000    2.731635   clock reconvergence pessimism
                                  0.297134    3.028769   library hold time
                                              3.028769   data required time
---------------------------------------------------------------------------------------------
                                              3.028769   data required time
                                             -3.437020   data arrival time
---------------------------------------------------------------------------------------------
                                              0.408251   slack (MET)


Startpoint: _3106_ (rising edge-triggered flip-flop clocked by clk)
Endpoint: _3106_ (rising edge-triggered flip-flop clocked by clk)
Path Group: clk
Path Type: min

Fanout         Cap        Slew       Delay        Time   Description
---------------------------------------------------------------------------------------------
                                  0.000000    0.000000   clock clk (rise edge)
                                  0.000000    0.000000   clock source latency
   316    0.813505    3.615377    2.509163    2.509163 ^ clk (in)
                                                         clk (net)
                      3.616071    0.000000    2.509163 ^ _3106_/CLK (sky130_fd_sc_hd__dfxtp_2)
     2    0.004376    0.027678    0.738485    3.247648 v _3106_/Q (sky130_fd_sc_hd__dfxtp_2)
                                                         u_core.pe_accum[0][5] (net)
                      0.027678    0.000006    3.247654 v _2045_/A1 (sky130_fd_sc_hd__a22o_2)
     1    0.002085    0.035449    0.216565    3.464219 v _2045_/X (sky130_fd_sc_hd__a22o_2)
                                                         _0220_ (net)
                      0.035449    0.000004    3.464223 v _3106_/D (sky130_fd_sc_hd__dfxtp_2)
                                              3.464223   data arrival time

                                  0.000000    0.000000   clock clk (rise edge)
                                  0.000000    0.000000   clock source latency
   316    0.813505    3.615377    2.509163    2.509163 ^ clk (in)
                                                         clk (net)
                      3.616071    0.000000    2.509163 ^ _3106_/CLK (sky130_fd_sc_hd__dfxtp_2)
                                  0.250000    2.759163   clock uncertainty
                                  0.000000    2.759163   clock reconvergence pessimism
                                  0.296747    3.055911   library hold time
                                              3.055911   data required time
---------------------------------------------------------------------------------------------
                                              3.055911   data required time
                                             -3.464223   data arrival time
---------------------------------------------------------------------------------------------
                                              0.408312   slack (MET)


Startpoint: _3114_ (rising edge-triggered flip-flop clocked by clk)
Endpoint: _3114_ (rising edge-triggered flip-flop clocked by clk)
Path Group: clk
Path Type: min

Fanout         Cap        Slew       Delay        Time   Description
---------------------------------------------------------------------------------------------
                                  0.000000    0.000000   clock clk (rise edge)
                                  0.000000    0.000000   clock source latency
   316    0.813505    3.615377    2.485504    2.485504 ^ clk (in)
                                                         clk (net)
                      3.615505    0.000000    2.485504 ^ _3114_/CLK (sky130_fd_sc_hd__dfxtp_2)
     2    0.004820    0.028633    0.739557    3.225061 v _3114_/Q (sky130_fd_sc_hd__dfxtp_2)
                                                         u_core.pe_accum[0][13] (net)
                      0.028633    0.000006    3.225067 v _2361_/A1 (sky130_fd_sc_hd__a22o_2)
     1    0.001867    0.034701    0.215803    3.440871 v _2361_/X (sky130_fd_sc_hd__a22o_2)
                                                         _0228_ (net)
                      0.034701    0.000002    3.440873 v _3114_/D (sky130_fd_sc_hd__dfxtp_2)
                                              3.440873   data arrival time

                                  0.000000    0.000000   clock clk (rise edge)
                                  0.000000    0.000000   clock source latency
   316    0.813505    3.615377    2.485504    2.485504 ^ clk (in)
                                                         clk (net)
                      3.615505    0.000000    2.485504 ^ _3114_/CLK (sky130_fd_sc_hd__dfxtp_2)
                                  0.250000    2.735504   clock uncertainty
                                  0.000000    2.735504   clock reconvergence pessimism
                                  0.297001    3.032505   library hold time
                                              3.032505   data required time
---------------------------------------------------------------------------------------------
                                              3.032505   data required time
                                             -3.440873   data arrival time
---------------------------------------------------------------------------------------------
                                              0.408368   slack (MET)


Startpoint: _3108_ (rising edge-triggered flip-flop clocked by clk)
Endpoint: _3108_ (rising edge-triggered flip-flop clocked by clk)
Path Group: clk
Path Type: min

Fanout         Cap        Slew       Delay        Time   Description
---------------------------------------------------------------------------------------------
                                  0.000000    0.000000   clock clk (rise edge)
                                  0.000000    0.000000   clock source latency
   316    0.813505    3.615377    2.495253    2.495253 ^ clk (in)
                                                         clk (net)
                      3.615683    0.000000    2.495253 ^ _3108_/CLK (sky130_fd_sc_hd__dfxtp_2)
     2    0.006223    0.030096    0.743138    3.238391 v _3108_/Q (sky130_fd_sc_hd__dfxtp_2)
                                                         u_core.pe_accum[0][7] (net)
                      0.030096    0.000007    3.238398 v _2125_/A1 (sky130_fd_sc_hd__a22o_2)
     1    0.001760    0.034340    0.215824    3.454222 v _2125_/X (sky130_fd_sc_hd__a22o_2)
                                                         _0222_ (net)
                      0.034340    0.000000    3.454223 v _3108_/D (sky130_fd_sc_hd__dfxtp_2)
                                              3.454223   data arrival time

                                  0.000000    0.000000   clock clk (rise edge)
                                  0.000000    0.000000   clock source latency
   316    0.813505    3.615377    2.495253    2.495253 ^ clk (in)
                                                         clk (net)
                      3.615683    0.000000    2.495253 ^ _3108_/CLK (sky130_fd_sc_hd__dfxtp_2)
                                  0.250000    2.745253   clock uncertainty
                                  0.000000    2.745253   clock reconvergence pessimism
                                  0.297158    3.042411   library hold time
                                              3.042411   data required time
---------------------------------------------------------------------------------------------
                                              3.042411   data required time
                                             -3.454223   data arrival time
---------------------------------------------------------------------------------------------
                                              0.411812   slack (MET)


Startpoint: _3178_ (rising edge-triggered flip-flop clocked by clk)
Endpoint: _2913_ (rising edge-triggered flip-flop clocked by clk)
Path Group: clk
Path Type: min

Fanout         Cap        Slew       Delay        Time   Description
---------------------------------------------------------------------------------------------
                                  0.000000    0.000000   clock clk (rise edge)
                                  0.000000    0.000000   clock source latency
   316    0.813505    3.615377    2.499783    2.499783 ^ clk (in)
                                                         clk (net)
                      3.615792    0.000000    2.499783 ^ _3178_/CLK (sky130_fd_sc_hd__dfxtp_2)
     1    0.002614    0.023130    0.732181    3.231964 v _3178_/Q (sky130_fd_sc_hd__dfxtp_2)
                                                         result_data_w[9] (net)
                      0.023130    0.000004    3.231968 v _1523_/A1 (sky130_fd_sc_hd__o211a_2)
     1    0.001796    0.023464    0.235540    3.467508 v _1523_/X (sky130_fd_sc_hd__o211a_2)
                                                         _0030_ (net)
                      0.023464    0.000001    3.467509 v _2913_/D (sky130_fd_sc_hd__dfxtp_2)
                                              3.467509   data arrival time

                                  0.000000    0.000000   clock clk (rise edge)
                                  0.000000    0.000000   clock source latency
   316    0.813505    3.615377    2.503205    2.503205 ^ clk (in)
                                                         clk (net)
                      3.615885    0.000000    2.503205 ^ _2913_/CLK (sky130_fd_sc_hd__dfxtp_2)
                                  0.250000    2.753205   clock uncertainty
                                  0.000000    2.753205   clock reconvergence pessimism
                                  0.301488    3.054693   library hold time
                                              3.054693   data required time
---------------------------------------------------------------------------------------------
                                              3.054693   data required time
                                             -3.467509   data arrival time
---------------------------------------------------------------------------------------------
                                              0.412816   slack (MET)


Startpoint: _3181_ (rising edge-triggered flip-flop clocked by clk)
Endpoint: _2916_ (rising edge-triggered flip-flop clocked by clk)
Path Group: clk
Path Type: min

Fanout         Cap        Slew       Delay        Time   Description
---------------------------------------------------------------------------------------------
                                  0.000000    0.000000   clock clk (rise edge)
                                  0.000000    0.000000   clock source latency
   316    0.813505    3.615377    2.485392    2.485392 ^ clk (in)
                                                         clk (net)
                      3.615504    0.000000    2.485392 ^ _3181_/CLK (sky130_fd_sc_hd__dfxtp_2)
     1    0.005728    0.029132    0.741849    3.227241 v _3181_/Q (sky130_fd_sc_hd__dfxtp_2)
                                                         result_data_w[12] (net)
                      0.029132    0.000059    3.227299 v _1529_/A1 (sky130_fd_sc_hd__o211a_2)
     1    0.001744    0.023311    0.237827    3.465127 v _1529_/X (sky130_fd_sc_hd__o211a_2)
                                                         _0033_ (net)
                      0.023311    0.000000    3.465127 v _2916_/D (sky130_fd_sc_hd__dfxtp_2)
                                              3.465127   data arrival time

                                  0.000000    0.000000   clock clk (rise edge)
                                  0.000000    0.000000   clock source latency
   316    0.813505    3.615377    2.499704    2.499704 ^ clk (in)
                                                         clk (net)
                      3.615790    0.000000    2.499704 ^ _2916_/CLK (sky130_fd_sc_hd__dfxtp_2)
                                  0.250000    2.749704   clock uncertainty
                                  0.000000    2.749704   clock reconvergence pessimism
                                  0.301542    3.051245   library hold time
                                              3.051245   data required time
---------------------------------------------------------------------------------------------
                                              3.051245   data required time
                                             -3.465127   data arrival time
---------------------------------------------------------------------------------------------
                                              0.413882   slack (MET)


Startpoint: _3182_ (rising edge-triggered flip-flop clocked by clk)
Endpoint: _2917_ (rising edge-triggered flip-flop clocked by clk)
Path Group: clk
Path Type: min

Fanout         Cap        Slew       Delay        Time   Description
---------------------------------------------------------------------------------------------
                                  0.000000    0.000000   clock clk (rise edge)
                                  0.000000    0.000000   clock source latency
   316    0.813505    3.615377    2.485218    2.485218 ^ clk (in)
                                                         clk (net)
                      3.615501    0.000000    2.485218 ^ _3182_/CLK (sky130_fd_sc_hd__dfxtp_2)
     1    0.004262    0.026620    0.738132    3.223350 v _3182_/Q (sky130_fd_sc_hd__dfxtp_2)
                                                         result_data_w[13] (net)
                      0.026620    0.000029    3.223379 v _1531_/A1 (sky130_fd_sc_hd__o211a_2)
     1    0.001763    0.023369    0.236858    3.460237 v _1531_/X (sky130_fd_sc_hd__o211a_2)
                                                         _0034_ (net)
                      0.023369    0.000000    3.460238 v _2917_/D (sky130_fd_sc_hd__dfxtp_2)
                                              3.460238   data arrival time

                                  0.000000    0.000000   clock clk (rise edge)
                                  0.000000    0.000000   clock source latency
   316    0.813505    3.615377    2.494608    2.494608 ^ clk (in)
                                                         clk (net)
                      3.615669    0.000000    2.494608 ^ _2917_/CLK (sky130_fd_sc_hd__dfxtp_2)
                                  0.250000    2.744608   clock uncertainty
                                  0.000000    2.744608   clock reconvergence pessimism
                                  0.301510    3.046118   library hold time
                                              3.046118   data required time
---------------------------------------------------------------------------------------------
                                              3.046118   data required time
                                             -3.460238   data arrival time
---------------------------------------------------------------------------------------------
                                              0.414120   slack (MET)


Startpoint: _3110_ (rising edge-triggered flip-flop clocked by clk)
Endpoint: _3110_ (rising edge-triggered flip-flop clocked by clk)
Path Group: clk
Path Type: min

Fanout         Cap        Slew       Delay        Time   Description
---------------------------------------------------------------------------------------------
                                  0.000000    0.000000   clock clk (rise edge)
                                  0.000000    0.000000   clock source latency
   316    0.813505    3.615377    2.495229    2.495229 ^ clk (in)
                                                         clk (net)
                      3.615682    0.000000    2.495229 ^ _3110_/CLK (sky130_fd_sc_hd__dfxtp_2)
     2    0.006997    0.031653    0.745103    3.240333 v _3110_/Q (sky130_fd_sc_hd__dfxtp_2)
                                                         u_core.pe_accum[0][9] (net)
                      0.031653    0.000008    3.240340 v _2207_/A1 (sky130_fd_sc_hd__a22o_2)
     1    0.001736    0.034267    0.216317    3.456657 v _2207_/X (sky130_fd_sc_hd__a22o_2)
                                                         _0224_ (net)
                      0.034267    0.000000    3.456658 v _3110_/D (sky130_fd_sc_hd__dfxtp_2)
                                              3.456658   data arrival time

                                  0.000000    0.000000   clock clk (rise edge)
                                  0.000000    0.000000   clock source latency
   316    0.813505    3.615377    2.495229    2.495229 ^ clk (in)
                                                         clk (net)
                      3.615682    0.000000    2.495229 ^ _3110_/CLK (sky130_fd_sc_hd__dfxtp_2)
                                  0.250000    2.745229   clock uncertainty
                                  0.000000    2.745229   clock reconvergence pessimism
                                  0.297186    3.042416   library hold time
                                              3.042416   data required time
---------------------------------------------------------------------------------------------
                                              3.042416   data required time
                                             -3.456658   data arrival time
---------------------------------------------------------------------------------------------
                                              0.414242   slack (MET)


Startpoint: _3176_ (rising edge-triggered flip-flop clocked by clk)
Endpoint: _2911_ (rising edge-triggered flip-flop clocked by clk)
Path Group: clk
Path Type: min

Fanout         Cap        Slew       Delay        Time   Description
---------------------------------------------------------------------------------------------
                                  0.000000    0.000000   clock clk (rise edge)
                                  0.000000    0.000000   clock source latency
   316    0.813505    3.615377    2.499868    2.499868 ^ clk (in)
                                                         clk (net)
                      3.615794    0.000000    2.499868 ^ _3176_/CLK (sky130_fd_sc_hd__dfxtp_2)
     1    0.002451    0.022701    0.731583    3.231452 v _3176_/Q (sky130_fd_sc_hd__dfxtp_2)
                                                         result_data_w[7] (net)
                      0.022701    0.000002    3.231453 v _1519_/A1 (sky130_fd_sc_hd__o211a_2)
     1    0.001742    0.023305    0.235080    3.466533 v _1519_/X (sky130_fd_sc_hd__o211a_2)
                                                         _0028_ (net)
                      0.023305    0.000000    3.466534 v _2911_/D (sky130_fd_sc_hd__dfxtp_2)
                                              3.466534   data arrival time

                                  0.000000    0.000000   clock clk (rise edge)
                                  0.000000    0.000000   clock source latency
   316    0.813505    3.615377    2.499847    2.499847 ^ clk (in)
                                                         clk (net)
                      3.615793    0.000000    2.499847 ^ _2911_/CLK (sky130_fd_sc_hd__dfxtp_2)
                                  0.250000    2.749847   clock uncertainty
                                  0.000000    2.749847   clock reconvergence pessimism
                                  0.301544    3.051392   library hold time
                                              3.051392   data required time
---------------------------------------------------------------------------------------------
                                              3.051392   data required time
                                             -3.466534   data arrival time
---------------------------------------------------------------------------------------------
                                              0.415142   slack (MET)


Startpoint: _3190_ (rising edge-triggered flip-flop clocked by clk)
Endpoint: _2925_ (rising edge-triggered flip-flop clocked by clk)
Path Group: clk
Path Type: min

Fanout         Cap        Slew       Delay        Time   Description
---------------------------------------------------------------------------------------------
                                  0.000000    0.000000   clock clk (rise edge)
                                  0.000000    0.000000   clock source latency
   316    0.813505    3.615377    2.482486    2.482486 ^ clk (in)
                                                         clk (net)
                      3.615466    0.000000    2.482486 ^ _3190_/CLK (sky130_fd_sc_hd__dfxtp_2)
     1    0.002433    0.022657    0.731489    3.213974 v _3190_/Q (sky130_fd_sc_hd__dfxtp_2)
                                                         result_data_w[21] (net)
                      0.022657    0.000002    3.213976 v _1547_/A1 (sky130_fd_sc_hd__o211a_2)
     1    0.001772    0.023393    0.235221    3.449197 v _1547_/X (sky130_fd_sc_hd__o211a_2)
                                                         _0042_ (net)
                      0.023393    0.000000    3.449198 v _2925_/D (sky130_fd_sc_hd__dfxtp_2)
                                              3.449198   data arrival time

                                  0.000000    0.000000   clock clk (rise edge)
                                  0.000000    0.000000   clock source latency
   316    0.813505    3.615377    2.482291    2.482291 ^ clk (in)
                                                         clk (net)
                      3.615463    0.000000    2.482291 ^ _2925_/CLK (sky130_fd_sc_hd__dfxtp_2)
                                  0.250000    2.732291   clock uncertainty
                                  0.000000    2.732291   clock reconvergence pessimism
                                  0.301484    3.033775   library hold time
                                              3.033775   data required time
---------------------------------------------------------------------------------------------
                                              3.033775   data required time
                                             -3.449198   data arrival time
---------------------------------------------------------------------------------------------
                                              0.415423   slack (MET)


Startpoint: _3194_ (rising edge-triggered flip-flop clocked by clk)
Endpoint: _2929_ (rising edge-triggered flip-flop clocked by clk)
Path Group: clk
Path Type: min

Fanout         Cap        Slew       Delay        Time   Description
---------------------------------------------------------------------------------------------
                                  0.000000    0.000000   clock clk (rise edge)
                                  0.000000    0.000000   clock source latency
   316    0.813505    3.615377    2.481697    2.481697 ^ clk (in)
                                                         clk (net)
                      3.615457    0.000000    2.481697 ^ _3194_/CLK (sky130_fd_sc_hd__dfxtp_2)
     1    0.002462    0.022732    0.731594    3.213291 v _3194_/Q (sky130_fd_sc_hd__dfxtp_2)
                                                         result_data_w[25] (net)
                      0.022732    0.000002    3.213293 v _1555_/A1 (sky130_fd_sc_hd__o211a_2)
     1    0.001791    0.023450    0.235354    3.448647 v _1555_/X (sky130_fd_sc_hd__o211a_2)
                                                         _0046_ (net)
                      0.023450    0.000000    3.448648 v _2929_/D (sky130_fd_sc_hd__dfxtp_2)
                                              3.448648   data arrival time

                                  0.000000    0.000000   clock clk (rise edge)
                                  0.000000    0.000000   clock source latency
   316    0.813505    3.615377    2.481682    2.481682 ^ clk (in)
                                                         clk (net)
                      3.615457    0.000000    2.481682 ^ _2929_/CLK (sky130_fd_sc_hd__dfxtp_2)
                                  0.250000    2.731682   clock uncertainty
                                  0.000000    2.731682   clock reconvergence pessimism
                                  0.301461    3.033143   library hold time
                                              3.033143   data required time
---------------------------------------------------------------------------------------------
                                              3.033143   data required time
                                             -3.448648   data arrival time
---------------------------------------------------------------------------------------------
                                              0.415505   slack (MET)


Startpoint: _3187_ (rising edge-triggered flip-flop clocked by clk)
Endpoint: _2922_ (rising edge-triggered flip-flop clocked by clk)
Path Group: clk
Path Type: min

Fanout         Cap        Slew       Delay        Time   Description
---------------------------------------------------------------------------------------------
                                  0.000000    0.000000   clock clk (rise edge)
                                  0.000000    0.000000   clock source latency
   316    0.813505    3.615377    2.494465    2.494465 ^ clk (in)
                                                         clk (net)
                      3.615665    0.000000    2.494465 ^ _3187_/CLK (sky130_fd_sc_hd__dfxtp_2)
     1    0.002498    0.022826    0.731744    3.226209 v _3187_/Q (sky130_fd_sc_hd__dfxtp_2)
                                                         result_data_w[18] (net)
                      0.022826    0.000002    3.226211 v _1541_/A1 (sky130_fd_sc_hd__o211a_2)
     1    0.001762    0.023363    0.235235    3.461446 v _1541_/X (sky130_fd_sc_hd__o211a_2)
                                                         _0039_ (net)
                      0.023363    0.000000    3.461447 v _2922_/D (sky130_fd_sc_hd__dfxtp_2)
                                              3.461447   data arrival time

                                  0.000000    0.000000   clock clk (rise edge)
                                  0.000000    0.000000   clock source latency
   316    0.813505    3.615377    2.494393    2.494393 ^ clk (in)
                                                         clk (net)
                      3.615664    0.000000    2.494393 ^ _2922_/CLK (sky130_fd_sc_hd__dfxtp_2)
                                  0.250000    2.744393   clock uncertainty
                                  0.000000    2.744393   clock reconvergence pessimism
                                  0.301511    3.045905   library hold time
                                              3.045905   data required time
---------------------------------------------------------------------------------------------
                                              3.045905   data required time
                                             -3.461447   data arrival time
---------------------------------------------------------------------------------------------
                                              0.415542   slack (MET)


Startpoint: _3171_ (rising edge-triggered flip-flop clocked by clk)
Endpoint: _2906_ (rising edge-triggered flip-flop clocked by clk)
Path Group: clk
Path Type: min

Fanout         Cap        Slew       Delay        Time   Description
---------------------------------------------------------------------------------------------
                                  0.000000    0.000000   clock clk (rise edge)
                                  0.000000    0.000000   clock source latency
   316    0.813505    3.615377    2.505611    2.505611 ^ clk (in)
                                                         clk (net)
                      3.615956    0.000000    2.505611 ^ _3171_/CLK (sky130_fd_sc_hd__dfxtp_2)
     1    0.002432    0.022654    0.731532    3.237143 v _3171_/Q (sky130_fd_sc_hd__dfxtp_2)
                                                         result_data_w[2] (net)
                      0.022654    0.000002    3.237145 v _1509_/A1 (sky130_fd_sc_hd__o211a_2)
     1    0.001800    0.023477    0.235370    3.472515 v _1509_/X (sky130_fd_sc_hd__o211a_2)
                                                         _0023_ (net)
                      0.023477    0.000000    3.472516 v _2906_/D (sky130_fd_sc_hd__dfxtp_2)
                                              3.472516   data arrival time

                                  0.000000    0.000000   clock clk (rise edge)
                                  0.000000    0.000000   clock source latency
   316    0.813505    3.615377    2.505383    2.505383 ^ clk (in)
                                                         clk (net)
                      3.615949    0.000000    2.505383 ^ _2906_/CLK (sky130_fd_sc_hd__dfxtp_2)
                                  0.250000    2.755383   clock uncertainty
                                  0.000000    2.755383   clock reconvergence pessimism
                                  0.301488    3.056871   library hold time
                                              3.056871   data required time
---------------------------------------------------------------------------------------------
                                              3.056871   data required time
                                             -3.472516   data arrival time
---------------------------------------------------------------------------------------------
                                              0.415645   slack (MET)


Startpoint: _3200_ (rising edge-triggered flip-flop clocked by clk)
Endpoint: _2935_ (rising edge-triggered flip-flop clocked by clk)
Path Group: clk
Path Type: min

Fanout         Cap        Slew       Delay        Time   Description
---------------------------------------------------------------------------------------------
                                  0.000000    0.000000   clock clk (rise edge)
                                  0.000000    0.000000   clock source latency
   316    0.813505    3.615377    2.482420    2.482420 ^ clk (in)
                                                         clk (net)
                      3.615465    0.000000    2.482420 ^ _3200_/CLK (sky130_fd_sc_hd__dfxtp_2)
     1    0.002575    0.023028    0.732006    3.214427 v _3200_/Q (sky130_fd_sc_hd__dfxtp_2)
                                                         result_data_w[31] (net)
                      0.023028    0.000004    3.214430 v _1567_/A1 (sky130_fd_sc_hd__o211a_2)
     1    0.001742    0.023306    0.235213    3.449643 v _1567_/X (sky130_fd_sc_hd__o211a_2)
                                                         _0052_ (net)
                      0.023306    0.000000    3.449644 v _2935_/D (sky130_fd_sc_hd__dfxtp_2)
                                              3.449644   data arrival time

                                  0.000000    0.000000   clock clk (rise edge)
                                  0.000000    0.000000   clock source latency
   316    0.813505    3.615377    2.482412    2.482412 ^ clk (in)
                                                         clk (net)
                      3.615465    0.000000    2.482412 ^ _2935_/CLK (sky130_fd_sc_hd__dfxtp_2)
                                  0.250000    2.732412   clock uncertainty
                                  0.000000    2.732412   clock reconvergence pessimism
                                  0.301519    3.033931   library hold time
                                              3.033931   data required time
---------------------------------------------------------------------------------------------
                                              3.033931   data required time
                                             -3.449644   data arrival time
---------------------------------------------------------------------------------------------
                                              0.415713   slack (MET)


Startpoint: _3192_ (rising edge-triggered flip-flop clocked by clk)
Endpoint: _2927_ (rising edge-triggered flip-flop clocked by clk)
Path Group: clk
Path Type: min

Fanout         Cap        Slew       Delay        Time   Description
---------------------------------------------------------------------------------------------
                                  0.000000    0.000000   clock clk (rise edge)
                                  0.000000    0.000000   clock source latency
   316    0.813505    3.615377    2.482399    2.482399 ^ clk (in)
                                                         clk (net)
                      3.615465    0.000000    2.482399 ^ _3192_/CLK (sky130_fd_sc_hd__dfxtp_2)
     1    0.002458    0.022720    0.731577    3.213976 v _3192_/Q (sky130_fd_sc_hd__dfxtp_2)
                                                         result_data_w[23] (net)
                      0.022720    0.000002    3.213978 v _1551_/A1 (sky130_fd_sc_hd__o211a_2)
     1    0.001868    0.023678    0.235758    3.449736 v _1551_/X (sky130_fd_sc_hd__o211a_2)
                                                         _0044_ (net)
                      0.023678    0.000002    3.449738 v _2927_/D (sky130_fd_sc_hd__dfxtp_2)
                                              3.449738   data arrival time

                                  0.000000    0.000000   clock clk (rise edge)
                                  0.000000    0.000000   clock source latency
   316    0.813505    3.615377    2.482381    2.482381 ^ clk (in)
                                                         clk (net)
                      3.615464    0.000000    2.482381 ^ _2927_/CLK (sky130_fd_sc_hd__dfxtp_2)
                                  0.250000    2.732381   clock uncertainty
                                  0.000000    2.732381   clock reconvergence pessimism
                                  0.301371    3.033752   library hold time
                                              3.033752   data required time
---------------------------------------------------------------------------------------------
                                              3.033752   data required time
                                             -3.449738   data arrival time
---------------------------------------------------------------------------------------------
                                              0.415985   slack (MET)


Startpoint: _3177_ (rising edge-triggered flip-flop clocked by clk)
Endpoint: _2912_ (rising edge-triggered flip-flop clocked by clk)
Path Group: clk
Path Type: min

Fanout         Cap        Slew       Delay        Time   Description
---------------------------------------------------------------------------------------------
                                  0.000000    0.000000   clock clk (rise edge)
                                  0.000000    0.000000   clock source latency
   316    0.813505    3.615377    2.499741    2.499741 ^ clk (in)
                                                         clk (net)
                      3.615790    0.000000    2.499741 ^ _3177_/CLK (sky130_fd_sc_hd__dfxtp_2)
     1    0.002632    0.023176    0.732245    3.231985 v _3177_/Q (sky130_fd_sc_hd__dfxtp_2)
                                                         result_data_w[8] (net)
                      0.023176    0.000004    3.231990 v _1521_/A1 (sky130_fd_sc_hd__o211a_2)
     1    0.001767    0.023379    0.235407    3.467397 v _1521_/X (sky130_fd_sc_hd__o211a_2)
                                                         _0029_ (net)
                      0.023379    0.000000    3.467398 v _2912_/D (sky130_fd_sc_hd__dfxtp_2)
                                              3.467398   data arrival time

                                  0.000000    0.000000   clock clk (rise edge)
                                  0.000000    0.000000   clock source latency
   316    0.813505    3.615377    2.499696    2.499696 ^ clk (in)
                                                         clk (net)
                      3.615789    0.000000    2.499696 ^ _2912_/CLK (sky130_fd_sc_hd__dfxtp_2)
                                  0.250000    2.749696   clock uncertainty
                                  0.000000    2.749696   clock reconvergence pessimism
                                  0.301515    3.051211   library hold time
                                              3.051211   data required time
---------------------------------------------------------------------------------------------
                                              3.051211   data required time
                                             -3.467398   data arrival time
---------------------------------------------------------------------------------------------
                                              0.416187   slack (MET)


Startpoint: _3191_ (rising edge-triggered flip-flop clocked by clk)
Endpoint: _2926_ (rising edge-triggered flip-flop clocked by clk)
Path Group: clk
Path Type: min

Fanout         Cap        Slew       Delay        Time   Description
---------------------------------------------------------------------------------------------
                                  0.000000    0.000000   clock clk (rise edge)
                                  0.000000    0.000000   clock source latency
   316    0.813505    3.615377    2.482332    2.482332 ^ clk (in)
                                                         clk (net)
                      3.615464    0.000000    2.482332 ^ _3191_/CLK (sky130_fd_sc_hd__dfxtp_2)
     1    0.002383    0.022523    0.731303    3.213635 v _3191_/Q (sky130_fd_sc_hd__dfxtp_2)
                                                         result_data_w[22] (net)
                      0.022523    0.000001    3.213636 v _1549_/A1 (sky130_fd_sc_hd__o211a_2)
     1    0.001974    0.023992    0.236246    3.449882 v _1549_/X (sky130_fd_sc_hd__o211a_2)
                                                         _0043_ (net)
                      0.023992    0.000002    3.449884 v _2926_/D (sky130_fd_sc_hd__dfxtp_2)
                                              3.449884   data arrival time

                                  0.000000    0.000000   clock clk (rise edge)
                                  0.000000    0.000000   clock source latency
   316    0.813505    3.615377    2.482290    2.482290 ^ clk (in)
                                                         clk (net)
                      3.615463    0.000000    2.482290 ^ _2926_/CLK (sky130_fd_sc_hd__dfxtp_2)
                                  0.250000    2.732290   clock uncertainty
                                  0.000000    2.732290   clock reconvergence pessimism
                                  0.301246    3.033537   library hold time
                                              3.033537   data required time
---------------------------------------------------------------------------------------------
                                              3.033537   data required time
                                             -3.449884   data arrival time
---------------------------------------------------------------------------------------------
                                              0.416347   slack (MET)


Startpoint: _3188_ (rising edge-triggered flip-flop clocked by clk)
Endpoint: _2923_ (rising edge-triggered flip-flop clocked by clk)
Path Group: clk
Path Type: min

Fanout         Cap        Slew       Delay        Time   Description
---------------------------------------------------------------------------------------------
                                  0.000000    0.000000   clock clk (rise edge)
                                  0.000000    0.000000   clock source latency
   316    0.813505    3.615377    2.484287    2.484287 ^ clk (in)
                                                         clk (net)
                      3.615489    0.000000    2.484287 ^ _3188_/CLK (sky130_fd_sc_hd__dfxtp_2)
     1    0.002600    0.023094    0.732101    3.216388 v _3188_/Q (sky130_fd_sc_hd__dfxtp_2)
                                                         result_data_w[19] (net)
                      0.023094    0.000004    3.216392 v _1543_/A1 (sky130_fd_sc_hd__o211a_2)
     1    0.001778    0.023411    0.235429    3.451821 v _1543_/X (sky130_fd_sc_hd__o211a_2)
                                                         _0040_ (net)
                      0.023411    0.000000    3.451822 v _2923_/D (sky130_fd_sc_hd__dfxtp_2)
                                              3.451822   data arrival time

                                  0.000000    0.000000   clock clk (rise edge)
                                  0.000000    0.000000   clock source latency
   316    0.813505    3.615377    2.483981    2.483981 ^ clk (in)
                                                         clk (net)
                      3.615484    0.000000    2.483981 ^ _2923_/CLK (sky130_fd_sc_hd__dfxtp_2)
                                  0.250000    2.733981   clock uncertainty
                                  0.000000    2.733981   clock reconvergence pessimism
                                  0.301479    3.035460   library hold time
                                              3.035460   data required time
---------------------------------------------------------------------------------------------
                                              3.035460   data required time
                                             -3.451822   data arrival time
---------------------------------------------------------------------------------------------
                                              0.416362   slack (MET)


Startpoint: _3180_ (rising edge-triggered flip-flop clocked by clk)
Endpoint: _2915_ (rising edge-triggered flip-flop clocked by clk)
Path Group: clk
Path Type: min

Fanout         Cap        Slew       Delay        Time   Description
---------------------------------------------------------------------------------------------
                                  0.000000    0.000000   clock clk (rise edge)
                                  0.000000    0.000000   clock source latency
   316    0.813505    3.615377    2.499821    2.499821 ^ clk (in)
                                                         clk (net)
                      3.615793    0.000000    2.499821 ^ _3180_/CLK (sky130_fd_sc_hd__dfxtp_2)
     1    0.002703    0.023363    0.732506    3.232327 v _3180_/Q (sky130_fd_sc_hd__dfxtp_2)
                                                         result_data_w[11] (net)
                      0.023363    0.000004    3.232332 v _1527_/A1 (sky130_fd_sc_hd__o211a_2)
     1    0.001755    0.023343    0.235423    3.467755 v _1527_/X (sky130_fd_sc_hd__o211a_2)
                                                         _0032_ (net)
                      0.023343    0.000000    3.467755 v _2915_/D (sky130_fd_sc_hd__dfxtp_2)
                                              3.467755   data arrival time

                                  0.000000    0.000000   clock clk (rise edge)
                                  0.000000    0.000000   clock source latency
   316    0.813505    3.615377    2.499767    2.499767 ^ clk (in)
                                                         clk (net)
                      3.615791    0.000000    2.499767 ^ _2915_/CLK (sky130_fd_sc_hd__dfxtp_2)
                                  0.250000    2.749767   clock uncertainty
                                  0.000000    2.749767   clock reconvergence pessimism
                                  0.301529    3.051296   library hold time
                                              3.051296   data required time
---------------------------------------------------------------------------------------------
                                              3.051296   data required time
                                             -3.467755   data arrival time
---------------------------------------------------------------------------------------------
                                              0.416459   slack (MET)


Startpoint: _3170_ (rising edge-triggered flip-flop clocked by clk)
Endpoint: _2905_ (rising edge-triggered flip-flop clocked by clk)
Path Group: clk
Path Type: min

Fanout         Cap        Slew       Delay        Time   Description
---------------------------------------------------------------------------------------------
                                  0.000000    0.000000   clock clk (rise edge)
                                  0.000000    0.000000   clock source latency
   316    0.813505    3.615377    2.504223    2.504223 ^ clk (in)
                                                         clk (net)
                      3.615915    0.000000    2.504223 ^ _3170_/CLK (sky130_fd_sc_hd__dfxtp_2)
     1    0.002571    0.023018    0.732036    3.236259 v _3170_/Q (sky130_fd_sc_hd__dfxtp_2)
                                                         result_data_w[1] (net)
                      0.023018    0.000004    3.236263 v _1507_/A1 (sky130_fd_sc_hd__o211a_2)
     1    0.001890    0.023744    0.235998    3.472261 v _1507_/X (sky130_fd_sc_hd__o211a_2)
                                                         _0022_ (net)
                      0.023744    0.000002    3.472263 v _2905_/D (sky130_fd_sc_hd__dfxtp_2)
                                              3.472263   data arrival time

                                  0.000000    0.000000   clock clk (rise edge)
                                  0.000000    0.000000   clock source latency
   316    0.813505    3.615377    2.504219    2.504219 ^ clk (in)
                                                         clk (net)
                      3.615914    0.000000    2.504219 ^ _2905_/CLK (sky130_fd_sc_hd__dfxtp_2)
                                  0.250000    2.754219   clock uncertainty
                                  0.000000    2.754219   clock reconvergence pessimism
                                  0.301379    3.055598   library hold time
                                              3.055598   data required time
---------------------------------------------------------------------------------------------
                                              3.055598   data required time
                                             -3.472263   data arrival time
---------------------------------------------------------------------------------------------
                                              0.416664   slack (MET)


Startpoint: _3189_ (rising edge-triggered flip-flop clocked by clk)
Endpoint: _2924_ (rising edge-triggered flip-flop clocked by clk)
Path Group: clk
Path Type: min

Fanout         Cap        Slew       Delay        Time   Description
---------------------------------------------------------------------------------------------
                                  0.000000    0.000000   clock clk (rise edge)
                                  0.000000    0.000000   clock source latency
   316    0.813505    3.615377    2.482337    2.482337 ^ clk (in)
                                                         clk (net)
                      3.615464    0.000000    2.482337 ^ _3189_/CLK (sky130_fd_sc_hd__dfxtp_2)
     1    0.002482    0.022783    0.731665    3.214001 v _3189_/Q (sky130_fd_sc_hd__dfxtp_2)
                                                         result_data_w[20] (net)
                      0.022783    0.000003    3.214004 v _1545_/A1 (sky130_fd_sc_hd__o211a_2)
     1    0.001980    0.024012    0.236385    3.450390 v _1545_/X (sky130_fd_sc_hd__o211a_2)
                                                         _0041_ (net)
                      0.024012    0.000003    3.450392 v _2924_/D (sky130_fd_sc_hd__dfxtp_2)
                                              3.450392   data arrival time

                                  0.000000    0.000000   clock clk (rise edge)
                                  0.000000    0.000000   clock source latency
   316    0.813505    3.615377    2.482333    2.482333 ^ clk (in)
                                                         clk (net)
                      3.615464    0.000000    2.482333 ^ _2924_/CLK (sky130_fd_sc_hd__dfxtp_2)
                                  0.250000    2.732334   clock uncertainty
                                  0.000000    2.732334   clock reconvergence pessimism
                                  0.301239    3.033572   library hold time
                                              3.033572   data required time
---------------------------------------------------------------------------------------------
                                              3.033572   data required time
                                             -3.450392   data arrival time
---------------------------------------------------------------------------------------------
                                              0.416820   slack (MET)


Startpoint: _3173_ (rising edge-triggered flip-flop clocked by clk)
Endpoint: _2908_ (rising edge-triggered flip-flop clocked by clk)
Path Group: clk
Path Type: min

Fanout         Cap        Slew       Delay        Time   Description
---------------------------------------------------------------------------------------------
                                  0.000000    0.000000   clock clk (rise edge)
                                  0.000000    0.000000   clock source latency
   316    0.813505    3.615377    2.499792    2.499792 ^ clk (in)
                                                         clk (net)
                      3.615792    0.000000    2.499792 ^ _3173_/CLK (sky130_fd_sc_hd__dfxtp_2)
     1    0.002507    0.022849    0.731788    3.231580 v _3173_/Q (sky130_fd_sc_hd__dfxtp_2)
                                                         result_data_w[4] (net)
                      0.022849    0.000003    3.231584 v _1513_/A1 (sky130_fd_sc_hd__o211a_2)
     1    0.001965    0.023965    0.236327    3.467911 v _1513_/X (sky130_fd_sc_hd__o211a_2)
                                                         _0025_ (net)
                      0.023965    0.000002    3.467913 v _2908_/D (sky130_fd_sc_hd__dfxtp_2)
                                              3.467913   data arrival time

                                  0.000000    0.000000   clock clk (rise edge)
                                  0.000000    0.000000   clock source latency
   316    0.813505    3.615377    2.499778    2.499778 ^ clk (in)
                                                         clk (net)
                      3.615791    0.000000    2.499778 ^ _2908_/CLK (sky130_fd_sc_hd__dfxtp_2)
                                  0.250000    2.749778   clock uncertainty
                                  0.000000    2.749778   clock reconvergence pessimism
                                  0.301282    3.051061   library hold time
                                              3.051061   data required time
---------------------------------------------------------------------------------------------
                                              3.051061   data required time
                                             -3.467913   data arrival time
---------------------------------------------------------------------------------------------
                                              0.416853   slack (MET)


Startpoint: _3195_ (rising edge-triggered flip-flop clocked by clk)
Endpoint: _2930_ (rising edge-triggered flip-flop clocked by clk)
Path Group: clk
Path Type: min

Fanout         Cap        Slew       Delay        Time   Description
---------------------------------------------------------------------------------------------
                                  0.000000    0.000000   clock clk (rise edge)
                                  0.000000    0.000000   clock source latency
   316    0.813505    3.615377    2.476664    2.476664 ^ clk (in)
                                                         clk (net)
                      3.615410    0.000000    2.476664 ^ _3195_/CLK (sky130_fd_sc_hd__dfxtp_2)
     1    0.002599    0.023091    0.732090    3.208753 v _3195_/Q (sky130_fd_sc_hd__dfxtp_2)
                                                         result_data_w[26] (net)
                      0.023091    0.000004    3.208757 v _1557_/A1 (sky130_fd_sc_hd__o211a_2)
     1    0.001936    0.023880    0.236272    3.445030 v _1557_/X (sky130_fd_sc_hd__o211a_2)
                                                         _0047_ (net)
                      0.023880    0.000003    3.445032 v _2930_/D (sky130_fd_sc_hd__dfxtp_2)
                                              3.445032   data arrival time

                                  0.000000    0.000000   clock clk (rise edge)
                                  0.000000    0.000000   clock source latency
   316    0.813505    3.615377    2.476619    2.476619 ^ clk (in)
                                                         clk (net)
                      3.615410    0.000000    2.476619 ^ _2930_/CLK (sky130_fd_sc_hd__dfxtp_2)
                                  0.250000    2.726619   clock uncertainty
                                  0.000000    2.726619   clock reconvergence pessimism
                                  0.301287    3.027906   library hold time
                                              3.027906   data required time
---------------------------------------------------------------------------------------------
                                              3.027906   data required time
                                             -3.445032   data arrival time
---------------------------------------------------------------------------------------------
                                              0.417127   slack (MET)


Startpoint: _3197_ (rising edge-triggered flip-flop clocked by clk)
Endpoint: _2932_ (rising edge-triggered flip-flop clocked by clk)
Path Group: clk
Path Type: min

Fanout         Cap        Slew       Delay        Time   Description
---------------------------------------------------------------------------------------------
                                  0.000000    0.000000   clock clk (rise edge)
                                  0.000000    0.000000   clock source latency
   316    0.813505    3.615377    2.476687    2.476687 ^ clk (in)
                                                         clk (net)
                      3.615411    0.000000    2.476687 ^ _3197_/CLK (sky130_fd_sc_hd__dfxtp_2)
     1    0.002875    0.022828    0.733095    3.209782 v _3197_/Q (sky130_fd_sc_hd__dfxtp_2)
                                                         result_data_w[28] (net)
                      0.022828    0.000008    3.209790 v _1561_/A1 (sky130_fd_sc_hd__o211a_2)
     1    0.001813    0.023516    0.235511    3.445301 v _1561_/X (sky130_fd_sc_hd__o211a_2)
                                                         _0049_ (net)
                      0.023516    0.000001    3.445302 v _2932_/D (sky130_fd_sc_hd__dfxtp_2)
                                              3.445302   data arrival time

                                  0.000000    0.000000   clock clk (rise edge)
                                  0.000000    0.000000   clock source latency
   316    0.813505    3.615377    2.476622    2.476622 ^ clk (in)
                                                         clk (net)
                      3.615410    0.000000    2.476622 ^ _2932_/CLK (sky130_fd_sc_hd__dfxtp_2)
                                  0.250000    2.726622   clock uncertainty
                                  0.000000    2.726622   clock reconvergence pessimism
                                  0.301431    3.028054   library hold time
                                              3.028054   data required time
---------------------------------------------------------------------------------------------
                                              3.028054   data required time
                                             -3.445302   data arrival time
---------------------------------------------------------------------------------------------
                                              0.417249   slack (MET)


Startpoint: _3179_ (rising edge-triggered flip-flop clocked by clk)
Endpoint: _2914_ (rising edge-triggered flip-flop clocked by clk)
Path Group: clk
Path Type: min

Fanout         Cap        Slew       Delay        Time   Description
---------------------------------------------------------------------------------------------
                                  0.000000    0.000000   clock clk (rise edge)
                                  0.000000    0.000000   clock source latency
   316    0.813505    3.615377    2.504427    2.504427 ^ clk (in)
                                                         clk (net)
                      3.615921    0.000000    2.504427 ^ _3179_/CLK (sky130_fd_sc_hd__dfxtp_2)
     1    0.002547    0.022955    0.731949    3.236376 v _3179_/Q (sky130_fd_sc_hd__dfxtp_2)
                                                         result_data_w[10] (net)
                      0.022955    0.000004    3.236380 v _1525_/A1 (sky130_fd_sc_hd__o211a_2)
     1    0.001817    0.023528    0.235584    3.471964 v _1525_/X (sky130_fd_sc_hd__o211a_2)
                                                         _0031_ (net)
                      0.023528    0.000001    3.471965 v _2914_/D (sky130_fd_sc_hd__dfxtp_2)
                                              3.471965   data arrival time

                                  0.000000    0.000000   clock clk (rise edge)
                                  0.000000    0.000000   clock source latency
   316    0.813505    3.615377    2.503196    2.503196 ^ clk (in)
                                                         clk (net)
                      3.615885    0.000000    2.503196 ^ _2914_/CLK (sky130_fd_sc_hd__dfxtp_2)
                                  0.250000    2.753196   clock uncertainty
                                  0.000000    2.753196   clock reconvergence pessimism
                                  0.301463    3.054659   library hold time
                                              3.054659   data required time
---------------------------------------------------------------------------------------------
                                              3.054659   data required time
                                             -3.471965   data arrival time
---------------------------------------------------------------------------------------------
                                              0.417306   slack (MET)


Startpoint: _3186_ (rising edge-triggered flip-flop clocked by clk)
Endpoint: _2921_ (rising edge-triggered flip-flop clocked by clk)
Path Group: clk
Path Type: min

Fanout         Cap        Slew       Delay        Time   Description
---------------------------------------------------------------------------------------------
                                  0.000000    0.000000   clock clk (rise edge)
                                  0.000000    0.000000   clock source latency
   316    0.813505    3.615377    2.485018    2.485018 ^ clk (in)
                                                         clk (net)
                      3.615498    0.000000    2.485018 ^ _3186_/CLK (sky130_fd_sc_hd__dfxtp_2)
     1    0.002589    0.023065    0.732062    3.217080 v _3186_/Q (sky130_fd_sc_hd__dfxtp_2)
                                                         result_data_w[17] (net)
                      0.023065    0.000004    3.217084 v _1539_/A1 (sky130_fd_sc_hd__o211a_2)
     1    0.001974    0.023994    0.236466    3.453550 v _1539_/X (sky130_fd_sc_hd__o211a_2)
                                                         _0038_ (net)
                      0.023994    0.000002    3.453552 v _2921_/D (sky130_fd_sc_hd__dfxtp_2)
                                              3.453552   data arrival time

                                  0.000000    0.000000   clock clk (rise edge)
                                  0.000000    0.000000   clock source latency
   316    0.813505    3.615377    2.484865    2.484865 ^ clk (in)
                                                         clk (net)
                      3.615496    0.000000    2.484865 ^ _2921_/CLK (sky130_fd_sc_hd__dfxtp_2)
                                  0.250000    2.734865   clock uncertainty
                                  0.000000    2.734865   clock reconvergence pessimism
                                  0.301249    3.036114   library hold time
                                              3.036114   data required time
---------------------------------------------------------------------------------------------
                                              3.036114   data required time
                                             -3.453552   data arrival time
---------------------------------------------------------------------------------------------
                                              0.417439   slack (MET)


Startpoint: _3193_ (rising edge-triggered flip-flop clocked by clk)
Endpoint: _2928_ (rising edge-triggered flip-flop clocked by clk)
Path Group: clk
Path Type: min

Fanout         Cap        Slew       Delay        Time   Description
---------------------------------------------------------------------------------------------
                                  0.000000    0.000000   clock clk (rise edge)
                                  0.000000    0.000000   clock source latency
   316    0.813505    3.615377    2.481908    2.481908 ^ clk (in)
                                                         clk (net)
                      3.615459    0.000000    2.481908 ^ _3193_/CLK (sky130_fd_sc_hd__dfxtp_2)
     1    0.002623    0.023153    0.732180    3.214088 v _3193_/Q (sky130_fd_sc_hd__dfxtp_2)
                                                         result_data_w[24] (net)
                      0.023153    0.000006    3.214093 v _1553_/A1 (sky130_fd_sc_hd__o211a_2)
     1    0.001983    0.024020    0.236550    3.450644 v _1553_/X (sky130_fd_sc_hd__o211a_2)
                                                         _0045_ (net)
                      0.024020    0.000003    3.450647 v _2928_/D (sky130_fd_sc_hd__dfxtp_2)
                                              3.450647   data arrival time

                                  0.000000    0.000000   clock clk (rise edge)
                                  0.000000    0.000000   clock source latency
   316    0.813505    3.615377    2.481663    2.481663 ^ clk (in)
                                                         clk (net)
                      3.615456    0.000000    2.481663 ^ _2928_/CLK (sky130_fd_sc_hd__dfxtp_2)
                                  0.250000    2.731663   clock uncertainty
                                  0.000000    2.731663   clock reconvergence pessimism
                                  0.301235    3.032898   library hold time
                                              3.032898   data required time
---------------------------------------------------------------------------------------------
                                              3.032898   data required time
                                             -3.450647   data arrival time
---------------------------------------------------------------------------------------------
                                              0.417748   slack (MET)


Startpoint: _3175_ (rising edge-triggered flip-flop clocked by clk)
Endpoint: _2910_ (rising edge-triggered flip-flop clocked by clk)
Path Group: clk
Path Type: min

Fanout         Cap        Slew       Delay        Time   Description
---------------------------------------------------------------------------------------------
                                  0.000000    0.000000   clock clk (rise edge)
                                  0.000000    0.000000   clock source latency
   316    0.813505    3.615377    2.509242    2.509242 ^ clk (in)
                                                         clk (net)
                      3.616073    0.000000    2.509242 ^ _3175_/CLK (sky130_fd_sc_hd__dfxtp_2)
     1    0.002589    0.023064    0.732116    3.241358 v _3175_/Q (sky130_fd_sc_hd__dfxtp_2)
                                                         result_data_w[6] (net)
                      0.023064    0.000005    3.241363 v _1517_/A1 (sky130_fd_sc_hd__o211a_2)
     1    0.002144    0.024499    0.237375    3.478738 v _1517_/X (sky130_fd_sc_hd__o211a_2)
                                                         _0027_ (net)
                      0.024499    0.000004    3.478742 v _2910_/D (sky130_fd_sc_hd__dfxtp_2)
                                              3.478742   data arrival time

                                  0.000000    0.000000   clock clk (rise edge)
                                  0.000000    0.000000   clock source latency
   316    0.813505    3.615377    2.509278    2.509278 ^ clk (in)
                                                         clk (net)
                      3.616074    0.000000    2.509278 ^ _2910_/CLK (sky130_fd_sc_hd__dfxtp_2)
                                  0.250000    2.759279   clock uncertainty
                                  0.000000    2.759279   clock reconvergence pessimism
                                  0.301092    3.060371   library hold time
                                              3.060371   data required time
---------------------------------------------------------------------------------------------
                                              3.060371   data required time
                                             -3.478742   data arrival time
---------------------------------------------------------------------------------------------
                                              0.418371   slack (MET)


Startpoint: _3199_ (rising edge-triggered flip-flop clocked by clk)
Endpoint: _2934_ (rising edge-triggered flip-flop clocked by clk)
Path Group: clk
Path Type: min

Fanout         Cap        Slew       Delay        Time   Description
---------------------------------------------------------------------------------------------
                                  0.000000    0.000000   clock clk (rise edge)
                                  0.000000    0.000000   clock source latency
   316    0.813505    3.615377    2.476670    2.476670 ^ clk (in)
                                                         clk (net)
                      3.615410    0.000000    2.476670 ^ _3199_/CLK (sky130_fd_sc_hd__dfxtp_2)
     1    0.003072    0.023233    0.733813    3.210483 v _3199_/Q (sky130_fd_sc_hd__dfxtp_2)
                                                         result_data_w[30] (net)
                      0.023233    0.000010    3.210493 v _1565_/A1 (sky130_fd_sc_hd__o211a_2)
     1    0.001899    0.023772    0.236138    3.446632 v _1565_/X (sky130_fd_sc_hd__o211a_2)
                                                         _0051_ (net)
                      0.023772    0.000002    3.446634 v _2934_/D (sky130_fd_sc_hd__dfxtp_2)
                                              3.446634   data arrival time

                                  0.000000    0.000000   clock clk (rise edge)
                                  0.000000    0.000000   clock source latency
   316    0.813505    3.615377    2.476615    2.476615 ^ clk (in)
                                                         clk (net)
                      3.615410    0.000000    2.476615 ^ _2934_/CLK (sky130_fd_sc_hd__dfxtp_2)
                                  0.250000    2.726615   clock uncertainty
                                  0.000000    2.726615   clock reconvergence pessimism
                                  0.301330    3.027945   library hold time
                                              3.027945   data required time
---------------------------------------------------------------------------------------------
                                              3.027945   data required time
                                             -3.446634   data arrival time
---------------------------------------------------------------------------------------------
                                              0.418689   slack (MET)


Startpoint: _3169_ (rising edge-triggered flip-flop clocked by clk)
Endpoint: _2904_ (rising edge-triggered flip-flop clocked by clk)
Path Group: clk
Path Type: min

Fanout         Cap        Slew       Delay        Time   Description
---------------------------------------------------------------------------------------------
                                  0.000000    0.000000   clock clk (rise edge)
                                  0.000000    0.000000   clock source latency
   316    0.813505    3.615377    2.506807    2.506807 ^ clk (in)
                                                         clk (net)
                      3.615993    0.000000    2.506807 ^ _3169_/CLK (sky130_fd_sc_hd__dfxtp_2)
     1    0.002590    0.023066    0.732112    3.238918 v _3169_/Q (sky130_fd_sc_hd__dfxtp_2)
                                                         result_data_w[0] (net)
                      0.023066    0.000004    3.238922 v _1505_/A1 (sky130_fd_sc_hd__o211a_2)
     1    0.001797    0.023467    0.235519    3.474440 v _1505_/X (sky130_fd_sc_hd__o211a_2)
                                                         _0021_ (net)
                      0.023467    0.000001    3.474442 v _2904_/D (sky130_fd_sc_hd__dfxtp_2)
                                              3.474442   data arrival time

                                  0.000000    0.000000   clock clk (rise edge)
                                  0.000000    0.000000   clock source latency
   316    0.813505    3.615377    2.503776    2.503776 ^ clk (in)
                                                         clk (net)
                      3.615901    0.000000    2.503776 ^ _2904_/CLK (sky130_fd_sc_hd__dfxtp_2)
                                  0.250000    2.753776   clock uncertainty
                                  0.000000    2.753776   clock reconvergence pessimism
                                  0.301488    3.055264   library hold time
                                              3.055264   data required time
---------------------------------------------------------------------------------------------
                                              3.055264   data required time
                                             -3.474442   data arrival time
---------------------------------------------------------------------------------------------
                                              0.419178   slack (MET)


Startpoint: _3172_ (rising edge-triggered flip-flop clocked by clk)
Endpoint: _2907_ (rising edge-triggered flip-flop clocked by clk)
Path Group: clk
Path Type: min

Fanout         Cap        Slew       Delay        Time   Description
---------------------------------------------------------------------------------------------
                                  0.000000    0.000000   clock clk (rise edge)
                                  0.000000    0.000000   clock source latency
   316    0.813505    3.615377    2.508910    2.508910 ^ clk (in)
                                                         clk (net)
                      3.616062    0.000000    2.508910 ^ _3172_/CLK (sky130_fd_sc_hd__dfxtp_2)
     1    0.002937    0.022952    0.733383    3.242292 v _3172_/Q (sky130_fd_sc_hd__dfxtp_2)
                                                         result_data_w[3] (net)
                      0.022952    0.000010    3.242302 v _1511_/A1 (sky130_fd_sc_hd__o211a_2)
     1    0.002207    0.024686    0.237665    3.479968 v _1511_/X (sky130_fd_sc_hd__o211a_2)
                                                         _0024_ (net)
                      0.024686    0.000005    3.479973 v _2907_/D (sky130_fd_sc_hd__dfxtp_2)
                                              3.479973   data arrival time

                                  0.000000    0.000000   clock clk (rise edge)
                                  0.000000    0.000000   clock source latency
   316    0.813505    3.615377    2.508926    2.508926 ^ clk (in)
                                                         clk (net)
                      3.616062    0.000000    2.508926 ^ _2907_/CLK (sky130_fd_sc_hd__dfxtp_2)
                                  0.250000    2.758926   clock uncertainty
                                  0.000000    2.758926   clock reconvergence pessimism
                                  0.301017    3.059943   library hold time
                                              3.059943   data required time
---------------------------------------------------------------------------------------------
                                              3.059943   data required time
                                             -3.479973   data arrival time
---------------------------------------------------------------------------------------------
                                              0.420029   slack (MET)


Startpoint: _3198_ (rising edge-triggered flip-flop clocked by clk)
Endpoint: _2933_ (rising edge-triggered flip-flop clocked by clk)
Path Group: clk
Path Type: min

Fanout         Cap        Slew       Delay        Time   Description
---------------------------------------------------------------------------------------------
                                  0.000000    0.000000   clock clk (rise edge)
                                  0.000000    0.000000   clock source latency
   316    0.813505    3.615377    2.481643    2.481643 ^ clk (in)
                                                         clk (net)
                      3.615456    0.000000    2.481643 ^ _3198_/CLK (sky130_fd_sc_hd__dfxtp_2)
     1    0.003238    0.023594    0.734422    3.216065 v _3198_/Q (sky130_fd_sc_hd__dfxtp_2)
                                                         result_data_w[29] (net)
                      0.023594    0.000016    3.216081 v _1563_/A1 (sky130_fd_sc_hd__o211a_2)
     1    0.001880    0.023714    0.236188    3.452269 v _1563_/X (sky130_fd_sc_hd__o211a_2)
                                                         _0050_ (net)
                      0.023714    0.000002    3.452271 v _2933_/D (sky130_fd_sc_hd__dfxtp_2)
                                              3.452271   data arrival time

                                  0.000000    0.000000   clock clk (rise edge)
                                  0.000000    0.000000   clock source latency
   316    0.813505    3.615377    2.480793    2.480793 ^ clk (in)
                                                         clk (net)
                      3.615447    0.000000    2.480793 ^ _2933_/CLK (sky130_fd_sc_hd__dfxtp_2)
                                  0.250000    2.730793   clock uncertainty
                                  0.000000    2.730793   clock reconvergence pessimism
                                  0.301356    3.032149   library hold time
                                              3.032149   data required time
---------------------------------------------------------------------------------------------
                                              3.032149   data required time
                                             -3.452271   data arrival time
---------------------------------------------------------------------------------------------
                                              0.420122   slack (MET)


Startpoint: _3131_ (rising edge-triggered flip-flop clocked by clk)
Endpoint: _3131_ (rising edge-triggered flip-flop clocked by clk)
Path Group: clk
Path Type: min

Fanout         Cap        Slew       Delay        Time   Description
---------------------------------------------------------------------------------------------
                                  0.000000    0.000000   clock clk (rise edge)
                                  0.000000    0.000000   clock source latency
   316    0.813505    3.615377    2.482480    2.482480 ^ clk (in)
                                                         clk (net)
                      3.615466    0.000000    2.482480 ^ _3131_/CLK (sky130_fd_sc_hd__dfxtp_2)
     2    0.008910    0.035804    0.749934    3.232414 v _3131_/Q (sky130_fd_sc_hd__dfxtp_2)
                                                         u_core.pe_accum[0][30] (net)
                      0.035804    0.000008    3.232421 v _2751_/A1 (sky130_fd_sc_hd__a22o_2)
     1    0.001746    0.034329    0.218018    3.450439 v _2751_/X (sky130_fd_sc_hd__a22o_2)
                                                         _0245_ (net)
                      0.034329    0.000000    3.450439 v _3131_/D (sky130_fd_sc_hd__dfxtp_2)
                                              3.450439   data arrival time

                                  0.000000    0.000000   clock clk (rise edge)
                                  0.000000    0.000000   clock source latency
   316    0.813505    3.615377    2.482480    2.482480 ^ clk (in)
                                                         clk (net)
                      3.615466    0.000000    2.482480 ^ _3131_/CLK (sky130_fd_sc_hd__dfxtp_2)
                                  0.250000    2.732480   clock uncertainty
                                  0.000000    2.732480   clock reconvergence pessimism
                                  0.297146    3.029625   library hold time
                                              3.029625   data required time
---------------------------------------------------------------------------------------------
                                              3.029625   data required time
                                             -3.450439   data arrival time
---------------------------------------------------------------------------------------------
                                              0.420814   slack (MET)


Startpoint: _3174_ (rising edge-triggered flip-flop clocked by clk)
Endpoint: _2909_ (rising edge-triggered flip-flop clocked by clk)
Path Group: clk
Path Type: min

Fanout         Cap        Slew       Delay        Time   Description
---------------------------------------------------------------------------------------------
                                  0.000000    0.000000   clock clk (rise edge)
                                  0.000000    0.000000   clock source latency
   316    0.813505    3.615377    2.509157    2.509157 ^ clk (in)
                                                         clk (net)
                      3.616070    0.000000    2.509157 ^ _3174_/CLK (sky130_fd_sc_hd__dfxtp_2)
     1    0.003366    0.023933    0.734946    3.244103 v _3174_/Q (sky130_fd_sc_hd__dfxtp_2)
                                                         result_data_w[5] (net)
                      0.023933    0.000018    3.244121 v _1515_/A1 (sky130_fd_sc_hd__o211a_2)
     1    0.002191    0.024637    0.237994    3.482116 v _1515_/X (sky130_fd_sc_hd__o211a_2)
                                                         _0026_ (net)
                      0.024637    0.000005    3.482121 v _2909_/D (sky130_fd_sc_hd__dfxtp_2)
                                              3.482121   data arrival time

                                  0.000000    0.000000   clock clk (rise edge)
                                  0.000000    0.000000   clock source latency
   316    0.813505    3.615377    2.508994    2.508994 ^ clk (in)
                                                         clk (net)
                      3.616065    0.000000    2.508994 ^ _2909_/CLK (sky130_fd_sc_hd__dfxtp_2)
                                  0.250000    2.758994   clock uncertainty
                                  0.000000    2.758994   clock reconvergence pessimism
                                  0.301037    3.060030   library hold time
                                              3.060030   data required time
---------------------------------------------------------------------------------------------
                                              3.060030   data required time
                                             -3.482121   data arrival time
---------------------------------------------------------------------------------------------
                                              0.422090   slack (MET)


Startpoint: _3185_ (rising edge-triggered flip-flop clocked by clk)
Endpoint: _2920_ (rising edge-triggered flip-flop clocked by clk)
Path Group: clk
Path Type: min

Fanout         Cap        Slew       Delay        Time   Description
---------------------------------------------------------------------------------------------
                                  0.000000    0.000000   clock clk (rise edge)
                                  0.000000    0.000000   clock source latency
   316    0.813505    3.615377    2.494648    2.494648 ^ clk (in)
                                                         clk (net)
                      3.615669    0.000000    2.494648 ^ _3185_/CLK (sky130_fd_sc_hd__dfxtp_2)
     1    0.004721    0.027355    0.739311    3.233958 v _3185_/Q (sky130_fd_sc_hd__dfxtp_2)
                                                         result_data_w[16] (net)
                      0.027355    0.000038    3.233996 v _1537_/A1 (sky130_fd_sc_hd__o211a_2)
     1    0.001787    0.023440    0.237300    3.471295 v _1537_/X (sky130_fd_sc_hd__o211a_2)
                                                         _0037_ (net)
                      0.023440    0.000001    3.471297 v _2920_/D (sky130_fd_sc_hd__dfxtp_2)
                                              3.471297   data arrival time

                                  0.000000    0.000000   clock clk (rise edge)
                                  0.000000    0.000000   clock source latency
   316    0.813505    3.615377    2.494455    2.494455 ^ clk (in)
                                                         clk (net)
                      3.615665    0.000000    2.494455 ^ _2920_/CLK (sky130_fd_sc_hd__dfxtp_2)
                                  0.250000    2.744455   clock uncertainty
                                  0.000000    2.744455   clock reconvergence pessimism
                                  0.301481    3.045936   library hold time
                                              3.045936   data required time
---------------------------------------------------------------------------------------------
                                              3.045936   data required time
                                             -3.471297   data arrival time
---------------------------------------------------------------------------------------------
                                              0.425360   slack (MET)


Startpoint: _3165_ (rising edge-triggered flip-flop clocked by clk)
Endpoint: _3165_ (rising edge-triggered flip-flop clocked by clk)
Path Group: clk
Path Type: min

Fanout         Cap        Slew       Delay        Time   Description
---------------------------------------------------------------------------------------------
                                  0.000000    0.000000   clock clk (rise edge)
                                  0.000000    0.000000   clock source latency
   316    0.813505    3.615377    2.494602    2.494602 ^ clk (in)
                                                         clk (net)
                      3.615669    0.000000    2.494602 ^ _3165_/CLK (sky130_fd_sc_hd__dfxtp_2)
     5    0.016699    0.092584    0.827806    3.322408 ^ _3165_/Q (sky130_fd_sc_hd__dfxtp_2)
                                                         u_core.pe_array[0].u_pe.tap_count[0] (net)
                      0.092584    0.000024    3.322433 ^ _2843_/B (sky130_fd_sc_hd__nand2_2)
     1    0.002416    0.027625    0.051752    3.374184 v _2843_/Y (sky130_fd_sc_hd__nand2_2)
                                                         _1241_ (net)
                      0.027625    0.000002    3.374186 v _2844_/B1 (sky130_fd_sc_hd__o211a_2)
     1    0.001896    0.023796    0.115785    3.489971 v _2844_/X (sky130_fd_sc_hd__o211a_2)
                                                         _0279_ (net)
                      0.023796    0.000002    3.489973 v _3165_/D (sky130_fd_sc_hd__dfxtp_2)
                                              3.489973   data arrival time

                                  0.000000    0.000000   clock clk (rise edge)
                                  0.000000    0.000000   clock source latency
   316    0.813505    3.615377    2.494602    2.494602 ^ clk (in)
                                                         clk (net)
                      3.615669    0.000000    2.494602 ^ _3165_/CLK (sky130_fd_sc_hd__dfxtp_2)
                                  0.250000    2.744602   clock uncertainty
                                  0.000000    2.744602   clock reconvergence pessimism
                                  0.301340    3.045943   library hold time
                                              3.045943   data required time
---------------------------------------------------------------------------------------------
                                              3.045943   data required time
                                             -3.489973   data arrival time
---------------------------------------------------------------------------------------------
                                              0.444030   slack (MET)


Startpoint: _2892_ (rising edge-triggered flip-flop clocked by clk)
Endpoint: _2894_ (rising edge-triggered flip-flop clocked by clk)
Path Group: clk
Path Type: min

Fanout         Cap        Slew       Delay        Time   Description
---------------------------------------------------------------------------------------------
                                  0.000000    0.000000   clock clk (rise edge)
                                  0.000000    0.000000   clock source latency
   316    0.813505    3.615377    2.509065    2.509065 ^ clk (in)
                                                         clk (net)
                      3.616067    0.000000    2.509065 ^ _2892_/CLK (sky130_fd_sc_hd__dfxtp_2)
     4    0.014208    0.046171    0.762236    3.271301 v _2892_/Q (sky130_fd_sc_hd__dfxtp_2)
                                                         w_load_cnt[1] (net)
                      0.046171    0.000067    3.271368 v _1486_/A1 (sky130_fd_sc_hd__o211a_2)
     1    0.002109    0.024418    0.247065    3.518433 v _1486_/X (sky130_fd_sc_hd__o211a_2)
                                                         _0011_ (net)
                      0.024418    0.000004    3.518437 v _2894_/D (sky130_fd_sc_hd__dfxtp_2)
                                              3.518437   data arrival time

                                  0.000000    0.000000   clock clk (rise edge)
                                  0.000000    0.000000   clock source latency
   316    0.813505    3.615377    2.508893    2.508893 ^ clk (in)
                                                         clk (net)
                      3.616061    0.000000    2.508893 ^ _2894_/CLK (sky130_fd_sc_hd__dfxtp_2)
                                  0.250000    2.758894   clock uncertainty
                                  0.000000    2.758894   clock reconvergence pessimism
                                  0.301123    3.060017   library hold time
                                              3.060017   data required time
---------------------------------------------------------------------------------------------
                                              3.060017   data required time
                                             -3.518437   data arrival time
---------------------------------------------------------------------------------------------
                                              0.458420   slack (MET)


Startpoint: _2939_ (rising edge-triggered flip-flop clocked by clk)
Endpoint: _2936_ (rising edge-triggered flip-flop clocked by clk)
Path Group: clk
Path Type: min

Fanout         Cap        Slew       Delay        Time   Description
---------------------------------------------------------------------------------------------
                                  0.000000    0.000000   clock clk (rise edge)
                                  0.000000    0.000000   clock source latency
   316    0.813505    3.615377    2.508983    2.508983 ^ clk (in)
                                                         clk (net)
                      3.616065    0.000000    2.508983 ^ _2939_/CLK (sky130_fd_sc_hd__dfxtp_2)
     5    0.012353    0.044855    0.758741    3.267723 v _2939_/Q (sky130_fd_sc_hd__dfxtp_2)
                                                         state[2] (net)
                      0.044855    0.000014    3.267737 v _1568_/C (sky130_fd_sc_hd__and3_2)
     1    0.011374    0.057974    0.232239    3.499977 v _1568_/X (sky130_fd_sc_hd__and3_2)
                                                         _0053_ (net)
                      0.057975    0.000405    3.500381 v _2936_/D (sky130_fd_sc_hd__dfxtp_2)
                                              3.500381   data arrival time

                                  0.000000    0.000000   clock clk (rise edge)
                                  0.000000    0.000000   clock source latency
   316    0.813505    3.615377    2.494938    2.494938 ^ clk (in)
                                                         clk (net)
                      3.615676    0.000000    2.494938 ^ _2936_/CLK (sky130_fd_sc_hd__dfxtp_2)
                                  0.250000    2.744938   clock uncertainty
                                  0.000000    2.744938   clock reconvergence pessimism
                                  0.287780    3.032718   library hold time
                                              3.032718   data required time
---------------------------------------------------------------------------------------------
                                              3.032718   data required time
                                             -3.500381   data arrival time
---------------------------------------------------------------------------------------------
                                              0.467663   slack (MET)


Startpoint: _2892_ (rising edge-triggered flip-flop clocked by clk)
Endpoint: _2892_ (rising edge-triggered flip-flop clocked by clk)
Path Group: clk
Path Type: min

Fanout         Cap        Slew       Delay        Time   Description
---------------------------------------------------------------------------------------------
                                  0.000000    0.000000   clock clk (rise edge)
                                  0.000000    0.000000   clock source latency
   316    0.813505    3.615377    2.509065    2.509065 ^ clk (in)
                                                         clk (net)
                      3.616067    0.000000    2.509065 ^ _2892_/CLK (sky130_fd_sc_hd__dfxtp_2)
     4    0.015044    0.084674    0.822106    3.331171 ^ _2892_/Q (sky130_fd_sc_hd__dfxtp_2)
                                                         w_load_cnt[1] (net)
                      0.084674    0.000041    3.331212 ^ _1466_/A (sky130_fd_sc_hd__nand2_2)
     2    0.006478    0.043262    0.058515    3.389727 v _1466_/Y (sky130_fd_sc_hd__nand2_2)
                                                         _1266_ (net)
                      0.043262    0.000000    3.389728 v _1482_/B (sky130_fd_sc_hd__and3_2)
     1    0.001926    0.034157    0.181992    3.571720 v _1482_/X (sky130_fd_sc_hd__and3_2)
                                                         _0009_ (net)
                      0.034157    0.000002    3.571722 v _2892_/D (sky130_fd_sc_hd__dfxtp_2)
                                              3.571722   data arrival time

                                  0.000000    0.000000   clock clk (rise edge)
                                  0.000000    0.000000   clock source latency
   316    0.813505    3.615377    2.509065    2.509065 ^ clk (in)
                                                         clk (net)
                      3.616067    0.000000    2.509065 ^ _2892_/CLK (sky130_fd_sc_hd__dfxtp_2)
                                  0.250000    2.759065   clock uncertainty
                                  0.000000    2.759065   clock reconvergence pessimism
                                  0.297260    3.056325   library hold time
                                              3.056325   data required time
---------------------------------------------------------------------------------------------
                                              3.056325   data required time
                                             -3.571722   data arrival time
---------------------------------------------------------------------------------------------
                                              0.515398   slack (MET)


Startpoint: rst (input port clocked by clk)
Endpoint: _2943_ (rising edge-triggered flip-flop clocked by clk)
Path Group: clk
Path Type: min

Fanout         Cap        Slew       Delay        Time   Description
---------------------------------------------------------------------------------------------
                                  0.000000    0.000000   clock clk (rise edge)
                                  0.000000    0.000000   clock network delay (propagated)
                                  2.000000    2.000000 ^ input external delay
    46    0.265047    1.179859    0.824101    2.824101 ^ rst (in)
                                                         rst (net)
                      1.180440    0.000000    2.824101 ^ _1570_/C (sky130_fd_sc_hd__or4b_2)
     8    0.030745    0.181888    0.390812    3.214913 ^ _1570_/X (sky130_fd_sc_hd__or4b_2)
                                                         _1320_ (net)
                      0.181888    0.000252    3.215165 ^ _1578_/A3 (sky130_fd_sc_hd__a31o_2)
     1    0.001915    0.027815    0.168255    3.383420 ^ _1578_/X (sky130_fd_sc_hd__a31o_2)
                                                         _0057_ (net)
                      0.027815    0.000002    3.383422 ^ _2943_/D (sky130_fd_sc_hd__dfxtp_2)
                                              3.383422   data arrival time

                                  0.000000    0.000000   clock clk (rise edge)
                                  0.000000    0.000000   clock source latency
   316    0.813505    3.615377    2.509073    2.509073 ^ clk (in)
                                                         clk (net)
                      3.616068    0.000000    2.509073 ^ _2943_/CLK (sky130_fd_sc_hd__dfxtp_2)
                                  0.250000    2.759073   clock uncertainty
                                  0.000000    2.759073   clock reconvergence pessimism
                                  0.102090    2.861164   library hold time
                                              2.861164   data required time
---------------------------------------------------------------------------------------------
                                              2.861164   data required time
                                             -3.383422   data arrival time
---------------------------------------------------------------------------------------------
                                              0.522258   slack (MET)


Startpoint: rst (input port clocked by clk)
Endpoint: _2940_ (rising edge-triggered flip-flop clocked by clk)
Path Group: clk
Path Type: min

Fanout         Cap        Slew       Delay        Time   Description
---------------------------------------------------------------------------------------------
                                  0.000000    0.000000   clock clk (rise edge)
                                  0.000000    0.000000   clock network delay (propagated)
                                  2.000000    2.000000 ^ input external delay
    46    0.265047    1.179859    0.824101    2.824101 ^ rst (in)
                                                         rst (net)
                      1.180440    0.000000    2.824101 ^ _1570_/C (sky130_fd_sc_hd__or4b_2)
     8    0.030745    0.181888    0.390812    3.214913 ^ _1570_/X (sky130_fd_sc_hd__or4b_2)
                                                         _1320_ (net)
                      0.181888    0.000258    3.215171 ^ _1572_/A3 (sky130_fd_sc_hd__a31o_2)
     1    0.001842    0.027452    0.167834    3.383005 ^ _1572_/X (sky130_fd_sc_hd__a31o_2)
                                                         _0054_ (net)
                      0.027452    0.000001    3.383006 ^ _2940_/D (sky130_fd_sc_hd__dfxtp_2)
                                              3.383006   data arrival time

                                  0.000000    0.000000   clock clk (rise edge)
                                  0.000000    0.000000   clock source latency
   316    0.813505    3.615377    2.508408    2.508408 ^ clk (in)
                                                         clk (net)
                      3.616045    0.000000    2.508408 ^ _2940_/CLK (sky130_fd_sc_hd__dfxtp_2)
                                  0.250000    2.758408   clock uncertainty
                                  0.000000    2.758408   clock reconvergence pessimism
                                  0.102155    2.860563   library hold time
                                              2.860563   data required time
---------------------------------------------------------------------------------------------
                                              2.860563   data required time
                                             -3.383006   data arrival time
---------------------------------------------------------------------------------------------
                                              0.522443   slack (MET)


Startpoint: rst (input port clocked by clk)
Endpoint: _2944_ (rising edge-triggered flip-flop clocked by clk)
Path Group: clk
Path Type: min

Fanout         Cap        Slew       Delay        Time   Description
---------------------------------------------------------------------------------------------
                                  0.000000    0.000000   clock clk (rise edge)
                                  0.000000    0.000000   clock network delay (propagated)
                                  2.000000    2.000000 ^ input external delay
    46    0.265047    1.179859    0.824101    2.824101 ^ rst (in)
                                                         rst (net)
                      1.180440    0.000000    2.824101 ^ _1570_/C (sky130_fd_sc_hd__or4b_2)
     8    0.030745    0.181888    0.390812    3.214913 ^ _1570_/X (sky130_fd_sc_hd__or4b_2)
                                                         _1320_ (net)
                      0.181888    0.000308    3.215222 ^ _1580_/A3 (sky130_fd_sc_hd__a31o_2)
     1    0.001907    0.027777    0.168212    3.383434 ^ _1580_/X (sky130_fd_sc_hd__a31o_2)
                                                         _0058_ (net)
                      0.027777    0.000002    3.383435 ^ _2944_/D (sky130_fd_sc_hd__dfxtp_2)
                                              3.383435   data arrival time

                                  0.000000    0.000000   clock clk (rise edge)
                                  0.000000    0.000000   clock source latency
   316    0.813505    3.615377    2.508574    2.508574 ^ clk (in)
                                                         clk (net)
                      3.616051    0.000000    2.508574 ^ _2944_/CLK (sky130_fd_sc_hd__dfxtp_2)
                                  0.250000    2.758574   clock uncertainty
                                  0.000000    2.758574   clock reconvergence pessimism
                                  0.102097    2.860671   library hold time
                                              2.860671   data required time
---------------------------------------------------------------------------------------------
                                              2.860671   data required time
                                             -3.383435   data arrival time
---------------------------------------------------------------------------------------------
                                              0.522765   slack (MET)


Startpoint: rst (input port clocked by clk)
Endpoint: _2947_ (rising edge-triggered flip-flop clocked by clk)
Path Group: clk
Path Type: min

Fanout         Cap        Slew       Delay        Time   Description
---------------------------------------------------------------------------------------------
                                  0.000000    0.000000   clock clk (rise edge)
                                  0.000000    0.000000   clock network delay (propagated)
                                  2.000000    2.000000 ^ input external delay
    46    0.265047    1.179859    0.824101    2.824101 ^ rst (in)
                                                         rst (net)
                      1.180440    0.000000    2.824101 ^ _1570_/C (sky130_fd_sc_hd__or4b_2)
     8    0.030745    0.181888    0.390812    3.214913 ^ _1570_/X (sky130_fd_sc_hd__or4b_2)
                                                         _1320_ (net)
                      0.181888    0.000218    3.215131 ^ _1586_/A3 (sky130_fd_sc_hd__a31o_2)
     1    0.001945    0.027969    0.168434    3.383565 ^ _1586_/X (sky130_fd_sc_hd__a31o_2)
                                                         _0061_ (net)
                      0.027969    0.000003    3.383568 ^ _2947_/D (sky130_fd_sc_hd__dfxtp_2)
                                              3.383568   data arrival time

                                  0.000000    0.000000   clock clk (rise edge)
                                  0.000000    0.000000   clock source latency
   316    0.813505    3.615377    2.508615    2.508615 ^ clk (in)
                                                         clk (net)
                      3.616052    0.000000    2.508615 ^ _2947_/CLK (sky130_fd_sc_hd__dfxtp_2)
                                  0.250000    2.758615   clock uncertainty
                                  0.000000    2.758615   clock reconvergence pessimism
                                  0.102062    2.860677   library hold time
                                              2.860677   data required time
---------------------------------------------------------------------------------------------
                                              2.860677   data required time
                                             -3.383568   data arrival time
---------------------------------------------------------------------------------------------
                                              0.522890   slack (MET)


Startpoint: rst (input port clocked by clk)
Endpoint: _2946_ (rising edge-triggered flip-flop clocked by clk)
Path Group: clk
Path Type: min

Fanout         Cap        Slew       Delay        Time   Description
---------------------------------------------------------------------------------------------
                                  0.000000    0.000000   clock clk (rise edge)
                                  0.000000    0.000000   clock network delay (propagated)
                                  2.000000    2.000000 ^ input external delay
    46    0.265047    1.179859    0.824101    2.824101 ^ rst (in)
                                                         rst (net)
                      1.180440    0.000000    2.824101 ^ _1570_/C (sky130_fd_sc_hd__or4b_2)
     8    0.030745    0.181888    0.390812    3.214913 ^ _1570_/X (sky130_fd_sc_hd__or4b_2)
                                                         _1320_ (net)
                      0.181888    0.000398    3.215311 ^ _1584_/A3 (sky130_fd_sc_hd__a31o_2)
     1    0.002063    0.028561    0.169116    3.384427 ^ _1584_/X (sky130_fd_sc_hd__a31o_2)
                                                         _0060_ (net)
                      0.028561    0.000003    3.384430 ^ _2946_/D (sky130_fd_sc_hd__dfxtp_2)
                                              3.384430   data arrival time

                                  0.000000    0.000000   clock clk (rise edge)
                                  0.000000    0.000000   clock source latency
   316    0.813505    3.615377    2.509501    2.509501 ^ clk (in)
                                                         clk (net)
                      3.616082    0.000000    2.509501 ^ _2946_/CLK (sky130_fd_sc_hd__dfxtp_2)
                                  0.250000    2.759501   clock uncertainty
                                  0.000000    2.759501   clock reconvergence pessimism
                                  0.101957    2.861458   library hold time
                                              2.861458   data required time
---------------------------------------------------------------------------------------------
                                              2.861458   data required time
                                             -3.384430   data arrival time
---------------------------------------------------------------------------------------------
                                              0.522973   slack (MET)


Startpoint: rst (input port clocked by clk)
Endpoint: _2942_ (rising edge-triggered flip-flop clocked by clk)
Path Group: clk
Path Type: min

Fanout         Cap        Slew       Delay        Time   Description
---------------------------------------------------------------------------------------------
                                  0.000000    0.000000   clock clk (rise edge)
                                  0.000000    0.000000   clock network delay (propagated)
                                  2.000000    2.000000 ^ input external delay
    46    0.265047    1.179859    0.824101    2.824101 ^ rst (in)
                                                         rst (net)
                      1.180440    0.000000    2.824101 ^ _1570_/C (sky130_fd_sc_hd__or4b_2)
     8    0.030745    0.181888    0.390812    3.214913 ^ _1570_/X (sky130_fd_sc_hd__or4b_2)
                                                         _1320_ (net)
                      0.181888    0.000298    3.215211 ^ _1576_/A3 (sky130_fd_sc_hd__a31o_2)
     1    0.001938    0.027934    0.168393    3.383604 ^ _1576_/X (sky130_fd_sc_hd__a31o_2)
                                                         _0056_ (net)
                      0.027934    0.000002    3.383607 ^ _2942_/D (sky130_fd_sc_hd__dfxtp_2)
                                              3.383607   data arrival time

                                  0.000000    0.000000   clock clk (rise edge)
                                  0.000000    0.000000   clock source latency
   316    0.813505    3.615377    2.508487    2.508487 ^ clk (in)
                                                         clk (net)
                      3.616048    0.000000    2.508487 ^ _2942_/CLK (sky130_fd_sc_hd__dfxtp_2)
                                  0.250000    2.758487   clock uncertainty
                                  0.000000    2.758487   clock reconvergence pessimism
                                  0.102069    2.860556   library hold time
                                              2.860556   data required time
---------------------------------------------------------------------------------------------
                                              2.860556   data required time
                                             -3.383607   data arrival time
---------------------------------------------------------------------------------------------
                                              0.523050   slack (MET)


Startpoint: rst (input port clocked by clk)
Endpoint: _2945_ (rising edge-triggered flip-flop clocked by clk)
Path Group: clk
Path Type: min

Fanout         Cap        Slew       Delay        Time   Description
---------------------------------------------------------------------------------------------
                                  0.000000    0.000000   clock clk (rise edge)
                                  0.000000    0.000000   clock network delay (propagated)
                                  2.000000    2.000000 ^ input external delay
    46    0.265047    1.179859    0.824101    2.824101 ^ rst (in)
                                                         rst (net)
                      1.180440    0.000000    2.824101 ^ _1570_/C (sky130_fd_sc_hd__or4b_2)
     8    0.030745    0.181888    0.390812    3.214913 ^ _1570_/X (sky130_fd_sc_hd__or4b_2)
                                                         _1320_ (net)
                      0.181888    0.000395    3.215308 ^ _1582_/A3 (sky130_fd_sc_hd__a31o_2)
     1    0.002089    0.028690    0.169264    3.384572 ^ _1582_/X (sky130_fd_sc_hd__a31o_2)
                                                         _0059_ (net)
                      0.028690    0.000003    3.384576 ^ _2945_/D (sky130_fd_sc_hd__dfxtp_2)
                                              3.384576   data arrival time

                                  0.000000    0.000000   clock clk (rise edge)
                                  0.000000    0.000000   clock source latency
   316    0.813505    3.615377    2.509501    2.509501 ^ clk (in)
                                                         clk (net)
                      3.616082    0.000000    2.509501 ^ _2945_/CLK (sky130_fd_sc_hd__dfxtp_2)
                                  0.250000    2.759501   clock uncertainty
                                  0.000000    2.759501   clock reconvergence pessimism
                                  0.101933    2.861435   library hold time
                                              2.861435   data required time
---------------------------------------------------------------------------------------------
                                              2.861435   data required time
                                             -3.384576   data arrival time
---------------------------------------------------------------------------------------------
                                              0.523141   slack (MET)


Startpoint: rst (input port clocked by clk)
Endpoint: _2941_ (rising edge-triggered flip-flop clocked by clk)
Path Group: clk
Path Type: min

Fanout         Cap        Slew       Delay        Time   Description
---------------------------------------------------------------------------------------------
                                  0.000000    0.000000   clock clk (rise edge)
                                  0.000000    0.000000   clock network delay (propagated)
                                  2.000000    2.000000 ^ input external delay
    46    0.265047    1.179859    0.824101    2.824101 ^ rst (in)
                                                         rst (net)
                      1.180440    0.000000    2.824101 ^ _1570_/C (sky130_fd_sc_hd__or4b_2)
     8    0.030745    0.181888    0.390812    3.214913 ^ _1570_/X (sky130_fd_sc_hd__or4b_2)
                                                         _1320_ (net)
                      0.181888    0.000282    3.215195 ^ _1574_/A3 (sky130_fd_sc_hd__a31o_2)
     1    0.002009    0.028288    0.168801    3.383996 ^ _1574_/X (sky130_fd_sc_hd__a31o_2)
                                                         _0055_ (net)
                      0.028288    0.000003    3.383999 ^ _2941_/D (sky130_fd_sc_hd__dfxtp_2)
                                              3.383999   data arrival time

                                  0.000000    0.000000   clock clk (rise edge)
                                  0.000000    0.000000   clock source latency
   316    0.813505    3.615377    2.508445    2.508445 ^ clk (in)
                                                         clk (net)
                      3.616046    0.000000    2.508445 ^ _2941_/CLK (sky130_fd_sc_hd__dfxtp_2)
                                  0.250000    2.758445   clock uncertainty
                                  0.000000    2.758445   clock reconvergence pessimism
                                  0.102005    2.860450   library hold time
                                              2.860450   data required time
---------------------------------------------------------------------------------------------
                                              2.860450   data required time
                                             -3.383999   data arrival time
---------------------------------------------------------------------------------------------
                                              0.523549   slack (MET)


Startpoint: _2938_ (rising edge-triggered flip-flop clocked by clk)
Endpoint: _2938_ (rising edge-triggered flip-flop clocked by clk)
Path Group: clk
Path Type: min

Fanout         Cap        Slew       Delay        Time   Description
---------------------------------------------------------------------------------------------
                                  0.000000    0.000000   clock clk (rise edge)
                                  0.000000    0.000000   clock source latency
   316    0.813505    3.615377    2.508801    2.508801 ^ clk (in)
                                                         clk (net)
                      3.616058    0.000000    2.508801 ^ _2938_/CLK (sky130_fd_sc_hd__dfxtp_2)
     3    0.007572    0.034562    0.746609    3.255410 v _2938_/Q (sky130_fd_sc_hd__dfxtp_2)
                                                         state[1] (net)
                      0.034562    0.000009    3.255419 v _1450_/B (sky130_fd_sc_hd__and2b_2)
     1    0.002384    0.034072    0.177537    3.432957 v _1450_/X (sky130_fd_sc_hd__and2b_2)
                                                         _1254_ (net)
                      0.034072    0.000002    3.432959 v _1453_/A1 (sky130_fd_sc_hd__o21a_2)
     1    0.001979    0.031370    0.192986    3.625945 v _1453_/X (sky130_fd_sc_hd__o21a_2)
                                                         _0001_ (net)
                      0.031370    0.000003    3.625948 v _2938_/D (sky130_fd_sc_hd__dfxtp_2)
                                              3.625948   data arrival time

                                  0.000000    0.000000   clock clk (rise edge)
                                  0.000000    0.000000   clock source latency
   316    0.813505    3.615377    2.508801    2.508801 ^ clk (in)
                                                         clk (net)
                      3.616058    0.000000    2.508801 ^ _2938_/CLK (sky130_fd_sc_hd__dfxtp_2)
                                  0.250000    2.758801   clock uncertainty
                                  0.000000    2.758801   clock reconvergence pessimism
                                  0.298365    3.057166   library hold time
                                              3.057166   data required time
---------------------------------------------------------------------------------------------
                                              3.057166   data required time
                                             -3.625948   data arrival time
---------------------------------------------------------------------------------------------
                                              0.568782   slack (MET)


Startpoint: _3163_ (rising edge-triggered flip-flop clocked by clk)
Endpoint: _3163_ (rising edge-triggered flip-flop clocked by clk)
Path Group: clk
Path Type: min

Fanout         Cap        Slew       Delay        Time   Description
---------------------------------------------------------------------------------------------
                                  0.000000    0.000000   clock clk (rise edge)
                                  0.000000    0.000000   clock source latency
   316    0.813505    3.615377    2.482534    2.482534 ^ clk (in)
                                                         clk (net)
                      3.615466    0.000000    2.482534 ^ _3163_/CLK (sky130_fd_sc_hd__dfxtp_2)
     3    0.017642    0.053001    0.768655    3.251190 v _3163_/Q (sky130_fd_sc_hd__dfxtp_2)
                                                         u_core.pe_array[0].u_pe.accum_reg[30] (net)
                      0.053001    0.000023    3.251213 v _2839_/A2 (sky130_fd_sc_hd__a22o_2)
     1    0.001653    0.034412    0.245560    3.496773 v _2839_/X (sky130_fd_sc_hd__a22o_2)
                                                         _1239_ (net)
                      0.034412    0.000002    3.496775 v _2840_/B (sky130_fd_sc_hd__and2_2)
     1    0.001909    0.034438    0.173449    3.670223 v _2840_/X (sky130_fd_sc_hd__and2_2)
                                                         _0277_ (net)
                      0.034438    0.000002    3.670225 v _3163_/D (sky130_fd_sc_hd__dfxtp_2)
                                              3.670225   data arrival time

                                  0.000000    0.000000   clock clk (rise edge)
                                  0.000000    0.000000   clock source latency
   316    0.813505    3.615377    2.482534    2.482534 ^ clk (in)
                                                         clk (net)
                      3.615466    0.000000    2.482534 ^ _3163_/CLK (sky130_fd_sc_hd__dfxtp_2)
                                  0.250000    2.732534   clock uncertainty
                                  0.000000    2.732534   clock reconvergence pessimism
                                  0.297102    3.029637   library hold time
                                              3.029637   data required time
---------------------------------------------------------------------------------------------
                                              3.029637   data required time
                                             -3.670225   data arrival time
---------------------------------------------------------------------------------------------
                                              0.640588   slack (MET)


Startpoint: _3145_ (rising edge-triggered flip-flop clocked by clk)
Endpoint: _3145_ (rising edge-triggered flip-flop clocked by clk)
Path Group: clk
Path Type: min

Fanout         Cap        Slew       Delay        Time   Description
---------------------------------------------------------------------------------------------
                                  0.000000    0.000000   clock clk (rise edge)
                                  0.000000    0.000000   clock source latency
   316    0.813505    3.615377    2.485743    2.485743 ^ clk (in)
                                                         clk (net)
                      3.615509    0.000000    2.485743 ^ _3145_/CLK (sky130_fd_sc_hd__dfxtp_2)
     3    0.018674    0.055086    0.770532    3.256275 v _3145_/Q (sky130_fd_sc_hd__dfxtp_2)
                                                         u_core.pe_array[0].u_pe.accum_reg[12] (net)
                      0.055086    0.000030    3.256305 v _2800_/A2 (sky130_fd_sc_hd__a22o_2)
     1    0.001442    0.033755    0.245275    3.501580 v _2800_/X (sky130_fd_sc_hd__a22o_2)
                                                         _1218_ (net)
                      0.033755    0.000000    3.501580 v _2801_/B (sky130_fd_sc_hd__and2_2)
     1    0.001911    0.034444    0.173168    3.674748 v _2801_/X (sky130_fd_sc_hd__and2_2)
                                                         _0259_ (net)
                      0.034444    0.000002    3.674750 v _3145_/D (sky130_fd_sc_hd__dfxtp_2)
                                              3.674750   data arrival time

                                  0.000000    0.000000   clock clk (rise edge)
                                  0.000000    0.000000   clock source latency
   316    0.813505    3.615377    2.485743    2.485743 ^ clk (in)
                                                         clk (net)
                      3.615509    0.000000    2.485743 ^ _3145_/CLK (sky130_fd_sc_hd__dfxtp_2)
                                  0.250000    2.735743   clock uncertainty
                                  0.000000    2.735743   clock reconvergence pessimism
                                  0.297103    3.032846   library hold time
                                              3.032846   data required time
---------------------------------------------------------------------------------------------
                                              3.032846   data required time
                                             -3.674750   data arrival time
---------------------------------------------------------------------------------------------
                                              0.641904   slack (MET)


Startpoint: _3147_ (rising edge-triggered flip-flop clocked by clk)
Endpoint: _3147_ (rising edge-triggered flip-flop clocked by clk)
Path Group: clk
Path Type: min

Fanout         Cap        Slew       Delay        Time   Description
---------------------------------------------------------------------------------------------
                                  0.000000    0.000000   clock clk (rise edge)
                                  0.000000    0.000000   clock source latency
   316    0.813505    3.615377    2.485256    2.485256 ^ clk (in)
                                                         clk (net)
                      3.615502    0.000000    2.485256 ^ _3147_/CLK (sky130_fd_sc_hd__dfxtp_2)
     3    0.019279    0.056334    0.771670    3.256926 v _3147_/Q (sky130_fd_sc_hd__dfxtp_2)
                                                         u_core.pe_array[0].u_pe.accum_reg[14] (net)
                      0.056334    0.000035    3.256961 v _2805_/A2 (sky130_fd_sc_hd__a22o_2)
     1    0.001479    0.033794    0.246001    3.502962 v _2805_/X (sky130_fd_sc_hd__a22o_2)
                                                         _1221_ (net)
                      0.033794    0.000000    3.502962 v _2806_/B (sky130_fd_sc_hd__and2_2)
     1    0.001822    0.034174    0.172776    3.675738 v _2806_/X (sky130_fd_sc_hd__and2_2)
                                                         _0261_ (net)
                      0.034174    0.000001    3.675739 v _3147_/D (sky130_fd_sc_hd__dfxtp_2)
                                              3.675739   data arrival time

                                  0.000000    0.000000   clock clk (rise edge)
                                  0.000000    0.000000   clock source latency
   316    0.813505    3.615377    2.485256    2.485256 ^ clk (in)
                                                         clk (net)
                      3.615502    0.000000    2.485256 ^ _3147_/CLK (sky130_fd_sc_hd__dfxtp_2)
                                  0.250000    2.735256   clock uncertainty
                                  0.000000    2.735256   clock reconvergence pessimism
                                  0.297210    3.032466   library hold time
                                              3.032466   data required time
---------------------------------------------------------------------------------------------
                                              3.032466   data required time
                                             -3.675739   data arrival time
---------------------------------------------------------------------------------------------
                                              0.643273   slack (MET)


Startpoint: _2936_ (rising edge-triggered flip-flop clocked by clk)
Endpoint: _2948_ (rising edge-triggered flip-flop clocked by clk)
Path Group: clk
Path Type: min

Fanout         Cap        Slew       Delay        Time   Description
---------------------------------------------------------------------------------------------
                                  0.000000    0.000000   clock clk (rise edge)
                                  0.000000    0.000000   clock source latency
   316    0.813505    3.615377    2.494938    2.494938 ^ clk (in)
                                                         clk (net)
                      3.615676    0.000000    2.494938 ^ _2936_/CLK (sky130_fd_sc_hd__dfxtp_2)
     9    0.035090    0.090198    0.801636    3.296574 v _2936_/Q (sky130_fd_sc_hd__dfxtp_2)
                                                         u_core.pe_array[0].u_pe.valid_in (net)
                      0.090198    0.000337    3.296912 v _1589_/A (sky130_fd_sc_hd__and3_2)
    33    0.106454    0.249550    0.394083    3.690995 v _1589_/X (sky130_fd_sc_hd__and3_2)
                                                         _0062_ (net)
                      0.249555    0.001482    3.692477 v _2948_/D (sky130_fd_sc_hd__dfxtp_2)
                                              3.692477   data arrival time

                                  0.000000    0.000000   clock clk (rise edge)
                                  0.000000    0.000000   clock source latency
   316    0.813505    3.615377    2.508699    2.508699 ^ clk (in)
                                                         clk (net)
                      3.616055    0.000000    2.508699 ^ _2948_/CLK (sky130_fd_sc_hd__dfxtp_2)
                                  0.250000    2.758699   clock uncertainty
                                  0.000000    2.758699   clock reconvergence pessimism
                                  0.211798    2.970497   library hold time
                                              2.970497   data required time
---------------------------------------------------------------------------------------------
                                              2.970497   data required time
                                             -3.692477   data arrival time
---------------------------------------------------------------------------------------------
                                              0.721980   slack (MET)


Startpoint: _2989_ (rising edge-triggered flip-flop clocked by clk)
Endpoint: s_rdata[30] (output port clocked by clk)
Path Group: clk
Path Type: min

Fanout         Cap        Slew       Delay        Time   Description
---------------------------------------------------------------------------------------------
                                  0.000000    0.000000   clock clk (rise edge)
                                  0.000000    0.000000   clock source latency
   316    0.813505    3.615377    2.473860    2.473860 ^ clk (in)
                                                         clk (net)
                      3.615393    0.000000    2.473860 ^ _2989_/CLK (sky130_fd_sc_hd__dfxtp_2)
     2    0.036464    0.091292    0.804131    3.277992 v _2989_/Q (sky130_fd_sc_hd__dfxtp_2)
                                                         s_rdata[30] (net)
                      0.091292    0.000267    3.278258 v s_rdata[30] (out)
                                              3.278258   data arrival time

                                  0.000000    0.000000   clock clk (rise edge)
                                  0.000000    0.000000   clock network delay (propagated)
                                  0.250000    0.250000   clock uncertainty
                                  0.000000    0.250000   clock reconvergence pessimism
                                 -2.000000   -1.750000   output external delay
                                             -1.750000   data required time
---------------------------------------------------------------------------------------------
                                             -1.750000   data required time
                                             -3.278258   data arrival time
---------------------------------------------------------------------------------------------
                                              5.028258   slack (MET)


Startpoint: _2985_ (rising edge-triggered flip-flop clocked by clk)
Endpoint: s_rdata[26] (output port clocked by clk)
Path Group: clk
Path Type: min

Fanout         Cap        Slew       Delay        Time   Description
---------------------------------------------------------------------------------------------
                                  0.000000    0.000000   clock clk (rise edge)
                                  0.000000    0.000000   clock source latency
   316    0.813505    3.615377    2.475227    2.475227 ^ clk (in)
                                                         clk (net)
                      3.615401    0.000000    2.475227 ^ _2985_/CLK (sky130_fd_sc_hd__dfxtp_2)
     2    0.037846    0.094276    0.806247    3.281474 v _2985_/Q (sky130_fd_sc_hd__dfxtp_2)
                                                         s_rdata[26] (net)
                      0.094276    0.000538    3.282012 v s_rdata[26] (out)
                                              3.282012   data arrival time

                                  0.000000    0.000000   clock clk (rise edge)
                                  0.000000    0.000000   clock network delay (propagated)
                                  0.250000    0.250000   clock uncertainty
                                  0.000000    0.250000   clock reconvergence pessimism
                                 -2.000000   -1.750000   output external delay
                                             -1.750000   data required time
---------------------------------------------------------------------------------------------
                                             -1.750000   data required time
                                             -3.282012   data arrival time
---------------------------------------------------------------------------------------------
                                              5.032012   slack (MET)


Startpoint: _2976_ (rising edge-triggered flip-flop clocked by clk)
Endpoint: s_rdata[17] (output port clocked by clk)
Path Group: clk
Path Type: min

Fanout         Cap        Slew       Delay        Time   Description
---------------------------------------------------------------------------------------------
                                  0.000000    0.000000   clock clk (rise edge)
                                  0.000000    0.000000   clock source latency
   316    0.813505    3.615377    2.478332    2.478332 ^ clk (in)
                                                         clk (net)
                      3.615423    0.000000    2.478332 ^ _2976_/CLK (sky130_fd_sc_hd__dfxtp_2)
     2    0.036604    0.091613    0.804305    3.282637 v _2976_/Q (sky130_fd_sc_hd__dfxtp_2)
                                                         s_rdata[17] (net)
                      0.091613    0.000358    3.282995 v s_rdata[17] (out)
                                              3.282995   data arrival time

                                  0.000000    0.000000   clock clk (rise edge)
                                  0.000000    0.000000   clock network delay (propagated)
                                  0.250000    0.250000   clock uncertainty
                                  0.000000    0.250000   clock reconvergence pessimism
                                 -2.000000   -1.750000   output external delay
                                             -1.750000   data required time
---------------------------------------------------------------------------------------------
                                             -1.750000   data required time
                                             -3.282995   data arrival time
---------------------------------------------------------------------------------------------
                                              5.032996   slack (MET)


Startpoint: _2981_ (rising edge-triggered flip-flop clocked by clk)
Endpoint: s_rdata[22] (output port clocked by clk)
Path Group: clk
Path Type: min

Fanout         Cap        Slew       Delay        Time   Description
---------------------------------------------------------------------------------------------
                                  0.000000    0.000000   clock clk (rise edge)
                                  0.000000    0.000000   clock source latency
   316    0.813505    3.615377    2.478346    2.478346 ^ clk (in)
                                                         clk (net)
                      3.615423    0.000000    2.478346 ^ _2981_/CLK (sky130_fd_sc_hd__dfxtp_2)
     2    0.036612    0.091629    0.804321    3.282667 v _2981_/Q (sky130_fd_sc_hd__dfxtp_2)
                                                         s_rdata[22] (net)
                      0.091629    0.000354    3.283021 v s_rdata[22] (out)
                                              3.283021   data arrival time

                                  0.000000    0.000000   clock clk (rise edge)
                                  0.000000    0.000000   clock network delay (propagated)
                                  0.250000    0.250000   clock uncertainty
                                  0.000000    0.250000   clock reconvergence pessimism
                                 -2.000000   -1.750000   output external delay
                                             -1.750000   data required time
---------------------------------------------------------------------------------------------
                                             -1.750000   data required time
                                             -3.283021   data arrival time
---------------------------------------------------------------------------------------------
                                              5.033021   slack (MET)


Startpoint: _2988_ (rising edge-triggered flip-flop clocked by clk)
Endpoint: s_rdata[29] (output port clocked by clk)
Path Group: clk
Path Type: min

Fanout         Cap        Slew       Delay        Time   Description
---------------------------------------------------------------------------------------------
                                  0.000000    0.000000   clock clk (rise edge)
                                  0.000000    0.000000   clock source latency
   316    0.813505    3.615377    2.477662    2.477662 ^ clk (in)
                                                         clk (net)
                      3.615418    0.000000    2.477662 ^ _2988_/CLK (sky130_fd_sc_hd__dfxtp_2)
     2    0.037213    0.092917    0.805265    3.282927 v _2988_/Q (sky130_fd_sc_hd__dfxtp_2)
                                                         s_rdata[29] (net)
                      0.092917    0.000436    3.283363 v s_rdata[29] (out)
                                              3.283363   data arrival time

                                  0.000000    0.000000   clock clk (rise edge)
                                  0.000000    0.000000   clock network delay (propagated)
                                  0.250000    0.250000   clock uncertainty
                                  0.000000    0.250000   clock reconvergence pessimism
                                 -2.000000   -1.750000   output external delay
                                             -1.750000   data required time
---------------------------------------------------------------------------------------------
                                             -1.750000   data required time
                                             -3.283363   data arrival time
---------------------------------------------------------------------------------------------
                                              5.033362   slack (MET)


Startpoint: _2983_ (rising edge-triggered flip-flop clocked by clk)
Endpoint: s_rdata[24] (output port clocked by clk)
Path Group: clk
Path Type: min

Fanout         Cap        Slew       Delay        Time   Description
---------------------------------------------------------------------------------------------
                                  0.000000    0.000000   clock clk (rise edge)
                                  0.000000    0.000000   clock source latency
   316    0.813505    3.615377    2.478105    2.478105 ^ clk (in)
                                                         clk (net)
                      3.615421    0.000000    2.478105 ^ _2983_/CLK (sky130_fd_sc_hd__dfxtp_2)
     2    0.037130    0.092755    0.805094    3.283199 v _2983_/Q (sky130_fd_sc_hd__dfxtp_2)
                                                         s_rdata[24] (net)
                      0.092755    0.000488    3.283687 v s_rdata[24] (out)
                                              3.283687   data arrival time

                                  0.000000    0.000000   clock clk (rise edge)
                                  0.000000    0.000000   clock network delay (propagated)
                                  0.250000    0.250000   clock uncertainty
                                  0.000000    0.250000   clock reconvergence pessimism
                                 -2.000000   -1.750000   output external delay
                                             -1.750000   data required time
---------------------------------------------------------------------------------------------
                                             -1.750000   data required time
                                             -3.283687   data arrival time
---------------------------------------------------------------------------------------------
                                              5.033687   slack (MET)


Startpoint: _2987_ (rising edge-triggered flip-flop clocked by clk)
Endpoint: s_rdata[28] (output port clocked by clk)
Path Group: clk
Path Type: min

Fanout         Cap        Slew       Delay        Time   Description
---------------------------------------------------------------------------------------------
                                  0.000000    0.000000   clock clk (rise edge)
                                  0.000000    0.000000   clock source latency
   316    0.813505    3.615377    2.480459    2.480459 ^ clk (in)
                                                         clk (net)
                      3.615443    0.000000    2.480459 ^ _2987_/CLK (sky130_fd_sc_hd__dfxtp_2)
     2    0.037150    0.092711    0.805334    3.285794 v _2987_/Q (sky130_fd_sc_hd__dfxtp_2)
                                                         s_rdata[28] (net)
                      0.092711    0.000180    3.285974 v s_rdata[28] (out)
                                              3.285974   data arrival time

                                  0.000000    0.000000   clock clk (rise edge)
                                  0.000000    0.000000   clock network delay (propagated)
                                  0.250000    0.250000   clock uncertainty
                                  0.000000    0.250000   clock reconvergence pessimism
                                 -2.000000   -1.750000   output external delay
                                             -1.750000   data required time
---------------------------------------------------------------------------------------------
                                             -1.750000   data required time
                                             -3.285974   data arrival time
---------------------------------------------------------------------------------------------
                                              5.035974   slack (MET)


Startpoint: _2986_ (rising edge-triggered flip-flop clocked by clk)
Endpoint: s_rdata[27] (output port clocked by clk)
Path Group: clk
Path Type: min

Fanout         Cap        Slew       Delay        Time   Description
---------------------------------------------------------------------------------------------
                                  0.000000    0.000000   clock clk (rise edge)
                                  0.000000    0.000000   clock source latency
   316    0.813505    3.615377    2.484432    2.484432 ^ clk (in)
                                                         clk (net)
                      3.615490    0.000000    2.484432 ^ _2986_/CLK (sky130_fd_sc_hd__dfxtp_2)
     2    0.035791    0.089873    0.803118    3.287549 v _2986_/Q (sky130_fd_sc_hd__dfxtp_2)
                                                         s_rdata[27] (net)
                      0.089873    0.000104    3.287654 v s_rdata[27] (out)
                                              3.287654   data arrival time

                                  0.000000    0.000000   clock clk (rise edge)
                                  0.000000    0.000000   clock network delay (propagated)
                                  0.250000    0.250000   clock uncertainty
                                  0.000000    0.250000   clock reconvergence pessimism
                                 -2.000000   -1.750000   output external delay
                                             -1.750000   data required time
---------------------------------------------------------------------------------------------
                                             -1.750000   data required time
                                             -3.287654   data arrival time
---------------------------------------------------------------------------------------------
                                              5.037654   slack (MET)


Startpoint: _2958_ (rising edge-triggered flip-flop clocked by clk)
Endpoint: s_rvalid (output port clocked by clk)
Path Group: clk
Path Type: min

Fanout         Cap        Slew       Delay        Time   Description
---------------------------------------------------------------------------------------------
                                  0.000000    0.000000   clock clk (rise edge)
                                  0.000000    0.000000   clock source latency
   316    0.813505    3.615377    2.478035    2.478035 ^ clk (in)
                                                         clk (net)
                      3.615421    0.000000    2.478035 ^ _2958_/CLK (sky130_fd_sc_hd__dfxtp_2)
     4    0.040636    0.100129    0.810938    3.288973 v _2958_/Q (sky130_fd_sc_hd__dfxtp_2)
                                                         s_rvalid (net)
                      0.100129    0.000458    3.289431 v s_rvalid (out)
                                              3.289431   data arrival time

                                  0.000000    0.000000   clock clk (rise edge)
                                  0.000000    0.000000   clock network delay (propagated)
                                  0.250000    0.250000   clock uncertainty
                                  0.000000    0.250000   clock reconvergence pessimism
                                 -2.000000   -1.750000   output external delay
                                             -1.750000   data required time
---------------------------------------------------------------------------------------------
                                             -1.750000   data required time
                                             -3.289431   data arrival time
---------------------------------------------------------------------------------------------
                                              5.039431   slack (MET)


Startpoint: _2984_ (rising edge-triggered flip-flop clocked by clk)
Endpoint: s_rdata[25] (output port clocked by clk)
Path Group: clk
Path Type: min

Fanout         Cap        Slew       Delay        Time   Description
---------------------------------------------------------------------------------------------
                                  0.000000    0.000000   clock clk (rise edge)
                                  0.000000    0.000000   clock source latency
   316    0.813505    3.615377    2.480803    2.480803 ^ clk (in)
                                                         clk (net)
                      3.615447    0.000000    2.480803 ^ _2984_/CLK (sky130_fd_sc_hd__dfxtp_2)
     2    0.039220    0.097225    0.808395    3.289198 v _2984_/Q (sky130_fd_sc_hd__dfxtp_2)
                                                         s_rdata[25] (net)
                      0.097225    0.000759    3.289957 v s_rdata[25] (out)
                                              3.289957   data arrival time

                                  0.000000    0.000000   clock clk (rise edge)
                                  0.000000    0.000000   clock network delay (propagated)
                                  0.250000    0.250000   clock uncertainty
                                  0.000000    0.250000   clock reconvergence pessimism
                                 -2.000000   -1.750000   output external delay
                                             -1.750000   data required time
---------------------------------------------------------------------------------------------
                                             -1.750000   data required time
                                             -3.289957   data arrival time
---------------------------------------------------------------------------------------------
                                              5.039957   slack (MET)


Startpoint: _2979_ (rising edge-triggered flip-flop clocked by clk)
Endpoint: s_rdata[20] (output port clocked by clk)
Path Group: clk
Path Type: min

Fanout         Cap        Slew       Delay        Time   Description
---------------------------------------------------------------------------------------------
                                  0.000000    0.000000   clock clk (rise edge)
                                  0.000000    0.000000   clock source latency
   316    0.813505    3.615377    2.481866    2.481866 ^ clk (in)
                                                         clk (net)
                      3.615458    0.000000    2.481866 ^ _2979_/CLK (sky130_fd_sc_hd__dfxtp_2)
     2    0.039238    0.097271    0.808405    3.290271 v _2979_/Q (sky130_fd_sc_hd__dfxtp_2)
                                                         s_rdata[20] (net)
                      0.097271    0.000793    3.291064 v s_rdata[20] (out)
                                              3.291064   data arrival time

                                  0.000000    0.000000   clock clk (rise edge)
                                  0.000000    0.000000   clock network delay (propagated)
                                  0.250000    0.250000   clock uncertainty
                                  0.000000    0.250000   clock reconvergence pessimism
                                 -2.000000   -1.750000   output external delay
                                             -1.750000   data required time
---------------------------------------------------------------------------------------------
                                             -1.750000   data required time
                                             -3.291064   data arrival time
---------------------------------------------------------------------------------------------
                                              5.041064   slack (MET)


Startpoint: _2990_ (rising edge-triggered flip-flop clocked by clk)
Endpoint: s_rdata[31] (output port clocked by clk)
Path Group: clk
Path Type: min

Fanout         Cap        Slew       Delay        Time   Description
---------------------------------------------------------------------------------------------
                                  0.000000    0.000000   clock clk (rise edge)
                                  0.000000    0.000000   clock source latency
   316    0.813505    3.615377    2.490863    2.490863 ^ clk (in)
                                                         clk (net)
                      3.615593    0.000000    2.490863 ^ _2990_/CLK (sky130_fd_sc_hd__dfxtp_2)
     2    0.035712    0.089873    0.802989    3.293852 v _2990_/Q (sky130_fd_sc_hd__dfxtp_2)
                                                         s_rdata[31] (net)
                      0.089873    0.000089    3.293941 v s_rdata[31] (out)
                                              3.293941   data arrival time

                                  0.000000    0.000000   clock clk (rise edge)
                                  0.000000    0.000000   clock network delay (propagated)
                                  0.250000    0.250000   clock uncertainty
                                  0.000000    0.250000   clock reconvergence pessimism
                                 -2.000000   -1.750000   output external delay
                                             -1.750000   data required time
---------------------------------------------------------------------------------------------
                                             -1.750000   data required time
                                             -3.293941   data arrival time
---------------------------------------------------------------------------------------------
                                              5.043941   slack (MET)


Startpoint: _2975_ (rising edge-triggered flip-flop clocked by clk)
Endpoint: s_rdata[16] (output port clocked by clk)
Path Group: clk
Path Type: min

Fanout         Cap        Slew       Delay        Time   Description
---------------------------------------------------------------------------------------------
                                  0.000000    0.000000   clock clk (rise edge)
                                  0.000000    0.000000   clock source latency
   316    0.813505    3.615377    2.490880    2.490880 ^ clk (in)
                                                         clk (net)
                      3.615593    0.000000    2.490880 ^ _2975_/CLK (sky130_fd_sc_hd__dfxtp_2)
     2    0.036065    0.090426    0.803551    3.294430 v _2975_/Q (sky130_fd_sc_hd__dfxtp_2)
                                                         s_rdata[16] (net)
                      0.090426    0.000173    3.294603 v s_rdata[16] (out)
                                              3.294603   data arrival time

                                  0.000000    0.000000   clock clk (rise edge)
                                  0.000000    0.000000   clock network delay (propagated)
                                  0.250000    0.250000   clock uncertainty
                                  0.000000    0.250000   clock reconvergence pessimism
                                 -2.000000   -1.750000   output external delay
                                             -1.750000   data required time
---------------------------------------------------------------------------------------------
                                             -1.750000   data required time
                                             -3.294603   data arrival time
---------------------------------------------------------------------------------------------
                                              5.044603   slack (MET)


Startpoint: _2978_ (rising edge-triggered flip-flop clocked by clk)
Endpoint: s_rdata[19] (output port clocked by clk)
Path Group: clk
Path Type: min

Fanout         Cap        Slew       Delay        Time   Description
---------------------------------------------------------------------------------------------
                                  0.000000    0.000000   clock clk (rise edge)
                                  0.000000    0.000000   clock source latency
   316    0.813505    3.615377    2.483151    2.483151 ^ clk (in)
                                                         clk (net)
                      3.615474    0.000000    2.483151 ^ _2978_/CLK (sky130_fd_sc_hd__dfxtp_2)
     2    0.040615    0.100311    0.810332    3.293483 v _2978_/Q (sky130_fd_sc_hd__dfxtp_2)
                                                         s_rdata[19] (net)
                      0.100311    0.001353    3.294835 v s_rdata[19] (out)
                                              3.294835   data arrival time

                                  0.000000    0.000000   clock clk (rise edge)
                                  0.000000    0.000000   clock network delay (propagated)
                                  0.250000    0.250000   clock uncertainty
                                  0.000000    0.250000   clock reconvergence pessimism
                                 -2.000000   -1.750000   output external delay
                                             -1.750000   data required time
---------------------------------------------------------------------------------------------
                                             -1.750000   data required time
                                             -3.294835   data arrival time
---------------------------------------------------------------------------------------------
                                              5.044836   slack (MET)


Startpoint: _2980_ (rising edge-triggered flip-flop clocked by clk)
Endpoint: s_rdata[21] (output port clocked by clk)
Path Group: clk
Path Type: min

Fanout         Cap        Slew       Delay        Time   Description
---------------------------------------------------------------------------------------------
                                  0.000000    0.000000   clock clk (rise edge)
                                  0.000000    0.000000   clock source latency
   316    0.813505    3.615377    2.488371    2.488371 ^ clk (in)
                                                         clk (net)
                      3.615549    0.000000    2.488371 ^ _2980_/CLK (sky130_fd_sc_hd__dfxtp_2)
     2    0.037768    0.094075    0.806218    3.294589 v _2980_/Q (sky130_fd_sc_hd__dfxtp_2)
                                                         s_rdata[21] (net)
                      0.094075    0.000409    3.294999 v s_rdata[21] (out)
                                              3.294999   data arrival time

                                  0.000000    0.000000   clock clk (rise edge)
                                  0.000000    0.000000   clock network delay (propagated)
                                  0.250000    0.250000   clock uncertainty
                                  0.000000    0.250000   clock reconvergence pessimism
                                 -2.000000   -1.750000   output external delay
                                             -1.750000   data required time
---------------------------------------------------------------------------------------------
                                             -1.750000   data required time
                                             -3.294999   data arrival time
---------------------------------------------------------------------------------------------
                                              5.044998   slack (MET)


Startpoint: _2982_ (rising edge-triggered flip-flop clocked by clk)
Endpoint: s_rdata[23] (output port clocked by clk)
Path Group: clk
Path Type: min

Fanout         Cap        Slew       Delay        Time   Description
---------------------------------------------------------------------------------------------
                                  0.000000    0.000000   clock clk (rise edge)
                                  0.000000    0.000000   clock source latency
   316    0.813505    3.615377    2.488437    2.488437 ^ clk (in)
                                                         clk (net)
                      3.615551    0.000000    2.488437 ^ _2982_/CLK (sky130_fd_sc_hd__dfxtp_2)
     2    0.038149    0.094889    0.806820    3.295257 v _2982_/Q (sky130_fd_sc_hd__dfxtp_2)
                                                         s_rdata[23] (net)
                      0.094889    0.000456    3.295713 v s_rdata[23] (out)
                                              3.295713   data arrival time

                                  0.000000    0.000000   clock clk (rise edge)
                                  0.000000    0.000000   clock network delay (propagated)
                                  0.250000    0.250000   clock uncertainty
                                  0.000000    0.250000   clock reconvergence pessimism
                                 -2.000000   -1.750000   output external delay
                                             -1.750000   data required time
---------------------------------------------------------------------------------------------
                                             -1.750000   data required time
                                             -3.295713   data arrival time
---------------------------------------------------------------------------------------------
                                              5.045713   slack (MET)


Startpoint: _2957_ (rising edge-triggered flip-flop clocked by clk)
Endpoint: s_arready (output port clocked by clk)
Path Group: clk
Path Type: min

Fanout         Cap        Slew       Delay        Time   Description
---------------------------------------------------------------------------------------------
                                  0.000000    0.000000   clock clk (rise edge)
                                  0.000000    0.000000   clock source latency
   316    0.813505    3.615377    2.477828    2.477828 ^ clk (in)
                                                         clk (net)
                      3.615419    0.000000    2.477828 ^ _2957_/CLK (sky130_fd_sc_hd__dfxtp_2)
     5    0.045644    0.110663    0.819335    3.297163 v _2957_/Q (sky130_fd_sc_hd__dfxtp_2)
                                                         s_arready (net)
                      0.110663    0.000340    3.297502 v s_arready (out)
                                              3.297502   data arrival time

                                  0.000000    0.000000   clock clk (rise edge)
                                  0.000000    0.000000   clock network delay (propagated)
                                  0.250000    0.250000   clock uncertainty
                                  0.000000    0.250000   clock reconvergence pessimism
                                 -2.000000   -1.750000   output external delay
                                             -1.750000   data required time
---------------------------------------------------------------------------------------------
                                             -1.750000   data required time
                                             -3.297502   data arrival time
---------------------------------------------------------------------------------------------
                                              5.047502   slack (MET)


Startpoint: _2974_ (rising edge-triggered flip-flop clocked by clk)
Endpoint: s_rdata[15] (output port clocked by clk)
Path Group: clk
Path Type: min

Fanout         Cap        Slew       Delay        Time   Description
---------------------------------------------------------------------------------------------
                                  0.000000    0.000000   clock clk (rise edge)
                                  0.000000    0.000000   clock source latency
   316    0.813505    3.615377    2.495447    2.495447 ^ clk (in)
                                                         clk (net)
                      3.615687    0.000000    2.495447 ^ _2974_/CLK (sky130_fd_sc_hd__dfxtp_2)
     2    0.035834    0.089927    0.803207    3.298654 v _2974_/Q (sky130_fd_sc_hd__dfxtp_2)
                                                         s_rdata[15] (net)
                      0.089927    0.000119    3.298773 v s_rdata[15] (out)
                                              3.298773   data arrival time

                                  0.000000    0.000000   clock clk (rise edge)
                                  0.000000    0.000000   clock network delay (propagated)
                                  0.250000    0.250000   clock uncertainty
                                  0.000000    0.250000   clock reconvergence pessimism
                                 -2.000000   -1.750000   output external delay
                                             -1.750000   data required time
---------------------------------------------------------------------------------------------
                                             -1.750000   data required time
                                             -3.298773   data arrival time
---------------------------------------------------------------------------------------------
                                              5.048773   slack (MET)


Startpoint: _2977_ (rising edge-triggered flip-flop clocked by clk)
Endpoint: s_rdata[18] (output port clocked by clk)
Path Group: clk
Path Type: min

Fanout         Cap        Slew       Delay        Time   Description
---------------------------------------------------------------------------------------------
                                  0.000000    0.000000   clock clk (rise edge)
                                  0.000000    0.000000   clock source latency
   316    0.813505    3.615377    2.493723    2.493723 ^ clk (in)
                                                         clk (net)
                      3.615650    0.000000    2.493723 ^ _2977_/CLK (sky130_fd_sc_hd__dfxtp_2)
     2    0.037570    0.093641    0.805939    3.299662 v _2977_/Q (sky130_fd_sc_hd__dfxtp_2)
                                                         s_rdata[18] (net)
                      0.093641    0.000349    3.300010 v s_rdata[18] (out)
                                              3.300010   data arrival time

                                  0.000000    0.000000   clock clk (rise edge)
                                  0.000000    0.000000   clock network delay (propagated)
                                  0.250000    0.250000   clock uncertainty
                                  0.000000    0.250000   clock reconvergence pessimism
                                 -2.000000   -1.750000   output external delay
                                             -1.750000   data required time
---------------------------------------------------------------------------------------------
                                             -1.750000   data required time
                                             -3.300010   data arrival time
---------------------------------------------------------------------------------------------
                                              5.050010   slack (MET)


Startpoint: _2970_ (rising edge-triggered flip-flop clocked by clk)
Endpoint: s_rdata[11] (output port clocked by clk)
Path Group: clk
Path Type: min

Fanout         Cap        Slew       Delay        Time   Description
---------------------------------------------------------------------------------------------
                                  0.000000    0.000000   clock clk (rise edge)
                                  0.000000    0.000000   clock source latency
   316    0.813505    3.615377    2.501132    2.501132 ^ clk (in)
                                                         clk (net)
                      3.615827    0.000000    2.501132 ^ _2970_/CLK (sky130_fd_sc_hd__dfxtp_2)
     2    0.035808    0.089875    0.803176    3.304308 v _2970_/Q (sky130_fd_sc_hd__dfxtp_2)
                                                         s_rdata[11] (net)
                      0.089875    0.000113    3.304421 v s_rdata[11] (out)
                                              3.304421   data arrival time

                                  0.000000    0.000000   clock clk (rise edge)
                                  0.000000    0.000000   clock network delay (propagated)
                                  0.250000    0.250000   clock uncertainty
                                  0.000000    0.250000   clock reconvergence pessimism
                                 -2.000000   -1.750000   output external delay
                                             -1.750000   data required time
---------------------------------------------------------------------------------------------
                                             -1.750000   data required time
                                             -3.304421   data arrival time
---------------------------------------------------------------------------------------------
                                              5.054421   slack (MET)


Startpoint: _2973_ (rising edge-triggered flip-flop clocked by clk)
Endpoint: s_rdata[14] (output port clocked by clk)
Path Group: clk
Path Type: min

Fanout         Cap        Slew       Delay        Time   Description
---------------------------------------------------------------------------------------------
                                  0.000000    0.000000   clock clk (rise edge)
                                  0.000000    0.000000   clock source latency
   316    0.813505    3.615377    2.494614    2.494614 ^ clk (in)
                                                         clk (net)
                      3.615669    0.000000    2.494614 ^ _2973_/CLK (sky130_fd_sc_hd__dfxtp_2)
     2    0.040239    0.099326    0.810225    3.304839 v _2973_/Q (sky130_fd_sc_hd__dfxtp_2)
                                                         s_rdata[14] (net)
                      0.099326    0.000586    3.305424 v s_rdata[14] (out)
                                              3.305424   data arrival time

                                  0.000000    0.000000   clock clk (rise edge)
                                  0.000000    0.000000   clock network delay (propagated)
                                  0.250000    0.250000   clock uncertainty
                                  0.000000    0.250000   clock reconvergence pessimism
                                 -2.000000   -1.750000   output external delay
                                             -1.750000   data required time
---------------------------------------------------------------------------------------------
                                             -1.750000   data required time
                                             -3.305424   data arrival time
---------------------------------------------------------------------------------------------
                                              5.055425   slack (MET)


Startpoint: _2967_ (rising edge-triggered flip-flop clocked by clk)
Endpoint: s_rdata[8] (output port clocked by clk)
Path Group: clk
Path Type: min

Fanout         Cap        Slew       Delay        Time   Description
---------------------------------------------------------------------------------------------
                                  0.000000    0.000000   clock clk (rise edge)
                                  0.000000    0.000000   clock source latency
   316    0.813505    3.615377    2.499289    2.499289 ^ clk (in)
                                                         clk (net)
                      3.615779    0.000000    2.499289 ^ _2967_/CLK (sky130_fd_sc_hd__dfxtp_2)
     2    0.037745    0.094017    0.806229    3.305518 v _2967_/Q (sky130_fd_sc_hd__dfxtp_2)
                                                         s_rdata[8] (net)
                      0.094017    0.000370    3.305888 v s_rdata[8] (out)
                                              3.305888   data arrival time

                                  0.000000    0.000000   clock clk (rise edge)
                                  0.000000    0.000000   clock network delay (propagated)
                                  0.250000    0.250000   clock uncertainty
                                  0.000000    0.250000   clock reconvergence pessimism
                                 -2.000000   -1.750000   output external delay
                                             -1.750000   data required time
---------------------------------------------------------------------------------------------
                                             -1.750000   data required time
                                             -3.305888   data arrival time
---------------------------------------------------------------------------------------------
                                              5.055888   slack (MET)


Startpoint: _2969_ (rising edge-triggered flip-flop clocked by clk)
Endpoint: s_rdata[10] (output port clocked by clk)
Path Group: clk
Path Type: min

Fanout         Cap        Slew       Delay        Time   Description
---------------------------------------------------------------------------------------------
                                  0.000000    0.000000   clock clk (rise edge)
                                  0.000000    0.000000   clock source latency
   316    0.813505    3.615377    2.503281    2.503281 ^ clk (in)
                                                         clk (net)
                      3.615887    0.000000    2.503281 ^ _2969_/CLK (sky130_fd_sc_hd__dfxtp_2)
     2    0.035657    0.089875    0.802921    3.306202 v _2969_/Q (sky130_fd_sc_hd__dfxtp_2)
                                                         s_rdata[10] (net)
                      0.089875    0.000076    3.306278 v s_rdata[10] (out)
                                              3.306278   data arrival time

                                  0.000000    0.000000   clock clk (rise edge)
                                  0.000000    0.000000   clock network delay (propagated)
                                  0.250000    0.250000   clock uncertainty
                                  0.000000    0.250000   clock reconvergence pessimism
                                 -2.000000   -1.750000   output external delay
                                             -1.750000   data required time
---------------------------------------------------------------------------------------------
                                             -1.750000   data required time
                                             -3.306278   data arrival time
---------------------------------------------------------------------------------------------
                                              5.056278   slack (MET)


Startpoint: _2963_ (rising edge-triggered flip-flop clocked by clk)
Endpoint: s_rdata[4] (output port clocked by clk)
Path Group: clk
Path Type: min

Fanout         Cap        Slew       Delay        Time   Description
---------------------------------------------------------------------------------------------
                                  0.000000    0.000000   clock clk (rise edge)
                                  0.000000    0.000000   clock source latency
   316    0.813505    3.615377    2.495001    2.495001 ^ clk (in)
                                                         clk (net)
                      3.615677    0.000000    2.495001 ^ _2963_/CLK (sky130_fd_sc_hd__dfxtp_2)
     2    0.041115    0.101257    0.811470    3.306471 v _2963_/Q (sky130_fd_sc_hd__dfxtp_2)
                                                         s_rdata[4] (net)
                      0.101257    0.000905    3.307376 v s_rdata[4] (out)
                                              3.307376   data arrival time

                                  0.000000    0.000000   clock clk (rise edge)
                                  0.000000    0.000000   clock network delay (propagated)
                                  0.250000    0.250000   clock uncertainty
                                  0.000000    0.250000   clock reconvergence pessimism
                                 -2.000000   -1.750000   output external delay
                                             -1.750000   data required time
---------------------------------------------------------------------------------------------
                                             -1.750000   data required time
                                             -3.307376   data arrival time
---------------------------------------------------------------------------------------------
                                              5.057376   slack (MET)


Startpoint: _2968_ (rising edge-triggered flip-flop clocked by clk)
Endpoint: s_rdata[9] (output port clocked by clk)
Path Group: clk
Path Type: min

Fanout         Cap        Slew       Delay        Time   Description
---------------------------------------------------------------------------------------------
                                  0.000000    0.000000   clock clk (rise edge)
                                  0.000000    0.000000   clock source latency
   316    0.813505    3.615377    2.502521    2.502521 ^ clk (in)
                                                         clk (net)
                      3.615865    0.000000    2.502521 ^ _2968_/CLK (sky130_fd_sc_hd__dfxtp_2)
     2    0.036791    0.091927    0.804842    3.307362 v _2968_/Q (sky130_fd_sc_hd__dfxtp_2)
                                                         s_rdata[9] (net)
                      0.091927    0.000083    3.307445 v s_rdata[9] (out)
                                              3.307445   data arrival time

                                  0.000000    0.000000   clock clk (rise edge)
                                  0.000000    0.000000   clock network delay (propagated)
                                  0.250000    0.250000   clock uncertainty
                                  0.000000    0.250000   clock reconvergence pessimism
                                 -2.000000   -1.750000   output external delay
                                             -1.750000   data required time
---------------------------------------------------------------------------------------------
                                             -1.750000   data required time
                                             -3.307445   data arrival time
---------------------------------------------------------------------------------------------
                                              5.057445   slack (MET)


Startpoint: _2961_ (rising edge-triggered flip-flop clocked by clk)
Endpoint: s_rdata[2] (output port clocked by clk)
Path Group: clk
Path Type: min

Fanout         Cap        Slew       Delay        Time   Description
---------------------------------------------------------------------------------------------
                                  0.000000    0.000000   clock clk (rise edge)
                                  0.000000    0.000000   clock source latency
   316    0.813505    3.615377    2.503425    2.503425 ^ clk (in)
                                                         clk (net)
                      3.615891    0.000000    2.503425 ^ _2961_/CLK (sky130_fd_sc_hd__dfxtp_2)
     2    0.036782    0.091905    0.804837    3.308263 v _2961_/Q (sky130_fd_sc_hd__dfxtp_2)
                                                         s_rdata[2] (net)
                      0.091905    0.000071    3.308334 v s_rdata[2] (out)
                                              3.308334   data arrival time

                                  0.000000    0.000000   clock clk (rise edge)
                                  0.000000    0.000000   clock network delay (propagated)
                                  0.250000    0.250000   clock uncertainty
                                  0.000000    0.250000   clock reconvergence pessimism
                                 -2.000000   -1.750000   output external delay
                                             -1.750000   data required time
---------------------------------------------------------------------------------------------
                                             -1.750000   data required time
                                             -3.308334   data arrival time
---------------------------------------------------------------------------------------------
                                              5.058333   slack (MET)


Startpoint: _2972_ (rising edge-triggered flip-flop clocked by clk)
Endpoint: s_rdata[13] (output port clocked by clk)
Path Group: clk
Path Type: min

Fanout         Cap        Slew       Delay        Time   Description
---------------------------------------------------------------------------------------------
                                  0.000000    0.000000   clock clk (rise edge)
                                  0.000000    0.000000   clock source latency
   316    0.813505    3.615377    2.495596    2.495596 ^ clk (in)
                                                         clk (net)
                      3.615690    0.000000    2.495596 ^ _2972_/CLK (sky130_fd_sc_hd__dfxtp_2)
     2    0.041846    0.102852    0.812546    3.308142 v _2972_/Q (sky130_fd_sc_hd__dfxtp_2)
                                                         s_rdata[13] (net)
                      0.102852    0.001144    3.309285 v s_rdata[13] (out)
                                              3.309285   data arrival time

                                  0.000000    0.000000   clock clk (rise edge)
                                  0.000000    0.000000   clock network delay (propagated)
                                  0.250000    0.250000   clock uncertainty
                                  0.000000    0.250000   clock reconvergence pessimism
                                 -2.000000   -1.750000   output external delay
                                             -1.750000   data required time
---------------------------------------------------------------------------------------------
                                             -1.750000   data required time
                                             -3.309285   data arrival time
---------------------------------------------------------------------------------------------
                                              5.059286   slack (MET)


Startpoint: _2959_ (rising edge-triggered flip-flop clocked by clk)
Endpoint: s_rdata[0] (output port clocked by clk)
Path Group: clk
Path Type: min

Fanout         Cap        Slew       Delay        Time   Description
---------------------------------------------------------------------------------------------
                                  0.000000    0.000000   clock clk (rise edge)
                                  0.000000    0.000000   clock source latency
   316    0.813505    3.615377    2.503463    2.503463 ^ clk (in)
                                                         clk (net)
                      3.615892    0.000000    2.503463 ^ _2959_/CLK (sky130_fd_sc_hd__dfxtp_2)
     2    0.037371    0.093163    0.805772    3.309235 v _2959_/Q (sky130_fd_sc_hd__dfxtp_2)
                                                         s_rdata[0] (net)
                      0.093163    0.000137    3.309371 v s_rdata[0] (out)
                                              3.309371   data arrival time

                                  0.000000    0.000000   clock clk (rise edge)
                                  0.000000    0.000000   clock network delay (propagated)
                                  0.250000    0.250000   clock uncertainty
                                  0.000000    0.250000   clock reconvergence pessimism
                                 -2.000000   -1.750000   output external delay
                                             -1.750000   data required time
---------------------------------------------------------------------------------------------
                                             -1.750000   data required time
                                             -3.309371   data arrival time
---------------------------------------------------------------------------------------------
                                              5.059372   slack (MET)


Startpoint: _2960_ (rising edge-triggered flip-flop clocked by clk)
Endpoint: s_rdata[1] (output port clocked by clk)
Path Group: clk
Path Type: min

Fanout         Cap        Slew       Delay        Time   Description
---------------------------------------------------------------------------------------------
                                  0.000000    0.000000   clock clk (rise edge)
                                  0.000000    0.000000   clock source latency
   316    0.813505    3.615377    2.503417    2.503417 ^ clk (in)
                                                         clk (net)
                      3.615891    0.000000    2.503417 ^ _2960_/CLK (sky130_fd_sc_hd__dfxtp_2)
     2    0.037602    0.093681    0.806083    3.309500 v _2960_/Q (sky130_fd_sc_hd__dfxtp_2)
                                                         s_rdata[1] (net)
                      0.093681    0.000250    3.309750 v s_rdata[1] (out)
                                              3.309750   data arrival time

                                  0.000000    0.000000   clock clk (rise edge)
                                  0.000000    0.000000   clock network delay (propagated)
                                  0.250000    0.250000   clock uncertainty
                                  0.000000    0.250000   clock reconvergence pessimism
                                 -2.000000   -1.750000   output external delay
                                             -1.750000   data required time
---------------------------------------------------------------------------------------------
                                             -1.750000   data required time
                                             -3.309750   data arrival time
---------------------------------------------------------------------------------------------
                                              5.059750   slack (MET)


Startpoint: _2966_ (rising edge-triggered flip-flop clocked by clk)
Endpoint: s_rdata[7] (output port clocked by clk)
Path Group: clk
Path Type: min

Fanout         Cap        Slew       Delay        Time   Description
---------------------------------------------------------------------------------------------
                                  0.000000    0.000000   clock clk (rise edge)
                                  0.000000    0.000000   clock source latency
   316    0.813505    3.615377    2.503976    2.503976 ^ clk (in)
                                                         clk (net)
                      3.615907    0.000000    2.503976 ^ _2966_/CLK (sky130_fd_sc_hd__dfxtp_2)
     2    0.038471    0.095576    0.807372    3.311348 v _2966_/Q (sky130_fd_sc_hd__dfxtp_2)
                                                         s_rdata[7] (net)
                      0.095576    0.000485    3.311833 v s_rdata[7] (out)
                                              3.311833   data arrival time

                                  0.000000    0.000000   clock clk (rise edge)
                                  0.000000    0.000000   clock network delay (propagated)
                                  0.250000    0.250000   clock uncertainty
                                  0.000000    0.250000   clock reconvergence pessimism
                                 -2.000000   -1.750000   output external delay
                                             -1.750000   data required time
---------------------------------------------------------------------------------------------
                                             -1.750000   data required time
                                             -3.311833   data arrival time
---------------------------------------------------------------------------------------------
                                              5.061833   slack (MET)


Startpoint: _2971_ (rising edge-triggered flip-flop clocked by clk)
Endpoint: s_rdata[12] (output port clocked by clk)
Path Group: clk
Path Type: min

Fanout         Cap        Slew       Delay        Time   Description
---------------------------------------------------------------------------------------------
                                  0.000000    0.000000   clock clk (rise edge)
                                  0.000000    0.000000   clock source latency
   316    0.813505    3.615377    2.499297    2.499297 ^ clk (in)
                                                         clk (net)
                      3.615779    0.000000    2.499297 ^ _2971_/CLK (sky130_fd_sc_hd__dfxtp_2)
     2    0.041189    0.101542    0.811259    3.310557 v _2971_/Q (sky130_fd_sc_hd__dfxtp_2)
                                                         s_rdata[12] (net)
                      0.101542    0.001449    3.312006 v s_rdata[12] (out)
                                              3.312006   data arrival time

                                  0.000000    0.000000   clock clk (rise edge)
                                  0.000000    0.000000   clock network delay (propagated)
                                  0.250000    0.250000   clock uncertainty
                                  0.000000    0.250000   clock reconvergence pessimism
                                 -2.000000   -1.750000   output external delay
                                             -1.750000   data required time
---------------------------------------------------------------------------------------------
                                             -1.750000   data required time
                                             -3.312006   data arrival time
---------------------------------------------------------------------------------------------
                                              5.062005   slack (MET)


Startpoint: _2965_ (rising edge-triggered flip-flop clocked by clk)
Endpoint: s_rdata[6] (output port clocked by clk)
Path Group: clk
Path Type: min

Fanout         Cap        Slew       Delay        Time   Description
---------------------------------------------------------------------------------------------
                                  0.000000    0.000000   clock clk (rise edge)
                                  0.000000    0.000000   clock source latency
   316    0.813505    3.615377    2.509338    2.509338 ^ clk (in)
                                                         clk (net)
                      3.616076    0.000000    2.509338 ^ _2965_/CLK (sky130_fd_sc_hd__dfxtp_2)
     2    0.037232    0.092912    0.805466    3.314804 v _2965_/Q (sky130_fd_sc_hd__dfxtp_2)
                                                         s_rdata[6] (net)
                      0.092912    0.000279    3.315083 v s_rdata[6] (out)
                                              3.315083   data arrival time

                                  0.000000    0.000000   clock clk (rise edge)
                                  0.000000    0.000000   clock network delay (propagated)
                                  0.250000    0.250000   clock uncertainty
                                  0.000000    0.250000   clock reconvergence pessimism
                                 -2.000000   -1.750000   output external delay
                                             -1.750000   data required time
---------------------------------------------------------------------------------------------
                                             -1.750000   data required time
                                             -3.315083   data arrival time
---------------------------------------------------------------------------------------------
                                              5.065083   slack (MET)


Startpoint: _2964_ (rising edge-triggered flip-flop clocked by clk)
Endpoint: s_rdata[5] (output port clocked by clk)
Path Group: clk
Path Type: min

Fanout         Cap        Slew       Delay        Time   Description
---------------------------------------------------------------------------------------------
                                  0.000000    0.000000   clock clk (rise edge)
                                  0.000000    0.000000   clock source latency
   316    0.813505    3.615377    2.509331    2.509331 ^ clk (in)
                                                         clk (net)
                      3.616076    0.000000    2.509331 ^ _2964_/CLK (sky130_fd_sc_hd__dfxtp_2)
     2    0.037289    0.093029    0.805564    3.314894 v _2964_/Q (sky130_fd_sc_hd__dfxtp_2)
                                                         s_rdata[5] (net)
                      0.093029    0.000274    3.315168 v s_rdata[5] (out)
                                              3.315168   data arrival time

                                  0.000000    0.000000   clock clk (rise edge)
                                  0.000000    0.000000   clock network delay (propagated)
                                  0.250000    0.250000   clock uncertainty
                                  0.000000    0.250000   clock reconvergence pessimism
                                 -2.000000   -1.750000   output external delay
                                             -1.750000   data required time
---------------------------------------------------------------------------------------------
                                             -1.750000   data required time
                                             -3.315168   data arrival time
---------------------------------------------------------------------------------------------
                                              5.065168   slack (MET)


Startpoint: _2962_ (rising edge-triggered flip-flop clocked by clk)
Endpoint: s_rdata[3] (output port clocked by clk)
Path Group: clk
Path Type: min

Fanout         Cap        Slew       Delay        Time   Description
---------------------------------------------------------------------------------------------
                                  0.000000    0.000000   clock clk (rise edge)
                                  0.000000    0.000000   clock source latency
   316    0.813505    3.615377    2.509230    2.509230 ^ clk (in)
                                                         clk (net)
                      3.616073    0.000000    2.509230 ^ _2962_/CLK (sky130_fd_sc_hd__dfxtp_2)
     2    0.038755    0.096190    0.807824    3.317053 v _2962_/Q (sky130_fd_sc_hd__dfxtp_2)
                                                         s_rdata[3] (net)
                      0.096190    0.000541    3.317595 v s_rdata[3] (out)
                                              3.317595   data arrival time

                                  0.000000    0.000000   clock clk (rise edge)
                                  0.000000    0.000000   clock network delay (propagated)
                                  0.250000    0.250000   clock uncertainty
                                  0.000000    0.250000   clock reconvergence pessimism
                                 -2.000000   -1.750000   output external delay
                                             -1.750000   data required time
---------------------------------------------------------------------------------------------
                                             -1.750000   data required time
                                             -3.317595   data arrival time
---------------------------------------------------------------------------------------------
                                              5.067595   slack (MET)


Startpoint: _2994_ (rising edge-triggered flip-flop clocked by clk)
Endpoint: s_bvalid (output port clocked by clk)
Path Group: clk
Path Type: min

Fanout         Cap        Slew       Delay        Time   Description
---------------------------------------------------------------------------------------------
                                  0.000000    0.000000   clock clk (rise edge)
                                  0.000000    0.000000   clock source latency
   316    0.813505    3.615377    2.504382    2.504382 ^ clk (in)
                                                         clk (net)
                      3.615919    0.000000    2.504382 ^ _2994_/CLK (sky130_fd_sc_hd__dfxtp_2)
     3    0.042822    0.104721    0.814659    3.319041 v _2994_/Q (sky130_fd_sc_hd__dfxtp_2)
                                                         s_bvalid (net)
                      0.104721    0.000383    3.319424 v s_bvalid (out)
                                              3.319424   data arrival time

                                  0.000000    0.000000   clock clk (rise edge)
                                  0.000000    0.000000   clock network delay (propagated)
                                  0.250000    0.250000   clock uncertainty
                                  0.000000    0.250000   clock reconvergence pessimism
                                 -2.000000   -1.750000   output external delay
                                             -1.750000   data required time
---------------------------------------------------------------------------------------------
                                             -1.750000   data required time
                                             -3.319424   data arrival time
---------------------------------------------------------------------------------------------
                                              5.069424   slack (MET)


Startpoint: _2993_ (rising edge-triggered flip-flop clocked by clk)
Endpoint: s_wready (output port clocked by clk)
Path Group: clk
Path Type: min

Fanout         Cap        Slew       Delay        Time   Description
---------------------------------------------------------------------------------------------
                                  0.000000    0.000000   clock clk (rise edge)
                                  0.000000    0.000000   clock source latency
   316    0.813505    3.615377    2.503624    2.503624 ^ clk (in)
                                                         clk (net)
                      3.615897    0.000000    2.503624 ^ _2993_/CLK (sky130_fd_sc_hd__dfxtp_2)
     4    0.046592    0.112698    0.820884    3.324507 v _2993_/Q (sky130_fd_sc_hd__dfxtp_2)
                                                         s_wready (net)
                      0.112698    0.000426    3.324933 v s_wready (out)
                                              3.324933   data arrival time

                                  0.000000    0.000000   clock clk (rise edge)
                                  0.000000    0.000000   clock network delay (propagated)
                                  0.250000    0.250000   clock uncertainty
                                  0.000000    0.250000   clock reconvergence pessimism
                                 -2.000000   -1.750000   output external delay
                                             -1.750000   data required time
---------------------------------------------------------------------------------------------
                                             -1.750000   data required time
                                             -3.324933   data arrival time
---------------------------------------------------------------------------------------------
                                              5.074934   slack (MET)


Startpoint: _2992_ (rising edge-triggered flip-flop clocked by clk)
Endpoint: s_awready (output port clocked by clk)
Path Group: clk
Path Type: min

Fanout         Cap        Slew       Delay        Time   Description
---------------------------------------------------------------------------------------------
                                  0.000000    0.000000   clock clk (rise edge)
                                  0.000000    0.000000   clock source latency
   316    0.813505    3.615377    2.504605    2.504605 ^ clk (in)
                                                         clk (net)
                      3.615926    0.000000    2.504605 ^ _2992_/CLK (sky130_fd_sc_hd__dfxtp_2)
     6    0.046339    0.112125    0.820550    3.325154 v _2992_/Q (sky130_fd_sc_hd__dfxtp_2)
                                                         s_awready (net)
                      0.112125    0.000314    3.325468 v s_awready (out)
                                              3.325468   data arrival time

                                  0.000000    0.000000   clock clk (rise edge)
                                  0.000000    0.000000   clock network delay (propagated)
                                  0.250000    0.250000   clock uncertainty
                                  0.000000    0.250000   clock reconvergence pessimism
                                 -2.000000   -1.750000   output external delay
                                             -1.750000   data required time
---------------------------------------------------------------------------------------------
                                             -1.750000   data required time
                                             -3.325468   data arrival time
---------------------------------------------------------------------------------------------
                                              5.075468   slack (MET)



