
===========================================================================
report_checks -path_delay min (Hold)
============================================================================
======================= nom_ss_100C_1v60 Corner ===================================

Startpoint: _3168_ (rising edge-triggered flip-flop clocked by clk)
Endpoint: _3168_ (rising edge-triggered flip-flop clocked by clk)
Path Group: clk
Path Type: min

Fanout         Cap        Slew       Delay        Time   Description
---------------------------------------------------------------------------------------------
                      0.150000    0.000000    0.000000   clock clk (rise edge)
                                  0.000000    0.000000   clock network delay (ideal)
                      0.150000    0.000000    0.000000 ^ _3168_/CLK (sky130_fd_sc_hd__dfxtp_2)
     3    0.011058    0.113193    0.724940    0.724940 ^ _3168_/Q (sky130_fd_sc_hd__dfxtp_2)
                                                         u_core.pe_array[0].u_pe.tap_count[3] (net)
                      0.113193    0.000000    0.724940 ^ _2852_/A1 (sky130_fd_sc_hd__a21oi_2)
     1    0.001577    0.040434    0.100574    0.825515 v _2852_/Y (sky130_fd_sc_hd__a21oi_2)
                                                         _0282_ (net)
                      0.040434    0.000000    0.825515 v _3168_/D (sky130_fd_sc_hd__dfxtp_2)
                                              0.825515   data arrival time

                      0.150000    0.000000    0.000000   clock clk (rise edge)
                                  0.000000    0.000000   clock network delay (ideal)
                                  0.250000    0.250000   clock uncertainty
                                  0.000000    0.250000   clock reconvergence pessimism
                                              0.250000 ^ _3168_/CLK (sky130_fd_sc_hd__dfxtp_2)
                                 -0.060350    0.189650   library hold time
                                              0.189650   data required time
---------------------------------------------------------------------------------------------
                                              0.189650   data required time
                                             -0.825515   data arrival time
---------------------------------------------------------------------------------------------
                                              0.635865   slack (MET)


Startpoint: _3148_ (rising edge-triggered flip-flop clocked by clk)
Endpoint: _3148_ (rising edge-triggered flip-flop clocked by clk)
Path Group: clk
Path Type: min

Fanout         Cap        Slew       Delay        Time   Description
---------------------------------------------------------------------------------------------
                      0.150000    0.000000    0.000000   clock clk (rise edge)
                                  0.000000    0.000000   clock network delay (ideal)
                      0.150000    0.000000    0.000000 ^ _3148_/CLK (sky130_fd_sc_hd__dfxtp_2)
     3    0.007885    0.062135    0.656642    0.656642 v _3148_/Q (sky130_fd_sc_hd__dfxtp_2)
                                                         u_core.pe_array[0].u_pe.accum_reg[15] (net)
                      0.062135    0.000000    0.656642 v _2807_/B (sky130_fd_sc_hd__nand2_2)
     1    0.004595    0.070647    0.098814    0.755457 ^ _2807_/Y (sky130_fd_sc_hd__nand2_2)
                                                         _1222_ (net)
                      0.070647    0.000000    0.755457 ^ _2809_/A1 (sky130_fd_sc_hd__a21oi_2)
     1    0.001577    0.052412    0.083622    0.839079 v _2809_/Y (sky130_fd_sc_hd__a21oi_2)
                                                         _0262_ (net)
                      0.052412    0.000000    0.839079 v _3148_/D (sky130_fd_sc_hd__dfxtp_2)
                                              0.839079   data arrival time

                      0.150000    0.000000    0.000000   clock clk (rise edge)
                                  0.000000    0.000000   clock network delay (ideal)
                                  0.250000    0.250000   clock uncertainty
                                  0.000000    0.250000   clock reconvergence pessimism
                                              0.250000 ^ _3148_/CLK (sky130_fd_sc_hd__dfxtp_2)
                                 -0.064778    0.185222   library hold time
                                              0.185222   data required time
---------------------------------------------------------------------------------------------
                                              0.185222   data required time
                                             -0.839079   data arrival time
---------------------------------------------------------------------------------------------
                                              0.653857   slack (MET)


Startpoint: _3150_ (rising edge-triggered flip-flop clocked by clk)
Endpoint: _3150_ (rising edge-triggered flip-flop clocked by clk)
Path Group: clk
Path Type: min

Fanout         Cap        Slew       Delay        Time   Description
---------------------------------------------------------------------------------------------
                      0.150000    0.000000    0.000000   clock clk (rise edge)
                                  0.000000    0.000000   clock network delay (ideal)
                      0.150000    0.000000    0.000000 ^ _3150_/CLK (sky130_fd_sc_hd__dfxtp_2)
     3    0.007885    0.062135    0.656642    0.656642 v _3150_/Q (sky130_fd_sc_hd__dfxtp_2)
                                                         u_core.pe_array[0].u_pe.accum_reg[17] (net)
                      0.062135    0.000000    0.656642 v _2812_/B (sky130_fd_sc_hd__nand2_2)
     1    0.004595    0.070647    0.098814    0.755457 ^ _2812_/Y (sky130_fd_sc_hd__nand2_2)
                                                         _1225_ (net)
                      0.070647    0.000000    0.755457 ^ _2814_/A1 (sky130_fd_sc_hd__a21oi_2)
     1    0.001577    0.052412    0.083622    0.839079 v _2814_/Y (sky130_fd_sc_hd__a21oi_2)
                                                         _0264_ (net)
                      0.052412    0.000000    0.839079 v _3150_/D (sky130_fd_sc_hd__dfxtp_2)
                                              0.839079   data arrival time

                      0.150000    0.000000    0.000000   clock clk (rise edge)
                                  0.000000    0.000000   clock network delay (ideal)
                                  0.250000    0.250000   clock uncertainty
                                  0.000000    0.250000   clock reconvergence pessimism
                                              0.250000 ^ _3150_/CLK (sky130_fd_sc_hd__dfxtp_2)
                                 -0.064778    0.185222   library hold time
                                              0.185222   data required time
---------------------------------------------------------------------------------------------
                                              0.185222   data required time
                                             -0.839079   data arrival time
---------------------------------------------------------------------------------------------
                                              0.653857   slack (MET)


Startpoint: _3142_ (rising edge-triggered flip-flop clocked by clk)
Endpoint: _3142_ (rising edge-triggered flip-flop clocked by clk)
Path Group: clk
Path Type: min

Fanout         Cap        Slew       Delay        Time   Description
---------------------------------------------------------------------------------------------
                      0.150000    0.000000    0.000000   clock clk (rise edge)
                                  0.000000    0.000000   clock network delay (ideal)
                      0.150000    0.000000    0.000000 ^ _3142_/CLK (sky130_fd_sc_hd__dfxtp_2)
     3    0.009940    0.070086    0.665058    0.665058 v _3142_/Q (sky130_fd_sc_hd__dfxtp_2)
                                                         u_core.pe_array[0].u_pe.accum_reg[9] (net)
                      0.070086    0.000000    0.665058 v _2791_/B (sky130_fd_sc_hd__nand2_2)
     1    0.004595    0.070607    0.102378    0.767436 ^ _2791_/Y (sky130_fd_sc_hd__nand2_2)
                                                         _1212_ (net)
                      0.070607    0.000000    0.767436 ^ _2793_/A1 (sky130_fd_sc_hd__a21oi_2)
     1    0.001577    0.052413    0.083606    0.851043 v _2793_/Y (sky130_fd_sc_hd__a21oi_2)
                                                         _0256_ (net)
                      0.052413    0.000000    0.851043 v _3142_/D (sky130_fd_sc_hd__dfxtp_2)
                                              0.851043   data arrival time

                      0.150000    0.000000    0.000000   clock clk (rise edge)
                                  0.000000    0.000000   clock network delay (ideal)
                                  0.250000    0.250000   clock uncertainty
                                  0.000000    0.250000   clock reconvergence pessimism
                                              0.250000 ^ _3142_/CLK (sky130_fd_sc_hd__dfxtp_2)
                                 -0.064778    0.185222   library hold time
                                              0.185222   data required time
---------------------------------------------------------------------------------------------
                                              0.185222   data required time
                                             -0.851043   data arrival time
---------------------------------------------------------------------------------------------
                                              0.665821   slack (MET)


Startpoint: _3201_ (rising edge-triggered flip-flop clocked by clk)
Endpoint: _2991_ (rising edge-triggered flip-flop clocked by clk)
Path Group: clk
Path Type: min

Fanout         Cap        Slew       Delay        Time   Description
---------------------------------------------------------------------------------------------
                      0.150000    0.000000    0.000000   clock clk (rise edge)
                                  0.000000    0.000000   clock network delay (ideal)
                      0.150000    0.000000    0.000000 ^ _3201_/CLK (sky130_fd_sc_hd__dfxtp_2)
     1    0.002554    0.052627    0.668724    0.668724 ^ _3201_/Q (sky130_fd_sc_hd__dfxtp_2)
                                                         done_r (net)
                      0.052627    0.000000    0.668724 ^ _1729_/A2 (sky130_fd_sc_hd__o21a_2)
     1    0.001537    0.045702    0.197987    0.866710 ^ _1729_/X (sky130_fd_sc_hd__o21a_2)
                                                         _0105_ (net)
                      0.045702    0.000000    0.866710 ^ _2991_/D (sky130_fd_sc_hd__dfxtp_2)
                                              0.866710   data arrival time

                      0.150000    0.000000    0.000000   clock clk (rise edge)
                                  0.000000    0.000000   clock network delay (ideal)
                                  0.250000    0.250000   clock uncertainty
                                  0.000000    0.250000   clock reconvergence pessimism
                                              0.250000 ^ _2991_/CLK (sky130_fd_sc_hd__dfxtp_2)
                                 -0.053609    0.196391   library hold time
                                              0.196391   data required time
---------------------------------------------------------------------------------------------
                                              0.196391   data required time
                                             -0.866710   data arrival time
---------------------------------------------------------------------------------------------
                                              0.670320   slack (MET)


Startpoint: _3136_ (rising edge-triggered flip-flop clocked by clk)
Endpoint: _3136_ (rising edge-triggered flip-flop clocked by clk)
Path Group: clk
Path Type: min

Fanout         Cap        Slew       Delay        Time   Description
---------------------------------------------------------------------------------------------
                      0.150000    0.000000    0.000000   clock clk (rise edge)
                                  0.000000    0.000000   clock network delay (ideal)
                      0.150000    0.000000    0.000000 ^ _3136_/CLK (sky130_fd_sc_hd__dfxtp_2)
     3    0.010793    0.073386    0.668552    0.668552 v _3136_/Q (sky130_fd_sc_hd__dfxtp_2)
                                                         u_core.pe_array[0].u_pe.accum_reg[3] (net)
                      0.073386    0.000000    0.668552 v _2775_/B (sky130_fd_sc_hd__nand2_2)
     1    0.004595    0.070591    0.103857    0.772409 ^ _2775_/Y (sky130_fd_sc_hd__nand2_2)
                                                         _1202_ (net)
                      0.070591    0.000000    0.772409 ^ _2777_/A1 (sky130_fd_sc_hd__a21oi_2)
     1    0.001577    0.052414    0.083600    0.856009 v _2777_/Y (sky130_fd_sc_hd__a21oi_2)
                                                         _0250_ (net)
                      0.052414    0.000000    0.856009 v _3136_/D (sky130_fd_sc_hd__dfxtp_2)
                                              0.856009   data arrival time

                      0.150000    0.000000    0.000000   clock clk (rise edge)
                                  0.000000    0.000000   clock network delay (ideal)
                                  0.250000    0.250000   clock uncertainty
                                  0.000000    0.250000   clock reconvergence pessimism
                                              0.250000 ^ _3136_/CLK (sky130_fd_sc_hd__dfxtp_2)
                                 -0.064778    0.185222   library hold time
                                              0.185222   data required time
---------------------------------------------------------------------------------------------
                                              0.185222   data required time
                                             -0.856009   data arrival time
---------------------------------------------------------------------------------------------
                                              0.670787   slack (MET)


Startpoint: _3135_ (rising edge-triggered flip-flop clocked by clk)
Endpoint: _3135_ (rising edge-triggered flip-flop clocked by clk)
Path Group: clk
Path Type: min

Fanout         Cap        Slew       Delay        Time   Description
---------------------------------------------------------------------------------------------
                      0.150000    0.000000    0.000000   clock clk (rise edge)
                                  0.000000    0.000000   clock network delay (ideal)
                      0.150000    0.000000    0.000000 ^ _3135_/CLK (sky130_fd_sc_hd__dfxtp_2)
     4    0.012131    0.078563    0.674031    0.674031 v _3135_/Q (sky130_fd_sc_hd__dfxtp_2)
                                                         u_core.pe_array[0].u_pe.accum_reg[2] (net)
                      0.078563    0.000000    0.674031 v _2772_/B (sky130_fd_sc_hd__nand2_2)
     1    0.004595    0.070565    0.106177    0.780209 ^ _2772_/Y (sky130_fd_sc_hd__nand2_2)
                                                         _1200_ (net)
                      0.070565    0.000000    0.780209 ^ _2774_/A1 (sky130_fd_sc_hd__a21oi_2)
     1    0.001577    0.052414    0.083590    0.863798 v _2774_/Y (sky130_fd_sc_hd__a21oi_2)
                                                         _0249_ (net)
                      0.052414    0.000000    0.863798 v _3135_/D (sky130_fd_sc_hd__dfxtp_2)
                                              0.863798   data arrival time

                      0.150000    0.000000    0.000000   clock clk (rise edge)
                                  0.000000    0.000000   clock network delay (ideal)
                                  0.250000    0.250000   clock uncertainty
                                  0.000000    0.250000   clock reconvergence pessimism
                                              0.250000 ^ _3135_/CLK (sky130_fd_sc_hd__dfxtp_2)
                                 -0.064778    0.185222   library hold time
                                              0.185222   data required time
---------------------------------------------------------------------------------------------
                                              0.185222   data required time
                                             -0.863798   data arrival time
---------------------------------------------------------------------------------------------
                                              0.678576   slack (MET)


Startpoint: _2900_ (rising edge-triggered flip-flop clocked by clk)
Endpoint: _2900_ (rising edge-triggered flip-flop clocked by clk)
Path Group: clk
Path Type: min

Fanout         Cap        Slew       Delay        Time   Description
---------------------------------------------------------------------------------------------
                      0.150000    0.000000    0.000000   clock clk (rise edge)
                                  0.000000    0.000000   clock network delay (ideal)
                      0.150000    0.000000    0.000000 ^ _2900_/CLK (sky130_fd_sc_hd__dfxtp_2)
     2    0.003116    0.056597    0.673075    0.673075 ^ _2900_/Q (sky130_fd_sc_hd__dfxtp_2)
                                                         u_intf.u_slave.wr_addr_lat[1] (net)
                      0.056597    0.000000    0.673075 ^ _1499_/A0 (sky130_fd_sc_hd__mux2_1)
     1    0.001537    0.058893    0.200800    0.873875 ^ _1499_/X (sky130_fd_sc_hd__mux2_1)
                                                         _0017_ (net)
                      0.058893    0.000000    0.873875 ^ _2900_/D (sky130_fd_sc_hd__dfxtp_2)
                                              0.873875   data arrival time

                      0.150000    0.000000    0.000000   clock clk (rise edge)
                                  0.000000    0.000000   clock network delay (ideal)
                                  0.250000    0.250000   clock uncertainty
                                  0.000000    0.250000   clock reconvergence pessimism
                                              0.250000 ^ _2900_/CLK (sky130_fd_sc_hd__dfxtp_2)
                                 -0.056655    0.193345   library hold time
                                              0.193345   data required time
---------------------------------------------------------------------------------------------
                                              0.193345   data required time
                                             -0.873875   data arrival time
---------------------------------------------------------------------------------------------
                                              0.680530   slack (MET)


Startpoint: _2899_ (rising edge-triggered flip-flop clocked by clk)
Endpoint: _2899_ (rising edge-triggered flip-flop clocked by clk)
Path Group: clk
Path Type: min

Fanout         Cap        Slew       Delay        Time   Description
---------------------------------------------------------------------------------------------
                      0.150000    0.000000    0.000000   clock clk (rise edge)
                                  0.000000    0.000000   clock network delay (ideal)
                      0.150000    0.000000    0.000000 ^ _2899_/CLK (sky130_fd_sc_hd__dfxtp_2)
     2    0.003180    0.057049    0.673571    0.673571 ^ _2899_/Q (sky130_fd_sc_hd__dfxtp_2)
                                                         u_intf.u_slave.wr_addr_lat[0] (net)
                      0.057049    0.000000    0.673571 ^ _1498_/A0 (sky130_fd_sc_hd__mux2_1)
     1    0.001537    0.058893    0.200996    0.874566 ^ _1498_/X (sky130_fd_sc_hd__mux2_1)
                                                         _0016_ (net)
                      0.058893    0.000000    0.874566 ^ _2899_/D (sky130_fd_sc_hd__dfxtp_2)
                                              0.874566   data arrival time

                      0.150000    0.000000    0.000000   clock clk (rise edge)
                                  0.000000    0.000000   clock network delay (ideal)
                                  0.250000    0.250000   clock uncertainty
                                  0.000000    0.250000   clock reconvergence pessimism
                                              0.250000 ^ _2899_/CLK (sky130_fd_sc_hd__dfxtp_2)
                                 -0.056655    0.193345   library hold time
                                              0.193345   data required time
---------------------------------------------------------------------------------------------
                                              0.193345   data required time
                                             -0.874566   data arrival time
---------------------------------------------------------------------------------------------
                                              0.681221   slack (MET)


Startpoint: _2892_ (rising edge-triggered flip-flop clocked by clk)
Endpoint: _2939_ (rising edge-triggered flip-flop clocked by clk)
Path Group: clk
Path Type: min

Fanout         Cap        Slew       Delay        Time   Description
---------------------------------------------------------------------------------------------
                      0.150000    0.000000    0.000000   clock clk (rise edge)
                                  0.000000    0.000000   clock network delay (ideal)
                      0.150000    0.000000    0.000000 ^ _2892_/CLK (sky130_fd_sc_hd__dfxtp_2)
     4    0.012318    0.079286    0.674797    0.674797 v _2892_/Q (sky130_fd_sc_hd__dfxtp_2)
                                                         w_load_cnt[1] (net)
                      0.079286    0.000000    0.674797 v _1466_/A (sky130_fd_sc_hd__nand2_2)
     2    0.006525    0.074289    0.103735    0.778533 ^ _1466_/Y (sky130_fd_sc_hd__nand2_2)
                                                         _1266_ (net)
                      0.074289    0.000000    0.778533 ^ _1468_/A2 (sky130_fd_sc_hd__a21oi_2)
     1    0.001577    0.052498    0.095408    0.873941 v _1468_/Y (sky130_fd_sc_hd__a21oi_2)
                                                         _0002_ (net)
                      0.052498    0.000000    0.873941 v _2939_/D (sky130_fd_sc_hd__dfxtp_2)
                                              0.873941   data arrival time

                      0.150000    0.000000    0.000000   clock clk (rise edge)
                                  0.000000    0.000000   clock network delay (ideal)
                                  0.250000    0.250000   clock uncertainty
                                  0.000000    0.250000   clock reconvergence pessimism
                                              0.250000 ^ _2939_/CLK (sky130_fd_sc_hd__dfxtp_2)
                                 -0.064809    0.185191   library hold time
                                              0.185191   data required time
---------------------------------------------------------------------------------------------
                                              0.185191   data required time
                                             -0.873941   data arrival time
---------------------------------------------------------------------------------------------
                                              0.688750   slack (MET)


Startpoint: _3137_ (rising edge-triggered flip-flop clocked by clk)
Endpoint: _3137_ (rising edge-triggered flip-flop clocked by clk)
Path Group: clk
Path Type: min

Fanout         Cap        Slew       Delay        Time   Description
---------------------------------------------------------------------------------------------
                      0.150000    0.000000    0.000000   clock clk (rise edge)
                                  0.000000    0.000000   clock network delay (ideal)
                      0.150000    0.000000    0.000000 ^ _3137_/CLK (sky130_fd_sc_hd__dfxtp_2)
     4    0.014117    0.086246    0.682165    0.682165 v _3137_/Q (sky130_fd_sc_hd__dfxtp_2)
                                                         u_core.pe_array[0].u_pe.accum_reg[4] (net)
                      0.086246    0.000000    0.682165 v _2778_/B (sky130_fd_sc_hd__nand2_2)
     1    0.004595    0.071340    0.109812    0.791977 ^ _2778_/Y (sky130_fd_sc_hd__nand2_2)
                                                         _1204_ (net)
                      0.071340    0.000000    0.791977 ^ _2780_/A1 (sky130_fd_sc_hd__a21oi_2)
     1    0.001577    0.052396    0.083900    0.875876 v _2780_/Y (sky130_fd_sc_hd__a21oi_2)
                                                         _0251_ (net)
                      0.052396    0.000000    0.875876 v _3137_/D (sky130_fd_sc_hd__dfxtp_2)
                                              0.875876   data arrival time

                      0.150000    0.000000    0.000000   clock clk (rise edge)
                                  0.000000    0.000000   clock network delay (ideal)
                                  0.250000    0.250000   clock uncertainty
                                  0.000000    0.250000   clock reconvergence pessimism
                                              0.250000 ^ _3137_/CLK (sky130_fd_sc_hd__dfxtp_2)
                                 -0.064771    0.185229   library hold time
                                              0.185229   data required time
---------------------------------------------------------------------------------------------
                                              0.185229   data required time
                                             -0.875876   data arrival time
---------------------------------------------------------------------------------------------
                                              0.690648   slack (MET)


Startpoint: _3141_ (rising edge-triggered flip-flop clocked by clk)
Endpoint: _3141_ (rising edge-triggered flip-flop clocked by clk)
Path Group: clk
Path Type: min

Fanout         Cap        Slew       Delay        Time   Description
---------------------------------------------------------------------------------------------
                      0.150000    0.000000    0.000000   clock clk (rise edge)
                                  0.000000    0.000000   clock network delay (ideal)
                      0.150000    0.000000    0.000000 ^ _3141_/CLK (sky130_fd_sc_hd__dfxtp_2)
     3    0.014987    0.089612    0.685728    0.685728 v _3141_/Q (sky130_fd_sc_hd__dfxtp_2)
                                                         u_core.pe_array[0].u_pe.accum_reg[8] (net)
                      0.089612    0.000000    0.685728 v _2788_/B (sky130_fd_sc_hd__nand2_2)
     1    0.004595    0.071721    0.111414    0.797142 ^ _2788_/Y (sky130_fd_sc_hd__nand2_2)
                                                         _1210_ (net)
                      0.071721    0.000000    0.797142 ^ _2790_/A1 (sky130_fd_sc_hd__a21oi_2)
     1    0.001577    0.052387    0.084052    0.881194 v _2790_/Y (sky130_fd_sc_hd__a21oi_2)
                                                         _0255_ (net)
                      0.052387    0.000000    0.881194 v _3141_/D (sky130_fd_sc_hd__dfxtp_2)
                                              0.881194   data arrival time

                      0.150000    0.000000    0.000000   clock clk (rise edge)
                                  0.000000    0.000000   clock network delay (ideal)
                                  0.250000    0.250000   clock uncertainty
                                  0.000000    0.250000   clock reconvergence pessimism
                                              0.250000 ^ _3141_/CLK (sky130_fd_sc_hd__dfxtp_2)
                                 -0.064768    0.185232   library hold time
                                              0.185232   data required time
---------------------------------------------------------------------------------------------
                                              0.185232   data required time
                                             -0.881194   data arrival time
---------------------------------------------------------------------------------------------
                                              0.695962   slack (MET)


Startpoint: _3143_ (rising edge-triggered flip-flop clocked by clk)
Endpoint: _3143_ (rising edge-triggered flip-flop clocked by clk)
Path Group: clk
Path Type: min

Fanout         Cap        Slew       Delay        Time   Description
---------------------------------------------------------------------------------------------
                      0.150000    0.000000    0.000000   clock clk (rise edge)
                                  0.000000    0.000000   clock network delay (ideal)
                      0.150000    0.000000    0.000000 ^ _3143_/CLK (sky130_fd_sc_hd__dfxtp_2)
     3    0.014987    0.089612    0.685728    0.685728 v _3143_/Q (sky130_fd_sc_hd__dfxtp_2)
                                                         u_core.pe_array[0].u_pe.accum_reg[10] (net)
                      0.089612    0.000000    0.685728 v _2794_/B (sky130_fd_sc_hd__nand2_2)
     1    0.004595    0.071721    0.111414    0.797142 ^ _2794_/Y (sky130_fd_sc_hd__nand2_2)
                                                         _1214_ (net)
                      0.071721    0.000000    0.797142 ^ _2796_/A1 (sky130_fd_sc_hd__a21oi_2)
     1    0.001577    0.052387    0.084052    0.881194 v _2796_/Y (sky130_fd_sc_hd__a21oi_2)
                                                         _0257_ (net)
                      0.052387    0.000000    0.881194 v _3143_/D (sky130_fd_sc_hd__dfxtp_2)
                                              0.881194   data arrival time

                      0.150000    0.000000    0.000000   clock clk (rise edge)
                                  0.000000    0.000000   clock network delay (ideal)
                                  0.250000    0.250000   clock uncertainty
                                  0.000000    0.250000   clock reconvergence pessimism
                                              0.250000 ^ _3143_/CLK (sky130_fd_sc_hd__dfxtp_2)
                                 -0.064768    0.185232   library hold time
                                              0.185232   data required time
---------------------------------------------------------------------------------------------
                                              0.185232   data required time
                                             -0.881194   data arrival time
---------------------------------------------------------------------------------------------
                                              0.695962   slack (MET)


Startpoint: _3144_ (rising edge-triggered flip-flop clocked by clk)
Endpoint: _3144_ (rising edge-triggered flip-flop clocked by clk)
Path Group: clk
Path Type: min

Fanout         Cap        Slew       Delay        Time   Description
---------------------------------------------------------------------------------------------
                      0.150000    0.000000    0.000000   clock clk (rise edge)
                                  0.000000    0.000000   clock network delay (ideal)
                      0.150000    0.000000    0.000000 ^ _3144_/CLK (sky130_fd_sc_hd__dfxtp_2)
     3    0.014987    0.089612    0.685728    0.685728 v _3144_/Q (sky130_fd_sc_hd__dfxtp_2)
                                                         u_core.pe_array[0].u_pe.accum_reg[11] (net)
                      0.089612    0.000000    0.685728 v _2797_/B (sky130_fd_sc_hd__nand2_2)
     1    0.004595    0.071721    0.111414    0.797142 ^ _2797_/Y (sky130_fd_sc_hd__nand2_2)
                                                         _1216_ (net)
                      0.071721    0.000000    0.797142 ^ _2799_/A1 (sky130_fd_sc_hd__a21oi_2)
     1    0.001577    0.052387    0.084052    0.881194 v _2799_/Y (sky130_fd_sc_hd__a21oi_2)
                                                         _0258_ (net)
                      0.052387    0.000000    0.881194 v _3144_/D (sky130_fd_sc_hd__dfxtp_2)
                                              0.881194   data arrival time

                      0.150000    0.000000    0.000000   clock clk (rise edge)
                                  0.000000    0.000000   clock network delay (ideal)
                                  0.250000    0.250000   clock uncertainty
                                  0.000000    0.250000   clock reconvergence pessimism
                                              0.250000 ^ _3144_/CLK (sky130_fd_sc_hd__dfxtp_2)
                                 -0.064768    0.185232   library hold time
                                              0.185232   data required time
---------------------------------------------------------------------------------------------
                                              0.185232   data required time
                                             -0.881194   data arrival time
---------------------------------------------------------------------------------------------
                                              0.695962   slack (MET)


Startpoint: _2890_ (rising edge-triggered flip-flop clocked by clk)
Endpoint: _2958_ (rising edge-triggered flip-flop clocked by clk)
Path Group: clk
Path Type: min

Fanout         Cap        Slew       Delay        Time   Description
---------------------------------------------------------------------------------------------
                      0.150000    0.000000    0.000000   clock clk (rise edge)
                                  0.000000    0.000000   clock network delay (ideal)
                      0.150000    0.000000    0.000000 ^ _2890_/CLK (sky130_fd_sc_hd__dfxtp_2)
     4    0.009830    0.104410    0.717536    0.717536 ^ _2890_/Q (sky130_fd_sc_hd__dfxtp_2)
                                                         u_intf.u_slave.rd_state[1] (net)
                      0.104410    0.000000    0.717536 ^ _1600_/A1 (sky130_fd_sc_hd__a311oi_2)
     1    0.001577    0.043305    0.168064    0.885600 v _1600_/Y (sky130_fd_sc_hd__a311oi_2)
                                                         _0072_ (net)
                      0.043305    0.000000    0.885600 v _2958_/D (sky130_fd_sc_hd__dfxtp_2)
                                              0.885600   data arrival time

                      0.150000    0.000000    0.000000   clock clk (rise edge)
                                  0.000000    0.000000   clock network delay (ideal)
                                  0.250000    0.250000   clock uncertainty
                                  0.000000    0.250000   clock reconvergence pessimism
                                              0.250000 ^ _2958_/CLK (sky130_fd_sc_hd__dfxtp_2)
                                 -0.061411    0.188589   library hold time
                                              0.188589   data required time
---------------------------------------------------------------------------------------------
                                              0.188589   data required time
                                             -0.885600   data arrival time
---------------------------------------------------------------------------------------------
                                              0.697011   slack (MET)


Startpoint: _3132_ (rising edge-triggered flip-flop clocked by clk)
Endpoint: _3132_ (rising edge-triggered flip-flop clocked by clk)
Path Group: clk
Path Type: min

Fanout         Cap        Slew       Delay        Time   Description
---------------------------------------------------------------------------------------------
                      0.150000    0.000000    0.000000   clock clk (rise edge)
                                  0.000000    0.000000   clock network delay (ideal)
                      0.150000    0.000000    0.000000 ^ _3132_/CLK (sky130_fd_sc_hd__dfxtp_2)
     2    0.003897    0.062113    0.679122    0.679122 ^ _3132_/Q (sky130_fd_sc_hd__dfxtp_2)
                                                         u_core.pe_accum[0][31] (net)
                      0.062113    0.000000    0.679122 ^ _2764_/A1 (sky130_fd_sc_hd__a21bo_2)
     1    0.001537    0.044758    0.217657    0.896779 ^ _2764_/X (sky130_fd_sc_hd__a21bo_2)
                                                         _0246_ (net)
                      0.044758    0.000000    0.896779 ^ _3132_/D (sky130_fd_sc_hd__dfxtp_2)
                                              0.896779   data arrival time

                      0.150000    0.000000    0.000000   clock clk (rise edge)
                                  0.000000    0.000000   clock network delay (ideal)
                                  0.250000    0.250000   clock uncertainty
                                  0.000000    0.250000   clock reconvergence pessimism
                                              0.250000 ^ _3132_/CLK (sky130_fd_sc_hd__dfxtp_2)
                                 -0.053392    0.196608   library hold time
                                              0.196608   data required time
---------------------------------------------------------------------------------------------
                                              0.196608   data required time
                                             -0.896779   data arrival time
---------------------------------------------------------------------------------------------
                                              0.700170   slack (MET)


Startpoint: _2948_ (rising edge-triggered flip-flop clocked by clk)
Endpoint: _3100_ (rising edge-triggered flip-flop clocked by clk)
Path Group: clk
Path Type: min

Fanout         Cap        Slew       Delay        Time   Description
---------------------------------------------------------------------------------------------
                      0.150000    0.000000    0.000000   clock clk (rise edge)
                                  0.000000    0.000000   clock network delay (ideal)
                      0.150000    0.000000    0.000000 ^ _2948_/CLK (sky130_fd_sc_hd__dfxtp_2)
     1    0.001460    0.044790    0.659830    0.659830 ^ _2948_/Q (sky130_fd_sc_hd__dfxtp_2)
                                                         u_core.pe_array[0].u_pe.valid_out (net)
                      0.044790    0.000000    0.659830 ^ _1944_/B (sky130_fd_sc_hd__and2_2)
     1    0.001537    0.058541    0.236895    0.896725 ^ _1944_/X (sky130_fd_sc_hd__and2_2)
                                                         _0214_ (net)
                      0.058541    0.000000    0.896725 ^ _3100_/D (sky130_fd_sc_hd__dfxtp_2)
                                              0.896725   data arrival time

                      0.150000    0.000000    0.000000   clock clk (rise edge)
                                  0.000000    0.000000   clock network delay (ideal)
                                  0.250000    0.250000   clock uncertainty
                                  0.000000    0.250000   clock reconvergence pessimism
                                              0.250000 ^ _3100_/CLK (sky130_fd_sc_hd__dfxtp_2)
                                 -0.056574    0.193426   library hold time
                                              0.193426   data required time
---------------------------------------------------------------------------------------------
                                              0.193426   data required time
                                             -0.896725   data arrival time
---------------------------------------------------------------------------------------------
                                              0.703299   slack (MET)


Startpoint: _3138_ (rising edge-triggered flip-flop clocked by clk)
Endpoint: _3138_ (rising edge-triggered flip-flop clocked by clk)
Path Group: clk
Path Type: min

Fanout         Cap        Slew       Delay        Time   Description
---------------------------------------------------------------------------------------------
                      0.150000    0.000000    0.000000   clock clk (rise edge)
                                  0.000000    0.000000   clock network delay (ideal)
                      0.150000    0.000000    0.000000 ^ _3138_/CLK (sky130_fd_sc_hd__dfxtp_2)
     3    0.017006    0.097424    0.693996    0.693996 v _3138_/Q (sky130_fd_sc_hd__dfxtp_2)
                                                         u_core.pe_array[0].u_pe.accum_reg[5] (net)
                      0.097424    0.000000    0.693996 v _2781_/B (sky130_fd_sc_hd__nand2_2)
     1    0.004595    0.072605    0.115131    0.809128 ^ _2781_/Y (sky130_fd_sc_hd__nand2_2)
                                                         _1206_ (net)
                      0.072605    0.000000    0.809128 ^ _2783_/A1 (sky130_fd_sc_hd__a21oi_2)
     1    0.001577    0.052366    0.084406    0.893534 v _2783_/Y (sky130_fd_sc_hd__a21oi_2)
                                                         _0252_ (net)
                      0.052366    0.000000    0.893534 v _3138_/D (sky130_fd_sc_hd__dfxtp_2)
                                              0.893534   data arrival time

                      0.150000    0.000000    0.000000   clock clk (rise edge)
                                  0.000000    0.000000   clock network delay (ideal)
                                  0.250000    0.250000   clock uncertainty
                                  0.000000    0.250000   clock reconvergence pessimism
                                              0.250000 ^ _3138_/CLK (sky130_fd_sc_hd__dfxtp_2)
                                 -0.064760    0.185240   library hold time
                                              0.185240   data required time
---------------------------------------------------------------------------------------------
                                              0.185240   data required time
                                             -0.893534   data arrival time
---------------------------------------------------------------------------------------------
                                              0.708295   slack (MET)


Startpoint: _3146_ (rising edge-triggered flip-flop clocked by clk)
Endpoint: _3146_ (rising edge-triggered flip-flop clocked by clk)
Path Group: clk
Path Type: min

Fanout         Cap        Slew       Delay        Time   Description
---------------------------------------------------------------------------------------------
                      0.150000    0.000000    0.000000   clock clk (rise edge)
                                  0.000000    0.000000   clock network delay (ideal)
                      0.150000    0.000000    0.000000 ^ _3146_/CLK (sky130_fd_sc_hd__dfxtp_2)
     3    0.017006    0.097424    0.693996    0.693996 v _3146_/Q (sky130_fd_sc_hd__dfxtp_2)
                                                         u_core.pe_array[0].u_pe.accum_reg[13] (net)
                      0.097424    0.000000    0.693996 v _2802_/B (sky130_fd_sc_hd__nand2_2)
     1    0.004595    0.072605    0.115131    0.809128 ^ _2802_/Y (sky130_fd_sc_hd__nand2_2)
                                                         _1219_ (net)
                      0.072605    0.000000    0.809128 ^ _2804_/A1 (sky130_fd_sc_hd__a21oi_2)
     1    0.001577    0.052366    0.084406    0.893534 v _2804_/Y (sky130_fd_sc_hd__a21oi_2)
                                                         _0260_ (net)
                      0.052366    0.000000    0.893534 v _3146_/D (sky130_fd_sc_hd__dfxtp_2)
                                              0.893534   data arrival time

                      0.150000    0.000000    0.000000   clock clk (rise edge)
                                  0.000000    0.000000   clock network delay (ideal)
                                  0.250000    0.250000   clock uncertainty
                                  0.000000    0.250000   clock reconvergence pessimism
                                              0.250000 ^ _3146_/CLK (sky130_fd_sc_hd__dfxtp_2)
                                 -0.064760    0.185240   library hold time
                                              0.185240   data required time
---------------------------------------------------------------------------------------------
                                              0.185240   data required time
                                             -0.893534   data arrival time
---------------------------------------------------------------------------------------------
                                              0.708295   slack (MET)


Startpoint: _3134_ (rising edge-triggered flip-flop clocked by clk)
Endpoint: _3134_ (rising edge-triggered flip-flop clocked by clk)
Path Group: clk
Path Type: min

Fanout         Cap        Slew       Delay        Time   Description
---------------------------------------------------------------------------------------------
                      0.150000    0.000000    0.000000   clock clk (rise edge)
                                  0.000000    0.000000   clock network delay (ideal)
                      0.150000    0.000000    0.000000 ^ _3134_/CLK (sky130_fd_sc_hd__dfxtp_2)
     3    0.017292    0.098530    0.695168    0.695168 v _3134_/Q (sky130_fd_sc_hd__dfxtp_2)
                                                         u_core.pe_array[0].u_pe.accum_reg[1] (net)
                      0.098530    0.000000    0.695168 v _2769_/B (sky130_fd_sc_hd__nand2_2)
     1    0.004595    0.072730    0.115658    0.810826 ^ _2769_/Y (sky130_fd_sc_hd__nand2_2)
                                                         _1198_ (net)
                      0.072730    0.000000    0.810826 ^ _2771_/A1 (sky130_fd_sc_hd__a21oi_2)
     1    0.001577    0.052363    0.084456    0.895282 v _2771_/Y (sky130_fd_sc_hd__a21oi_2)
                                                         _0248_ (net)
                      0.052363    0.000000    0.895282 v _3134_/D (sky130_fd_sc_hd__dfxtp_2)
                                              0.895282   data arrival time

                      0.150000    0.000000    0.000000   clock clk (rise edge)
                                  0.000000    0.000000   clock network delay (ideal)
                                  0.250000    0.250000   clock uncertainty
                                  0.000000    0.250000   clock reconvergence pessimism
                                              0.250000 ^ _3134_/CLK (sky130_fd_sc_hd__dfxtp_2)
                                 -0.064759    0.185241   library hold time
                                              0.185241   data required time
---------------------------------------------------------------------------------------------
                                              0.185241   data required time
                                             -0.895282   data arrival time
---------------------------------------------------------------------------------------------
                                              0.710042   slack (MET)


Startpoint: _2937_ (rising edge-triggered flip-flop clocked by clk)
Endpoint: _2903_ (rising edge-triggered flip-flop clocked by clk)
Path Group: clk
Path Type: min

Fanout         Cap        Slew       Delay        Time   Description
---------------------------------------------------------------------------------------------
                      0.150000    0.000000    0.000000   clock clk (rise edge)
                                  0.000000    0.000000   clock network delay (ideal)
                      0.150000    0.000000    0.000000 ^ _2937_/CLK (sky130_fd_sc_hd__dfxtp_2)
     5    0.014871    0.089164    0.685253    0.685253 v _2937_/Q (sky130_fd_sc_hd__dfxtp_2)
                                                         state[0] (net)
                      0.089164    0.000000    0.685253 v _1464_/B (sky130_fd_sc_hd__nand2_2)
     3    0.012211    0.123964    0.154729    0.839982 ^ _1464_/Y (sky130_fd_sc_hd__nand2_2)
                                                         _1264_ (net)
                      0.123964    0.000000    0.839982 ^ _1467_/B (sky130_fd_sc_hd__nor2_2)
     1    0.001577    0.031474    0.069463    0.909445 v _1467_/Y (sky130_fd_sc_hd__nor2_2)
                                                         _0020_ (net)
                      0.031474    0.000000    0.909445 v _2903_/D (sky130_fd_sc_hd__dfxtp_2)
                                              0.909445   data arrival time

                      0.150000    0.000000    0.000000   clock clk (rise edge)
                                  0.000000    0.000000   clock network delay (ideal)
                                  0.250000    0.250000   clock uncertainty
                                  0.000000    0.250000   clock reconvergence pessimism
                                              0.250000 ^ _2903_/CLK (sky130_fd_sc_hd__dfxtp_2)
                                 -0.057038    0.192962   library hold time
                                              0.192962   data required time
---------------------------------------------------------------------------------------------
                                              0.192962   data required time
                                             -0.909445   data arrival time
---------------------------------------------------------------------------------------------
                                              0.716484   slack (MET)


Startpoint: _3102_ (rising edge-triggered flip-flop clocked by clk)
Endpoint: _3170_ (rising edge-triggered flip-flop clocked by clk)
Path Group: clk
Path Type: min

Fanout         Cap        Slew       Delay        Time   Description
---------------------------------------------------------------------------------------------
                      0.150000    0.000000    0.000000   clock clk (rise edge)
                                  0.000000    0.000000   clock network delay (ideal)
                      0.150000    0.000000    0.000000 ^ _3102_/CLK (sky130_fd_sc_hd__dfxtp_2)
     2    0.003850    0.061781    0.678758    0.678758 ^ _3102_/Q (sky130_fd_sc_hd__dfxtp_2)
                                                         u_core.pe_accum[0][1] (net)
                      0.061781    0.000000    0.678758 ^ _2854_/A (sky130_fd_sc_hd__and2_2)
     1    0.001537    0.058828    0.232993    0.911751 ^ _2854_/X (sky130_fd_sc_hd__and2_2)
                                                         _0284_ (net)
                      0.058828    0.000000    0.911751 ^ _3170_/D (sky130_fd_sc_hd__dfxtp_2)
                                              0.911751   data arrival time

                      0.150000    0.000000    0.000000   clock clk (rise edge)
                                  0.000000    0.000000   clock network delay (ideal)
                                  0.250000    0.250000   clock uncertainty
                                  0.000000    0.250000   clock reconvergence pessimism
                                              0.250000 ^ _3170_/CLK (sky130_fd_sc_hd__dfxtp_2)
                                 -0.056640    0.193360   library hold time
                                              0.193360   data required time
---------------------------------------------------------------------------------------------
                                              0.193360   data required time
                                             -0.911751   data arrival time
---------------------------------------------------------------------------------------------
                                              0.718391   slack (MET)


Startpoint: _3103_ (rising edge-triggered flip-flop clocked by clk)
Endpoint: _3171_ (rising edge-triggered flip-flop clocked by clk)
Path Group: clk
Path Type: min

Fanout         Cap        Slew       Delay        Time   Description
---------------------------------------------------------------------------------------------
                      0.150000    0.000000    0.000000   clock clk (rise edge)
                                  0.000000    0.000000   clock network delay (ideal)
                      0.150000    0.000000    0.000000 ^ _3103_/CLK (sky130_fd_sc_hd__dfxtp_2)
     2    0.003850    0.061781    0.678758    0.678758 ^ _3103_/Q (sky130_fd_sc_hd__dfxtp_2)
                                                         u_core.pe_accum[0][2] (net)
                      0.061781    0.000000    0.678758 ^ _2855_/A (sky130_fd_sc_hd__and2_2)
     1    0.001537    0.058828    0.232993    0.911751 ^ _2855_/X (sky130_fd_sc_hd__and2_2)
                                                         _0285_ (net)
                      0.058828    0.000000    0.911751 ^ _3171_/D (sky130_fd_sc_hd__dfxtp_2)
                                              0.911751   data arrival time

                      0.150000    0.000000    0.000000   clock clk (rise edge)
                                  0.000000    0.000000   clock network delay (ideal)
                                  0.250000    0.250000   clock uncertainty
                                  0.000000    0.250000   clock reconvergence pessimism
                                              0.250000 ^ _3171_/CLK (sky130_fd_sc_hd__dfxtp_2)
                                 -0.056640    0.193360   library hold time
                                              0.193360   data required time
---------------------------------------------------------------------------------------------
                                              0.193360   data required time
                                             -0.911751   data arrival time
---------------------------------------------------------------------------------------------
                                              0.718391   slack (MET)


Startpoint: _3104_ (rising edge-triggered flip-flop clocked by clk)
Endpoint: _3172_ (rising edge-triggered flip-flop clocked by clk)
Path Group: clk
Path Type: min

Fanout         Cap        Slew       Delay        Time   Description
---------------------------------------------------------------------------------------------
                      0.150000    0.000000    0.000000   clock clk (rise edge)
                                  0.000000    0.000000   clock network delay (ideal)
                      0.150000    0.000000    0.000000 ^ _3104_/CLK (sky130_fd_sc_hd__dfxtp_2)
     2    0.003850    0.061781    0.678758    0.678758 ^ _3104_/Q (sky130_fd_sc_hd__dfxtp_2)
                                                         u_core.pe_accum[0][3] (net)
                      0.061781    0.000000    0.678758 ^ _2856_/A (sky130_fd_sc_hd__and2_2)
     1    0.001537    0.058828    0.232993    0.911751 ^ _2856_/X (sky130_fd_sc_hd__and2_2)
                                                         _0286_ (net)
                      0.058828    0.000000    0.911751 ^ _3172_/D (sky130_fd_sc_hd__dfxtp_2)
                                              0.911751   data arrival time

                      0.150000    0.000000    0.000000   clock clk (rise edge)
                                  0.000000    0.000000   clock network delay (ideal)
                                  0.250000    0.250000   clock uncertainty
                                  0.000000    0.250000   clock reconvergence pessimism
                                              0.250000 ^ _3172_/CLK (sky130_fd_sc_hd__dfxtp_2)
                                 -0.056640    0.193360   library hold time
                                              0.193360   data required time
---------------------------------------------------------------------------------------------
                                              0.193360   data required time
                                             -0.911751   data arrival time
---------------------------------------------------------------------------------------------
                                              0.718391   slack (MET)


Startpoint: _3105_ (rising edge-triggered flip-flop clocked by clk)
Endpoint: _3173_ (rising edge-triggered flip-flop clocked by clk)
Path Group: clk
Path Type: min

Fanout         Cap        Slew       Delay        Time   Description
---------------------------------------------------------------------------------------------
                      0.150000    0.000000    0.000000   clock clk (rise edge)
                                  0.000000    0.000000   clock network delay (ideal)
                      0.150000    0.000000    0.000000 ^ _3105_/CLK (sky130_fd_sc_hd__dfxtp_2)
     2    0.003850    0.061781    0.678758    0.678758 ^ _3105_/Q (sky130_fd_sc_hd__dfxtp_2)
                                                         u_core.pe_accum[0][4] (net)
                      0.061781    0.000000    0.678758 ^ _2857_/A (sky130_fd_sc_hd__and2_2)
     1    0.001537    0.058828    0.232993    0.911751 ^ _2857_/X (sky130_fd_sc_hd__and2_2)
                                                         _0287_ (net)
                      0.058828    0.000000    0.911751 ^ _3173_/D (sky130_fd_sc_hd__dfxtp_2)
                                              0.911751   data arrival time

                      0.150000    0.000000    0.000000   clock clk (rise edge)
                                  0.000000    0.000000   clock network delay (ideal)
                                  0.250000    0.250000   clock uncertainty
                                  0.000000    0.250000   clock reconvergence pessimism
                                              0.250000 ^ _3173_/CLK (sky130_fd_sc_hd__dfxtp_2)
                                 -0.056640    0.193360   library hold time
                                              0.193360   data required time
---------------------------------------------------------------------------------------------
                                              0.193360   data required time
                                             -0.911751   data arrival time
---------------------------------------------------------------------------------------------
                                              0.718391   slack (MET)


Startpoint: _3106_ (rising edge-triggered flip-flop clocked by clk)
Endpoint: _3174_ (rising edge-triggered flip-flop clocked by clk)
Path Group: clk
Path Type: min

Fanout         Cap        Slew       Delay        Time   Description
---------------------------------------------------------------------------------------------
                      0.150000    0.000000    0.000000   clock clk (rise edge)
                                  0.000000    0.000000   clock network delay (ideal)
                      0.150000    0.000000    0.000000 ^ _3106_/CLK (sky130_fd_sc_hd__dfxtp_2)
     2    0.003850    0.061781    0.678758    0.678758 ^ _3106_/Q (sky130_fd_sc_hd__dfxtp_2)
                                                         u_core.pe_accum[0][5] (net)
                      0.061781    0.000000    0.678758 ^ _2858_/A (sky130_fd_sc_hd__and2_2)
     1    0.001537    0.058828    0.232993    0.911751 ^ _2858_/X (sky130_fd_sc_hd__and2_2)
                                                         _0288_ (net)
                      0.058828    0.000000    0.911751 ^ _3174_/D (sky130_fd_sc_hd__dfxtp_2)
                                              0.911751   data arrival time

                      0.150000    0.000000    0.000000   clock clk (rise edge)
                                  0.000000    0.000000   clock network delay (ideal)
                                  0.250000    0.250000   clock uncertainty
                                  0.000000    0.250000   clock reconvergence pessimism
                                              0.250000 ^ _3174_/CLK (sky130_fd_sc_hd__dfxtp_2)
                                 -0.056640    0.193360   library hold time
                                              0.193360   data required time
---------------------------------------------------------------------------------------------
                                              0.193360   data required time
                                             -0.911751   data arrival time
---------------------------------------------------------------------------------------------
                                              0.718391   slack (MET)


Startpoint: _3107_ (rising edge-triggered flip-flop clocked by clk)
Endpoint: _3175_ (rising edge-triggered flip-flop clocked by clk)
Path Group: clk
Path Type: min

Fanout         Cap        Slew       Delay        Time   Description
---------------------------------------------------------------------------------------------
                      0.150000    0.000000    0.000000   clock clk (rise edge)
                                  0.000000    0.000000   clock network delay (ideal)
                      0.150000    0.000000    0.000000 ^ _3107_/CLK (sky130_fd_sc_hd__dfxtp_2)
     2    0.003850    0.061781    0.678758    0.678758 ^ _3107_/Q (sky130_fd_sc_hd__dfxtp_2)
                                                         u_core.pe_accum[0][6] (net)
                      0.061781    0.000000    0.678758 ^ _2859_/A (sky130_fd_sc_hd__and2_2)
     1    0.001537    0.058828    0.232993    0.911751 ^ _2859_/X (sky130_fd_sc_hd__and2_2)
                                                         _0289_ (net)
                      0.058828    0.000000    0.911751 ^ _3175_/D (sky130_fd_sc_hd__dfxtp_2)
                                              0.911751   data arrival time

                      0.150000    0.000000    0.000000   clock clk (rise edge)
                                  0.000000    0.000000   clock network delay (ideal)
                                  0.250000    0.250000   clock uncertainty
                                  0.000000    0.250000   clock reconvergence pessimism
                                              0.250000 ^ _3175_/CLK (sky130_fd_sc_hd__dfxtp_2)
                                 -0.056640    0.193360   library hold time
                                              0.193360   data required time
---------------------------------------------------------------------------------------------
                                              0.193360   data required time
                                             -0.911751   data arrival time
---------------------------------------------------------------------------------------------
                                              0.718391   slack (MET)


Startpoint: _3108_ (rising edge-triggered flip-flop clocked by clk)
Endpoint: _3176_ (rising edge-triggered flip-flop clocked by clk)
Path Group: clk
Path Type: min

Fanout         Cap        Slew       Delay        Time   Description
---------------------------------------------------------------------------------------------
                      0.150000    0.000000    0.000000   clock clk (rise edge)
                                  0.000000    0.000000   clock network delay (ideal)
                      0.150000    0.000000    0.000000 ^ _3108_/CLK (sky130_fd_sc_hd__dfxtp_2)
     2    0.003850    0.061781    0.678758    0.678758 ^ _3108_/Q (sky130_fd_sc_hd__dfxtp_2)
                                                         u_core.pe_accum[0][7] (net)
                      0.061781    0.000000    0.678758 ^ _2860_/A (sky130_fd_sc_hd__and2_2)
     1    0.001537    0.058828    0.232993    0.911751 ^ _2860_/X (sky130_fd_sc_hd__and2_2)
                                                         _0290_ (net)
                      0.058828    0.000000    0.911751 ^ _3176_/D (sky130_fd_sc_hd__dfxtp_2)
                                              0.911751   data arrival time

                      0.150000    0.000000    0.000000   clock clk (rise edge)
                                  0.000000    0.000000   clock network delay (ideal)
                                  0.250000    0.250000   clock uncertainty
                                  0.000000    0.250000   clock reconvergence pessimism
                                              0.250000 ^ _3176_/CLK (sky130_fd_sc_hd__dfxtp_2)
                                 -0.056640    0.193360   library hold time
                                              0.193360   data required time
---------------------------------------------------------------------------------------------
                                              0.193360   data required time
                                             -0.911751   data arrival time
---------------------------------------------------------------------------------------------
                                              0.718391   slack (MET)


Startpoint: _3109_ (rising edge-triggered flip-flop clocked by clk)
Endpoint: _3177_ (rising edge-triggered flip-flop clocked by clk)
Path Group: clk
Path Type: min

Fanout         Cap        Slew       Delay        Time   Description
---------------------------------------------------------------------------------------------
                      0.150000    0.000000    0.000000   clock clk (rise edge)
                                  0.000000    0.000000   clock network delay (ideal)
                      0.150000    0.000000    0.000000 ^ _3109_/CLK (sky130_fd_sc_hd__dfxtp_2)
     2    0.003850    0.061781    0.678758    0.678758 ^ _3109_/Q (sky130_fd_sc_hd__dfxtp_2)
                                                         u_core.pe_accum[0][8] (net)
                      0.061781    0.000000    0.678758 ^ _2861_/A (sky130_fd_sc_hd__and2_2)
     1    0.001537    0.058828    0.232993    0.911751 ^ _2861_/X (sky130_fd_sc_hd__and2_2)
                                                         _0291_ (net)
                      0.058828    0.000000    0.911751 ^ _3177_/D (sky130_fd_sc_hd__dfxtp_2)
                                              0.911751   data arrival time

                      0.150000    0.000000    0.000000   clock clk (rise edge)
                                  0.000000    0.000000   clock network delay (ideal)
                                  0.250000    0.250000   clock uncertainty
                                  0.000000    0.250000   clock reconvergence pessimism
                                              0.250000 ^ _3177_/CLK (sky130_fd_sc_hd__dfxtp_2)
                                 -0.056640    0.193360   library hold time
                                              0.193360   data required time
---------------------------------------------------------------------------------------------
                                              0.193360   data required time
                                             -0.911751   data arrival time
---------------------------------------------------------------------------------------------
                                              0.718391   slack (MET)


Startpoint: _3110_ (rising edge-triggered flip-flop clocked by clk)
Endpoint: _3178_ (rising edge-triggered flip-flop clocked by clk)
Path Group: clk
Path Type: min

Fanout         Cap        Slew       Delay        Time   Description
---------------------------------------------------------------------------------------------
                      0.150000    0.000000    0.000000   clock clk (rise edge)
                                  0.000000    0.000000   clock network delay (ideal)
                      0.150000    0.000000    0.000000 ^ _3110_/CLK (sky130_fd_sc_hd__dfxtp_2)
     2    0.003850    0.061781    0.678758    0.678758 ^ _3110_/Q (sky130_fd_sc_hd__dfxtp_2)
                                                         u_core.pe_accum[0][9] (net)
                      0.061781    0.000000    0.678758 ^ _2862_/A (sky130_fd_sc_hd__and2_2)
     1    0.001537    0.058828    0.232993    0.911751 ^ _2862_/X (sky130_fd_sc_hd__and2_2)
                                                         _0292_ (net)
                      0.058828    0.000000    0.911751 ^ _3178_/D (sky130_fd_sc_hd__dfxtp_2)
                                              0.911751   data arrival time

                      0.150000    0.000000    0.000000   clock clk (rise edge)
                                  0.000000    0.000000   clock network delay (ideal)
                                  0.250000    0.250000   clock uncertainty
                                  0.000000    0.250000   clock reconvergence pessimism
                                              0.250000 ^ _3178_/CLK (sky130_fd_sc_hd__dfxtp_2)
                                 -0.056640    0.193360   library hold time
                                              0.193360   data required time
---------------------------------------------------------------------------------------------
                                              0.193360   data required time
                                             -0.911751   data arrival time
---------------------------------------------------------------------------------------------
                                              0.718391   slack (MET)


Startpoint: _3111_ (rising edge-triggered flip-flop clocked by clk)
Endpoint: _3179_ (rising edge-triggered flip-flop clocked by clk)
Path Group: clk
Path Type: min

Fanout         Cap        Slew       Delay        Time   Description
---------------------------------------------------------------------------------------------
                      0.150000    0.000000    0.000000   clock clk (rise edge)
                                  0.000000    0.000000   clock network delay (ideal)
                      0.150000    0.000000    0.000000 ^ _3111_/CLK (sky130_fd_sc_hd__dfxtp_2)
     2    0.003850    0.061781    0.678758    0.678758 ^ _3111_/Q (sky130_fd_sc_hd__dfxtp_2)
                                                         u_core.pe_accum[0][10] (net)
                      0.061781    0.000000    0.678758 ^ _2863_/A (sky130_fd_sc_hd__and2_2)
     1    0.001537    0.058828    0.232993    0.911751 ^ _2863_/X (sky130_fd_sc_hd__and2_2)
                                                         _0293_ (net)
                      0.058828    0.000000    0.911751 ^ _3179_/D (sky130_fd_sc_hd__dfxtp_2)
                                              0.911751   data arrival time

                      0.150000    0.000000    0.000000   clock clk (rise edge)
                                  0.000000    0.000000   clock network delay (ideal)
                                  0.250000    0.250000   clock uncertainty
                                  0.000000    0.250000   clock reconvergence pessimism
                                              0.250000 ^ _3179_/CLK (sky130_fd_sc_hd__dfxtp_2)
                                 -0.056640    0.193360   library hold time
                                              0.193360   data required time
---------------------------------------------------------------------------------------------
                                              0.193360   data required time
                                             -0.911751   data arrival time
---------------------------------------------------------------------------------------------
                                              0.718391   slack (MET)


Startpoint: _3112_ (rising edge-triggered flip-flop clocked by clk)
Endpoint: _3180_ (rising edge-triggered flip-flop clocked by clk)
Path Group: clk
Path Type: min

Fanout         Cap        Slew       Delay        Time   Description
---------------------------------------------------------------------------------------------
                      0.150000    0.000000    0.000000   clock clk (rise edge)
                                  0.000000    0.000000   clock network delay (ideal)
                      0.150000    0.000000    0.000000 ^ _3112_/CLK (sky130_fd_sc_hd__dfxtp_2)
     2    0.003850    0.061781    0.678758    0.678758 ^ _3112_/Q (sky130_fd_sc_hd__dfxtp_2)
                                                         u_core.pe_accum[0][11] (net)
                      0.061781    0.000000    0.678758 ^ _2864_/A (sky130_fd_sc_hd__and2_2)
     1    0.001537    0.058828    0.232993    0.911751 ^ _2864_/X (sky130_fd_sc_hd__and2_2)
                                                         _0294_ (net)
                      0.058828    0.000000    0.911751 ^ _3180_/D (sky130_fd_sc_hd__dfxtp_2)
                                              0.911751   data arrival time

                      0.150000    0.000000    0.000000   clock clk (rise edge)
                                  0.000000    0.000000   clock network delay (ideal)
                                  0.250000    0.250000   clock uncertainty
                                  0.000000    0.250000   clock reconvergence pessimism
                                              0.250000 ^ _3180_/CLK (sky130_fd_sc_hd__dfxtp_2)
                                 -0.056640    0.193360   library hold time
                                              0.193360   data required time
---------------------------------------------------------------------------------------------
                                              0.193360   data required time
                                             -0.911751   data arrival time
---------------------------------------------------------------------------------------------
                                              0.718391   slack (MET)


Startpoint: _3113_ (rising edge-triggered flip-flop clocked by clk)
Endpoint: _3181_ (rising edge-triggered flip-flop clocked by clk)
Path Group: clk
Path Type: min

Fanout         Cap        Slew       Delay        Time   Description
---------------------------------------------------------------------------------------------
                      0.150000    0.000000    0.000000   clock clk (rise edge)
                                  0.000000    0.000000   clock network delay (ideal)
                      0.150000    0.000000    0.000000 ^ _3113_/CLK (sky130_fd_sc_hd__dfxtp_2)
     2    0.003850    0.061781    0.678758    0.678758 ^ _3113_/Q (sky130_fd_sc_hd__dfxtp_2)
                                                         u_core.pe_accum[0][12] (net)
                      0.061781    0.000000    0.678758 ^ _2865_/A (sky130_fd_sc_hd__and2_2)
     1    0.001537    0.058828    0.232993    0.911751 ^ _2865_/X (sky130_fd_sc_hd__and2_2)
                                                         _0295_ (net)
                      0.058828    0.000000    0.911751 ^ _3181_/D (sky130_fd_sc_hd__dfxtp_2)
                                              0.911751   data arrival time

                      0.150000    0.000000    0.000000   clock clk (rise edge)
                                  0.000000    0.000000   clock network delay (ideal)
                                  0.250000    0.250000   clock uncertainty
                                  0.000000    0.250000   clock reconvergence pessimism
                                              0.250000 ^ _3181_/CLK (sky130_fd_sc_hd__dfxtp_2)
                                 -0.056640    0.193360   library hold time
                                              0.193360   data required time
---------------------------------------------------------------------------------------------
                                              0.193360   data required time
                                             -0.911751   data arrival time
---------------------------------------------------------------------------------------------
                                              0.718391   slack (MET)


Startpoint: _3114_ (rising edge-triggered flip-flop clocked by clk)
Endpoint: _3182_ (rising edge-triggered flip-flop clocked by clk)
Path Group: clk
Path Type: min

Fanout         Cap        Slew       Delay        Time   Description
---------------------------------------------------------------------------------------------
                      0.150000    0.000000    0.000000   clock clk (rise edge)
                                  0.000000    0.000000   clock network delay (ideal)
                      0.150000    0.000000    0.000000 ^ _3114_/CLK (sky130_fd_sc_hd__dfxtp_2)
     2    0.003850    0.061781    0.678758    0.678758 ^ _3114_/Q (sky130_fd_sc_hd__dfxtp_2)
                                                         u_core.pe_accum[0][13] (net)
                      0.061781    0.000000    0.678758 ^ _2866_/A (sky130_fd_sc_hd__and2_2)
     1    0.001537    0.058828    0.232993    0.911751 ^ _2866_/X (sky130_fd_sc_hd__and2_2)
                                                         _0296_ (net)
                      0.058828    0.000000    0.911751 ^ _3182_/D (sky130_fd_sc_hd__dfxtp_2)
                                              0.911751   data arrival time

                      0.150000    0.000000    0.000000   clock clk (rise edge)
                                  0.000000    0.000000   clock network delay (ideal)
                                  0.250000    0.250000   clock uncertainty
                                  0.000000    0.250000   clock reconvergence pessimism
                                              0.250000 ^ _3182_/CLK (sky130_fd_sc_hd__dfxtp_2)
                                 -0.056640    0.193360   library hold time
                                              0.193360   data required time
---------------------------------------------------------------------------------------------
                                              0.193360   data required time
                                             -0.911751   data arrival time
---------------------------------------------------------------------------------------------
                                              0.718391   slack (MET)


Startpoint: _3115_ (rising edge-triggered flip-flop clocked by clk)
Endpoint: _3183_ (rising edge-triggered flip-flop clocked by clk)
Path Group: clk
Path Type: min

Fanout         Cap        Slew       Delay        Time   Description
---------------------------------------------------------------------------------------------
                      0.150000    0.000000    0.000000   clock clk (rise edge)
                                  0.000000    0.000000   clock network delay (ideal)
                      0.150000    0.000000    0.000000 ^ _3115_/CLK (sky130_fd_sc_hd__dfxtp_2)
     2    0.003850    0.061781    0.678758    0.678758 ^ _3115_/Q (sky130_fd_sc_hd__dfxtp_2)
                                                         u_core.pe_accum[0][14] (net)
                      0.061781    0.000000    0.678758 ^ _2867_/A (sky130_fd_sc_hd__and2_2)
     1    0.001537    0.058828    0.232993    0.911751 ^ _2867_/X (sky130_fd_sc_hd__and2_2)
                                                         _0297_ (net)
                      0.058828    0.000000    0.911751 ^ _3183_/D (sky130_fd_sc_hd__dfxtp_2)
                                              0.911751   data arrival time

                      0.150000    0.000000    0.000000   clock clk (rise edge)
                                  0.000000    0.000000   clock network delay (ideal)
                                  0.250000    0.250000   clock uncertainty
                                  0.000000    0.250000   clock reconvergence pessimism
                                              0.250000 ^ _3183_/CLK (sky130_fd_sc_hd__dfxtp_2)
                                 -0.056640    0.193360   library hold time
                                              0.193360   data required time
---------------------------------------------------------------------------------------------
                                              0.193360   data required time
                                             -0.911751   data arrival time
---------------------------------------------------------------------------------------------
                                              0.718391   slack (MET)


Startpoint: _3116_ (rising edge-triggered flip-flop clocked by clk)
Endpoint: _3184_ (rising edge-triggered flip-flop clocked by clk)
Path Group: clk
Path Type: min

Fanout         Cap        Slew       Delay        Time   Description
---------------------------------------------------------------------------------------------
                      0.150000    0.000000    0.000000   clock clk (rise edge)
                                  0.000000    0.000000   clock network delay (ideal)
                      0.150000    0.000000    0.000000 ^ _3116_/CLK (sky130_fd_sc_hd__dfxtp_2)
     2    0.003850    0.061781    0.678758    0.678758 ^ _3116_/Q (sky130_fd_sc_hd__dfxtp_2)
                                                         u_core.pe_accum[0][15] (net)
                      0.061781    0.000000    0.678758 ^ _2868_/A (sky130_fd_sc_hd__and2_2)
     1    0.001537    0.058828    0.232993    0.911751 ^ _2868_/X (sky130_fd_sc_hd__and2_2)
                                                         _0298_ (net)
                      0.058828    0.000000    0.911751 ^ _3184_/D (sky130_fd_sc_hd__dfxtp_2)
                                              0.911751   data arrival time

                      0.150000    0.000000    0.000000   clock clk (rise edge)
                                  0.000000    0.000000   clock network delay (ideal)
                                  0.250000    0.250000   clock uncertainty
                                  0.000000    0.250000   clock reconvergence pessimism
                                              0.250000 ^ _3184_/CLK (sky130_fd_sc_hd__dfxtp_2)
                                 -0.056640    0.193360   library hold time
                                              0.193360   data required time
---------------------------------------------------------------------------------------------
                                              0.193360   data required time
                                             -0.911751   data arrival time
---------------------------------------------------------------------------------------------
                                              0.718391   slack (MET)


Startpoint: _3117_ (rising edge-triggered flip-flop clocked by clk)
Endpoint: _3185_ (rising edge-triggered flip-flop clocked by clk)
Path Group: clk
Path Type: min

Fanout         Cap        Slew       Delay        Time   Description
---------------------------------------------------------------------------------------------
                      0.150000    0.000000    0.000000   clock clk (rise edge)
                                  0.000000    0.000000   clock network delay (ideal)
                      0.150000    0.000000    0.000000 ^ _3117_/CLK (sky130_fd_sc_hd__dfxtp_2)
     2    0.003850    0.061781    0.678758    0.678758 ^ _3117_/Q (sky130_fd_sc_hd__dfxtp_2)
                                                         u_core.pe_accum[0][16] (net)
                      0.061781    0.000000    0.678758 ^ _2869_/A (sky130_fd_sc_hd__and2_2)
     1    0.001537    0.058828    0.232993    0.911751 ^ _2869_/X (sky130_fd_sc_hd__and2_2)
                                                         _0299_ (net)
                      0.058828    0.000000    0.911751 ^ _3185_/D (sky130_fd_sc_hd__dfxtp_2)
                                              0.911751   data arrival time

                      0.150000    0.000000    0.000000   clock clk (rise edge)
                                  0.000000    0.000000   clock network delay (ideal)
                                  0.250000    0.250000   clock uncertainty
                                  0.000000    0.250000   clock reconvergence pessimism
                                              0.250000 ^ _3185_/CLK (sky130_fd_sc_hd__dfxtp_2)
                                 -0.056640    0.193360   library hold time
                                              0.193360   data required time
---------------------------------------------------------------------------------------------
                                              0.193360   data required time
                                             -0.911751   data arrival time
---------------------------------------------------------------------------------------------
                                              0.718391   slack (MET)


Startpoint: _3118_ (rising edge-triggered flip-flop clocked by clk)
Endpoint: _3186_ (rising edge-triggered flip-flop clocked by clk)
Path Group: clk
Path Type: min

Fanout         Cap        Slew       Delay        Time   Description
---------------------------------------------------------------------------------------------
                      0.150000    0.000000    0.000000   clock clk (rise edge)
                                  0.000000    0.000000   clock network delay (ideal)
                      0.150000    0.000000    0.000000 ^ _3118_/CLK (sky130_fd_sc_hd__dfxtp_2)
     2    0.003850    0.061781    0.678758    0.678758 ^ _3118_/Q (sky130_fd_sc_hd__dfxtp_2)
                                                         u_core.pe_accum[0][17] (net)
                      0.061781    0.000000    0.678758 ^ _2870_/A (sky130_fd_sc_hd__and2_2)
     1    0.001537    0.058828    0.232993    0.911751 ^ _2870_/X (sky130_fd_sc_hd__and2_2)
                                                         _0300_ (net)
                      0.058828    0.000000    0.911751 ^ _3186_/D (sky130_fd_sc_hd__dfxtp_2)
                                              0.911751   data arrival time

                      0.150000    0.000000    0.000000   clock clk (rise edge)
                                  0.000000    0.000000   clock network delay (ideal)
                                  0.250000    0.250000   clock uncertainty
                                  0.000000    0.250000   clock reconvergence pessimism
                                              0.250000 ^ _3186_/CLK (sky130_fd_sc_hd__dfxtp_2)
                                 -0.056640    0.193360   library hold time
                                              0.193360   data required time
---------------------------------------------------------------------------------------------
                                              0.193360   data required time
                                             -0.911751   data arrival time
---------------------------------------------------------------------------------------------
                                              0.718391   slack (MET)


Startpoint: _3119_ (rising edge-triggered flip-flop clocked by clk)
Endpoint: _3187_ (rising edge-triggered flip-flop clocked by clk)
Path Group: clk
Path Type: min

Fanout         Cap        Slew       Delay        Time   Description
---------------------------------------------------------------------------------------------
                      0.150000    0.000000    0.000000   clock clk (rise edge)
                                  0.000000    0.000000   clock network delay (ideal)
                      0.150000    0.000000    0.000000 ^ _3119_/CLK (sky130_fd_sc_hd__dfxtp_2)
     2    0.003850    0.061781    0.678758    0.678758 ^ _3119_/Q (sky130_fd_sc_hd__dfxtp_2)
                                                         u_core.pe_accum[0][18] (net)
                      0.061781    0.000000    0.678758 ^ _2871_/A (sky130_fd_sc_hd__and2_2)
     1    0.001537    0.058828    0.232993    0.911751 ^ _2871_/X (sky130_fd_sc_hd__and2_2)
                                                         _0301_ (net)
                      0.058828    0.000000    0.911751 ^ _3187_/D (sky130_fd_sc_hd__dfxtp_2)
                                              0.911751   data arrival time

                      0.150000    0.000000    0.000000   clock clk (rise edge)
                                  0.000000    0.000000   clock network delay (ideal)
                                  0.250000    0.250000   clock uncertainty
                                  0.000000    0.250000   clock reconvergence pessimism
                                              0.250000 ^ _3187_/CLK (sky130_fd_sc_hd__dfxtp_2)
                                 -0.056640    0.193360   library hold time
                                              0.193360   data required time
---------------------------------------------------------------------------------------------
                                              0.193360   data required time
                                             -0.911751   data arrival time
---------------------------------------------------------------------------------------------
                                              0.718391   slack (MET)


Startpoint: _3120_ (rising edge-triggered flip-flop clocked by clk)
Endpoint: _3188_ (rising edge-triggered flip-flop clocked by clk)
Path Group: clk
Path Type: min

Fanout         Cap        Slew       Delay        Time   Description
---------------------------------------------------------------------------------------------
                      0.150000    0.000000    0.000000   clock clk (rise edge)
                                  0.000000    0.000000   clock network delay (ideal)
                      0.150000    0.000000    0.000000 ^ _3120_/CLK (sky130_fd_sc_hd__dfxtp_2)
     2    0.003850    0.061781    0.678758    0.678758 ^ _3120_/Q (sky130_fd_sc_hd__dfxtp_2)
                                                         u_core.pe_accum[0][19] (net)
                      0.061781    0.000000    0.678758 ^ _2872_/A (sky130_fd_sc_hd__and2_2)
     1    0.001537    0.058828    0.232993    0.911751 ^ _2872_/X (sky130_fd_sc_hd__and2_2)
                                                         _0302_ (net)
                      0.058828    0.000000    0.911751 ^ _3188_/D (sky130_fd_sc_hd__dfxtp_2)
                                              0.911751   data arrival time

                      0.150000    0.000000    0.000000   clock clk (rise edge)
                                  0.000000    0.000000   clock network delay (ideal)
                                  0.250000    0.250000   clock uncertainty
                                  0.000000    0.250000   clock reconvergence pessimism
                                              0.250000 ^ _3188_/CLK (sky130_fd_sc_hd__dfxtp_2)
                                 -0.056640    0.193360   library hold time
                                              0.193360   data required time
---------------------------------------------------------------------------------------------
                                              0.193360   data required time
                                             -0.911751   data arrival time
---------------------------------------------------------------------------------------------
                                              0.718391   slack (MET)


Startpoint: _3121_ (rising edge-triggered flip-flop clocked by clk)
Endpoint: _3189_ (rising edge-triggered flip-flop clocked by clk)
Path Group: clk
Path Type: min

Fanout         Cap        Slew       Delay        Time   Description
---------------------------------------------------------------------------------------------
                      0.150000    0.000000    0.000000   clock clk (rise edge)
                                  0.000000    0.000000   clock network delay (ideal)
                      0.150000    0.000000    0.000000 ^ _3121_/CLK (sky130_fd_sc_hd__dfxtp_2)
     2    0.003850    0.061781    0.678758    0.678758 ^ _3121_/Q (sky130_fd_sc_hd__dfxtp_2)
                                                         u_core.pe_accum[0][20] (net)
                      0.061781    0.000000    0.678758 ^ _2873_/A (sky130_fd_sc_hd__and2_2)
     1    0.001537    0.058828    0.232993    0.911751 ^ _2873_/X (sky130_fd_sc_hd__and2_2)
                                                         _0303_ (net)
                      0.058828    0.000000    0.911751 ^ _3189_/D (sky130_fd_sc_hd__dfxtp_2)
                                              0.911751   data arrival time

                      0.150000    0.000000    0.000000   clock clk (rise edge)
                                  0.000000    0.000000   clock network delay (ideal)
                                  0.250000    0.250000   clock uncertainty
                                  0.000000    0.250000   clock reconvergence pessimism
                                              0.250000 ^ _3189_/CLK (sky130_fd_sc_hd__dfxtp_2)
                                 -0.056640    0.193360   library hold time
                                              0.193360   data required time
---------------------------------------------------------------------------------------------
                                              0.193360   data required time
                                             -0.911751   data arrival time
---------------------------------------------------------------------------------------------
                                              0.718391   slack (MET)


Startpoint: _3122_ (rising edge-triggered flip-flop clocked by clk)
Endpoint: _3190_ (rising edge-triggered flip-flop clocked by clk)
Path Group: clk
Path Type: min

Fanout         Cap        Slew       Delay        Time   Description
---------------------------------------------------------------------------------------------
                      0.150000    0.000000    0.000000   clock clk (rise edge)
                                  0.000000    0.000000   clock network delay (ideal)
                      0.150000    0.000000    0.000000 ^ _3122_/CLK (sky130_fd_sc_hd__dfxtp_2)
     2    0.003850    0.061781    0.678758    0.678758 ^ _3122_/Q (sky130_fd_sc_hd__dfxtp_2)
                                                         u_core.pe_accum[0][21] (net)
                      0.061781    0.000000    0.678758 ^ _2874_/A (sky130_fd_sc_hd__and2_2)
     1    0.001537    0.058828    0.232993    0.911751 ^ _2874_/X (sky130_fd_sc_hd__and2_2)
                                                         _0304_ (net)
                      0.058828    0.000000    0.911751 ^ _3190_/D (sky130_fd_sc_hd__dfxtp_2)
                                              0.911751   data arrival time

                      0.150000    0.000000    0.000000   clock clk (rise edge)
                                  0.000000    0.000000   clock network delay (ideal)
                                  0.250000    0.250000   clock uncertainty
                                  0.000000    0.250000   clock reconvergence pessimism
                                              0.250000 ^ _3190_/CLK (sky130_fd_sc_hd__dfxtp_2)
                                 -0.056640    0.193360   library hold time
                                              0.193360   data required time
---------------------------------------------------------------------------------------------
                                              0.193360   data required time
                                             -0.911751   data arrival time
---------------------------------------------------------------------------------------------
                                              0.718391   slack (MET)


Startpoint: _3123_ (rising edge-triggered flip-flop clocked by clk)
Endpoint: _3191_ (rising edge-triggered flip-flop clocked by clk)
Path Group: clk
Path Type: min

Fanout         Cap        Slew       Delay        Time   Description
---------------------------------------------------------------------------------------------
                      0.150000    0.000000    0.000000   clock clk (rise edge)
                                  0.000000    0.000000   clock network delay (ideal)
                      0.150000    0.000000    0.000000 ^ _3123_/CLK (sky130_fd_sc_hd__dfxtp_2)
     2    0.003850    0.061781    0.678758    0.678758 ^ _3123_/Q (sky130_fd_sc_hd__dfxtp_2)
                                                         u_core.pe_accum[0][22] (net)
                      0.061781    0.000000    0.678758 ^ _2875_/A (sky130_fd_sc_hd__and2_2)
     1    0.001537    0.058828    0.232993    0.911751 ^ _2875_/X (sky130_fd_sc_hd__and2_2)
                                                         _0305_ (net)
                      0.058828    0.000000    0.911751 ^ _3191_/D (sky130_fd_sc_hd__dfxtp_2)
                                              0.911751   data arrival time

                      0.150000    0.000000    0.000000   clock clk (rise edge)
                                  0.000000    0.000000   clock network delay (ideal)
                                  0.250000    0.250000   clock uncertainty
                                  0.000000    0.250000   clock reconvergence pessimism
                                              0.250000 ^ _3191_/CLK (sky130_fd_sc_hd__dfxtp_2)
                                 -0.056640    0.193360   library hold time
                                              0.193360   data required time
---------------------------------------------------------------------------------------------
                                              0.193360   data required time
                                             -0.911751   data arrival time
---------------------------------------------------------------------------------------------
                                              0.718391   slack (MET)


Startpoint: _3124_ (rising edge-triggered flip-flop clocked by clk)
Endpoint: _3192_ (rising edge-triggered flip-flop clocked by clk)
Path Group: clk
Path Type: min

Fanout         Cap        Slew       Delay        Time   Description
---------------------------------------------------------------------------------------------
                      0.150000    0.000000    0.000000   clock clk (rise edge)
                                  0.000000    0.000000   clock network delay (ideal)
                      0.150000    0.000000    0.000000 ^ _3124_/CLK (sky130_fd_sc_hd__dfxtp_2)
     2    0.003850    0.061781    0.678758    0.678758 ^ _3124_/Q (sky130_fd_sc_hd__dfxtp_2)
                                                         u_core.pe_accum[0][23] (net)
                      0.061781    0.000000    0.678758 ^ _2876_/A (sky130_fd_sc_hd__and2_2)
     1    0.001537    0.058828    0.232993    0.911751 ^ _2876_/X (sky130_fd_sc_hd__and2_2)
                                                         _0306_ (net)
                      0.058828    0.000000    0.911751 ^ _3192_/D (sky130_fd_sc_hd__dfxtp_2)
                                              0.911751   data arrival time

                      0.150000    0.000000    0.000000   clock clk (rise edge)
                                  0.000000    0.000000   clock network delay (ideal)
                                  0.250000    0.250000   clock uncertainty
                                  0.000000    0.250000   clock reconvergence pessimism
                                              0.250000 ^ _3192_/CLK (sky130_fd_sc_hd__dfxtp_2)
                                 -0.056640    0.193360   library hold time
                                              0.193360   data required time
---------------------------------------------------------------------------------------------
                                              0.193360   data required time
                                             -0.911751   data arrival time
---------------------------------------------------------------------------------------------
                                              0.718391   slack (MET)


Startpoint: _3125_ (rising edge-triggered flip-flop clocked by clk)
Endpoint: _3193_ (rising edge-triggered flip-flop clocked by clk)
Path Group: clk
Path Type: min

Fanout         Cap        Slew       Delay        Time   Description
---------------------------------------------------------------------------------------------
                      0.150000    0.000000    0.000000   clock clk (rise edge)
                                  0.000000    0.000000   clock network delay (ideal)
                      0.150000    0.000000    0.000000 ^ _3125_/CLK (sky130_fd_sc_hd__dfxtp_2)
     2    0.003850    0.061781    0.678758    0.678758 ^ _3125_/Q (sky130_fd_sc_hd__dfxtp_2)
                                                         u_core.pe_accum[0][24] (net)
                      0.061781    0.000000    0.678758 ^ _2877_/A (sky130_fd_sc_hd__and2_2)
     1    0.001537    0.058828    0.232993    0.911751 ^ _2877_/X (sky130_fd_sc_hd__and2_2)
                                                         _0307_ (net)
                      0.058828    0.000000    0.911751 ^ _3193_/D (sky130_fd_sc_hd__dfxtp_2)
                                              0.911751   data arrival time

                      0.150000    0.000000    0.000000   clock clk (rise edge)
                                  0.000000    0.000000   clock network delay (ideal)
                                  0.250000    0.250000   clock uncertainty
                                  0.000000    0.250000   clock reconvergence pessimism
                                              0.250000 ^ _3193_/CLK (sky130_fd_sc_hd__dfxtp_2)
                                 -0.056640    0.193360   library hold time
                                              0.193360   data required time
---------------------------------------------------------------------------------------------
                                              0.193360   data required time
                                             -0.911751   data arrival time
---------------------------------------------------------------------------------------------
                                              0.718391   slack (MET)


Startpoint: _3126_ (rising edge-triggered flip-flop clocked by clk)
Endpoint: _3194_ (rising edge-triggered flip-flop clocked by clk)
Path Group: clk
Path Type: min

Fanout         Cap        Slew       Delay        Time   Description
---------------------------------------------------------------------------------------------
                      0.150000    0.000000    0.000000   clock clk (rise edge)
                                  0.000000    0.000000   clock network delay (ideal)
                      0.150000    0.000000    0.000000 ^ _3126_/CLK (sky130_fd_sc_hd__dfxtp_2)
     2    0.003850    0.061781    0.678758    0.678758 ^ _3126_/Q (sky130_fd_sc_hd__dfxtp_2)
                                                         u_core.pe_accum[0][25] (net)
                      0.061781    0.000000    0.678758 ^ _2878_/A (sky130_fd_sc_hd__and2_2)
     1    0.001537    0.058828    0.232993    0.911751 ^ _2878_/X (sky130_fd_sc_hd__and2_2)
                                                         _0308_ (net)
                      0.058828    0.000000    0.911751 ^ _3194_/D (sky130_fd_sc_hd__dfxtp_2)
                                              0.911751   data arrival time

                      0.150000    0.000000    0.000000   clock clk (rise edge)
                                  0.000000    0.000000   clock network delay (ideal)
                                  0.250000    0.250000   clock uncertainty
                                  0.000000    0.250000   clock reconvergence pessimism
                                              0.250000 ^ _3194_/CLK (sky130_fd_sc_hd__dfxtp_2)
                                 -0.056640    0.193360   library hold time
                                              0.193360   data required time
---------------------------------------------------------------------------------------------
                                              0.193360   data required time
                                             -0.911751   data arrival time
---------------------------------------------------------------------------------------------
                                              0.718391   slack (MET)


Startpoint: _3127_ (rising edge-triggered flip-flop clocked by clk)
Endpoint: _3195_ (rising edge-triggered flip-flop clocked by clk)
Path Group: clk
Path Type: min

Fanout         Cap        Slew       Delay        Time   Description
---------------------------------------------------------------------------------------------
                      0.150000    0.000000    0.000000   clock clk (rise edge)
                                  0.000000    0.000000   clock network delay (ideal)
                      0.150000    0.000000    0.000000 ^ _3127_/CLK (sky130_fd_sc_hd__dfxtp_2)
     2    0.003850    0.061781    0.678758    0.678758 ^ _3127_/Q (sky130_fd_sc_hd__dfxtp_2)
                                                         u_core.pe_accum[0][26] (net)
                      0.061781    0.000000    0.678758 ^ _2879_/A (sky130_fd_sc_hd__and2_2)
     1    0.001537    0.058828    0.232993    0.911751 ^ _2879_/X (sky130_fd_sc_hd__and2_2)
                                                         _0309_ (net)
                      0.058828    0.000000    0.911751 ^ _3195_/D (sky130_fd_sc_hd__dfxtp_2)
                                              0.911751   data arrival time

                      0.150000    0.000000    0.000000   clock clk (rise edge)
                                  0.000000    0.000000   clock network delay (ideal)
                                  0.250000    0.250000   clock uncertainty
                                  0.000000    0.250000   clock reconvergence pessimism
                                              0.250000 ^ _3195_/CLK (sky130_fd_sc_hd__dfxtp_2)
                                 -0.056640    0.193360   library hold time
                                              0.193360   data required time
---------------------------------------------------------------------------------------------
                                              0.193360   data required time
                                             -0.911751   data arrival time
---------------------------------------------------------------------------------------------
                                              0.718391   slack (MET)


Startpoint: _3128_ (rising edge-triggered flip-flop clocked by clk)
Endpoint: _3196_ (rising edge-triggered flip-flop clocked by clk)
Path Group: clk
Path Type: min

Fanout         Cap        Slew       Delay        Time   Description
---------------------------------------------------------------------------------------------
                      0.150000    0.000000    0.000000   clock clk (rise edge)
                                  0.000000    0.000000   clock network delay (ideal)
                      0.150000    0.000000    0.000000 ^ _3128_/CLK (sky130_fd_sc_hd__dfxtp_2)
     2    0.003850    0.061781    0.678758    0.678758 ^ _3128_/Q (sky130_fd_sc_hd__dfxtp_2)
                                                         u_core.pe_accum[0][27] (net)
                      0.061781    0.000000    0.678758 ^ _2880_/A (sky130_fd_sc_hd__and2_2)
     1    0.001537    0.058828    0.232993    0.911751 ^ _2880_/X (sky130_fd_sc_hd__and2_2)
                                                         _0310_ (net)
                      0.058828    0.000000    0.911751 ^ _3196_/D (sky130_fd_sc_hd__dfxtp_2)
                                              0.911751   data arrival time

                      0.150000    0.000000    0.000000   clock clk (rise edge)
                                  0.000000    0.000000   clock network delay (ideal)
                                  0.250000    0.250000   clock uncertainty
                                  0.000000    0.250000   clock reconvergence pessimism
                                              0.250000 ^ _3196_/CLK (sky130_fd_sc_hd__dfxtp_2)
                                 -0.056640    0.193360   library hold time
                                              0.193360   data required time
---------------------------------------------------------------------------------------------
                                              0.193360   data required time
                                             -0.911751   data arrival time
---------------------------------------------------------------------------------------------
                                              0.718391   slack (MET)


Startpoint: _3129_ (rising edge-triggered flip-flop clocked by clk)
Endpoint: _3197_ (rising edge-triggered flip-flop clocked by clk)
Path Group: clk
Path Type: min

Fanout         Cap        Slew       Delay        Time   Description
---------------------------------------------------------------------------------------------
                      0.150000    0.000000    0.000000   clock clk (rise edge)
                                  0.000000    0.000000   clock network delay (ideal)
                      0.150000    0.000000    0.000000 ^ _3129_/CLK (sky130_fd_sc_hd__dfxtp_2)
     2    0.003850    0.061781    0.678758    0.678758 ^ _3129_/Q (sky130_fd_sc_hd__dfxtp_2)
                                                         u_core.pe_accum[0][28] (net)
                      0.061781    0.000000    0.678758 ^ _2881_/A (sky130_fd_sc_hd__and2_2)
     1    0.001537    0.058828    0.232993    0.911751 ^ _2881_/X (sky130_fd_sc_hd__and2_2)
                                                         _0311_ (net)
                      0.058828    0.000000    0.911751 ^ _3197_/D (sky130_fd_sc_hd__dfxtp_2)
                                              0.911751   data arrival time

                      0.150000    0.000000    0.000000   clock clk (rise edge)
                                  0.000000    0.000000   clock network delay (ideal)
                                  0.250000    0.250000   clock uncertainty
                                  0.000000    0.250000   clock reconvergence pessimism
                                              0.250000 ^ _3197_/CLK (sky130_fd_sc_hd__dfxtp_2)
                                 -0.056640    0.193360   library hold time
                                              0.193360   data required time
---------------------------------------------------------------------------------------------
                                              0.193360   data required time
                                             -0.911751   data arrival time
---------------------------------------------------------------------------------------------
                                              0.718391   slack (MET)


Startpoint: _3130_ (rising edge-triggered flip-flop clocked by clk)
Endpoint: _3198_ (rising edge-triggered flip-flop clocked by clk)
Path Group: clk
Path Type: min

Fanout         Cap        Slew       Delay        Time   Description
---------------------------------------------------------------------------------------------
                      0.150000    0.000000    0.000000   clock clk (rise edge)
                                  0.000000    0.000000   clock network delay (ideal)
                      0.150000    0.000000    0.000000 ^ _3130_/CLK (sky130_fd_sc_hd__dfxtp_2)
     2    0.003850    0.061781    0.678758    0.678758 ^ _3130_/Q (sky130_fd_sc_hd__dfxtp_2)
                                                         u_core.pe_accum[0][29] (net)
                      0.061781    0.000000    0.678758 ^ _2882_/A (sky130_fd_sc_hd__and2_2)
     1    0.001537    0.058828    0.232993    0.911751 ^ _2882_/X (sky130_fd_sc_hd__and2_2)
                                                         _0312_ (net)
                      0.058828    0.000000    0.911751 ^ _3198_/D (sky130_fd_sc_hd__dfxtp_2)
                                              0.911751   data arrival time

                      0.150000    0.000000    0.000000   clock clk (rise edge)
                                  0.000000    0.000000   clock network delay (ideal)
                                  0.250000    0.250000   clock uncertainty
                                  0.000000    0.250000   clock reconvergence pessimism
                                              0.250000 ^ _3198_/CLK (sky130_fd_sc_hd__dfxtp_2)
                                 -0.056640    0.193360   library hold time
                                              0.193360   data required time
---------------------------------------------------------------------------------------------
                                              0.193360   data required time
                                             -0.911751   data arrival time
---------------------------------------------------------------------------------------------
                                              0.718391   slack (MET)


Startpoint: _3131_ (rising edge-triggered flip-flop clocked by clk)
Endpoint: _3199_ (rising edge-triggered flip-flop clocked by clk)
Path Group: clk
Path Type: min

Fanout         Cap        Slew       Delay        Time   Description
---------------------------------------------------------------------------------------------
                      0.150000    0.000000    0.000000   clock clk (rise edge)
                                  0.000000    0.000000   clock network delay (ideal)
                      0.150000    0.000000    0.000000 ^ _3131_/CLK (sky130_fd_sc_hd__dfxtp_2)
     2    0.003850    0.061781    0.678758    0.678758 ^ _3131_/Q (sky130_fd_sc_hd__dfxtp_2)
                                                         u_core.pe_accum[0][30] (net)
                      0.061781    0.000000    0.678758 ^ _2883_/A (sky130_fd_sc_hd__and2_2)
     1    0.001537    0.058828    0.232993    0.911751 ^ _2883_/X (sky130_fd_sc_hd__and2_2)
                                                         _0313_ (net)
                      0.058828    0.000000    0.911751 ^ _3199_/D (sky130_fd_sc_hd__dfxtp_2)
                                              0.911751   data arrival time

                      0.150000    0.000000    0.000000   clock clk (rise edge)
                                  0.000000    0.000000   clock network delay (ideal)
                                  0.250000    0.250000   clock uncertainty
                                  0.000000    0.250000   clock reconvergence pessimism
                                              0.250000 ^ _3199_/CLK (sky130_fd_sc_hd__dfxtp_2)
                                 -0.056640    0.193360   library hold time
                                              0.193360   data required time
---------------------------------------------------------------------------------------------
                                              0.193360   data required time
                                             -0.911751   data arrival time
---------------------------------------------------------------------------------------------
                                              0.718391   slack (MET)


Startpoint: _3132_ (rising edge-triggered flip-flop clocked by clk)
Endpoint: _3200_ (rising edge-triggered flip-flop clocked by clk)
Path Group: clk
Path Type: min

Fanout         Cap        Slew       Delay        Time   Description
---------------------------------------------------------------------------------------------
                      0.150000    0.000000    0.000000   clock clk (rise edge)
                                  0.000000    0.000000   clock network delay (ideal)
                      0.150000    0.000000    0.000000 ^ _3132_/CLK (sky130_fd_sc_hd__dfxtp_2)
     2    0.003897    0.062113    0.679122    0.679122 ^ _3132_/Q (sky130_fd_sc_hd__dfxtp_2)
                                                         u_core.pe_accum[0][31] (net)
                      0.062113    0.000000    0.679122 ^ _2884_/A (sky130_fd_sc_hd__and2_2)
     1    0.001537    0.058832    0.233133    0.912255 ^ _2884_/X (sky130_fd_sc_hd__and2_2)
                                                         _0314_ (net)
                      0.058832    0.000000    0.912255 ^ _3200_/D (sky130_fd_sc_hd__dfxtp_2)
                                              0.912255   data arrival time

                      0.150000    0.000000    0.000000   clock clk (rise edge)
                                  0.000000    0.000000   clock network delay (ideal)
                                  0.250000    0.250000   clock uncertainty
                                  0.000000    0.250000   clock reconvergence pessimism
                                              0.250000 ^ _3200_/CLK (sky130_fd_sc_hd__dfxtp_2)
                                 -0.056641    0.193359   library hold time
                                              0.193359   data required time
---------------------------------------------------------------------------------------------
                                              0.193359   data required time
                                             -0.912255   data arrival time
---------------------------------------------------------------------------------------------
                                              0.718896   slack (MET)


Startpoint: _3101_ (rising edge-triggered flip-flop clocked by clk)
Endpoint: _3169_ (rising edge-triggered flip-flop clocked by clk)
Path Group: clk
Path Type: min

Fanout         Cap        Slew       Delay        Time   Description
---------------------------------------------------------------------------------------------
                      0.150000    0.000000    0.000000   clock clk (rise edge)
                                  0.000000    0.000000   clock network delay (ideal)
                      0.150000    0.000000    0.000000 ^ _3101_/CLK (sky130_fd_sc_hd__dfxtp_2)
     2    0.003906    0.062177    0.679192    0.679192 ^ _3101_/Q (sky130_fd_sc_hd__dfxtp_2)
                                                         u_core.pe_accum[0][0] (net)
                      0.062177    0.000000    0.679192 ^ _2853_/A (sky130_fd_sc_hd__and2_2)
     1    0.001537    0.058832    0.233160    0.912352 ^ _2853_/X (sky130_fd_sc_hd__and2_2)
                                                         _0283_ (net)
                      0.058832    0.000000    0.912352 ^ _3169_/D (sky130_fd_sc_hd__dfxtp_2)
                                              0.912352   data arrival time

                      0.150000    0.000000    0.000000   clock clk (rise edge)
                                  0.000000    0.000000   clock network delay (ideal)
                                  0.250000    0.250000   clock uncertainty
                                  0.000000    0.250000   clock reconvergence pessimism
                                              0.250000 ^ _3169_/CLK (sky130_fd_sc_hd__dfxtp_2)
                                 -0.056641    0.193359   library hold time
                                              0.193359   data required time
---------------------------------------------------------------------------------------------
                                              0.193359   data required time
                                             -0.912352   data arrival time
---------------------------------------------------------------------------------------------
                                              0.718993   slack (MET)


Startpoint: _2893_ (rising edge-triggered flip-flop clocked by clk)
Endpoint: _2893_ (rising edge-triggered flip-flop clocked by clk)
Path Group: clk
Path Type: min

Fanout         Cap        Slew       Delay        Time   Description
---------------------------------------------------------------------------------------------
                      0.150000    0.000000    0.000000   clock clk (rise edge)
                                  0.000000    0.000000   clock network delay (ideal)
                      0.150000    0.000000    0.000000 ^ _2893_/CLK (sky130_fd_sc_hd__dfxtp_2)
     3    0.007556    0.088146    0.703824    0.703824 ^ _2893_/Q (sky130_fd_sc_hd__dfxtp_2)
                                                         u_core.weight_addr[0] (net)
                      0.088146    0.000000    0.703824 ^ _1483_/A1 (sky130_fd_sc_hd__a21oi_2)
     1    0.004181    0.057939    0.106803    0.810627 v _1483_/Y (sky130_fd_sc_hd__a21oi_2)
                                                         _1276_ (net)
                      0.057939    0.000000    0.810627 v _1484_/B (sky130_fd_sc_hd__nor2_2)
     1    0.001537    0.081003    0.098142    0.908769 ^ _1484_/Y (sky130_fd_sc_hd__nor2_2)
                                                         _0010_ (net)
                      0.081003    0.000000    0.908769 ^ _2893_/D (sky130_fd_sc_hd__dfxtp_2)
                                              0.908769   data arrival time

                      0.150000    0.000000    0.000000   clock clk (rise edge)
                                  0.000000    0.000000   clock network delay (ideal)
                                  0.250000    0.250000   clock uncertainty
                                  0.000000    0.250000   clock reconvergence pessimism
                                              0.250000 ^ _2893_/CLK (sky130_fd_sc_hd__dfxtp_2)
                                 -0.061760    0.188240   library hold time
                                              0.188240   data required time
---------------------------------------------------------------------------------------------
                                              0.188240   data required time
                                             -0.908769   data arrival time
---------------------------------------------------------------------------------------------
                                              0.720529   slack (MET)


Startpoint: _3101_ (rising edge-triggered flip-flop clocked by clk)
Endpoint: _3101_ (rising edge-triggered flip-flop clocked by clk)
Path Group: clk
Path Type: min

Fanout         Cap        Slew       Delay        Time   Description
---------------------------------------------------------------------------------------------
                      0.150000    0.000000    0.000000   clock clk (rise edge)
                                  0.000000    0.000000   clock network delay (ideal)
                      0.150000    0.000000    0.000000 ^ _3101_/CLK (sky130_fd_sc_hd__dfxtp_2)
     2    0.003906    0.062177    0.679192    0.679192 ^ _3101_/Q (sky130_fd_sc_hd__dfxtp_2)
                                                         u_core.pe_accum[0][0] (net)
                      0.062177    0.000000    0.679192 ^ _1950_/B2 (sky130_fd_sc_hd__a22o_2)
     1    0.001537    0.052664    0.236936    0.916128 ^ _1950_/X (sky130_fd_sc_hd__a22o_2)
                                                         _0215_ (net)
                      0.052664    0.000000    0.916128 ^ _3101_/D (sky130_fd_sc_hd__dfxtp_2)
                                              0.916128   data arrival time

                      0.150000    0.000000    0.000000   clock clk (rise edge)
                                  0.000000    0.000000   clock network delay (ideal)
                                  0.250000    0.250000   clock uncertainty
                                  0.000000    0.250000   clock reconvergence pessimism
                                              0.250000 ^ _3101_/CLK (sky130_fd_sc_hd__dfxtp_2)
                                 -0.055217    0.194783   library hold time
                                              0.194783   data required time
---------------------------------------------------------------------------------------------
                                              0.194783   data required time
                                             -0.916128   data arrival time
---------------------------------------------------------------------------------------------
                                              0.721345   slack (MET)


Startpoint: _2902_ (rising edge-triggered flip-flop clocked by clk)
Endpoint: _2902_ (rising edge-triggered flip-flop clocked by clk)
Path Group: clk
Path Type: min

Fanout         Cap        Slew       Delay        Time   Description
---------------------------------------------------------------------------------------------
                      0.150000    0.000000    0.000000   clock clk (rise edge)
                                  0.000000    0.000000   clock network delay (ideal)
                      0.150000    0.000000    0.000000 ^ _2902_/CLK (sky130_fd_sc_hd__dfxtp_2)
     5    0.007498    0.087731    0.703474    0.703474 ^ _2902_/Q (sky130_fd_sc_hd__dfxtp_2)
                                                         u_intf.u_slave.wr_addr_lat[3] (net)
                      0.087731    0.000000    0.703474 ^ _1501_/A0 (sky130_fd_sc_hd__mux2_1)
     1    0.001537    0.058893    0.214200    0.917675 ^ _1501_/X (sky130_fd_sc_hd__mux2_1)
                                                         _0019_ (net)
                      0.058893    0.000000    0.917675 ^ _2902_/D (sky130_fd_sc_hd__dfxtp_2)
                                              0.917675   data arrival time

                      0.150000    0.000000    0.000000   clock clk (rise edge)
                                  0.000000    0.000000   clock network delay (ideal)
                                  0.250000    0.250000   clock uncertainty
                                  0.000000    0.250000   clock reconvergence pessimism
                                              0.250000 ^ _2902_/CLK (sky130_fd_sc_hd__dfxtp_2)
                                 -0.056655    0.193345   library hold time
                                              0.193345   data required time
---------------------------------------------------------------------------------------------
                                              0.193345   data required time
                                             -0.917675   data arrival time
---------------------------------------------------------------------------------------------
                                              0.724330   slack (MET)


Startpoint: _3040_ (rising edge-triggered flip-flop clocked by clk)
Endpoint: _3000_ (rising edge-triggered flip-flop clocked by clk)
Path Group: clk
Path Type: min

Fanout         Cap        Slew       Delay        Time   Description
---------------------------------------------------------------------------------------------
                      0.150000    0.000000    0.000000   clock clk (rise edge)
                                  0.000000    0.000000   clock network delay (ideal)
                      0.150000    0.000000    0.000000 ^ _3040_/CLK (sky130_fd_sc_hd__dfxtp_2)
     3    0.004724    0.067954    0.685525    0.685525 ^ _3040_/Q (sky130_fd_sc_hd__dfxtp_2)
                                                         u_intf.u_slave.reg_weight[5] (net)
                      0.067954    0.000000    0.685525 ^ _1743_/A (sky130_fd_sc_hd__and2_2)
     1    0.001537    0.058889    0.235599    0.921124 ^ _1743_/X (sky130_fd_sc_hd__and2_2)
                                                         _0114_ (net)
                      0.058889    0.000000    0.921124 ^ _3000_/D (sky130_fd_sc_hd__dfxtp_2)
                                              0.921124   data arrival time

                      0.150000    0.000000    0.000000   clock clk (rise edge)
                                  0.000000    0.000000   clock network delay (ideal)
                                  0.250000    0.250000   clock uncertainty
                                  0.000000    0.250000   clock reconvergence pessimism
                                              0.250000 ^ _3000_/CLK (sky130_fd_sc_hd__dfxtp_2)
                                 -0.056654    0.193346   library hold time
                                              0.193346   data required time
---------------------------------------------------------------------------------------------
                                              0.193346   data required time
                                             -0.921124   data arrival time
---------------------------------------------------------------------------------------------
                                              0.727778   slack (MET)


Startpoint: _3035_ (rising edge-triggered flip-flop clocked by clk)
Endpoint: _2995_ (rising edge-triggered flip-flop clocked by clk)
Path Group: clk
Path Type: min

Fanout         Cap        Slew       Delay        Time   Description
---------------------------------------------------------------------------------------------
                      0.150000    0.000000    0.000000   clock clk (rise edge)
                                  0.000000    0.000000   clock network delay (ideal)
                      0.150000    0.000000    0.000000 ^ _3035_/CLK (sky130_fd_sc_hd__dfxtp_2)
     3    0.004857    0.068894    0.686555    0.686555 ^ _3035_/Q (sky130_fd_sc_hd__dfxtp_2)
                                                         u_intf.u_slave.reg_weight[0] (net)
                      0.068894    0.000000    0.686555 ^ _1738_/A (sky130_fd_sc_hd__and2_2)
     1    0.001537    0.058898    0.235995    0.922550 ^ _1738_/X (sky130_fd_sc_hd__and2_2)
                                                         _0109_ (net)
                      0.058898    0.000000    0.922550 ^ _2995_/D (sky130_fd_sc_hd__dfxtp_2)
                                              0.922550   data arrival time

                      0.150000    0.000000    0.000000   clock clk (rise edge)
                                  0.000000    0.000000   clock network delay (ideal)
                                  0.250000    0.250000   clock uncertainty
                                  0.000000    0.250000   clock reconvergence pessimism
                                              0.250000 ^ _2995_/CLK (sky130_fd_sc_hd__dfxtp_2)
                                 -0.056656    0.193344   library hold time
                                              0.193344   data required time
---------------------------------------------------------------------------------------------
                                              0.193344   data required time
                                             -0.922550   data arrival time
---------------------------------------------------------------------------------------------
                                              0.729207   slack (MET)


Startpoint: _3166_ (rising edge-triggered flip-flop clocked by clk)
Endpoint: _3166_ (rising edge-triggered flip-flop clocked by clk)
Path Group: clk
Path Type: min

Fanout         Cap        Slew       Delay        Time   Description
---------------------------------------------------------------------------------------------
                      0.150000    0.000000    0.000000   clock clk (rise edge)
                                  0.000000    0.000000   clock network delay (ideal)
                      0.150000    0.000000    0.000000 ^ _3166_/CLK (sky130_fd_sc_hd__dfxtp_2)
     3    0.006998    0.058703    0.653010    0.653010 v _3166_/Q (sky130_fd_sc_hd__dfxtp_2)
                                                         u_core.pe_array[0].u_pe.tap_count[1] (net)
                      0.058703    0.000000    0.653010 v _2845_/B1 (sky130_fd_sc_hd__a21oi_2)
     1    0.004646    0.147773    0.175844    0.828853 ^ _2845_/Y (sky130_fd_sc_hd__a21oi_2)
                                                         _1242_ (net)
                      0.147773    0.000000    0.828853 ^ _2847_/B (sky130_fd_sc_hd__nor3_2)
     1    0.001577    0.037822    0.097805    0.926658 v _2847_/Y (sky130_fd_sc_hd__nor3_2)
                                                         _0280_ (net)
                      0.037822    0.000000    0.926658 v _3166_/D (sky130_fd_sc_hd__dfxtp_2)
                                              0.926658   data arrival time

                      0.150000    0.000000    0.000000   clock clk (rise edge)
                                  0.000000    0.000000   clock network delay (ideal)
                                  0.250000    0.250000   clock uncertainty
                                  0.000000    0.250000   clock reconvergence pessimism
                                              0.250000 ^ _3166_/CLK (sky130_fd_sc_hd__dfxtp_2)
                                 -0.059385    0.190615   library hold time
                                              0.190615   data required time
---------------------------------------------------------------------------------------------
                                              0.190615   data required time
                                             -0.926658   data arrival time
---------------------------------------------------------------------------------------------
                                              0.736043   slack (MET)


Startpoint: _2901_ (rising edge-triggered flip-flop clocked by clk)
Endpoint: _2901_ (rising edge-triggered flip-flop clocked by clk)
Path Group: clk
Path Type: min

Fanout         Cap        Slew       Delay        Time   Description
---------------------------------------------------------------------------------------------
                      0.150000    0.000000    0.000000   clock clk (rise edge)
                                  0.000000    0.000000   clock network delay (ideal)
                      0.150000    0.000000    0.000000 ^ _2901_/CLK (sky130_fd_sc_hd__dfxtp_2)
     4    0.008967    0.098237    0.712332    0.712332 ^ _2901_/Q (sky130_fd_sc_hd__dfxtp_2)
                                                         u_intf.u_slave.wr_addr_lat[2] (net)
                      0.098237    0.000000    0.712332 ^ _1500_/A0 (sky130_fd_sc_hd__mux2_1)
     1    0.001537    0.058893    0.218655    0.930987 ^ _1500_/X (sky130_fd_sc_hd__mux2_1)
                                                         _0018_ (net)
                      0.058893    0.000000    0.930987 ^ _2901_/D (sky130_fd_sc_hd__dfxtp_2)
                                              0.930987   data arrival time

                      0.150000    0.000000    0.000000   clock clk (rise edge)
                                  0.000000    0.000000   clock network delay (ideal)
                                  0.250000    0.250000   clock uncertainty
                                  0.000000    0.250000   clock reconvergence pessimism
                                              0.250000 ^ _2901_/CLK (sky130_fd_sc_hd__dfxtp_2)
                                 -0.056655    0.193345   library hold time
                                              0.193345   data required time
---------------------------------------------------------------------------------------------
                                              0.193345   data required time
                                             -0.930987   data arrival time
---------------------------------------------------------------------------------------------
                                              0.737642   slack (MET)


Startpoint: _3010_ (rising edge-triggered flip-flop clocked by clk)
Endpoint: _2956_ (rising edge-triggered flip-flop clocked by clk)
Path Group: clk
Path Type: min

Fanout         Cap        Slew       Delay        Time   Description
---------------------------------------------------------------------------------------------
                      0.150000    0.000000    0.000000   clock clk (rise edge)
                                  0.000000    0.000000   clock network delay (ideal)
                      0.150000    0.000000    0.000000 ^ _3010_/CLK (sky130_fd_sc_hd__dfxtp_2)
     3    0.005736    0.075129    0.692850    0.692850 ^ _3010_/Q (sky130_fd_sc_hd__dfxtp_2)
                                                         u_intf.u_slave.reg_pixel[7] (net)
                      0.075129    0.000000    0.692850 ^ _1597_/A (sky130_fd_sc_hd__and2_2)
     1    0.001537    0.058959    0.238627    0.931477 ^ _1597_/X (sky130_fd_sc_hd__and2_2)
                                                         _0070_ (net)
                      0.058959    0.000000    0.931477 ^ _2956_/D (sky130_fd_sc_hd__dfxtp_2)
                                              0.931477   data arrival time

                      0.150000    0.000000    0.000000   clock clk (rise edge)
                                  0.000000    0.000000   clock network delay (ideal)
                                  0.250000    0.250000   clock uncertainty
                                  0.000000    0.250000   clock reconvergence pessimism
                                              0.250000 ^ _2956_/CLK (sky130_fd_sc_hd__dfxtp_2)
                                 -0.056670    0.193330   library hold time
                                              0.193330   data required time
---------------------------------------------------------------------------------------------
                                              0.193330   data required time
                                             -0.931477   data arrival time
---------------------------------------------------------------------------------------------
                                              0.738148   slack (MET)


Startpoint: _3041_ (rising edge-triggered flip-flop clocked by clk)
Endpoint: _3001_ (rising edge-triggered flip-flop clocked by clk)
Path Group: clk
Path Type: min

Fanout         Cap        Slew       Delay        Time   Description
---------------------------------------------------------------------------------------------
                      0.150000    0.000000    0.000000   clock clk (rise edge)
                                  0.000000    0.000000   clock network delay (ideal)
                      0.150000    0.000000    0.000000 ^ _3041_/CLK (sky130_fd_sc_hd__dfxtp_2)
     3    0.005757    0.075279    0.692977    0.692977 ^ _3041_/Q (sky130_fd_sc_hd__dfxtp_2)
                                                         u_intf.u_slave.reg_weight[6] (net)
                      0.075279    0.000000    0.692977 ^ _1744_/A (sky130_fd_sc_hd__and2_2)
     1    0.001537    0.058961    0.238691    0.931667 ^ _1744_/X (sky130_fd_sc_hd__and2_2)
                                                         _0115_ (net)
                      0.058961    0.000000    0.931667 ^ _3001_/D (sky130_fd_sc_hd__dfxtp_2)
                                              0.931667   data arrival time

                      0.150000    0.000000    0.000000   clock clk (rise edge)
                                  0.000000    0.000000   clock network delay (ideal)
                                  0.250000    0.250000   clock uncertainty
                                  0.000000    0.250000   clock reconvergence pessimism
                                              0.250000 ^ _3001_/CLK (sky130_fd_sc_hd__dfxtp_2)
                                 -0.056671    0.193329   library hold time
                                              0.193329   data required time
---------------------------------------------------------------------------------------------
                                              0.193329   data required time
                                             -0.931667   data arrival time
---------------------------------------------------------------------------------------------
                                              0.738338   slack (MET)


Startpoint: _3008_ (rising edge-triggered flip-flop clocked by clk)
Endpoint: _2954_ (rising edge-triggered flip-flop clocked by clk)
Path Group: clk
Path Type: min

Fanout         Cap        Slew       Delay        Time   Description
---------------------------------------------------------------------------------------------
                      0.150000    0.000000    0.000000   clock clk (rise edge)
                                  0.000000    0.000000   clock network delay (ideal)
                      0.150000    0.000000    0.000000 ^ _3008_/CLK (sky130_fd_sc_hd__dfxtp_2)
     3    0.005763    0.075322    0.693013    0.693013 ^ _3008_/Q (sky130_fd_sc_hd__dfxtp_2)
                                                         u_intf.u_slave.reg_pixel[5] (net)
                      0.075322    0.000000    0.693013 ^ _1595_/A (sky130_fd_sc_hd__and2_2)
     1    0.001537    0.058961    0.238709    0.931722 ^ _1595_/X (sky130_fd_sc_hd__and2_2)
                                                         _0068_ (net)
                      0.058961    0.000000    0.931722 ^ _2954_/D (sky130_fd_sc_hd__dfxtp_2)
                                              0.931722   data arrival time

                      0.150000    0.000000    0.000000   clock clk (rise edge)
                                  0.000000    0.000000   clock network delay (ideal)
                                  0.250000    0.250000   clock uncertainty
                                  0.000000    0.250000   clock reconvergence pessimism
                                              0.250000 ^ _2954_/CLK (sky130_fd_sc_hd__dfxtp_2)
                                 -0.056671    0.193329   library hold time
                                              0.193329   data required time
---------------------------------------------------------------------------------------------
                                              0.193329   data required time
                                             -0.931722   data arrival time
---------------------------------------------------------------------------------------------
                                              0.738393   slack (MET)


Startpoint: _3004_ (rising edge-triggered flip-flop clocked by clk)
Endpoint: _2950_ (rising edge-triggered flip-flop clocked by clk)
Path Group: clk
Path Type: min

Fanout         Cap        Slew       Delay        Time   Description
---------------------------------------------------------------------------------------------
                      0.150000    0.000000    0.000000   clock clk (rise edge)
                                  0.000000    0.000000   clock network delay (ideal)
                      0.150000    0.000000    0.000000 ^ _3004_/CLK (sky130_fd_sc_hd__dfxtp_2)
     3    0.005798    0.075572    0.693224    0.693224 ^ _3004_/Q (sky130_fd_sc_hd__dfxtp_2)
                                                         u_intf.u_slave.reg_pixel[1] (net)
                      0.075572    0.000000    0.693224 ^ _1591_/A (sky130_fd_sc_hd__and2_2)
     1    0.001537    0.058964    0.238814    0.932038 ^ _1591_/X (sky130_fd_sc_hd__and2_2)
                                                         _0064_ (net)
                      0.058964    0.000000    0.932038 ^ _2950_/D (sky130_fd_sc_hd__dfxtp_2)
                                              0.932038   data arrival time

                      0.150000    0.000000    0.000000   clock clk (rise edge)
                                  0.000000    0.000000   clock network delay (ideal)
                                  0.250000    0.250000   clock uncertainty
                                  0.000000    0.250000   clock reconvergence pessimism
                                              0.250000 ^ _2950_/CLK (sky130_fd_sc_hd__dfxtp_2)
                                 -0.056671    0.193329   library hold time
                                              0.193329   data required time
---------------------------------------------------------------------------------------------
                                              0.193329   data required time
                                             -0.932038   data arrival time
---------------------------------------------------------------------------------------------
                                              0.738710   slack (MET)


Startpoint: _3005_ (rising edge-triggered flip-flop clocked by clk)
Endpoint: _2951_ (rising edge-triggered flip-flop clocked by clk)
Path Group: clk
Path Type: min

Fanout         Cap        Slew       Delay        Time   Description
---------------------------------------------------------------------------------------------
                      0.150000    0.000000    0.000000   clock clk (rise edge)
                                  0.000000    0.000000   clock network delay (ideal)
                      0.150000    0.000000    0.000000 ^ _3005_/CLK (sky130_fd_sc_hd__dfxtp_2)
     3    0.005798    0.075572    0.693224    0.693224 ^ _3005_/Q (sky130_fd_sc_hd__dfxtp_2)
                                                         u_intf.u_slave.reg_pixel[2] (net)
                      0.075572    0.000000    0.693224 ^ _1592_/A (sky130_fd_sc_hd__and2_2)
     1    0.001537    0.058964    0.238814    0.932038 ^ _1592_/X (sky130_fd_sc_hd__and2_2)
                                                         _0065_ (net)
                      0.058964    0.000000    0.932038 ^ _2951_/D (sky130_fd_sc_hd__dfxtp_2)
                                              0.932038   data arrival time

                      0.150000    0.000000    0.000000   clock clk (rise edge)
                                  0.000000    0.000000   clock network delay (ideal)
                                  0.250000    0.250000   clock uncertainty
                                  0.000000    0.250000   clock reconvergence pessimism
                                              0.250000 ^ _2951_/CLK (sky130_fd_sc_hd__dfxtp_2)
                                 -0.056671    0.193329   library hold time
                                              0.193329   data required time
---------------------------------------------------------------------------------------------
                                              0.193329   data required time
                                             -0.932038   data arrival time
---------------------------------------------------------------------------------------------
                                              0.738710   slack (MET)


Startpoint: _3006_ (rising edge-triggered flip-flop clocked by clk)
Endpoint: _2952_ (rising edge-triggered flip-flop clocked by clk)
Path Group: clk
Path Type: min

Fanout         Cap        Slew       Delay        Time   Description
---------------------------------------------------------------------------------------------
                      0.150000    0.000000    0.000000   clock clk (rise edge)
                                  0.000000    0.000000   clock network delay (ideal)
                      0.150000    0.000000    0.000000 ^ _3006_/CLK (sky130_fd_sc_hd__dfxtp_2)
     3    0.005798    0.075572    0.693224    0.693224 ^ _3006_/Q (sky130_fd_sc_hd__dfxtp_2)
                                                         u_intf.u_slave.reg_pixel[3] (net)
                      0.075572    0.000000    0.693224 ^ _1593_/A (sky130_fd_sc_hd__and2_2)
     1    0.001537    0.058964    0.238814    0.932038 ^ _1593_/X (sky130_fd_sc_hd__and2_2)
                                                         _0066_ (net)
                      0.058964    0.000000    0.932038 ^ _2952_/D (sky130_fd_sc_hd__dfxtp_2)
                                              0.932038   data arrival time

                      0.150000    0.000000    0.000000   clock clk (rise edge)
                                  0.000000    0.000000   clock network delay (ideal)
                                  0.250000    0.250000   clock uncertainty
                                  0.000000    0.250000   clock reconvergence pessimism
                                              0.250000 ^ _2952_/CLK (sky130_fd_sc_hd__dfxtp_2)
                                 -0.056671    0.193329   library hold time
                                              0.193329   data required time
---------------------------------------------------------------------------------------------
                                              0.193329   data required time
                                             -0.932038   data arrival time
---------------------------------------------------------------------------------------------
                                              0.738710   slack (MET)


Startpoint: _3009_ (rising edge-triggered flip-flop clocked by clk)
Endpoint: _2955_ (rising edge-triggered flip-flop clocked by clk)
Path Group: clk
Path Type: min

Fanout         Cap        Slew       Delay        Time   Description
---------------------------------------------------------------------------------------------
                      0.150000    0.000000    0.000000   clock clk (rise edge)
                                  0.000000    0.000000   clock network delay (ideal)
                      0.150000    0.000000    0.000000 ^ _3009_/CLK (sky130_fd_sc_hd__dfxtp_2)
     3    0.005798    0.075572    0.693224    0.693224 ^ _3009_/Q (sky130_fd_sc_hd__dfxtp_2)
                                                         u_intf.u_slave.reg_pixel[6] (net)
                      0.075572    0.000000    0.693224 ^ _1596_/A (sky130_fd_sc_hd__and2_2)
     1    0.001537    0.058964    0.238814    0.932038 ^ _1596_/X (sky130_fd_sc_hd__and2_2)
                                                         _0069_ (net)
                      0.058964    0.000000    0.932038 ^ _2955_/D (sky130_fd_sc_hd__dfxtp_2)
                                              0.932038   data arrival time

                      0.150000    0.000000    0.000000   clock clk (rise edge)
                                  0.000000    0.000000   clock network delay (ideal)
                                  0.250000    0.250000   clock uncertainty
                                  0.000000    0.250000   clock reconvergence pessimism
                                              0.250000 ^ _2955_/CLK (sky130_fd_sc_hd__dfxtp_2)
                                 -0.056671    0.193329   library hold time
                                              0.193329   data required time
---------------------------------------------------------------------------------------------
                                              0.193329   data required time
                                             -0.932038   data arrival time
---------------------------------------------------------------------------------------------
                                              0.738710   slack (MET)


Startpoint: _3039_ (rising edge-triggered flip-flop clocked by clk)
Endpoint: _2999_ (rising edge-triggered flip-flop clocked by clk)
Path Group: clk
Path Type: min

Fanout         Cap        Slew       Delay        Time   Description
---------------------------------------------------------------------------------------------
                      0.150000    0.000000    0.000000   clock clk (rise edge)
                                  0.000000    0.000000   clock network delay (ideal)
                      0.150000    0.000000    0.000000 ^ _3039_/CLK (sky130_fd_sc_hd__dfxtp_2)
     3    0.005798    0.075572    0.693224    0.693224 ^ _3039_/Q (sky130_fd_sc_hd__dfxtp_2)
                                                         u_intf.u_slave.reg_weight[4] (net)
                      0.075572    0.000000    0.693224 ^ _1742_/A (sky130_fd_sc_hd__and2_2)
     1    0.001537    0.058964    0.238814    0.932038 ^ _1742_/X (sky130_fd_sc_hd__and2_2)
                                                         _0113_ (net)
                      0.058964    0.000000    0.932038 ^ _2999_/D (sky130_fd_sc_hd__dfxtp_2)
                                              0.932038   data arrival time

                      0.150000    0.000000    0.000000   clock clk (rise edge)
                                  0.000000    0.000000   clock network delay (ideal)
                                  0.250000    0.250000   clock uncertainty
                                  0.000000    0.250000   clock reconvergence pessimism
                                              0.250000 ^ _2999_/CLK (sky130_fd_sc_hd__dfxtp_2)
                                 -0.056671    0.193329   library hold time
                                              0.193329   data required time
---------------------------------------------------------------------------------------------
                                              0.193329   data required time
                                             -0.932038   data arrival time
---------------------------------------------------------------------------------------------
                                              0.738710   slack (MET)


Startpoint: _3003_ (rising edge-triggered flip-flop clocked by clk)
Endpoint: _2949_ (rising edge-triggered flip-flop clocked by clk)
Path Group: clk
Path Type: min

Fanout         Cap        Slew       Delay        Time   Description
---------------------------------------------------------------------------------------------
                      0.150000    0.000000    0.000000   clock clk (rise edge)
                                  0.000000    0.000000   clock network delay (ideal)
                      0.150000    0.000000    0.000000 ^ _3003_/CLK (sky130_fd_sc_hd__dfxtp_2)
     3    0.005837    0.075851    0.693459    0.693459 ^ _3003_/Q (sky130_fd_sc_hd__dfxtp_2)
                                                         u_intf.u_slave.reg_pixel[0] (net)
                      0.075851    0.000000    0.693459 ^ _1590_/A (sky130_fd_sc_hd__and2_2)
     1    0.001537    0.058966    0.238932    0.932391 ^ _1590_/X (sky130_fd_sc_hd__and2_2)
                                                         _0063_ (net)
                      0.058966    0.000000    0.932391 ^ _2949_/D (sky130_fd_sc_hd__dfxtp_2)
                                              0.932391   data arrival time

                      0.150000    0.000000    0.000000   clock clk (rise edge)
                                  0.000000    0.000000   clock network delay (ideal)
                                  0.250000    0.250000   clock uncertainty
                                  0.000000    0.250000   clock reconvergence pessimism
                                              0.250000 ^ _2949_/CLK (sky130_fd_sc_hd__dfxtp_2)
                                 -0.056672    0.193328   library hold time
                                              0.193328   data required time
---------------------------------------------------------------------------------------------
                                              0.193328   data required time
                                             -0.932391   data arrival time
---------------------------------------------------------------------------------------------
                                              0.739063   slack (MET)


Startpoint: _3007_ (rising edge-triggered flip-flop clocked by clk)
Endpoint: _2953_ (rising edge-triggered flip-flop clocked by clk)
Path Group: clk
Path Type: min

Fanout         Cap        Slew       Delay        Time   Description
---------------------------------------------------------------------------------------------
                      0.150000    0.000000    0.000000   clock clk (rise edge)
                                  0.000000    0.000000   clock network delay (ideal)
                      0.150000    0.000000    0.000000 ^ _3007_/CLK (sky130_fd_sc_hd__dfxtp_2)
     3    0.005837    0.075851    0.693459    0.693459 ^ _3007_/Q (sky130_fd_sc_hd__dfxtp_2)
                                                         u_intf.u_slave.reg_pixel[4] (net)
                      0.075851    0.000000    0.693459 ^ _1594_/A (sky130_fd_sc_hd__and2_2)
     1    0.001537    0.058966    0.238932    0.932391 ^ _1594_/X (sky130_fd_sc_hd__and2_2)
                                                         _0067_ (net)
                      0.058966    0.000000    0.932391 ^ _2953_/D (sky130_fd_sc_hd__dfxtp_2)
                                              0.932391   data arrival time

                      0.150000    0.000000    0.000000   clock clk (rise edge)
                                  0.000000    0.000000   clock network delay (ideal)
                                  0.250000    0.250000   clock uncertainty
                                  0.000000    0.250000   clock reconvergence pessimism
                                              0.250000 ^ _2953_/CLK (sky130_fd_sc_hd__dfxtp_2)
                                 -0.056672    0.193328   library hold time
                                              0.193328   data required time
---------------------------------------------------------------------------------------------
                                              0.193328   data required time
                                             -0.932391   data arrival time
---------------------------------------------------------------------------------------------
                                              0.739063   slack (MET)


Startpoint: _3036_ (rising edge-triggered flip-flop clocked by clk)
Endpoint: _2996_ (rising edge-triggered flip-flop clocked by clk)
Path Group: clk
Path Type: min

Fanout         Cap        Slew       Delay        Time   Description
---------------------------------------------------------------------------------------------
                      0.150000    0.000000    0.000000   clock clk (rise edge)
                                  0.000000    0.000000   clock network delay (ideal)
                      0.150000    0.000000    0.000000 ^ _3036_/CLK (sky130_fd_sc_hd__dfxtp_2)
     3    0.005837    0.075851    0.693459    0.693459 ^ _3036_/Q (sky130_fd_sc_hd__dfxtp_2)
                                                         u_intf.u_slave.reg_weight[1] (net)
                      0.075851    0.000000    0.693459 ^ _1739_/A (sky130_fd_sc_hd__and2_2)
     1    0.001537    0.058966    0.238932    0.932391 ^ _1739_/X (sky130_fd_sc_hd__and2_2)
                                                         _0110_ (net)
                      0.058966    0.000000    0.932391 ^ _2996_/D (sky130_fd_sc_hd__dfxtp_2)
                                              0.932391   data arrival time

                      0.150000    0.000000    0.000000   clock clk (rise edge)
                                  0.000000    0.000000   clock network delay (ideal)
                                  0.250000    0.250000   clock uncertainty
                                  0.000000    0.250000   clock reconvergence pessimism
                                              0.250000 ^ _2996_/CLK (sky130_fd_sc_hd__dfxtp_2)
                                 -0.056672    0.193328   library hold time
                                              0.193328   data required time
---------------------------------------------------------------------------------------------
                                              0.193328   data required time
                                             -0.932391   data arrival time
---------------------------------------------------------------------------------------------
                                              0.739063   slack (MET)


Startpoint: _3037_ (rising edge-triggered flip-flop clocked by clk)
Endpoint: _2997_ (rising edge-triggered flip-flop clocked by clk)
Path Group: clk
Path Type: min

Fanout         Cap        Slew       Delay        Time   Description
---------------------------------------------------------------------------------------------
                      0.150000    0.000000    0.000000   clock clk (rise edge)
                                  0.000000    0.000000   clock network delay (ideal)
                      0.150000    0.000000    0.000000 ^ _3037_/CLK (sky130_fd_sc_hd__dfxtp_2)
     3    0.005837    0.075851    0.693459    0.693459 ^ _3037_/Q (sky130_fd_sc_hd__dfxtp_2)
                                                         u_intf.u_slave.reg_weight[2] (net)
                      0.075851    0.000000    0.693459 ^ _1740_/A (sky130_fd_sc_hd__and2_2)
     1    0.001537    0.058966    0.238932    0.932391 ^ _1740_/X (sky130_fd_sc_hd__and2_2)
                                                         _0111_ (net)
                      0.058966    0.000000    0.932391 ^ _2997_/D (sky130_fd_sc_hd__dfxtp_2)
                                              0.932391   data arrival time

                      0.150000    0.000000    0.000000   clock clk (rise edge)
                                  0.000000    0.000000   clock network delay (ideal)
                                  0.250000    0.250000   clock uncertainty
                                  0.000000    0.250000   clock reconvergence pessimism
                                              0.250000 ^ _2997_/CLK (sky130_fd_sc_hd__dfxtp_2)
                                 -0.056672    0.193328   library hold time
                                              0.193328   data required time
---------------------------------------------------------------------------------------------
                                              0.193328   data required time
                                             -0.932391   data arrival time
---------------------------------------------------------------------------------------------
                                              0.739063   slack (MET)


Startpoint: _3038_ (rising edge-triggered flip-flop clocked by clk)
Endpoint: _2998_ (rising edge-triggered flip-flop clocked by clk)
Path Group: clk
Path Type: min

Fanout         Cap        Slew       Delay        Time   Description
---------------------------------------------------------------------------------------------
                      0.150000    0.000000    0.000000   clock clk (rise edge)
                                  0.000000    0.000000   clock network delay (ideal)
                      0.150000    0.000000    0.000000 ^ _3038_/CLK (sky130_fd_sc_hd__dfxtp_2)
     3    0.005837    0.075851    0.693459    0.693459 ^ _3038_/Q (sky130_fd_sc_hd__dfxtp_2)
                                                         u_intf.u_slave.reg_weight[3] (net)
                      0.075851    0.000000    0.693459 ^ _1741_/A (sky130_fd_sc_hd__and2_2)
     1    0.001537    0.058966    0.238932    0.932391 ^ _1741_/X (sky130_fd_sc_hd__and2_2)
                                                         _0112_ (net)
                      0.058966    0.000000    0.932391 ^ _2998_/D (sky130_fd_sc_hd__dfxtp_2)
                                              0.932391   data arrival time

                      0.150000    0.000000    0.000000   clock clk (rise edge)
                                  0.000000    0.000000   clock network delay (ideal)
                                  0.250000    0.250000   clock uncertainty
                                  0.000000    0.250000   clock reconvergence pessimism
                                              0.250000 ^ _2998_/CLK (sky130_fd_sc_hd__dfxtp_2)
                                 -0.056672    0.193328   library hold time
                                              0.193328   data required time
---------------------------------------------------------------------------------------------
                                              0.193328   data required time
                                             -0.932391   data arrival time
---------------------------------------------------------------------------------------------
                                              0.739063   slack (MET)


Startpoint: _3042_ (rising edge-triggered flip-flop clocked by clk)
Endpoint: _3002_ (rising edge-triggered flip-flop clocked by clk)
Path Group: clk
Path Type: min

Fanout         Cap        Slew       Delay        Time   Description
---------------------------------------------------------------------------------------------
                      0.150000    0.000000    0.000000   clock clk (rise edge)
                                  0.000000    0.000000   clock network delay (ideal)
                      0.150000    0.000000    0.000000 ^ _3042_/CLK (sky130_fd_sc_hd__dfxtp_2)
     3    0.005837    0.075851    0.693459    0.693459 ^ _3042_/Q (sky130_fd_sc_hd__dfxtp_2)
                                                         u_intf.u_slave.reg_weight[7] (net)
                      0.075851    0.000000    0.693459 ^ _1745_/A (sky130_fd_sc_hd__and2_2)
     1    0.001537    0.058966    0.238932    0.932391 ^ _1745_/X (sky130_fd_sc_hd__and2_2)
                                                         _0116_ (net)
                      0.058966    0.000000    0.932391 ^ _3002_/D (sky130_fd_sc_hd__dfxtp_2)
                                              0.932391   data arrival time

                      0.150000    0.000000    0.000000   clock clk (rise edge)
                                  0.000000    0.000000   clock network delay (ideal)
                                  0.250000    0.250000   clock uncertainty
                                  0.000000    0.250000   clock reconvergence pessimism
                                              0.250000 ^ _3002_/CLK (sky130_fd_sc_hd__dfxtp_2)
                                 -0.056672    0.193328   library hold time
                                              0.193328   data required time
---------------------------------------------------------------------------------------------
                                              0.193328   data required time
                                             -0.932391   data arrival time
---------------------------------------------------------------------------------------------
                                              0.739063   slack (MET)


Startpoint: _2891_ (rising edge-triggered flip-flop clocked by clk)
Endpoint: _2891_ (rising edge-triggered flip-flop clocked by clk)
Path Group: clk
Path Type: min

Fanout         Cap        Slew       Delay        Time   Description
---------------------------------------------------------------------------------------------
                      0.150000    0.000000    0.000000   clock clk (rise edge)
                                  0.000000    0.000000   clock network delay (ideal)
                      0.150000    0.000000    0.000000 ^ _2891_/CLK (sky130_fd_sc_hd__dfxtp_2)
     3    0.009920    0.070008    0.664977    0.664977 v _2891_/Q (sky130_fd_sc_hd__dfxtp_2)
                                                         w_load_cnt[0] (net)
                      0.070008    0.000000    0.664977 v _1479_/B1 (sky130_fd_sc_hd__a21oi_2)
     1    0.004641    0.147699    0.179723    0.844699 ^ _1479_/Y (sky130_fd_sc_hd__a21oi_2)
                                                         _1274_ (net)
                      0.147699    0.000000    0.844699 ^ _1480_/C (sky130_fd_sc_hd__nor3_2)
     1    0.001577    0.038920    0.084888    0.929587 v _1480_/Y (sky130_fd_sc_hd__nor3_2)
                                                         _0008_ (net)
                      0.038920    0.000000    0.929587 v _2891_/D (sky130_fd_sc_hd__dfxtp_2)
                                              0.929587   data arrival time

                      0.150000    0.000000    0.000000   clock clk (rise edge)
                                  0.000000    0.000000   clock network delay (ideal)
                                  0.250000    0.250000   clock uncertainty
                                  0.000000    0.250000   clock reconvergence pessimism
                                              0.250000 ^ _2891_/CLK (sky130_fd_sc_hd__dfxtp_2)
                                 -0.059791    0.190209   library hold time
                                              0.190209   data required time
---------------------------------------------------------------------------------------------
                                              0.190209   data required time
                                             -0.929587   data arrival time
---------------------------------------------------------------------------------------------
                                              0.739378   slack (MET)


Startpoint: _3102_ (rising edge-triggered flip-flop clocked by clk)
Endpoint: _3102_ (rising edge-triggered flip-flop clocked by clk)
Path Group: clk
Path Type: min

Fanout         Cap        Slew       Delay        Time   Description
---------------------------------------------------------------------------------------------
                      0.150000    0.000000    0.000000   clock clk (rise edge)
                                  0.000000    0.000000   clock network delay (ideal)
                      0.150000    0.000000    0.000000 ^ _3102_/CLK (sky130_fd_sc_hd__dfxtp_2)
     2    0.003850    0.061781    0.678758    0.678758 ^ _3102_/Q (sky130_fd_sc_hd__dfxtp_2)
                                                         u_core.pe_accum[0][1] (net)
                      0.061781    0.000000    0.678758 ^ _1958_/A1 (sky130_fd_sc_hd__a22o_2)
     1    0.001537    0.052919    0.257304    0.936062 ^ _1958_/X (sky130_fd_sc_hd__a22o_2)
                                                         _0216_ (net)
                      0.052919    0.000000    0.936062 ^ _3102_/D (sky130_fd_sc_hd__dfxtp_2)
                                              0.936062   data arrival time

                      0.150000    0.000000    0.000000   clock clk (rise edge)
                                  0.000000    0.000000   clock network delay (ideal)
                                  0.250000    0.250000   clock uncertainty
                                  0.000000    0.250000   clock reconvergence pessimism
                                              0.250000 ^ _3102_/CLK (sky130_fd_sc_hd__dfxtp_2)
                                 -0.055276    0.194724   library hold time
                                              0.194724   data required time
---------------------------------------------------------------------------------------------
                                              0.194724   data required time
                                             -0.936062   data arrival time
---------------------------------------------------------------------------------------------
                                              0.741338   slack (MET)


Startpoint: _3103_ (rising edge-triggered flip-flop clocked by clk)
Endpoint: _3103_ (rising edge-triggered flip-flop clocked by clk)
Path Group: clk
Path Type: min

Fanout         Cap        Slew       Delay        Time   Description
---------------------------------------------------------------------------------------------
                      0.150000    0.000000    0.000000   clock clk (rise edge)
                                  0.000000    0.000000   clock network delay (ideal)
                      0.150000    0.000000    0.000000 ^ _3103_/CLK (sky130_fd_sc_hd__dfxtp_2)
     2    0.003850    0.061781    0.678758    0.678758 ^ _3103_/Q (sky130_fd_sc_hd__dfxtp_2)
                                                         u_core.pe_accum[0][2] (net)
                      0.061781    0.000000    0.678758 ^ _1973_/A1 (sky130_fd_sc_hd__a22o_2)
     1    0.001537    0.052919    0.257304    0.936062 ^ _1973_/X (sky130_fd_sc_hd__a22o_2)
                                                         _0217_ (net)
                      0.052919    0.000000    0.936062 ^ _3103_/D (sky130_fd_sc_hd__dfxtp_2)
                                              0.936062   data arrival time

                      0.150000    0.000000    0.000000   clock clk (rise edge)
                                  0.000000    0.000000   clock network delay (ideal)
                                  0.250000    0.250000   clock uncertainty
                                  0.000000    0.250000   clock reconvergence pessimism
                                              0.250000 ^ _3103_/CLK (sky130_fd_sc_hd__dfxtp_2)
                                 -0.055276    0.194724   library hold time
                                              0.194724   data required time
---------------------------------------------------------------------------------------------
                                              0.194724   data required time
                                             -0.936062   data arrival time
---------------------------------------------------------------------------------------------
                                              0.741338   slack (MET)


Startpoint: _3104_ (rising edge-triggered flip-flop clocked by clk)
Endpoint: _3104_ (rising edge-triggered flip-flop clocked by clk)
Path Group: clk
Path Type: min

Fanout         Cap        Slew       Delay        Time   Description
---------------------------------------------------------------------------------------------
                      0.150000    0.000000    0.000000   clock clk (rise edge)
                                  0.000000    0.000000   clock network delay (ideal)
                      0.150000    0.000000    0.000000 ^ _3104_/CLK (sky130_fd_sc_hd__dfxtp_2)
     2    0.003850    0.061781    0.678758    0.678758 ^ _3104_/Q (sky130_fd_sc_hd__dfxtp_2)
                                                         u_core.pe_accum[0][3] (net)
                      0.061781    0.000000    0.678758 ^ _1993_/A1 (sky130_fd_sc_hd__a22o_2)
     1    0.001537    0.052919    0.257304    0.936062 ^ _1993_/X (sky130_fd_sc_hd__a22o_2)
                                                         _0218_ (net)
                      0.052919    0.000000    0.936062 ^ _3104_/D (sky130_fd_sc_hd__dfxtp_2)
                                              0.936062   data arrival time

                      0.150000    0.000000    0.000000   clock clk (rise edge)
                                  0.000000    0.000000   clock network delay (ideal)
                                  0.250000    0.250000   clock uncertainty
                                  0.000000    0.250000   clock reconvergence pessimism
                                              0.250000 ^ _3104_/CLK (sky130_fd_sc_hd__dfxtp_2)
                                 -0.055276    0.194724   library hold time
                                              0.194724   data required time
---------------------------------------------------------------------------------------------
                                              0.194724   data required time
                                             -0.936062   data arrival time
---------------------------------------------------------------------------------------------
                                              0.741338   slack (MET)


Startpoint: _3105_ (rising edge-triggered flip-flop clocked by clk)
Endpoint: _3105_ (rising edge-triggered flip-flop clocked by clk)
Path Group: clk
Path Type: min

Fanout         Cap        Slew       Delay        Time   Description
---------------------------------------------------------------------------------------------
                      0.150000    0.000000    0.000000   clock clk (rise edge)
                                  0.000000    0.000000   clock network delay (ideal)
                      0.150000    0.000000    0.000000 ^ _3105_/CLK (sky130_fd_sc_hd__dfxtp_2)
     2    0.003850    0.061781    0.678758    0.678758 ^ _3105_/Q (sky130_fd_sc_hd__dfxtp_2)
                                                         u_core.pe_accum[0][4] (net)
                      0.061781    0.000000    0.678758 ^ _2016_/A1 (sky130_fd_sc_hd__a22o_2)
     1    0.001537    0.052919    0.257304    0.936062 ^ _2016_/X (sky130_fd_sc_hd__a22o_2)
                                                         _0219_ (net)
                      0.052919    0.000000    0.936062 ^ _3105_/D (sky130_fd_sc_hd__dfxtp_2)
                                              0.936062   data arrival time

                      0.150000    0.000000    0.000000   clock clk (rise edge)
                                  0.000000    0.000000   clock network delay (ideal)
                                  0.250000    0.250000   clock uncertainty
                                  0.000000    0.250000   clock reconvergence pessimism
                                              0.250000 ^ _3105_/CLK (sky130_fd_sc_hd__dfxtp_2)
                                 -0.055276    0.194724   library hold time
                                              0.194724   data required time
---------------------------------------------------------------------------------------------
                                              0.194724   data required time
                                             -0.936062   data arrival time
---------------------------------------------------------------------------------------------
                                              0.741338   slack (MET)


Startpoint: _3106_ (rising edge-triggered flip-flop clocked by clk)
Endpoint: _3106_ (rising edge-triggered flip-flop clocked by clk)
Path Group: clk
Path Type: min

Fanout         Cap        Slew       Delay        Time   Description
---------------------------------------------------------------------------------------------
                      0.150000    0.000000    0.000000   clock clk (rise edge)
                                  0.000000    0.000000   clock network delay (ideal)
                      0.150000    0.000000    0.000000 ^ _3106_/CLK (sky130_fd_sc_hd__dfxtp_2)
     2    0.003850    0.061781    0.678758    0.678758 ^ _3106_/Q (sky130_fd_sc_hd__dfxtp_2)
                                                         u_core.pe_accum[0][5] (net)
                      0.061781    0.000000    0.678758 ^ _2045_/A1 (sky130_fd_sc_hd__a22o_2)
     1    0.001537    0.052919    0.257304    0.936062 ^ _2045_/X (sky130_fd_sc_hd__a22o_2)
                                                         _0220_ (net)
                      0.052919    0.000000    0.936062 ^ _3106_/D (sky130_fd_sc_hd__dfxtp_2)
                                              0.936062   data arrival time

                      0.150000    0.000000    0.000000   clock clk (rise edge)
                                  0.000000    0.000000   clock network delay (ideal)
                                  0.250000    0.250000   clock uncertainty
                                  0.000000    0.250000   clock reconvergence pessimism
                                              0.250000 ^ _3106_/CLK (sky130_fd_sc_hd__dfxtp_2)
                                 -0.055276    0.194724   library hold time
                                              0.194724   data required time
---------------------------------------------------------------------------------------------
                                              0.194724   data required time
                                             -0.936062   data arrival time
---------------------------------------------------------------------------------------------
                                              0.741338   slack (MET)


Startpoint: _3107_ (rising edge-triggered flip-flop clocked by clk)
Endpoint: _3107_ (rising edge-triggered flip-flop clocked by clk)
Path Group: clk
Path Type: min

Fanout         Cap        Slew       Delay        Time   Description
---------------------------------------------------------------------------------------------
                      0.150000    0.000000    0.000000   clock clk (rise edge)
                                  0.000000    0.000000   clock network delay (ideal)
                      0.150000    0.000000    0.000000 ^ _3107_/CLK (sky130_fd_sc_hd__dfxtp_2)
     2    0.003850    0.061781    0.678758    0.678758 ^ _3107_/Q (sky130_fd_sc_hd__dfxtp_2)
                                                         u_core.pe_accum[0][6] (net)
                      0.061781    0.000000    0.678758 ^ _2081_/A1 (sky130_fd_sc_hd__a22o_2)
     1    0.001537    0.052919    0.257304    0.936062 ^ _2081_/X (sky130_fd_sc_hd__a22o_2)
                                                         _0221_ (net)
                      0.052919    0.000000    0.936062 ^ _3107_/D (sky130_fd_sc_hd__dfxtp_2)
                                              0.936062   data arrival time

                      0.150000    0.000000    0.000000   clock clk (rise edge)
                                  0.000000    0.000000   clock network delay (ideal)
                                  0.250000    0.250000   clock uncertainty
                                  0.000000    0.250000   clock reconvergence pessimism
                                              0.250000 ^ _3107_/CLK (sky130_fd_sc_hd__dfxtp_2)
                                 -0.055276    0.194724   library hold time
                                              0.194724   data required time
---------------------------------------------------------------------------------------------
                                              0.194724   data required time
                                             -0.936062   data arrival time
---------------------------------------------------------------------------------------------
                                              0.741338   slack (MET)


Startpoint: _3108_ (rising edge-triggered flip-flop clocked by clk)
Endpoint: _3108_ (rising edge-triggered flip-flop clocked by clk)
Path Group: clk
Path Type: min

Fanout         Cap        Slew       Delay        Time   Description
---------------------------------------------------------------------------------------------
                      0.150000    0.000000    0.000000   clock clk (rise edge)
                                  0.000000    0.000000   clock network delay (ideal)
                      0.150000    0.000000    0.000000 ^ _3108_/CLK (sky130_fd_sc_hd__dfxtp_2)
     2    0.003850    0.061781    0.678758    0.678758 ^ _3108_/Q (sky130_fd_sc_hd__dfxtp_2)
                                                         u_core.pe_accum[0][7] (net)
                      0.061781    0.000000    0.678758 ^ _2125_/A1 (sky130_fd_sc_hd__a22o_2)
     1    0.001537    0.052919    0.257304    0.936062 ^ _2125_/X (sky130_fd_sc_hd__a22o_2)
                                                         _0222_ (net)
                      0.052919    0.000000    0.936062 ^ _3108_/D (sky130_fd_sc_hd__dfxtp_2)
                                              0.936062   data arrival time

                      0.150000    0.000000    0.000000   clock clk (rise edge)
                                  0.000000    0.000000   clock network delay (ideal)
                                  0.250000    0.250000   clock uncertainty
                                  0.000000    0.250000   clock reconvergence pessimism
                                              0.250000 ^ _3108_/CLK (sky130_fd_sc_hd__dfxtp_2)
                                 -0.055276    0.194724   library hold time
                                              0.194724   data required time
---------------------------------------------------------------------------------------------
                                              0.194724   data required time
                                             -0.936062   data arrival time
---------------------------------------------------------------------------------------------
                                              0.741338   slack (MET)


Startpoint: _3109_ (rising edge-triggered flip-flop clocked by clk)
Endpoint: _3109_ (rising edge-triggered flip-flop clocked by clk)
Path Group: clk
Path Type: min

Fanout         Cap        Slew       Delay        Time   Description
---------------------------------------------------------------------------------------------
                      0.150000    0.000000    0.000000   clock clk (rise edge)
                                  0.000000    0.000000   clock network delay (ideal)
                      0.150000    0.000000    0.000000 ^ _3109_/CLK (sky130_fd_sc_hd__dfxtp_2)
     2    0.003850    0.061781    0.678758    0.678758 ^ _3109_/Q (sky130_fd_sc_hd__dfxtp_2)
                                                         u_core.pe_accum[0][8] (net)
                      0.061781    0.000000    0.678758 ^ _2167_/A1 (sky130_fd_sc_hd__a22o_2)
     1    0.001537    0.052919    0.257304    0.936062 ^ _2167_/X (sky130_fd_sc_hd__a22o_2)
                                                         _0223_ (net)
                      0.052919    0.000000    0.936062 ^ _3109_/D (sky130_fd_sc_hd__dfxtp_2)
                                              0.936062   data arrival time

                      0.150000    0.000000    0.000000   clock clk (rise edge)
                                  0.000000    0.000000   clock network delay (ideal)
                                  0.250000    0.250000   clock uncertainty
                                  0.000000    0.250000   clock reconvergence pessimism
                                              0.250000 ^ _3109_/CLK (sky130_fd_sc_hd__dfxtp_2)
                                 -0.055276    0.194724   library hold time
                                              0.194724   data required time
---------------------------------------------------------------------------------------------
                                              0.194724   data required time
                                             -0.936062   data arrival time
---------------------------------------------------------------------------------------------
                                              0.741338   slack (MET)


Startpoint: _3110_ (rising edge-triggered flip-flop clocked by clk)
Endpoint: _3110_ (rising edge-triggered flip-flop clocked by clk)
Path Group: clk
Path Type: min

Fanout         Cap        Slew       Delay        Time   Description
---------------------------------------------------------------------------------------------
                      0.150000    0.000000    0.000000   clock clk (rise edge)
                                  0.000000    0.000000   clock network delay (ideal)
                      0.150000    0.000000    0.000000 ^ _3110_/CLK (sky130_fd_sc_hd__dfxtp_2)
     2    0.003850    0.061781    0.678758    0.678758 ^ _3110_/Q (sky130_fd_sc_hd__dfxtp_2)
                                                         u_core.pe_accum[0][9] (net)
                      0.061781    0.000000    0.678758 ^ _2207_/A1 (sky130_fd_sc_hd__a22o_2)
     1    0.001537    0.052919    0.257304    0.936062 ^ _2207_/X (sky130_fd_sc_hd__a22o_2)
                                                         _0224_ (net)
                      0.052919    0.000000    0.936062 ^ _3110_/D (sky130_fd_sc_hd__dfxtp_2)
                                              0.936062   data arrival time

                      0.150000    0.000000    0.000000   clock clk (rise edge)
                                  0.000000    0.000000   clock network delay (ideal)
                                  0.250000    0.250000   clock uncertainty
                                  0.000000    0.250000   clock reconvergence pessimism
                                              0.250000 ^ _3110_/CLK (sky130_fd_sc_hd__dfxtp_2)
                                 -0.055276    0.194724   library hold time
                                              0.194724   data required time
---------------------------------------------------------------------------------------------
                                              0.194724   data required time
                                             -0.936062   data arrival time
---------------------------------------------------------------------------------------------
                                              0.741338   slack (MET)


Startpoint: _3111_ (rising edge-triggered flip-flop clocked by clk)
Endpoint: _3111_ (rising edge-triggered flip-flop clocked by clk)
Path Group: clk
Path Type: min

Fanout         Cap        Slew       Delay        Time   Description
---------------------------------------------------------------------------------------------
                      0.150000    0.000000    0.000000   clock clk (rise edge)
                                  0.000000    0.000000   clock network delay (ideal)
                      0.150000    0.000000    0.000000 ^ _3111_/CLK (sky130_fd_sc_hd__dfxtp_2)
     2    0.003850    0.061781    0.678758    0.678758 ^ _3111_/Q (sky130_fd_sc_hd__dfxtp_2)
                                                         u_core.pe_accum[0][10] (net)
                      0.061781    0.000000    0.678758 ^ _2245_/A1 (sky130_fd_sc_hd__a22o_2)
     1    0.001537    0.052919    0.257304    0.936062 ^ _2245_/X (sky130_fd_sc_hd__a22o_2)
                                                         _0225_ (net)
                      0.052919    0.000000    0.936062 ^ _3111_/D (sky130_fd_sc_hd__dfxtp_2)
                                              0.936062   data arrival time

                      0.150000    0.000000    0.000000   clock clk (rise edge)
                                  0.000000    0.000000   clock network delay (ideal)
                                  0.250000    0.250000   clock uncertainty
                                  0.000000    0.250000   clock reconvergence pessimism
                                              0.250000 ^ _3111_/CLK (sky130_fd_sc_hd__dfxtp_2)
                                 -0.055276    0.194724   library hold time
                                              0.194724   data required time
---------------------------------------------------------------------------------------------
                                              0.194724   data required time
                                             -0.936062   data arrival time
---------------------------------------------------------------------------------------------
                                              0.741338   slack (MET)


Startpoint: _3112_ (rising edge-triggered flip-flop clocked by clk)
Endpoint: _3112_ (rising edge-triggered flip-flop clocked by clk)
Path Group: clk
Path Type: min

Fanout         Cap        Slew       Delay        Time   Description
---------------------------------------------------------------------------------------------
                      0.150000    0.000000    0.000000   clock clk (rise edge)
                                  0.000000    0.000000   clock network delay (ideal)
                      0.150000    0.000000    0.000000 ^ _3112_/CLK (sky130_fd_sc_hd__dfxtp_2)
     2    0.003850    0.061781    0.678758    0.678758 ^ _3112_/Q (sky130_fd_sc_hd__dfxtp_2)
                                                         u_core.pe_accum[0][11] (net)
                      0.061781    0.000000    0.678758 ^ _2284_/A1 (sky130_fd_sc_hd__a22o_2)
     1    0.001537    0.052919    0.257304    0.936062 ^ _2284_/X (sky130_fd_sc_hd__a22o_2)
                                                         _0226_ (net)
                      0.052919    0.000000    0.936062 ^ _3112_/D (sky130_fd_sc_hd__dfxtp_2)
                                              0.936062   data arrival time

                      0.150000    0.000000    0.000000   clock clk (rise edge)
                                  0.000000    0.000000   clock network delay (ideal)
                                  0.250000    0.250000   clock uncertainty
                                  0.000000    0.250000   clock reconvergence pessimism
                                              0.250000 ^ _3112_/CLK (sky130_fd_sc_hd__dfxtp_2)
                                 -0.055276    0.194724   library hold time
                                              0.194724   data required time
---------------------------------------------------------------------------------------------
                                              0.194724   data required time
                                             -0.936062   data arrival time
---------------------------------------------------------------------------------------------
                                              0.741338   slack (MET)


Startpoint: _3113_ (rising edge-triggered flip-flop clocked by clk)
Endpoint: _3113_ (rising edge-triggered flip-flop clocked by clk)
Path Group: clk
Path Type: min

Fanout         Cap        Slew       Delay        Time   Description
---------------------------------------------------------------------------------------------
                      0.150000    0.000000    0.000000   clock clk (rise edge)
                                  0.000000    0.000000   clock network delay (ideal)
                      0.150000    0.000000    0.000000 ^ _3113_/CLK (sky130_fd_sc_hd__dfxtp_2)
     2    0.003850    0.061781    0.678758    0.678758 ^ _3113_/Q (sky130_fd_sc_hd__dfxtp_2)
                                                         u_core.pe_accum[0][12] (net)
                      0.061781    0.000000    0.678758 ^ _2327_/A1 (sky130_fd_sc_hd__a22o_2)
     1    0.001537    0.052919    0.257304    0.936062 ^ _2327_/X (sky130_fd_sc_hd__a22o_2)
                                                         _0227_ (net)
                      0.052919    0.000000    0.936062 ^ _3113_/D (sky130_fd_sc_hd__dfxtp_2)
                                              0.936062   data arrival time

                      0.150000    0.000000    0.000000   clock clk (rise edge)
                                  0.000000    0.000000   clock network delay (ideal)
                                  0.250000    0.250000   clock uncertainty
                                  0.000000    0.250000   clock reconvergence pessimism
                                              0.250000 ^ _3113_/CLK (sky130_fd_sc_hd__dfxtp_2)
                                 -0.055276    0.194724   library hold time
                                              0.194724   data required time
---------------------------------------------------------------------------------------------
                                              0.194724   data required time
                                             -0.936062   data arrival time
---------------------------------------------------------------------------------------------
                                              0.741338   slack (MET)


Startpoint: _3114_ (rising edge-triggered flip-flop clocked by clk)
Endpoint: _3114_ (rising edge-triggered flip-flop clocked by clk)
Path Group: clk
Path Type: min

Fanout         Cap        Slew       Delay        Time   Description
---------------------------------------------------------------------------------------------
                      0.150000    0.000000    0.000000   clock clk (rise edge)
                                  0.000000    0.000000   clock network delay (ideal)
                      0.150000    0.000000    0.000000 ^ _3114_/CLK (sky130_fd_sc_hd__dfxtp_2)
     2    0.003850    0.061781    0.678758    0.678758 ^ _3114_/Q (sky130_fd_sc_hd__dfxtp_2)
                                                         u_core.pe_accum[0][13] (net)
                      0.061781    0.000000    0.678758 ^ _2361_/A1 (sky130_fd_sc_hd__a22o_2)
     1    0.001537    0.052919    0.257304    0.936062 ^ _2361_/X (sky130_fd_sc_hd__a22o_2)
                                                         _0228_ (net)
                      0.052919    0.000000    0.936062 ^ _3114_/D (sky130_fd_sc_hd__dfxtp_2)
                                              0.936062   data arrival time

                      0.150000    0.000000    0.000000   clock clk (rise edge)
                                  0.000000    0.000000   clock network delay (ideal)
                                  0.250000    0.250000   clock uncertainty
                                  0.000000    0.250000   clock reconvergence pessimism
                                              0.250000 ^ _3114_/CLK (sky130_fd_sc_hd__dfxtp_2)
                                 -0.055276    0.194724   library hold time
                                              0.194724   data required time
---------------------------------------------------------------------------------------------
                                              0.194724   data required time
                                             -0.936062   data arrival time
---------------------------------------------------------------------------------------------
                                              0.741338   slack (MET)


Startpoint: _3115_ (rising edge-triggered flip-flop clocked by clk)
Endpoint: _3115_ (rising edge-triggered flip-flop clocked by clk)
Path Group: clk
Path Type: min

Fanout         Cap        Slew       Delay        Time   Description
---------------------------------------------------------------------------------------------
                      0.150000    0.000000    0.000000   clock clk (rise edge)
                                  0.000000    0.000000   clock network delay (ideal)
                      0.150000    0.000000    0.000000 ^ _3115_/CLK (sky130_fd_sc_hd__dfxtp_2)
     2    0.003850    0.061781    0.678758    0.678758 ^ _3115_/Q (sky130_fd_sc_hd__dfxtp_2)
                                                         u_core.pe_accum[0][14] (net)
                      0.061781    0.000000    0.678758 ^ _2393_/A1 (sky130_fd_sc_hd__a22o_2)
     1    0.001537    0.052919    0.257304    0.936062 ^ _2393_/X (sky130_fd_sc_hd__a22o_2)
                                                         _0229_ (net)
                      0.052919    0.000000    0.936062 ^ _3115_/D (sky130_fd_sc_hd__dfxtp_2)
                                              0.936062   data arrival time

                      0.150000    0.000000    0.000000   clock clk (rise edge)
                                  0.000000    0.000000   clock network delay (ideal)
                                  0.250000    0.250000   clock uncertainty
                                  0.000000    0.250000   clock reconvergence pessimism
                                              0.250000 ^ _3115_/CLK (sky130_fd_sc_hd__dfxtp_2)
                                 -0.055276    0.194724   library hold time
                                              0.194724   data required time
---------------------------------------------------------------------------------------------
                                              0.194724   data required time
                                             -0.936062   data arrival time
---------------------------------------------------------------------------------------------
                                              0.741338   slack (MET)


Startpoint: _3116_ (rising edge-triggered flip-flop clocked by clk)
Endpoint: _3116_ (rising edge-triggered flip-flop clocked by clk)
Path Group: clk
Path Type: min

Fanout         Cap        Slew       Delay        Time   Description
---------------------------------------------------------------------------------------------
                      0.150000    0.000000    0.000000   clock clk (rise edge)
                                  0.000000    0.000000   clock network delay (ideal)
                      0.150000    0.000000    0.000000 ^ _3116_/CLK (sky130_fd_sc_hd__dfxtp_2)
     2    0.003850    0.061781    0.678758    0.678758 ^ _3116_/Q (sky130_fd_sc_hd__dfxtp_2)
                                                         u_core.pe_accum[0][15] (net)
                      0.061781    0.000000    0.678758 ^ _2416_/A1 (sky130_fd_sc_hd__a22o_2)
     1    0.001537    0.052919    0.257304    0.936062 ^ _2416_/X (sky130_fd_sc_hd__a22o_2)
                                                         _0230_ (net)
                      0.052919    0.000000    0.936062 ^ _3116_/D (sky130_fd_sc_hd__dfxtp_2)
                                              0.936062   data arrival time

                      0.150000    0.000000    0.000000   clock clk (rise edge)
                                  0.000000    0.000000   clock network delay (ideal)
                                  0.250000    0.250000   clock uncertainty
                                  0.000000    0.250000   clock reconvergence pessimism
                                              0.250000 ^ _3116_/CLK (sky130_fd_sc_hd__dfxtp_2)
                                 -0.055276    0.194724   library hold time
                                              0.194724   data required time
---------------------------------------------------------------------------------------------
                                              0.194724   data required time
                                             -0.936062   data arrival time
---------------------------------------------------------------------------------------------
                                              0.741338   slack (MET)


Startpoint: _3117_ (rising edge-triggered flip-flop clocked by clk)
Endpoint: _3117_ (rising edge-triggered flip-flop clocked by clk)
Path Group: clk
Path Type: min

Fanout         Cap        Slew       Delay        Time   Description
---------------------------------------------------------------------------------------------
                      0.150000    0.000000    0.000000   clock clk (rise edge)
                                  0.000000    0.000000   clock network delay (ideal)
                      0.150000    0.000000    0.000000 ^ _3117_/CLK (sky130_fd_sc_hd__dfxtp_2)
     2    0.003850    0.061781    0.678758    0.678758 ^ _3117_/Q (sky130_fd_sc_hd__dfxtp_2)
                                                         u_core.pe_accum[0][16] (net)
                      0.061781    0.000000    0.678758 ^ _2446_/A1 (sky130_fd_sc_hd__a22o_2)
     1    0.001537    0.052919    0.257304    0.936062 ^ _2446_/X (sky130_fd_sc_hd__a22o_2)
                                                         _0231_ (net)
                      0.052919    0.000000    0.936062 ^ _3117_/D (sky130_fd_sc_hd__dfxtp_2)
                                              0.936062   data arrival time

                      0.150000    0.000000    0.000000   clock clk (rise edge)
                                  0.000000    0.000000   clock network delay (ideal)
                                  0.250000    0.250000   clock uncertainty
                                  0.000000    0.250000   clock reconvergence pessimism
                                              0.250000 ^ _3117_/CLK (sky130_fd_sc_hd__dfxtp_2)
                                 -0.055276    0.194724   library hold time
                                              0.194724   data required time
---------------------------------------------------------------------------------------------
                                              0.194724   data required time
                                             -0.936062   data arrival time
---------------------------------------------------------------------------------------------
                                              0.741338   slack (MET)


Startpoint: _3118_ (rising edge-triggered flip-flop clocked by clk)
Endpoint: _3118_ (rising edge-triggered flip-flop clocked by clk)
Path Group: clk
Path Type: min

Fanout         Cap        Slew       Delay        Time   Description
---------------------------------------------------------------------------------------------
                      0.150000    0.000000    0.000000   clock clk (rise edge)
                                  0.000000    0.000000   clock network delay (ideal)
                      0.150000    0.000000    0.000000 ^ _3118_/CLK (sky130_fd_sc_hd__dfxtp_2)
     2    0.003850    0.061781    0.678758    0.678758 ^ _3118_/Q (sky130_fd_sc_hd__dfxtp_2)
                                                         u_core.pe_accum[0][17] (net)
                      0.061781    0.000000    0.678758 ^ _2466_/A1 (sky130_fd_sc_hd__a22o_2)
     1    0.001537    0.052919    0.257304    0.936062 ^ _2466_/X (sky130_fd_sc_hd__a22o_2)
                                                         _0232_ (net)
                      0.052919    0.000000    0.936062 ^ _3118_/D (sky130_fd_sc_hd__dfxtp_2)
                                              0.936062   data arrival time

                      0.150000    0.000000    0.000000   clock clk (rise edge)
                                  0.000000    0.000000   clock network delay (ideal)
                                  0.250000    0.250000   clock uncertainty
                                  0.000000    0.250000   clock reconvergence pessimism
                                              0.250000 ^ _3118_/CLK (sky130_fd_sc_hd__dfxtp_2)
                                 -0.055276    0.194724   library hold time
                                              0.194724   data required time
---------------------------------------------------------------------------------------------
                                              0.194724   data required time
                                             -0.936062   data arrival time
---------------------------------------------------------------------------------------------
                                              0.741338   slack (MET)


Startpoint: _3119_ (rising edge-triggered flip-flop clocked by clk)
Endpoint: _3119_ (rising edge-triggered flip-flop clocked by clk)
Path Group: clk
Path Type: min

Fanout         Cap        Slew       Delay        Time   Description
---------------------------------------------------------------------------------------------
                      0.150000    0.000000    0.000000   clock clk (rise edge)
                                  0.000000    0.000000   clock network delay (ideal)
                      0.150000    0.000000    0.000000 ^ _3119_/CLK (sky130_fd_sc_hd__dfxtp_2)
     2    0.003850    0.061781    0.678758    0.678758 ^ _3119_/Q (sky130_fd_sc_hd__dfxtp_2)
                                                         u_core.pe_accum[0][18] (net)
                      0.061781    0.000000    0.678758 ^ _2491_/A1 (sky130_fd_sc_hd__a22o_2)
     1    0.001537    0.052919    0.257304    0.936062 ^ _2491_/X (sky130_fd_sc_hd__a22o_2)
                                                         _0233_ (net)
                      0.052919    0.000000    0.936062 ^ _3119_/D (sky130_fd_sc_hd__dfxtp_2)
                                              0.936062   data arrival time

                      0.150000    0.000000    0.000000   clock clk (rise edge)
                                  0.000000    0.000000   clock network delay (ideal)
                                  0.250000    0.250000   clock uncertainty
                                  0.000000    0.250000   clock reconvergence pessimism
                                              0.250000 ^ _3119_/CLK (sky130_fd_sc_hd__dfxtp_2)
                                 -0.055276    0.194724   library hold time
                                              0.194724   data required time
---------------------------------------------------------------------------------------------
                                              0.194724   data required time
                                             -0.936062   data arrival time
---------------------------------------------------------------------------------------------
                                              0.741338   slack (MET)


Startpoint: _3120_ (rising edge-triggered flip-flop clocked by clk)
Endpoint: _3120_ (rising edge-triggered flip-flop clocked by clk)
Path Group: clk
Path Type: min

Fanout         Cap        Slew       Delay        Time   Description
---------------------------------------------------------------------------------------------
                      0.150000    0.000000    0.000000   clock clk (rise edge)
                                  0.000000    0.000000   clock network delay (ideal)
                      0.150000    0.000000    0.000000 ^ _3120_/CLK (sky130_fd_sc_hd__dfxtp_2)
     2    0.003850    0.061781    0.678758    0.678758 ^ _3120_/Q (sky130_fd_sc_hd__dfxtp_2)
                                                         u_core.pe_accum[0][19] (net)
                      0.061781    0.000000    0.678758 ^ _2511_/A1 (sky130_fd_sc_hd__a22o_2)
     1    0.001537    0.052919    0.257304    0.936062 ^ _2511_/X (sky130_fd_sc_hd__a22o_2)
                                                         _0234_ (net)
                      0.052919    0.000000    0.936062 ^ _3120_/D (sky130_fd_sc_hd__dfxtp_2)
                                              0.936062   data arrival time

                      0.150000    0.000000    0.000000   clock clk (rise edge)
                                  0.000000    0.000000   clock network delay (ideal)
                                  0.250000    0.250000   clock uncertainty
                                  0.000000    0.250000   clock reconvergence pessimism
                                              0.250000 ^ _3120_/CLK (sky130_fd_sc_hd__dfxtp_2)
                                 -0.055276    0.194724   library hold time
                                              0.194724   data required time
---------------------------------------------------------------------------------------------
                                              0.194724   data required time
                                             -0.936062   data arrival time
---------------------------------------------------------------------------------------------
                                              0.741338   slack (MET)


Startpoint: _3121_ (rising edge-triggered flip-flop clocked by clk)
Endpoint: _3121_ (rising edge-triggered flip-flop clocked by clk)
Path Group: clk
Path Type: min

Fanout         Cap        Slew       Delay        Time   Description
---------------------------------------------------------------------------------------------
                      0.150000    0.000000    0.000000   clock clk (rise edge)
                                  0.000000    0.000000   clock network delay (ideal)
                      0.150000    0.000000    0.000000 ^ _3121_/CLK (sky130_fd_sc_hd__dfxtp_2)
     2    0.003850    0.061781    0.678758    0.678758 ^ _3121_/Q (sky130_fd_sc_hd__dfxtp_2)
                                                         u_core.pe_accum[0][20] (net)
                      0.061781    0.000000    0.678758 ^ _2536_/A1 (sky130_fd_sc_hd__a22o_2)
     1    0.001537    0.052919    0.257304    0.936062 ^ _2536_/X (sky130_fd_sc_hd__a22o_2)
                                                         _0235_ (net)
                      0.052919    0.000000    0.936062 ^ _3121_/D (sky130_fd_sc_hd__dfxtp_2)
                                              0.936062   data arrival time

                      0.150000    0.000000    0.000000   clock clk (rise edge)
                                  0.000000    0.000000   clock network delay (ideal)
                                  0.250000    0.250000   clock uncertainty
                                  0.000000    0.250000   clock reconvergence pessimism
                                              0.250000 ^ _3121_/CLK (sky130_fd_sc_hd__dfxtp_2)
                                 -0.055276    0.194724   library hold time
                                              0.194724   data required time
---------------------------------------------------------------------------------------------
                                              0.194724   data required time
                                             -0.936062   data arrival time
---------------------------------------------------------------------------------------------
                                              0.741338   slack (MET)


Startpoint: _3122_ (rising edge-triggered flip-flop clocked by clk)
Endpoint: _3122_ (rising edge-triggered flip-flop clocked by clk)
Path Group: clk
Path Type: min

Fanout         Cap        Slew       Delay        Time   Description
---------------------------------------------------------------------------------------------
                      0.150000    0.000000    0.000000   clock clk (rise edge)
                                  0.000000    0.000000   clock network delay (ideal)
                      0.150000    0.000000    0.000000 ^ _3122_/CLK (sky130_fd_sc_hd__dfxtp_2)
     2    0.003850    0.061781    0.678758    0.678758 ^ _3122_/Q (sky130_fd_sc_hd__dfxtp_2)
                                                         u_core.pe_accum[0][21] (net)
                      0.061781    0.000000    0.678758 ^ _2554_/A1 (sky130_fd_sc_hd__a22o_2)
     1    0.001537    0.052919    0.257304    0.936062 ^ _2554_/X (sky130_fd_sc_hd__a22o_2)
                                                         _0236_ (net)
                      0.052919    0.000000    0.936062 ^ _3122_/D (sky130_fd_sc_hd__dfxtp_2)
                                              0.936062   data arrival time

                      0.150000    0.000000    0.000000   clock clk (rise edge)
                                  0.000000    0.000000   clock network delay (ideal)
                                  0.250000    0.250000   clock uncertainty
                                  0.000000    0.250000   clock reconvergence pessimism
                                              0.250000 ^ _3122_/CLK (sky130_fd_sc_hd__dfxtp_2)
                                 -0.055276    0.194724   library hold time
                                              0.194724   data required time
---------------------------------------------------------------------------------------------
                                              0.194724   data required time
                                             -0.936062   data arrival time
---------------------------------------------------------------------------------------------
                                              0.741338   slack (MET)


Startpoint: _3123_ (rising edge-triggered flip-flop clocked by clk)
Endpoint: _3123_ (rising edge-triggered flip-flop clocked by clk)
Path Group: clk
Path Type: min

Fanout         Cap        Slew       Delay        Time   Description
---------------------------------------------------------------------------------------------
                      0.150000    0.000000    0.000000   clock clk (rise edge)
                                  0.000000    0.000000   clock network delay (ideal)
                      0.150000    0.000000    0.000000 ^ _3123_/CLK (sky130_fd_sc_hd__dfxtp_2)
     2    0.003850    0.061781    0.678758    0.678758 ^ _3123_/Q (sky130_fd_sc_hd__dfxtp_2)
                                                         u_core.pe_accum[0][22] (net)
                      0.061781    0.000000    0.678758 ^ _2576_/A1 (sky130_fd_sc_hd__a22o_2)
     1    0.001537    0.052919    0.257304    0.936062 ^ _2576_/X (sky130_fd_sc_hd__a22o_2)
                                                         _0237_ (net)
                      0.052919    0.000000    0.936062 ^ _3123_/D (sky130_fd_sc_hd__dfxtp_2)
                                              0.936062   data arrival time

                      0.150000    0.000000    0.000000   clock clk (rise edge)
                                  0.000000    0.000000   clock network delay (ideal)
                                  0.250000    0.250000   clock uncertainty
                                  0.000000    0.250000   clock reconvergence pessimism
                                              0.250000 ^ _3123_/CLK (sky130_fd_sc_hd__dfxtp_2)
                                 -0.055276    0.194724   library hold time
                                              0.194724   data required time
---------------------------------------------------------------------------------------------
                                              0.194724   data required time
                                             -0.936062   data arrival time
---------------------------------------------------------------------------------------------
                                              0.741338   slack (MET)


Startpoint: _3124_ (rising edge-triggered flip-flop clocked by clk)
Endpoint: _3124_ (rising edge-triggered flip-flop clocked by clk)
Path Group: clk
Path Type: min

Fanout         Cap        Slew       Delay        Time   Description
---------------------------------------------------------------------------------------------
                      0.150000    0.000000    0.000000   clock clk (rise edge)
                                  0.000000    0.000000   clock network delay (ideal)
                      0.150000    0.000000    0.000000 ^ _3124_/CLK (sky130_fd_sc_hd__dfxtp_2)
     2    0.003850    0.061781    0.678758    0.678758 ^ _3124_/Q (sky130_fd_sc_hd__dfxtp_2)
                                                         u_core.pe_accum[0][23] (net)
                      0.061781    0.000000    0.678758 ^ _2594_/A1 (sky130_fd_sc_hd__a22o_2)
     1    0.001537    0.052919    0.257304    0.936062 ^ _2594_/X (sky130_fd_sc_hd__a22o_2)
                                                         _0238_ (net)
                      0.052919    0.000000    0.936062 ^ _3124_/D (sky130_fd_sc_hd__dfxtp_2)
                                              0.936062   data arrival time

                      0.150000    0.000000    0.000000   clock clk (rise edge)
                                  0.000000    0.000000   clock network delay (ideal)
                                  0.250000    0.250000   clock uncertainty
                                  0.000000    0.250000   clock reconvergence pessimism
                                              0.250000 ^ _3124_/CLK (sky130_fd_sc_hd__dfxtp_2)
                                 -0.055276    0.194724   library hold time
                                              0.194724   data required time
---------------------------------------------------------------------------------------------
                                              0.194724   data required time
                                             -0.936062   data arrival time
---------------------------------------------------------------------------------------------
                                              0.741338   slack (MET)


Startpoint: _3125_ (rising edge-triggered flip-flop clocked by clk)
Endpoint: _3125_ (rising edge-triggered flip-flop clocked by clk)
Path Group: clk
Path Type: min

Fanout         Cap        Slew       Delay        Time   Description
---------------------------------------------------------------------------------------------
                      0.150000    0.000000    0.000000   clock clk (rise edge)
                                  0.000000    0.000000   clock network delay (ideal)
                      0.150000    0.000000    0.000000 ^ _3125_/CLK (sky130_fd_sc_hd__dfxtp_2)
     2    0.003850    0.061781    0.678758    0.678758 ^ _3125_/Q (sky130_fd_sc_hd__dfxtp_2)
                                                         u_core.pe_accum[0][24] (net)
                      0.061781    0.000000    0.678758 ^ _2623_/A1 (sky130_fd_sc_hd__a22o_2)
     1    0.001537    0.052919    0.257304    0.936062 ^ _2623_/X (sky130_fd_sc_hd__a22o_2)
                                                         _0239_ (net)
                      0.052919    0.000000    0.936062 ^ _3125_/D (sky130_fd_sc_hd__dfxtp_2)
                                              0.936062   data arrival time

                      0.150000    0.000000    0.000000   clock clk (rise edge)
                                  0.000000    0.000000   clock network delay (ideal)
                                  0.250000    0.250000   clock uncertainty
                                  0.000000    0.250000   clock reconvergence pessimism
                                              0.250000 ^ _3125_/CLK (sky130_fd_sc_hd__dfxtp_2)
                                 -0.055276    0.194724   library hold time
                                              0.194724   data required time
---------------------------------------------------------------------------------------------
                                              0.194724   data required time
                                             -0.936062   data arrival time
---------------------------------------------------------------------------------------------
                                              0.741338   slack (MET)


Startpoint: _3126_ (rising edge-triggered flip-flop clocked by clk)
Endpoint: _3126_ (rising edge-triggered flip-flop clocked by clk)
Path Group: clk
Path Type: min

Fanout         Cap        Slew       Delay        Time   Description
---------------------------------------------------------------------------------------------
                      0.150000    0.000000    0.000000   clock clk (rise edge)
                                  0.000000    0.000000   clock network delay (ideal)
                      0.150000    0.000000    0.000000 ^ _3126_/CLK (sky130_fd_sc_hd__dfxtp_2)
     2    0.003850    0.061781    0.678758    0.678758 ^ _3126_/Q (sky130_fd_sc_hd__dfxtp_2)
                                                         u_core.pe_accum[0][25] (net)
                      0.061781    0.000000    0.678758 ^ _2643_/A1 (sky130_fd_sc_hd__a22o_2)
     1    0.001537    0.052919    0.257304    0.936062 ^ _2643_/X (sky130_fd_sc_hd__a22o_2)
                                                         _0240_ (net)
                      0.052919    0.000000    0.936062 ^ _3126_/D (sky130_fd_sc_hd__dfxtp_2)
                                              0.936062   data arrival time

                      0.150000    0.000000    0.000000   clock clk (rise edge)
                                  0.000000    0.000000   clock network delay (ideal)
                                  0.250000    0.250000   clock uncertainty
                                  0.000000    0.250000   clock reconvergence pessimism
                                              0.250000 ^ _3126_/CLK (sky130_fd_sc_hd__dfxtp_2)
                                 -0.055276    0.194724   library hold time
                                              0.194724   data required time
---------------------------------------------------------------------------------------------
                                              0.194724   data required time
                                             -0.936062   data arrival time
---------------------------------------------------------------------------------------------
                                              0.741338   slack (MET)


Startpoint: _3127_ (rising edge-triggered flip-flop clocked by clk)
Endpoint: _3127_ (rising edge-triggered flip-flop clocked by clk)
Path Group: clk
Path Type: min

Fanout         Cap        Slew       Delay        Time   Description
---------------------------------------------------------------------------------------------
                      0.150000    0.000000    0.000000   clock clk (rise edge)
                                  0.000000    0.000000   clock network delay (ideal)
                      0.150000    0.000000    0.000000 ^ _3127_/CLK (sky130_fd_sc_hd__dfxtp_2)
     2    0.003850    0.061781    0.678758    0.678758 ^ _3127_/Q (sky130_fd_sc_hd__dfxtp_2)
                                                         u_core.pe_accum[0][26] (net)
                      0.061781    0.000000    0.678758 ^ _2665_/A1 (sky130_fd_sc_hd__a22o_2)
     1    0.001537    0.052919    0.257304    0.936062 ^ _2665_/X (sky130_fd_sc_hd__a22o_2)
                                                         _0241_ (net)
                      0.052919    0.000000    0.936062 ^ _3127_/D (sky130_fd_sc_hd__dfxtp_2)
                                              0.936062   data arrival time

                      0.150000    0.000000    0.000000   clock clk (rise edge)
                                  0.000000    0.000000   clock network delay (ideal)
                                  0.250000    0.250000   clock uncertainty
                                  0.000000    0.250000   clock reconvergence pessimism
                                              0.250000 ^ _3127_/CLK (sky130_fd_sc_hd__dfxtp_2)
                                 -0.055276    0.194724   library hold time
                                              0.194724   data required time
---------------------------------------------------------------------------------------------
                                              0.194724   data required time
                                             -0.936062   data arrival time
---------------------------------------------------------------------------------------------
                                              0.741338   slack (MET)


Startpoint: _3128_ (rising edge-triggered flip-flop clocked by clk)
Endpoint: _3128_ (rising edge-triggered flip-flop clocked by clk)
Path Group: clk
Path Type: min

Fanout         Cap        Slew       Delay        Time   Description
---------------------------------------------------------------------------------------------
                      0.150000    0.000000    0.000000   clock clk (rise edge)
                                  0.000000    0.000000   clock network delay (ideal)
                      0.150000    0.000000    0.000000 ^ _3128_/CLK (sky130_fd_sc_hd__dfxtp_2)
     2    0.003850    0.061781    0.678758    0.678758 ^ _3128_/Q (sky130_fd_sc_hd__dfxtp_2)
                                                         u_core.pe_accum[0][27] (net)
                      0.061781    0.000000    0.678758 ^ _2683_/A1 (sky130_fd_sc_hd__a22o_2)
     1    0.001537    0.052919    0.257304    0.936062 ^ _2683_/X (sky130_fd_sc_hd__a22o_2)
                                                         _0242_ (net)
                      0.052919    0.000000    0.936062 ^ _3128_/D (sky130_fd_sc_hd__dfxtp_2)
                                              0.936062   data arrival time

                      0.150000    0.000000    0.000000   clock clk (rise edge)
                                  0.000000    0.000000   clock network delay (ideal)
                                  0.250000    0.250000   clock uncertainty
                                  0.000000    0.250000   clock reconvergence pessimism
                                              0.250000 ^ _3128_/CLK (sky130_fd_sc_hd__dfxtp_2)
                                 -0.055276    0.194724   library hold time
                                              0.194724   data required time
---------------------------------------------------------------------------------------------
                                              0.194724   data required time
                                             -0.936062   data arrival time
---------------------------------------------------------------------------------------------
                                              0.741338   slack (MET)


Startpoint: _3129_ (rising edge-triggered flip-flop clocked by clk)
Endpoint: _3129_ (rising edge-triggered flip-flop clocked by clk)
Path Group: clk
Path Type: min

Fanout         Cap        Slew       Delay        Time   Description
---------------------------------------------------------------------------------------------
                      0.150000    0.000000    0.000000   clock clk (rise edge)
                                  0.000000    0.000000   clock network delay (ideal)
                      0.150000    0.000000    0.000000 ^ _3129_/CLK (sky130_fd_sc_hd__dfxtp_2)
     2    0.003850    0.061781    0.678758    0.678758 ^ _3129_/Q (sky130_fd_sc_hd__dfxtp_2)
                                                         u_core.pe_accum[0][28] (net)
                      0.061781    0.000000    0.678758 ^ _2707_/A1 (sky130_fd_sc_hd__a22o_2)
     1    0.001537    0.052919    0.257304    0.936062 ^ _2707_/X (sky130_fd_sc_hd__a22o_2)
                                                         _0243_ (net)
                      0.052919    0.000000    0.936062 ^ _3129_/D (sky130_fd_sc_hd__dfxtp_2)
                                              0.936062   data arrival time

                      0.150000    0.000000    0.000000   clock clk (rise edge)
                                  0.000000    0.000000   clock network delay (ideal)
                                  0.250000    0.250000   clock uncertainty
                                  0.000000    0.250000   clock reconvergence pessimism
                                              0.250000 ^ _3129_/CLK (sky130_fd_sc_hd__dfxtp_2)
                                 -0.055276    0.194724   library hold time
                                              0.194724   data required time
---------------------------------------------------------------------------------------------
                                              0.194724   data required time
                                             -0.936062   data arrival time
---------------------------------------------------------------------------------------------
                                              0.741338   slack (MET)


Startpoint: _3130_ (rising edge-triggered flip-flop clocked by clk)
Endpoint: _3130_ (rising edge-triggered flip-flop clocked by clk)
Path Group: clk
Path Type: min

Fanout         Cap        Slew       Delay        Time   Description
---------------------------------------------------------------------------------------------
                      0.150000    0.000000    0.000000   clock clk (rise edge)
                                  0.000000    0.000000   clock network delay (ideal)
                      0.150000    0.000000    0.000000 ^ _3130_/CLK (sky130_fd_sc_hd__dfxtp_2)
     2    0.003850    0.061781    0.678758    0.678758 ^ _3130_/Q (sky130_fd_sc_hd__dfxtp_2)
                                                         u_core.pe_accum[0][29] (net)
                      0.061781    0.000000    0.678758 ^ _2728_/A1 (sky130_fd_sc_hd__a22o_2)
     1    0.001537    0.052919    0.257304    0.936062 ^ _2728_/X (sky130_fd_sc_hd__a22o_2)
                                                         _0244_ (net)
                      0.052919    0.000000    0.936062 ^ _3130_/D (sky130_fd_sc_hd__dfxtp_2)
                                              0.936062   data arrival time

                      0.150000    0.000000    0.000000   clock clk (rise edge)
                                  0.000000    0.000000   clock network delay (ideal)
                                  0.250000    0.250000   clock uncertainty
                                  0.000000    0.250000   clock reconvergence pessimism
                                              0.250000 ^ _3130_/CLK (sky130_fd_sc_hd__dfxtp_2)
                                 -0.055276    0.194724   library hold time
                                              0.194724   data required time
---------------------------------------------------------------------------------------------
                                              0.194724   data required time
                                             -0.936062   data arrival time
---------------------------------------------------------------------------------------------
                                              0.741338   slack (MET)


Startpoint: _3131_ (rising edge-triggered flip-flop clocked by clk)
Endpoint: _3131_ (rising edge-triggered flip-flop clocked by clk)
Path Group: clk
Path Type: min

Fanout         Cap        Slew       Delay        Time   Description
---------------------------------------------------------------------------------------------
                      0.150000    0.000000    0.000000   clock clk (rise edge)
                                  0.000000    0.000000   clock network delay (ideal)
                      0.150000    0.000000    0.000000 ^ _3131_/CLK (sky130_fd_sc_hd__dfxtp_2)
     2    0.003850    0.061781    0.678758    0.678758 ^ _3131_/Q (sky130_fd_sc_hd__dfxtp_2)
                                                         u_core.pe_accum[0][30] (net)
                      0.061781    0.000000    0.678758 ^ _2751_/A1 (sky130_fd_sc_hd__a22o_2)
     1    0.001537    0.052919    0.257304    0.936062 ^ _2751_/X (sky130_fd_sc_hd__a22o_2)
                                                         _0245_ (net)
                      0.052919    0.000000    0.936062 ^ _3131_/D (sky130_fd_sc_hd__dfxtp_2)
                                              0.936062   data arrival time

                      0.150000    0.000000    0.000000   clock clk (rise edge)
                                  0.000000    0.000000   clock network delay (ideal)
                                  0.250000    0.250000   clock uncertainty
                                  0.000000    0.250000   clock reconvergence pessimism
                                              0.250000 ^ _3131_/CLK (sky130_fd_sc_hd__dfxtp_2)
                                 -0.055276    0.194724   library hold time
                                              0.194724   data required time
---------------------------------------------------------------------------------------------
                                              0.194724   data required time
                                             -0.936062   data arrival time
---------------------------------------------------------------------------------------------
                                              0.741338   slack (MET)


Startpoint: _3167_ (rising edge-triggered flip-flop clocked by clk)
Endpoint: _3167_ (rising edge-triggered flip-flop clocked by clk)
Path Group: clk
Path Type: min

Fanout         Cap        Slew       Delay        Time   Description
---------------------------------------------------------------------------------------------
                      0.150000    0.000000    0.000000   clock clk (rise edge)
                                  0.000000    0.000000   clock network delay (ideal)
                      0.150000    0.000000    0.000000 ^ _3167_/CLK (sky130_fd_sc_hd__dfxtp_2)
     3    0.007929    0.090813    0.706073    0.706073 ^ _3167_/Q (sky130_fd_sc_hd__dfxtp_2)
                                                         u_core.pe_array[0].u_pe.tap_count[2] (net)
                      0.090813    0.000000    0.706073 ^ _2849_/A1 (sky130_fd_sc_hd__o21ai_2)
     1    0.004181    0.060858    0.126563    0.832637 v _2849_/Y (sky130_fd_sc_hd__o21ai_2)
                                                         _1245_ (net)
                      0.060858    0.000000    0.832637 v _2850_/B (sky130_fd_sc_hd__nor2_2)
     1    0.001537    0.080959    0.099163    0.931800 ^ _2850_/Y (sky130_fd_sc_hd__nor2_2)
                                                         _0281_ (net)
                      0.080959    0.000000    0.931800 ^ _3167_/D (sky130_fd_sc_hd__dfxtp_2)
                                              0.931800   data arrival time

                      0.150000    0.000000    0.000000   clock clk (rise edge)
                                  0.000000    0.000000   clock network delay (ideal)
                                  0.250000    0.250000   clock uncertainty
                                  0.000000    0.250000   clock reconvergence pessimism
                                              0.250000 ^ _3167_/CLK (sky130_fd_sc_hd__dfxtp_2)
                                 -0.061750    0.188250   library hold time
                                              0.188250   data required time
---------------------------------------------------------------------------------------------
                                              0.188250   data required time
                                             -0.931800   data arrival time
---------------------------------------------------------------------------------------------
                                              0.743550   slack (MET)


Startpoint: _2895_ (rising edge-triggered flip-flop clocked by clk)
Endpoint: _2895_ (rising edge-triggered flip-flop clocked by clk)
Path Group: clk
Path Type: min

Fanout         Cap        Slew       Delay        Time   Description
---------------------------------------------------------------------------------------------
                      0.150000    0.000000    0.000000   clock clk (rise edge)
                                  0.000000    0.000000   clock network delay (ideal)
                      0.150000    0.000000    0.000000 ^ _2895_/CLK (sky130_fd_sc_hd__dfxtp_2)
     3    0.009596    0.068755    0.663650    0.663650 v _2895_/Q (sky130_fd_sc_hd__dfxtp_2)
                                                         pixel_cnt[0] (net)
                      0.068755    0.000000    0.663650 v _1487_/B1 (sky130_fd_sc_hd__a21oi_2)
     1    0.004609    0.147117    0.178866    0.842516 ^ _1487_/Y (sky130_fd_sc_hd__a21oi_2)
                                                         _1278_ (net)
                      0.147117    0.000000    0.842516 ^ _1489_/C (sky130_fd_sc_hd__nor4_2)
     1    0.001577    0.039656    0.101885    0.944401 v _1489_/Y (sky130_fd_sc_hd__nor4_2)
                                                         _0012_ (net)
                      0.039656    0.000000    0.944401 v _2895_/D (sky130_fd_sc_hd__dfxtp_2)
                                              0.944401   data arrival time

                      0.150000    0.000000    0.000000   clock clk (rise edge)
                                  0.000000    0.000000   clock network delay (ideal)
                                  0.250000    0.250000   clock uncertainty
                                  0.000000    0.250000   clock reconvergence pessimism
                                              0.250000 ^ _2895_/CLK (sky130_fd_sc_hd__dfxtp_2)
                                 -0.060063    0.189937   library hold time
                                              0.189937   data required time
---------------------------------------------------------------------------------------------
                                              0.189937   data required time
                                             -0.944401   data arrival time
---------------------------------------------------------------------------------------------
                                              0.754464   slack (MET)


Startpoint: _2886_ (rising edge-triggered flip-flop clocked by clk)
Endpoint: _2992_ (rising edge-triggered flip-flop clocked by clk)
Path Group: clk
Path Type: min

Fanout         Cap        Slew       Delay        Time   Description
---------------------------------------------------------------------------------------------
                      0.150000    0.000000    0.000000   clock clk (rise edge)
                                  0.000000    0.000000   clock network delay (ideal)
                      0.150000    0.000000    0.000000 ^ _2886_/CLK (sky130_fd_sc_hd__dfxtp_2)
     5    0.009375    0.101156    0.714792    0.714792 ^ _2886_/Q (sky130_fd_sc_hd__dfxtp_2)
                                                         u_intf.u_slave.wr_state[0] (net)
                      0.101156    0.000000    0.714792 ^ _1731_/A2 (sky130_fd_sc_hd__o21ba_2)
     1    0.001537    0.050433    0.240806    0.955598 ^ _1731_/X (sky130_fd_sc_hd__o21ba_2)
                                                         _0106_ (net)
                      0.050433    0.000000    0.955598 ^ _2992_/D (sky130_fd_sc_hd__dfxtp_2)
                                              0.955598   data arrival time

                      0.150000    0.000000    0.000000   clock clk (rise edge)
                                  0.000000    0.000000   clock network delay (ideal)
                                  0.250000    0.250000   clock uncertainty
                                  0.000000    0.250000   clock reconvergence pessimism
                                              0.250000 ^ _2992_/CLK (sky130_fd_sc_hd__dfxtp_2)
                                 -0.054702    0.195298   library hold time
                                              0.195298   data required time
---------------------------------------------------------------------------------------------
                                              0.195298   data required time
                                             -0.955598   data arrival time
---------------------------------------------------------------------------------------------
                                              0.760300   slack (MET)


Startpoint: _2898_ (rising edge-triggered flip-flop clocked by clk)
Endpoint: _2898_ (rising edge-triggered flip-flop clocked by clk)
Path Group: clk
Path Type: min

Fanout         Cap        Slew       Delay        Time   Description
---------------------------------------------------------------------------------------------
                      0.150000    0.000000    0.000000   clock clk (rise edge)
                                  0.000000    0.000000   clock network delay (ideal)
                      0.150000    0.000000    0.000000 ^ _2898_/CLK (sky130_fd_sc_hd__dfxtp_2)
     3    0.006352    0.079534    0.696564    0.696564 ^ _2898_/Q (sky130_fd_sc_hd__dfxtp_2)
                                                         pixel_cnt[3] (net)
                      0.079534    0.000000    0.696564 ^ _1497_/A1 (sky130_fd_sc_hd__o21ba_2)
     1    0.001537    0.050306    0.263627    0.960191 ^ _1497_/X (sky130_fd_sc_hd__o21ba_2)
                                                         _0015_ (net)
                      0.050306    0.000000    0.960191 ^ _2898_/D (sky130_fd_sc_hd__dfxtp_2)
                                              0.960191   data arrival time

                      0.150000    0.000000    0.000000   clock clk (rise edge)
                                  0.000000    0.000000   clock network delay (ideal)
                                  0.250000    0.250000   clock uncertainty
                                  0.000000    0.250000   clock reconvergence pessimism
                                              0.250000 ^ _2898_/CLK (sky130_fd_sc_hd__dfxtp_2)
                                 -0.054672    0.195328   library hold time
                                              0.195328   data required time
---------------------------------------------------------------------------------------------
                                              0.195328   data required time
                                             -0.960191   data arrival time
---------------------------------------------------------------------------------------------
                                              0.764864   slack (MET)


Startpoint: _2897_ (rising edge-triggered flip-flop clocked by clk)
Endpoint: _2897_ (rising edge-triggered flip-flop clocked by clk)
Path Group: clk
Path Type: min

Fanout         Cap        Slew       Delay        Time   Description
---------------------------------------------------------------------------------------------
                      0.150000    0.000000    0.000000   clock clk (rise edge)
                                  0.000000    0.000000   clock network delay (ideal)
                      0.150000    0.000000    0.000000 ^ _2897_/CLK (sky130_fd_sc_hd__dfxtp_2)
     3    0.011088    0.113407    0.725121    0.725121 ^ _2897_/Q (sky130_fd_sc_hd__dfxtp_2)
                                                         pixel_cnt[2] (net)
                      0.113407    0.000000    0.725121 ^ _1494_/A1 (sky130_fd_sc_hd__o21ai_2)
     1    0.004181    0.059189    0.135204    0.860326 v _1494_/Y (sky130_fd_sc_hd__o21ai_2)
                                                         _1283_ (net)
                      0.059189    0.000000    0.860326 v _1495_/B (sky130_fd_sc_hd__nor2_2)
     1    0.001537    0.080984    0.098579    0.958905 ^ _1495_/Y (sky130_fd_sc_hd__nor2_2)
                                                         _0014_ (net)
                      0.080984    0.000000    0.958905 ^ _2897_/D (sky130_fd_sc_hd__dfxtp_2)
                                              0.958905   data arrival time

                      0.150000    0.000000    0.000000   clock clk (rise edge)
                                  0.000000    0.000000   clock network delay (ideal)
                                  0.250000    0.250000   clock uncertainty
                                  0.000000    0.250000   clock reconvergence pessimism
                                              0.250000 ^ _2897_/CLK (sky130_fd_sc_hd__dfxtp_2)
                                 -0.061756    0.188244   library hold time
                                              0.188244   data required time
---------------------------------------------------------------------------------------------
                                              0.188244   data required time
                                             -0.958905   data arrival time
---------------------------------------------------------------------------------------------
                                              0.770661   slack (MET)


Startpoint: _2896_ (rising edge-triggered flip-flop clocked by clk)
Endpoint: _2896_ (rising edge-triggered flip-flop clocked by clk)
Path Group: clk
Path Type: min

Fanout         Cap        Slew       Delay        Time   Description
---------------------------------------------------------------------------------------------
                      0.150000    0.000000    0.000000   clock clk (rise edge)
                                  0.000000    0.000000   clock network delay (ideal)
                      0.150000    0.000000    0.000000 ^ _2896_/CLK (sky130_fd_sc_hd__dfxtp_2)
     4    0.010018    0.105754    0.718669    0.718669 ^ _2896_/Q (sky130_fd_sc_hd__dfxtp_2)
                                                         pixel_cnt[1] (net)
                      0.105754    0.000000    0.718669 ^ _1492_/A1 (sky130_fd_sc_hd__o21a_2)
     1    0.001537    0.045645    0.250883    0.969552 ^ _1492_/X (sky130_fd_sc_hd__o21a_2)
                                                         _0013_ (net)
                      0.045645    0.000000    0.969552 ^ _2896_/D (sky130_fd_sc_hd__dfxtp_2)
                                              0.969552   data arrival time

                      0.150000    0.000000    0.000000   clock clk (rise edge)
                                  0.000000    0.000000   clock network delay (ideal)
                                  0.250000    0.250000   clock uncertainty
                                  0.000000    0.250000   clock reconvergence pessimism
                                              0.250000 ^ _2896_/CLK (sky130_fd_sc_hd__dfxtp_2)
                                 -0.053596    0.196404   library hold time
                                              0.196404   data required time
---------------------------------------------------------------------------------------------
                                              0.196404   data required time
                                             -0.969552   data arrival time
---------------------------------------------------------------------------------------------
                                              0.773149   slack (MET)


Startpoint: _2892_ (rising edge-triggered flip-flop clocked by clk)
Endpoint: _2937_ (rising edge-triggered flip-flop clocked by clk)
Path Group: clk
Path Type: min

Fanout         Cap        Slew       Delay        Time   Description
---------------------------------------------------------------------------------------------
                      0.150000    0.000000    0.000000   clock clk (rise edge)
                                  0.000000    0.000000   clock network delay (ideal)
                      0.150000    0.000000    0.000000 ^ _2892_/CLK (sky130_fd_sc_hd__dfxtp_2)
     4    0.012318    0.079286    0.674797    0.674797 v _2892_/Q (sky130_fd_sc_hd__dfxtp_2)
                                                         w_load_cnt[1] (net)
                      0.079286    0.000000    0.674797 v _1458_/A (sky130_fd_sc_hd__nand3_2)
     1    0.002432    0.049817    0.084635    0.759433 ^ _1458_/Y (sky130_fd_sc_hd__nand3_2)
                                                         _1260_ (net)
                      0.049817    0.000000    0.759433 ^ _1459_/A2 (sky130_fd_sc_hd__a21o_2)
     1    0.001537    0.045883    0.211842    0.971275 ^ _1459_/X (sky130_fd_sc_hd__a21o_2)
                                                         _0000_ (net)
                      0.045883    0.000000    0.971275 ^ _2937_/D (sky130_fd_sc_hd__dfxtp_2)
                                              0.971275   data arrival time

                      0.150000    0.000000    0.000000   clock clk (rise edge)
                                  0.000000    0.000000   clock network delay (ideal)
                                  0.250000    0.250000   clock uncertainty
                                  0.000000    0.250000   clock reconvergence pessimism
                                              0.250000 ^ _2937_/CLK (sky130_fd_sc_hd__dfxtp_2)
                                 -0.053651    0.196349   library hold time
                                              0.196349   data required time
---------------------------------------------------------------------------------------------
                                              0.196349   data required time
                                             -0.971275   data arrival time
---------------------------------------------------------------------------------------------
                                              0.774926   slack (MET)


Startpoint: _2887_ (rising edge-triggered flip-flop clocked by clk)
Endpoint: _2887_ (rising edge-triggered flip-flop clocked by clk)
Path Group: clk
Path Type: min

Fanout         Cap        Slew       Delay        Time   Description
---------------------------------------------------------------------------------------------
                      0.150000    0.000000    0.000000   clock clk (rise edge)
                                  0.000000    0.000000   clock network delay (ideal)
                      0.150000    0.000000    0.000000 ^ _2887_/CLK (sky130_fd_sc_hd__dfxtp_2)
     2    0.007070    0.084670    0.700894    0.700894 ^ _2887_/Q (sky130_fd_sc_hd__dfxtp_2)
                                                         u_intf.u_slave.wr_state[1] (net)
                      0.084670    0.000000    0.700894 ^ _1474_/A1 (sky130_fd_sc_hd__a31o_2)
     1    0.001537    0.046351    0.283327    0.984220 ^ _1474_/X (sky130_fd_sc_hd__a31o_2)
                                                         _0006_ (net)
                      0.046351    0.000000    0.984220 ^ _2887_/D (sky130_fd_sc_hd__dfxtp_2)
                                              0.984220   data arrival time

                      0.150000    0.000000    0.000000   clock clk (rise edge)
                                  0.000000    0.000000   clock network delay (ideal)
                                  0.250000    0.250000   clock uncertainty
                                  0.000000    0.250000   clock reconvergence pessimism
                                              0.250000 ^ _2887_/CLK (sky130_fd_sc_hd__dfxtp_2)
                                 -0.053759    0.196241   library hold time
                                              0.196241   data required time
---------------------------------------------------------------------------------------------
                                              0.196241   data required time
                                             -0.984220   data arrival time
---------------------------------------------------------------------------------------------
                                              0.787980   slack (MET)


Startpoint: _2887_ (rising edge-triggered flip-flop clocked by clk)
Endpoint: _2994_ (rising edge-triggered flip-flop clocked by clk)
Path Group: clk
Path Type: min

Fanout         Cap        Slew       Delay        Time   Description
---------------------------------------------------------------------------------------------
                      0.150000    0.000000    0.000000   clock clk (rise edge)
                                  0.000000    0.000000   clock network delay (ideal)
                      0.150000    0.000000    0.000000 ^ _2887_/CLK (sky130_fd_sc_hd__dfxtp_2)
     2    0.006631    0.057283    0.651507    0.651507 v _2887_/Q (sky130_fd_sc_hd__dfxtp_2)
                                                         u_intf.u_slave.wr_state[1] (net)
                      0.057283    0.000000    0.651507 v _1447_/A (sky130_fd_sc_hd__inv_2)
     3    0.009416    0.080230    0.094856    0.746362 ^ _1447_/Y (sky130_fd_sc_hd__inv_2)
                                                         _1251_ (net)
                      0.080230    0.000000    0.746362 ^ _1737_/A1 (sky130_fd_sc_hd__a22o_2)
     1    0.001537    0.052767    0.265123    1.011485 ^ _1737_/X (sky130_fd_sc_hd__a22o_2)
                                                         _0108_ (net)
                      0.052767    0.000000    1.011485 ^ _2994_/D (sky130_fd_sc_hd__dfxtp_2)
                                              1.011485   data arrival time

                      0.150000    0.000000    0.000000   clock clk (rise edge)
                                  0.000000    0.000000   clock network delay (ideal)
                                  0.250000    0.250000   clock uncertainty
                                  0.000000    0.250000   clock reconvergence pessimism
                                              0.250000 ^ _2994_/CLK (sky130_fd_sc_hd__dfxtp_2)
                                 -0.055241    0.194759   library hold time
                                              0.194759   data required time
---------------------------------------------------------------------------------------------
                                              0.194759   data required time
                                             -1.011485   data arrival time
---------------------------------------------------------------------------------------------
                                              0.816726   slack (MET)


Startpoint: _3169_ (rising edge-triggered flip-flop clocked by clk)
Endpoint: _2904_ (rising edge-triggered flip-flop clocked by clk)
Path Group: clk
Path Type: min

Fanout         Cap        Slew       Delay        Time   Description
---------------------------------------------------------------------------------------------
                      0.150000    0.000000    0.000000   clock clk (rise edge)
                                  0.000000    0.000000   clock network delay (ideal)
                      0.150000    0.000000    0.000000 ^ _3169_/CLK (sky130_fd_sc_hd__dfxtp_2)
     1    0.002526    0.052430    0.668507    0.668507 ^ _3169_/Q (sky130_fd_sc_hd__dfxtp_2)
                                                         result_data_w[0] (net)
                      0.052430    0.000000    0.668507 ^ _1505_/A1 (sky130_fd_sc_hd__o211a_2)
     1    0.001537    0.068466    0.351490    1.019997 ^ _1505_/X (sky130_fd_sc_hd__o211a_2)
                                                         _0021_ (net)
                      0.068466    0.000000    1.019997 ^ _2904_/D (sky130_fd_sc_hd__dfxtp_2)
                                              1.019997   data arrival time

                      0.150000    0.000000    0.000000   clock clk (rise edge)
                                  0.000000    0.000000   clock network delay (ideal)
                                  0.250000    0.250000   clock uncertainty
                                  0.000000    0.250000   clock reconvergence pessimism
                                              0.250000 ^ _2904_/CLK (sky130_fd_sc_hd__dfxtp_2)
                                 -0.058866    0.191134   library hold time
                                              0.191134   data required time
---------------------------------------------------------------------------------------------
                                              0.191134   data required time
                                             -1.019997   data arrival time
---------------------------------------------------------------------------------------------
                                              0.828863   slack (MET)


Startpoint: _3170_ (rising edge-triggered flip-flop clocked by clk)
Endpoint: _2905_ (rising edge-triggered flip-flop clocked by clk)
Path Group: clk
Path Type: min

Fanout         Cap        Slew       Delay        Time   Description
---------------------------------------------------------------------------------------------
                      0.150000    0.000000    0.000000   clock clk (rise edge)
                                  0.000000    0.000000   clock network delay (ideal)
                      0.150000    0.000000    0.000000 ^ _3170_/CLK (sky130_fd_sc_hd__dfxtp_2)
     1    0.002526    0.052430    0.668507    0.668507 ^ _3170_/Q (sky130_fd_sc_hd__dfxtp_2)
                                                         result_data_w[1] (net)
                      0.052430    0.000000    0.668507 ^ _1507_/A1 (sky130_fd_sc_hd__o211a_2)
     1    0.001537    0.068466    0.351490    1.019997 ^ _1507_/X (sky130_fd_sc_hd__o211a_2)
                                                         _0022_ (net)
                      0.068466    0.000000    1.019997 ^ _2905_/D (sky130_fd_sc_hd__dfxtp_2)
                                              1.019997   data arrival time

                      0.150000    0.000000    0.000000   clock clk (rise edge)
                                  0.000000    0.000000   clock network delay (ideal)
                                  0.250000    0.250000   clock uncertainty
                                  0.000000    0.250000   clock reconvergence pessimism
                                              0.250000 ^ _2905_/CLK (sky130_fd_sc_hd__dfxtp_2)
                                 -0.058866    0.191134   library hold time
                                              0.191134   data required time
---------------------------------------------------------------------------------------------
                                              0.191134   data required time
                                             -1.019997   data arrival time
---------------------------------------------------------------------------------------------
                                              0.828863   slack (MET)


Startpoint: _3171_ (rising edge-triggered flip-flop clocked by clk)
Endpoint: _2906_ (rising edge-triggered flip-flop clocked by clk)
Path Group: clk
Path Type: min

Fanout         Cap        Slew       Delay        Time   Description
---------------------------------------------------------------------------------------------
                      0.150000    0.000000    0.000000   clock clk (rise edge)
                                  0.000000    0.000000   clock network delay (ideal)
                      0.150000    0.000000    0.000000 ^ _3171_/CLK (sky130_fd_sc_hd__dfxtp_2)
     1    0.002526    0.052430    0.668507    0.668507 ^ _3171_/Q (sky130_fd_sc_hd__dfxtp_2)
                                                         result_data_w[2] (net)
                      0.052430    0.000000    0.668507 ^ _1509_/A1 (sky130_fd_sc_hd__o211a_2)
     1    0.001537    0.068466    0.351490    1.019997 ^ _1509_/X (sky130_fd_sc_hd__o211a_2)
                                                         _0023_ (net)
                      0.068466    0.000000    1.019997 ^ _2906_/D (sky130_fd_sc_hd__dfxtp_2)
                                              1.019997   data arrival time

                      0.150000    0.000000    0.000000   clock clk (rise edge)
                                  0.000000    0.000000   clock network delay (ideal)
                                  0.250000    0.250000   clock uncertainty
                                  0.000000    0.250000   clock reconvergence pessimism
                                              0.250000 ^ _2906_/CLK (sky130_fd_sc_hd__dfxtp_2)
                                 -0.058866    0.191134   library hold time
                                              0.191134   data required time
---------------------------------------------------------------------------------------------
                                              0.191134   data required time
                                             -1.019997   data arrival time
---------------------------------------------------------------------------------------------
                                              0.828863   slack (MET)


Startpoint: _3172_ (rising edge-triggered flip-flop clocked by clk)
Endpoint: _2907_ (rising edge-triggered flip-flop clocked by clk)
Path Group: clk
Path Type: min

Fanout         Cap        Slew       Delay        Time   Description
---------------------------------------------------------------------------------------------
                      0.150000    0.000000    0.000000   clock clk (rise edge)
                                  0.000000    0.000000   clock network delay (ideal)
                      0.150000    0.000000    0.000000 ^ _3172_/CLK (sky130_fd_sc_hd__dfxtp_2)
     1    0.002526    0.052430    0.668507    0.668507 ^ _3172_/Q (sky130_fd_sc_hd__dfxtp_2)
                                                         result_data_w[3] (net)
                      0.052430    0.000000    0.668507 ^ _1511_/A1 (sky130_fd_sc_hd__o211a_2)
     1    0.001537    0.068466    0.351490    1.019997 ^ _1511_/X (sky130_fd_sc_hd__o211a_2)
                                                         _0024_ (net)
                      0.068466    0.000000    1.019997 ^ _2907_/D (sky130_fd_sc_hd__dfxtp_2)
                                              1.019997   data arrival time

                      0.150000    0.000000    0.000000   clock clk (rise edge)
                                  0.000000    0.000000   clock network delay (ideal)
                                  0.250000    0.250000   clock uncertainty
                                  0.000000    0.250000   clock reconvergence pessimism
                                              0.250000 ^ _2907_/CLK (sky130_fd_sc_hd__dfxtp_2)
                                 -0.058866    0.191134   library hold time
                                              0.191134   data required time
---------------------------------------------------------------------------------------------
                                              0.191134   data required time
                                             -1.019997   data arrival time
---------------------------------------------------------------------------------------------
                                              0.828863   slack (MET)


Startpoint: _3173_ (rising edge-triggered flip-flop clocked by clk)
Endpoint: _2908_ (rising edge-triggered flip-flop clocked by clk)
Path Group: clk
Path Type: min

Fanout         Cap        Slew       Delay        Time   Description
---------------------------------------------------------------------------------------------
                      0.150000    0.000000    0.000000   clock clk (rise edge)
                                  0.000000    0.000000   clock network delay (ideal)
                      0.150000    0.000000    0.000000 ^ _3173_/CLK (sky130_fd_sc_hd__dfxtp_2)
     1    0.002526    0.052430    0.668507    0.668507 ^ _3173_/Q (sky130_fd_sc_hd__dfxtp_2)
                                                         result_data_w[4] (net)
                      0.052430    0.000000    0.668507 ^ _1513_/A1 (sky130_fd_sc_hd__o211a_2)
     1    0.001537    0.068466    0.351490    1.019997 ^ _1513_/X (sky130_fd_sc_hd__o211a_2)
                                                         _0025_ (net)
                      0.068466    0.000000    1.019997 ^ _2908_/D (sky130_fd_sc_hd__dfxtp_2)
                                              1.019997   data arrival time

                      0.150000    0.000000    0.000000   clock clk (rise edge)
                                  0.000000    0.000000   clock network delay (ideal)
                                  0.250000    0.250000   clock uncertainty
                                  0.000000    0.250000   clock reconvergence pessimism
                                              0.250000 ^ _2908_/CLK (sky130_fd_sc_hd__dfxtp_2)
                                 -0.058866    0.191134   library hold time
                                              0.191134   data required time
---------------------------------------------------------------------------------------------
                                              0.191134   data required time
                                             -1.019997   data arrival time
---------------------------------------------------------------------------------------------
                                              0.828863   slack (MET)


Startpoint: _3174_ (rising edge-triggered flip-flop clocked by clk)
Endpoint: _2909_ (rising edge-triggered flip-flop clocked by clk)
Path Group: clk
Path Type: min

Fanout         Cap        Slew       Delay        Time   Description
---------------------------------------------------------------------------------------------
                      0.150000    0.000000    0.000000   clock clk (rise edge)
                                  0.000000    0.000000   clock network delay (ideal)
                      0.150000    0.000000    0.000000 ^ _3174_/CLK (sky130_fd_sc_hd__dfxtp_2)
     1    0.002526    0.052430    0.668507    0.668507 ^ _3174_/Q (sky130_fd_sc_hd__dfxtp_2)
                                                         result_data_w[5] (net)
                      0.052430    0.000000    0.668507 ^ _1515_/A1 (sky130_fd_sc_hd__o211a_2)
     1    0.001537    0.068466    0.351490    1.019997 ^ _1515_/X (sky130_fd_sc_hd__o211a_2)
                                                         _0026_ (net)
                      0.068466    0.000000    1.019997 ^ _2909_/D (sky130_fd_sc_hd__dfxtp_2)
                                              1.019997   data arrival time

                      0.150000    0.000000    0.000000   clock clk (rise edge)
                                  0.000000    0.000000   clock network delay (ideal)
                                  0.250000    0.250000   clock uncertainty
                                  0.000000    0.250000   clock reconvergence pessimism
                                              0.250000 ^ _2909_/CLK (sky130_fd_sc_hd__dfxtp_2)
                                 -0.058866    0.191134   library hold time
                                              0.191134   data required time
---------------------------------------------------------------------------------------------
                                              0.191134   data required time
                                             -1.019997   data arrival time
---------------------------------------------------------------------------------------------
                                              0.828863   slack (MET)


Startpoint: _3175_ (rising edge-triggered flip-flop clocked by clk)
Endpoint: _2910_ (rising edge-triggered flip-flop clocked by clk)
Path Group: clk
Path Type: min

Fanout         Cap        Slew       Delay        Time   Description
---------------------------------------------------------------------------------------------
                      0.150000    0.000000    0.000000   clock clk (rise edge)
                                  0.000000    0.000000   clock network delay (ideal)
                      0.150000    0.000000    0.000000 ^ _3175_/CLK (sky130_fd_sc_hd__dfxtp_2)
     1    0.002526    0.052430    0.668507    0.668507 ^ _3175_/Q (sky130_fd_sc_hd__dfxtp_2)
                                                         result_data_w[6] (net)
                      0.052430    0.000000    0.668507 ^ _1517_/A1 (sky130_fd_sc_hd__o211a_2)
     1    0.001537    0.068466    0.351490    1.019997 ^ _1517_/X (sky130_fd_sc_hd__o211a_2)
                                                         _0027_ (net)
                      0.068466    0.000000    1.019997 ^ _2910_/D (sky130_fd_sc_hd__dfxtp_2)
                                              1.019997   data arrival time

                      0.150000    0.000000    0.000000   clock clk (rise edge)
                                  0.000000    0.000000   clock network delay (ideal)
                                  0.250000    0.250000   clock uncertainty
                                  0.000000    0.250000   clock reconvergence pessimism
                                              0.250000 ^ _2910_/CLK (sky130_fd_sc_hd__dfxtp_2)
                                 -0.058866    0.191134   library hold time
                                              0.191134   data required time
---------------------------------------------------------------------------------------------
                                              0.191134   data required time
                                             -1.019997   data arrival time
---------------------------------------------------------------------------------------------
                                              0.828863   slack (MET)


Startpoint: _3176_ (rising edge-triggered flip-flop clocked by clk)
Endpoint: _2911_ (rising edge-triggered flip-flop clocked by clk)
Path Group: clk
Path Type: min

Fanout         Cap        Slew       Delay        Time   Description
---------------------------------------------------------------------------------------------
                      0.150000    0.000000    0.000000   clock clk (rise edge)
                                  0.000000    0.000000   clock network delay (ideal)
                      0.150000    0.000000    0.000000 ^ _3176_/CLK (sky130_fd_sc_hd__dfxtp_2)
     1    0.002526    0.052430    0.668507    0.668507 ^ _3176_/Q (sky130_fd_sc_hd__dfxtp_2)
                                                         result_data_w[7] (net)
                      0.052430    0.000000    0.668507 ^ _1519_/A1 (sky130_fd_sc_hd__o211a_2)
     1    0.001537    0.068466    0.351490    1.019997 ^ _1519_/X (sky130_fd_sc_hd__o211a_2)
                                                         _0028_ (net)
                      0.068466    0.000000    1.019997 ^ _2911_/D (sky130_fd_sc_hd__dfxtp_2)
                                              1.019997   data arrival time

                      0.150000    0.000000    0.000000   clock clk (rise edge)
                                  0.000000    0.000000   clock network delay (ideal)
                                  0.250000    0.250000   clock uncertainty
                                  0.000000    0.250000   clock reconvergence pessimism
                                              0.250000 ^ _2911_/CLK (sky130_fd_sc_hd__dfxtp_2)
                                 -0.058866    0.191134   library hold time
                                              0.191134   data required time
---------------------------------------------------------------------------------------------
                                              0.191134   data required time
                                             -1.019997   data arrival time
---------------------------------------------------------------------------------------------
                                              0.828863   slack (MET)


Startpoint: _3177_ (rising edge-triggered flip-flop clocked by clk)
Endpoint: _2912_ (rising edge-triggered flip-flop clocked by clk)
Path Group: clk
Path Type: min

Fanout         Cap        Slew       Delay        Time   Description
---------------------------------------------------------------------------------------------
                      0.150000    0.000000    0.000000   clock clk (rise edge)
                                  0.000000    0.000000   clock network delay (ideal)
                      0.150000    0.000000    0.000000 ^ _3177_/CLK (sky130_fd_sc_hd__dfxtp_2)
     1    0.002526    0.052430    0.668507    0.668507 ^ _3177_/Q (sky130_fd_sc_hd__dfxtp_2)
                                                         result_data_w[8] (net)
                      0.052430    0.000000    0.668507 ^ _1521_/A1 (sky130_fd_sc_hd__o211a_2)
     1    0.001537    0.068466    0.351490    1.019997 ^ _1521_/X (sky130_fd_sc_hd__o211a_2)
                                                         _0029_ (net)
                      0.068466    0.000000    1.019997 ^ _2912_/D (sky130_fd_sc_hd__dfxtp_2)
                                              1.019997   data arrival time

                      0.150000    0.000000    0.000000   clock clk (rise edge)
                                  0.000000    0.000000   clock network delay (ideal)
                                  0.250000    0.250000   clock uncertainty
                                  0.000000    0.250000   clock reconvergence pessimism
                                              0.250000 ^ _2912_/CLK (sky130_fd_sc_hd__dfxtp_2)
                                 -0.058866    0.191134   library hold time
                                              0.191134   data required time
---------------------------------------------------------------------------------------------
                                              0.191134   data required time
                                             -1.019997   data arrival time
---------------------------------------------------------------------------------------------
                                              0.828863   slack (MET)


Startpoint: _3178_ (rising edge-triggered flip-flop clocked by clk)
Endpoint: _2913_ (rising edge-triggered flip-flop clocked by clk)
Path Group: clk
Path Type: min

Fanout         Cap        Slew       Delay        Time   Description
---------------------------------------------------------------------------------------------
                      0.150000    0.000000    0.000000   clock clk (rise edge)
                                  0.000000    0.000000   clock network delay (ideal)
                      0.150000    0.000000    0.000000 ^ _3178_/CLK (sky130_fd_sc_hd__dfxtp_2)
     1    0.002526    0.052430    0.668507    0.668507 ^ _3178_/Q (sky130_fd_sc_hd__dfxtp_2)
                                                         result_data_w[9] (net)
                      0.052430    0.000000    0.668507 ^ _1523_/A1 (sky130_fd_sc_hd__o211a_2)
     1    0.001537    0.068466    0.351490    1.019997 ^ _1523_/X (sky130_fd_sc_hd__o211a_2)
                                                         _0030_ (net)
                      0.068466    0.000000    1.019997 ^ _2913_/D (sky130_fd_sc_hd__dfxtp_2)
                                              1.019997   data arrival time

                      0.150000    0.000000    0.000000   clock clk (rise edge)
                                  0.000000    0.000000   clock network delay (ideal)
                                  0.250000    0.250000   clock uncertainty
                                  0.000000    0.250000   clock reconvergence pessimism
                                              0.250000 ^ _2913_/CLK (sky130_fd_sc_hd__dfxtp_2)
                                 -0.058866    0.191134   library hold time
                                              0.191134   data required time
---------------------------------------------------------------------------------------------
                                              0.191134   data required time
                                             -1.019997   data arrival time
---------------------------------------------------------------------------------------------
                                              0.828863   slack (MET)


Startpoint: _3179_ (rising edge-triggered flip-flop clocked by clk)
Endpoint: _2914_ (rising edge-triggered flip-flop clocked by clk)
Path Group: clk
Path Type: min

Fanout         Cap        Slew       Delay        Time   Description
---------------------------------------------------------------------------------------------
                      0.150000    0.000000    0.000000   clock clk (rise edge)
                                  0.000000    0.000000   clock network delay (ideal)
                      0.150000    0.000000    0.000000 ^ _3179_/CLK (sky130_fd_sc_hd__dfxtp_2)
     1    0.002526    0.052430    0.668507    0.668507 ^ _3179_/Q (sky130_fd_sc_hd__dfxtp_2)
                                                         result_data_w[10] (net)
                      0.052430    0.000000    0.668507 ^ _1525_/A1 (sky130_fd_sc_hd__o211a_2)
     1    0.001537    0.068466    0.351490    1.019997 ^ _1525_/X (sky130_fd_sc_hd__o211a_2)
                                                         _0031_ (net)
                      0.068466    0.000000    1.019997 ^ _2914_/D (sky130_fd_sc_hd__dfxtp_2)
                                              1.019997   data arrival time

                      0.150000    0.000000    0.000000   clock clk (rise edge)
                                  0.000000    0.000000   clock network delay (ideal)
                                  0.250000    0.250000   clock uncertainty
                                  0.000000    0.250000   clock reconvergence pessimism
                                              0.250000 ^ _2914_/CLK (sky130_fd_sc_hd__dfxtp_2)
                                 -0.058866    0.191134   library hold time
                                              0.191134   data required time
---------------------------------------------------------------------------------------------
                                              0.191134   data required time
                                             -1.019997   data arrival time
---------------------------------------------------------------------------------------------
                                              0.828863   slack (MET)


Startpoint: _3180_ (rising edge-triggered flip-flop clocked by clk)
Endpoint: _2915_ (rising edge-triggered flip-flop clocked by clk)
Path Group: clk
Path Type: min

Fanout         Cap        Slew       Delay        Time   Description
---------------------------------------------------------------------------------------------
                      0.150000    0.000000    0.000000   clock clk (rise edge)
                                  0.000000    0.000000   clock network delay (ideal)
                      0.150000    0.000000    0.000000 ^ _3180_/CLK (sky130_fd_sc_hd__dfxtp_2)
     1    0.002526    0.052430    0.668507    0.668507 ^ _3180_/Q (sky130_fd_sc_hd__dfxtp_2)
                                                         result_data_w[11] (net)
                      0.052430    0.000000    0.668507 ^ _1527_/A1 (sky130_fd_sc_hd__o211a_2)
     1    0.001537    0.068466    0.351490    1.019997 ^ _1527_/X (sky130_fd_sc_hd__o211a_2)
                                                         _0032_ (net)
                      0.068466    0.000000    1.019997 ^ _2915_/D (sky130_fd_sc_hd__dfxtp_2)
                                              1.019997   data arrival time

                      0.150000    0.000000    0.000000   clock clk (rise edge)
                                  0.000000    0.000000   clock network delay (ideal)
                                  0.250000    0.250000   clock uncertainty
                                  0.000000    0.250000   clock reconvergence pessimism
                                              0.250000 ^ _2915_/CLK (sky130_fd_sc_hd__dfxtp_2)
                                 -0.058866    0.191134   library hold time
                                              0.191134   data required time
---------------------------------------------------------------------------------------------
                                              0.191134   data required time
                                             -1.019997   data arrival time
---------------------------------------------------------------------------------------------
                                              0.828863   slack (MET)


Startpoint: _3181_ (rising edge-triggered flip-flop clocked by clk)
Endpoint: _2916_ (rising edge-triggered flip-flop clocked by clk)
Path Group: clk
Path Type: min

Fanout         Cap        Slew       Delay        Time   Description
---------------------------------------------------------------------------------------------
                      0.150000    0.000000    0.000000   clock clk (rise edge)
                                  0.000000    0.000000   clock network delay (ideal)
                      0.150000    0.000000    0.000000 ^ _3181_/CLK (sky130_fd_sc_hd__dfxtp_2)
     1    0.002526    0.052430    0.668507    0.668507 ^ _3181_/Q (sky130_fd_sc_hd__dfxtp_2)
                                                         result_data_w[12] (net)
                      0.052430    0.000000    0.668507 ^ _1529_/A1 (sky130_fd_sc_hd__o211a_2)
     1    0.001537    0.068466    0.351490    1.019997 ^ _1529_/X (sky130_fd_sc_hd__o211a_2)
                                                         _0033_ (net)
                      0.068466    0.000000    1.019997 ^ _2916_/D (sky130_fd_sc_hd__dfxtp_2)
                                              1.019997   data arrival time

                      0.150000    0.000000    0.000000   clock clk (rise edge)
                                  0.000000    0.000000   clock network delay (ideal)
                                  0.250000    0.250000   clock uncertainty
                                  0.000000    0.250000   clock reconvergence pessimism
                                              0.250000 ^ _2916_/CLK (sky130_fd_sc_hd__dfxtp_2)
                                 -0.058866    0.191134   library hold time
                                              0.191134   data required time
---------------------------------------------------------------------------------------------
                                              0.191134   data required time
                                             -1.019997   data arrival time
---------------------------------------------------------------------------------------------
                                              0.828863   slack (MET)


Startpoint: _3182_ (rising edge-triggered flip-flop clocked by clk)
Endpoint: _2917_ (rising edge-triggered flip-flop clocked by clk)
Path Group: clk
Path Type: min

Fanout         Cap        Slew       Delay        Time   Description
---------------------------------------------------------------------------------------------
                      0.150000    0.000000    0.000000   clock clk (rise edge)
                                  0.000000    0.000000   clock network delay (ideal)
                      0.150000    0.000000    0.000000 ^ _3182_/CLK (sky130_fd_sc_hd__dfxtp_2)
     1    0.002526    0.052430    0.668507    0.668507 ^ _3182_/Q (sky130_fd_sc_hd__dfxtp_2)
                                                         result_data_w[13] (net)
                      0.052430    0.000000    0.668507 ^ _1531_/A1 (sky130_fd_sc_hd__o211a_2)
     1    0.001537    0.068466    0.351490    1.019997 ^ _1531_/X (sky130_fd_sc_hd__o211a_2)
                                                         _0034_ (net)
                      0.068466    0.000000    1.019997 ^ _2917_/D (sky130_fd_sc_hd__dfxtp_2)
                                              1.019997   data arrival time

                      0.150000    0.000000    0.000000   clock clk (rise edge)
                                  0.000000    0.000000   clock network delay (ideal)
                                  0.250000    0.250000   clock uncertainty
                                  0.000000    0.250000   clock reconvergence pessimism
                                              0.250000 ^ _2917_/CLK (sky130_fd_sc_hd__dfxtp_2)
                                 -0.058866    0.191134   library hold time
                                              0.191134   data required time
---------------------------------------------------------------------------------------------
                                              0.191134   data required time
                                             -1.019997   data arrival time
---------------------------------------------------------------------------------------------
                                              0.828863   slack (MET)


Startpoint: _3183_ (rising edge-triggered flip-flop clocked by clk)
Endpoint: _2918_ (rising edge-triggered flip-flop clocked by clk)
Path Group: clk
Path Type: min

Fanout         Cap        Slew       Delay        Time   Description
---------------------------------------------------------------------------------------------
                      0.150000    0.000000    0.000000   clock clk (rise edge)
                                  0.000000    0.000000   clock network delay (ideal)
                      0.150000    0.000000    0.000000 ^ _3183_/CLK (sky130_fd_sc_hd__dfxtp_2)
     1    0.002526    0.052430    0.668507    0.668507 ^ _3183_/Q (sky130_fd_sc_hd__dfxtp_2)
                                                         result_data_w[14] (net)
                      0.052430    0.000000    0.668507 ^ _1533_/A1 (sky130_fd_sc_hd__o211a_2)
     1    0.001537    0.068466    0.351490    1.019997 ^ _1533_/X (sky130_fd_sc_hd__o211a_2)
                                                         _0035_ (net)
                      0.068466    0.000000    1.019997 ^ _2918_/D (sky130_fd_sc_hd__dfxtp_2)
                                              1.019997   data arrival time

                      0.150000    0.000000    0.000000   clock clk (rise edge)
                                  0.000000    0.000000   clock network delay (ideal)
                                  0.250000    0.250000   clock uncertainty
                                  0.000000    0.250000   clock reconvergence pessimism
                                              0.250000 ^ _2918_/CLK (sky130_fd_sc_hd__dfxtp_2)
                                 -0.058866    0.191134   library hold time
                                              0.191134   data required time
---------------------------------------------------------------------------------------------
                                              0.191134   data required time
                                             -1.019997   data arrival time
---------------------------------------------------------------------------------------------
                                              0.828863   slack (MET)


Startpoint: _3184_ (rising edge-triggered flip-flop clocked by clk)
Endpoint: _2919_ (rising edge-triggered flip-flop clocked by clk)
Path Group: clk
Path Type: min

Fanout         Cap        Slew       Delay        Time   Description
---------------------------------------------------------------------------------------------
                      0.150000    0.000000    0.000000   clock clk (rise edge)
                                  0.000000    0.000000   clock network delay (ideal)
                      0.150000    0.000000    0.000000 ^ _3184_/CLK (sky130_fd_sc_hd__dfxtp_2)
     1    0.002526    0.052430    0.668507    0.668507 ^ _3184_/Q (sky130_fd_sc_hd__dfxtp_2)
                                                         result_data_w[15] (net)
                      0.052430    0.000000    0.668507 ^ _1535_/A1 (sky130_fd_sc_hd__o211a_2)
     1    0.001537    0.068466    0.351490    1.019997 ^ _1535_/X (sky130_fd_sc_hd__o211a_2)
                                                         _0036_ (net)
                      0.068466    0.000000    1.019997 ^ _2919_/D (sky130_fd_sc_hd__dfxtp_2)
                                              1.019997   data arrival time

                      0.150000    0.000000    0.000000   clock clk (rise edge)
                                  0.000000    0.000000   clock network delay (ideal)
                                  0.250000    0.250000   clock uncertainty
                                  0.000000    0.250000   clock reconvergence pessimism
                                              0.250000 ^ _2919_/CLK (sky130_fd_sc_hd__dfxtp_2)
                                 -0.058866    0.191134   library hold time
                                              0.191134   data required time
---------------------------------------------------------------------------------------------
                                              0.191134   data required time
                                             -1.019997   data arrival time
---------------------------------------------------------------------------------------------
                                              0.828863   slack (MET)


Startpoint: _3185_ (rising edge-triggered flip-flop clocked by clk)
Endpoint: _2920_ (rising edge-triggered flip-flop clocked by clk)
Path Group: clk
Path Type: min

Fanout         Cap        Slew       Delay        Time   Description
---------------------------------------------------------------------------------------------
                      0.150000    0.000000    0.000000   clock clk (rise edge)
                                  0.000000    0.000000   clock network delay (ideal)
                      0.150000    0.000000    0.000000 ^ _3185_/CLK (sky130_fd_sc_hd__dfxtp_2)
     1    0.002526    0.052430    0.668507    0.668507 ^ _3185_/Q (sky130_fd_sc_hd__dfxtp_2)
                                                         result_data_w[16] (net)
                      0.052430    0.000000    0.668507 ^ _1537_/A1 (sky130_fd_sc_hd__o211a_2)
     1    0.001537    0.068466    0.351490    1.019997 ^ _1537_/X (sky130_fd_sc_hd__o211a_2)
                                                         _0037_ (net)
                      0.068466    0.000000    1.019997 ^ _2920_/D (sky130_fd_sc_hd__dfxtp_2)
                                              1.019997   data arrival time

                      0.150000    0.000000    0.000000   clock clk (rise edge)
                                  0.000000    0.000000   clock network delay (ideal)
                                  0.250000    0.250000   clock uncertainty
                                  0.000000    0.250000   clock reconvergence pessimism
                                              0.250000 ^ _2920_/CLK (sky130_fd_sc_hd__dfxtp_2)
                                 -0.058866    0.191134   library hold time
                                              0.191134   data required time
---------------------------------------------------------------------------------------------
                                              0.191134   data required time
                                             -1.019997   data arrival time
---------------------------------------------------------------------------------------------
                                              0.828863   slack (MET)


Startpoint: _3186_ (rising edge-triggered flip-flop clocked by clk)
Endpoint: _2921_ (rising edge-triggered flip-flop clocked by clk)
Path Group: clk
Path Type: min

Fanout         Cap        Slew       Delay        Time   Description
---------------------------------------------------------------------------------------------
                      0.150000    0.000000    0.000000   clock clk (rise edge)
                                  0.000000    0.000000   clock network delay (ideal)
                      0.150000    0.000000    0.000000 ^ _3186_/CLK (sky130_fd_sc_hd__dfxtp_2)
     1    0.002526    0.052430    0.668507    0.668507 ^ _3186_/Q (sky130_fd_sc_hd__dfxtp_2)
                                                         result_data_w[17] (net)
                      0.052430    0.000000    0.668507 ^ _1539_/A1 (sky130_fd_sc_hd__o211a_2)
     1    0.001537    0.068466    0.351490    1.019997 ^ _1539_/X (sky130_fd_sc_hd__o211a_2)
                                                         _0038_ (net)
                      0.068466    0.000000    1.019997 ^ _2921_/D (sky130_fd_sc_hd__dfxtp_2)
                                              1.019997   data arrival time

                      0.150000    0.000000    0.000000   clock clk (rise edge)
                                  0.000000    0.000000   clock network delay (ideal)
                                  0.250000    0.250000   clock uncertainty
                                  0.000000    0.250000   clock reconvergence pessimism
                                              0.250000 ^ _2921_/CLK (sky130_fd_sc_hd__dfxtp_2)
                                 -0.058866    0.191134   library hold time
                                              0.191134   data required time
---------------------------------------------------------------------------------------------
                                              0.191134   data required time
                                             -1.019997   data arrival time
---------------------------------------------------------------------------------------------
                                              0.828863   slack (MET)


Startpoint: _3187_ (rising edge-triggered flip-flop clocked by clk)
Endpoint: _2922_ (rising edge-triggered flip-flop clocked by clk)
Path Group: clk
Path Type: min

Fanout         Cap        Slew       Delay        Time   Description
---------------------------------------------------------------------------------------------
                      0.150000    0.000000    0.000000   clock clk (rise edge)
                                  0.000000    0.000000   clock network delay (ideal)
                      0.150000    0.000000    0.000000 ^ _3187_/CLK (sky130_fd_sc_hd__dfxtp_2)
     1    0.002526    0.052430    0.668507    0.668507 ^ _3187_/Q (sky130_fd_sc_hd__dfxtp_2)
                                                         result_data_w[18] (net)
                      0.052430    0.000000    0.668507 ^ _1541_/A1 (sky130_fd_sc_hd__o211a_2)
     1    0.001537    0.068466    0.351490    1.019997 ^ _1541_/X (sky130_fd_sc_hd__o211a_2)
                                                         _0039_ (net)
                      0.068466    0.000000    1.019997 ^ _2922_/D (sky130_fd_sc_hd__dfxtp_2)
                                              1.019997   data arrival time

                      0.150000    0.000000    0.000000   clock clk (rise edge)
                                  0.000000    0.000000   clock network delay (ideal)
                                  0.250000    0.250000   clock uncertainty
                                  0.000000    0.250000   clock reconvergence pessimism
                                              0.250000 ^ _2922_/CLK (sky130_fd_sc_hd__dfxtp_2)
                                 -0.058866    0.191134   library hold time
                                              0.191134   data required time
---------------------------------------------------------------------------------------------
                                              0.191134   data required time
                                             -1.019997   data arrival time
---------------------------------------------------------------------------------------------
                                              0.828863   slack (MET)


Startpoint: _3188_ (rising edge-triggered flip-flop clocked by clk)
Endpoint: _2923_ (rising edge-triggered flip-flop clocked by clk)
Path Group: clk
Path Type: min

Fanout         Cap        Slew       Delay        Time   Description
---------------------------------------------------------------------------------------------
                      0.150000    0.000000    0.000000   clock clk (rise edge)
                                  0.000000    0.000000   clock network delay (ideal)
                      0.150000    0.000000    0.000000 ^ _3188_/CLK (sky130_fd_sc_hd__dfxtp_2)
     1    0.002526    0.052430    0.668507    0.668507 ^ _3188_/Q (sky130_fd_sc_hd__dfxtp_2)
                                                         result_data_w[19] (net)
                      0.052430    0.000000    0.668507 ^ _1543_/A1 (sky130_fd_sc_hd__o211a_2)
     1    0.001537    0.068466    0.351490    1.019997 ^ _1543_/X (sky130_fd_sc_hd__o211a_2)
                                                         _0040_ (net)
                      0.068466    0.000000    1.019997 ^ _2923_/D (sky130_fd_sc_hd__dfxtp_2)
                                              1.019997   data arrival time

                      0.150000    0.000000    0.000000   clock clk (rise edge)
                                  0.000000    0.000000   clock network delay (ideal)
                                  0.250000    0.250000   clock uncertainty
                                  0.000000    0.250000   clock reconvergence pessimism
                                              0.250000 ^ _2923_/CLK (sky130_fd_sc_hd__dfxtp_2)
                                 -0.058866    0.191134   library hold time
                                              0.191134   data required time
---------------------------------------------------------------------------------------------
                                              0.191134   data required time
                                             -1.019997   data arrival time
---------------------------------------------------------------------------------------------
                                              0.828863   slack (MET)


Startpoint: _3189_ (rising edge-triggered flip-flop clocked by clk)
Endpoint: _2924_ (rising edge-triggered flip-flop clocked by clk)
Path Group: clk
Path Type: min

Fanout         Cap        Slew       Delay        Time   Description
---------------------------------------------------------------------------------------------
                      0.150000    0.000000    0.000000   clock clk (rise edge)
                                  0.000000    0.000000   clock network delay (ideal)
                      0.150000    0.000000    0.000000 ^ _3189_/CLK (sky130_fd_sc_hd__dfxtp_2)
     1    0.002526    0.052430    0.668507    0.668507 ^ _3189_/Q (sky130_fd_sc_hd__dfxtp_2)
                                                         result_data_w[20] (net)
                      0.052430    0.000000    0.668507 ^ _1545_/A1 (sky130_fd_sc_hd__o211a_2)
     1    0.001537    0.068466    0.351490    1.019997 ^ _1545_/X (sky130_fd_sc_hd__o211a_2)
                                                         _0041_ (net)
                      0.068466    0.000000    1.019997 ^ _2924_/D (sky130_fd_sc_hd__dfxtp_2)
                                              1.019997   data arrival time

                      0.150000    0.000000    0.000000   clock clk (rise edge)
                                  0.000000    0.000000   clock network delay (ideal)
                                  0.250000    0.250000   clock uncertainty
                                  0.000000    0.250000   clock reconvergence pessimism
                                              0.250000 ^ _2924_/CLK (sky130_fd_sc_hd__dfxtp_2)
                                 -0.058866    0.191134   library hold time
                                              0.191134   data required time
---------------------------------------------------------------------------------------------
                                              0.191134   data required time
                                             -1.019997   data arrival time
---------------------------------------------------------------------------------------------
                                              0.828863   slack (MET)


Startpoint: _3190_ (rising edge-triggered flip-flop clocked by clk)
Endpoint: _2925_ (rising edge-triggered flip-flop clocked by clk)
Path Group: clk
Path Type: min

Fanout         Cap        Slew       Delay        Time   Description
---------------------------------------------------------------------------------------------
                      0.150000    0.000000    0.000000   clock clk (rise edge)
                                  0.000000    0.000000   clock network delay (ideal)
                      0.150000    0.000000    0.000000 ^ _3190_/CLK (sky130_fd_sc_hd__dfxtp_2)
     1    0.002526    0.052430    0.668507    0.668507 ^ _3190_/Q (sky130_fd_sc_hd__dfxtp_2)
                                                         result_data_w[21] (net)
                      0.052430    0.000000    0.668507 ^ _1547_/A1 (sky130_fd_sc_hd__o211a_2)
     1    0.001537    0.068466    0.351490    1.019997 ^ _1547_/X (sky130_fd_sc_hd__o211a_2)
                                                         _0042_ (net)
                      0.068466    0.000000    1.019997 ^ _2925_/D (sky130_fd_sc_hd__dfxtp_2)
                                              1.019997   data arrival time

                      0.150000    0.000000    0.000000   clock clk (rise edge)
                                  0.000000    0.000000   clock network delay (ideal)
                                  0.250000    0.250000   clock uncertainty
                                  0.000000    0.250000   clock reconvergence pessimism
                                              0.250000 ^ _2925_/CLK (sky130_fd_sc_hd__dfxtp_2)
                                 -0.058866    0.191134   library hold time
                                              0.191134   data required time
---------------------------------------------------------------------------------------------
                                              0.191134   data required time
                                             -1.019997   data arrival time
---------------------------------------------------------------------------------------------
                                              0.828863   slack (MET)


Startpoint: _3191_ (rising edge-triggered flip-flop clocked by clk)
Endpoint: _2926_ (rising edge-triggered flip-flop clocked by clk)
Path Group: clk
Path Type: min

Fanout         Cap        Slew       Delay        Time   Description
---------------------------------------------------------------------------------------------
                      0.150000    0.000000    0.000000   clock clk (rise edge)
                                  0.000000    0.000000   clock network delay (ideal)
                      0.150000    0.000000    0.000000 ^ _3191_/CLK (sky130_fd_sc_hd__dfxtp_2)
     1    0.002526    0.052430    0.668507    0.668507 ^ _3191_/Q (sky130_fd_sc_hd__dfxtp_2)
                                                         result_data_w[22] (net)
                      0.052430    0.000000    0.668507 ^ _1549_/A1 (sky130_fd_sc_hd__o211a_2)
     1    0.001537    0.068466    0.351490    1.019997 ^ _1549_/X (sky130_fd_sc_hd__o211a_2)
                                                         _0043_ (net)
                      0.068466    0.000000    1.019997 ^ _2926_/D (sky130_fd_sc_hd__dfxtp_2)
                                              1.019997   data arrival time

                      0.150000    0.000000    0.000000   clock clk (rise edge)
                                  0.000000    0.000000   clock network delay (ideal)
                                  0.250000    0.250000   clock uncertainty
                                  0.000000    0.250000   clock reconvergence pessimism
                                              0.250000 ^ _2926_/CLK (sky130_fd_sc_hd__dfxtp_2)
                                 -0.058866    0.191134   library hold time
                                              0.191134   data required time
---------------------------------------------------------------------------------------------
                                              0.191134   data required time
                                             -1.019997   data arrival time
---------------------------------------------------------------------------------------------
                                              0.828863   slack (MET)


Startpoint: _3192_ (rising edge-triggered flip-flop clocked by clk)
Endpoint: _2927_ (rising edge-triggered flip-flop clocked by clk)
Path Group: clk
Path Type: min

Fanout         Cap        Slew       Delay        Time   Description
---------------------------------------------------------------------------------------------
                      0.150000    0.000000    0.000000   clock clk (rise edge)
                                  0.000000    0.000000   clock network delay (ideal)
                      0.150000    0.000000    0.000000 ^ _3192_/CLK (sky130_fd_sc_hd__dfxtp_2)
     1    0.002526    0.052430    0.668507    0.668507 ^ _3192_/Q (sky130_fd_sc_hd__dfxtp_2)
                                                         result_data_w[23] (net)
                      0.052430    0.000000    0.668507 ^ _1551_/A1 (sky130_fd_sc_hd__o211a_2)
     1    0.001537    0.068466    0.351490    1.019997 ^ _1551_/X (sky130_fd_sc_hd__o211a_2)
                                                         _0044_ (net)
                      0.068466    0.000000    1.019997 ^ _2927_/D (sky130_fd_sc_hd__dfxtp_2)
                                              1.019997   data arrival time

                      0.150000    0.000000    0.000000   clock clk (rise edge)
                                  0.000000    0.000000   clock network delay (ideal)
                                  0.250000    0.250000   clock uncertainty
                                  0.000000    0.250000   clock reconvergence pessimism
                                              0.250000 ^ _2927_/CLK (sky130_fd_sc_hd__dfxtp_2)
                                 -0.058866    0.191134   library hold time
                                              0.191134   data required time
---------------------------------------------------------------------------------------------
                                              0.191134   data required time
                                             -1.019997   data arrival time
---------------------------------------------------------------------------------------------
                                              0.828863   slack (MET)


Startpoint: _3193_ (rising edge-triggered flip-flop clocked by clk)
Endpoint: _2928_ (rising edge-triggered flip-flop clocked by clk)
Path Group: clk
Path Type: min

Fanout         Cap        Slew       Delay        Time   Description
---------------------------------------------------------------------------------------------
                      0.150000    0.000000    0.000000   clock clk (rise edge)
                                  0.000000    0.000000   clock network delay (ideal)
                      0.150000    0.000000    0.000000 ^ _3193_/CLK (sky130_fd_sc_hd__dfxtp_2)
     1    0.002526    0.052430    0.668507    0.668507 ^ _3193_/Q (sky130_fd_sc_hd__dfxtp_2)
                                                         result_data_w[24] (net)
                      0.052430    0.000000    0.668507 ^ _1553_/A1 (sky130_fd_sc_hd__o211a_2)
     1    0.001537    0.068466    0.351490    1.019997 ^ _1553_/X (sky130_fd_sc_hd__o211a_2)
                                                         _0045_ (net)
                      0.068466    0.000000    1.019997 ^ _2928_/D (sky130_fd_sc_hd__dfxtp_2)
                                              1.019997   data arrival time

                      0.150000    0.000000    0.000000   clock clk (rise edge)
                                  0.000000    0.000000   clock network delay (ideal)
                                  0.250000    0.250000   clock uncertainty
                                  0.000000    0.250000   clock reconvergence pessimism
                                              0.250000 ^ _2928_/CLK (sky130_fd_sc_hd__dfxtp_2)
                                 -0.058866    0.191134   library hold time
                                              0.191134   data required time
---------------------------------------------------------------------------------------------
                                              0.191134   data required time
                                             -1.019997   data arrival time
---------------------------------------------------------------------------------------------
                                              0.828863   slack (MET)


Startpoint: _3194_ (rising edge-triggered flip-flop clocked by clk)
Endpoint: _2929_ (rising edge-triggered flip-flop clocked by clk)
Path Group: clk
Path Type: min

Fanout         Cap        Slew       Delay        Time   Description
---------------------------------------------------------------------------------------------
                      0.150000    0.000000    0.000000   clock clk (rise edge)
                                  0.000000    0.000000   clock network delay (ideal)
                      0.150000    0.000000    0.000000 ^ _3194_/CLK (sky130_fd_sc_hd__dfxtp_2)
     1    0.002526    0.052430    0.668507    0.668507 ^ _3194_/Q (sky130_fd_sc_hd__dfxtp_2)
                                                         result_data_w[25] (net)
                      0.052430    0.000000    0.668507 ^ _1555_/A1 (sky130_fd_sc_hd__o211a_2)
     1    0.001537    0.068466    0.351490    1.019997 ^ _1555_/X (sky130_fd_sc_hd__o211a_2)
                                                         _0046_ (net)
                      0.068466    0.000000    1.019997 ^ _2929_/D (sky130_fd_sc_hd__dfxtp_2)
                                              1.019997   data arrival time

                      0.150000    0.000000    0.000000   clock clk (rise edge)
                                  0.000000    0.000000   clock network delay (ideal)
                                  0.250000    0.250000   clock uncertainty
                                  0.000000    0.250000   clock reconvergence pessimism
                                              0.250000 ^ _2929_/CLK (sky130_fd_sc_hd__dfxtp_2)
                                 -0.058866    0.191134   library hold time
                                              0.191134   data required time
---------------------------------------------------------------------------------------------
                                              0.191134   data required time
                                             -1.019997   data arrival time
---------------------------------------------------------------------------------------------
                                              0.828863   slack (MET)


Startpoint: _3195_ (rising edge-triggered flip-flop clocked by clk)
Endpoint: _2930_ (rising edge-triggered flip-flop clocked by clk)
Path Group: clk
Path Type: min

Fanout         Cap        Slew       Delay        Time   Description
---------------------------------------------------------------------------------------------
                      0.150000    0.000000    0.000000   clock clk (rise edge)
                                  0.000000    0.000000   clock network delay (ideal)
                      0.150000    0.000000    0.000000 ^ _3195_/CLK (sky130_fd_sc_hd__dfxtp_2)
     1    0.002526    0.052430    0.668507    0.668507 ^ _3195_/Q (sky130_fd_sc_hd__dfxtp_2)
                                                         result_data_w[26] (net)
                      0.052430    0.000000    0.668507 ^ _1557_/A1 (sky130_fd_sc_hd__o211a_2)
     1    0.001537    0.068466    0.351490    1.019997 ^ _1557_/X (sky130_fd_sc_hd__o211a_2)
                                                         _0047_ (net)
                      0.068466    0.000000    1.019997 ^ _2930_/D (sky130_fd_sc_hd__dfxtp_2)
                                              1.019997   data arrival time

                      0.150000    0.000000    0.000000   clock clk (rise edge)
                                  0.000000    0.000000   clock network delay (ideal)
                                  0.250000    0.250000   clock uncertainty
                                  0.000000    0.250000   clock reconvergence pessimism
                                              0.250000 ^ _2930_/CLK (sky130_fd_sc_hd__dfxtp_2)
                                 -0.058866    0.191134   library hold time
                                              0.191134   data required time
---------------------------------------------------------------------------------------------
                                              0.191134   data required time
                                             -1.019997   data arrival time
---------------------------------------------------------------------------------------------
                                              0.828863   slack (MET)


Startpoint: _3196_ (rising edge-triggered flip-flop clocked by clk)
Endpoint: _2931_ (rising edge-triggered flip-flop clocked by clk)
Path Group: clk
Path Type: min

Fanout         Cap        Slew       Delay        Time   Description
---------------------------------------------------------------------------------------------
                      0.150000    0.000000    0.000000   clock clk (rise edge)
                                  0.000000    0.000000   clock network delay (ideal)
                      0.150000    0.000000    0.000000 ^ _3196_/CLK (sky130_fd_sc_hd__dfxtp_2)
     1    0.002526    0.052430    0.668507    0.668507 ^ _3196_/Q (sky130_fd_sc_hd__dfxtp_2)
                                                         result_data_w[27] (net)
                      0.052430    0.000000    0.668507 ^ _1559_/A1 (sky130_fd_sc_hd__o211a_2)
     1    0.001537    0.068466    0.351490    1.019997 ^ _1559_/X (sky130_fd_sc_hd__o211a_2)
                                                         _0048_ (net)
                      0.068466    0.000000    1.019997 ^ _2931_/D (sky130_fd_sc_hd__dfxtp_2)
                                              1.019997   data arrival time

                      0.150000    0.000000    0.000000   clock clk (rise edge)
                                  0.000000    0.000000   clock network delay (ideal)
                                  0.250000    0.250000   clock uncertainty
                                  0.000000    0.250000   clock reconvergence pessimism
                                              0.250000 ^ _2931_/CLK (sky130_fd_sc_hd__dfxtp_2)
                                 -0.058866    0.191134   library hold time
                                              0.191134   data required time
---------------------------------------------------------------------------------------------
                                              0.191134   data required time
                                             -1.019997   data arrival time
---------------------------------------------------------------------------------------------
                                              0.828863   slack (MET)


Startpoint: _3197_ (rising edge-triggered flip-flop clocked by clk)
Endpoint: _2932_ (rising edge-triggered flip-flop clocked by clk)
Path Group: clk
Path Type: min

Fanout         Cap        Slew       Delay        Time   Description
---------------------------------------------------------------------------------------------
                      0.150000    0.000000    0.000000   clock clk (rise edge)
                                  0.000000    0.000000   clock network delay (ideal)
                      0.150000    0.000000    0.000000 ^ _3197_/CLK (sky130_fd_sc_hd__dfxtp_2)
     1    0.002526    0.052430    0.668507    0.668507 ^ _3197_/Q (sky130_fd_sc_hd__dfxtp_2)
                                                         result_data_w[28] (net)
                      0.052430    0.000000    0.668507 ^ _1561_/A1 (sky130_fd_sc_hd__o211a_2)
     1    0.001537    0.068466    0.351490    1.019997 ^ _1561_/X (sky130_fd_sc_hd__o211a_2)
                                                         _0049_ (net)
                      0.068466    0.000000    1.019997 ^ _2932_/D (sky130_fd_sc_hd__dfxtp_2)
                                              1.019997   data arrival time

                      0.150000    0.000000    0.000000   clock clk (rise edge)
                                  0.000000    0.000000   clock network delay (ideal)
                                  0.250000    0.250000   clock uncertainty
                                  0.000000    0.250000   clock reconvergence pessimism
                                              0.250000 ^ _2932_/CLK (sky130_fd_sc_hd__dfxtp_2)
                                 -0.058866    0.191134   library hold time
                                              0.191134   data required time
---------------------------------------------------------------------------------------------
                                              0.191134   data required time
                                             -1.019997   data arrival time
---------------------------------------------------------------------------------------------
                                              0.828863   slack (MET)


Startpoint: _3198_ (rising edge-triggered flip-flop clocked by clk)
Endpoint: _2933_ (rising edge-triggered flip-flop clocked by clk)
Path Group: clk
Path Type: min

Fanout         Cap        Slew       Delay        Time   Description
---------------------------------------------------------------------------------------------
                      0.150000    0.000000    0.000000   clock clk (rise edge)
                                  0.000000    0.000000   clock network delay (ideal)
                      0.150000    0.000000    0.000000 ^ _3198_/CLK (sky130_fd_sc_hd__dfxtp_2)
     1    0.002526    0.052430    0.668507    0.668507 ^ _3198_/Q (sky130_fd_sc_hd__dfxtp_2)
                                                         result_data_w[29] (net)
                      0.052430    0.000000    0.668507 ^ _1563_/A1 (sky130_fd_sc_hd__o211a_2)
     1    0.001537    0.068466    0.351490    1.019997 ^ _1563_/X (sky130_fd_sc_hd__o211a_2)
                                                         _0050_ (net)
                      0.068466    0.000000    1.019997 ^ _2933_/D (sky130_fd_sc_hd__dfxtp_2)
                                              1.019997   data arrival time

                      0.150000    0.000000    0.000000   clock clk (rise edge)
                                  0.000000    0.000000   clock network delay (ideal)
                                  0.250000    0.250000   clock uncertainty
                                  0.000000    0.250000   clock reconvergence pessimism
                                              0.250000 ^ _2933_/CLK (sky130_fd_sc_hd__dfxtp_2)
                                 -0.058866    0.191134   library hold time
                                              0.191134   data required time
---------------------------------------------------------------------------------------------
                                              0.191134   data required time
                                             -1.019997   data arrival time
---------------------------------------------------------------------------------------------
                                              0.828863   slack (MET)


Startpoint: _3199_ (rising edge-triggered flip-flop clocked by clk)
Endpoint: _2934_ (rising edge-triggered flip-flop clocked by clk)
Path Group: clk
Path Type: min

Fanout         Cap        Slew       Delay        Time   Description
---------------------------------------------------------------------------------------------
                      0.150000    0.000000    0.000000   clock clk (rise edge)
                                  0.000000    0.000000   clock network delay (ideal)
                      0.150000    0.000000    0.000000 ^ _3199_/CLK (sky130_fd_sc_hd__dfxtp_2)
     1    0.002526    0.052430    0.668507    0.668507 ^ _3199_/Q (sky130_fd_sc_hd__dfxtp_2)
                                                         result_data_w[30] (net)
                      0.052430    0.000000    0.668507 ^ _1565_/A1 (sky130_fd_sc_hd__o211a_2)
     1    0.001537    0.068466    0.351490    1.019997 ^ _1565_/X (sky130_fd_sc_hd__o211a_2)
                                                         _0051_ (net)
                      0.068466    0.000000    1.019997 ^ _2934_/D (sky130_fd_sc_hd__dfxtp_2)
                                              1.019997   data arrival time

                      0.150000    0.000000    0.000000   clock clk (rise edge)
                                  0.000000    0.000000   clock network delay (ideal)
                                  0.250000    0.250000   clock uncertainty
                                  0.000000    0.250000   clock reconvergence pessimism
                                              0.250000 ^ _2934_/CLK (sky130_fd_sc_hd__dfxtp_2)
                                 -0.058866    0.191134   library hold time
                                              0.191134   data required time
---------------------------------------------------------------------------------------------
                                              0.191134   data required time
                                             -1.019997   data arrival time
---------------------------------------------------------------------------------------------
                                              0.828863   slack (MET)


Startpoint: _3200_ (rising edge-triggered flip-flop clocked by clk)
Endpoint: _2935_ (rising edge-triggered flip-flop clocked by clk)
Path Group: clk
Path Type: min

Fanout         Cap        Slew       Delay        Time   Description
---------------------------------------------------------------------------------------------
                      0.150000    0.000000    0.000000   clock clk (rise edge)
                                  0.000000    0.000000   clock network delay (ideal)
                      0.150000    0.000000    0.000000 ^ _3200_/CLK (sky130_fd_sc_hd__dfxtp_2)
     1    0.002526    0.052430    0.668507    0.668507 ^ _3200_/Q (sky130_fd_sc_hd__dfxtp_2)
                                                         result_data_w[31] (net)
                      0.052430    0.000000    0.668507 ^ _1567_/A1 (sky130_fd_sc_hd__o211a_2)
     1    0.001537    0.068466    0.351490    1.019997 ^ _1567_/X (sky130_fd_sc_hd__o211a_2)
                                                         _0052_ (net)
                      0.068466    0.000000    1.019997 ^ _2935_/D (sky130_fd_sc_hd__dfxtp_2)
                                              1.019997   data arrival time

                      0.150000    0.000000    0.000000   clock clk (rise edge)
                                  0.000000    0.000000   clock network delay (ideal)
                                  0.250000    0.250000   clock uncertainty
                                  0.000000    0.250000   clock reconvergence pessimism
                                              0.250000 ^ _2935_/CLK (sky130_fd_sc_hd__dfxtp_2)
                                 -0.058866    0.191134   library hold time
                                              0.191134   data required time
---------------------------------------------------------------------------------------------
                                              0.191134   data required time
                                             -1.019997   data arrival time
---------------------------------------------------------------------------------------------
                                              0.828863   slack (MET)


Startpoint: _2995_ (rising edge-triggered flip-flop clocked by clk)
Endpoint: _2940_ (rising edge-triggered flip-flop clocked by clk)
Path Group: clk
Path Type: min

Fanout         Cap        Slew       Delay        Time   Description
---------------------------------------------------------------------------------------------
                      0.150000    0.000000    0.000000   clock clk (rise edge)
                                  0.000000    0.000000   clock network delay (ideal)
                      0.150000    0.000000    0.000000 ^ _2995_/CLK (sky130_fd_sc_hd__dfxtp_2)
     1    0.001416    0.044453    0.659391    0.659391 ^ _2995_/Q (sky130_fd_sc_hd__dfxtp_2)
                                                         u_core.weight_din[0] (net)
                      0.044453    0.000000    0.659391 ^ _1571_/A (sky130_fd_sc_hd__and2_2)
     1    0.002495    0.066192    0.234367    0.893758 ^ _1571_/X (sky130_fd_sc_hd__and2_2)
                                                         _1321_ (net)
                      0.066192    0.000000    0.893758 ^ _1572_/B1 (sky130_fd_sc_hd__a31o_2)
     1    0.001537    0.045741    0.150005    1.043763 ^ _1572_/X (sky130_fd_sc_hd__a31o_2)
                                                         _0054_ (net)
                      0.045741    0.000000    1.043763 ^ _2940_/D (sky130_fd_sc_hd__dfxtp_2)
                                              1.043763   data arrival time

                      0.150000    0.000000    0.000000   clock clk (rise edge)
                                  0.000000    0.000000   clock network delay (ideal)
                                  0.250000    0.250000   clock uncertainty
                                  0.000000    0.250000   clock reconvergence pessimism
                                              0.250000 ^ _2940_/CLK (sky130_fd_sc_hd__dfxtp_2)
                                 -0.053618    0.196382   library hold time
                                              0.196382   data required time
---------------------------------------------------------------------------------------------
                                              0.196382   data required time
                                             -1.043763   data arrival time
---------------------------------------------------------------------------------------------
                                              0.847381   slack (MET)


Startpoint: _2996_ (rising edge-triggered flip-flop clocked by clk)
Endpoint: _2941_ (rising edge-triggered flip-flop clocked by clk)
Path Group: clk
Path Type: min

Fanout         Cap        Slew       Delay        Time   Description
---------------------------------------------------------------------------------------------
                      0.150000    0.000000    0.000000   clock clk (rise edge)
                                  0.000000    0.000000   clock network delay (ideal)
                      0.150000    0.000000    0.000000 ^ _2996_/CLK (sky130_fd_sc_hd__dfxtp_2)
     1    0.001416    0.044453    0.659391    0.659391 ^ _2996_/Q (sky130_fd_sc_hd__dfxtp_2)
                                                         u_core.weight_din[1] (net)
                      0.044453    0.000000    0.659391 ^ _1573_/A (sky130_fd_sc_hd__and2_2)
     1    0.002495    0.066192    0.234367    0.893758 ^ _1573_/X (sky130_fd_sc_hd__and2_2)
                                                         _1322_ (net)
                      0.066192    0.000000    0.893758 ^ _1574_/B1 (sky130_fd_sc_hd__a31o_2)
     1    0.001537    0.045741    0.150005    1.043763 ^ _1574_/X (sky130_fd_sc_hd__a31o_2)
                                                         _0055_ (net)
                      0.045741    0.000000    1.043763 ^ _2941_/D (sky130_fd_sc_hd__dfxtp_2)
                                              1.043763   data arrival time

                      0.150000    0.000000    0.000000   clock clk (rise edge)
                                  0.000000    0.000000   clock network delay (ideal)
                                  0.250000    0.250000   clock uncertainty
                                  0.000000    0.250000   clock reconvergence pessimism
                                              0.250000 ^ _2941_/CLK (sky130_fd_sc_hd__dfxtp_2)
                                 -0.053618    0.196382   library hold time
                                              0.196382   data required time
---------------------------------------------------------------------------------------------
                                              0.196382   data required time
                                             -1.043763   data arrival time
---------------------------------------------------------------------------------------------
                                              0.847381   slack (MET)


Startpoint: _2997_ (rising edge-triggered flip-flop clocked by clk)
Endpoint: _2942_ (rising edge-triggered flip-flop clocked by clk)
Path Group: clk
Path Type: min

Fanout         Cap        Slew       Delay        Time   Description
---------------------------------------------------------------------------------------------
                      0.150000    0.000000    0.000000   clock clk (rise edge)
                                  0.000000    0.000000   clock network delay (ideal)
                      0.150000    0.000000    0.000000 ^ _2997_/CLK (sky130_fd_sc_hd__dfxtp_2)
     1    0.001416    0.044453    0.659391    0.659391 ^ _2997_/Q (sky130_fd_sc_hd__dfxtp_2)
                                                         u_core.weight_din[2] (net)
                      0.044453    0.000000    0.659391 ^ _1575_/A (sky130_fd_sc_hd__and2_2)
     1    0.002495    0.066192    0.234367    0.893758 ^ _1575_/X (sky130_fd_sc_hd__and2_2)
                                                         _1323_ (net)
                      0.066192    0.000000    0.893758 ^ _1576_/B1 (sky130_fd_sc_hd__a31o_2)
     1    0.001537    0.045741    0.150005    1.043763 ^ _1576_/X (sky130_fd_sc_hd__a31o_2)
                                                         _0056_ (net)
                      0.045741    0.000000    1.043763 ^ _2942_/D (sky130_fd_sc_hd__dfxtp_2)
                                              1.043763   data arrival time

                      0.150000    0.000000    0.000000   clock clk (rise edge)
                                  0.000000    0.000000   clock network delay (ideal)
                                  0.250000    0.250000   clock uncertainty
                                  0.000000    0.250000   clock reconvergence pessimism
                                              0.250000 ^ _2942_/CLK (sky130_fd_sc_hd__dfxtp_2)
                                 -0.053618    0.196382   library hold time
                                              0.196382   data required time
---------------------------------------------------------------------------------------------
                                              0.196382   data required time
                                             -1.043763   data arrival time
---------------------------------------------------------------------------------------------
                                              0.847381   slack (MET)


Startpoint: _2998_ (rising edge-triggered flip-flop clocked by clk)
Endpoint: _2943_ (rising edge-triggered flip-flop clocked by clk)
Path Group: clk
Path Type: min

Fanout         Cap        Slew       Delay        Time   Description
---------------------------------------------------------------------------------------------
                      0.150000    0.000000    0.000000   clock clk (rise edge)
                                  0.000000    0.000000   clock network delay (ideal)
                      0.150000    0.000000    0.000000 ^ _2998_/CLK (sky130_fd_sc_hd__dfxtp_2)
     1    0.001416    0.044453    0.659391    0.659391 ^ _2998_/Q (sky130_fd_sc_hd__dfxtp_2)
                                                         u_core.weight_din[3] (net)
                      0.044453    0.000000    0.659391 ^ _1577_/A (sky130_fd_sc_hd__and2_2)
     1    0.002495    0.066192    0.234367    0.893758 ^ _1577_/X (sky130_fd_sc_hd__and2_2)
                                                         _1324_ (net)
                      0.066192    0.000000    0.893758 ^ _1578_/B1 (sky130_fd_sc_hd__a31o_2)
     1    0.001537    0.045741    0.150005    1.043763 ^ _1578_/X (sky130_fd_sc_hd__a31o_2)
                                                         _0057_ (net)
                      0.045741    0.000000    1.043763 ^ _2943_/D (sky130_fd_sc_hd__dfxtp_2)
                                              1.043763   data arrival time

                      0.150000    0.000000    0.000000   clock clk (rise edge)
                                  0.000000    0.000000   clock network delay (ideal)
                                  0.250000    0.250000   clock uncertainty
                                  0.000000    0.250000   clock reconvergence pessimism
                                              0.250000 ^ _2943_/CLK (sky130_fd_sc_hd__dfxtp_2)
                                 -0.053618    0.196382   library hold time
                                              0.196382   data required time
---------------------------------------------------------------------------------------------
                                              0.196382   data required time
                                             -1.043763   data arrival time
---------------------------------------------------------------------------------------------
                                              0.847381   slack (MET)


Startpoint: _2999_ (rising edge-triggered flip-flop clocked by clk)
Endpoint: _2944_ (rising edge-triggered flip-flop clocked by clk)
Path Group: clk
Path Type: min

Fanout         Cap        Slew       Delay        Time   Description
---------------------------------------------------------------------------------------------
                      0.150000    0.000000    0.000000   clock clk (rise edge)
                                  0.000000    0.000000   clock network delay (ideal)
                      0.150000    0.000000    0.000000 ^ _2999_/CLK (sky130_fd_sc_hd__dfxtp_2)
     1    0.001416    0.044453    0.659391    0.659391 ^ _2999_/Q (sky130_fd_sc_hd__dfxtp_2)
                                                         u_core.weight_din[4] (net)
                      0.044453    0.000000    0.659391 ^ _1579_/A (sky130_fd_sc_hd__and2_2)
     1    0.002495    0.066192    0.234367    0.893758 ^ _1579_/X (sky130_fd_sc_hd__and2_2)
                                                         _1325_ (net)
                      0.066192    0.000000    0.893758 ^ _1580_/B1 (sky130_fd_sc_hd__a31o_2)
     1    0.001537    0.045741    0.150005    1.043763 ^ _1580_/X (sky130_fd_sc_hd__a31o_2)
                                                         _0058_ (net)
                      0.045741    0.000000    1.043763 ^ _2944_/D (sky130_fd_sc_hd__dfxtp_2)
                                              1.043763   data arrival time

                      0.150000    0.000000    0.000000   clock clk (rise edge)
                                  0.000000    0.000000   clock network delay (ideal)
                                  0.250000    0.250000   clock uncertainty
                                  0.000000    0.250000   clock reconvergence pessimism
                                              0.250000 ^ _2944_/CLK (sky130_fd_sc_hd__dfxtp_2)
                                 -0.053618    0.196382   library hold time
                                              0.196382   data required time
---------------------------------------------------------------------------------------------
                                              0.196382   data required time
                                             -1.043763   data arrival time
---------------------------------------------------------------------------------------------
                                              0.847381   slack (MET)


Startpoint: _3000_ (rising edge-triggered flip-flop clocked by clk)
Endpoint: _2945_ (rising edge-triggered flip-flop clocked by clk)
Path Group: clk
Path Type: min

Fanout         Cap        Slew       Delay        Time   Description
---------------------------------------------------------------------------------------------
                      0.150000    0.000000    0.000000   clock clk (rise edge)
                                  0.000000    0.000000   clock network delay (ideal)
                      0.150000    0.000000    0.000000 ^ _3000_/CLK (sky130_fd_sc_hd__dfxtp_2)
     1    0.001416    0.044453    0.659391    0.659391 ^ _3000_/Q (sky130_fd_sc_hd__dfxtp_2)
                                                         u_core.weight_din[5] (net)
                      0.044453    0.000000    0.659391 ^ _1581_/A (sky130_fd_sc_hd__and2_2)
     1    0.002495    0.066192    0.234367    0.893758 ^ _1581_/X (sky130_fd_sc_hd__and2_2)
                                                         _1326_ (net)
                      0.066192    0.000000    0.893758 ^ _1582_/B1 (sky130_fd_sc_hd__a31o_2)
     1    0.001537    0.045741    0.150005    1.043763 ^ _1582_/X (sky130_fd_sc_hd__a31o_2)
                                                         _0059_ (net)
                      0.045741    0.000000    1.043763 ^ _2945_/D (sky130_fd_sc_hd__dfxtp_2)
                                              1.043763   data arrival time

                      0.150000    0.000000    0.000000   clock clk (rise edge)
                                  0.000000    0.000000   clock network delay (ideal)
                                  0.250000    0.250000   clock uncertainty
                                  0.000000    0.250000   clock reconvergence pessimism
                                              0.250000 ^ _2945_/CLK (sky130_fd_sc_hd__dfxtp_2)
                                 -0.053618    0.196382   library hold time
                                              0.196382   data required time
---------------------------------------------------------------------------------------------
                                              0.196382   data required time
                                             -1.043763   data arrival time
---------------------------------------------------------------------------------------------
                                              0.847381   slack (MET)


Startpoint: _3001_ (rising edge-triggered flip-flop clocked by clk)
Endpoint: _2946_ (rising edge-triggered flip-flop clocked by clk)
Path Group: clk
Path Type: min

Fanout         Cap        Slew       Delay        Time   Description
---------------------------------------------------------------------------------------------
                      0.150000    0.000000    0.000000   clock clk (rise edge)
                                  0.000000    0.000000   clock network delay (ideal)
                      0.150000    0.000000    0.000000 ^ _3001_/CLK (sky130_fd_sc_hd__dfxtp_2)
     1    0.001416    0.044453    0.659391    0.659391 ^ _3001_/Q (sky130_fd_sc_hd__dfxtp_2)
                                                         u_core.weight_din[6] (net)
                      0.044453    0.000000    0.659391 ^ _1583_/A (sky130_fd_sc_hd__and2_2)
     1    0.002495    0.066192    0.234367    0.893758 ^ _1583_/X (sky130_fd_sc_hd__and2_2)
                                                         _1327_ (net)
                      0.066192    0.000000    0.893758 ^ _1584_/B1 (sky130_fd_sc_hd__a31o_2)
     1    0.001537    0.045741    0.150005    1.043763 ^ _1584_/X (sky130_fd_sc_hd__a31o_2)
                                                         _0060_ (net)
                      0.045741    0.000000    1.043763 ^ _2946_/D (sky130_fd_sc_hd__dfxtp_2)
                                              1.043763   data arrival time

                      0.150000    0.000000    0.000000   clock clk (rise edge)
                                  0.000000    0.000000   clock network delay (ideal)
                                  0.250000    0.250000   clock uncertainty
                                  0.000000    0.250000   clock reconvergence pessimism
                                              0.250000 ^ _2946_/CLK (sky130_fd_sc_hd__dfxtp_2)
                                 -0.053618    0.196382   library hold time
                                              0.196382   data required time
---------------------------------------------------------------------------------------------
                                              0.196382   data required time
                                             -1.043763   data arrival time
---------------------------------------------------------------------------------------------
                                              0.847381   slack (MET)


Startpoint: _3002_ (rising edge-triggered flip-flop clocked by clk)
Endpoint: _2947_ (rising edge-triggered flip-flop clocked by clk)
Path Group: clk
Path Type: min

Fanout         Cap        Slew       Delay        Time   Description
---------------------------------------------------------------------------------------------
                      0.150000    0.000000    0.000000   clock clk (rise edge)
                                  0.000000    0.000000   clock network delay (ideal)
                      0.150000    0.000000    0.000000 ^ _3002_/CLK (sky130_fd_sc_hd__dfxtp_2)
     1    0.001416    0.044453    0.659391    0.659391 ^ _3002_/Q (sky130_fd_sc_hd__dfxtp_2)
                                                         u_core.weight_din[7] (net)
                      0.044453    0.000000    0.659391 ^ _1585_/A (sky130_fd_sc_hd__and2_2)
     1    0.002495    0.066192    0.234367    0.893758 ^ _1585_/X (sky130_fd_sc_hd__and2_2)
                                                         _1328_ (net)
                      0.066192    0.000000    0.893758 ^ _1586_/B1 (sky130_fd_sc_hd__a31o_2)
     1    0.001537    0.045741    0.150005    1.043763 ^ _1586_/X (sky130_fd_sc_hd__a31o_2)
                                                         _0061_ (net)
                      0.045741    0.000000    1.043763 ^ _2947_/D (sky130_fd_sc_hd__dfxtp_2)
                                              1.043763   data arrival time

                      0.150000    0.000000    0.000000   clock clk (rise edge)
                                  0.000000    0.000000   clock network delay (ideal)
                                  0.250000    0.250000   clock uncertainty
                                  0.000000    0.250000   clock reconvergence pessimism
                                              0.250000 ^ _2947_/CLK (sky130_fd_sc_hd__dfxtp_2)
                                 -0.053618    0.196382   library hold time
                                              0.196382   data required time
---------------------------------------------------------------------------------------------
                                              0.196382   data required time
                                             -1.043763   data arrival time
---------------------------------------------------------------------------------------------
                                              0.847381   slack (MET)


Startpoint: _3149_ (rising edge-triggered flip-flop clocked by clk)
Endpoint: _3149_ (rising edge-triggered flip-flop clocked by clk)
Path Group: clk
Path Type: min

Fanout         Cap        Slew       Delay        Time   Description
---------------------------------------------------------------------------------------------
                      0.150000    0.000000    0.000000   clock clk (rise edge)
                                  0.000000    0.000000   clock network delay (ideal)
                      0.150000    0.000000    0.000000 ^ _3149_/CLK (sky130_fd_sc_hd__dfxtp_2)
     3    0.007917    0.062259    0.656774    0.656774 v _3149_/Q (sky130_fd_sc_hd__dfxtp_2)
                                                         u_core.pe_array[0].u_pe.accum_reg[16] (net)
                      0.062259    0.000000    0.656774 v _1446_/A (sky130_fd_sc_hd__inv_2)
     2    0.003927    0.043140    0.068915    0.725688 ^ _1446_/Y (sky130_fd_sc_hd__inv_2)
                                                         _1250_ (net)
                      0.043140    0.000000    0.725688 ^ _2810_/B1 (sky130_fd_sc_hd__o32a_2)
     1    0.004682    0.074247    0.270975    0.996663 ^ _2810_/X (sky130_fd_sc_hd__o32a_2)
                                                         _1224_ (net)
                      0.074247    0.000000    0.996663 ^ _2811_/B (sky130_fd_sc_hd__nor2_2)
     1    0.001577    0.023508    0.055058    1.051722 v _2811_/Y (sky130_fd_sc_hd__nor2_2)
                                                         _0263_ (net)
                      0.023508    0.000000    1.051722 v _3149_/D (sky130_fd_sc_hd__dfxtp_2)
                                              1.051722   data arrival time

                      0.150000    0.000000    0.000000   clock clk (rise edge)
                                  0.000000    0.000000   clock network delay (ideal)
                                  0.250000    0.250000   clock uncertainty
                                  0.000000    0.250000   clock reconvergence pessimism
                                              0.250000 ^ _3149_/CLK (sky130_fd_sc_hd__dfxtp_2)
                                 -0.054094    0.195906   library hold time
                                              0.195906   data required time
---------------------------------------------------------------------------------------------
                                              0.195906   data required time
                                             -1.051722   data arrival time
---------------------------------------------------------------------------------------------
                                              0.855816   slack (MET)


Startpoint: _3162_ (rising edge-triggered flip-flop clocked by clk)
Endpoint: _3162_ (rising edge-triggered flip-flop clocked by clk)
Path Group: clk
Path Type: min

Fanout         Cap        Slew       Delay        Time   Description
---------------------------------------------------------------------------------------------
                      0.150000    0.000000    0.000000   clock clk (rise edge)
                                  0.000000    0.000000   clock network delay (ideal)
                      0.150000    0.000000    0.000000 ^ _3162_/CLK (sky130_fd_sc_hd__dfxtp_2)
     3    0.016104    0.149283    0.755366    0.755366 ^ _3162_/Q (sky130_fd_sc_hd__dfxtp_2)
                                                         u_core.pe_array[0].u_pe.accum_reg[29] (net)
                      0.149283    0.000000    0.755366 ^ _2837_/A2 (sky130_fd_sc_hd__a22oi_2)
     1    0.004181    0.091124    0.183408    0.938774 v _2837_/Y (sky130_fd_sc_hd__a22oi_2)
                                                         _1238_ (net)
                      0.091124    0.000000    0.938774 v _2838_/B (sky130_fd_sc_hd__nor2_2)
     1    0.001537    0.082358    0.110435    1.049209 ^ _2838_/Y (sky130_fd_sc_hd__nor2_2)
                                                         _0276_ (net)
                      0.082358    0.000000    1.049209 ^ _3162_/D (sky130_fd_sc_hd__dfxtp_2)
                                              1.049209   data arrival time

                      0.150000    0.000000    0.000000   clock clk (rise edge)
                                  0.000000    0.000000   clock network delay (ideal)
                                  0.250000    0.250000   clock uncertainty
                                  0.000000    0.250000   clock reconvergence pessimism
                                              0.250000 ^ _3162_/CLK (sky130_fd_sc_hd__dfxtp_2)
                                 -0.062073    0.187927   library hold time
                                              0.187927   data required time
---------------------------------------------------------------------------------------------
                                              0.187927   data required time
                                             -1.049209   data arrival time
---------------------------------------------------------------------------------------------
                                              0.861282   slack (MET)


Startpoint: _3156_ (rising edge-triggered flip-flop clocked by clk)
Endpoint: _3156_ (rising edge-triggered flip-flop clocked by clk)
Path Group: clk
Path Type: min

Fanout         Cap        Slew       Delay        Time   Description
---------------------------------------------------------------------------------------------
                      0.150000    0.000000    0.000000   clock clk (rise edge)
                                  0.000000    0.000000   clock network delay (ideal)
                      0.150000    0.000000    0.000000 ^ _3156_/CLK (sky130_fd_sc_hd__dfxtp_2)
     3    0.016104    0.149283    0.755366    0.755366 ^ _3156_/Q (sky130_fd_sc_hd__dfxtp_2)
                                                         u_core.pe_array[0].u_pe.accum_reg[23] (net)
                      0.149283    0.000000    0.755366 ^ _2825_/A2 (sky130_fd_sc_hd__a22oi_2)
     1    0.004181    0.091127    0.183408    0.938774 v _2825_/Y (sky130_fd_sc_hd__a22oi_2)
                                                         _1232_ (net)
                      0.091127    0.000000    0.938774 v _2826_/B (sky130_fd_sc_hd__nor2_2)
     1    0.001537    0.082359    0.110436    1.049210 ^ _2826_/Y (sky130_fd_sc_hd__nor2_2)
                                                         _0270_ (net)
                      0.082359    0.000000    1.049210 ^ _3156_/D (sky130_fd_sc_hd__dfxtp_2)
                                              1.049210   data arrival time

                      0.150000    0.000000    0.000000   clock clk (rise edge)
                                  0.000000    0.000000   clock network delay (ideal)
                                  0.250000    0.250000   clock uncertainty
                                  0.000000    0.250000   clock reconvergence pessimism
                                              0.250000 ^ _3156_/CLK (sky130_fd_sc_hd__dfxtp_2)
                                 -0.062073    0.187927   library hold time
                                              0.187927   data required time
---------------------------------------------------------------------------------------------
                                              0.187927   data required time
                                             -1.049210   data arrival time
---------------------------------------------------------------------------------------------
                                              0.861284   slack (MET)


Startpoint: _3157_ (rising edge-triggered flip-flop clocked by clk)
Endpoint: _3157_ (rising edge-triggered flip-flop clocked by clk)
Path Group: clk
Path Type: min

Fanout         Cap        Slew       Delay        Time   Description
---------------------------------------------------------------------------------------------
                      0.150000    0.000000    0.000000   clock clk (rise edge)
                                  0.000000    0.000000   clock network delay (ideal)
                      0.150000    0.000000    0.000000 ^ _3157_/CLK (sky130_fd_sc_hd__dfxtp_2)
     3    0.016104    0.149283    0.755366    0.755366 ^ _3157_/Q (sky130_fd_sc_hd__dfxtp_2)
                                                         u_core.pe_array[0].u_pe.accum_reg[24] (net)
                      0.149283    0.000000    0.755366 ^ _2827_/A2 (sky130_fd_sc_hd__a22oi_2)
     1    0.004181    0.103418    0.183408    0.938774 v _2827_/Y (sky130_fd_sc_hd__a22oi_2)
                                                         _1233_ (net)
                      0.103418    0.000000    0.938774 v _2828_/B (sky130_fd_sc_hd__nor2_2)
     1    0.001537    0.084117    0.115450    1.054224 ^ _2828_/Y (sky130_fd_sc_hd__nor2_2)
                                                         _0271_ (net)
                      0.084117    0.000000    1.054224 ^ _3157_/D (sky130_fd_sc_hd__dfxtp_2)
                                              1.054224   data arrival time

                      0.150000    0.000000    0.000000   clock clk (rise edge)
                                  0.000000    0.000000   clock network delay (ideal)
                                  0.250000    0.250000   clock uncertainty
                                  0.000000    0.250000   clock reconvergence pessimism
                                              0.250000 ^ _3157_/CLK (sky130_fd_sc_hd__dfxtp_2)
                                 -0.062479    0.187521   library hold time
                                              0.187521   data required time
---------------------------------------------------------------------------------------------
                                              0.187521   data required time
                                             -1.054224   data arrival time
---------------------------------------------------------------------------------------------
                                              0.866703   slack (MET)


Startpoint: _3161_ (rising edge-triggered flip-flop clocked by clk)
Endpoint: _3161_ (rising edge-triggered flip-flop clocked by clk)
Path Group: clk
Path Type: min

Fanout         Cap        Slew       Delay        Time   Description
---------------------------------------------------------------------------------------------
                      0.150000    0.000000    0.000000   clock clk (rise edge)
                                  0.000000    0.000000   clock network delay (ideal)
                      0.150000    0.000000    0.000000 ^ _3161_/CLK (sky130_fd_sc_hd__dfxtp_2)
     3    0.016104    0.149283    0.755366    0.755366 ^ _3161_/Q (sky130_fd_sc_hd__dfxtp_2)
                                                         u_core.pe_array[0].u_pe.accum_reg[28] (net)
                      0.149283    0.000000    0.755366 ^ _2835_/A2 (sky130_fd_sc_hd__a22oi_2)
     1    0.004181    0.103418    0.183408    0.938774 v _2835_/Y (sky130_fd_sc_hd__a22oi_2)
                                                         _1237_ (net)
                      0.103418    0.000000    0.938774 v _2836_/B (sky130_fd_sc_hd__nor2_2)
     1    0.001537    0.084117    0.115450    1.054224 ^ _2836_/Y (sky130_fd_sc_hd__nor2_2)
                                                         _0275_ (net)
                      0.084117    0.000000    1.054224 ^ _3161_/D (sky130_fd_sc_hd__dfxtp_2)
                                              1.054224   data arrival time

                      0.150000    0.000000    0.000000   clock clk (rise edge)
                                  0.000000    0.000000   clock network delay (ideal)
                                  0.250000    0.250000   clock uncertainty
                                  0.000000    0.250000   clock reconvergence pessimism
                                              0.250000 ^ _3161_/CLK (sky130_fd_sc_hd__dfxtp_2)
                                 -0.062479    0.187521   library hold time
                                              0.187521   data required time
---------------------------------------------------------------------------------------------
                                              0.187521   data required time
                                             -1.054224   data arrival time
---------------------------------------------------------------------------------------------
                                              0.866703   slack (MET)


Startpoint: _3140_ (rising edge-triggered flip-flop clocked by clk)
Endpoint: _3140_ (rising edge-triggered flip-flop clocked by clk)
Path Group: clk
Path Type: min

Fanout         Cap        Slew       Delay        Time   Description
---------------------------------------------------------------------------------------------
                      0.150000    0.000000    0.000000   clock clk (rise edge)
                                  0.000000    0.000000   clock network delay (ideal)
                      0.150000    0.000000    0.000000 ^ _3140_/CLK (sky130_fd_sc_hd__dfxtp_2)
     3    0.016420    0.151543    0.757272    0.757272 ^ _3140_/Q (sky130_fd_sc_hd__dfxtp_2)
                                                         u_core.pe_array[0].u_pe.accum_reg[7] (net)
                      0.151543    0.000000    0.757272 ^ _2786_/A2 (sky130_fd_sc_hd__a22oi_2)
     1    0.004181    0.102107    0.184273    0.941545 v _2786_/Y (sky130_fd_sc_hd__a22oi_2)
                                                         _1209_ (net)
                      0.102107    0.000000    0.941545 v _2787_/B (sky130_fd_sc_hd__nor2_2)
     1    0.001537    0.083929    0.114915    1.056460 ^ _2787_/Y (sky130_fd_sc_hd__nor2_2)
                                                         _0254_ (net)
                      0.083929    0.000000    1.056460 ^ _3140_/D (sky130_fd_sc_hd__dfxtp_2)
                                              1.056460   data arrival time

                      0.150000    0.000000    0.000000   clock clk (rise edge)
                                  0.000000    0.000000   clock network delay (ideal)
                                  0.250000    0.250000   clock uncertainty
                                  0.000000    0.250000   clock reconvergence pessimism
                                              0.250000 ^ _3140_/CLK (sky130_fd_sc_hd__dfxtp_2)
                                 -0.062436    0.187564   library hold time
                                              0.187564   data required time
---------------------------------------------------------------------------------------------
                                              0.187564   data required time
                                             -1.056460   data arrival time
---------------------------------------------------------------------------------------------
                                              0.868895   slack (MET)


Startpoint: _2889_ (rising edge-triggered flip-flop clocked by clk)
Endpoint: _2957_ (rising edge-triggered flip-flop clocked by clk)
Path Group: clk
Path Type: min

Fanout         Cap        Slew       Delay        Time   Description
---------------------------------------------------------------------------------------------
                      0.150000    0.000000    0.000000   clock clk (rise edge)
                                  0.000000    0.000000   clock network delay (ideal)
                      0.150000    0.000000    0.000000 ^ _2889_/CLK (sky130_fd_sc_hd__dfxtp_2)
     4    0.009876    0.104739    0.717813    0.717813 ^ _2889_/Q (sky130_fd_sc_hd__dfxtp_2)
                                                         u_intf.u_slave.rd_state[0] (net)
                      0.104739    0.000000    0.717813 ^ _1598_/A2 (sky130_fd_sc_hd__o211a_2)
     1    0.001537    0.067282    0.343663    1.061476 ^ _1598_/X (sky130_fd_sc_hd__o211a_2)
                                                         _0071_ (net)
                      0.067282    0.000000    1.061476 ^ _2957_/D (sky130_fd_sc_hd__dfxtp_2)
                                              1.061476   data arrival time

                      0.150000    0.000000    0.000000   clock clk (rise edge)
                                  0.000000    0.000000   clock network delay (ideal)
                                  0.250000    0.250000   clock uncertainty
                                  0.000000    0.250000   clock reconvergence pessimism
                                              0.250000 ^ _2957_/CLK (sky130_fd_sc_hd__dfxtp_2)
                                 -0.058592    0.191408   library hold time
                                              0.191408   data required time
---------------------------------------------------------------------------------------------
                                              0.191408   data required time
                                             -1.061476   data arrival time
---------------------------------------------------------------------------------------------
                                              0.870068   slack (MET)


Startpoint: _3164_ (rising edge-triggered flip-flop clocked by clk)
Endpoint: _3164_ (rising edge-triggered flip-flop clocked by clk)
Path Group: clk
Path Type: min

Fanout         Cap        Slew       Delay        Time   Description
---------------------------------------------------------------------------------------------
                      0.150000    0.000000    0.000000   clock clk (rise edge)
                                  0.000000    0.000000   clock network delay (ideal)
                      0.150000    0.000000    0.000000 ^ _3164_/CLK (sky130_fd_sc_hd__dfxtp_2)
     2    0.012731    0.080884    0.676489    0.676489 v _3164_/Q (sky130_fd_sc_hd__dfxtp_2)
                                                         u_core.pe_array[0].u_pe.accum_reg[31] (net)
                      0.080884    0.000000    0.676489 v _1444_/A (sky130_fd_sc_hd__inv_2)
     1    0.002360    0.035257    0.068954    0.745443 ^ _1444_/Y (sky130_fd_sc_hd__inv_2)
                                                         _1248_ (net)
                      0.035257    0.000000    0.745443 ^ _2841_/B1 (sky130_fd_sc_hd__o32a_2)
     1    0.004682    0.074247    0.267684    1.013127 ^ _2841_/X (sky130_fd_sc_hd__o32a_2)
                                                         _1240_ (net)
                      0.074247    0.000000    1.013127 ^ _2842_/B (sky130_fd_sc_hd__nor2_2)
     1    0.001577    0.023508    0.055058    1.068185 v _2842_/Y (sky130_fd_sc_hd__nor2_2)
                                                         _0278_ (net)
                      0.023508    0.000000    1.068185 v _3164_/D (sky130_fd_sc_hd__dfxtp_2)
                                              1.068185   data arrival time

                      0.150000    0.000000    0.000000   clock clk (rise edge)
                                  0.000000    0.000000   clock network delay (ideal)
                                  0.250000    0.250000   clock uncertainty
                                  0.000000    0.250000   clock reconvergence pessimism
                                              0.250000 ^ _3164_/CLK (sky130_fd_sc_hd__dfxtp_2)
                                 -0.054094    0.195906   library hold time
                                              0.195906   data required time
---------------------------------------------------------------------------------------------
                                              0.195906   data required time
                                             -1.068185   data arrival time
---------------------------------------------------------------------------------------------
                                              0.872279   slack (MET)


Startpoint: _3151_ (rising edge-triggered flip-flop clocked by clk)
Endpoint: _3151_ (rising edge-triggered flip-flop clocked by clk)
Path Group: clk
Path Type: min

Fanout         Cap        Slew       Delay        Time   Description
---------------------------------------------------------------------------------------------
                      0.150000    0.000000    0.000000   clock clk (rise edge)
                                  0.000000    0.000000   clock network delay (ideal)
                      0.150000    0.000000    0.000000 ^ _3151_/CLK (sky130_fd_sc_hd__dfxtp_2)
     2    0.006558    0.057001    0.651208    0.651208 v _3151_/Q (sky130_fd_sc_hd__dfxtp_2)
                                                         u_core.pe_array[0].u_pe.accum_reg[18] (net)
                      0.057001    0.000000    0.651208 v _1445_/A (sky130_fd_sc_hd__inv_2)
     2    0.003523    0.040268    0.064406    0.715614 ^ _1445_/Y (sky130_fd_sc_hd__inv_2)
                                                         _1249_ (net)
                      0.040268    0.000000    0.715614 ^ _2815_/B2 (sky130_fd_sc_hd__o2bb2a_2)
     1    0.004682    0.084441    0.295457    1.011071 ^ _2815_/X (sky130_fd_sc_hd__o2bb2a_2)
                                                         _1227_ (net)
                      0.084441    0.000000    1.011071 ^ _2816_/B (sky130_fd_sc_hd__nor2_2)
     1    0.001577    0.024948    0.058635    1.069705 v _2816_/Y (sky130_fd_sc_hd__nor2_2)
                                                         _0265_ (net)
                      0.024948    0.000000    1.069705 v _3151_/D (sky130_fd_sc_hd__dfxtp_2)
                                              1.069705   data arrival time

                      0.150000    0.000000    0.000000   clock clk (rise edge)
                                  0.000000    0.000000   clock network delay (ideal)
                                  0.250000    0.250000   clock uncertainty
                                  0.000000    0.250000   clock reconvergence pessimism
                                              0.250000 ^ _3151_/CLK (sky130_fd_sc_hd__dfxtp_2)
                                 -0.054627    0.195373   library hold time
                                              0.195373   data required time
---------------------------------------------------------------------------------------------
                                              0.195373   data required time
                                             -1.069705   data arrival time
---------------------------------------------------------------------------------------------
                                              0.874332   slack (MET)


Startpoint: _2902_ (rising edge-triggered flip-flop clocked by clk)
Endpoint: _3099_ (rising edge-triggered flip-flop clocked by clk)
Path Group: clk
Path Type: min

Fanout         Cap        Slew       Delay        Time   Description
---------------------------------------------------------------------------------------------
                      0.150000    0.000000    0.000000   clock clk (rise edge)
                                  0.000000    0.000000   clock network delay (ideal)
                      0.150000    0.000000    0.000000 ^ _2902_/CLK (sky130_fd_sc_hd__dfxtp_2)
     5    0.007070    0.058982    0.653305    0.653305 v _2902_/Q (sky130_fd_sc_hd__dfxtp_2)
                                                         u_intf.u_slave.wr_addr_lat[3] (net)
                      0.058982    0.000000    0.653305 v _1943_/B (sky130_fd_sc_hd__and4_2)
     1    0.001577    0.060281    0.405328    1.058633 v _1943_/X (sky130_fd_sc_hd__and4_2)
                                                         _0213_ (net)
                      0.060281    0.000000    1.058633 v _3099_/D (sky130_fd_sc_hd__dfxtp_2)
                                              1.058633   data arrival time

                      0.150000    0.000000    0.000000   clock clk (rise edge)
                                  0.000000    0.000000   clock network delay (ideal)
                                  0.250000    0.250000   clock uncertainty
                                  0.000000    0.250000   clock reconvergence pessimism
                                              0.250000 ^ _3099_/CLK (sky130_fd_sc_hd__dfxtp_2)
                                 -0.067686    0.182314   library hold time
                                              0.182314   data required time
---------------------------------------------------------------------------------------------
                                              0.182314   data required time
                                             -1.058633   data arrival time
---------------------------------------------------------------------------------------------
                                              0.876319   slack (MET)


Startpoint: _2889_ (rising edge-triggered flip-flop clocked by clk)
Endpoint: _2890_ (rising edge-triggered flip-flop clocked by clk)
Path Group: clk
Path Type: min

Fanout         Cap        Slew       Delay        Time   Description
---------------------------------------------------------------------------------------------
                      0.150000    0.000000    0.000000   clock clk (rise edge)
                                  0.000000    0.000000   clock network delay (ideal)
                      0.150000    0.000000    0.000000 ^ _2889_/CLK (sky130_fd_sc_hd__dfxtp_2)
     4    0.009237    0.067366    0.662179    0.662179 v _2889_/Q (sky130_fd_sc_hd__dfxtp_2)
                                                         u_intf.u_slave.rd_state[0] (net)
                      0.067366    0.000000    0.662179 v _1476_/B (sky130_fd_sc_hd__nand3_2)
    11    0.029123    0.257687    0.248845    0.911024 ^ _1476_/Y (sky130_fd_sc_hd__nand3_2)
                                                         _1272_ (net)
                      0.257687    0.000000    0.911024 ^ _1478_/A1 (sky130_fd_sc_hd__a21oi_2)
     1    0.001577    0.052827    0.152881    1.063905 v _1478_/Y (sky130_fd_sc_hd__a21oi_2)
                                                         _0004_ (net)
                      0.052827    0.000000    1.063905 v _2890_/D (sky130_fd_sc_hd__dfxtp_2)
                                              1.063905   data arrival time

                      0.150000    0.000000    0.000000   clock clk (rise edge)
                                  0.000000    0.000000   clock network delay (ideal)
                                  0.250000    0.250000   clock uncertainty
                                  0.000000    0.250000   clock reconvergence pessimism
                                              0.250000 ^ _2890_/CLK (sky130_fd_sc_hd__dfxtp_2)
                                 -0.064931    0.185069   library hold time
                                              0.185069   data required time
---------------------------------------------------------------------------------------------
                                              0.185069   data required time
                                             -1.063905   data arrival time
---------------------------------------------------------------------------------------------
                                              0.878836   slack (MET)


Startpoint: _3158_ (rising edge-triggered flip-flop clocked by clk)
Endpoint: _3158_ (rising edge-triggered flip-flop clocked by clk)
Path Group: clk
Path Type: min

Fanout         Cap        Slew       Delay        Time   Description
---------------------------------------------------------------------------------------------
                      0.150000    0.000000    0.000000   clock clk (rise edge)
                                  0.000000    0.000000   clock network delay (ideal)
                      0.150000    0.000000    0.000000 ^ _3158_/CLK (sky130_fd_sc_hd__dfxtp_2)
     3    0.018250    0.164775    0.768146    0.768146 ^ _3158_/Q (sky130_fd_sc_hd__dfxtp_2)
                                                         u_core.pe_array[0].u_pe.accum_reg[25] (net)
                      0.164775    0.000000    0.768146 ^ _2829_/A2 (sky130_fd_sc_hd__a22oi_2)
     1    0.004181    0.091127    0.189339    0.957485 v _2829_/Y (sky130_fd_sc_hd__a22oi_2)
                                                         _1234_ (net)
                      0.091127    0.000000    0.957485 v _2830_/B (sky130_fd_sc_hd__nor2_2)
     1    0.001537    0.082359    0.110436    1.067922 ^ _2830_/Y (sky130_fd_sc_hd__nor2_2)
                                                         _0272_ (net)
                      0.082359    0.000000    1.067922 ^ _3158_/D (sky130_fd_sc_hd__dfxtp_2)
                                              1.067922   data arrival time

                      0.150000    0.000000    0.000000   clock clk (rise edge)
                                  0.000000    0.000000   clock network delay (ideal)
                                  0.250000    0.250000   clock uncertainty
                                  0.000000    0.250000   clock reconvergence pessimism
                                              0.250000 ^ _3158_/CLK (sky130_fd_sc_hd__dfxtp_2)
                                 -0.062073    0.187927   library hold time
                                              0.187927   data required time
---------------------------------------------------------------------------------------------
                                              0.187927   data required time
                                             -1.067922   data arrival time
---------------------------------------------------------------------------------------------
                                              0.879995   slack (MET)


Startpoint: _3154_ (rising edge-triggered flip-flop clocked by clk)
Endpoint: _3154_ (rising edge-triggered flip-flop clocked by clk)
Path Group: clk
Path Type: min

Fanout         Cap        Slew       Delay        Time   Description
---------------------------------------------------------------------------------------------
                      0.150000    0.000000    0.000000   clock clk (rise edge)
                                  0.000000    0.000000   clock network delay (ideal)
                      0.150000    0.000000    0.000000 ^ _3154_/CLK (sky130_fd_sc_hd__dfxtp_2)
     3    0.018250    0.164775    0.768146    0.768146 ^ _3154_/Q (sky130_fd_sc_hd__dfxtp_2)
                                                         u_core.pe_array[0].u_pe.accum_reg[21] (net)
                      0.164775    0.000000    0.768146 ^ _2821_/A2 (sky130_fd_sc_hd__a22oi_2)
     1    0.004181    0.091144    0.189339    0.957485 v _2821_/Y (sky130_fd_sc_hd__a22oi_2)
                                                         _1230_ (net)
                      0.091144    0.000000    0.957485 v _2822_/B (sky130_fd_sc_hd__nor2_2)
     1    0.001537    0.082361    0.110443    1.067929 ^ _2822_/Y (sky130_fd_sc_hd__nor2_2)
                                                         _0268_ (net)
                      0.082361    0.000000    1.067929 ^ _3154_/D (sky130_fd_sc_hd__dfxtp_2)
                                              1.067929   data arrival time

                      0.150000    0.000000    0.000000   clock clk (rise edge)
                                  0.000000    0.000000   clock network delay (ideal)
                                  0.250000    0.250000   clock uncertainty
                                  0.000000    0.250000   clock reconvergence pessimism
                                              0.250000 ^ _3154_/CLK (sky130_fd_sc_hd__dfxtp_2)
                                 -0.062074    0.187926   library hold time
                                              0.187926   data required time
---------------------------------------------------------------------------------------------
                                              0.187926   data required time
                                             -1.067929   data arrival time
---------------------------------------------------------------------------------------------
                                              0.880002   slack (MET)


Startpoint: _3160_ (rising edge-triggered flip-flop clocked by clk)
Endpoint: _3160_ (rising edge-triggered flip-flop clocked by clk)
Path Group: clk
Path Type: min

Fanout         Cap        Slew       Delay        Time   Description
---------------------------------------------------------------------------------------------
                      0.150000    0.000000    0.000000   clock clk (rise edge)
                                  0.000000    0.000000   clock network delay (ideal)
                      0.150000    0.000000    0.000000 ^ _3160_/CLK (sky130_fd_sc_hd__dfxtp_2)
     3    0.018250    0.164775    0.768146    0.768146 ^ _3160_/Q (sky130_fd_sc_hd__dfxtp_2)
                                                         u_core.pe_array[0].u_pe.accum_reg[27] (net)
                      0.164775    0.000000    0.768146 ^ _2833_/A2 (sky130_fd_sc_hd__a22oi_2)
     1    0.004181    0.091150    0.189339    0.957485 v _2833_/Y (sky130_fd_sc_hd__a22oi_2)
                                                         _1236_ (net)
                      0.091150    0.000000    0.957485 v _2834_/B (sky130_fd_sc_hd__nor2_2)
     1    0.001537    0.082362    0.110446    1.067931 ^ _2834_/Y (sky130_fd_sc_hd__nor2_2)
                                                         _0274_ (net)
                      0.082362    0.000000    1.067931 ^ _3160_/D (sky130_fd_sc_hd__dfxtp_2)
                                              1.067931   data arrival time

                      0.150000    0.000000    0.000000   clock clk (rise edge)
                                  0.000000    0.000000   clock network delay (ideal)
                                  0.250000    0.250000   clock uncertainty
                                  0.000000    0.250000   clock reconvergence pessimism
                                              0.250000 ^ _3160_/CLK (sky130_fd_sc_hd__dfxtp_2)
                                 -0.062074    0.187926   library hold time
                                              0.187926   data required time
---------------------------------------------------------------------------------------------
                                              0.187926   data required time
                                             -1.067931   data arrival time
---------------------------------------------------------------------------------------------
                                              0.880005   slack (MET)


Startpoint: _3159_ (rising edge-triggered flip-flop clocked by clk)
Endpoint: _3159_ (rising edge-triggered flip-flop clocked by clk)
Path Group: clk
Path Type: min

Fanout         Cap        Slew       Delay        Time   Description
---------------------------------------------------------------------------------------------
                      0.150000    0.000000    0.000000   clock clk (rise edge)
                                  0.000000    0.000000   clock network delay (ideal)
                      0.150000    0.000000    0.000000 ^ _3159_/CLK (sky130_fd_sc_hd__dfxtp_2)
     3    0.018250    0.164775    0.768146    0.768146 ^ _3159_/Q (sky130_fd_sc_hd__dfxtp_2)
                                                         u_core.pe_array[0].u_pe.accum_reg[26] (net)
                      0.164775    0.000000    0.768146 ^ _2831_/A2 (sky130_fd_sc_hd__a22oi_2)
     1    0.004181    0.091163    0.189339    0.957485 v _2831_/Y (sky130_fd_sc_hd__a22oi_2)
                                                         _1235_ (net)
                      0.091163    0.000000    0.957485 v _2832_/B (sky130_fd_sc_hd__nor2_2)
     1    0.001537    0.082364    0.110451    1.067936 ^ _2832_/Y (sky130_fd_sc_hd__nor2_2)
                                                         _0273_ (net)
                      0.082364    0.000000    1.067936 ^ _3159_/D (sky130_fd_sc_hd__dfxtp_2)
                                              1.067936   data arrival time

                      0.150000    0.000000    0.000000   clock clk (rise edge)
                                  0.000000    0.000000   clock network delay (ideal)
                                  0.250000    0.250000   clock uncertainty
                                  0.000000    0.250000   clock reconvergence pessimism
                                              0.250000 ^ _3159_/CLK (sky130_fd_sc_hd__dfxtp_2)
                                 -0.062074    0.187926   library hold time
                                              0.187926   data required time
---------------------------------------------------------------------------------------------
                                              0.187926   data required time
                                             -1.067936   data arrival time
---------------------------------------------------------------------------------------------
                                              0.880011   slack (MET)


Startpoint: _3153_ (rising edge-triggered flip-flop clocked by clk)
Endpoint: _3153_ (rising edge-triggered flip-flop clocked by clk)
Path Group: clk
Path Type: min

Fanout         Cap        Slew       Delay        Time   Description
---------------------------------------------------------------------------------------------
                      0.150000    0.000000    0.000000   clock clk (rise edge)
                                  0.000000    0.000000   clock network delay (ideal)
                      0.150000    0.000000    0.000000 ^ _3153_/CLK (sky130_fd_sc_hd__dfxtp_2)
     3    0.018250    0.164775    0.768146    0.768146 ^ _3153_/Q (sky130_fd_sc_hd__dfxtp_2)
                                                         u_core.pe_array[0].u_pe.accum_reg[20] (net)
                      0.164775    0.000000    0.768146 ^ _2819_/A2 (sky130_fd_sc_hd__a22oi_2)
     1    0.004181    0.091177    0.189339    0.957485 v _2819_/Y (sky130_fd_sc_hd__a22oi_2)
                                                         _1229_ (net)
                      0.091177    0.000000    0.957485 v _2820_/B (sky130_fd_sc_hd__nor2_2)
     1    0.001537    0.082366    0.110457    1.067942 ^ _2820_/Y (sky130_fd_sc_hd__nor2_2)
                                                         _0267_ (net)
                      0.082366    0.000000    1.067942 ^ _3153_/D (sky130_fd_sc_hd__dfxtp_2)
                                              1.067942   data arrival time

                      0.150000    0.000000    0.000000   clock clk (rise edge)
                                  0.000000    0.000000   clock network delay (ideal)
                                  0.250000    0.250000   clock uncertainty
                                  0.000000    0.250000   clock reconvergence pessimism
                                              0.250000 ^ _3153_/CLK (sky130_fd_sc_hd__dfxtp_2)
                                 -0.062075    0.187925   library hold time
                                              0.187925   data required time
---------------------------------------------------------------------------------------------
                                              0.187925   data required time
                                             -1.067942   data arrival time
---------------------------------------------------------------------------------------------
                                              0.880017   slack (MET)


Startpoint: _3155_ (rising edge-triggered flip-flop clocked by clk)
Endpoint: _3155_ (rising edge-triggered flip-flop clocked by clk)
Path Group: clk
Path Type: min

Fanout         Cap        Slew       Delay        Time   Description
---------------------------------------------------------------------------------------------
                      0.150000    0.000000    0.000000   clock clk (rise edge)
                                  0.000000    0.000000   clock network delay (ideal)
                      0.150000    0.000000    0.000000 ^ _3155_/CLK (sky130_fd_sc_hd__dfxtp_2)
     3    0.018250    0.164775    0.768146    0.768146 ^ _3155_/Q (sky130_fd_sc_hd__dfxtp_2)
                                                         u_core.pe_array[0].u_pe.accum_reg[22] (net)
                      0.164775    0.000000    0.768146 ^ _2823_/A2 (sky130_fd_sc_hd__a22oi_2)
     1    0.004181    0.091175    0.189339    0.957485 v _2823_/Y (sky130_fd_sc_hd__a22oi_2)
                                                         _1231_ (net)
                      0.091175    0.000000    0.957485 v _2824_/B (sky130_fd_sc_hd__nor2_2)
     1    0.001537    0.082366    0.110456    1.067941 ^ _2824_/Y (sky130_fd_sc_hd__nor2_2)
                                                         _0269_ (net)
                      0.082366    0.000000    1.067941 ^ _3155_/D (sky130_fd_sc_hd__dfxtp_2)
                                              1.067941   data arrival time

                      0.150000    0.000000    0.000000   clock clk (rise edge)
                                  0.000000    0.000000   clock network delay (ideal)
                                  0.250000    0.250000   clock uncertainty
                                  0.000000    0.250000   clock reconvergence pessimism
                                              0.250000 ^ _3155_/CLK (sky130_fd_sc_hd__dfxtp_2)
                                 -0.062075    0.187925   library hold time
                                              0.187925   data required time
---------------------------------------------------------------------------------------------
                                              0.187925   data required time
                                             -1.067941   data arrival time
---------------------------------------------------------------------------------------------
                                              0.880016   slack (MET)


Startpoint: _3139_ (rising edge-triggered flip-flop clocked by clk)
Endpoint: _3139_ (rising edge-triggered flip-flop clocked by clk)
Path Group: clk
Path Type: min

Fanout         Cap        Slew       Delay        Time   Description
---------------------------------------------------------------------------------------------
                      0.150000    0.000000    0.000000   clock clk (rise edge)
                                  0.000000    0.000000   clock network delay (ideal)
                      0.150000    0.000000    0.000000 ^ _3139_/CLK (sky130_fd_sc_hd__dfxtp_2)
     3    0.018250    0.164775    0.768146    0.768146 ^ _3139_/Q (sky130_fd_sc_hd__dfxtp_2)
                                                         u_core.pe_array[0].u_pe.accum_reg[6] (net)
                      0.164775    0.000000    0.768146 ^ _2784_/A2 (sky130_fd_sc_hd__a22oi_2)
     1    0.004181    0.103667    0.189339    0.957485 v _2784_/Y (sky130_fd_sc_hd__a22oi_2)
                                                         _1208_ (net)
                      0.103667    0.000000    0.957485 v _2785_/B (sky130_fd_sc_hd__nor2_2)
     1    0.001537    0.084153    0.115551    1.073037 ^ _2785_/Y (sky130_fd_sc_hd__nor2_2)
                                                         _0253_ (net)
                      0.084153    0.000000    1.073037 ^ _3139_/D (sky130_fd_sc_hd__dfxtp_2)
                                              1.073037   data arrival time

                      0.150000    0.000000    0.000000   clock clk (rise edge)
                                  0.000000    0.000000   clock network delay (ideal)
                                  0.250000    0.250000   clock uncertainty
                                  0.000000    0.250000   clock reconvergence pessimism
                                              0.250000 ^ _3139_/CLK (sky130_fd_sc_hd__dfxtp_2)
                                 -0.062487    0.187513   library hold time
                                              0.187513   data required time
---------------------------------------------------------------------------------------------
                                              0.187513   data required time
                                             -1.073037   data arrival time
---------------------------------------------------------------------------------------------
                                              0.885524   slack (MET)


Startpoint: _2939_ (rising edge-triggered flip-flop clocked by clk)
Endpoint: _2936_ (rising edge-triggered flip-flop clocked by clk)
Path Group: clk
Path Type: min

Fanout         Cap        Slew       Delay        Time   Description
---------------------------------------------------------------------------------------------
                      0.150000    0.000000    0.000000   clock clk (rise edge)
                                  0.000000    0.000000   clock network delay (ideal)
                      0.150000    0.000000    0.000000 ^ _2939_/CLK (sky130_fd_sc_hd__dfxtp_2)
     5    0.010859    0.111769    0.723740    0.723740 ^ _2939_/Q (sky130_fd_sc_hd__dfxtp_2)
                                                         state[2] (net)
                      0.111769    0.000000    0.723740 ^ _1568_/C (sky130_fd_sc_hd__and3_2)
     1    0.001537    0.070157    0.354431    1.078172 ^ _1568_/X (sky130_fd_sc_hd__and3_2)
                                                         _0053_ (net)
                      0.070157    0.000000    1.078172 ^ _2936_/D (sky130_fd_sc_hd__dfxtp_2)
                                              1.078172   data arrival time

                      0.150000    0.000000    0.000000   clock clk (rise edge)
                                  0.000000    0.000000   clock network delay (ideal)
                                  0.250000    0.250000   clock uncertainty
                                  0.000000    0.250000   clock reconvergence pessimism
                                              0.250000 ^ _2936_/CLK (sky130_fd_sc_hd__dfxtp_2)
                                 -0.059256    0.190744   library hold time
                                              0.190744   data required time
---------------------------------------------------------------------------------------------
                                              0.190744   data required time
                                             -1.078172   data arrival time
---------------------------------------------------------------------------------------------
                                              0.887427   slack (MET)


Startpoint: _3152_ (rising edge-triggered flip-flop clocked by clk)
Endpoint: _3152_ (rising edge-triggered flip-flop clocked by clk)
Path Group: clk
Path Type: min

Fanout         Cap        Slew       Delay        Time   Description
---------------------------------------------------------------------------------------------
                      0.150000    0.000000    0.000000   clock clk (rise edge)
                                  0.000000    0.000000   clock network delay (ideal)
                      0.150000    0.000000    0.000000 ^ _3152_/CLK (sky130_fd_sc_hd__dfxtp_2)
     4    0.018559    0.167125    0.769854    0.769854 ^ _3152_/Q (sky130_fd_sc_hd__dfxtp_2)
                                                         u_core.pe_array[0].u_pe.accum_reg[19] (net)
                      0.167125    0.000000    0.769854 ^ _2817_/A2 (sky130_fd_sc_hd__a22oi_2)
     1    0.004181    0.103701    0.190239    0.960093 v _2817_/Y (sky130_fd_sc_hd__a22oi_2)
                                                         _1228_ (net)
                      0.103701    0.000000    0.960093 v _2818_/B (sky130_fd_sc_hd__nor2_2)
     1    0.001537    0.084157    0.115565    1.075657 ^ _2818_/Y (sky130_fd_sc_hd__nor2_2)
                                                         _0266_ (net)
                      0.084157    0.000000    1.075657 ^ _3152_/D (sky130_fd_sc_hd__dfxtp_2)
                                              1.075657   data arrival time

                      0.150000    0.000000    0.000000   clock clk (rise edge)
                                  0.000000    0.000000   clock network delay (ideal)
                                  0.250000    0.250000   clock uncertainty
                                  0.000000    0.250000   clock reconvergence pessimism
                                              0.250000 ^ _3152_/CLK (sky130_fd_sc_hd__dfxtp_2)
                                 -0.062489    0.187511   library hold time
                                              0.187511   data required time
---------------------------------------------------------------------------------------------
                                              0.187511   data required time
                                             -1.075657   data arrival time
---------------------------------------------------------------------------------------------
                                              0.888146   slack (MET)


Startpoint: _3165_ (rising edge-triggered flip-flop clocked by clk)
Endpoint: _3165_ (rising edge-triggered flip-flop clocked by clk)
Path Group: clk
Path Type: min

Fanout         Cap        Slew       Delay        Time   Description
---------------------------------------------------------------------------------------------
                      0.150000    0.000000    0.000000   clock clk (rise edge)
                                  0.000000    0.000000   clock network delay (ideal)
                      0.150000    0.000000    0.000000 ^ _3165_/CLK (sky130_fd_sc_hd__dfxtp_2)
     5    0.015226    0.143003    0.750072    0.750072 ^ _3165_/Q (sky130_fd_sc_hd__dfxtp_2)
                                                         u_core.pe_array[0].u_pe.tap_count[0] (net)
                      0.143003    0.000000    0.750072 ^ _2843_/B (sky130_fd_sc_hd__nand2_2)
     1    0.002288    0.048983    0.111615    0.861687 v _2843_/Y (sky130_fd_sc_hd__nand2_2)
                                                         _1241_ (net)
                      0.048983    0.000000    0.861687 v _2844_/B1 (sky130_fd_sc_hd__o211a_2)
     1    0.001577    0.041365    0.216761    1.078448 v _2844_/X (sky130_fd_sc_hd__o211a_2)
                                                         _0279_ (net)
                      0.041365    0.000000    1.078448 v _3165_/D (sky130_fd_sc_hd__dfxtp_2)
                                              1.078448   data arrival time

                      0.150000    0.000000    0.000000   clock clk (rise edge)
                                  0.000000    0.000000   clock network delay (ideal)
                                  0.250000    0.250000   clock uncertainty
                                  0.000000    0.250000   clock reconvergence pessimism
                                              0.250000 ^ _3165_/CLK (sky130_fd_sc_hd__dfxtp_2)
                                 -0.060694    0.189306   library hold time
                                              0.189306   data required time
---------------------------------------------------------------------------------------------
                                              0.189306   data required time
                                             -1.078448   data arrival time
---------------------------------------------------------------------------------------------
                                              0.889142   slack (MET)


Startpoint: _2886_ (rising edge-triggered flip-flop clocked by clk)
Endpoint: _2886_ (rising edge-triggered flip-flop clocked by clk)
Path Group: clk
Path Type: min

Fanout         Cap        Slew       Delay        Time   Description
---------------------------------------------------------------------------------------------
                      0.150000    0.000000    0.000000   clock clk (rise edge)
                                  0.000000    0.000000   clock network delay (ideal)
                      0.150000    0.000000    0.000000 ^ _2886_/CLK (sky130_fd_sc_hd__dfxtp_2)
     5    0.008715    0.065346    0.660042    0.660042 v _2886_/Q (sky130_fd_sc_hd__dfxtp_2)
                                                         u_intf.u_slave.wr_state[0] (net)
                      0.065346    0.000000    0.660042 v _1454_/B1_N (sky130_fd_sc_hd__a21bo_2)
     1    0.004546    0.066649    0.367222    1.027263 ^ _1454_/X (sky130_fd_sc_hd__a21bo_2)
                                                         _1257_ (net)
                      0.066649    0.000000    1.027263 ^ _1457_/A (sky130_fd_sc_hd__nand2_2)
     1    0.001577    0.038741    0.067529    1.094792 v _1457_/Y (sky130_fd_sc_hd__nand2_2)
                                                         _0005_ (net)
                      0.038741    0.000000    1.094792 v _2886_/D (sky130_fd_sc_hd__dfxtp_2)
                                              1.094792   data arrival time

                      0.150000    0.000000    0.000000   clock clk (rise edge)
                                  0.000000    0.000000   clock network delay (ideal)
                                  0.250000    0.250000   clock uncertainty
                                  0.000000    0.250000   clock reconvergence pessimism
                                              0.250000 ^ _2886_/CLK (sky130_fd_sc_hd__dfxtp_2)
                                 -0.059725    0.190275   library hold time
                                              0.190275   data required time
---------------------------------------------------------------------------------------------
                                              0.190275   data required time
                                             -1.094792   data arrival time
---------------------------------------------------------------------------------------------
                                              0.904517   slack (MET)


Startpoint: _2892_ (rising edge-triggered flip-flop clocked by clk)
Endpoint: _2892_ (rising edge-triggered flip-flop clocked by clk)
Path Group: clk
Path Type: min

Fanout         Cap        Slew       Delay        Time   Description
---------------------------------------------------------------------------------------------
                      0.150000    0.000000    0.000000   clock clk (rise edge)
                                  0.000000    0.000000   clock network delay (ideal)
                      0.150000    0.000000    0.000000 ^ _2892_/CLK (sky130_fd_sc_hd__dfxtp_2)
     4    0.012318    0.079286    0.674797    0.674797 v _2892_/Q (sky130_fd_sc_hd__dfxtp_2)
                                                         w_load_cnt[1] (net)
                      0.079286    0.000000    0.674797 v _1466_/A (sky130_fd_sc_hd__nand2_2)
     2    0.006525    0.074289    0.103735    0.778533 ^ _1466_/Y (sky130_fd_sc_hd__nand2_2)
                                                         _1266_ (net)
                      0.074289    0.000000    0.778533 ^ _1482_/B (sky130_fd_sc_hd__and3_2)
     1    0.001537    0.070288    0.326799    1.105331 ^ _1482_/X (sky130_fd_sc_hd__and3_2)
                                                         _0009_ (net)
                      0.070288    0.000000    1.105331 ^ _2892_/D (sky130_fd_sc_hd__dfxtp_2)
                                              1.105331   data arrival time

                      0.150000    0.000000    0.000000   clock clk (rise edge)
                                  0.000000    0.000000   clock network delay (ideal)
                                  0.250000    0.250000   clock uncertainty
                                  0.000000    0.250000   clock reconvergence pessimism
                                              0.250000 ^ _2892_/CLK (sky130_fd_sc_hd__dfxtp_2)
                                 -0.059286    0.190714   library hold time
                                              0.190714   data required time
---------------------------------------------------------------------------------------------
                                              0.190714   data required time
                                             -1.105331   data arrival time
---------------------------------------------------------------------------------------------
                                              0.914617   slack (MET)


Startpoint: _2888_ (rising edge-triggered flip-flop clocked by clk)
Endpoint: _2888_ (rising edge-triggered flip-flop clocked by clk)
Path Group: clk
Path Type: min

Fanout         Cap        Slew       Delay        Time   Description
---------------------------------------------------------------------------------------------
                      0.150000    0.000000    0.000000   clock clk (rise edge)
                                  0.000000    0.000000   clock network delay (ideal)
                      0.150000    0.000000    0.000000 ^ _2888_/CLK (sky130_fd_sc_hd__dfxtp_2)
     8    0.020024    0.178268    0.777949    0.777949 ^ _2888_/Q (sky130_fd_sc_hd__dfxtp_2)
                                                         u_intf.u_slave.wr_state[2] (net)
                      0.178268    0.000000    0.777949 ^ _1471_/A2 (sky130_fd_sc_hd__a31o_2)
     1    0.001537    0.046620    0.334676    1.112626 ^ _1471_/X (sky130_fd_sc_hd__a31o_2)
                                                         _0007_ (net)
                      0.046620    0.000000    1.112626 ^ _2888_/D (sky130_fd_sc_hd__dfxtp_2)
                                              1.112626   data arrival time

                      0.150000    0.000000    0.000000   clock clk (rise edge)
                                  0.000000    0.000000   clock network delay (ideal)
                                  0.250000    0.250000   clock uncertainty
                                  0.000000    0.250000   clock reconvergence pessimism
                                              0.250000 ^ _2888_/CLK (sky130_fd_sc_hd__dfxtp_2)
                                 -0.053821    0.196179   library hold time
                                              0.196179   data required time
---------------------------------------------------------------------------------------------
                                              0.196179   data required time
                                             -1.112626   data arrival time
---------------------------------------------------------------------------------------------
                                              0.916447   slack (MET)


Startpoint: _2892_ (rising edge-triggered flip-flop clocked by clk)
Endpoint: _2894_ (rising edge-triggered flip-flop clocked by clk)
Path Group: clk
Path Type: min

Fanout         Cap        Slew       Delay        Time   Description
---------------------------------------------------------------------------------------------
                      0.150000    0.000000    0.000000   clock clk (rise edge)
                                  0.000000    0.000000   clock network delay (ideal)
                      0.150000    0.000000    0.000000 ^ _2892_/CLK (sky130_fd_sc_hd__dfxtp_2)
     4    0.013016    0.127197    0.736746    0.736746 ^ _2892_/Q (sky130_fd_sc_hd__dfxtp_2)
                                                         w_load_cnt[1] (net)
                      0.127197    0.000000    0.736746 ^ _1486_/A1 (sky130_fd_sc_hd__o211a_2)
     1    0.001537    0.067327    0.378857    1.115604 ^ _1486_/X (sky130_fd_sc_hd__o211a_2)
                                                         _0011_ (net)
                      0.067327    0.000000    1.115604 ^ _2894_/D (sky130_fd_sc_hd__dfxtp_2)
                                              1.115604   data arrival time

                      0.150000    0.000000    0.000000   clock clk (rise edge)
                                  0.000000    0.000000   clock network delay (ideal)
                                  0.250000    0.250000   clock uncertainty
                                  0.000000    0.250000   clock reconvergence pessimism
                                              0.250000 ^ _2894_/CLK (sky130_fd_sc_hd__dfxtp_2)
                                 -0.058602    0.191398   library hold time
                                              0.191398   data required time
---------------------------------------------------------------------------------------------
                                              0.191398   data required time
                                             -1.115604   data arrival time
---------------------------------------------------------------------------------------------
                                              0.924206   slack (MET)


Startpoint: _3068_ (rising edge-triggered flip-flop clocked by clk)
Endpoint: _3068_ (rising edge-triggered flip-flop clocked by clk)
Path Group: clk
Path Type: min

Fanout         Cap        Slew       Delay        Time   Description
---------------------------------------------------------------------------------------------
                      0.150000    0.000000    0.000000   clock clk (rise edge)
                                  0.000000    0.000000   clock network delay (ideal)
                      0.150000    0.000000    0.000000 ^ _3068_/CLK (sky130_fd_sc_hd__dfxtp_2)
     2    0.003977    0.062678    0.679742    0.679742 ^ _3068_/Q (sky130_fd_sc_hd__dfxtp_2)
                                                         u_intf.u_slave.reg_ctrl[1] (net)
                      0.062678    0.000000    0.679742 ^ _1881_/A0 (sky130_fd_sc_hd__mux2_1)
     1    0.001460    0.058025    0.202220    0.881961 ^ _1881_/X (sky130_fd_sc_hd__mux2_1)
                                                         _0376_ (net)
                      0.058025    0.000000    0.881961 ^ _1882_/B (sky130_fd_sc_hd__and2_2)
     1    0.001537    0.058603    0.242225    1.124187 ^ _1882_/X (sky130_fd_sc_hd__and2_2)
                                                         _0182_ (net)
                      0.058603    0.000000    1.124187 ^ _3068_/D (sky130_fd_sc_hd__dfxtp_2)
                                              1.124187   data arrival time

                      0.150000    0.000000    0.000000   clock clk (rise edge)
                                  0.000000    0.000000   clock network delay (ideal)
                                  0.250000    0.250000   clock uncertainty
                                  0.000000    0.250000   clock reconvergence pessimism
                                              0.250000 ^ _3068_/CLK (sky130_fd_sc_hd__dfxtp_2)
                                 -0.056588    0.193412   library hold time
                                              0.193412   data required time
---------------------------------------------------------------------------------------------
                                              0.193412   data required time
                                             -1.124187   data arrival time
---------------------------------------------------------------------------------------------
                                              0.930775   slack (MET)


Startpoint: _3069_ (rising edge-triggered flip-flop clocked by clk)
Endpoint: _3069_ (rising edge-triggered flip-flop clocked by clk)
Path Group: clk
Path Type: min

Fanout         Cap        Slew       Delay        Time   Description
---------------------------------------------------------------------------------------------
                      0.150000    0.000000    0.000000   clock clk (rise edge)
                                  0.000000    0.000000   clock network delay (ideal)
                      0.150000    0.000000    0.000000 ^ _3069_/CLK (sky130_fd_sc_hd__dfxtp_2)
     2    0.003977    0.062678    0.679742    0.679742 ^ _3069_/Q (sky130_fd_sc_hd__dfxtp_2)
                                                         u_intf.u_slave.reg_ctrl[2] (net)
                      0.062678    0.000000    0.679742 ^ _1883_/A0 (sky130_fd_sc_hd__mux2_1)
     1    0.001460    0.058025    0.202220    0.881961 ^ _1883_/X (sky130_fd_sc_hd__mux2_1)
                                                         _0377_ (net)
                      0.058025    0.000000    0.881961 ^ _1884_/B (sky130_fd_sc_hd__and2_2)
     1    0.001537    0.058603    0.242225    1.124187 ^ _1884_/X (sky130_fd_sc_hd__and2_2)
                                                         _0183_ (net)
                      0.058603    0.000000    1.124187 ^ _3069_/D (sky130_fd_sc_hd__dfxtp_2)
                                              1.124187   data arrival time

                      0.150000    0.000000    0.000000   clock clk (rise edge)
                                  0.000000    0.000000   clock network delay (ideal)
                                  0.250000    0.250000   clock uncertainty
                                  0.000000    0.250000   clock reconvergence pessimism
                                              0.250000 ^ _3069_/CLK (sky130_fd_sc_hd__dfxtp_2)
                                 -0.056588    0.193412   library hold time
                                              0.193412   data required time
---------------------------------------------------------------------------------------------
                                              0.193412   data required time
                                             -1.124187   data arrival time
---------------------------------------------------------------------------------------------
                                              0.930775   slack (MET)


Startpoint: _3070_ (rising edge-triggered flip-flop clocked by clk)
Endpoint: _3070_ (rising edge-triggered flip-flop clocked by clk)
Path Group: clk
Path Type: min

Fanout         Cap        Slew       Delay        Time   Description
---------------------------------------------------------------------------------------------
                      0.150000    0.000000    0.000000   clock clk (rise edge)
                                  0.000000    0.000000   clock network delay (ideal)
                      0.150000    0.000000    0.000000 ^ _3070_/CLK (sky130_fd_sc_hd__dfxtp_2)
     2    0.003977    0.062678    0.679742    0.679742 ^ _3070_/Q (sky130_fd_sc_hd__dfxtp_2)
                                                         u_intf.u_slave.reg_ctrl[3] (net)
                      0.062678    0.000000    0.679742 ^ _1885_/A0 (sky130_fd_sc_hd__mux2_1)
     1    0.001460    0.058025    0.202220    0.881961 ^ _1885_/X (sky130_fd_sc_hd__mux2_1)
                                                         _0378_ (net)
                      0.058025    0.000000    0.881961 ^ _1886_/B (sky130_fd_sc_hd__and2_2)
     1    0.001537    0.058603    0.242225    1.124187 ^ _1886_/X (sky130_fd_sc_hd__and2_2)
                                                         _0184_ (net)
                      0.058603    0.000000    1.124187 ^ _3070_/D (sky130_fd_sc_hd__dfxtp_2)
                                              1.124187   data arrival time

                      0.150000    0.000000    0.000000   clock clk (rise edge)
                                  0.000000    0.000000   clock network delay (ideal)
                                  0.250000    0.250000   clock uncertainty
                                  0.000000    0.250000   clock reconvergence pessimism
                                              0.250000 ^ _3070_/CLK (sky130_fd_sc_hd__dfxtp_2)
                                 -0.056588    0.193412   library hold time
                                              0.193412   data required time
---------------------------------------------------------------------------------------------
                                              0.193412   data required time
                                             -1.124187   data arrival time
---------------------------------------------------------------------------------------------
                                              0.930775   slack (MET)


Startpoint: _3071_ (rising edge-triggered flip-flop clocked by clk)
Endpoint: _3071_ (rising edge-triggered flip-flop clocked by clk)
Path Group: clk
Path Type: min

Fanout         Cap        Slew       Delay        Time   Description
---------------------------------------------------------------------------------------------
                      0.150000    0.000000    0.000000   clock clk (rise edge)
                                  0.000000    0.000000   clock network delay (ideal)
                      0.150000    0.000000    0.000000 ^ _3071_/CLK (sky130_fd_sc_hd__dfxtp_2)
     2    0.003977    0.062678    0.679742    0.679742 ^ _3071_/Q (sky130_fd_sc_hd__dfxtp_2)
                                                         u_intf.u_slave.reg_ctrl[4] (net)
                      0.062678    0.000000    0.679742 ^ _1887_/A0 (sky130_fd_sc_hd__mux2_1)
     1    0.001460    0.058025    0.202220    0.881961 ^ _1887_/X (sky130_fd_sc_hd__mux2_1)
                                                         _0379_ (net)
                      0.058025    0.000000    0.881961 ^ _1888_/B (sky130_fd_sc_hd__and2_2)
     1    0.001537    0.058603    0.242225    1.124187 ^ _1888_/X (sky130_fd_sc_hd__and2_2)
                                                         _0185_ (net)
                      0.058603    0.000000    1.124187 ^ _3071_/D (sky130_fd_sc_hd__dfxtp_2)
                                              1.124187   data arrival time

                      0.150000    0.000000    0.000000   clock clk (rise edge)
                                  0.000000    0.000000   clock network delay (ideal)
                                  0.250000    0.250000   clock uncertainty
                                  0.000000    0.250000   clock reconvergence pessimism
                                              0.250000 ^ _3071_/CLK (sky130_fd_sc_hd__dfxtp_2)
                                 -0.056588    0.193412   library hold time
                                              0.193412   data required time
---------------------------------------------------------------------------------------------
                                              0.193412   data required time
                                             -1.124187   data arrival time
---------------------------------------------------------------------------------------------
                                              0.930775   slack (MET)


Startpoint: _3072_ (rising edge-triggered flip-flop clocked by clk)
Endpoint: _3072_ (rising edge-triggered flip-flop clocked by clk)
Path Group: clk
Path Type: min

Fanout         Cap        Slew       Delay        Time   Description
---------------------------------------------------------------------------------------------
                      0.150000    0.000000    0.000000   clock clk (rise edge)
                                  0.000000    0.000000   clock network delay (ideal)
                      0.150000    0.000000    0.000000 ^ _3072_/CLK (sky130_fd_sc_hd__dfxtp_2)
     2    0.003977    0.062678    0.679742    0.679742 ^ _3072_/Q (sky130_fd_sc_hd__dfxtp_2)
                                                         u_intf.u_slave.reg_ctrl[5] (net)
                      0.062678    0.000000    0.679742 ^ _1889_/A0 (sky130_fd_sc_hd__mux2_1)
     1    0.001460    0.058025    0.202220    0.881961 ^ _1889_/X (sky130_fd_sc_hd__mux2_1)
                                                         _0380_ (net)
                      0.058025    0.000000    0.881961 ^ _1890_/B (sky130_fd_sc_hd__and2_2)
     1    0.001537    0.058603    0.242225    1.124187 ^ _1890_/X (sky130_fd_sc_hd__and2_2)
                                                         _0186_ (net)
                      0.058603    0.000000    1.124187 ^ _3072_/D (sky130_fd_sc_hd__dfxtp_2)
                                              1.124187   data arrival time

                      0.150000    0.000000    0.000000   clock clk (rise edge)
                                  0.000000    0.000000   clock network delay (ideal)
                                  0.250000    0.250000   clock uncertainty
                                  0.000000    0.250000   clock reconvergence pessimism
                                              0.250000 ^ _3072_/CLK (sky130_fd_sc_hd__dfxtp_2)
                                 -0.056588    0.193412   library hold time
                                              0.193412   data required time
---------------------------------------------------------------------------------------------
                                              0.193412   data required time
                                             -1.124187   data arrival time
---------------------------------------------------------------------------------------------
                                              0.930775   slack (MET)


Startpoint: _3075_ (rising edge-triggered flip-flop clocked by clk)
Endpoint: _3075_ (rising edge-triggered flip-flop clocked by clk)
Path Group: clk
Path Type: min

Fanout         Cap        Slew       Delay        Time   Description
---------------------------------------------------------------------------------------------
                      0.150000    0.000000    0.000000   clock clk (rise edge)
                                  0.000000    0.000000   clock network delay (ideal)
                      0.150000    0.000000    0.000000 ^ _3075_/CLK (sky130_fd_sc_hd__dfxtp_2)
     2    0.003977    0.062678    0.679742    0.679742 ^ _3075_/Q (sky130_fd_sc_hd__dfxtp_2)
                                                         u_intf.u_slave.reg_ctrl[8] (net)
                      0.062678    0.000000    0.679742 ^ _1895_/A0 (sky130_fd_sc_hd__mux2_1)
     1    0.001460    0.058025    0.202220    0.881961 ^ _1895_/X (sky130_fd_sc_hd__mux2_1)
                                                         _0383_ (net)
                      0.058025    0.000000    0.881961 ^ _1896_/B (sky130_fd_sc_hd__and2_2)
     1    0.001537    0.058603    0.242225    1.124187 ^ _1896_/X (sky130_fd_sc_hd__and2_2)
                                                         _0189_ (net)
                      0.058603    0.000000    1.124187 ^ _3075_/D (sky130_fd_sc_hd__dfxtp_2)
                                              1.124187   data arrival time

                      0.150000    0.000000    0.000000   clock clk (rise edge)
                                  0.000000    0.000000   clock network delay (ideal)
                                  0.250000    0.250000   clock uncertainty
                                  0.000000    0.250000   clock reconvergence pessimism
                                              0.250000 ^ _3075_/CLK (sky130_fd_sc_hd__dfxtp_2)
                                 -0.056588    0.193412   library hold time
                                              0.193412   data required time
---------------------------------------------------------------------------------------------
                                              0.193412   data required time
                                             -1.124187   data arrival time
---------------------------------------------------------------------------------------------
                                              0.930775   slack (MET)


Startpoint: _3076_ (rising edge-triggered flip-flop clocked by clk)
Endpoint: _3076_ (rising edge-triggered flip-flop clocked by clk)
Path Group: clk
Path Type: min

Fanout         Cap        Slew       Delay        Time   Description
---------------------------------------------------------------------------------------------
                      0.150000    0.000000    0.000000   clock clk (rise edge)
                                  0.000000    0.000000   clock network delay (ideal)
                      0.150000    0.000000    0.000000 ^ _3076_/CLK (sky130_fd_sc_hd__dfxtp_2)
     2    0.003977    0.062678    0.679742    0.679742 ^ _3076_/Q (sky130_fd_sc_hd__dfxtp_2)
                                                         u_intf.u_slave.reg_ctrl[9] (net)
                      0.062678    0.000000    0.679742 ^ _1897_/A0 (sky130_fd_sc_hd__mux2_1)
     1    0.001460    0.058025    0.202220    0.881961 ^ _1897_/X (sky130_fd_sc_hd__mux2_1)
                                                         _0384_ (net)
                      0.058025    0.000000    0.881961 ^ _1898_/B (sky130_fd_sc_hd__and2_2)
     1    0.001537    0.058603    0.242225    1.124187 ^ _1898_/X (sky130_fd_sc_hd__and2_2)
                                                         _0190_ (net)
                      0.058603    0.000000    1.124187 ^ _3076_/D (sky130_fd_sc_hd__dfxtp_2)
                                              1.124187   data arrival time

                      0.150000    0.000000    0.000000   clock clk (rise edge)
                                  0.000000    0.000000   clock network delay (ideal)
                                  0.250000    0.250000   clock uncertainty
                                  0.000000    0.250000   clock reconvergence pessimism
                                              0.250000 ^ _3076_/CLK (sky130_fd_sc_hd__dfxtp_2)
                                 -0.056588    0.193412   library hold time
                                              0.193412   data required time
---------------------------------------------------------------------------------------------
                                              0.193412   data required time
                                             -1.124187   data arrival time
---------------------------------------------------------------------------------------------
                                              0.930775   slack (MET)


Startpoint: _3077_ (rising edge-triggered flip-flop clocked by clk)
Endpoint: _3077_ (rising edge-triggered flip-flop clocked by clk)
Path Group: clk
Path Type: min

Fanout         Cap        Slew       Delay        Time   Description
---------------------------------------------------------------------------------------------
                      0.150000    0.000000    0.000000   clock clk (rise edge)
                                  0.000000    0.000000   clock network delay (ideal)
                      0.150000    0.000000    0.000000 ^ _3077_/CLK (sky130_fd_sc_hd__dfxtp_2)
     2    0.003977    0.062678    0.679742    0.679742 ^ _3077_/Q (sky130_fd_sc_hd__dfxtp_2)
                                                         u_intf.u_slave.reg_ctrl[10] (net)
                      0.062678    0.000000    0.679742 ^ _1899_/A0 (sky130_fd_sc_hd__mux2_1)
     1    0.001460    0.058025    0.202220    0.881961 ^ _1899_/X (sky130_fd_sc_hd__mux2_1)
                                                         _0385_ (net)
                      0.058025    0.000000    0.881961 ^ _1900_/B (sky130_fd_sc_hd__and2_2)
     1    0.001537    0.058603    0.242225    1.124187 ^ _1900_/X (sky130_fd_sc_hd__and2_2)
                                                         _0191_ (net)
                      0.058603    0.000000    1.124187 ^ _3077_/D (sky130_fd_sc_hd__dfxtp_2)
                                              1.124187   data arrival time

                      0.150000    0.000000    0.000000   clock clk (rise edge)
                                  0.000000    0.000000   clock network delay (ideal)
                                  0.250000    0.250000   clock uncertainty
                                  0.000000    0.250000   clock reconvergence pessimism
                                              0.250000 ^ _3077_/CLK (sky130_fd_sc_hd__dfxtp_2)
                                 -0.056588    0.193412   library hold time
                                              0.193412   data required time
---------------------------------------------------------------------------------------------
                                              0.193412   data required time
                                             -1.124187   data arrival time
---------------------------------------------------------------------------------------------
                                              0.930775   slack (MET)


Startpoint: _3078_ (rising edge-triggered flip-flop clocked by clk)
Endpoint: _3078_ (rising edge-triggered flip-flop clocked by clk)
Path Group: clk
Path Type: min

Fanout         Cap        Slew       Delay        Time   Description
---------------------------------------------------------------------------------------------
                      0.150000    0.000000    0.000000   clock clk (rise edge)
                                  0.000000    0.000000   clock network delay (ideal)
                      0.150000    0.000000    0.000000 ^ _3078_/CLK (sky130_fd_sc_hd__dfxtp_2)
     2    0.003977    0.062678    0.679742    0.679742 ^ _3078_/Q (sky130_fd_sc_hd__dfxtp_2)
                                                         u_intf.u_slave.reg_ctrl[11] (net)
                      0.062678    0.000000    0.679742 ^ _1901_/A0 (sky130_fd_sc_hd__mux2_1)
     1    0.001460    0.058025    0.202220    0.881961 ^ _1901_/X (sky130_fd_sc_hd__mux2_1)
                                                         _0386_ (net)
                      0.058025    0.000000    0.881961 ^ _1902_/B (sky130_fd_sc_hd__and2_2)
     1    0.001537    0.058603    0.242225    1.124187 ^ _1902_/X (sky130_fd_sc_hd__and2_2)
                                                         _0192_ (net)
                      0.058603    0.000000    1.124187 ^ _3078_/D (sky130_fd_sc_hd__dfxtp_2)
                                              1.124187   data arrival time

                      0.150000    0.000000    0.000000   clock clk (rise edge)
                                  0.000000    0.000000   clock network delay (ideal)
                                  0.250000    0.250000   clock uncertainty
                                  0.000000    0.250000   clock reconvergence pessimism
                                              0.250000 ^ _3078_/CLK (sky130_fd_sc_hd__dfxtp_2)
                                 -0.056588    0.193412   library hold time
                                              0.193412   data required time
---------------------------------------------------------------------------------------------
                                              0.193412   data required time
                                             -1.124187   data arrival time
---------------------------------------------------------------------------------------------
                                              0.930775   slack (MET)


Startpoint: _3080_ (rising edge-triggered flip-flop clocked by clk)
Endpoint: _3080_ (rising edge-triggered flip-flop clocked by clk)
Path Group: clk
Path Type: min

Fanout         Cap        Slew       Delay        Time   Description
---------------------------------------------------------------------------------------------
                      0.150000    0.000000    0.000000   clock clk (rise edge)
                                  0.000000    0.000000   clock network delay (ideal)
                      0.150000    0.000000    0.000000 ^ _3080_/CLK (sky130_fd_sc_hd__dfxtp_2)
     2    0.003977    0.062678    0.679742    0.679742 ^ _3080_/Q (sky130_fd_sc_hd__dfxtp_2)
                                                         u_intf.u_slave.reg_ctrl[13] (net)
                      0.062678    0.000000    0.679742 ^ _1905_/A0 (sky130_fd_sc_hd__mux2_1)
     1    0.001460    0.058025    0.202220    0.881961 ^ _1905_/X (sky130_fd_sc_hd__mux2_1)
                                                         _0388_ (net)
                      0.058025    0.000000    0.881961 ^ _1906_/B (sky130_fd_sc_hd__and2_2)
     1    0.001537    0.058603    0.242225    1.124187 ^ _1906_/X (sky130_fd_sc_hd__and2_2)
                                                         _0194_ (net)
                      0.058603    0.000000    1.124187 ^ _3080_/D (sky130_fd_sc_hd__dfxtp_2)
                                              1.124187   data arrival time

                      0.150000    0.000000    0.000000   clock clk (rise edge)
                                  0.000000    0.000000   clock network delay (ideal)
                                  0.250000    0.250000   clock uncertainty
                                  0.000000    0.250000   clock reconvergence pessimism
                                              0.250000 ^ _3080_/CLK (sky130_fd_sc_hd__dfxtp_2)
                                 -0.056588    0.193412   library hold time
                                              0.193412   data required time
---------------------------------------------------------------------------------------------
                                              0.193412   data required time
                                             -1.124187   data arrival time
---------------------------------------------------------------------------------------------
                                              0.930775   slack (MET)


Startpoint: _3081_ (rising edge-triggered flip-flop clocked by clk)
Endpoint: _3081_ (rising edge-triggered flip-flop clocked by clk)
Path Group: clk
Path Type: min

Fanout         Cap        Slew       Delay        Time   Description
---------------------------------------------------------------------------------------------
                      0.150000    0.000000    0.000000   clock clk (rise edge)
                                  0.000000    0.000000   clock network delay (ideal)
                      0.150000    0.000000    0.000000 ^ _3081_/CLK (sky130_fd_sc_hd__dfxtp_2)
     2    0.003977    0.062678    0.679742    0.679742 ^ _3081_/Q (sky130_fd_sc_hd__dfxtp_2)
                                                         u_intf.u_slave.reg_ctrl[14] (net)
                      0.062678    0.000000    0.679742 ^ _1907_/A0 (sky130_fd_sc_hd__mux2_1)
     1    0.001460    0.058025    0.202220    0.881961 ^ _1907_/X (sky130_fd_sc_hd__mux2_1)
                                                         _0389_ (net)
                      0.058025    0.000000    0.881961 ^ _1908_/B (sky130_fd_sc_hd__and2_2)
     1    0.001537    0.058603    0.242225    1.124187 ^ _1908_/X (sky130_fd_sc_hd__and2_2)
                                                         _0195_ (net)
                      0.058603    0.000000    1.124187 ^ _3081_/D (sky130_fd_sc_hd__dfxtp_2)
                                              1.124187   data arrival time

                      0.150000    0.000000    0.000000   clock clk (rise edge)
                                  0.000000    0.000000   clock network delay (ideal)
                                  0.250000    0.250000   clock uncertainty
                                  0.000000    0.250000   clock reconvergence pessimism
                                              0.250000 ^ _3081_/CLK (sky130_fd_sc_hd__dfxtp_2)
                                 -0.056588    0.193412   library hold time
                                              0.193412   data required time
---------------------------------------------------------------------------------------------
                                              0.193412   data required time
                                             -1.124187   data arrival time
---------------------------------------------------------------------------------------------
                                              0.930775   slack (MET)


Startpoint: _3082_ (rising edge-triggered flip-flop clocked by clk)
Endpoint: _3082_ (rising edge-triggered flip-flop clocked by clk)
Path Group: clk
Path Type: min

Fanout         Cap        Slew       Delay        Time   Description
---------------------------------------------------------------------------------------------
                      0.150000    0.000000    0.000000   clock clk (rise edge)
                                  0.000000    0.000000   clock network delay (ideal)
                      0.150000    0.000000    0.000000 ^ _3082_/CLK (sky130_fd_sc_hd__dfxtp_2)
     2    0.003977    0.062678    0.679742    0.679742 ^ _3082_/Q (sky130_fd_sc_hd__dfxtp_2)
                                                         u_intf.u_slave.reg_ctrl[15] (net)
                      0.062678    0.000000    0.679742 ^ _1909_/A0 (sky130_fd_sc_hd__mux2_1)
     1    0.001460    0.058025    0.202220    0.881961 ^ _1909_/X (sky130_fd_sc_hd__mux2_1)
                                                         _0390_ (net)
                      0.058025    0.000000    0.881961 ^ _1910_/B (sky130_fd_sc_hd__and2_2)
     1    0.001537    0.058603    0.242225    1.124187 ^ _1910_/X (sky130_fd_sc_hd__and2_2)
                                                         _0196_ (net)
                      0.058603    0.000000    1.124187 ^ _3082_/D (sky130_fd_sc_hd__dfxtp_2)
                                              1.124187   data arrival time

                      0.150000    0.000000    0.000000   clock clk (rise edge)
                                  0.000000    0.000000   clock network delay (ideal)
                                  0.250000    0.250000   clock uncertainty
                                  0.000000    0.250000   clock reconvergence pessimism
                                              0.250000 ^ _3082_/CLK (sky130_fd_sc_hd__dfxtp_2)
                                 -0.056588    0.193412   library hold time
                                              0.193412   data required time
---------------------------------------------------------------------------------------------
                                              0.193412   data required time
                                             -1.124187   data arrival time
---------------------------------------------------------------------------------------------
                                              0.930775   slack (MET)


Startpoint: _3083_ (rising edge-triggered flip-flop clocked by clk)
Endpoint: _3083_ (rising edge-triggered flip-flop clocked by clk)
Path Group: clk
Path Type: min

Fanout         Cap        Slew       Delay        Time   Description
---------------------------------------------------------------------------------------------
                      0.150000    0.000000    0.000000   clock clk (rise edge)
                                  0.000000    0.000000   clock network delay (ideal)
                      0.150000    0.000000    0.000000 ^ _3083_/CLK (sky130_fd_sc_hd__dfxtp_2)
     2    0.003977    0.062678    0.679742    0.679742 ^ _3083_/Q (sky130_fd_sc_hd__dfxtp_2)
                                                         u_intf.u_slave.reg_ctrl[16] (net)
                      0.062678    0.000000    0.679742 ^ _1911_/A0 (sky130_fd_sc_hd__mux2_1)
     1    0.001460    0.058025    0.202220    0.881961 ^ _1911_/X (sky130_fd_sc_hd__mux2_1)
                                                         _0391_ (net)
                      0.058025    0.000000    0.881961 ^ _1912_/B (sky130_fd_sc_hd__and2_2)
     1    0.001537    0.058603    0.242225    1.124187 ^ _1912_/X (sky130_fd_sc_hd__and2_2)
                                                         _0197_ (net)
                      0.058603    0.000000    1.124187 ^ _3083_/D (sky130_fd_sc_hd__dfxtp_2)
                                              1.124187   data arrival time

                      0.150000    0.000000    0.000000   clock clk (rise edge)
                                  0.000000    0.000000   clock network delay (ideal)
                                  0.250000    0.250000   clock uncertainty
                                  0.000000    0.250000   clock reconvergence pessimism
                                              0.250000 ^ _3083_/CLK (sky130_fd_sc_hd__dfxtp_2)
                                 -0.056588    0.193412   library hold time
                                              0.193412   data required time
---------------------------------------------------------------------------------------------
                                              0.193412   data required time
                                             -1.124187   data arrival time
---------------------------------------------------------------------------------------------
                                              0.930775   slack (MET)


Startpoint: _3084_ (rising edge-triggered flip-flop clocked by clk)
Endpoint: _3084_ (rising edge-triggered flip-flop clocked by clk)
Path Group: clk
Path Type: min

Fanout         Cap        Slew       Delay        Time   Description
---------------------------------------------------------------------------------------------
                      0.150000    0.000000    0.000000   clock clk (rise edge)
                                  0.000000    0.000000   clock network delay (ideal)
                      0.150000    0.000000    0.000000 ^ _3084_/CLK (sky130_fd_sc_hd__dfxtp_2)
     2    0.003977    0.062678    0.679742    0.679742 ^ _3084_/Q (sky130_fd_sc_hd__dfxtp_2)
                                                         u_intf.u_slave.reg_ctrl[17] (net)
                      0.062678    0.000000    0.679742 ^ _1913_/A0 (sky130_fd_sc_hd__mux2_1)
     1    0.001460    0.058025    0.202220    0.881961 ^ _1913_/X (sky130_fd_sc_hd__mux2_1)
                                                         _0392_ (net)
                      0.058025    0.000000    0.881961 ^ _1914_/B (sky130_fd_sc_hd__and2_2)
     1    0.001537    0.058603    0.242225    1.124187 ^ _1914_/X (sky130_fd_sc_hd__and2_2)
                                                         _0198_ (net)
                      0.058603    0.000000    1.124187 ^ _3084_/D (sky130_fd_sc_hd__dfxtp_2)
                                              1.124187   data arrival time

                      0.150000    0.000000    0.000000   clock clk (rise edge)
                                  0.000000    0.000000   clock network delay (ideal)
                                  0.250000    0.250000   clock uncertainty
                                  0.000000    0.250000   clock reconvergence pessimism
                                              0.250000 ^ _3084_/CLK (sky130_fd_sc_hd__dfxtp_2)
                                 -0.056588    0.193412   library hold time
                                              0.193412   data required time
---------------------------------------------------------------------------------------------
                                              0.193412   data required time
                                             -1.124187   data arrival time
---------------------------------------------------------------------------------------------
                                              0.930775   slack (MET)


Startpoint: _3085_ (rising edge-triggered flip-flop clocked by clk)
Endpoint: _3085_ (rising edge-triggered flip-flop clocked by clk)
Path Group: clk
Path Type: min

Fanout         Cap        Slew       Delay        Time   Description
---------------------------------------------------------------------------------------------
                      0.150000    0.000000    0.000000   clock clk (rise edge)
                                  0.000000    0.000000   clock network delay (ideal)
                      0.150000    0.000000    0.000000 ^ _3085_/CLK (sky130_fd_sc_hd__dfxtp_2)
     2    0.003977    0.062678    0.679742    0.679742 ^ _3085_/Q (sky130_fd_sc_hd__dfxtp_2)
                                                         u_intf.u_slave.reg_ctrl[18] (net)
                      0.062678    0.000000    0.679742 ^ _1915_/A0 (sky130_fd_sc_hd__mux2_1)
     1    0.001460    0.058025    0.202220    0.881961 ^ _1915_/X (sky130_fd_sc_hd__mux2_1)
                                                         _0393_ (net)
                      0.058025    0.000000    0.881961 ^ _1916_/B (sky130_fd_sc_hd__and2_2)
     1    0.001537    0.058603    0.242225    1.124187 ^ _1916_/X (sky130_fd_sc_hd__and2_2)
                                                         _0199_ (net)
                      0.058603    0.000000    1.124187 ^ _3085_/D (sky130_fd_sc_hd__dfxtp_2)
                                              1.124187   data arrival time

                      0.150000    0.000000    0.000000   clock clk (rise edge)
                                  0.000000    0.000000   clock network delay (ideal)
                                  0.250000    0.250000   clock uncertainty
                                  0.000000    0.250000   clock reconvergence pessimism
                                              0.250000 ^ _3085_/CLK (sky130_fd_sc_hd__dfxtp_2)
                                 -0.056588    0.193412   library hold time
                                              0.193412   data required time
---------------------------------------------------------------------------------------------
                                              0.193412   data required time
                                             -1.124187   data arrival time
---------------------------------------------------------------------------------------------
                                              0.930775   slack (MET)


Startpoint: _3086_ (rising edge-triggered flip-flop clocked by clk)
Endpoint: _3086_ (rising edge-triggered flip-flop clocked by clk)
Path Group: clk
Path Type: min

Fanout         Cap        Slew       Delay        Time   Description
---------------------------------------------------------------------------------------------
                      0.150000    0.000000    0.000000   clock clk (rise edge)
                                  0.000000    0.000000   clock network delay (ideal)
                      0.150000    0.000000    0.000000 ^ _3086_/CLK (sky130_fd_sc_hd__dfxtp_2)
     2    0.003977    0.062678    0.679742    0.679742 ^ _3086_/Q (sky130_fd_sc_hd__dfxtp_2)
                                                         u_intf.u_slave.reg_ctrl[19] (net)
                      0.062678    0.000000    0.679742 ^ _1917_/A0 (sky130_fd_sc_hd__mux2_1)
     1    0.001460    0.058025    0.202220    0.881961 ^ _1917_/X (sky130_fd_sc_hd__mux2_1)
                                                         _0394_ (net)
                      0.058025    0.000000    0.881961 ^ _1918_/B (sky130_fd_sc_hd__and2_2)
     1    0.001537    0.058603    0.242225    1.124187 ^ _1918_/X (sky130_fd_sc_hd__and2_2)
                                                         _0200_ (net)
                      0.058603    0.000000    1.124187 ^ _3086_/D (sky130_fd_sc_hd__dfxtp_2)
                                              1.124187   data arrival time

                      0.150000    0.000000    0.000000   clock clk (rise edge)
                                  0.000000    0.000000   clock network delay (ideal)
                                  0.250000    0.250000   clock uncertainty
                                  0.000000    0.250000   clock reconvergence pessimism
                                              0.250000 ^ _3086_/CLK (sky130_fd_sc_hd__dfxtp_2)
                                 -0.056588    0.193412   library hold time
                                              0.193412   data required time
---------------------------------------------------------------------------------------------
                                              0.193412   data required time
                                             -1.124187   data arrival time
---------------------------------------------------------------------------------------------
                                              0.930775   slack (MET)


Startpoint: _3087_ (rising edge-triggered flip-flop clocked by clk)
Endpoint: _3087_ (rising edge-triggered flip-flop clocked by clk)
Path Group: clk
Path Type: min

Fanout         Cap        Slew       Delay        Time   Description
---------------------------------------------------------------------------------------------
                      0.150000    0.000000    0.000000   clock clk (rise edge)
                                  0.000000    0.000000   clock network delay (ideal)
                      0.150000    0.000000    0.000000 ^ _3087_/CLK (sky130_fd_sc_hd__dfxtp_2)
     2    0.003977    0.062678    0.679742    0.679742 ^ _3087_/Q (sky130_fd_sc_hd__dfxtp_2)
                                                         u_intf.u_slave.reg_ctrl[20] (net)
                      0.062678    0.000000    0.679742 ^ _1919_/A0 (sky130_fd_sc_hd__mux2_1)
     1    0.001460    0.058025    0.202220    0.881961 ^ _1919_/X (sky130_fd_sc_hd__mux2_1)
                                                         _0395_ (net)
                      0.058025    0.000000    0.881961 ^ _1920_/B (sky130_fd_sc_hd__and2_2)
     1    0.001537    0.058603    0.242225    1.124187 ^ _1920_/X (sky130_fd_sc_hd__and2_2)
                                                         _0201_ (net)
                      0.058603    0.000000    1.124187 ^ _3087_/D (sky130_fd_sc_hd__dfxtp_2)
                                              1.124187   data arrival time

                      0.150000    0.000000    0.000000   clock clk (rise edge)
                                  0.000000    0.000000   clock network delay (ideal)
                                  0.250000    0.250000   clock uncertainty
                                  0.000000    0.250000   clock reconvergence pessimism
                                              0.250000 ^ _3087_/CLK (sky130_fd_sc_hd__dfxtp_2)
                                 -0.056588    0.193412   library hold time
                                              0.193412   data required time
---------------------------------------------------------------------------------------------
                                              0.193412   data required time
                                             -1.124187   data arrival time
---------------------------------------------------------------------------------------------
                                              0.930775   slack (MET)


Startpoint: _3088_ (rising edge-triggered flip-flop clocked by clk)
Endpoint: _3088_ (rising edge-triggered flip-flop clocked by clk)
Path Group: clk
Path Type: min

Fanout         Cap        Slew       Delay        Time   Description
---------------------------------------------------------------------------------------------
                      0.150000    0.000000    0.000000   clock clk (rise edge)
                                  0.000000    0.000000   clock network delay (ideal)
                      0.150000    0.000000    0.000000 ^ _3088_/CLK (sky130_fd_sc_hd__dfxtp_2)
     2    0.003977    0.062678    0.679742    0.679742 ^ _3088_/Q (sky130_fd_sc_hd__dfxtp_2)
                                                         u_intf.u_slave.reg_ctrl[21] (net)
                      0.062678    0.000000    0.679742 ^ _1921_/A0 (sky130_fd_sc_hd__mux2_1)
     1    0.001460    0.058025    0.202220    0.881961 ^ _1921_/X (sky130_fd_sc_hd__mux2_1)
                                                         _0396_ (net)
                      0.058025    0.000000    0.881961 ^ _1922_/B (sky130_fd_sc_hd__and2_2)
     1    0.001537    0.058603    0.242225    1.124187 ^ _1922_/X (sky130_fd_sc_hd__and2_2)
                                                         _0202_ (net)
                      0.058603    0.000000    1.124187 ^ _3088_/D (sky130_fd_sc_hd__dfxtp_2)
                                              1.124187   data arrival time

                      0.150000    0.000000    0.000000   clock clk (rise edge)
                                  0.000000    0.000000   clock network delay (ideal)
                                  0.250000    0.250000   clock uncertainty
                                  0.000000    0.250000   clock reconvergence pessimism
                                              0.250000 ^ _3088_/CLK (sky130_fd_sc_hd__dfxtp_2)
                                 -0.056588    0.193412   library hold time
                                              0.193412   data required time
---------------------------------------------------------------------------------------------
                                              0.193412   data required time
                                             -1.124187   data arrival time
---------------------------------------------------------------------------------------------
                                              0.930775   slack (MET)


Startpoint: _3089_ (rising edge-triggered flip-flop clocked by clk)
Endpoint: _3089_ (rising edge-triggered flip-flop clocked by clk)
Path Group: clk
Path Type: min

Fanout         Cap        Slew       Delay        Time   Description
---------------------------------------------------------------------------------------------
                      0.150000    0.000000    0.000000   clock clk (rise edge)
                                  0.000000    0.000000   clock network delay (ideal)
                      0.150000    0.000000    0.000000 ^ _3089_/CLK (sky130_fd_sc_hd__dfxtp_2)
     2    0.003977    0.062678    0.679742    0.679742 ^ _3089_/Q (sky130_fd_sc_hd__dfxtp_2)
                                                         u_intf.u_slave.reg_ctrl[22] (net)
                      0.062678    0.000000    0.679742 ^ _1923_/A0 (sky130_fd_sc_hd__mux2_1)
     1    0.001460    0.058025    0.202220    0.881961 ^ _1923_/X (sky130_fd_sc_hd__mux2_1)
                                                         _0397_ (net)
                      0.058025    0.000000    0.881961 ^ _1924_/B (sky130_fd_sc_hd__and2_2)
     1    0.001537    0.058603    0.242225    1.124187 ^ _1924_/X (sky130_fd_sc_hd__and2_2)
                                                         _0203_ (net)
                      0.058603    0.000000    1.124187 ^ _3089_/D (sky130_fd_sc_hd__dfxtp_2)
                                              1.124187   data arrival time

                      0.150000    0.000000    0.000000   clock clk (rise edge)
                                  0.000000    0.000000   clock network delay (ideal)
                                  0.250000    0.250000   clock uncertainty
                                  0.000000    0.250000   clock reconvergence pessimism
                                              0.250000 ^ _3089_/CLK (sky130_fd_sc_hd__dfxtp_2)
                                 -0.056588    0.193412   library hold time
                                              0.193412   data required time
---------------------------------------------------------------------------------------------
                                              0.193412   data required time
                                             -1.124187   data arrival time
---------------------------------------------------------------------------------------------
                                              0.930775   slack (MET)


Startpoint: _3090_ (rising edge-triggered flip-flop clocked by clk)
Endpoint: _3090_ (rising edge-triggered flip-flop clocked by clk)
Path Group: clk
Path Type: min

Fanout         Cap        Slew       Delay        Time   Description
---------------------------------------------------------------------------------------------
                      0.150000    0.000000    0.000000   clock clk (rise edge)
                                  0.000000    0.000000   clock network delay (ideal)
                      0.150000    0.000000    0.000000 ^ _3090_/CLK (sky130_fd_sc_hd__dfxtp_2)
     2    0.003977    0.062678    0.679742    0.679742 ^ _3090_/Q (sky130_fd_sc_hd__dfxtp_2)
                                                         u_intf.u_slave.reg_ctrl[23] (net)
                      0.062678    0.000000    0.679742 ^ _1925_/A0 (sky130_fd_sc_hd__mux2_1)
     1    0.001460    0.058025    0.202220    0.881961 ^ _1925_/X (sky130_fd_sc_hd__mux2_1)
                                                         _0398_ (net)
                      0.058025    0.000000    0.881961 ^ _1926_/B (sky130_fd_sc_hd__and2_2)
     1    0.001537    0.058603    0.242225    1.124187 ^ _1926_/X (sky130_fd_sc_hd__and2_2)
                                                         _0204_ (net)
                      0.058603    0.000000    1.124187 ^ _3090_/D (sky130_fd_sc_hd__dfxtp_2)
                                              1.124187   data arrival time

                      0.150000    0.000000    0.000000   clock clk (rise edge)
                                  0.000000    0.000000   clock network delay (ideal)
                                  0.250000    0.250000   clock uncertainty
                                  0.000000    0.250000   clock reconvergence pessimism
                                              0.250000 ^ _3090_/CLK (sky130_fd_sc_hd__dfxtp_2)
                                 -0.056588    0.193412   library hold time
                                              0.193412   data required time
---------------------------------------------------------------------------------------------
                                              0.193412   data required time
                                             -1.124187   data arrival time
---------------------------------------------------------------------------------------------
                                              0.930775   slack (MET)


Startpoint: _3091_ (rising edge-triggered flip-flop clocked by clk)
Endpoint: _3091_ (rising edge-triggered flip-flop clocked by clk)
Path Group: clk
Path Type: min

Fanout         Cap        Slew       Delay        Time   Description
---------------------------------------------------------------------------------------------
                      0.150000    0.000000    0.000000   clock clk (rise edge)
                                  0.000000    0.000000   clock network delay (ideal)
                      0.150000    0.000000    0.000000 ^ _3091_/CLK (sky130_fd_sc_hd__dfxtp_2)
     2    0.003977    0.062678    0.679742    0.679742 ^ _3091_/Q (sky130_fd_sc_hd__dfxtp_2)
                                                         u_intf.u_slave.reg_ctrl[24] (net)
                      0.062678    0.000000    0.679742 ^ _1927_/A0 (sky130_fd_sc_hd__mux2_1)
     1    0.001460    0.058025    0.202220    0.881961 ^ _1927_/X (sky130_fd_sc_hd__mux2_1)
                                                         _0399_ (net)
                      0.058025    0.000000    0.881961 ^ _1928_/B (sky130_fd_sc_hd__and2_2)
     1    0.001537    0.058603    0.242225    1.124187 ^ _1928_/X (sky130_fd_sc_hd__and2_2)
                                                         _0205_ (net)
                      0.058603    0.000000    1.124187 ^ _3091_/D (sky130_fd_sc_hd__dfxtp_2)
                                              1.124187   data arrival time

                      0.150000    0.000000    0.000000   clock clk (rise edge)
                                  0.000000    0.000000   clock network delay (ideal)
                                  0.250000    0.250000   clock uncertainty
                                  0.000000    0.250000   clock reconvergence pessimism
                                              0.250000 ^ _3091_/CLK (sky130_fd_sc_hd__dfxtp_2)
                                 -0.056588    0.193412   library hold time
                                              0.193412   data required time
---------------------------------------------------------------------------------------------
                                              0.193412   data required time
                                             -1.124187   data arrival time
---------------------------------------------------------------------------------------------
                                              0.930775   slack (MET)


Startpoint: _3092_ (rising edge-triggered flip-flop clocked by clk)
Endpoint: _3092_ (rising edge-triggered flip-flop clocked by clk)
Path Group: clk
Path Type: min

Fanout         Cap        Slew       Delay        Time   Description
---------------------------------------------------------------------------------------------
                      0.150000    0.000000    0.000000   clock clk (rise edge)
                                  0.000000    0.000000   clock network delay (ideal)
                      0.150000    0.000000    0.000000 ^ _3092_/CLK (sky130_fd_sc_hd__dfxtp_2)
     2    0.003977    0.062678    0.679742    0.679742 ^ _3092_/Q (sky130_fd_sc_hd__dfxtp_2)
                                                         u_intf.u_slave.reg_ctrl[25] (net)
                      0.062678    0.000000    0.679742 ^ _1929_/A0 (sky130_fd_sc_hd__mux2_1)
     1    0.001460    0.058025    0.202220    0.881961 ^ _1929_/X (sky130_fd_sc_hd__mux2_1)
                                                         _0400_ (net)
                      0.058025    0.000000    0.881961 ^ _1930_/B (sky130_fd_sc_hd__and2_2)
     1    0.001537    0.058603    0.242225    1.124187 ^ _1930_/X (sky130_fd_sc_hd__and2_2)
                                                         _0206_ (net)
                      0.058603    0.000000    1.124187 ^ _3092_/D (sky130_fd_sc_hd__dfxtp_2)
                                              1.124187   data arrival time

                      0.150000    0.000000    0.000000   clock clk (rise edge)
                                  0.000000    0.000000   clock network delay (ideal)
                                  0.250000    0.250000   clock uncertainty
                                  0.000000    0.250000   clock reconvergence pessimism
                                              0.250000 ^ _3092_/CLK (sky130_fd_sc_hd__dfxtp_2)
                                 -0.056588    0.193412   library hold time
                                              0.193412   data required time
---------------------------------------------------------------------------------------------
                                              0.193412   data required time
                                             -1.124187   data arrival time
---------------------------------------------------------------------------------------------
                                              0.930775   slack (MET)


Startpoint: _3093_ (rising edge-triggered flip-flop clocked by clk)
Endpoint: _3093_ (rising edge-triggered flip-flop clocked by clk)
Path Group: clk
Path Type: min

Fanout         Cap        Slew       Delay        Time   Description
---------------------------------------------------------------------------------------------
                      0.150000    0.000000    0.000000   clock clk (rise edge)
                                  0.000000    0.000000   clock network delay (ideal)
                      0.150000    0.000000    0.000000 ^ _3093_/CLK (sky130_fd_sc_hd__dfxtp_2)
     2    0.003977    0.062678    0.679742    0.679742 ^ _3093_/Q (sky130_fd_sc_hd__dfxtp_2)
                                                         u_intf.u_slave.reg_ctrl[26] (net)
                      0.062678    0.000000    0.679742 ^ _1931_/A0 (sky130_fd_sc_hd__mux2_1)
     1    0.001460    0.058025    0.202220    0.881961 ^ _1931_/X (sky130_fd_sc_hd__mux2_1)
                                                         _0401_ (net)
                      0.058025    0.000000    0.881961 ^ _1932_/B (sky130_fd_sc_hd__and2_2)
     1    0.001537    0.058603    0.242225    1.124187 ^ _1932_/X (sky130_fd_sc_hd__and2_2)
                                                         _0207_ (net)
                      0.058603    0.000000    1.124187 ^ _3093_/D (sky130_fd_sc_hd__dfxtp_2)
                                              1.124187   data arrival time

                      0.150000    0.000000    0.000000   clock clk (rise edge)
                                  0.000000    0.000000   clock network delay (ideal)
                                  0.250000    0.250000   clock uncertainty
                                  0.000000    0.250000   clock reconvergence pessimism
                                              0.250000 ^ _3093_/CLK (sky130_fd_sc_hd__dfxtp_2)
                                 -0.056588    0.193412   library hold time
                                              0.193412   data required time
---------------------------------------------------------------------------------------------
                                              0.193412   data required time
                                             -1.124187   data arrival time
---------------------------------------------------------------------------------------------
                                              0.930775   slack (MET)


Startpoint: _3094_ (rising edge-triggered flip-flop clocked by clk)
Endpoint: _3094_ (rising edge-triggered flip-flop clocked by clk)
Path Group: clk
Path Type: min

Fanout         Cap        Slew       Delay        Time   Description
---------------------------------------------------------------------------------------------
                      0.150000    0.000000    0.000000   clock clk (rise edge)
                                  0.000000    0.000000   clock network delay (ideal)
                      0.150000    0.000000    0.000000 ^ _3094_/CLK (sky130_fd_sc_hd__dfxtp_2)
     2    0.003977    0.062678    0.679742    0.679742 ^ _3094_/Q (sky130_fd_sc_hd__dfxtp_2)
                                                         u_intf.u_slave.reg_ctrl[27] (net)
                      0.062678    0.000000    0.679742 ^ _1933_/A0 (sky130_fd_sc_hd__mux2_1)
     1    0.001460    0.058025    0.202220    0.881961 ^ _1933_/X (sky130_fd_sc_hd__mux2_1)
                                                         _0402_ (net)
                      0.058025    0.000000    0.881961 ^ _1934_/B (sky130_fd_sc_hd__and2_2)
     1    0.001537    0.058603    0.242225    1.124187 ^ _1934_/X (sky130_fd_sc_hd__and2_2)
                                                         _0208_ (net)
                      0.058603    0.000000    1.124187 ^ _3094_/D (sky130_fd_sc_hd__dfxtp_2)
                                              1.124187   data arrival time

                      0.150000    0.000000    0.000000   clock clk (rise edge)
                                  0.000000    0.000000   clock network delay (ideal)
                                  0.250000    0.250000   clock uncertainty
                                  0.000000    0.250000   clock reconvergence pessimism
                                              0.250000 ^ _3094_/CLK (sky130_fd_sc_hd__dfxtp_2)
                                 -0.056588    0.193412   library hold time
                                              0.193412   data required time
---------------------------------------------------------------------------------------------
                                              0.193412   data required time
                                             -1.124187   data arrival time
---------------------------------------------------------------------------------------------
                                              0.930775   slack (MET)


Startpoint: _3095_ (rising edge-triggered flip-flop clocked by clk)
Endpoint: _3095_ (rising edge-triggered flip-flop clocked by clk)
Path Group: clk
Path Type: min

Fanout         Cap        Slew       Delay        Time   Description
---------------------------------------------------------------------------------------------
                      0.150000    0.000000    0.000000   clock clk (rise edge)
                                  0.000000    0.000000   clock network delay (ideal)
                      0.150000    0.000000    0.000000 ^ _3095_/CLK (sky130_fd_sc_hd__dfxtp_2)
     2    0.003977    0.062678    0.679742    0.679742 ^ _3095_/Q (sky130_fd_sc_hd__dfxtp_2)
                                                         u_intf.u_slave.reg_ctrl[28] (net)
                      0.062678    0.000000    0.679742 ^ _1935_/A0 (sky130_fd_sc_hd__mux2_1)
     1    0.001460    0.058025    0.202220    0.881961 ^ _1935_/X (sky130_fd_sc_hd__mux2_1)
                                                         _0403_ (net)
                      0.058025    0.000000    0.881961 ^ _1936_/B (sky130_fd_sc_hd__and2_2)
     1    0.001537    0.058603    0.242225    1.124187 ^ _1936_/X (sky130_fd_sc_hd__and2_2)
                                                         _0209_ (net)
                      0.058603    0.000000    1.124187 ^ _3095_/D (sky130_fd_sc_hd__dfxtp_2)
                                              1.124187   data arrival time

                      0.150000    0.000000    0.000000   clock clk (rise edge)
                                  0.000000    0.000000   clock network delay (ideal)
                                  0.250000    0.250000   clock uncertainty
                                  0.000000    0.250000   clock reconvergence pessimism
                                              0.250000 ^ _3095_/CLK (sky130_fd_sc_hd__dfxtp_2)
                                 -0.056588    0.193412   library hold time
                                              0.193412   data required time
---------------------------------------------------------------------------------------------
                                              0.193412   data required time
                                             -1.124187   data arrival time
---------------------------------------------------------------------------------------------
                                              0.930775   slack (MET)


Startpoint: _3096_ (rising edge-triggered flip-flop clocked by clk)
Endpoint: _3096_ (rising edge-triggered flip-flop clocked by clk)
Path Group: clk
Path Type: min

Fanout         Cap        Slew       Delay        Time   Description
---------------------------------------------------------------------------------------------
                      0.150000    0.000000    0.000000   clock clk (rise edge)
                                  0.000000    0.000000   clock network delay (ideal)
                      0.150000    0.000000    0.000000 ^ _3096_/CLK (sky130_fd_sc_hd__dfxtp_2)
     2    0.003977    0.062678    0.679742    0.679742 ^ _3096_/Q (sky130_fd_sc_hd__dfxtp_2)
                                                         u_intf.u_slave.reg_ctrl[29] (net)
                      0.062678    0.000000    0.679742 ^ _1937_/A0 (sky130_fd_sc_hd__mux2_1)
     1    0.001460    0.058025    0.202220    0.881961 ^ _1937_/X (sky130_fd_sc_hd__mux2_1)
                                                         _0404_ (net)
                      0.058025    0.000000    0.881961 ^ _1938_/B (sky130_fd_sc_hd__and2_2)
     1    0.001537    0.058603    0.242225    1.124187 ^ _1938_/X (sky130_fd_sc_hd__and2_2)
                                                         _0210_ (net)
                      0.058603    0.000000    1.124187 ^ _3096_/D (sky130_fd_sc_hd__dfxtp_2)
                                              1.124187   data arrival time

                      0.150000    0.000000    0.000000   clock clk (rise edge)
                                  0.000000    0.000000   clock network delay (ideal)
                                  0.250000    0.250000   clock uncertainty
                                  0.000000    0.250000   clock reconvergence pessimism
                                              0.250000 ^ _3096_/CLK (sky130_fd_sc_hd__dfxtp_2)
                                 -0.056588    0.193412   library hold time
                                              0.193412   data required time
---------------------------------------------------------------------------------------------
                                              0.193412   data required time
                                             -1.124187   data arrival time
---------------------------------------------------------------------------------------------
                                              0.930775   slack (MET)


Startpoint: _3097_ (rising edge-triggered flip-flop clocked by clk)
Endpoint: _3097_ (rising edge-triggered flip-flop clocked by clk)
Path Group: clk
Path Type: min

Fanout         Cap        Slew       Delay        Time   Description
---------------------------------------------------------------------------------------------
                      0.150000    0.000000    0.000000   clock clk (rise edge)
                                  0.000000    0.000000   clock network delay (ideal)
                      0.150000    0.000000    0.000000 ^ _3097_/CLK (sky130_fd_sc_hd__dfxtp_2)
     2    0.003977    0.062678    0.679742    0.679742 ^ _3097_/Q (sky130_fd_sc_hd__dfxtp_2)
                                                         u_intf.u_slave.reg_ctrl[30] (net)
                      0.062678    0.000000    0.679742 ^ _1939_/A0 (sky130_fd_sc_hd__mux2_1)
     1    0.001460    0.058025    0.202220    0.881961 ^ _1939_/X (sky130_fd_sc_hd__mux2_1)
                                                         _0405_ (net)
                      0.058025    0.000000    0.881961 ^ _1940_/B (sky130_fd_sc_hd__and2_2)
     1    0.001537    0.058603    0.242225    1.124187 ^ _1940_/X (sky130_fd_sc_hd__and2_2)
                                                         _0211_ (net)
                      0.058603    0.000000    1.124187 ^ _3097_/D (sky130_fd_sc_hd__dfxtp_2)
                                              1.124187   data arrival time

                      0.150000    0.000000    0.000000   clock clk (rise edge)
                                  0.000000    0.000000   clock network delay (ideal)
                                  0.250000    0.250000   clock uncertainty
                                  0.000000    0.250000   clock reconvergence pessimism
                                              0.250000 ^ _3097_/CLK (sky130_fd_sc_hd__dfxtp_2)
                                 -0.056588    0.193412   library hold time
                                              0.193412   data required time
---------------------------------------------------------------------------------------------
                                              0.193412   data required time
                                             -1.124187   data arrival time
---------------------------------------------------------------------------------------------
                                              0.930775   slack (MET)


Startpoint: _3098_ (rising edge-triggered flip-flop clocked by clk)
Endpoint: _3098_ (rising edge-triggered flip-flop clocked by clk)
Path Group: clk
Path Type: min

Fanout         Cap        Slew       Delay        Time   Description
---------------------------------------------------------------------------------------------
                      0.150000    0.000000    0.000000   clock clk (rise edge)
                                  0.000000    0.000000   clock network delay (ideal)
                      0.150000    0.000000    0.000000 ^ _3098_/CLK (sky130_fd_sc_hd__dfxtp_2)
     2    0.003977    0.062678    0.679742    0.679742 ^ _3098_/Q (sky130_fd_sc_hd__dfxtp_2)
                                                         u_intf.u_slave.reg_ctrl[31] (net)
                      0.062678    0.000000    0.679742 ^ _1941_/A0 (sky130_fd_sc_hd__mux2_1)
     1    0.001460    0.058025    0.202220    0.881961 ^ _1941_/X (sky130_fd_sc_hd__mux2_1)
                                                         _0406_ (net)
                      0.058025    0.000000    0.881961 ^ _1942_/B (sky130_fd_sc_hd__and2_2)
     1    0.001537    0.058603    0.242225    1.124187 ^ _1942_/X (sky130_fd_sc_hd__and2_2)
                                                         _0212_ (net)
                      0.058603    0.000000    1.124187 ^ _3098_/D (sky130_fd_sc_hd__dfxtp_2)
                                              1.124187   data arrival time

                      0.150000    0.000000    0.000000   clock clk (rise edge)
                                  0.000000    0.000000   clock network delay (ideal)
                                  0.250000    0.250000   clock uncertainty
                                  0.000000    0.250000   clock reconvergence pessimism
                                              0.250000 ^ _3098_/CLK (sky130_fd_sc_hd__dfxtp_2)
                                 -0.056588    0.193412   library hold time
                                              0.193412   data required time
---------------------------------------------------------------------------------------------
                                              0.193412   data required time
                                             -1.124187   data arrival time
---------------------------------------------------------------------------------------------
                                              0.930775   slack (MET)


Startpoint: _3073_ (rising edge-triggered flip-flop clocked by clk)
Endpoint: _3073_ (rising edge-triggered flip-flop clocked by clk)
Path Group: clk
Path Type: min

Fanout         Cap        Slew       Delay        Time   Description
---------------------------------------------------------------------------------------------
                      0.150000    0.000000    0.000000   clock clk (rise edge)
                                  0.000000    0.000000   clock network delay (ideal)
                      0.150000    0.000000    0.000000 ^ _3073_/CLK (sky130_fd_sc_hd__dfxtp_2)
     2    0.003983    0.062721    0.679788    0.679788 ^ _3073_/Q (sky130_fd_sc_hd__dfxtp_2)
                                                         u_intf.u_slave.reg_ctrl[6] (net)
                      0.062721    0.000000    0.679788 ^ _1891_/A0 (sky130_fd_sc_hd__mux2_1)
     1    0.001460    0.058025    0.202238    0.882026 ^ _1891_/X (sky130_fd_sc_hd__mux2_1)
                                                         _0381_ (net)
                      0.058025    0.000000    0.882026 ^ _1892_/B (sky130_fd_sc_hd__and2_2)
     1    0.001537    0.058603    0.242225    1.124251 ^ _1892_/X (sky130_fd_sc_hd__and2_2)
                                                         _0187_ (net)
                      0.058603    0.000000    1.124251 ^ _3073_/D (sky130_fd_sc_hd__dfxtp_2)
                                              1.124251   data arrival time

                      0.150000    0.000000    0.000000   clock clk (rise edge)
                                  0.000000    0.000000   clock network delay (ideal)
                                  0.250000    0.250000   clock uncertainty
                                  0.000000    0.250000   clock reconvergence pessimism
                                              0.250000 ^ _3073_/CLK (sky130_fd_sc_hd__dfxtp_2)
                                 -0.056588    0.193412   library hold time
                                              0.193412   data required time
---------------------------------------------------------------------------------------------
                                              0.193412   data required time
                                             -1.124251   data arrival time
---------------------------------------------------------------------------------------------
                                              0.930839   slack (MET)


Startpoint: _3074_ (rising edge-triggered flip-flop clocked by clk)
Endpoint: _3074_ (rising edge-triggered flip-flop clocked by clk)
Path Group: clk
Path Type: min

Fanout         Cap        Slew       Delay        Time   Description
---------------------------------------------------------------------------------------------
                      0.150000    0.000000    0.000000   clock clk (rise edge)
                                  0.000000    0.000000   clock network delay (ideal)
                      0.150000    0.000000    0.000000 ^ _3074_/CLK (sky130_fd_sc_hd__dfxtp_2)
     2    0.003983    0.062721    0.679788    0.679788 ^ _3074_/Q (sky130_fd_sc_hd__dfxtp_2)
                                                         u_intf.u_slave.reg_ctrl[7] (net)
                      0.062721    0.000000    0.679788 ^ _1893_/A0 (sky130_fd_sc_hd__mux2_1)
     1    0.001460    0.058025    0.202238    0.882026 ^ _1893_/X (sky130_fd_sc_hd__mux2_1)
                                                         _0382_ (net)
                      0.058025    0.000000    0.882026 ^ _1894_/B (sky130_fd_sc_hd__and2_2)
     1    0.001537    0.058603    0.242225    1.124251 ^ _1894_/X (sky130_fd_sc_hd__and2_2)
                                                         _0188_ (net)
                      0.058603    0.000000    1.124251 ^ _3074_/D (sky130_fd_sc_hd__dfxtp_2)
                                              1.124251   data arrival time

                      0.150000    0.000000    0.000000   clock clk (rise edge)
                                  0.000000    0.000000   clock network delay (ideal)
                                  0.250000    0.250000   clock uncertainty
                                  0.000000    0.250000   clock reconvergence pessimism
                                              0.250000 ^ _3074_/CLK (sky130_fd_sc_hd__dfxtp_2)
                                 -0.056588    0.193412   library hold time
                                              0.193412   data required time
---------------------------------------------------------------------------------------------
                                              0.193412   data required time
                                             -1.124251   data arrival time
---------------------------------------------------------------------------------------------
                                              0.930839   slack (MET)


Startpoint: _3079_ (rising edge-triggered flip-flop clocked by clk)
Endpoint: _3079_ (rising edge-triggered flip-flop clocked by clk)
Path Group: clk
Path Type: min

Fanout         Cap        Slew       Delay        Time   Description
---------------------------------------------------------------------------------------------
                      0.150000    0.000000    0.000000   clock clk (rise edge)
                                  0.000000    0.000000   clock network delay (ideal)
                      0.150000    0.000000    0.000000 ^ _3079_/CLK (sky130_fd_sc_hd__dfxtp_2)
     2    0.003983    0.062721    0.679788    0.679788 ^ _3079_/Q (sky130_fd_sc_hd__dfxtp_2)
                                                         u_intf.u_slave.reg_ctrl[12] (net)
                      0.062721    0.000000    0.679788 ^ _1903_/A0 (sky130_fd_sc_hd__mux2_1)
     1    0.001460    0.058025    0.202238    0.882026 ^ _1903_/X (sky130_fd_sc_hd__mux2_1)
                                                         _0387_ (net)
                      0.058025    0.000000    0.882026 ^ _1904_/B (sky130_fd_sc_hd__and2_2)
     1    0.001537    0.058603    0.242225    1.124251 ^ _1904_/X (sky130_fd_sc_hd__and2_2)
                                                         _0193_ (net)
                      0.058603    0.000000    1.124251 ^ _3079_/D (sky130_fd_sc_hd__dfxtp_2)
                                              1.124251   data arrival time

                      0.150000    0.000000    0.000000   clock clk (rise edge)
                                  0.000000    0.000000   clock network delay (ideal)
                                  0.250000    0.250000   clock uncertainty
                                  0.000000    0.250000   clock reconvergence pessimism
                                              0.250000 ^ _3079_/CLK (sky130_fd_sc_hd__dfxtp_2)
                                 -0.056588    0.193412   library hold time
                                              0.193412   data required time
---------------------------------------------------------------------------------------------
                                              0.193412   data required time
                                             -1.124251   data arrival time
---------------------------------------------------------------------------------------------
                                              0.930839   slack (MET)


Startpoint: _3067_ (rising edge-triggered flip-flop clocked by clk)
Endpoint: _3067_ (rising edge-triggered flip-flop clocked by clk)
Path Group: clk
Path Type: min

Fanout         Cap        Slew       Delay        Time   Description
---------------------------------------------------------------------------------------------
                      0.150000    0.000000    0.000000   clock clk (rise edge)
                                  0.000000    0.000000   clock network delay (ideal)
                      0.150000    0.000000    0.000000 ^ _3067_/CLK (sky130_fd_sc_hd__dfxtp_2)
     2    0.003998    0.062827    0.679904    0.679904 ^ _3067_/Q (sky130_fd_sc_hd__dfxtp_2)
                                                         u_intf.u_slave.reg_ctrl[0] (net)
                      0.062827    0.000000    0.679904 ^ _1879_/A0 (sky130_fd_sc_hd__mux2_1)
     1    0.001460    0.058025    0.202284    0.882188 ^ _1879_/X (sky130_fd_sc_hd__mux2_1)
                                                         _0375_ (net)
                      0.058025    0.000000    0.882188 ^ _1880_/B (sky130_fd_sc_hd__and2_2)
     1    0.001537    0.058603    0.242226    1.124413 ^ _1880_/X (sky130_fd_sc_hd__and2_2)
                                                         _0181_ (net)
                      0.058603    0.000000    1.124413 ^ _3067_/D (sky130_fd_sc_hd__dfxtp_2)
                                              1.124413   data arrival time

                      0.150000    0.000000    0.000000   clock clk (rise edge)
                                  0.000000    0.000000   clock network delay (ideal)
                                  0.250000    0.250000   clock uncertainty
                                  0.000000    0.250000   clock reconvergence pessimism
                                              0.250000 ^ _3067_/CLK (sky130_fd_sc_hd__dfxtp_2)
                                 -0.056588    0.193412   library hold time
                                              0.193412   data required time
---------------------------------------------------------------------------------------------
                                              0.193412   data required time
                                             -1.124413   data arrival time
---------------------------------------------------------------------------------------------
                                              0.931001   slack (MET)


Startpoint: _3018_ (rising edge-triggered flip-flop clocked by clk)
Endpoint: _3018_ (rising edge-triggered flip-flop clocked by clk)
Path Group: clk
Path Type: min

Fanout         Cap        Slew       Delay        Time   Description
---------------------------------------------------------------------------------------------
                      0.150000    0.000000    0.000000   clock clk (rise edge)
                                  0.000000    0.000000   clock network delay (ideal)
                      0.150000    0.000000    0.000000 ^ _3018_/CLK (sky130_fd_sc_hd__dfxtp_2)
     2    0.004326    0.065143    0.682444    0.682444 ^ _3018_/Q (sky130_fd_sc_hd__dfxtp_2)
                                                         u_intf.u_slave.reg_pixel[15] (net)
                      0.065143    0.000000    0.682444 ^ _1779_/A1 (sky130_fd_sc_hd__mux2_1)
     1    0.001460    0.058064    0.209391    0.891835 ^ _1779_/X (sky130_fd_sc_hd__mux2_1)
                                                         _0324_ (net)
                      0.058064    0.000000    0.891835 ^ _1780_/B (sky130_fd_sc_hd__and2_2)
     1    0.001537    0.058603    0.242242    1.134076 ^ _1780_/X (sky130_fd_sc_hd__and2_2)
                                                         _0132_ (net)
                      0.058603    0.000000    1.134076 ^ _3018_/D (sky130_fd_sc_hd__dfxtp_2)
                                              1.134076   data arrival time

                      0.150000    0.000000    0.000000   clock clk (rise edge)
                                  0.000000    0.000000   clock network delay (ideal)
                                  0.250000    0.250000   clock uncertainty
                                  0.000000    0.250000   clock reconvergence pessimism
                                              0.250000 ^ _3018_/CLK (sky130_fd_sc_hd__dfxtp_2)
                                 -0.056588    0.193412   library hold time
                                              0.193412   data required time
---------------------------------------------------------------------------------------------
                                              0.193412   data required time
                                             -1.134076   data arrival time
---------------------------------------------------------------------------------------------
                                              0.940665   slack (MET)


Startpoint: _3026_ (rising edge-triggered flip-flop clocked by clk)
Endpoint: _3026_ (rising edge-triggered flip-flop clocked by clk)
Path Group: clk
Path Type: min

Fanout         Cap        Slew       Delay        Time   Description
---------------------------------------------------------------------------------------------
                      0.150000    0.000000    0.000000   clock clk (rise edge)
                                  0.000000    0.000000   clock network delay (ideal)
                      0.150000    0.000000    0.000000 ^ _3026_/CLK (sky130_fd_sc_hd__dfxtp_2)
     2    0.004326    0.065143    0.682444    0.682444 ^ _3026_/Q (sky130_fd_sc_hd__dfxtp_2)
                                                         u_intf.u_slave.reg_pixel[23] (net)
                      0.065143    0.000000    0.682444 ^ _1795_/A1 (sky130_fd_sc_hd__mux2_1)
     1    0.001460    0.058064    0.209391    0.891835 ^ _1795_/X (sky130_fd_sc_hd__mux2_1)
                                                         _0332_ (net)
                      0.058064    0.000000    0.891835 ^ _1796_/B (sky130_fd_sc_hd__and2_2)
     1    0.001537    0.058603    0.242242    1.134076 ^ _1796_/X (sky130_fd_sc_hd__and2_2)
                                                         _0140_ (net)
                      0.058603    0.000000    1.134076 ^ _3026_/D (sky130_fd_sc_hd__dfxtp_2)
                                              1.134076   data arrival time

                      0.150000    0.000000    0.000000   clock clk (rise edge)
                                  0.000000    0.000000   clock network delay (ideal)
                                  0.250000    0.250000   clock uncertainty
                                  0.000000    0.250000   clock reconvergence pessimism
                                              0.250000 ^ _3026_/CLK (sky130_fd_sc_hd__dfxtp_2)
                                 -0.056588    0.193412   library hold time
                                              0.193412   data required time
---------------------------------------------------------------------------------------------
                                              0.193412   data required time
                                             -1.134076   data arrival time
---------------------------------------------------------------------------------------------
                                              0.940665   slack (MET)


Startpoint: _3029_ (rising edge-triggered flip-flop clocked by clk)
Endpoint: _3029_ (rising edge-triggered flip-flop clocked by clk)
Path Group: clk
Path Type: min

Fanout         Cap        Slew       Delay        Time   Description
---------------------------------------------------------------------------------------------
                      0.150000    0.000000    0.000000   clock clk (rise edge)
                                  0.000000    0.000000   clock network delay (ideal)
                      0.150000    0.000000    0.000000 ^ _3029_/CLK (sky130_fd_sc_hd__dfxtp_2)
     2    0.004326    0.065143    0.682444    0.682444 ^ _3029_/Q (sky130_fd_sc_hd__dfxtp_2)
                                                         u_intf.u_slave.reg_pixel[26] (net)
                      0.065143    0.000000    0.682444 ^ _1801_/A1 (sky130_fd_sc_hd__mux2_1)
     1    0.001460    0.058064    0.209391    0.891835 ^ _1801_/X (sky130_fd_sc_hd__mux2_1)
                                                         _0335_ (net)
                      0.058064    0.000000    0.891835 ^ _1802_/B (sky130_fd_sc_hd__and2_2)
     1    0.001537    0.058603    0.242242    1.134076 ^ _1802_/X (sky130_fd_sc_hd__and2_2)
                                                         _0143_ (net)
                      0.058603    0.000000    1.134076 ^ _3029_/D (sky130_fd_sc_hd__dfxtp_2)
                                              1.134076   data arrival time

                      0.150000    0.000000    0.000000   clock clk (rise edge)
                                  0.000000    0.000000   clock network delay (ideal)
                                  0.250000    0.250000   clock uncertainty
                                  0.000000    0.250000   clock reconvergence pessimism
                                              0.250000 ^ _3029_/CLK (sky130_fd_sc_hd__dfxtp_2)
                                 -0.056588    0.193412   library hold time
                                              0.193412   data required time
---------------------------------------------------------------------------------------------
                                              0.193412   data required time
                                             -1.134076   data arrival time
---------------------------------------------------------------------------------------------
                                              0.940665   slack (MET)


Startpoint: _3031_ (rising edge-triggered flip-flop clocked by clk)
Endpoint: _3031_ (rising edge-triggered flip-flop clocked by clk)
Path Group: clk
Path Type: min

Fanout         Cap        Slew       Delay        Time   Description
---------------------------------------------------------------------------------------------
                      0.150000    0.000000    0.000000   clock clk (rise edge)
                                  0.000000    0.000000   clock network delay (ideal)
                      0.150000    0.000000    0.000000 ^ _3031_/CLK (sky130_fd_sc_hd__dfxtp_2)
     2    0.004326    0.065143    0.682444    0.682444 ^ _3031_/Q (sky130_fd_sc_hd__dfxtp_2)
                                                         u_intf.u_slave.reg_pixel[28] (net)
                      0.065143    0.000000    0.682444 ^ _1805_/A1 (sky130_fd_sc_hd__mux2_1)
     1    0.001460    0.058064    0.209391    0.891835 ^ _1805_/X (sky130_fd_sc_hd__mux2_1)
                                                         _0337_ (net)
                      0.058064    0.000000    0.891835 ^ _1806_/B (sky130_fd_sc_hd__and2_2)
     1    0.001537    0.058603    0.242242    1.134076 ^ _1806_/X (sky130_fd_sc_hd__and2_2)
                                                         _0145_ (net)
                      0.058603    0.000000    1.134076 ^ _3031_/D (sky130_fd_sc_hd__dfxtp_2)
                                              1.134076   data arrival time

                      0.150000    0.000000    0.000000   clock clk (rise edge)
                                  0.000000    0.000000   clock network delay (ideal)
                                  0.250000    0.250000   clock uncertainty
                                  0.000000    0.250000   clock reconvergence pessimism
                                              0.250000 ^ _3031_/CLK (sky130_fd_sc_hd__dfxtp_2)
                                 -0.056588    0.193412   library hold time
                                              0.193412   data required time
---------------------------------------------------------------------------------------------
                                              0.193412   data required time
                                             -1.134076   data arrival time
---------------------------------------------------------------------------------------------
                                              0.940665   slack (MET)


Startpoint: _3033_ (rising edge-triggered flip-flop clocked by clk)
Endpoint: _3033_ (rising edge-triggered flip-flop clocked by clk)
Path Group: clk
Path Type: min

Fanout         Cap        Slew       Delay        Time   Description
---------------------------------------------------------------------------------------------
                      0.150000    0.000000    0.000000   clock clk (rise edge)
                                  0.000000    0.000000   clock network delay (ideal)
                      0.150000    0.000000    0.000000 ^ _3033_/CLK (sky130_fd_sc_hd__dfxtp_2)
     2    0.004326    0.065143    0.682444    0.682444 ^ _3033_/Q (sky130_fd_sc_hd__dfxtp_2)
                                                         u_intf.u_slave.reg_pixel[30] (net)
                      0.065143    0.000000    0.682444 ^ _1809_/A1 (sky130_fd_sc_hd__mux2_1)
     1    0.001460    0.058064    0.209391    0.891835 ^ _1809_/X (sky130_fd_sc_hd__mux2_1)
                                                         _0339_ (net)
                      0.058064    0.000000    0.891835 ^ _1810_/B (sky130_fd_sc_hd__and2_2)
     1    0.001537    0.058603    0.242242    1.134076 ^ _1810_/X (sky130_fd_sc_hd__and2_2)
                                                         _0147_ (net)
                      0.058603    0.000000    1.134076 ^ _3033_/D (sky130_fd_sc_hd__dfxtp_2)
                                              1.134076   data arrival time

                      0.150000    0.000000    0.000000   clock clk (rise edge)
                                  0.000000    0.000000   clock network delay (ideal)
                                  0.250000    0.250000   clock uncertainty
                                  0.000000    0.250000   clock reconvergence pessimism
                                              0.250000 ^ _3033_/CLK (sky130_fd_sc_hd__dfxtp_2)
                                 -0.056588    0.193412   library hold time
                                              0.193412   data required time
---------------------------------------------------------------------------------------------
                                              0.193412   data required time
                                             -1.134076   data arrival time
---------------------------------------------------------------------------------------------
                                              0.940665   slack (MET)


Startpoint: _3043_ (rising edge-triggered flip-flop clocked by clk)
Endpoint: _3043_ (rising edge-triggered flip-flop clocked by clk)
Path Group: clk
Path Type: min

Fanout         Cap        Slew       Delay        Time   Description
---------------------------------------------------------------------------------------------
                      0.150000    0.000000    0.000000   clock clk (rise edge)
                                  0.000000    0.000000   clock network delay (ideal)
                      0.150000    0.000000    0.000000 ^ _3043_/CLK (sky130_fd_sc_hd__dfxtp_2)
     2    0.004382    0.065539    0.682877    0.682877 ^ _3043_/Q (sky130_fd_sc_hd__dfxtp_2)
                                                         u_intf.u_slave.reg_weight[8] (net)
                      0.065539    0.000000    0.682877 ^ _1830_/A1 (sky130_fd_sc_hd__mux2_1)
     1    0.001460    0.058050    0.209558    0.892436 ^ _1830_/X (sky130_fd_sc_hd__mux2_1)
                                                         _0350_ (net)
                      0.058050    0.000000    0.892436 ^ _1831_/B (sky130_fd_sc_hd__and2_2)
     1    0.001537    0.058603    0.242236    1.134671 ^ _1831_/X (sky130_fd_sc_hd__and2_2)
                                                         _0157_ (net)
                      0.058603    0.000000    1.134671 ^ _3043_/D (sky130_fd_sc_hd__dfxtp_2)
                                              1.134671   data arrival time

                      0.150000    0.000000    0.000000   clock clk (rise edge)
                                  0.000000    0.000000   clock network delay (ideal)
                                  0.250000    0.250000   clock uncertainty
                                  0.000000    0.250000   clock reconvergence pessimism
                                              0.250000 ^ _3043_/CLK (sky130_fd_sc_hd__dfxtp_2)
                                 -0.056588    0.193412   library hold time
                                              0.193412   data required time
---------------------------------------------------------------------------------------------
                                              0.193412   data required time
                                             -1.134671   data arrival time
---------------------------------------------------------------------------------------------
                                              0.941259   slack (MET)


Startpoint: _3045_ (rising edge-triggered flip-flop clocked by clk)
Endpoint: _3045_ (rising edge-triggered flip-flop clocked by clk)
Path Group: clk
Path Type: min

Fanout         Cap        Slew       Delay        Time   Description
---------------------------------------------------------------------------------------------
                      0.150000    0.000000    0.000000   clock clk (rise edge)
                                  0.000000    0.000000   clock network delay (ideal)
                      0.150000    0.000000    0.000000 ^ _3045_/CLK (sky130_fd_sc_hd__dfxtp_2)
     2    0.004382    0.065539    0.682877    0.682877 ^ _3045_/Q (sky130_fd_sc_hd__dfxtp_2)
                                                         u_intf.u_slave.reg_weight[10] (net)
                      0.065539    0.000000    0.682877 ^ _1834_/A1 (sky130_fd_sc_hd__mux2_1)
     1    0.001460    0.058050    0.209558    0.892436 ^ _1834_/X (sky130_fd_sc_hd__mux2_1)
                                                         _0352_ (net)
                      0.058050    0.000000    0.892436 ^ _1835_/B (sky130_fd_sc_hd__and2_2)
     1    0.001537    0.058603    0.242236    1.134671 ^ _1835_/X (sky130_fd_sc_hd__and2_2)
                                                         _0159_ (net)
                      0.058603    0.000000    1.134671 ^ _3045_/D (sky130_fd_sc_hd__dfxtp_2)
                                              1.134671   data arrival time

                      0.150000    0.000000    0.000000   clock clk (rise edge)
                                  0.000000    0.000000   clock network delay (ideal)
                                  0.250000    0.250000   clock uncertainty
                                  0.000000    0.250000   clock reconvergence pessimism
                                              0.250000 ^ _3045_/CLK (sky130_fd_sc_hd__dfxtp_2)
                                 -0.056588    0.193412   library hold time
                                              0.193412   data required time
---------------------------------------------------------------------------------------------
                                              0.193412   data required time
                                             -1.134671   data arrival time
---------------------------------------------------------------------------------------------
                                              0.941259   slack (MET)


Startpoint: _3046_ (rising edge-triggered flip-flop clocked by clk)
Endpoint: _3046_ (rising edge-triggered flip-flop clocked by clk)
Path Group: clk
Path Type: min

Fanout         Cap        Slew       Delay        Time   Description
---------------------------------------------------------------------------------------------
                      0.150000    0.000000    0.000000   clock clk (rise edge)
                                  0.000000    0.000000   clock network delay (ideal)
                      0.150000    0.000000    0.000000 ^ _3046_/CLK (sky130_fd_sc_hd__dfxtp_2)
     2    0.004382    0.065539    0.682877    0.682877 ^ _3046_/Q (sky130_fd_sc_hd__dfxtp_2)
                                                         u_intf.u_slave.reg_weight[11] (net)
                      0.065539    0.000000    0.682877 ^ _1836_/A1 (sky130_fd_sc_hd__mux2_1)
     1    0.001460    0.058050    0.209558    0.892436 ^ _1836_/X (sky130_fd_sc_hd__mux2_1)
                                                         _0353_ (net)
                      0.058050    0.000000    0.892436 ^ _1837_/B (sky130_fd_sc_hd__and2_2)
     1    0.001537    0.058603    0.242236    1.134671 ^ _1837_/X (sky130_fd_sc_hd__and2_2)
                                                         _0160_ (net)
                      0.058603    0.000000    1.134671 ^ _3046_/D (sky130_fd_sc_hd__dfxtp_2)
                                              1.134671   data arrival time

                      0.150000    0.000000    0.000000   clock clk (rise edge)
                                  0.000000    0.000000   clock network delay (ideal)
                                  0.250000    0.250000   clock uncertainty
                                  0.000000    0.250000   clock reconvergence pessimism
                                              0.250000 ^ _3046_/CLK (sky130_fd_sc_hd__dfxtp_2)
                                 -0.056588    0.193412   library hold time
                                              0.193412   data required time
---------------------------------------------------------------------------------------------
                                              0.193412   data required time
                                             -1.134671   data arrival time
---------------------------------------------------------------------------------------------
                                              0.941259   slack (MET)


Startpoint: _3047_ (rising edge-triggered flip-flop clocked by clk)
Endpoint: _3047_ (rising edge-triggered flip-flop clocked by clk)
Path Group: clk
Path Type: min

Fanout         Cap        Slew       Delay        Time   Description
---------------------------------------------------------------------------------------------
                      0.150000    0.000000    0.000000   clock clk (rise edge)
                                  0.000000    0.000000   clock network delay (ideal)
                      0.150000    0.000000    0.000000 ^ _3047_/CLK (sky130_fd_sc_hd__dfxtp_2)
     2    0.004382    0.065539    0.682877    0.682877 ^ _3047_/Q (sky130_fd_sc_hd__dfxtp_2)
                                                         u_intf.u_slave.reg_weight[12] (net)
                      0.065539    0.000000    0.682877 ^ _1838_/A1 (sky130_fd_sc_hd__mux2_1)
     1    0.001460    0.058050    0.209558    0.892436 ^ _1838_/X (sky130_fd_sc_hd__mux2_1)
                                                         _0354_ (net)
                      0.058050    0.000000    0.892436 ^ _1839_/B (sky130_fd_sc_hd__and2_2)
     1    0.001537    0.058603    0.242236    1.134671 ^ _1839_/X (sky130_fd_sc_hd__and2_2)
                                                         _0161_ (net)
                      0.058603    0.000000    1.134671 ^ _3047_/D (sky130_fd_sc_hd__dfxtp_2)
                                              1.134671   data arrival time

                      0.150000    0.000000    0.000000   clock clk (rise edge)
                                  0.000000    0.000000   clock network delay (ideal)
                                  0.250000    0.250000   clock uncertainty
                                  0.000000    0.250000   clock reconvergence pessimism
                                              0.250000 ^ _3047_/CLK (sky130_fd_sc_hd__dfxtp_2)
                                 -0.056588    0.193412   library hold time
                                              0.193412   data required time
---------------------------------------------------------------------------------------------
                                              0.193412   data required time
                                             -1.134671   data arrival time
---------------------------------------------------------------------------------------------
                                              0.941259   slack (MET)


Startpoint: _3048_ (rising edge-triggered flip-flop clocked by clk)
Endpoint: _3048_ (rising edge-triggered flip-flop clocked by clk)
Path Group: clk
Path Type: min

Fanout         Cap        Slew       Delay        Time   Description
---------------------------------------------------------------------------------------------
                      0.150000    0.000000    0.000000   clock clk (rise edge)
                                  0.000000    0.000000   clock network delay (ideal)
                      0.150000    0.000000    0.000000 ^ _3048_/CLK (sky130_fd_sc_hd__dfxtp_2)
     2    0.004382    0.065539    0.682877    0.682877 ^ _3048_/Q (sky130_fd_sc_hd__dfxtp_2)
                                                         u_intf.u_slave.reg_weight[13] (net)
                      0.065539    0.000000    0.682877 ^ _1840_/A1 (sky130_fd_sc_hd__mux2_1)
     1    0.001460    0.058050    0.209558    0.892436 ^ _1840_/X (sky130_fd_sc_hd__mux2_1)
                                                         _0355_ (net)
                      0.058050    0.000000    0.892436 ^ _1841_/B (sky130_fd_sc_hd__and2_2)
     1    0.001537    0.058603    0.242236    1.134671 ^ _1841_/X (sky130_fd_sc_hd__and2_2)
                                                         _0162_ (net)
                      0.058603    0.000000    1.134671 ^ _3048_/D (sky130_fd_sc_hd__dfxtp_2)
                                              1.134671   data arrival time

                      0.150000    0.000000    0.000000   clock clk (rise edge)
                                  0.000000    0.000000   clock network delay (ideal)
                                  0.250000    0.250000   clock uncertainty
                                  0.000000    0.250000   clock reconvergence pessimism
                                              0.250000 ^ _3048_/CLK (sky130_fd_sc_hd__dfxtp_2)
                                 -0.056588    0.193412   library hold time
                                              0.193412   data required time
---------------------------------------------------------------------------------------------
                                              0.193412   data required time
                                             -1.134671   data arrival time
---------------------------------------------------------------------------------------------
                                              0.941259   slack (MET)


Startpoint: _3049_ (rising edge-triggered flip-flop clocked by clk)
Endpoint: _3049_ (rising edge-triggered flip-flop clocked by clk)
Path Group: clk
Path Type: min

Fanout         Cap        Slew       Delay        Time   Description
---------------------------------------------------------------------------------------------
                      0.150000    0.000000    0.000000   clock clk (rise edge)
                                  0.000000    0.000000   clock network delay (ideal)
                      0.150000    0.000000    0.000000 ^ _3049_/CLK (sky130_fd_sc_hd__dfxtp_2)
     2    0.004382    0.065539    0.682877    0.682877 ^ _3049_/Q (sky130_fd_sc_hd__dfxtp_2)
                                                         u_intf.u_slave.reg_weight[14] (net)
                      0.065539    0.000000    0.682877 ^ _1842_/A1 (sky130_fd_sc_hd__mux2_1)
     1    0.001460    0.058050    0.209558    0.892436 ^ _1842_/X (sky130_fd_sc_hd__mux2_1)
                                                         _0356_ (net)
                      0.058050    0.000000    0.892436 ^ _1843_/B (sky130_fd_sc_hd__and2_2)
     1    0.001537    0.058603    0.242236    1.134671 ^ _1843_/X (sky130_fd_sc_hd__and2_2)
                                                         _0163_ (net)
                      0.058603    0.000000    1.134671 ^ _3049_/D (sky130_fd_sc_hd__dfxtp_2)
                                              1.134671   data arrival time

                      0.150000    0.000000    0.000000   clock clk (rise edge)
                                  0.000000    0.000000   clock network delay (ideal)
                                  0.250000    0.250000   clock uncertainty
                                  0.000000    0.250000   clock reconvergence pessimism
                                              0.250000 ^ _3049_/CLK (sky130_fd_sc_hd__dfxtp_2)
                                 -0.056588    0.193412   library hold time
                                              0.193412   data required time
---------------------------------------------------------------------------------------------
                                              0.193412   data required time
                                             -1.134671   data arrival time
---------------------------------------------------------------------------------------------
                                              0.941259   slack (MET)


Startpoint: _3050_ (rising edge-triggered flip-flop clocked by clk)
Endpoint: _3050_ (rising edge-triggered flip-flop clocked by clk)
Path Group: clk
Path Type: min

Fanout         Cap        Slew       Delay        Time   Description
---------------------------------------------------------------------------------------------
                      0.150000    0.000000    0.000000   clock clk (rise edge)
                                  0.000000    0.000000   clock network delay (ideal)
                      0.150000    0.000000    0.000000 ^ _3050_/CLK (sky130_fd_sc_hd__dfxtp_2)
     2    0.004382    0.065539    0.682877    0.682877 ^ _3050_/Q (sky130_fd_sc_hd__dfxtp_2)
                                                         u_intf.u_slave.reg_weight[15] (net)
                      0.065539    0.000000    0.682877 ^ _1844_/A1 (sky130_fd_sc_hd__mux2_1)
     1    0.001460    0.058050    0.209558    0.892436 ^ _1844_/X (sky130_fd_sc_hd__mux2_1)
                                                         _0357_ (net)
                      0.058050    0.000000    0.892436 ^ _1845_/B (sky130_fd_sc_hd__and2_2)
     1    0.001537    0.058603    0.242236    1.134671 ^ _1845_/X (sky130_fd_sc_hd__and2_2)
                                                         _0164_ (net)
                      0.058603    0.000000    1.134671 ^ _3050_/D (sky130_fd_sc_hd__dfxtp_2)
                                              1.134671   data arrival time

                      0.150000    0.000000    0.000000   clock clk (rise edge)
                                  0.000000    0.000000   clock network delay (ideal)
                                  0.250000    0.250000   clock uncertainty
                                  0.000000    0.250000   clock reconvergence pessimism
                                              0.250000 ^ _3050_/CLK (sky130_fd_sc_hd__dfxtp_2)
                                 -0.056588    0.193412   library hold time
                                              0.193412   data required time
---------------------------------------------------------------------------------------------
                                              0.193412   data required time
                                             -1.134671   data arrival time
---------------------------------------------------------------------------------------------
                                              0.941259   slack (MET)


Startpoint: _3052_ (rising edge-triggered flip-flop clocked by clk)
Endpoint: _3052_ (rising edge-triggered flip-flop clocked by clk)
Path Group: clk
Path Type: min

Fanout         Cap        Slew       Delay        Time   Description
---------------------------------------------------------------------------------------------
                      0.150000    0.000000    0.000000   clock clk (rise edge)
                                  0.000000    0.000000   clock network delay (ideal)
                      0.150000    0.000000    0.000000 ^ _3052_/CLK (sky130_fd_sc_hd__dfxtp_2)
     2    0.004382    0.065539    0.682877    0.682877 ^ _3052_/Q (sky130_fd_sc_hd__dfxtp_2)
                                                         u_intf.u_slave.reg_weight[17] (net)
                      0.065539    0.000000    0.682877 ^ _1848_/A1 (sky130_fd_sc_hd__mux2_1)
     1    0.001460    0.058050    0.209558    0.892436 ^ _1848_/X (sky130_fd_sc_hd__mux2_1)
                                                         _0359_ (net)
                      0.058050    0.000000    0.892436 ^ _1849_/B (sky130_fd_sc_hd__and2_2)
     1    0.001537    0.058603    0.242236    1.134671 ^ _1849_/X (sky130_fd_sc_hd__and2_2)
                                                         _0166_ (net)
                      0.058603    0.000000    1.134671 ^ _3052_/D (sky130_fd_sc_hd__dfxtp_2)
                                              1.134671   data arrival time

                      0.150000    0.000000    0.000000   clock clk (rise edge)
                                  0.000000    0.000000   clock network delay (ideal)
                                  0.250000    0.250000   clock uncertainty
                                  0.000000    0.250000   clock reconvergence pessimism
                                              0.250000 ^ _3052_/CLK (sky130_fd_sc_hd__dfxtp_2)
                                 -0.056588    0.193412   library hold time
                                              0.193412   data required time
---------------------------------------------------------------------------------------------
                                              0.193412   data required time
                                             -1.134671   data arrival time
---------------------------------------------------------------------------------------------
                                              0.941259   slack (MET)


Startpoint: _3055_ (rising edge-triggered flip-flop clocked by clk)
Endpoint: _3055_ (rising edge-triggered flip-flop clocked by clk)
Path Group: clk
Path Type: min

Fanout         Cap        Slew       Delay        Time   Description
---------------------------------------------------------------------------------------------
                      0.150000    0.000000    0.000000   clock clk (rise edge)
                                  0.000000    0.000000   clock network delay (ideal)
                      0.150000    0.000000    0.000000 ^ _3055_/CLK (sky130_fd_sc_hd__dfxtp_2)
     2    0.004382    0.065539    0.682877    0.682877 ^ _3055_/Q (sky130_fd_sc_hd__dfxtp_2)
                                                         u_intf.u_slave.reg_weight[20] (net)
                      0.065539    0.000000    0.682877 ^ _1854_/A1 (sky130_fd_sc_hd__mux2_1)
     1    0.001460    0.058050    0.209558    0.892436 ^ _1854_/X (sky130_fd_sc_hd__mux2_1)
                                                         _0362_ (net)
                      0.058050    0.000000    0.892436 ^ _1855_/B (sky130_fd_sc_hd__and2_2)
     1    0.001537    0.058603    0.242236    1.134671 ^ _1855_/X (sky130_fd_sc_hd__and2_2)
                                                         _0169_ (net)
                      0.058603    0.000000    1.134671 ^ _3055_/D (sky130_fd_sc_hd__dfxtp_2)
                                              1.134671   data arrival time

                      0.150000    0.000000    0.000000   clock clk (rise edge)
                                  0.000000    0.000000   clock network delay (ideal)
                                  0.250000    0.250000   clock uncertainty
                                  0.000000    0.250000   clock reconvergence pessimism
                                              0.250000 ^ _3055_/CLK (sky130_fd_sc_hd__dfxtp_2)
                                 -0.056588    0.193412   library hold time
                                              0.193412   data required time
---------------------------------------------------------------------------------------------
                                              0.193412   data required time
                                             -1.134671   data arrival time
---------------------------------------------------------------------------------------------
                                              0.941259   slack (MET)


Startpoint: _3057_ (rising edge-triggered flip-flop clocked by clk)
Endpoint: _3057_ (rising edge-triggered flip-flop clocked by clk)
Path Group: clk
Path Type: min

Fanout         Cap        Slew       Delay        Time   Description
---------------------------------------------------------------------------------------------
                      0.150000    0.000000    0.000000   clock clk (rise edge)
                                  0.000000    0.000000   clock network delay (ideal)
                      0.150000    0.000000    0.000000 ^ _3057_/CLK (sky130_fd_sc_hd__dfxtp_2)
     2    0.004382    0.065539    0.682877    0.682877 ^ _3057_/Q (sky130_fd_sc_hd__dfxtp_2)
                                                         u_intf.u_slave.reg_weight[22] (net)
                      0.065539    0.000000    0.682877 ^ _1858_/A1 (sky130_fd_sc_hd__mux2_1)
     1    0.001460    0.058050    0.209558    0.892436 ^ _1858_/X (sky130_fd_sc_hd__mux2_1)
                                                         _0364_ (net)
                      0.058050    0.000000    0.892436 ^ _1859_/B (sky130_fd_sc_hd__and2_2)
     1    0.001537    0.058603    0.242236    1.134671 ^ _1859_/X (sky130_fd_sc_hd__and2_2)
                                                         _0171_ (net)
                      0.058603    0.000000    1.134671 ^ _3057_/D (sky130_fd_sc_hd__dfxtp_2)
                                              1.134671   data arrival time

                      0.150000    0.000000    0.000000   clock clk (rise edge)
                                  0.000000    0.000000   clock network delay (ideal)
                                  0.250000    0.250000   clock uncertainty
                                  0.000000    0.250000   clock reconvergence pessimism
                                              0.250000 ^ _3057_/CLK (sky130_fd_sc_hd__dfxtp_2)
                                 -0.056588    0.193412   library hold time
                                              0.193412   data required time
---------------------------------------------------------------------------------------------
                                              0.193412   data required time
                                             -1.134671   data arrival time
---------------------------------------------------------------------------------------------
                                              0.941259   slack (MET)


Startpoint: _3058_ (rising edge-triggered flip-flop clocked by clk)
Endpoint: _3058_ (rising edge-triggered flip-flop clocked by clk)
Path Group: clk
Path Type: min

Fanout         Cap        Slew       Delay        Time   Description
---------------------------------------------------------------------------------------------
                      0.150000    0.000000    0.000000   clock clk (rise edge)
                                  0.000000    0.000000   clock network delay (ideal)
                      0.150000    0.000000    0.000000 ^ _3058_/CLK (sky130_fd_sc_hd__dfxtp_2)
     2    0.004382    0.065539    0.682877    0.682877 ^ _3058_/Q (sky130_fd_sc_hd__dfxtp_2)
                                                         u_intf.u_slave.reg_weight[23] (net)
                      0.065539    0.000000    0.682877 ^ _1860_/A1 (sky130_fd_sc_hd__mux2_1)
     1    0.001460    0.058050    0.209558    0.892436 ^ _1860_/X (sky130_fd_sc_hd__mux2_1)
                                                         _0365_ (net)
                      0.058050    0.000000    0.892436 ^ _1861_/B (sky130_fd_sc_hd__and2_2)
     1    0.001537    0.058603    0.242236    1.134671 ^ _1861_/X (sky130_fd_sc_hd__and2_2)
                                                         _0172_ (net)
                      0.058603    0.000000    1.134671 ^ _3058_/D (sky130_fd_sc_hd__dfxtp_2)
                                              1.134671   data arrival time

                      0.150000    0.000000    0.000000   clock clk (rise edge)
                                  0.000000    0.000000   clock network delay (ideal)
                                  0.250000    0.250000   clock uncertainty
                                  0.000000    0.250000   clock reconvergence pessimism
                                              0.250000 ^ _3058_/CLK (sky130_fd_sc_hd__dfxtp_2)
                                 -0.056588    0.193412   library hold time
                                              0.193412   data required time
---------------------------------------------------------------------------------------------
                                              0.193412   data required time
                                             -1.134671   data arrival time
---------------------------------------------------------------------------------------------
                                              0.941259   slack (MET)


Startpoint: _3059_ (rising edge-triggered flip-flop clocked by clk)
Endpoint: _3059_ (rising edge-triggered flip-flop clocked by clk)
Path Group: clk
Path Type: min

Fanout         Cap        Slew       Delay        Time   Description
---------------------------------------------------------------------------------------------
                      0.150000    0.000000    0.000000   clock clk (rise edge)
                                  0.000000    0.000000   clock network delay (ideal)
                      0.150000    0.000000    0.000000 ^ _3059_/CLK (sky130_fd_sc_hd__dfxtp_2)
     2    0.004382    0.065539    0.682877    0.682877 ^ _3059_/Q (sky130_fd_sc_hd__dfxtp_2)
                                                         u_intf.u_slave.reg_weight[24] (net)
                      0.065539    0.000000    0.682877 ^ _1862_/A1 (sky130_fd_sc_hd__mux2_1)
     1    0.001460    0.058050    0.209558    0.892436 ^ _1862_/X (sky130_fd_sc_hd__mux2_1)
                                                         _0366_ (net)
                      0.058050    0.000000    0.892436 ^ _1863_/B (sky130_fd_sc_hd__and2_2)
     1    0.001537    0.058603    0.242236    1.134671 ^ _1863_/X (sky130_fd_sc_hd__and2_2)
                                                         _0173_ (net)
                      0.058603    0.000000    1.134671 ^ _3059_/D (sky130_fd_sc_hd__dfxtp_2)
                                              1.134671   data arrival time

                      0.150000    0.000000    0.000000   clock clk (rise edge)
                                  0.000000    0.000000   clock network delay (ideal)
                                  0.250000    0.250000   clock uncertainty
                                  0.000000    0.250000   clock reconvergence pessimism
                                              0.250000 ^ _3059_/CLK (sky130_fd_sc_hd__dfxtp_2)
                                 -0.056588    0.193412   library hold time
                                              0.193412   data required time
---------------------------------------------------------------------------------------------
                                              0.193412   data required time
                                             -1.134671   data arrival time
---------------------------------------------------------------------------------------------
                                              0.941259   slack (MET)


Startpoint: _3061_ (rising edge-triggered flip-flop clocked by clk)
Endpoint: _3061_ (rising edge-triggered flip-flop clocked by clk)
Path Group: clk
Path Type: min

Fanout         Cap        Slew       Delay        Time   Description
---------------------------------------------------------------------------------------------
                      0.150000    0.000000    0.000000   clock clk (rise edge)
                                  0.000000    0.000000   clock network delay (ideal)
                      0.150000    0.000000    0.000000 ^ _3061_/CLK (sky130_fd_sc_hd__dfxtp_2)
     2    0.004382    0.065539    0.682877    0.682877 ^ _3061_/Q (sky130_fd_sc_hd__dfxtp_2)
                                                         u_intf.u_slave.reg_weight[26] (net)
                      0.065539    0.000000    0.682877 ^ _1866_/A1 (sky130_fd_sc_hd__mux2_1)
     1    0.001460    0.058050    0.209558    0.892436 ^ _1866_/X (sky130_fd_sc_hd__mux2_1)
                                                         _0368_ (net)
                      0.058050    0.000000    0.892436 ^ _1867_/B (sky130_fd_sc_hd__and2_2)
     1    0.001537    0.058603    0.242236    1.134671 ^ _1867_/X (sky130_fd_sc_hd__and2_2)
                                                         _0175_ (net)
                      0.058603    0.000000    1.134671 ^ _3061_/D (sky130_fd_sc_hd__dfxtp_2)
                                              1.134671   data arrival time

                      0.150000    0.000000    0.000000   clock clk (rise edge)
                                  0.000000    0.000000   clock network delay (ideal)
                                  0.250000    0.250000   clock uncertainty
                                  0.000000    0.250000   clock reconvergence pessimism
                                              0.250000 ^ _3061_/CLK (sky130_fd_sc_hd__dfxtp_2)
                                 -0.056588    0.193412   library hold time
                                              0.193412   data required time
---------------------------------------------------------------------------------------------
                                              0.193412   data required time
                                             -1.134671   data arrival time
---------------------------------------------------------------------------------------------
                                              0.941259   slack (MET)


Startpoint: _3062_ (rising edge-triggered flip-flop clocked by clk)
Endpoint: _3062_ (rising edge-triggered flip-flop clocked by clk)
Path Group: clk
Path Type: min

Fanout         Cap        Slew       Delay        Time   Description
---------------------------------------------------------------------------------------------
                      0.150000    0.000000    0.000000   clock clk (rise edge)
                                  0.000000    0.000000   clock network delay (ideal)
                      0.150000    0.000000    0.000000 ^ _3062_/CLK (sky130_fd_sc_hd__dfxtp_2)
     2    0.004382    0.065539    0.682877    0.682877 ^ _3062_/Q (sky130_fd_sc_hd__dfxtp_2)
                                                         u_intf.u_slave.reg_weight[27] (net)
                      0.065539    0.000000    0.682877 ^ _1868_/A1 (sky130_fd_sc_hd__mux2_1)
     1    0.001460    0.058050    0.209558    0.892436 ^ _1868_/X (sky130_fd_sc_hd__mux2_1)
                                                         _0369_ (net)
                      0.058050    0.000000    0.892436 ^ _1869_/B (sky130_fd_sc_hd__and2_2)
     1    0.001537    0.058603    0.242236    1.134671 ^ _1869_/X (sky130_fd_sc_hd__and2_2)
                                                         _0176_ (net)
                      0.058603    0.000000    1.134671 ^ _3062_/D (sky130_fd_sc_hd__dfxtp_2)
                                              1.134671   data arrival time

                      0.150000    0.000000    0.000000   clock clk (rise edge)
                                  0.000000    0.000000   clock network delay (ideal)
                                  0.250000    0.250000   clock uncertainty
                                  0.000000    0.250000   clock reconvergence pessimism
                                              0.250000 ^ _3062_/CLK (sky130_fd_sc_hd__dfxtp_2)
                                 -0.056588    0.193412   library hold time
                                              0.193412   data required time
---------------------------------------------------------------------------------------------
                                              0.193412   data required time
                                             -1.134671   data arrival time
---------------------------------------------------------------------------------------------
                                              0.941259   slack (MET)


Startpoint: _3063_ (rising edge-triggered flip-flop clocked by clk)
Endpoint: _3063_ (rising edge-triggered flip-flop clocked by clk)
Path Group: clk
Path Type: min

Fanout         Cap        Slew       Delay        Time   Description
---------------------------------------------------------------------------------------------
                      0.150000    0.000000    0.000000   clock clk (rise edge)
                                  0.000000    0.000000   clock network delay (ideal)
                      0.150000    0.000000    0.000000 ^ _3063_/CLK (sky130_fd_sc_hd__dfxtp_2)
     2    0.004382    0.065539    0.682877    0.682877 ^ _3063_/Q (sky130_fd_sc_hd__dfxtp_2)
                                                         u_intf.u_slave.reg_weight[28] (net)
                      0.065539    0.000000    0.682877 ^ _1870_/A1 (sky130_fd_sc_hd__mux2_1)
     1    0.001460    0.058050    0.209558    0.892436 ^ _1870_/X (sky130_fd_sc_hd__mux2_1)
                                                         _0370_ (net)
                      0.058050    0.000000    0.892436 ^ _1871_/B (sky130_fd_sc_hd__and2_2)
     1    0.001537    0.058603    0.242236    1.134671 ^ _1871_/X (sky130_fd_sc_hd__and2_2)
                                                         _0177_ (net)
                      0.058603    0.000000    1.134671 ^ _3063_/D (sky130_fd_sc_hd__dfxtp_2)
                                              1.134671   data arrival time

                      0.150000    0.000000    0.000000   clock clk (rise edge)
                                  0.000000    0.000000   clock network delay (ideal)
                                  0.250000    0.250000   clock uncertainty
                                  0.000000    0.250000   clock reconvergence pessimism
                                              0.250000 ^ _3063_/CLK (sky130_fd_sc_hd__dfxtp_2)
                                 -0.056588    0.193412   library hold time
                                              0.193412   data required time
---------------------------------------------------------------------------------------------
                                              0.193412   data required time
                                             -1.134671   data arrival time
---------------------------------------------------------------------------------------------
                                              0.941259   slack (MET)


Startpoint: _3064_ (rising edge-triggered flip-flop clocked by clk)
Endpoint: _3064_ (rising edge-triggered flip-flop clocked by clk)
Path Group: clk
Path Type: min

Fanout         Cap        Slew       Delay        Time   Description
---------------------------------------------------------------------------------------------
                      0.150000    0.000000    0.000000   clock clk (rise edge)
                                  0.000000    0.000000   clock network delay (ideal)
                      0.150000    0.000000    0.000000 ^ _3064_/CLK (sky130_fd_sc_hd__dfxtp_2)
     2    0.004382    0.065539    0.682877    0.682877 ^ _3064_/Q (sky130_fd_sc_hd__dfxtp_2)
                                                         u_intf.u_slave.reg_weight[29] (net)
                      0.065539    0.000000    0.682877 ^ _1872_/A1 (sky130_fd_sc_hd__mux2_1)
     1    0.001460    0.058050    0.209558    0.892436 ^ _1872_/X (sky130_fd_sc_hd__mux2_1)
                                                         _0371_ (net)
                      0.058050    0.000000    0.892436 ^ _1873_/B (sky130_fd_sc_hd__and2_2)
     1    0.001537    0.058603    0.242236    1.134671 ^ _1873_/X (sky130_fd_sc_hd__and2_2)
                                                         _0178_ (net)
                      0.058603    0.000000    1.134671 ^ _3064_/D (sky130_fd_sc_hd__dfxtp_2)
                                              1.134671   data arrival time

                      0.150000    0.000000    0.000000   clock clk (rise edge)
                                  0.000000    0.000000   clock network delay (ideal)
                                  0.250000    0.250000   clock uncertainty
                                  0.000000    0.250000   clock reconvergence pessimism
                                              0.250000 ^ _3064_/CLK (sky130_fd_sc_hd__dfxtp_2)
                                 -0.056588    0.193412   library hold time
                                              0.193412   data required time
---------------------------------------------------------------------------------------------
                                              0.193412   data required time
                                             -1.134671   data arrival time
---------------------------------------------------------------------------------------------
                                              0.941259   slack (MET)


Startpoint: _3065_ (rising edge-triggered flip-flop clocked by clk)
Endpoint: _3065_ (rising edge-triggered flip-flop clocked by clk)
Path Group: clk
Path Type: min

Fanout         Cap        Slew       Delay        Time   Description
---------------------------------------------------------------------------------------------
                      0.150000    0.000000    0.000000   clock clk (rise edge)
                                  0.000000    0.000000   clock network delay (ideal)
                      0.150000    0.000000    0.000000 ^ _3065_/CLK (sky130_fd_sc_hd__dfxtp_2)
     2    0.004382    0.065539    0.682877    0.682877 ^ _3065_/Q (sky130_fd_sc_hd__dfxtp_2)
                                                         u_intf.u_slave.reg_weight[30] (net)
                      0.065539    0.000000    0.682877 ^ _1874_/A1 (sky130_fd_sc_hd__mux2_1)
     1    0.001460    0.058050    0.209558    0.892436 ^ _1874_/X (sky130_fd_sc_hd__mux2_1)
                                                         _0372_ (net)
                      0.058050    0.000000    0.892436 ^ _1875_/B (sky130_fd_sc_hd__and2_2)
     1    0.001537    0.058603    0.242236    1.134671 ^ _1875_/X (sky130_fd_sc_hd__and2_2)
                                                         _0179_ (net)
                      0.058603    0.000000    1.134671 ^ _3065_/D (sky130_fd_sc_hd__dfxtp_2)
                                              1.134671   data arrival time

                      0.150000    0.000000    0.000000   clock clk (rise edge)
                                  0.000000    0.000000   clock network delay (ideal)
                                  0.250000    0.250000   clock uncertainty
                                  0.000000    0.250000   clock reconvergence pessimism
                                              0.250000 ^ _3065_/CLK (sky130_fd_sc_hd__dfxtp_2)
                                 -0.056588    0.193412   library hold time
                                              0.193412   data required time
---------------------------------------------------------------------------------------------
                                              0.193412   data required time
                                             -1.134671   data arrival time
---------------------------------------------------------------------------------------------
                                              0.941259   slack (MET)


Startpoint: _3012_ (rising edge-triggered flip-flop clocked by clk)
Endpoint: _3012_ (rising edge-triggered flip-flop clocked by clk)
Path Group: clk
Path Type: min

Fanout         Cap        Slew       Delay        Time   Description
---------------------------------------------------------------------------------------------
                      0.150000    0.000000    0.000000   clock clk (rise edge)
                                  0.000000    0.000000   clock network delay (ideal)
                      0.150000    0.000000    0.000000 ^ _3012_/CLK (sky130_fd_sc_hd__dfxtp_2)
     2    0.004382    0.065539    0.682877    0.682877 ^ _3012_/Q (sky130_fd_sc_hd__dfxtp_2)
                                                         u_intf.u_slave.reg_pixel[9] (net)
                      0.065539    0.000000    0.682877 ^ _1767_/A1 (sky130_fd_sc_hd__mux2_1)
     1    0.001460    0.058064    0.209558    0.892436 ^ _1767_/X (sky130_fd_sc_hd__mux2_1)
                                                         _0318_ (net)
                      0.058064    0.000000    0.892436 ^ _1768_/B (sky130_fd_sc_hd__and2_2)
     1    0.001537    0.058603    0.242241    1.134677 ^ _1768_/X (sky130_fd_sc_hd__and2_2)
                                                         _0126_ (net)
                      0.058603    0.000000    1.134677 ^ _3012_/D (sky130_fd_sc_hd__dfxtp_2)
                                              1.134677   data arrival time

                      0.150000    0.000000    0.000000   clock clk (rise edge)
                                  0.000000    0.000000   clock network delay (ideal)
                                  0.250000    0.250000   clock uncertainty
                                  0.000000    0.250000   clock reconvergence pessimism
                                              0.250000 ^ _3012_/CLK (sky130_fd_sc_hd__dfxtp_2)
                                 -0.056588    0.193412   library hold time
                                              0.193412   data required time
---------------------------------------------------------------------------------------------
                                              0.193412   data required time
                                             -1.134677   data arrival time
---------------------------------------------------------------------------------------------
                                              0.941265   slack (MET)


Startpoint: _3019_ (rising edge-triggered flip-flop clocked by clk)
Endpoint: _3019_ (rising edge-triggered flip-flop clocked by clk)
Path Group: clk
Path Type: min

Fanout         Cap        Slew       Delay        Time   Description
---------------------------------------------------------------------------------------------
                      0.150000    0.000000    0.000000   clock clk (rise edge)
                                  0.000000    0.000000   clock network delay (ideal)
                      0.150000    0.000000    0.000000 ^ _3019_/CLK (sky130_fd_sc_hd__dfxtp_2)
     2    0.004382    0.065539    0.682877    0.682877 ^ _3019_/Q (sky130_fd_sc_hd__dfxtp_2)
                                                         u_intf.u_slave.reg_pixel[16] (net)
                      0.065539    0.000000    0.682877 ^ _1781_/A1 (sky130_fd_sc_hd__mux2_1)
     1    0.001460    0.058064    0.209558    0.892436 ^ _1781_/X (sky130_fd_sc_hd__mux2_1)
                                                         _0325_ (net)
                      0.058064    0.000000    0.892436 ^ _1782_/B (sky130_fd_sc_hd__and2_2)
     1    0.001537    0.058603    0.242241    1.134677 ^ _1782_/X (sky130_fd_sc_hd__and2_2)
                                                         _0133_ (net)
                      0.058603    0.000000    1.134677 ^ _3019_/D (sky130_fd_sc_hd__dfxtp_2)
                                              1.134677   data arrival time

                      0.150000    0.000000    0.000000   clock clk (rise edge)
                                  0.000000    0.000000   clock network delay (ideal)
                                  0.250000    0.250000   clock uncertainty
                                  0.000000    0.250000   clock reconvergence pessimism
                                              0.250000 ^ _3019_/CLK (sky130_fd_sc_hd__dfxtp_2)
                                 -0.056588    0.193412   library hold time
                                              0.193412   data required time
---------------------------------------------------------------------------------------------
                                              0.193412   data required time
                                             -1.134677   data arrival time
---------------------------------------------------------------------------------------------
                                              0.941265   slack (MET)


Startpoint: _3021_ (rising edge-triggered flip-flop clocked by clk)
Endpoint: _3021_ (rising edge-triggered flip-flop clocked by clk)
Path Group: clk
Path Type: min

Fanout         Cap        Slew       Delay        Time   Description
---------------------------------------------------------------------------------------------
                      0.150000    0.000000    0.000000   clock clk (rise edge)
                                  0.000000    0.000000   clock network delay (ideal)
                      0.150000    0.000000    0.000000 ^ _3021_/CLK (sky130_fd_sc_hd__dfxtp_2)
     2    0.004382    0.065539    0.682877    0.682877 ^ _3021_/Q (sky130_fd_sc_hd__dfxtp_2)
                                                         u_intf.u_slave.reg_pixel[18] (net)
                      0.065539    0.000000    0.682877 ^ _1785_/A1 (sky130_fd_sc_hd__mux2_1)
     1    0.001460    0.058064    0.209558    0.892436 ^ _1785_/X (sky130_fd_sc_hd__mux2_1)
                                                         _0327_ (net)
                      0.058064    0.000000    0.892436 ^ _1786_/B (sky130_fd_sc_hd__and2_2)
     1    0.001537    0.058603    0.242241    1.134677 ^ _1786_/X (sky130_fd_sc_hd__and2_2)
                                                         _0135_ (net)
                      0.058603    0.000000    1.134677 ^ _3021_/D (sky130_fd_sc_hd__dfxtp_2)
                                              1.134677   data arrival time

                      0.150000    0.000000    0.000000   clock clk (rise edge)
                                  0.000000    0.000000   clock network delay (ideal)
                                  0.250000    0.250000   clock uncertainty
                                  0.000000    0.250000   clock reconvergence pessimism
                                              0.250000 ^ _3021_/CLK (sky130_fd_sc_hd__dfxtp_2)
                                 -0.056588    0.193412   library hold time
                                              0.193412   data required time
---------------------------------------------------------------------------------------------
                                              0.193412   data required time
                                             -1.134677   data arrival time
---------------------------------------------------------------------------------------------
                                              0.941265   slack (MET)


Startpoint: _3022_ (rising edge-triggered flip-flop clocked by clk)
Endpoint: _3022_ (rising edge-triggered flip-flop clocked by clk)
Path Group: clk
Path Type: min

Fanout         Cap        Slew       Delay        Time   Description
---------------------------------------------------------------------------------------------
                      0.150000    0.000000    0.000000   clock clk (rise edge)
                                  0.000000    0.000000   clock network delay (ideal)
                      0.150000    0.000000    0.000000 ^ _3022_/CLK (sky130_fd_sc_hd__dfxtp_2)
     2    0.004382    0.065539    0.682877    0.682877 ^ _3022_/Q (sky130_fd_sc_hd__dfxtp_2)
                                                         u_intf.u_slave.reg_pixel[19] (net)
                      0.065539    0.000000    0.682877 ^ _1787_/A1 (sky130_fd_sc_hd__mux2_1)
     1    0.001460    0.058064    0.209558    0.892436 ^ _1787_/X (sky130_fd_sc_hd__mux2_1)
                                                         _0328_ (net)
                      0.058064    0.000000    0.892436 ^ _1788_/B (sky130_fd_sc_hd__and2_2)
     1    0.001537    0.058603    0.242241    1.134677 ^ _1788_/X (sky130_fd_sc_hd__and2_2)
                                                         _0136_ (net)
                      0.058603    0.000000    1.134677 ^ _3022_/D (sky130_fd_sc_hd__dfxtp_2)
                                              1.134677   data arrival time

                      0.150000    0.000000    0.000000   clock clk (rise edge)
                                  0.000000    0.000000   clock network delay (ideal)
                                  0.250000    0.250000   clock uncertainty
                                  0.000000    0.250000   clock reconvergence pessimism
                                              0.250000 ^ _3022_/CLK (sky130_fd_sc_hd__dfxtp_2)
                                 -0.056588    0.193412   library hold time
                                              0.193412   data required time
---------------------------------------------------------------------------------------------
                                              0.193412   data required time
                                             -1.134677   data arrival time
---------------------------------------------------------------------------------------------
                                              0.941265   slack (MET)


Startpoint: _3024_ (rising edge-triggered flip-flop clocked by clk)
Endpoint: _3024_ (rising edge-triggered flip-flop clocked by clk)
Path Group: clk
Path Type: min

Fanout         Cap        Slew       Delay        Time   Description
---------------------------------------------------------------------------------------------
                      0.150000    0.000000    0.000000   clock clk (rise edge)
                                  0.000000    0.000000   clock network delay (ideal)
                      0.150000    0.000000    0.000000 ^ _3024_/CLK (sky130_fd_sc_hd__dfxtp_2)
     2    0.004382    0.065539    0.682877    0.682877 ^ _3024_/Q (sky130_fd_sc_hd__dfxtp_2)
                                                         u_intf.u_slave.reg_pixel[21] (net)
                      0.065539    0.000000    0.682877 ^ _1791_/A1 (sky130_fd_sc_hd__mux2_1)
     1    0.001460    0.058064    0.209558    0.892436 ^ _1791_/X (sky130_fd_sc_hd__mux2_1)
                                                         _0330_ (net)
                      0.058064    0.000000    0.892436 ^ _1792_/B (sky130_fd_sc_hd__and2_2)
     1    0.001537    0.058603    0.242241    1.134677 ^ _1792_/X (sky130_fd_sc_hd__and2_2)
                                                         _0138_ (net)
                      0.058603    0.000000    1.134677 ^ _3024_/D (sky130_fd_sc_hd__dfxtp_2)
                                              1.134677   data arrival time

                      0.150000    0.000000    0.000000   clock clk (rise edge)
                                  0.000000    0.000000   clock network delay (ideal)
                                  0.250000    0.250000   clock uncertainty
                                  0.000000    0.250000   clock reconvergence pessimism
                                              0.250000 ^ _3024_/CLK (sky130_fd_sc_hd__dfxtp_2)
                                 -0.056588    0.193412   library hold time
                                              0.193412   data required time
---------------------------------------------------------------------------------------------
                                              0.193412   data required time
                                             -1.134677   data arrival time
---------------------------------------------------------------------------------------------
                                              0.941265   slack (MET)


Startpoint: _3028_ (rising edge-triggered flip-flop clocked by clk)
Endpoint: _3028_ (rising edge-triggered flip-flop clocked by clk)
Path Group: clk
Path Type: min

Fanout         Cap        Slew       Delay        Time   Description
---------------------------------------------------------------------------------------------
                      0.150000    0.000000    0.000000   clock clk (rise edge)
                                  0.000000    0.000000   clock network delay (ideal)
                      0.150000    0.000000    0.000000 ^ _3028_/CLK (sky130_fd_sc_hd__dfxtp_2)
     2    0.004382    0.065539    0.682877    0.682877 ^ _3028_/Q (sky130_fd_sc_hd__dfxtp_2)
                                                         u_intf.u_slave.reg_pixel[25] (net)
                      0.065539    0.000000    0.682877 ^ _1799_/A1 (sky130_fd_sc_hd__mux2_1)
     1    0.001460    0.058064    0.209558    0.892436 ^ _1799_/X (sky130_fd_sc_hd__mux2_1)
                                                         _0334_ (net)
                      0.058064    0.000000    0.892436 ^ _1800_/B (sky130_fd_sc_hd__and2_2)
     1    0.001537    0.058603    0.242241    1.134677 ^ _1800_/X (sky130_fd_sc_hd__and2_2)
                                                         _0142_ (net)
                      0.058603    0.000000    1.134677 ^ _3028_/D (sky130_fd_sc_hd__dfxtp_2)
                                              1.134677   data arrival time

                      0.150000    0.000000    0.000000   clock clk (rise edge)
                                  0.000000    0.000000   clock network delay (ideal)
                                  0.250000    0.250000   clock uncertainty
                                  0.000000    0.250000   clock reconvergence pessimism
                                              0.250000 ^ _3028_/CLK (sky130_fd_sc_hd__dfxtp_2)
                                 -0.056588    0.193412   library hold time
                                              0.193412   data required time
---------------------------------------------------------------------------------------------
                                              0.193412   data required time
                                             -1.134677   data arrival time
---------------------------------------------------------------------------------------------
                                              0.941265   slack (MET)


Startpoint: _3034_ (rising edge-triggered flip-flop clocked by clk)
Endpoint: _3034_ (rising edge-triggered flip-flop clocked by clk)
Path Group: clk
Path Type: min

Fanout         Cap        Slew       Delay        Time   Description
---------------------------------------------------------------------------------------------
                      0.150000    0.000000    0.000000   clock clk (rise edge)
                                  0.000000    0.000000   clock network delay (ideal)
                      0.150000    0.000000    0.000000 ^ _3034_/CLK (sky130_fd_sc_hd__dfxtp_2)
     2    0.004382    0.065539    0.682877    0.682877 ^ _3034_/Q (sky130_fd_sc_hd__dfxtp_2)
                                                         u_intf.u_slave.reg_pixel[31] (net)
                      0.065539    0.000000    0.682877 ^ _1811_/A1 (sky130_fd_sc_hd__mux2_1)
     1    0.001460    0.058064    0.209558    0.892436 ^ _1811_/X (sky130_fd_sc_hd__mux2_1)
                                                         _0340_ (net)
                      0.058064    0.000000    0.892436 ^ _1812_/B (sky130_fd_sc_hd__and2_2)
     1    0.001537    0.058603    0.242241    1.134677 ^ _1812_/X (sky130_fd_sc_hd__and2_2)
                                                         _0148_ (net)
                      0.058603    0.000000    1.134677 ^ _3034_/D (sky130_fd_sc_hd__dfxtp_2)
                                              1.134677   data arrival time

                      0.150000    0.000000    0.000000   clock clk (rise edge)
                                  0.000000    0.000000   clock network delay (ideal)
                                  0.250000    0.250000   clock uncertainty
                                  0.000000    0.250000   clock reconvergence pessimism
                                              0.250000 ^ _3034_/CLK (sky130_fd_sc_hd__dfxtp_2)
                                 -0.056588    0.193412   library hold time
                                              0.193412   data required time
---------------------------------------------------------------------------------------------
                                              0.193412   data required time
                                             -1.134677   data arrival time
---------------------------------------------------------------------------------------------
                                              0.941265   slack (MET)


Startpoint: _3044_ (rising edge-triggered flip-flop clocked by clk)
Endpoint: _3044_ (rising edge-triggered flip-flop clocked by clk)
Path Group: clk
Path Type: min

Fanout         Cap        Slew       Delay        Time   Description
---------------------------------------------------------------------------------------------
                      0.150000    0.000000    0.000000   clock clk (rise edge)
                                  0.000000    0.000000   clock network delay (ideal)
                      0.150000    0.000000    0.000000 ^ _3044_/CLK (sky130_fd_sc_hd__dfxtp_2)
     2    0.004421    0.065814    0.683179    0.683179 ^ _3044_/Q (sky130_fd_sc_hd__dfxtp_2)
                                                         u_intf.u_slave.reg_weight[9] (net)
                      0.065814    0.000000    0.683179 ^ _1832_/A1 (sky130_fd_sc_hd__mux2_1)
     1    0.001460    0.058050    0.209675    0.892854 ^ _1832_/X (sky130_fd_sc_hd__mux2_1)
                                                         _0351_ (net)
                      0.058050    0.000000    0.892854 ^ _1833_/B (sky130_fd_sc_hd__and2_2)
     1    0.001537    0.058603    0.242236    1.135090 ^ _1833_/X (sky130_fd_sc_hd__and2_2)
                                                         _0158_ (net)
                      0.058603    0.000000    1.135090 ^ _3044_/D (sky130_fd_sc_hd__dfxtp_2)
                                              1.135090   data arrival time

                      0.150000    0.000000    0.000000   clock clk (rise edge)
                                  0.000000    0.000000   clock network delay (ideal)
                                  0.250000    0.250000   clock uncertainty
                                  0.000000    0.250000   clock reconvergence pessimism
                                              0.250000 ^ _3044_/CLK (sky130_fd_sc_hd__dfxtp_2)
                                 -0.056588    0.193412   library hold time
                                              0.193412   data required time
---------------------------------------------------------------------------------------------
                                              0.193412   data required time
                                             -1.135090   data arrival time
---------------------------------------------------------------------------------------------
                                              0.941678   slack (MET)


Startpoint: _3051_ (rising edge-triggered flip-flop clocked by clk)
Endpoint: _3051_ (rising edge-triggered flip-flop clocked by clk)
Path Group: clk
Path Type: min

Fanout         Cap        Slew       Delay        Time   Description
---------------------------------------------------------------------------------------------
                      0.150000    0.000000    0.000000   clock clk (rise edge)
                                  0.000000    0.000000   clock network delay (ideal)
                      0.150000    0.000000    0.000000 ^ _3051_/CLK (sky130_fd_sc_hd__dfxtp_2)
     2    0.004421    0.065814    0.683179    0.683179 ^ _3051_/Q (sky130_fd_sc_hd__dfxtp_2)
                                                         u_intf.u_slave.reg_weight[16] (net)
                      0.065814    0.000000    0.683179 ^ _1846_/A1 (sky130_fd_sc_hd__mux2_1)
     1    0.001460    0.058050    0.209675    0.892854 ^ _1846_/X (sky130_fd_sc_hd__mux2_1)
                                                         _0358_ (net)
                      0.058050    0.000000    0.892854 ^ _1847_/B (sky130_fd_sc_hd__and2_2)
     1    0.001537    0.058603    0.242236    1.135090 ^ _1847_/X (sky130_fd_sc_hd__and2_2)
                                                         _0165_ (net)
                      0.058603    0.000000    1.135090 ^ _3051_/D (sky130_fd_sc_hd__dfxtp_2)
                                              1.135090   data arrival time

                      0.150000    0.000000    0.000000   clock clk (rise edge)
                                  0.000000    0.000000   clock network delay (ideal)
                                  0.250000    0.250000   clock uncertainty
                                  0.000000    0.250000   clock reconvergence pessimism
                                              0.250000 ^ _3051_/CLK (sky130_fd_sc_hd__dfxtp_2)
                                 -0.056588    0.193412   library hold time
                                              0.193412   data required time
---------------------------------------------------------------------------------------------
                                              0.193412   data required time
                                             -1.135090   data arrival time
---------------------------------------------------------------------------------------------
                                              0.941678   slack (MET)


Startpoint: _3053_ (rising edge-triggered flip-flop clocked by clk)
Endpoint: _3053_ (rising edge-triggered flip-flop clocked by clk)
Path Group: clk
Path Type: min

Fanout         Cap        Slew       Delay        Time   Description
---------------------------------------------------------------------------------------------
                      0.150000    0.000000    0.000000   clock clk (rise edge)
                                  0.000000    0.000000   clock network delay (ideal)
                      0.150000    0.000000    0.000000 ^ _3053_/CLK (sky130_fd_sc_hd__dfxtp_2)
     2    0.004421    0.065814    0.683179    0.683179 ^ _3053_/Q (sky130_fd_sc_hd__dfxtp_2)
                                                         u_intf.u_slave.reg_weight[18] (net)
                      0.065814    0.000000    0.683179 ^ _1850_/A1 (sky130_fd_sc_hd__mux2_1)
     1    0.001460    0.058050    0.209675    0.892854 ^ _1850_/X (sky130_fd_sc_hd__mux2_1)
                                                         _0360_ (net)
                      0.058050    0.000000    0.892854 ^ _1851_/B (sky130_fd_sc_hd__and2_2)
     1    0.001537    0.058603    0.242236    1.135090 ^ _1851_/X (sky130_fd_sc_hd__and2_2)
                                                         _0167_ (net)
                      0.058603    0.000000    1.135090 ^ _3053_/D (sky130_fd_sc_hd__dfxtp_2)
                                              1.135090   data arrival time

                      0.150000    0.000000    0.000000   clock clk (rise edge)
                                  0.000000    0.000000   clock network delay (ideal)
                                  0.250000    0.250000   clock uncertainty
                                  0.000000    0.250000   clock reconvergence pessimism
                                              0.250000 ^ _3053_/CLK (sky130_fd_sc_hd__dfxtp_2)
                                 -0.056588    0.193412   library hold time
                                              0.193412   data required time
---------------------------------------------------------------------------------------------
                                              0.193412   data required time
                                             -1.135090   data arrival time
---------------------------------------------------------------------------------------------
                                              0.941678   slack (MET)


Startpoint: _3054_ (rising edge-triggered flip-flop clocked by clk)
Endpoint: _3054_ (rising edge-triggered flip-flop clocked by clk)
Path Group: clk
Path Type: min

Fanout         Cap        Slew       Delay        Time   Description
---------------------------------------------------------------------------------------------
                      0.150000    0.000000    0.000000   clock clk (rise edge)
                                  0.000000    0.000000   clock network delay (ideal)
                      0.150000    0.000000    0.000000 ^ _3054_/CLK (sky130_fd_sc_hd__dfxtp_2)
     2    0.004421    0.065814    0.683179    0.683179 ^ _3054_/Q (sky130_fd_sc_hd__dfxtp_2)
                                                         u_intf.u_slave.reg_weight[19] (net)
                      0.065814    0.000000    0.683179 ^ _1852_/A1 (sky130_fd_sc_hd__mux2_1)
     1    0.001460    0.058050    0.209675    0.892854 ^ _1852_/X (sky130_fd_sc_hd__mux2_1)
                                                         _0361_ (net)
                      0.058050    0.000000    0.892854 ^ _1853_/B (sky130_fd_sc_hd__and2_2)
     1    0.001537    0.058603    0.242236    1.135090 ^ _1853_/X (sky130_fd_sc_hd__and2_2)
                                                         _0168_ (net)
                      0.058603    0.000000    1.135090 ^ _3054_/D (sky130_fd_sc_hd__dfxtp_2)
                                              1.135090   data arrival time

                      0.150000    0.000000    0.000000   clock clk (rise edge)
                                  0.000000    0.000000   clock network delay (ideal)
                                  0.250000    0.250000   clock uncertainty
                                  0.000000    0.250000   clock reconvergence pessimism
                                              0.250000 ^ _3054_/CLK (sky130_fd_sc_hd__dfxtp_2)
                                 -0.056588    0.193412   library hold time
                                              0.193412   data required time
---------------------------------------------------------------------------------------------
                                              0.193412   data required time
                                             -1.135090   data arrival time
---------------------------------------------------------------------------------------------
                                              0.941678   slack (MET)


Startpoint: _3056_ (rising edge-triggered flip-flop clocked by clk)
Endpoint: _3056_ (rising edge-triggered flip-flop clocked by clk)
Path Group: clk
Path Type: min

Fanout         Cap        Slew       Delay        Time   Description
---------------------------------------------------------------------------------------------
                      0.150000    0.000000    0.000000   clock clk (rise edge)
                                  0.000000    0.000000   clock network delay (ideal)
                      0.150000    0.000000    0.000000 ^ _3056_/CLK (sky130_fd_sc_hd__dfxtp_2)
     2    0.004421    0.065814    0.683179    0.683179 ^ _3056_/Q (sky130_fd_sc_hd__dfxtp_2)
                                                         u_intf.u_slave.reg_weight[21] (net)
                      0.065814    0.000000    0.683179 ^ _1856_/A1 (sky130_fd_sc_hd__mux2_1)
     1    0.001460    0.058050    0.209675    0.892854 ^ _1856_/X (sky130_fd_sc_hd__mux2_1)
                                                         _0363_ (net)
                      0.058050    0.000000    0.892854 ^ _1857_/B (sky130_fd_sc_hd__and2_2)
     1    0.001537    0.058603    0.242236    1.135090 ^ _1857_/X (sky130_fd_sc_hd__and2_2)
                                                         _0170_ (net)
                      0.058603    0.000000    1.135090 ^ _3056_/D (sky130_fd_sc_hd__dfxtp_2)
                                              1.135090   data arrival time

                      0.150000    0.000000    0.000000   clock clk (rise edge)
                                  0.000000    0.000000   clock network delay (ideal)
                                  0.250000    0.250000   clock uncertainty
                                  0.000000    0.250000   clock reconvergence pessimism
                                              0.250000 ^ _3056_/CLK (sky130_fd_sc_hd__dfxtp_2)
                                 -0.056588    0.193412   library hold time
                                              0.193412   data required time
---------------------------------------------------------------------------------------------
                                              0.193412   data required time
                                             -1.135090   data arrival time
---------------------------------------------------------------------------------------------
                                              0.941678   slack (MET)


Startpoint: _3060_ (rising edge-triggered flip-flop clocked by clk)
Endpoint: _3060_ (rising edge-triggered flip-flop clocked by clk)
Path Group: clk
Path Type: min

Fanout         Cap        Slew       Delay        Time   Description
---------------------------------------------------------------------------------------------
                      0.150000    0.000000    0.000000   clock clk (rise edge)
                                  0.000000    0.000000   clock network delay (ideal)
                      0.150000    0.000000    0.000000 ^ _3060_/CLK (sky130_fd_sc_hd__dfxtp_2)
     2    0.004421    0.065814    0.683179    0.683179 ^ _3060_/Q (sky130_fd_sc_hd__dfxtp_2)
                                                         u_intf.u_slave.reg_weight[25] (net)
                      0.065814    0.000000    0.683179 ^ _1864_/A1 (sky130_fd_sc_hd__mux2_1)
     1    0.001460    0.058050    0.209675    0.892854 ^ _1864_/X (sky130_fd_sc_hd__mux2_1)
                                                         _0367_ (net)
                      0.058050    0.000000    0.892854 ^ _1865_/B (sky130_fd_sc_hd__and2_2)
     1    0.001537    0.058603    0.242236    1.135090 ^ _1865_/X (sky130_fd_sc_hd__and2_2)
                                                         _0174_ (net)
                      0.058603    0.000000    1.135090 ^ _3060_/D (sky130_fd_sc_hd__dfxtp_2)
                                              1.135090   data arrival time

                      0.150000    0.000000    0.000000   clock clk (rise edge)
                                  0.000000    0.000000   clock network delay (ideal)
                                  0.250000    0.250000   clock uncertainty
                                  0.000000    0.250000   clock reconvergence pessimism
                                              0.250000 ^ _3060_/CLK (sky130_fd_sc_hd__dfxtp_2)
                                 -0.056588    0.193412   library hold time
                                              0.193412   data required time
---------------------------------------------------------------------------------------------
                                              0.193412   data required time
                                             -1.135090   data arrival time
---------------------------------------------------------------------------------------------
                                              0.941678   slack (MET)


Startpoint: _3066_ (rising edge-triggered flip-flop clocked by clk)
Endpoint: _3066_ (rising edge-triggered flip-flop clocked by clk)
Path Group: clk
Path Type: min

Fanout         Cap        Slew       Delay        Time   Description
---------------------------------------------------------------------------------------------
                      0.150000    0.000000    0.000000   clock clk (rise edge)
                                  0.000000    0.000000   clock network delay (ideal)
                      0.150000    0.000000    0.000000 ^ _3066_/CLK (sky130_fd_sc_hd__dfxtp_2)
     2    0.004421    0.065814    0.683179    0.683179 ^ _3066_/Q (sky130_fd_sc_hd__dfxtp_2)
                                                         u_intf.u_slave.reg_weight[31] (net)
                      0.065814    0.000000    0.683179 ^ _1876_/A1 (sky130_fd_sc_hd__mux2_1)
     1    0.001460    0.058050    0.209675    0.892854 ^ _1876_/X (sky130_fd_sc_hd__mux2_1)
                                                         _0373_ (net)
                      0.058050    0.000000    0.892854 ^ _1877_/B (sky130_fd_sc_hd__and2_2)
     1    0.001537    0.058603    0.242236    1.135090 ^ _1877_/X (sky130_fd_sc_hd__and2_2)
                                                         _0180_ (net)
                      0.058603    0.000000    1.135090 ^ _3066_/D (sky130_fd_sc_hd__dfxtp_2)
                                              1.135090   data arrival time

                      0.150000    0.000000    0.000000   clock clk (rise edge)
                                  0.000000    0.000000   clock network delay (ideal)
                                  0.250000    0.250000   clock uncertainty
                                  0.000000    0.250000   clock reconvergence pessimism
                                              0.250000 ^ _3066_/CLK (sky130_fd_sc_hd__dfxtp_2)
                                 -0.056588    0.193412   library hold time
                                              0.193412   data required time
---------------------------------------------------------------------------------------------
                                              0.193412   data required time
                                             -1.135090   data arrival time
---------------------------------------------------------------------------------------------
                                              0.941678   slack (MET)


Startpoint: _3011_ (rising edge-triggered flip-flop clocked by clk)
Endpoint: _3011_ (rising edge-triggered flip-flop clocked by clk)
Path Group: clk
Path Type: min

Fanout         Cap        Slew       Delay        Time   Description
---------------------------------------------------------------------------------------------
                      0.150000    0.000000    0.000000   clock clk (rise edge)
                                  0.000000    0.000000   clock network delay (ideal)
                      0.150000    0.000000    0.000000 ^ _3011_/CLK (sky130_fd_sc_hd__dfxtp_2)
     2    0.004421    0.065814    0.683179    0.683179 ^ _3011_/Q (sky130_fd_sc_hd__dfxtp_2)
                                                         u_intf.u_slave.reg_pixel[8] (net)
                      0.065814    0.000000    0.683179 ^ _1765_/A1 (sky130_fd_sc_hd__mux2_1)
     1    0.001460    0.058064    0.209675    0.892854 ^ _1765_/X (sky130_fd_sc_hd__mux2_1)
                                                         _0317_ (net)
                      0.058064    0.000000    0.892854 ^ _1766_/B (sky130_fd_sc_hd__and2_2)
     1    0.001537    0.058603    0.242242    1.135095 ^ _1766_/X (sky130_fd_sc_hd__and2_2)
                                                         _0125_ (net)
                      0.058603    0.000000    1.135095 ^ _3011_/D (sky130_fd_sc_hd__dfxtp_2)
                                              1.135095   data arrival time

                      0.150000    0.000000    0.000000   clock clk (rise edge)
                                  0.000000    0.000000   clock network delay (ideal)
                                  0.250000    0.250000   clock uncertainty
                                  0.000000    0.250000   clock reconvergence pessimism
                                              0.250000 ^ _3011_/CLK (sky130_fd_sc_hd__dfxtp_2)
                                 -0.056588    0.193412   library hold time
                                              0.193412   data required time
---------------------------------------------------------------------------------------------
                                              0.193412   data required time
                                             -1.135095   data arrival time
---------------------------------------------------------------------------------------------
                                              0.941684   slack (MET)


Startpoint: _3013_ (rising edge-triggered flip-flop clocked by clk)
Endpoint: _3013_ (rising edge-triggered flip-flop clocked by clk)
Path Group: clk
Path Type: min

Fanout         Cap        Slew       Delay        Time   Description
---------------------------------------------------------------------------------------------
                      0.150000    0.000000    0.000000   clock clk (rise edge)
                                  0.000000    0.000000   clock network delay (ideal)
                      0.150000    0.000000    0.000000 ^ _3013_/CLK (sky130_fd_sc_hd__dfxtp_2)
     2    0.004421    0.065814    0.683179    0.683179 ^ _3013_/Q (sky130_fd_sc_hd__dfxtp_2)
                                                         u_intf.u_slave.reg_pixel[10] (net)
                      0.065814    0.000000    0.683179 ^ _1769_/A1 (sky130_fd_sc_hd__mux2_1)
     1    0.001460    0.058064    0.209675    0.892854 ^ _1769_/X (sky130_fd_sc_hd__mux2_1)
                                                         _0319_ (net)
                      0.058064    0.000000    0.892854 ^ _1770_/B (sky130_fd_sc_hd__and2_2)
     1    0.001537    0.058603    0.242242    1.135095 ^ _1770_/X (sky130_fd_sc_hd__and2_2)
                                                         _0127_ (net)
                      0.058603    0.000000    1.135095 ^ _3013_/D (sky130_fd_sc_hd__dfxtp_2)
                                              1.135095   data arrival time

                      0.150000    0.000000    0.000000   clock clk (rise edge)
                                  0.000000    0.000000   clock network delay (ideal)
                                  0.250000    0.250000   clock uncertainty
                                  0.000000    0.250000   clock reconvergence pessimism
                                              0.250000 ^ _3013_/CLK (sky130_fd_sc_hd__dfxtp_2)
                                 -0.056588    0.193412   library hold time
                                              0.193412   data required time
---------------------------------------------------------------------------------------------
                                              0.193412   data required time
                                             -1.135095   data arrival time
---------------------------------------------------------------------------------------------
                                              0.941684   slack (MET)


Startpoint: _3014_ (rising edge-triggered flip-flop clocked by clk)
Endpoint: _3014_ (rising edge-triggered flip-flop clocked by clk)
Path Group: clk
Path Type: min

Fanout         Cap        Slew       Delay        Time   Description
---------------------------------------------------------------------------------------------
                      0.150000    0.000000    0.000000   clock clk (rise edge)
                                  0.000000    0.000000   clock network delay (ideal)
                      0.150000    0.000000    0.000000 ^ _3014_/CLK (sky130_fd_sc_hd__dfxtp_2)
     2    0.004421    0.065814    0.683179    0.683179 ^ _3014_/Q (sky130_fd_sc_hd__dfxtp_2)
                                                         u_intf.u_slave.reg_pixel[11] (net)
                      0.065814    0.000000    0.683179 ^ _1771_/A1 (sky130_fd_sc_hd__mux2_1)
     1    0.001460    0.058064    0.209675    0.892854 ^ _1771_/X (sky130_fd_sc_hd__mux2_1)
                                                         _0320_ (net)
                      0.058064    0.000000    0.892854 ^ _1772_/B (sky130_fd_sc_hd__and2_2)
     1    0.001537    0.058603    0.242242    1.135095 ^ _1772_/X (sky130_fd_sc_hd__and2_2)
                                                         _0128_ (net)
                      0.058603    0.000000    1.135095 ^ _3014_/D (sky130_fd_sc_hd__dfxtp_2)
                                              1.135095   data arrival time

                      0.150000    0.000000    0.000000   clock clk (rise edge)
                                  0.000000    0.000000   clock network delay (ideal)
                                  0.250000    0.250000   clock uncertainty
                                  0.000000    0.250000   clock reconvergence pessimism
                                              0.250000 ^ _3014_/CLK (sky130_fd_sc_hd__dfxtp_2)
                                 -0.056588    0.193412   library hold time
                                              0.193412   data required time
---------------------------------------------------------------------------------------------
                                              0.193412   data required time
                                             -1.135095   data arrival time
---------------------------------------------------------------------------------------------
                                              0.941684   slack (MET)


Startpoint: _3015_ (rising edge-triggered flip-flop clocked by clk)
Endpoint: _3015_ (rising edge-triggered flip-flop clocked by clk)
Path Group: clk
Path Type: min

Fanout         Cap        Slew       Delay        Time   Description
---------------------------------------------------------------------------------------------
                      0.150000    0.000000    0.000000   clock clk (rise edge)
                                  0.000000    0.000000   clock network delay (ideal)
                      0.150000    0.000000    0.000000 ^ _3015_/CLK (sky130_fd_sc_hd__dfxtp_2)
     2    0.004421    0.065814    0.683179    0.683179 ^ _3015_/Q (sky130_fd_sc_hd__dfxtp_2)
                                                         u_intf.u_slave.reg_pixel[12] (net)
                      0.065814    0.000000    0.683179 ^ _1773_/A1 (sky130_fd_sc_hd__mux2_1)
     1    0.001460    0.058064    0.209675    0.892854 ^ _1773_/X (sky130_fd_sc_hd__mux2_1)
                                                         _0321_ (net)
                      0.058064    0.000000    0.892854 ^ _1774_/B (sky130_fd_sc_hd__and2_2)
     1    0.001537    0.058603    0.242242    1.135095 ^ _1774_/X (sky130_fd_sc_hd__and2_2)
                                                         _0129_ (net)
                      0.058603    0.000000    1.135095 ^ _3015_/D (sky130_fd_sc_hd__dfxtp_2)
                                              1.135095   data arrival time

                      0.150000    0.000000    0.000000   clock clk (rise edge)
                                  0.000000    0.000000   clock network delay (ideal)
                                  0.250000    0.250000   clock uncertainty
                                  0.000000    0.250000   clock reconvergence pessimism
                                              0.250000 ^ _3015_/CLK (sky130_fd_sc_hd__dfxtp_2)
                                 -0.056588    0.193412   library hold time
                                              0.193412   data required time
---------------------------------------------------------------------------------------------
                                              0.193412   data required time
                                             -1.135095   data arrival time
---------------------------------------------------------------------------------------------
                                              0.941684   slack (MET)


Startpoint: _3016_ (rising edge-triggered flip-flop clocked by clk)
Endpoint: _3016_ (rising edge-triggered flip-flop clocked by clk)
Path Group: clk
Path Type: min

Fanout         Cap        Slew       Delay        Time   Description
---------------------------------------------------------------------------------------------
                      0.150000    0.000000    0.000000   clock clk (rise edge)
                                  0.000000    0.000000   clock network delay (ideal)
                      0.150000    0.000000    0.000000 ^ _3016_/CLK (sky130_fd_sc_hd__dfxtp_2)
     2    0.004421    0.065814    0.683179    0.683179 ^ _3016_/Q (sky130_fd_sc_hd__dfxtp_2)
                                                         u_intf.u_slave.reg_pixel[13] (net)
                      0.065814    0.000000    0.683179 ^ _1775_/A1 (sky130_fd_sc_hd__mux2_1)
     1    0.001460    0.058064    0.209675    0.892854 ^ _1775_/X (sky130_fd_sc_hd__mux2_1)
                                                         _0322_ (net)
                      0.058064    0.000000    0.892854 ^ _1776_/B (sky130_fd_sc_hd__and2_2)
     1    0.001537    0.058603    0.242242    1.135095 ^ _1776_/X (sky130_fd_sc_hd__and2_2)
                                                         _0130_ (net)
                      0.058603    0.000000    1.135095 ^ _3016_/D (sky130_fd_sc_hd__dfxtp_2)
                                              1.135095   data arrival time

                      0.150000    0.000000    0.000000   clock clk (rise edge)
                                  0.000000    0.000000   clock network delay (ideal)
                                  0.250000    0.250000   clock uncertainty
                                  0.000000    0.250000   clock reconvergence pessimism
                                              0.250000 ^ _3016_/CLK (sky130_fd_sc_hd__dfxtp_2)
                                 -0.056588    0.193412   library hold time
                                              0.193412   data required time
---------------------------------------------------------------------------------------------
                                              0.193412   data required time
                                             -1.135095   data arrival time
---------------------------------------------------------------------------------------------
                                              0.941684   slack (MET)


Startpoint: _3017_ (rising edge-triggered flip-flop clocked by clk)
Endpoint: _3017_ (rising edge-triggered flip-flop clocked by clk)
Path Group: clk
Path Type: min

Fanout         Cap        Slew       Delay        Time   Description
---------------------------------------------------------------------------------------------
                      0.150000    0.000000    0.000000   clock clk (rise edge)
                                  0.000000    0.000000   clock network delay (ideal)
                      0.150000    0.000000    0.000000 ^ _3017_/CLK (sky130_fd_sc_hd__dfxtp_2)
     2    0.004421    0.065814    0.683179    0.683179 ^ _3017_/Q (sky130_fd_sc_hd__dfxtp_2)
                                                         u_intf.u_slave.reg_pixel[14] (net)
                      0.065814    0.000000    0.683179 ^ _1777_/A1 (sky130_fd_sc_hd__mux2_1)
     1    0.001460    0.058064    0.209675    0.892854 ^ _1777_/X (sky130_fd_sc_hd__mux2_1)
                                                         _0323_ (net)
                      0.058064    0.000000    0.892854 ^ _1778_/B (sky130_fd_sc_hd__and2_2)
     1    0.001537    0.058603    0.242242    1.135095 ^ _1778_/X (sky130_fd_sc_hd__and2_2)
                                                         _0131_ (net)
                      0.058603    0.000000    1.135095 ^ _3017_/D (sky130_fd_sc_hd__dfxtp_2)
                                              1.135095   data arrival time

                      0.150000    0.000000    0.000000   clock clk (rise edge)
                                  0.000000    0.000000   clock network delay (ideal)
                                  0.250000    0.250000   clock uncertainty
                                  0.000000    0.250000   clock reconvergence pessimism
                                              0.250000 ^ _3017_/CLK (sky130_fd_sc_hd__dfxtp_2)
                                 -0.056588    0.193412   library hold time
                                              0.193412   data required time
---------------------------------------------------------------------------------------------
                                              0.193412   data required time
                                             -1.135095   data arrival time
---------------------------------------------------------------------------------------------
                                              0.941684   slack (MET)


Startpoint: _3020_ (rising edge-triggered flip-flop clocked by clk)
Endpoint: _3020_ (rising edge-triggered flip-flop clocked by clk)
Path Group: clk
Path Type: min

Fanout         Cap        Slew       Delay        Time   Description
---------------------------------------------------------------------------------------------
                      0.150000    0.000000    0.000000   clock clk (rise edge)
                                  0.000000    0.000000   clock network delay (ideal)
                      0.150000    0.000000    0.000000 ^ _3020_/CLK (sky130_fd_sc_hd__dfxtp_2)
     2    0.004421    0.065814    0.683179    0.683179 ^ _3020_/Q (sky130_fd_sc_hd__dfxtp_2)
                                                         u_intf.u_slave.reg_pixel[17] (net)
                      0.065814    0.000000    0.683179 ^ _1783_/A1 (sky130_fd_sc_hd__mux2_1)
     1    0.001460    0.058064    0.209675    0.892854 ^ _1783_/X (sky130_fd_sc_hd__mux2_1)
                                                         _0326_ (net)
                      0.058064    0.000000    0.892854 ^ _1784_/B (sky130_fd_sc_hd__and2_2)
     1    0.001537    0.058603    0.242242    1.135095 ^ _1784_/X (sky130_fd_sc_hd__and2_2)
                                                         _0134_ (net)
                      0.058603    0.000000    1.135095 ^ _3020_/D (sky130_fd_sc_hd__dfxtp_2)
                                              1.135095   data arrival time

                      0.150000    0.000000    0.000000   clock clk (rise edge)
                                  0.000000    0.000000   clock network delay (ideal)
                                  0.250000    0.250000   clock uncertainty
                                  0.000000    0.250000   clock reconvergence pessimism
                                              0.250000 ^ _3020_/CLK (sky130_fd_sc_hd__dfxtp_2)
                                 -0.056588    0.193412   library hold time
                                              0.193412   data required time
---------------------------------------------------------------------------------------------
                                              0.193412   data required time
                                             -1.135095   data arrival time
---------------------------------------------------------------------------------------------
                                              0.941684   slack (MET)


Startpoint: _3023_ (rising edge-triggered flip-flop clocked by clk)
Endpoint: _3023_ (rising edge-triggered flip-flop clocked by clk)
Path Group: clk
Path Type: min

Fanout         Cap        Slew       Delay        Time   Description
---------------------------------------------------------------------------------------------
                      0.150000    0.000000    0.000000   clock clk (rise edge)
                                  0.000000    0.000000   clock network delay (ideal)
                      0.150000    0.000000    0.000000 ^ _3023_/CLK (sky130_fd_sc_hd__dfxtp_2)
     2    0.004421    0.065814    0.683179    0.683179 ^ _3023_/Q (sky130_fd_sc_hd__dfxtp_2)
                                                         u_intf.u_slave.reg_pixel[20] (net)
                      0.065814    0.000000    0.683179 ^ _1789_/A1 (sky130_fd_sc_hd__mux2_1)
     1    0.001460    0.058064    0.209675    0.892854 ^ _1789_/X (sky130_fd_sc_hd__mux2_1)
                                                         _0329_ (net)
                      0.058064    0.000000    0.892854 ^ _1790_/B (sky130_fd_sc_hd__and2_2)
     1    0.001537    0.058603    0.242242    1.135095 ^ _1790_/X (sky130_fd_sc_hd__and2_2)
                                                         _0137_ (net)
                      0.058603    0.000000    1.135095 ^ _3023_/D (sky130_fd_sc_hd__dfxtp_2)
                                              1.135095   data arrival time

                      0.150000    0.000000    0.000000   clock clk (rise edge)
                                  0.000000    0.000000   clock network delay (ideal)
                                  0.250000    0.250000   clock uncertainty
                                  0.000000    0.250000   clock reconvergence pessimism
                                              0.250000 ^ _3023_/CLK (sky130_fd_sc_hd__dfxtp_2)
                                 -0.056588    0.193412   library hold time
                                              0.193412   data required time
---------------------------------------------------------------------------------------------
                                              0.193412   data required time
                                             -1.135095   data arrival time
---------------------------------------------------------------------------------------------
                                              0.941684   slack (MET)


Startpoint: _3025_ (rising edge-triggered flip-flop clocked by clk)
Endpoint: _3025_ (rising edge-triggered flip-flop clocked by clk)
Path Group: clk
Path Type: min

Fanout         Cap        Slew       Delay        Time   Description
---------------------------------------------------------------------------------------------
                      0.150000    0.000000    0.000000   clock clk (rise edge)
                                  0.000000    0.000000   clock network delay (ideal)
                      0.150000    0.000000    0.000000 ^ _3025_/CLK (sky130_fd_sc_hd__dfxtp_2)
     2    0.004421    0.065814    0.683179    0.683179 ^ _3025_/Q (sky130_fd_sc_hd__dfxtp_2)
                                                         u_intf.u_slave.reg_pixel[22] (net)
                      0.065814    0.000000    0.683179 ^ _1793_/A1 (sky130_fd_sc_hd__mux2_1)
     1    0.001460    0.058064    0.209675    0.892854 ^ _1793_/X (sky130_fd_sc_hd__mux2_1)
                                                         _0331_ (net)
                      0.058064    0.000000    0.892854 ^ _1794_/B (sky130_fd_sc_hd__and2_2)
     1    0.001537    0.058603    0.242242    1.135095 ^ _1794_/X (sky130_fd_sc_hd__and2_2)
                                                         _0139_ (net)
                      0.058603    0.000000    1.135095 ^ _3025_/D (sky130_fd_sc_hd__dfxtp_2)
                                              1.135095   data arrival time

                      0.150000    0.000000    0.000000   clock clk (rise edge)
                                  0.000000    0.000000   clock network delay (ideal)
                                  0.250000    0.250000   clock uncertainty
                                  0.000000    0.250000   clock reconvergence pessimism
                                              0.250000 ^ _3025_/CLK (sky130_fd_sc_hd__dfxtp_2)
                                 -0.056588    0.193412   library hold time
                                              0.193412   data required time
---------------------------------------------------------------------------------------------
                                              0.193412   data required time
                                             -1.135095   data arrival time
---------------------------------------------------------------------------------------------
                                              0.941684   slack (MET)


Startpoint: _3027_ (rising edge-triggered flip-flop clocked by clk)
Endpoint: _3027_ (rising edge-triggered flip-flop clocked by clk)
Path Group: clk
Path Type: min

Fanout         Cap        Slew       Delay        Time   Description
---------------------------------------------------------------------------------------------
                      0.150000    0.000000    0.000000   clock clk (rise edge)
                                  0.000000    0.000000   clock network delay (ideal)
                      0.150000    0.000000    0.000000 ^ _3027_/CLK (sky130_fd_sc_hd__dfxtp_2)
     2    0.004421    0.065814    0.683179    0.683179 ^ _3027_/Q (sky130_fd_sc_hd__dfxtp_2)
                                                         u_intf.u_slave.reg_pixel[24] (net)
                      0.065814    0.000000    0.683179 ^ _1797_/A1 (sky130_fd_sc_hd__mux2_1)
     1    0.001460    0.058064    0.209675    0.892854 ^ _1797_/X (sky130_fd_sc_hd__mux2_1)
                                                         _0333_ (net)
                      0.058064    0.000000    0.892854 ^ _1798_/B (sky130_fd_sc_hd__and2_2)
     1    0.001537    0.058603    0.242242    1.135095 ^ _1798_/X (sky130_fd_sc_hd__and2_2)
                                                         _0141_ (net)
                      0.058603    0.000000    1.135095 ^ _3027_/D (sky130_fd_sc_hd__dfxtp_2)
                                              1.135095   data arrival time

                      0.150000    0.000000    0.000000   clock clk (rise edge)
                                  0.000000    0.000000   clock network delay (ideal)
                                  0.250000    0.250000   clock uncertainty
                                  0.000000    0.250000   clock reconvergence pessimism
                                              0.250000 ^ _3027_/CLK (sky130_fd_sc_hd__dfxtp_2)
                                 -0.056588    0.193412   library hold time
                                              0.193412   data required time
---------------------------------------------------------------------------------------------
                                              0.193412   data required time
                                             -1.135095   data arrival time
---------------------------------------------------------------------------------------------
                                              0.941684   slack (MET)


Startpoint: _3030_ (rising edge-triggered flip-flop clocked by clk)
Endpoint: _3030_ (rising edge-triggered flip-flop clocked by clk)
Path Group: clk
Path Type: min

Fanout         Cap        Slew       Delay        Time   Description
---------------------------------------------------------------------------------------------
                      0.150000    0.000000    0.000000   clock clk (rise edge)
                                  0.000000    0.000000   clock network delay (ideal)
                      0.150000    0.000000    0.000000 ^ _3030_/CLK (sky130_fd_sc_hd__dfxtp_2)
     2    0.004421    0.065814    0.683179    0.683179 ^ _3030_/Q (sky130_fd_sc_hd__dfxtp_2)
                                                         u_intf.u_slave.reg_pixel[27] (net)
                      0.065814    0.000000    0.683179 ^ _1803_/A1 (sky130_fd_sc_hd__mux2_1)
     1    0.001460    0.058064    0.209675    0.892854 ^ _1803_/X (sky130_fd_sc_hd__mux2_1)
                                                         _0336_ (net)
                      0.058064    0.000000    0.892854 ^ _1804_/B (sky130_fd_sc_hd__and2_2)
     1    0.001537    0.058603    0.242242    1.135095 ^ _1804_/X (sky130_fd_sc_hd__and2_2)
                                                         _0144_ (net)
                      0.058603    0.000000    1.135095 ^ _3030_/D (sky130_fd_sc_hd__dfxtp_2)
                                              1.135095   data arrival time

                      0.150000    0.000000    0.000000   clock clk (rise edge)
                                  0.000000    0.000000   clock network delay (ideal)
                                  0.250000    0.250000   clock uncertainty
                                  0.000000    0.250000   clock reconvergence pessimism
                                              0.250000 ^ _3030_/CLK (sky130_fd_sc_hd__dfxtp_2)
                                 -0.056588    0.193412   library hold time
                                              0.193412   data required time
---------------------------------------------------------------------------------------------
                                              0.193412   data required time
                                             -1.135095   data arrival time
---------------------------------------------------------------------------------------------
                                              0.941684   slack (MET)


Startpoint: _3032_ (rising edge-triggered flip-flop clocked by clk)
Endpoint: _3032_ (rising edge-triggered flip-flop clocked by clk)
Path Group: clk
Path Type: min

Fanout         Cap        Slew       Delay        Time   Description
---------------------------------------------------------------------------------------------
                      0.150000    0.000000    0.000000   clock clk (rise edge)
                                  0.000000    0.000000   clock network delay (ideal)
                      0.150000    0.000000    0.000000 ^ _3032_/CLK (sky130_fd_sc_hd__dfxtp_2)
     2    0.004421    0.065814    0.683179    0.683179 ^ _3032_/Q (sky130_fd_sc_hd__dfxtp_2)
                                                         u_intf.u_slave.reg_pixel[29] (net)
                      0.065814    0.000000    0.683179 ^ _1807_/A1 (sky130_fd_sc_hd__mux2_1)
     1    0.001460    0.058064    0.209675    0.892854 ^ _1807_/X (sky130_fd_sc_hd__mux2_1)
                                                         _0338_ (net)
                      0.058064    0.000000    0.892854 ^ _1808_/B (sky130_fd_sc_hd__and2_2)
     1    0.001537    0.058603    0.242242    1.135095 ^ _1808_/X (sky130_fd_sc_hd__and2_2)
                                                         _0146_ (net)
                      0.058603    0.000000    1.135095 ^ _3032_/D (sky130_fd_sc_hd__dfxtp_2)
                                              1.135095   data arrival time

                      0.150000    0.000000    0.000000   clock clk (rise edge)
                                  0.000000    0.000000   clock network delay (ideal)
                                  0.250000    0.250000   clock uncertainty
                                  0.000000    0.250000   clock reconvergence pessimism
                                              0.250000 ^ _3032_/CLK (sky130_fd_sc_hd__dfxtp_2)
                                 -0.056588    0.193412   library hold time
                                              0.193412   data required time
---------------------------------------------------------------------------------------------
                                              0.193412   data required time
                                             -1.135095   data arrival time
---------------------------------------------------------------------------------------------
                                              0.941684   slack (MET)


Startpoint: _3040_ (rising edge-triggered flip-flop clocked by clk)
Endpoint: _3040_ (rising edge-triggered flip-flop clocked by clk)
Path Group: clk
Path Type: min

Fanout         Cap        Slew       Delay        Time   Description
---------------------------------------------------------------------------------------------
                      0.150000    0.000000    0.000000   clock clk (rise edge)
                                  0.000000    0.000000   clock network delay (ideal)
                      0.150000    0.000000    0.000000 ^ _3040_/CLK (sky130_fd_sc_hd__dfxtp_2)
     3    0.004724    0.067954    0.685525    0.685525 ^ _3040_/Q (sky130_fd_sc_hd__dfxtp_2)
                                                         u_intf.u_slave.reg_weight[5] (net)
                      0.067954    0.000000    0.685525 ^ _1824_/A1 (sky130_fd_sc_hd__mux2_1)
     1    0.001460    0.058050    0.210579    0.896104 ^ _1824_/X (sky130_fd_sc_hd__mux2_1)
                                                         _0347_ (net)
                      0.058050    0.000000    0.896104 ^ _1825_/B (sky130_fd_sc_hd__and2_2)
     1    0.001537    0.058603    0.242236    1.138339 ^ _1825_/X (sky130_fd_sc_hd__and2_2)
                                                         _0154_ (net)
                      0.058603    0.000000    1.138339 ^ _3040_/D (sky130_fd_sc_hd__dfxtp_2)
                                              1.138339   data arrival time

                      0.150000    0.000000    0.000000   clock clk (rise edge)
                                  0.000000    0.000000   clock network delay (ideal)
                                  0.250000    0.250000   clock uncertainty
                                  0.000000    0.250000   clock reconvergence pessimism
                                              0.250000 ^ _3040_/CLK (sky130_fd_sc_hd__dfxtp_2)
                                 -0.056588    0.193412   library hold time
                                              0.193412   data required time
---------------------------------------------------------------------------------------------
                                              0.193412   data required time
                                             -1.138339   data arrival time
---------------------------------------------------------------------------------------------
                                              0.944928   slack (MET)


Startpoint: _3035_ (rising edge-triggered flip-flop clocked by clk)
Endpoint: _3035_ (rising edge-triggered flip-flop clocked by clk)
Path Group: clk
Path Type: min

Fanout         Cap        Slew       Delay        Time   Description
---------------------------------------------------------------------------------------------
                      0.150000    0.000000    0.000000   clock clk (rise edge)
                                  0.000000    0.000000   clock network delay (ideal)
                      0.150000    0.000000    0.000000 ^ _3035_/CLK (sky130_fd_sc_hd__dfxtp_2)
     3    0.004857    0.068894    0.686555    0.686555 ^ _3035_/Q (sky130_fd_sc_hd__dfxtp_2)
                                                         u_intf.u_slave.reg_weight[0] (net)
                      0.068894    0.000000    0.686555 ^ _1814_/A1 (sky130_fd_sc_hd__mux2_1)
     1    0.001460    0.058050    0.210975    0.897530 ^ _1814_/X (sky130_fd_sc_hd__mux2_1)
                                                         _0342_ (net)
                      0.058050    0.000000    0.897530 ^ _1815_/B (sky130_fd_sc_hd__and2_2)
     1    0.001537    0.058603    0.242236    1.139766 ^ _1815_/X (sky130_fd_sc_hd__and2_2)
                                                         _0149_ (net)
                      0.058603    0.000000    1.139766 ^ _3035_/D (sky130_fd_sc_hd__dfxtp_2)
                                              1.139766   data arrival time

                      0.150000    0.000000    0.000000   clock clk (rise edge)
                                  0.000000    0.000000   clock network delay (ideal)
                                  0.250000    0.250000   clock uncertainty
                                  0.000000    0.250000   clock reconvergence pessimism
                                              0.250000 ^ _3035_/CLK (sky130_fd_sc_hd__dfxtp_2)
                                 -0.056588    0.193412   library hold time
                                              0.193412   data required time
---------------------------------------------------------------------------------------------
                                              0.193412   data required time
                                             -1.139766   data arrival time
---------------------------------------------------------------------------------------------
                                              0.946354   slack (MET)


Startpoint: _3010_ (rising edge-triggered flip-flop clocked by clk)
Endpoint: _3010_ (rising edge-triggered flip-flop clocked by clk)
Path Group: clk
Path Type: min

Fanout         Cap        Slew       Delay        Time   Description
---------------------------------------------------------------------------------------------
                      0.150000    0.000000    0.000000   clock clk (rise edge)
                                  0.000000    0.000000   clock network delay (ideal)
                      0.150000    0.000000    0.000000 ^ _3010_/CLK (sky130_fd_sc_hd__dfxtp_2)
     3    0.005736    0.075129    0.692850    0.692850 ^ _3010_/Q (sky130_fd_sc_hd__dfxtp_2)
                                                         u_intf.u_slave.reg_pixel[7] (net)
                      0.075129    0.000000    0.692850 ^ _1763_/A1 (sky130_fd_sc_hd__mux2_1)
     1    0.001460    0.058064    0.213609    0.906459 ^ _1763_/X (sky130_fd_sc_hd__mux2_1)
                                                         _0316_ (net)
                      0.058064    0.000000    0.906459 ^ _1764_/B (sky130_fd_sc_hd__and2_2)
     1    0.001537    0.058603    0.242242    1.148700 ^ _1764_/X (sky130_fd_sc_hd__and2_2)
                                                         _0124_ (net)
                      0.058603    0.000000    1.148700 ^ _3010_/D (sky130_fd_sc_hd__dfxtp_2)
                                              1.148700   data arrival time

                      0.150000    0.000000    0.000000   clock clk (rise edge)
                                  0.000000    0.000000   clock network delay (ideal)
                                  0.250000    0.250000   clock uncertainty
                                  0.000000    0.250000   clock reconvergence pessimism
                                              0.250000 ^ _3010_/CLK (sky130_fd_sc_hd__dfxtp_2)
                                 -0.056588    0.193412   library hold time
                                              0.193412   data required time
---------------------------------------------------------------------------------------------
                                              0.193412   data required time
                                             -1.148700   data arrival time
---------------------------------------------------------------------------------------------
                                              0.955289   slack (MET)


Startpoint: _3041_ (rising edge-triggered flip-flop clocked by clk)
Endpoint: _3041_ (rising edge-triggered flip-flop clocked by clk)
Path Group: clk
Path Type: min

Fanout         Cap        Slew       Delay        Time   Description
---------------------------------------------------------------------------------------------
                      0.150000    0.000000    0.000000   clock clk (rise edge)
                                  0.000000    0.000000   clock network delay (ideal)
                      0.150000    0.000000    0.000000 ^ _3041_/CLK (sky130_fd_sc_hd__dfxtp_2)
     3    0.005757    0.075279    0.692977    0.692977 ^ _3041_/Q (sky130_fd_sc_hd__dfxtp_2)
                                                         u_intf.u_slave.reg_weight[6] (net)
                      0.075279    0.000000    0.692977 ^ _1826_/A1 (sky130_fd_sc_hd__mux2_1)
     1    0.001460    0.058050    0.213672    0.906649 ^ _1826_/X (sky130_fd_sc_hd__mux2_1)
                                                         _0348_ (net)
                      0.058050    0.000000    0.906649 ^ _1827_/B (sky130_fd_sc_hd__and2_2)
     1    0.001537    0.058603    0.242236    1.148885 ^ _1827_/X (sky130_fd_sc_hd__and2_2)
                                                         _0155_ (net)
                      0.058603    0.000000    1.148885 ^ _3041_/D (sky130_fd_sc_hd__dfxtp_2)
                                              1.148885   data arrival time

                      0.150000    0.000000    0.000000   clock clk (rise edge)
                                  0.000000    0.000000   clock network delay (ideal)
                                  0.250000    0.250000   clock uncertainty
                                  0.000000    0.250000   clock reconvergence pessimism
                                              0.250000 ^ _3041_/CLK (sky130_fd_sc_hd__dfxtp_2)
                                 -0.056588    0.193412   library hold time
                                              0.193412   data required time
---------------------------------------------------------------------------------------------
                                              0.193412   data required time
                                             -1.148885   data arrival time
---------------------------------------------------------------------------------------------
                                              0.955473   slack (MET)


Startpoint: _3008_ (rising edge-triggered flip-flop clocked by clk)
Endpoint: _3008_ (rising edge-triggered flip-flop clocked by clk)
Path Group: clk
Path Type: min

Fanout         Cap        Slew       Delay        Time   Description
---------------------------------------------------------------------------------------------
                      0.150000    0.000000    0.000000   clock clk (rise edge)
                                  0.000000    0.000000   clock network delay (ideal)
                      0.150000    0.000000    0.000000 ^ _3008_/CLK (sky130_fd_sc_hd__dfxtp_2)
     3    0.005763    0.075322    0.693013    0.693013 ^ _3008_/Q (sky130_fd_sc_hd__dfxtp_2)
                                                         u_intf.u_slave.reg_pixel[5] (net)
                      0.075322    0.000000    0.693013 ^ _1759_/A1 (sky130_fd_sc_hd__mux2_1)
     1    0.001460    0.058064    0.213690    0.906703 ^ _1759_/X (sky130_fd_sc_hd__mux2_1)
                                                         _1441_ (net)
                      0.058064    0.000000    0.906703 ^ _1760_/B (sky130_fd_sc_hd__and2_2)
     1    0.001537    0.058603    0.242241    1.148945 ^ _1760_/X (sky130_fd_sc_hd__and2_2)
                                                         _0122_ (net)
                      0.058603    0.000000    1.148945 ^ _3008_/D (sky130_fd_sc_hd__dfxtp_2)
                                              1.148945   data arrival time

                      0.150000    0.000000    0.000000   clock clk (rise edge)
                                  0.000000    0.000000   clock network delay (ideal)
                                  0.250000    0.250000   clock uncertainty
                                  0.000000    0.250000   clock reconvergence pessimism
                                              0.250000 ^ _3008_/CLK (sky130_fd_sc_hd__dfxtp_2)
                                 -0.056588    0.193412   library hold time
                                              0.193412   data required time
---------------------------------------------------------------------------------------------
                                              0.193412   data required time
                                             -1.148945   data arrival time
---------------------------------------------------------------------------------------------
                                              0.955533   slack (MET)


Startpoint: _3039_ (rising edge-triggered flip-flop clocked by clk)
Endpoint: _3039_ (rising edge-triggered flip-flop clocked by clk)
Path Group: clk
Path Type: min

Fanout         Cap        Slew       Delay        Time   Description
---------------------------------------------------------------------------------------------
                      0.150000    0.000000    0.000000   clock clk (rise edge)
                                  0.000000    0.000000   clock network delay (ideal)
                      0.150000    0.000000    0.000000 ^ _3039_/CLK (sky130_fd_sc_hd__dfxtp_2)
     3    0.005798    0.075572    0.693224    0.693224 ^ _3039_/Q (sky130_fd_sc_hd__dfxtp_2)
                                                         u_intf.u_slave.reg_weight[4] (net)
                      0.075572    0.000000    0.693224 ^ _1822_/A1 (sky130_fd_sc_hd__mux2_1)
     1    0.001460    0.058050    0.213796    0.907020 ^ _1822_/X (sky130_fd_sc_hd__mux2_1)
                                                         _0346_ (net)
                      0.058050    0.000000    0.907020 ^ _1823_/B (sky130_fd_sc_hd__and2_2)
     1    0.001537    0.058603    0.242236    1.149256 ^ _1823_/X (sky130_fd_sc_hd__and2_2)
                                                         _0153_ (net)
                      0.058603    0.000000    1.149256 ^ _3039_/D (sky130_fd_sc_hd__dfxtp_2)
                                              1.149256   data arrival time

                      0.150000    0.000000    0.000000   clock clk (rise edge)
                                  0.000000    0.000000   clock network delay (ideal)
                                  0.250000    0.250000   clock uncertainty
                                  0.000000    0.250000   clock reconvergence pessimism
                                              0.250000 ^ _3039_/CLK (sky130_fd_sc_hd__dfxtp_2)
                                 -0.056588    0.193412   library hold time
                                              0.193412   data required time
---------------------------------------------------------------------------------------------
                                              0.193412   data required time
                                             -1.149256   data arrival time
---------------------------------------------------------------------------------------------
                                              0.955844   slack (MET)


Startpoint: _3004_ (rising edge-triggered flip-flop clocked by clk)
Endpoint: _3004_ (rising edge-triggered flip-flop clocked by clk)
Path Group: clk
Path Type: min

Fanout         Cap        Slew       Delay        Time   Description
---------------------------------------------------------------------------------------------
                      0.150000    0.000000    0.000000   clock clk (rise edge)
                                  0.000000    0.000000   clock network delay (ideal)
                      0.150000    0.000000    0.000000 ^ _3004_/CLK (sky130_fd_sc_hd__dfxtp_2)
     3    0.005798    0.075572    0.693224    0.693224 ^ _3004_/Q (sky130_fd_sc_hd__dfxtp_2)
                                                         u_intf.u_slave.reg_pixel[1] (net)
                      0.075572    0.000000    0.693224 ^ _1751_/A1 (sky130_fd_sc_hd__mux2_1)
     1    0.001460    0.058064    0.213796    0.907020 ^ _1751_/X (sky130_fd_sc_hd__mux2_1)
                                                         _1437_ (net)
                      0.058064    0.000000    0.907020 ^ _1752_/B (sky130_fd_sc_hd__and2_2)
     1    0.001537    0.058603    0.242242    1.149262 ^ _1752_/X (sky130_fd_sc_hd__and2_2)
                                                         _0118_ (net)
                      0.058603    0.000000    1.149262 ^ _3004_/D (sky130_fd_sc_hd__dfxtp_2)
                                              1.149262   data arrival time

                      0.150000    0.000000    0.000000   clock clk (rise edge)
                                  0.000000    0.000000   clock network delay (ideal)
                                  0.250000    0.250000   clock uncertainty
                                  0.000000    0.250000   clock reconvergence pessimism
                                              0.250000 ^ _3004_/CLK (sky130_fd_sc_hd__dfxtp_2)
                                 -0.056588    0.193412   library hold time
                                              0.193412   data required time
---------------------------------------------------------------------------------------------
                                              0.193412   data required time
                                             -1.149262   data arrival time
---------------------------------------------------------------------------------------------
                                              0.955850   slack (MET)


Startpoint: _3005_ (rising edge-triggered flip-flop clocked by clk)
Endpoint: _3005_ (rising edge-triggered flip-flop clocked by clk)
Path Group: clk
Path Type: min

Fanout         Cap        Slew       Delay        Time   Description
---------------------------------------------------------------------------------------------
                      0.150000    0.000000    0.000000   clock clk (rise edge)
                                  0.000000    0.000000   clock network delay (ideal)
                      0.150000    0.000000    0.000000 ^ _3005_/CLK (sky130_fd_sc_hd__dfxtp_2)
     3    0.005798    0.075572    0.693224    0.693224 ^ _3005_/Q (sky130_fd_sc_hd__dfxtp_2)
                                                         u_intf.u_slave.reg_pixel[2] (net)
                      0.075572    0.000000    0.693224 ^ _1753_/A1 (sky130_fd_sc_hd__mux2_1)
     1    0.001460    0.058064    0.213796    0.907020 ^ _1753_/X (sky130_fd_sc_hd__mux2_1)
                                                         _1438_ (net)
                      0.058064    0.000000    0.907020 ^ _1754_/B (sky130_fd_sc_hd__and2_2)
     1    0.001537    0.058603    0.242242    1.149262 ^ _1754_/X (sky130_fd_sc_hd__and2_2)
                                                         _0119_ (net)
                      0.058603    0.000000    1.149262 ^ _3005_/D (sky130_fd_sc_hd__dfxtp_2)
                                              1.149262   data arrival time

                      0.150000    0.000000    0.000000   clock clk (rise edge)
                                  0.000000    0.000000   clock network delay (ideal)
                                  0.250000    0.250000   clock uncertainty
                                  0.000000    0.250000   clock reconvergence pessimism
                                              0.250000 ^ _3005_/CLK (sky130_fd_sc_hd__dfxtp_2)
                                 -0.056588    0.193412   library hold time
                                              0.193412   data required time
---------------------------------------------------------------------------------------------
                                              0.193412   data required time
                                             -1.149262   data arrival time
---------------------------------------------------------------------------------------------
                                              0.955850   slack (MET)


Startpoint: _3006_ (rising edge-triggered flip-flop clocked by clk)
Endpoint: _3006_ (rising edge-triggered flip-flop clocked by clk)
Path Group: clk
Path Type: min

Fanout         Cap        Slew       Delay        Time   Description
---------------------------------------------------------------------------------------------
                      0.150000    0.000000    0.000000   clock clk (rise edge)
                                  0.000000    0.000000   clock network delay (ideal)
                      0.150000    0.000000    0.000000 ^ _3006_/CLK (sky130_fd_sc_hd__dfxtp_2)
     3    0.005798    0.075572    0.693224    0.693224 ^ _3006_/Q (sky130_fd_sc_hd__dfxtp_2)
                                                         u_intf.u_slave.reg_pixel[3] (net)
                      0.075572    0.000000    0.693224 ^ _1755_/A1 (sky130_fd_sc_hd__mux2_1)
     1    0.001460    0.058064    0.213796    0.907020 ^ _1755_/X (sky130_fd_sc_hd__mux2_1)
                                                         _1439_ (net)
                      0.058064    0.000000    0.907020 ^ _1756_/B (sky130_fd_sc_hd__and2_2)
     1    0.001537    0.058603    0.242242    1.149262 ^ _1756_/X (sky130_fd_sc_hd__and2_2)
                                                         _0120_ (net)
                      0.058603    0.000000    1.149262 ^ _3006_/D (sky130_fd_sc_hd__dfxtp_2)
                                              1.149262   data arrival time

                      0.150000    0.000000    0.000000   clock clk (rise edge)
                                  0.000000    0.000000   clock network delay (ideal)
                                  0.250000    0.250000   clock uncertainty
                                  0.000000    0.250000   clock reconvergence pessimism
                                              0.250000 ^ _3006_/CLK (sky130_fd_sc_hd__dfxtp_2)
                                 -0.056588    0.193412   library hold time
                                              0.193412   data required time
---------------------------------------------------------------------------------------------
                                              0.193412   data required time
                                             -1.149262   data arrival time
---------------------------------------------------------------------------------------------
                                              0.955850   slack (MET)


Startpoint: _3009_ (rising edge-triggered flip-flop clocked by clk)
Endpoint: _3009_ (rising edge-triggered flip-flop clocked by clk)
Path Group: clk
Path Type: min

Fanout         Cap        Slew       Delay        Time   Description
---------------------------------------------------------------------------------------------
                      0.150000    0.000000    0.000000   clock clk (rise edge)
                                  0.000000    0.000000   clock network delay (ideal)
                      0.150000    0.000000    0.000000 ^ _3009_/CLK (sky130_fd_sc_hd__dfxtp_2)
     3    0.005798    0.075572    0.693224    0.693224 ^ _3009_/Q (sky130_fd_sc_hd__dfxtp_2)
                                                         u_intf.u_slave.reg_pixel[6] (net)
                      0.075572    0.000000    0.693224 ^ _1761_/A1 (sky130_fd_sc_hd__mux2_1)
     1    0.001460    0.058064    0.213796    0.907020 ^ _1761_/X (sky130_fd_sc_hd__mux2_1)
                                                         _1442_ (net)
                      0.058064    0.000000    0.907020 ^ _1762_/B (sky130_fd_sc_hd__and2_2)
     1    0.001537    0.058603    0.242242    1.149262 ^ _1762_/X (sky130_fd_sc_hd__and2_2)
                                                         _0123_ (net)
                      0.058603    0.000000    1.149262 ^ _3009_/D (sky130_fd_sc_hd__dfxtp_2)
                                              1.149262   data arrival time

                      0.150000    0.000000    0.000000   clock clk (rise edge)
                                  0.000000    0.000000   clock network delay (ideal)
                                  0.250000    0.250000   clock uncertainty
                                  0.000000    0.250000   clock reconvergence pessimism
                                              0.250000 ^ _3009_/CLK (sky130_fd_sc_hd__dfxtp_2)
                                 -0.056588    0.193412   library hold time
                                              0.193412   data required time
---------------------------------------------------------------------------------------------
                                              0.193412   data required time
                                             -1.149262   data arrival time
---------------------------------------------------------------------------------------------
                                              0.955850   slack (MET)


Startpoint: _3036_ (rising edge-triggered flip-flop clocked by clk)
Endpoint: _3036_ (rising edge-triggered flip-flop clocked by clk)
Path Group: clk
Path Type: min

Fanout         Cap        Slew       Delay        Time   Description
---------------------------------------------------------------------------------------------
                      0.150000    0.000000    0.000000   clock clk (rise edge)
                                  0.000000    0.000000   clock network delay (ideal)
                      0.150000    0.000000    0.000000 ^ _3036_/CLK (sky130_fd_sc_hd__dfxtp_2)
     3    0.005837    0.075851    0.693459    0.693459 ^ _3036_/Q (sky130_fd_sc_hd__dfxtp_2)
                                                         u_intf.u_slave.reg_weight[1] (net)
                      0.075851    0.000000    0.693459 ^ _1816_/A1 (sky130_fd_sc_hd__mux2_1)
     1    0.001460    0.058050    0.213914    0.907373 ^ _1816_/X (sky130_fd_sc_hd__mux2_1)
                                                         _0343_ (net)
                      0.058050    0.000000    0.907373 ^ _1817_/B (sky130_fd_sc_hd__and2_2)
     1    0.001537    0.058603    0.242236    1.149609 ^ _1817_/X (sky130_fd_sc_hd__and2_2)
                                                         _0150_ (net)
                      0.058603    0.000000    1.149609 ^ _3036_/D (sky130_fd_sc_hd__dfxtp_2)
                                              1.149609   data arrival time

                      0.150000    0.000000    0.000000   clock clk (rise edge)
                                  0.000000    0.000000   clock network delay (ideal)
                                  0.250000    0.250000   clock uncertainty
                                  0.000000    0.250000   clock reconvergence pessimism
                                              0.250000 ^ _3036_/CLK (sky130_fd_sc_hd__dfxtp_2)
                                 -0.056588    0.193412   library hold time
                                              0.193412   data required time
---------------------------------------------------------------------------------------------
                                              0.193412   data required time
                                             -1.149609   data arrival time
---------------------------------------------------------------------------------------------
                                              0.956197   slack (MET)


Startpoint: _3037_ (rising edge-triggered flip-flop clocked by clk)
Endpoint: _3037_ (rising edge-triggered flip-flop clocked by clk)
Path Group: clk
Path Type: min

Fanout         Cap        Slew       Delay        Time   Description
---------------------------------------------------------------------------------------------
                      0.150000    0.000000    0.000000   clock clk (rise edge)
                                  0.000000    0.000000   clock network delay (ideal)
                      0.150000    0.000000    0.000000 ^ _3037_/CLK (sky130_fd_sc_hd__dfxtp_2)
     3    0.005837    0.075851    0.693459    0.693459 ^ _3037_/Q (sky130_fd_sc_hd__dfxtp_2)
                                                         u_intf.u_slave.reg_weight[2] (net)
                      0.075851    0.000000    0.693459 ^ _1818_/A1 (sky130_fd_sc_hd__mux2_1)
     1    0.001460    0.058050    0.213914    0.907373 ^ _1818_/X (sky130_fd_sc_hd__mux2_1)
                                                         _0344_ (net)
                      0.058050    0.000000    0.907373 ^ _1819_/B (sky130_fd_sc_hd__and2_2)
     1    0.001537    0.058603    0.242236    1.149609 ^ _1819_/X (sky130_fd_sc_hd__and2_2)
                                                         _0151_ (net)
                      0.058603    0.000000    1.149609 ^ _3037_/D (sky130_fd_sc_hd__dfxtp_2)
                                              1.149609   data arrival time

                      0.150000    0.000000    0.000000   clock clk (rise edge)
                                  0.000000    0.000000   clock network delay (ideal)
                                  0.250000    0.250000   clock uncertainty
                                  0.000000    0.250000   clock reconvergence pessimism
                                              0.250000 ^ _3037_/CLK (sky130_fd_sc_hd__dfxtp_2)
                                 -0.056588    0.193412   library hold time
                                              0.193412   data required time
---------------------------------------------------------------------------------------------
                                              0.193412   data required time
                                             -1.149609   data arrival time
---------------------------------------------------------------------------------------------
                                              0.956197   slack (MET)


Startpoint: _3038_ (rising edge-triggered flip-flop clocked by clk)
Endpoint: _3038_ (rising edge-triggered flip-flop clocked by clk)
Path Group: clk
Path Type: min

Fanout         Cap        Slew       Delay        Time   Description
---------------------------------------------------------------------------------------------
                      0.150000    0.000000    0.000000   clock clk (rise edge)
                                  0.000000    0.000000   clock network delay (ideal)
                      0.150000    0.000000    0.000000 ^ _3038_/CLK (sky130_fd_sc_hd__dfxtp_2)
     3    0.005837    0.075851    0.693459    0.693459 ^ _3038_/Q (sky130_fd_sc_hd__dfxtp_2)
                                                         u_intf.u_slave.reg_weight[3] (net)
                      0.075851    0.000000    0.693459 ^ _1820_/A1 (sky130_fd_sc_hd__mux2_1)
     1    0.001460    0.058050    0.213914    0.907373 ^ _1820_/X (sky130_fd_sc_hd__mux2_1)
                                                         _0345_ (net)
                      0.058050    0.000000    0.907373 ^ _1821_/B (sky130_fd_sc_hd__and2_2)
     1    0.001537    0.058603    0.242236    1.149609 ^ _1821_/X (sky130_fd_sc_hd__and2_2)
                                                         _0152_ (net)
                      0.058603    0.000000    1.149609 ^ _3038_/D (sky130_fd_sc_hd__dfxtp_2)
                                              1.149609   data arrival time

                      0.150000    0.000000    0.000000   clock clk (rise edge)
                                  0.000000    0.000000   clock network delay (ideal)
                                  0.250000    0.250000   clock uncertainty
                                  0.000000    0.250000   clock reconvergence pessimism
                                              0.250000 ^ _3038_/CLK (sky130_fd_sc_hd__dfxtp_2)
                                 -0.056588    0.193412   library hold time
                                              0.193412   data required time
---------------------------------------------------------------------------------------------
                                              0.193412   data required time
                                             -1.149609   data arrival time
---------------------------------------------------------------------------------------------
                                              0.956197   slack (MET)


Startpoint: _3042_ (rising edge-triggered flip-flop clocked by clk)
Endpoint: _3042_ (rising edge-triggered flip-flop clocked by clk)
Path Group: clk
Path Type: min

Fanout         Cap        Slew       Delay        Time   Description
---------------------------------------------------------------------------------------------
                      0.150000    0.000000    0.000000   clock clk (rise edge)
                                  0.000000    0.000000   clock network delay (ideal)
                      0.150000    0.000000    0.000000 ^ _3042_/CLK (sky130_fd_sc_hd__dfxtp_2)
     3    0.005837    0.075851    0.693459    0.693459 ^ _3042_/Q (sky130_fd_sc_hd__dfxtp_2)
                                                         u_intf.u_slave.reg_weight[7] (net)
                      0.075851    0.000000    0.693459 ^ _1828_/A1 (sky130_fd_sc_hd__mux2_1)
     1    0.001460    0.058050    0.213914    0.907373 ^ _1828_/X (sky130_fd_sc_hd__mux2_1)
                                                         _0349_ (net)
                      0.058050    0.000000    0.907373 ^ _1829_/B (sky130_fd_sc_hd__and2_2)
     1    0.001537    0.058603    0.242236    1.149609 ^ _1829_/X (sky130_fd_sc_hd__and2_2)
                                                         _0156_ (net)
                      0.058603    0.000000    1.149609 ^ _3042_/D (sky130_fd_sc_hd__dfxtp_2)
                                              1.149609   data arrival time

                      0.150000    0.000000    0.000000   clock clk (rise edge)
                                  0.000000    0.000000   clock network delay (ideal)
                                  0.250000    0.250000   clock uncertainty
                                  0.000000    0.250000   clock reconvergence pessimism
                                              0.250000 ^ _3042_/CLK (sky130_fd_sc_hd__dfxtp_2)
                                 -0.056588    0.193412   library hold time
                                              0.193412   data required time
---------------------------------------------------------------------------------------------
                                              0.193412   data required time
                                             -1.149609   data arrival time
---------------------------------------------------------------------------------------------
                                              0.956197   slack (MET)


Startpoint: _3003_ (rising edge-triggered flip-flop clocked by clk)
Endpoint: _3003_ (rising edge-triggered flip-flop clocked by clk)
Path Group: clk
Path Type: min

Fanout         Cap        Slew       Delay        Time   Description
---------------------------------------------------------------------------------------------
                      0.150000    0.000000    0.000000   clock clk (rise edge)
                                  0.000000    0.000000   clock network delay (ideal)
                      0.150000    0.000000    0.000000 ^ _3003_/CLK (sky130_fd_sc_hd__dfxtp_2)
     3    0.005837    0.075851    0.693459    0.693459 ^ _3003_/Q (sky130_fd_sc_hd__dfxtp_2)
                                                         u_intf.u_slave.reg_pixel[0] (net)
                      0.075851    0.000000    0.693459 ^ _1749_/A1 (sky130_fd_sc_hd__mux2_1)
     1    0.001460    0.058064    0.213914    0.907373 ^ _1749_/X (sky130_fd_sc_hd__mux2_1)
                                                         _1436_ (net)
                      0.058064    0.000000    0.907373 ^ _1750_/B (sky130_fd_sc_hd__and2_2)
     1    0.001537    0.058603    0.242242    1.149615 ^ _1750_/X (sky130_fd_sc_hd__and2_2)
                                                         _0117_ (net)
                      0.058603    0.000000    1.149615 ^ _3003_/D (sky130_fd_sc_hd__dfxtp_2)
                                              1.149615   data arrival time

                      0.150000    0.000000    0.000000   clock clk (rise edge)
                                  0.000000    0.000000   clock network delay (ideal)
                                  0.250000    0.250000   clock uncertainty
                                  0.000000    0.250000   clock reconvergence pessimism
                                              0.250000 ^ _3003_/CLK (sky130_fd_sc_hd__dfxtp_2)
                                 -0.056588    0.193412   library hold time
                                              0.193412   data required time
---------------------------------------------------------------------------------------------
                                              0.193412   data required time
                                             -1.149615   data arrival time
---------------------------------------------------------------------------------------------
                                              0.956203   slack (MET)


Startpoint: _3007_ (rising edge-triggered flip-flop clocked by clk)
Endpoint: _3007_ (rising edge-triggered flip-flop clocked by clk)
Path Group: clk
Path Type: min

Fanout         Cap        Slew       Delay        Time   Description
---------------------------------------------------------------------------------------------
                      0.150000    0.000000    0.000000   clock clk (rise edge)
                                  0.000000    0.000000   clock network delay (ideal)
                      0.150000    0.000000    0.000000 ^ _3007_/CLK (sky130_fd_sc_hd__dfxtp_2)
     3    0.005837    0.075851    0.693459    0.693459 ^ _3007_/Q (sky130_fd_sc_hd__dfxtp_2)
                                                         u_intf.u_slave.reg_pixel[4] (net)
                      0.075851    0.000000    0.693459 ^ _1757_/A1 (sky130_fd_sc_hd__mux2_1)
     1    0.001460    0.058064    0.213914    0.907373 ^ _1757_/X (sky130_fd_sc_hd__mux2_1)
                                                         _1440_ (net)
                      0.058064    0.000000    0.907373 ^ _1758_/B (sky130_fd_sc_hd__and2_2)
     1    0.001537    0.058603    0.242242    1.149615 ^ _1758_/X (sky130_fd_sc_hd__and2_2)
                                                         _0121_ (net)
                      0.058603    0.000000    1.149615 ^ _3007_/D (sky130_fd_sc_hd__dfxtp_2)
                                              1.149615   data arrival time

                      0.150000    0.000000    0.000000   clock clk (rise edge)
                                  0.000000    0.000000   clock network delay (ideal)
                                  0.250000    0.250000   clock uncertainty
                                  0.000000    0.250000   clock reconvergence pessimism
                                              0.250000 ^ _3007_/CLK (sky130_fd_sc_hd__dfxtp_2)
                                 -0.056588    0.193412   library hold time
                                              0.193412   data required time
---------------------------------------------------------------------------------------------
                                              0.193412   data required time
                                             -1.149615   data arrival time
---------------------------------------------------------------------------------------------
                                              0.956203   slack (MET)


Startpoint: _3133_ (rising edge-triggered flip-flop clocked by clk)
Endpoint: _3133_ (rising edge-triggered flip-flop clocked by clk)
Path Group: clk
Path Type: min

Fanout         Cap        Slew       Delay        Time   Description
---------------------------------------------------------------------------------------------
                      0.150000    0.000000    0.000000   clock clk (rise edge)
                                  0.000000    0.000000   clock network delay (ideal)
                      0.150000    0.000000    0.000000 ^ _3133_/CLK (sky130_fd_sc_hd__dfxtp_2)
     3    0.007215    0.059543    0.653899    0.653899 v _3133_/Q (sky130_fd_sc_hd__dfxtp_2)
                                                         u_core.pe_array[0].u_pe.accum_reg[0] (net)
                      0.059543    0.000000    0.653899 v _2767_/A2_N (sky130_fd_sc_hd__o2bb2a_2)
     1    0.004682    0.084818    0.458086    1.111985 ^ _2767_/X (sky130_fd_sc_hd__o2bb2a_2)
                                                         _1197_ (net)
                      0.084818    0.000000    1.111985 ^ _2768_/B (sky130_fd_sc_hd__nor2_2)
     1    0.001577    0.025010    0.058738    1.170722 v _2768_/Y (sky130_fd_sc_hd__nor2_2)
                                                         _0247_ (net)
                      0.025010    0.000000    1.170722 v _3133_/D (sky130_fd_sc_hd__dfxtp_2)
                                              1.170722   data arrival time

                      0.150000    0.000000    0.000000   clock clk (rise edge)
                                  0.000000    0.000000   clock network delay (ideal)
                                  0.250000    0.250000   clock uncertainty
                                  0.000000    0.250000   clock reconvergence pessimism
                                              0.250000 ^ _3133_/CLK (sky130_fd_sc_hd__dfxtp_2)
                                 -0.054650    0.195350   library hold time
                                              0.195350   data required time
---------------------------------------------------------------------------------------------
                                              0.195350   data required time
                                             -1.170722   data arrival time
---------------------------------------------------------------------------------------------
                                              0.975372   slack (MET)


Startpoint: _3041_ (rising edge-triggered flip-flop clocked by clk)
Endpoint: _2965_ (rising edge-triggered flip-flop clocked by clk)
Path Group: clk
Path Type: min

Fanout         Cap        Slew       Delay        Time   Description
---------------------------------------------------------------------------------------------
                      0.150000    0.000000    0.000000   clock clk (rise edge)
                                  0.000000    0.000000   clock network delay (ideal)
                      0.150000    0.000000    0.000000 ^ _3041_/CLK (sky130_fd_sc_hd__dfxtp_2)
     3    0.005450    0.052714    0.646670    0.646670 v _3041_/Q (sky130_fd_sc_hd__dfxtp_2)
                                                         u_intf.u_slave.reg_weight[6] (net)
                      0.052714    0.000000    0.646670 v _1633_/A1 (sky130_fd_sc_hd__a21o_2)
     1    0.002288    0.053612    0.328597    0.975267 v _1633_/X (sky130_fd_sc_hd__a21o_2)
                                                         _1358_ (net)
                      0.053612    0.000000    0.975267 v _1634_/B1 (sky130_fd_sc_hd__o211a_2)
     1    0.001577    0.041335    0.218998    1.194265 v _1634_/X (sky130_fd_sc_hd__o211a_2)
                                                         _0079_ (net)
                      0.041335    0.000000    1.194265 v _2965_/D (sky130_fd_sc_hd__dfxtp_2)
                                              1.194265   data arrival time

                      0.150000    0.000000    0.000000   clock clk (rise edge)
                                  0.000000    0.000000   clock network delay (ideal)
                                  0.250000    0.250000   clock uncertainty
                                  0.000000    0.250000   clock reconvergence pessimism
                                              0.250000 ^ _2965_/CLK (sky130_fd_sc_hd__dfxtp_2)
                                 -0.060683    0.189317   library hold time
                                              0.189317   data required time
---------------------------------------------------------------------------------------------
                                              0.189317   data required time
                                             -1.194265   data arrival time
---------------------------------------------------------------------------------------------
                                              1.004949   slack (MET)


Startpoint: _2938_ (rising edge-triggered flip-flop clocked by clk)
Endpoint: _2938_ (rising edge-triggered flip-flop clocked by clk)
Path Group: clk
Path Type: min

Fanout         Cap        Slew       Delay        Time   Description
---------------------------------------------------------------------------------------------
                      0.150000    0.000000    0.000000   clock clk (rise edge)
                                  0.000000    0.000000   clock network delay (ideal)
                      0.150000    0.000000    0.000000 ^ _2938_/CLK (sky130_fd_sc_hd__dfxtp_2)
     3    0.007681    0.089040    0.704578    0.704578 ^ _2938_/Q (sky130_fd_sc_hd__dfxtp_2)
                                                         state[1] (net)
                      0.089040    0.000000    0.704578 ^ _1450_/B (sky130_fd_sc_hd__and2b_2)
     1    0.002436    0.061999    0.266110    0.970688 ^ _1450_/X (sky130_fd_sc_hd__and2b_2)
                                                         _1254_ (net)
                      0.061999    0.000000    0.970688 ^ _1453_/A1 (sky130_fd_sc_hd__o21a_2)
     1    0.001537    0.045630    0.233091    1.203779 ^ _1453_/X (sky130_fd_sc_hd__o21a_2)
                                                         _0001_ (net)
                      0.045630    0.000000    1.203779 ^ _2938_/D (sky130_fd_sc_hd__dfxtp_2)
                                              1.203779   data arrival time

                      0.150000    0.000000    0.000000   clock clk (rise edge)
                                  0.000000    0.000000   clock network delay (ideal)
                                  0.250000    0.250000   clock uncertainty
                                  0.000000    0.250000   clock reconvergence pessimism
                                              0.250000 ^ _2938_/CLK (sky130_fd_sc_hd__dfxtp_2)
                                 -0.053593    0.196407   library hold time
                                              0.196407   data required time
---------------------------------------------------------------------------------------------
                                              0.196407   data required time
                                             -1.203779   data arrival time
---------------------------------------------------------------------------------------------
                                              1.007372   slack (MET)


Startpoint: _2890_ (rising edge-triggered flip-flop clocked by clk)
Endpoint: _2889_ (rising edge-triggered flip-flop clocked by clk)
Path Group: clk
Path Type: min

Fanout         Cap        Slew       Delay        Time   Description
---------------------------------------------------------------------------------------------
                      0.150000    0.000000    0.000000   clock clk (rise edge)
                                  0.000000    0.000000   clock network delay (ideal)
                      0.150000    0.000000    0.000000 ^ _2890_/CLK (sky130_fd_sc_hd__dfxtp_2)
     4    0.009830    0.104410    0.717536    0.717536 ^ _2890_/Q (sky130_fd_sc_hd__dfxtp_2)
                                                         u_intf.u_slave.rd_state[1] (net)
                      0.104410    0.000000    0.717536 ^ _1460_/B (sky130_fd_sc_hd__and3_2)
     1    0.001546    0.070217    0.338140    1.055676 ^ _1460_/X (sky130_fd_sc_hd__and3_2)
                                                         _1261_ (net)
                      0.070217    0.000000    1.055676 ^ _1462_/B (sky130_fd_sc_hd__or3b_2)
     1    0.001537    0.042449    0.169299    1.224975 ^ _1462_/X (sky130_fd_sc_hd__or3b_2)
                                                         _0003_ (net)
                      0.042449    0.000000    1.224975 ^ _2889_/D (sky130_fd_sc_hd__dfxtp_2)
                                              1.224975   data arrival time

                      0.150000    0.000000    0.000000   clock clk (rise edge)
                                  0.000000    0.000000   clock network delay (ideal)
                                  0.250000    0.250000   clock uncertainty
                                  0.000000    0.250000   clock reconvergence pessimism
                                              0.250000 ^ _2889_/CLK (sky130_fd_sc_hd__dfxtp_2)
                                 -0.052858    0.197142   library hold time
                                              0.197142   data required time
---------------------------------------------------------------------------------------------
                                              0.197142   data required time
                                             -1.224975   data arrival time
---------------------------------------------------------------------------------------------
                                              1.027834   slack (MET)


Startpoint: _2888_ (rising edge-triggered flip-flop clocked by clk)
Endpoint: _2993_ (rising edge-triggered flip-flop clocked by clk)
Path Group: clk
Path Type: min

Fanout         Cap        Slew       Delay        Time   Description
---------------------------------------------------------------------------------------------
                      0.150000    0.000000    0.000000   clock clk (rise edge)
                                  0.000000    0.000000   clock network delay (ideal)
                      0.150000    0.000000    0.000000 ^ _2888_/CLK (sky130_fd_sc_hd__dfxtp_2)
     8    0.018662    0.103812    0.700108    0.700108 v _2888_/Q (sky130_fd_sc_hd__dfxtp_2)
                                                         u_intf.u_slave.wr_state[2] (net)
                      0.103812    0.000000    0.700108 v _1472_/C (sky130_fd_sc_hd__nand3_2)
     2    0.007113    0.098725    0.140040    0.840147 ^ _1472_/Y (sky130_fd_sc_hd__nand3_2)
                                                         _1269_ (net)
                      0.098725    0.000000    0.840147 ^ _1734_/D1 (sky130_fd_sc_hd__o2111a_2)
     1    0.001537    0.071109    0.380454    1.220601 ^ _1734_/X (sky130_fd_sc_hd__o2111a_2)
                                                         _0107_ (net)
                      0.071109    0.000000    1.220601 ^ _2993_/D (sky130_fd_sc_hd__dfxtp_2)
                                              1.220601   data arrival time

                      0.150000    0.000000    0.000000   clock clk (rise edge)
                                  0.000000    0.000000   clock network delay (ideal)
                                  0.250000    0.250000   clock uncertainty
                                  0.000000    0.250000   clock reconvergence pessimism
                                              0.250000 ^ _2993_/CLK (sky130_fd_sc_hd__dfxtp_2)
                                 -0.059476    0.190524   library hold time
                                              0.190524   data required time
---------------------------------------------------------------------------------------------
                                              0.190524   data required time
                                             -1.220601   data arrival time
---------------------------------------------------------------------------------------------
                                              1.030077   slack (MET)


Startpoint: _3043_ (rising edge-triggered flip-flop clocked by clk)
Endpoint: _2967_ (rising edge-triggered flip-flop clocked by clk)
Path Group: clk
Path Type: min

Fanout         Cap        Slew       Delay        Time   Description
---------------------------------------------------------------------------------------------
                      0.150000    0.000000    0.000000   clock clk (rise edge)
                                  0.000000    0.000000   clock network delay (ideal)
                      0.150000    0.000000    0.000000 ^ _3043_/CLK (sky130_fd_sc_hd__dfxtp_2)
     2    0.004382    0.065539    0.682877    0.682877 ^ _3043_/Q (sky130_fd_sc_hd__dfxtp_2)
                                                         u_intf.u_slave.reg_weight[8] (net)
                      0.065539    0.000000    0.682877 ^ _1640_/B2 (sky130_fd_sc_hd__a22o_2)
     1    0.002476    0.060294    0.247850    0.930727 ^ _1640_/X (sky130_fd_sc_hd__a22o_2)
                                                         _1363_ (net)
                      0.060294    0.000000    0.930727 ^ _1642_/A2 (sky130_fd_sc_hd__o211a_2)
     1    0.001537    0.067110    0.326670    1.257398 ^ _1642_/X (sky130_fd_sc_hd__o211a_2)
                                                         _0081_ (net)
                      0.067110    0.000000    1.257398 ^ _2967_/D (sky130_fd_sc_hd__dfxtp_2)
                                              1.257398   data arrival time

                      0.150000    0.000000    0.000000   clock clk (rise edge)
                                  0.000000    0.000000   clock network delay (ideal)
                                  0.250000    0.250000   clock uncertainty
                                  0.000000    0.250000   clock reconvergence pessimism
                                              0.250000 ^ _2967_/CLK (sky130_fd_sc_hd__dfxtp_2)
                                 -0.058552    0.191448   library hold time
                                              0.191448   data required time
---------------------------------------------------------------------------------------------
                                              0.191448   data required time
                                             -1.257398   data arrival time
---------------------------------------------------------------------------------------------
                                              1.065950   slack (MET)


Startpoint: _3052_ (rising edge-triggered flip-flop clocked by clk)
Endpoint: _2976_ (rising edge-triggered flip-flop clocked by clk)
Path Group: clk
Path Type: min

Fanout         Cap        Slew       Delay        Time   Description
---------------------------------------------------------------------------------------------
                      0.150000    0.000000    0.000000   clock clk (rise edge)
                                  0.000000    0.000000   clock network delay (ideal)
                      0.150000    0.000000    0.000000 ^ _3052_/CLK (sky130_fd_sc_hd__dfxtp_2)
     2    0.004382    0.065539    0.682877    0.682877 ^ _3052_/Q (sky130_fd_sc_hd__dfxtp_2)
                                                         u_intf.u_slave.reg_weight[17] (net)
                      0.065539    0.000000    0.682877 ^ _1673_/B2 (sky130_fd_sc_hd__a22o_2)
     1    0.002476    0.060294    0.247850    0.930727 ^ _1673_/X (sky130_fd_sc_hd__a22o_2)
                                                         _1387_ (net)
                      0.060294    0.000000    0.930727 ^ _1675_/A2 (sky130_fd_sc_hd__o211a_2)
     1    0.001537    0.067110    0.326670    1.257398 ^ _1675_/X (sky130_fd_sc_hd__o211a_2)
                                                         _0090_ (net)
                      0.067110    0.000000    1.257398 ^ _2976_/D (sky130_fd_sc_hd__dfxtp_2)
                                              1.257398   data arrival time

                      0.150000    0.000000    0.000000   clock clk (rise edge)
                                  0.000000    0.000000   clock network delay (ideal)
                                  0.250000    0.250000   clock uncertainty
                                  0.000000    0.250000   clock reconvergence pessimism
                                              0.250000 ^ _2976_/CLK (sky130_fd_sc_hd__dfxtp_2)
                                 -0.058552    0.191448   library hold time
                                              0.191448   data required time
---------------------------------------------------------------------------------------------
                                              0.191448   data required time
                                             -1.257398   data arrival time
---------------------------------------------------------------------------------------------
                                              1.065950   slack (MET)


Startpoint: _3057_ (rising edge-triggered flip-flop clocked by clk)
Endpoint: _2981_ (rising edge-triggered flip-flop clocked by clk)
Path Group: clk
Path Type: min

Fanout         Cap        Slew       Delay        Time   Description
---------------------------------------------------------------------------------------------
                      0.150000    0.000000    0.000000   clock clk (rise edge)
                                  0.000000    0.000000   clock network delay (ideal)
                      0.150000    0.000000    0.000000 ^ _3057_/CLK (sky130_fd_sc_hd__dfxtp_2)
     2    0.004382    0.065539    0.682877    0.682877 ^ _3057_/Q (sky130_fd_sc_hd__dfxtp_2)
                                                         u_intf.u_slave.reg_weight[22] (net)
                      0.065539    0.000000    0.682877 ^ _1692_/B2 (sky130_fd_sc_hd__a22o_2)
     1    0.002476    0.060294    0.247850    0.930727 ^ _1692_/X (sky130_fd_sc_hd__a22o_2)
                                                         _1401_ (net)
                      0.060294    0.000000    0.930727 ^ _1694_/A2 (sky130_fd_sc_hd__o211a_2)
     1    0.001537    0.067110    0.326670    1.257398 ^ _1694_/X (sky130_fd_sc_hd__o211a_2)
                                                         _0095_ (net)
                      0.067110    0.000000    1.257398 ^ _2981_/D (sky130_fd_sc_hd__dfxtp_2)
                                              1.257398   data arrival time

                      0.150000    0.000000    0.000000   clock clk (rise edge)
                                  0.000000    0.000000   clock network delay (ideal)
                                  0.250000    0.250000   clock uncertainty
                                  0.000000    0.250000   clock reconvergence pessimism
                                              0.250000 ^ _2981_/CLK (sky130_fd_sc_hd__dfxtp_2)
                                 -0.058552    0.191448   library hold time
                                              0.191448   data required time
---------------------------------------------------------------------------------------------
                                              0.191448   data required time
                                             -1.257398   data arrival time
---------------------------------------------------------------------------------------------
                                              1.065950   slack (MET)


Startpoint: _3059_ (rising edge-triggered flip-flop clocked by clk)
Endpoint: _2983_ (rising edge-triggered flip-flop clocked by clk)
Path Group: clk
Path Type: min

Fanout         Cap        Slew       Delay        Time   Description
---------------------------------------------------------------------------------------------
                      0.150000    0.000000    0.000000   clock clk (rise edge)
                                  0.000000    0.000000   clock network delay (ideal)
                      0.150000    0.000000    0.000000 ^ _3059_/CLK (sky130_fd_sc_hd__dfxtp_2)
     2    0.004382    0.065539    0.682877    0.682877 ^ _3059_/Q (sky130_fd_sc_hd__dfxtp_2)
                                                         u_intf.u_slave.reg_weight[24] (net)
                      0.065539    0.000000    0.682877 ^ _1700_/B2 (sky130_fd_sc_hd__a22o_2)
     1    0.002476    0.060294    0.247850    0.930727 ^ _1700_/X (sky130_fd_sc_hd__a22o_2)
                                                         _1407_ (net)
                      0.060294    0.000000    0.930727 ^ _1702_/A2 (sky130_fd_sc_hd__o211a_2)
     1    0.001537    0.067110    0.326670    1.257398 ^ _1702_/X (sky130_fd_sc_hd__o211a_2)
                                                         _0097_ (net)
                      0.067110    0.000000    1.257398 ^ _2983_/D (sky130_fd_sc_hd__dfxtp_2)
                                              1.257398   data arrival time

                      0.150000    0.000000    0.000000   clock clk (rise edge)
                                  0.000000    0.000000   clock network delay (ideal)
                                  0.250000    0.250000   clock uncertainty
                                  0.000000    0.250000   clock reconvergence pessimism
                                              0.250000 ^ _2983_/CLK (sky130_fd_sc_hd__dfxtp_2)
                                 -0.058552    0.191448   library hold time
                                              0.191448   data required time
---------------------------------------------------------------------------------------------
                                              0.191448   data required time
                                             -1.257398   data arrival time
---------------------------------------------------------------------------------------------
                                              1.065950   slack (MET)


Startpoint: _3064_ (rising edge-triggered flip-flop clocked by clk)
Endpoint: _2988_ (rising edge-triggered flip-flop clocked by clk)
Path Group: clk
Path Type: min

Fanout         Cap        Slew       Delay        Time   Description
---------------------------------------------------------------------------------------------
                      0.150000    0.000000    0.000000   clock clk (rise edge)
                                  0.000000    0.000000   clock network delay (ideal)
                      0.150000    0.000000    0.000000 ^ _3064_/CLK (sky130_fd_sc_hd__dfxtp_2)
     2    0.004382    0.065539    0.682877    0.682877 ^ _3064_/Q (sky130_fd_sc_hd__dfxtp_2)
                                                         u_intf.u_slave.reg_weight[29] (net)
                      0.065539    0.000000    0.682877 ^ _1718_/B2 (sky130_fd_sc_hd__a22o_2)
     1    0.002476    0.060294    0.247850    0.930727 ^ _1718_/X (sky130_fd_sc_hd__a22o_2)
                                                         _1420_ (net)
                      0.060294    0.000000    0.930727 ^ _1720_/A2 (sky130_fd_sc_hd__o211a_2)
     1    0.001537    0.067110    0.326670    1.257398 ^ _1720_/X (sky130_fd_sc_hd__o211a_2)
                                                         _0102_ (net)
                      0.067110    0.000000    1.257398 ^ _2988_/D (sky130_fd_sc_hd__dfxtp_2)
                                              1.257398   data arrival time

                      0.150000    0.000000    0.000000   clock clk (rise edge)
                                  0.000000    0.000000   clock network delay (ideal)
                                  0.250000    0.250000   clock uncertainty
                                  0.000000    0.250000   clock reconvergence pessimism
                                              0.250000 ^ _2988_/CLK (sky130_fd_sc_hd__dfxtp_2)
                                 -0.058552    0.191448   library hold time
                                              0.191448   data required time
---------------------------------------------------------------------------------------------
                                              0.191448   data required time
                                             -1.257398   data arrival time
---------------------------------------------------------------------------------------------
                                              1.065950   slack (MET)


Startpoint: _3008_ (rising edge-triggered flip-flop clocked by clk)
Endpoint: _2964_ (rising edge-triggered flip-flop clocked by clk)
Path Group: clk
Path Type: min

Fanout         Cap        Slew       Delay        Time   Description
---------------------------------------------------------------------------------------------
                      0.150000    0.000000    0.000000   clock clk (rise edge)
                                  0.000000    0.000000   clock network delay (ideal)
                      0.150000    0.000000    0.000000 ^ _3008_/CLK (sky130_fd_sc_hd__dfxtp_2)
     3    0.005763    0.075322    0.693013    0.693013 ^ _3008_/Q (sky130_fd_sc_hd__dfxtp_2)
                                                         u_intf.u_slave.reg_pixel[5] (net)
                      0.075322    0.000000    0.693013 ^ _1629_/A1 (sky130_fd_sc_hd__a211o_2)
     1    0.002427    0.044042    0.232171    0.925184 ^ _1629_/X (sky130_fd_sc_hd__a211o_2)
                                                         _1355_ (net)
                      0.044042    0.000000    0.925184 ^ _1630_/B1 (sky130_fd_sc_hd__o211a_2)
     1    0.001537    0.068542    0.334033    1.259217 ^ _1630_/X (sky130_fd_sc_hd__o211a_2)
                                                         _0078_ (net)
                      0.068542    0.000000    1.259217 ^ _2964_/D (sky130_fd_sc_hd__dfxtp_2)
                                              1.259217   data arrival time

                      0.150000    0.000000    0.000000   clock clk (rise edge)
                                  0.000000    0.000000   clock network delay (ideal)
                                  0.250000    0.250000   clock uncertainty
                                  0.000000    0.250000   clock reconvergence pessimism
                                              0.250000 ^ _2964_/CLK (sky130_fd_sc_hd__dfxtp_2)
                                 -0.058883    0.191117   library hold time
                                              0.191117   data required time
---------------------------------------------------------------------------------------------
                                              0.191117   data required time
                                             -1.259217   data arrival time
---------------------------------------------------------------------------------------------
                                              1.068100   slack (MET)


Startpoint: _3067_ (rising edge-triggered flip-flop clocked by clk)
Endpoint: _2959_ (rising edge-triggered flip-flop clocked by clk)
Path Group: clk
Path Type: min

Fanout         Cap        Slew       Delay        Time   Description
---------------------------------------------------------------------------------------------
                      0.150000    0.000000    0.000000   clock clk (rise edge)
                                  0.000000    0.000000   clock network delay (ideal)
                      0.150000    0.000000    0.000000 ^ _3067_/CLK (sky130_fd_sc_hd__dfxtp_2)
     2    0.003998    0.062827    0.679904    0.679904 ^ _3067_/Q (sky130_fd_sc_hd__dfxtp_2)
                                                         u_intf.u_slave.reg_ctrl[0] (net)
                      0.062827    0.000000    0.679904 ^ _1606_/A1 (sky130_fd_sc_hd__a21o_2)
     1    0.002420    0.052799    0.214080    0.893984 ^ _1606_/X (sky130_fd_sc_hd__a21o_2)
                                                         _1337_ (net)
                      0.052799    0.000000    0.893984 ^ _1612_/B1 (sky130_fd_sc_hd__o221a_2)
     1    0.001537    0.067823    0.366278    1.260262 ^ _1612_/X (sky130_fd_sc_hd__o221a_2)
                                                         _0073_ (net)
                      0.067823    0.000000    1.260262 ^ _2959_/D (sky130_fd_sc_hd__dfxtp_2)
                                              1.260262   data arrival time

                      0.150000    0.000000    0.000000   clock clk (rise edge)
                                  0.000000    0.000000   clock network delay (ideal)
                                  0.250000    0.250000   clock uncertainty
                                  0.000000    0.250000   clock reconvergence pessimism
                                              0.250000 ^ _2959_/CLK (sky130_fd_sc_hd__dfxtp_2)
                                 -0.058717    0.191283   library hold time
                                              0.191283   data required time
---------------------------------------------------------------------------------------------
                                              0.191283   data required time
                                             -1.260262   data arrival time
---------------------------------------------------------------------------------------------
                                              1.068979   slack (MET)


Startpoint: _3039_ (rising edge-triggered flip-flop clocked by clk)
Endpoint: _2963_ (rising edge-triggered flip-flop clocked by clk)
Path Group: clk
Path Type: min

Fanout         Cap        Slew       Delay        Time   Description
---------------------------------------------------------------------------------------------
                      0.150000    0.000000    0.000000   clock clk (rise edge)
                                  0.000000    0.000000   clock network delay (ideal)
                      0.150000    0.000000    0.000000 ^ _3039_/CLK (sky130_fd_sc_hd__dfxtp_2)
     3    0.005798    0.075572    0.693224    0.693224 ^ _3039_/Q (sky130_fd_sc_hd__dfxtp_2)
                                                         u_intf.u_slave.reg_weight[4] (net)
                      0.075572    0.000000    0.693224 ^ _1624_/B2 (sky130_fd_sc_hd__a22o_2)
     1    0.002476    0.060294    0.252076    0.945300 ^ _1624_/X (sky130_fd_sc_hd__a22o_2)
                                                         _1351_ (net)
                      0.060294    0.000000    0.945300 ^ _1626_/A2 (sky130_fd_sc_hd__o211a_2)
     1    0.001537    0.067110    0.326670    1.271970 ^ _1626_/X (sky130_fd_sc_hd__o211a_2)
                                                         _0077_ (net)
                      0.067110    0.000000    1.271970 ^ _2963_/D (sky130_fd_sc_hd__dfxtp_2)
                                              1.271970   data arrival time

                      0.150000    0.000000    0.000000   clock clk (rise edge)
                                  0.000000    0.000000   clock network delay (ideal)
                                  0.250000    0.250000   clock uncertainty
                                  0.000000    0.250000   clock reconvergence pessimism
                                              0.250000 ^ _2963_/CLK (sky130_fd_sc_hd__dfxtp_2)
                                 -0.058552    0.191448   library hold time
                                              0.191448   data required time
---------------------------------------------------------------------------------------------
                                              0.191448   data required time
                                             -1.271970   data arrival time
---------------------------------------------------------------------------------------------
                                              1.080523   slack (MET)


Startpoint: _3145_ (rising edge-triggered flip-flop clocked by clk)
Endpoint: _3145_ (rising edge-triggered flip-flop clocked by clk)
Path Group: clk
Path Type: min

Fanout         Cap        Slew       Delay        Time   Description
---------------------------------------------------------------------------------------------
                      0.150000    0.000000    0.000000   clock clk (rise edge)
                                  0.000000    0.000000   clock network delay (ideal)
                      0.150000    0.000000    0.000000 ^ _3145_/CLK (sky130_fd_sc_hd__dfxtp_2)
     3    0.014018    0.134363    0.742788    0.742788 ^ _3145_/Q (sky130_fd_sc_hd__dfxtp_2)
                                                         u_core.pe_array[0].u_pe.accum_reg[12] (net)
                      0.134363    0.000000    0.742788 ^ _2800_/A2 (sky130_fd_sc_hd__a22o_2)
     1    0.001460    0.052107    0.294193    1.036982 ^ _2800_/X (sky130_fd_sc_hd__a22o_2)
                                                         _1218_ (net)
                      0.052107    0.000000    1.036982 ^ _2801_/B (sky130_fd_sc_hd__and2_2)
     1    0.001537    0.058575    0.239842    1.276824 ^ _2801_/X (sky130_fd_sc_hd__and2_2)
                                                         _0259_ (net)
                      0.058575    0.000000    1.276824 ^ _3145_/D (sky130_fd_sc_hd__dfxtp_2)
                                              1.276824   data arrival time

                      0.150000    0.000000    0.000000   clock clk (rise edge)
                                  0.000000    0.000000   clock network delay (ideal)
                                  0.250000    0.250000   clock uncertainty
                                  0.000000    0.250000   clock reconvergence pessimism
                                              0.250000 ^ _3145_/CLK (sky130_fd_sc_hd__dfxtp_2)
                                 -0.056582    0.193418   library hold time
                                              0.193418   data required time
---------------------------------------------------------------------------------------------
                                              0.193418   data required time
                                             -1.276824   data arrival time
---------------------------------------------------------------------------------------------
                                              1.083405   slack (MET)


Startpoint: _3147_ (rising edge-triggered flip-flop clocked by clk)
Endpoint: _3147_ (rising edge-triggered flip-flop clocked by clk)
Path Group: clk
Path Type: min

Fanout         Cap        Slew       Delay        Time   Description
---------------------------------------------------------------------------------------------
                      0.150000    0.000000    0.000000   clock clk (rise edge)
                                  0.000000    0.000000   clock network delay (ideal)
                      0.150000    0.000000    0.000000 ^ _3147_/CLK (sky130_fd_sc_hd__dfxtp_2)
     3    0.014018    0.134363    0.742788    0.742788 ^ _3147_/Q (sky130_fd_sc_hd__dfxtp_2)
                                                         u_core.pe_array[0].u_pe.accum_reg[14] (net)
                      0.134363    0.000000    0.742788 ^ _2805_/A2 (sky130_fd_sc_hd__a22o_2)
     1    0.001460    0.052107    0.294193    1.036982 ^ _2805_/X (sky130_fd_sc_hd__a22o_2)
                                                         _1221_ (net)
                      0.052107    0.000000    1.036982 ^ _2806_/B (sky130_fd_sc_hd__and2_2)
     1    0.001537    0.058575    0.239842    1.276824 ^ _2806_/X (sky130_fd_sc_hd__and2_2)
                                                         _0261_ (net)
                      0.058575    0.000000    1.276824 ^ _3147_/D (sky130_fd_sc_hd__dfxtp_2)
                                              1.276824   data arrival time

                      0.150000    0.000000    0.000000   clock clk (rise edge)
                                  0.000000    0.000000   clock network delay (ideal)
                                  0.250000    0.250000   clock uncertainty
                                  0.000000    0.250000   clock reconvergence pessimism
                                              0.250000 ^ _3147_/CLK (sky130_fd_sc_hd__dfxtp_2)
                                 -0.056582    0.193418   library hold time
                                              0.193418   data required time
---------------------------------------------------------------------------------------------
                                              0.193418   data required time
                                             -1.276824   data arrival time
---------------------------------------------------------------------------------------------
                                              1.083405   slack (MET)


Startpoint: _2919_ (rising edge-triggered flip-flop clocked by clk)
Endpoint: _2974_ (rising edge-triggered flip-flop clocked by clk)
Path Group: clk
Path Type: min

Fanout         Cap        Slew       Delay        Time   Description
---------------------------------------------------------------------------------------------
                      0.150000    0.000000    0.000000   clock clk (rise edge)
                                  0.000000    0.000000   clock network delay (ideal)
                      0.150000    0.000000    0.000000 ^ _2919_/CLK (sky130_fd_sc_hd__dfxtp_2)
     2    0.004017    0.062961    0.680051    0.680051 ^ _2919_/Q (sky130_fd_sc_hd__dfxtp_2)
                                                         result_latch[15] (net)
                      0.062961    0.000000    0.680051 ^ _1665_/B2 (sky130_fd_sc_hd__a221o_2)
     1    0.002476    0.064704    0.268806    0.948857 ^ _1665_/X (sky130_fd_sc_hd__a221o_2)
                                                         _1381_ (net)
                      0.064704    0.000000    0.948857 ^ _1667_/A2 (sky130_fd_sc_hd__o211a_2)
     1    0.001537    0.067136    0.328548    1.277405 ^ _1667_/X (sky130_fd_sc_hd__o211a_2)
                                                         _0088_ (net)
                      0.067136    0.000000    1.277405 ^ _2974_/D (sky130_fd_sc_hd__dfxtp_2)
                                              1.277405   data arrival time

                      0.150000    0.000000    0.000000   clock clk (rise edge)
                                  0.000000    0.000000   clock network delay (ideal)
                                  0.250000    0.250000   clock uncertainty
                                  0.000000    0.250000   clock reconvergence pessimism
                                              0.250000 ^ _2974_/CLK (sky130_fd_sc_hd__dfxtp_2)
                                 -0.058558    0.191442   library hold time
                                              0.191442   data required time
---------------------------------------------------------------------------------------------
                                              0.191442   data required time
                                             -1.277405   data arrival time
---------------------------------------------------------------------------------------------
                                              1.085963   slack (MET)


Startpoint: _2927_ (rising edge-triggered flip-flop clocked by clk)
Endpoint: _2982_ (rising edge-triggered flip-flop clocked by clk)
Path Group: clk
Path Type: min

Fanout         Cap        Slew       Delay        Time   Description
---------------------------------------------------------------------------------------------
                      0.150000    0.000000    0.000000   clock clk (rise edge)
                                  0.000000    0.000000   clock network delay (ideal)
                      0.150000    0.000000    0.000000 ^ _2927_/CLK (sky130_fd_sc_hd__dfxtp_2)
     2    0.004017    0.062961    0.680051    0.680051 ^ _2927_/Q (sky130_fd_sc_hd__dfxtp_2)
                                                         result_latch[23] (net)
                      0.062961    0.000000    0.680051 ^ _1696_/B2 (sky130_fd_sc_hd__a221o_2)
     1    0.002476    0.064704    0.268806    0.948857 ^ _1696_/X (sky130_fd_sc_hd__a221o_2)
                                                         _1404_ (net)
                      0.064704    0.000000    0.948857 ^ _1698_/A2 (sky130_fd_sc_hd__o211a_2)
     1    0.001537    0.067136    0.328548    1.277405 ^ _1698_/X (sky130_fd_sc_hd__o211a_2)
                                                         _0096_ (net)
                      0.067136    0.000000    1.277405 ^ _2982_/D (sky130_fd_sc_hd__dfxtp_2)
                                              1.277405   data arrival time

                      0.150000    0.000000    0.000000   clock clk (rise edge)
                                  0.000000    0.000000   clock network delay (ideal)
                                  0.250000    0.250000   clock uncertainty
                                  0.000000    0.250000   clock reconvergence pessimism
                                              0.250000 ^ _2982_/CLK (sky130_fd_sc_hd__dfxtp_2)
                                 -0.058558    0.191442   library hold time
                                              0.191442   data required time
---------------------------------------------------------------------------------------------
                                              0.191442   data required time
                                             -1.277405   data arrival time
---------------------------------------------------------------------------------------------
                                              1.085963   slack (MET)


Startpoint: _2930_ (rising edge-triggered flip-flop clocked by clk)
Endpoint: _2985_ (rising edge-triggered flip-flop clocked by clk)
Path Group: clk
Path Type: min

Fanout         Cap        Slew       Delay        Time   Description
---------------------------------------------------------------------------------------------
                      0.150000    0.000000    0.000000   clock clk (rise edge)
                                  0.000000    0.000000   clock network delay (ideal)
                      0.150000    0.000000    0.000000 ^ _2930_/CLK (sky130_fd_sc_hd__dfxtp_2)
     2    0.004017    0.062961    0.680051    0.680051 ^ _2930_/Q (sky130_fd_sc_hd__dfxtp_2)
                                                         result_latch[26] (net)
                      0.062961    0.000000    0.680051 ^ _1707_/B2 (sky130_fd_sc_hd__a221o_2)
     1    0.002476    0.064704    0.268806    0.948857 ^ _1707_/X (sky130_fd_sc_hd__a221o_2)
                                                         _1412_ (net)
                      0.064704    0.000000    0.948857 ^ _1709_/A2 (sky130_fd_sc_hd__o211a_2)
     1    0.001537    0.067136    0.328548    1.277405 ^ _1709_/X (sky130_fd_sc_hd__o211a_2)
                                                         _0099_ (net)
                      0.067136    0.000000    1.277405 ^ _2985_/D (sky130_fd_sc_hd__dfxtp_2)
                                              1.277405   data arrival time

                      0.150000    0.000000    0.000000   clock clk (rise edge)
                                  0.000000    0.000000   clock network delay (ideal)
                                  0.250000    0.250000   clock uncertainty
                                  0.000000    0.250000   clock reconvergence pessimism
                                              0.250000 ^ _2985_/CLK (sky130_fd_sc_hd__dfxtp_2)
                                 -0.058558    0.191442   library hold time
                                              0.191442   data required time
---------------------------------------------------------------------------------------------
                                              0.191442   data required time
                                             -1.277405   data arrival time
---------------------------------------------------------------------------------------------
                                              1.085963   slack (MET)


Startpoint: _2934_ (rising edge-triggered flip-flop clocked by clk)
Endpoint: _2989_ (rising edge-triggered flip-flop clocked by clk)
Path Group: clk
Path Type: min

Fanout         Cap        Slew       Delay        Time   Description
---------------------------------------------------------------------------------------------
                      0.150000    0.000000    0.000000   clock clk (rise edge)
                                  0.000000    0.000000   clock network delay (ideal)
                      0.150000    0.000000    0.000000 ^ _2934_/CLK (sky130_fd_sc_hd__dfxtp_2)
     2    0.004017    0.062961    0.680051    0.680051 ^ _2934_/Q (sky130_fd_sc_hd__dfxtp_2)
                                                         result_latch[30] (net)
                      0.062961    0.000000    0.680051 ^ _1722_/B2 (sky130_fd_sc_hd__a221o_2)
     1    0.002476    0.064704    0.268806    0.948857 ^ _1722_/X (sky130_fd_sc_hd__a221o_2)
                                                         _1423_ (net)
                      0.064704    0.000000    0.948857 ^ _1724_/A2 (sky130_fd_sc_hd__o211a_2)
     1    0.001537    0.067136    0.328548    1.277405 ^ _1724_/X (sky130_fd_sc_hd__o211a_2)
                                                         _0103_ (net)
                      0.067136    0.000000    1.277405 ^ _2989_/D (sky130_fd_sc_hd__dfxtp_2)
                                              1.277405   data arrival time

                      0.150000    0.000000    0.000000   clock clk (rise edge)
                                  0.000000    0.000000   clock network delay (ideal)
                                  0.250000    0.250000   clock uncertainty
                                  0.000000    0.250000   clock reconvergence pessimism
                                              0.250000 ^ _2989_/CLK (sky130_fd_sc_hd__dfxtp_2)
                                 -0.058558    0.191442   library hold time
                                              0.191442   data required time
---------------------------------------------------------------------------------------------
                                              0.191442   data required time
                                             -1.277405   data arrival time
---------------------------------------------------------------------------------------------
                                              1.085963   slack (MET)


Startpoint: _3013_ (rising edge-triggered flip-flop clocked by clk)
Endpoint: _2969_ (rising edge-triggered flip-flop clocked by clk)
Path Group: clk
Path Type: min

Fanout         Cap        Slew       Delay        Time   Description
---------------------------------------------------------------------------------------------
                      0.150000    0.000000    0.000000   clock clk (rise edge)
                                  0.000000    0.000000   clock network delay (ideal)
                      0.150000    0.000000    0.000000 ^ _3013_/CLK (sky130_fd_sc_hd__dfxtp_2)
     2    0.004421    0.065814    0.683179    0.683179 ^ _3013_/Q (sky130_fd_sc_hd__dfxtp_2)
                                                         u_intf.u_slave.reg_pixel[10] (net)
                      0.065814    0.000000    0.683179 ^ _1647_/B2 (sky130_fd_sc_hd__a221o_2)
     1    0.002476    0.064704    0.269982    0.953161 ^ _1647_/X (sky130_fd_sc_hd__a221o_2)
                                                         _1368_ (net)
                      0.064704    0.000000    0.953161 ^ _1649_/A2 (sky130_fd_sc_hd__o211a_2)
     1    0.001537    0.067136    0.328548    1.281709 ^ _1649_/X (sky130_fd_sc_hd__o211a_2)
                                                         _0083_ (net)
                      0.067136    0.000000    1.281709 ^ _2969_/D (sky130_fd_sc_hd__dfxtp_2)
                                              1.281709   data arrival time

                      0.150000    0.000000    0.000000   clock clk (rise edge)
                                  0.000000    0.000000   clock network delay (ideal)
                                  0.250000    0.250000   clock uncertainty
                                  0.000000    0.250000   clock reconvergence pessimism
                                              0.250000 ^ _2969_/CLK (sky130_fd_sc_hd__dfxtp_2)
                                 -0.058558    0.191442   library hold time
                                              0.191442   data required time
---------------------------------------------------------------------------------------------
                                              0.191442   data required time
                                             -1.281709   data arrival time
---------------------------------------------------------------------------------------------
                                              1.090267   slack (MET)


Startpoint: _3014_ (rising edge-triggered flip-flop clocked by clk)
Endpoint: _2970_ (rising edge-triggered flip-flop clocked by clk)
Path Group: clk
Path Type: min

Fanout         Cap        Slew       Delay        Time   Description
---------------------------------------------------------------------------------------------
                      0.150000    0.000000    0.000000   clock clk (rise edge)
                                  0.000000    0.000000   clock network delay (ideal)
                      0.150000    0.000000    0.000000 ^ _3014_/CLK (sky130_fd_sc_hd__dfxtp_2)
     2    0.004421    0.065814    0.683179    0.683179 ^ _3014_/Q (sky130_fd_sc_hd__dfxtp_2)
                                                         u_intf.u_slave.reg_pixel[11] (net)
                      0.065814    0.000000    0.683179 ^ _1651_/B2 (sky130_fd_sc_hd__a221o_2)
     1    0.002476    0.064704    0.269982    0.953161 ^ _1651_/X (sky130_fd_sc_hd__a221o_2)
                                                         _1371_ (net)
                      0.064704    0.000000    0.953161 ^ _1653_/A2 (sky130_fd_sc_hd__o211a_2)
     1    0.001537    0.067136    0.328548    1.281709 ^ _1653_/X (sky130_fd_sc_hd__o211a_2)
                                                         _0084_ (net)
                      0.067136    0.000000    1.281709 ^ _2970_/D (sky130_fd_sc_hd__dfxtp_2)
                                              1.281709   data arrival time

                      0.150000    0.000000    0.000000   clock clk (rise edge)
                                  0.000000    0.000000   clock network delay (ideal)
                                  0.250000    0.250000   clock uncertainty
                                  0.000000    0.250000   clock reconvergence pessimism
                                              0.250000 ^ _2970_/CLK (sky130_fd_sc_hd__dfxtp_2)
                                 -0.058558    0.191442   library hold time
                                              0.191442   data required time
---------------------------------------------------------------------------------------------
                                              0.191442   data required time
                                             -1.281709   data arrival time
---------------------------------------------------------------------------------------------
                                              1.090267   slack (MET)


Startpoint: _3015_ (rising edge-triggered flip-flop clocked by clk)
Endpoint: _2971_ (rising edge-triggered flip-flop clocked by clk)
Path Group: clk
Path Type: min

Fanout         Cap        Slew       Delay        Time   Description
---------------------------------------------------------------------------------------------
                      0.150000    0.000000    0.000000   clock clk (rise edge)
                                  0.000000    0.000000   clock network delay (ideal)
                      0.150000    0.000000    0.000000 ^ _3015_/CLK (sky130_fd_sc_hd__dfxtp_2)
     2    0.004421    0.065814    0.683179    0.683179 ^ _3015_/Q (sky130_fd_sc_hd__dfxtp_2)
                                                         u_intf.u_slave.reg_pixel[12] (net)
                      0.065814    0.000000    0.683179 ^ _1655_/B2 (sky130_fd_sc_hd__a221o_2)
     1    0.002476    0.064704    0.269982    0.953161 ^ _1655_/X (sky130_fd_sc_hd__a221o_2)
                                                         _1374_ (net)
                      0.064704    0.000000    0.953161 ^ _1657_/A2 (sky130_fd_sc_hd__o211a_2)
     1    0.001537    0.067136    0.328548    1.281709 ^ _1657_/X (sky130_fd_sc_hd__o211a_2)
                                                         _0085_ (net)
                      0.067136    0.000000    1.281709 ^ _2971_/D (sky130_fd_sc_hd__dfxtp_2)
                                              1.281709   data arrival time

                      0.150000    0.000000    0.000000   clock clk (rise edge)
                                  0.000000    0.000000   clock network delay (ideal)
                                  0.250000    0.250000   clock uncertainty
                                  0.000000    0.250000   clock reconvergence pessimism
                                              0.250000 ^ _2971_/CLK (sky130_fd_sc_hd__dfxtp_2)
                                 -0.058558    0.191442   library hold time
                                              0.191442   data required time
---------------------------------------------------------------------------------------------
                                              0.191442   data required time
                                             -1.281709   data arrival time
---------------------------------------------------------------------------------------------
                                              1.090267   slack (MET)


Startpoint: _3051_ (rising edge-triggered flip-flop clocked by clk)
Endpoint: _2975_ (rising edge-triggered flip-flop clocked by clk)
Path Group: clk
Path Type: min

Fanout         Cap        Slew       Delay        Time   Description
---------------------------------------------------------------------------------------------
                      0.150000    0.000000    0.000000   clock clk (rise edge)
                                  0.000000    0.000000   clock network delay (ideal)
                      0.150000    0.000000    0.000000 ^ _3051_/CLK (sky130_fd_sc_hd__dfxtp_2)
     2    0.004421    0.065814    0.683179    0.683179 ^ _3051_/Q (sky130_fd_sc_hd__dfxtp_2)
                                                         u_intf.u_slave.reg_weight[16] (net)
                      0.065814    0.000000    0.683179 ^ _1669_/B2 (sky130_fd_sc_hd__a221o_2)
     1    0.002476    0.064704    0.269982    0.953161 ^ _1669_/X (sky130_fd_sc_hd__a221o_2)
                                                         _1384_ (net)
                      0.064704    0.000000    0.953161 ^ _1671_/A2 (sky130_fd_sc_hd__o211a_2)
     1    0.001537    0.067136    0.328548    1.281709 ^ _1671_/X (sky130_fd_sc_hd__o211a_2)
                                                         _0089_ (net)
                      0.067136    0.000000    1.281709 ^ _2975_/D (sky130_fd_sc_hd__dfxtp_2)
                                              1.281709   data arrival time

                      0.150000    0.000000    0.000000   clock clk (rise edge)
                                  0.000000    0.000000   clock network delay (ideal)
                                  0.250000    0.250000   clock uncertainty
                                  0.000000    0.250000   clock reconvergence pessimism
                                              0.250000 ^ _2975_/CLK (sky130_fd_sc_hd__dfxtp_2)
                                 -0.058558    0.191442   library hold time
                                              0.191442   data required time
---------------------------------------------------------------------------------------------
                                              0.191442   data required time
                                             -1.281709   data arrival time
---------------------------------------------------------------------------------------------
                                              1.090267   slack (MET)


Startpoint: _3053_ (rising edge-triggered flip-flop clocked by clk)
Endpoint: _2977_ (rising edge-triggered flip-flop clocked by clk)
Path Group: clk
Path Type: min

Fanout         Cap        Slew       Delay        Time   Description
---------------------------------------------------------------------------------------------
                      0.150000    0.000000    0.000000   clock clk (rise edge)
                                  0.000000    0.000000   clock network delay (ideal)
                      0.150000    0.000000    0.000000 ^ _3053_/CLK (sky130_fd_sc_hd__dfxtp_2)
     2    0.004421    0.065814    0.683179    0.683179 ^ _3053_/Q (sky130_fd_sc_hd__dfxtp_2)
                                                         u_intf.u_slave.reg_weight[18] (net)
                      0.065814    0.000000    0.683179 ^ _1677_/B2 (sky130_fd_sc_hd__a221o_2)
     1    0.002476    0.064704    0.269982    0.953161 ^ _1677_/X (sky130_fd_sc_hd__a221o_2)
                                                         _1390_ (net)
                      0.064704    0.000000    0.953161 ^ _1679_/A2 (sky130_fd_sc_hd__o211a_2)
     1    0.001537    0.067136    0.328548    1.281709 ^ _1679_/X (sky130_fd_sc_hd__o211a_2)
                                                         _0091_ (net)
                      0.067136    0.000000    1.281709 ^ _2977_/D (sky130_fd_sc_hd__dfxtp_2)
                                              1.281709   data arrival time

                      0.150000    0.000000    0.000000   clock clk (rise edge)
                                  0.000000    0.000000   clock network delay (ideal)
                                  0.250000    0.250000   clock uncertainty
                                  0.000000    0.250000   clock reconvergence pessimism
                                              0.250000 ^ _2977_/CLK (sky130_fd_sc_hd__dfxtp_2)
                                 -0.058558    0.191442   library hold time
                                              0.191442   data required time
---------------------------------------------------------------------------------------------
                                              0.191442   data required time
                                             -1.281709   data arrival time
---------------------------------------------------------------------------------------------
                                              1.090267   slack (MET)


Startpoint: _3054_ (rising edge-triggered flip-flop clocked by clk)
Endpoint: _2978_ (rising edge-triggered flip-flop clocked by clk)
Path Group: clk
Path Type: min

Fanout         Cap        Slew       Delay        Time   Description
---------------------------------------------------------------------------------------------
                      0.150000    0.000000    0.000000   clock clk (rise edge)
                                  0.000000    0.000000   clock network delay (ideal)
                      0.150000    0.000000    0.000000 ^ _3054_/CLK (sky130_fd_sc_hd__dfxtp_2)
     2    0.004421    0.065814    0.683179    0.683179 ^ _3054_/Q (sky130_fd_sc_hd__dfxtp_2)
                                                         u_intf.u_slave.reg_weight[19] (net)
                      0.065814    0.000000    0.683179 ^ _1681_/B2 (sky130_fd_sc_hd__a221o_2)
     1    0.002476    0.064704    0.269982    0.953161 ^ _1681_/X (sky130_fd_sc_hd__a221o_2)
                                                         _1393_ (net)
                      0.064704    0.000000    0.953161 ^ _1683_/A2 (sky130_fd_sc_hd__o211a_2)
     1    0.001537    0.067136    0.328548    1.281709 ^ _1683_/X (sky130_fd_sc_hd__o211a_2)
                                                         _0092_ (net)
                      0.067136    0.000000    1.281709 ^ _2978_/D (sky130_fd_sc_hd__dfxtp_2)
                                              1.281709   data arrival time

                      0.150000    0.000000    0.000000   clock clk (rise edge)
                                  0.000000    0.000000   clock network delay (ideal)
                                  0.250000    0.250000   clock uncertainty
                                  0.000000    0.250000   clock reconvergence pessimism
                                              0.250000 ^ _2978_/CLK (sky130_fd_sc_hd__dfxtp_2)
                                 -0.058558    0.191442   library hold time
                                              0.191442   data required time
---------------------------------------------------------------------------------------------
                                              0.191442   data required time
                                             -1.281709   data arrival time
---------------------------------------------------------------------------------------------
                                              1.090267   slack (MET)


Startpoint: _3056_ (rising edge-triggered flip-flop clocked by clk)
Endpoint: _2980_ (rising edge-triggered flip-flop clocked by clk)
Path Group: clk
Path Type: min

Fanout         Cap        Slew       Delay        Time   Description
---------------------------------------------------------------------------------------------
                      0.150000    0.000000    0.000000   clock clk (rise edge)
                                  0.000000    0.000000   clock network delay (ideal)
                      0.150000    0.000000    0.000000 ^ _3056_/CLK (sky130_fd_sc_hd__dfxtp_2)
     2    0.004421    0.065814    0.683179    0.683179 ^ _3056_/Q (sky130_fd_sc_hd__dfxtp_2)
                                                         u_intf.u_slave.reg_weight[21] (net)
                      0.065814    0.000000    0.683179 ^ _1688_/B2 (sky130_fd_sc_hd__a221o_2)
     1    0.002476    0.064704    0.269982    0.953161 ^ _1688_/X (sky130_fd_sc_hd__a221o_2)
                                                         _1398_ (net)
                      0.064704    0.000000    0.953161 ^ _1690_/A2 (sky130_fd_sc_hd__o211a_2)
     1    0.001537    0.067136    0.328548    1.281709 ^ _1690_/X (sky130_fd_sc_hd__o211a_2)
                                                         _0094_ (net)
                      0.067136    0.000000    1.281709 ^ _2980_/D (sky130_fd_sc_hd__dfxtp_2)
                                              1.281709   data arrival time

                      0.150000    0.000000    0.000000   clock clk (rise edge)
                                  0.000000    0.000000   clock network delay (ideal)
                                  0.250000    0.250000   clock uncertainty
                                  0.000000    0.250000   clock reconvergence pessimism
                                              0.250000 ^ _2980_/CLK (sky130_fd_sc_hd__dfxtp_2)
                                 -0.058558    0.191442   library hold time
                                              0.191442   data required time
---------------------------------------------------------------------------------------------
                                              0.191442   data required time
                                             -1.281709   data arrival time
---------------------------------------------------------------------------------------------
                                              1.090267   slack (MET)


Startpoint: _3030_ (rising edge-triggered flip-flop clocked by clk)
Endpoint: _2986_ (rising edge-triggered flip-flop clocked by clk)
Path Group: clk
Path Type: min

Fanout         Cap        Slew       Delay        Time   Description
---------------------------------------------------------------------------------------------
                      0.150000    0.000000    0.000000   clock clk (rise edge)
                                  0.000000    0.000000   clock network delay (ideal)
                      0.150000    0.000000    0.000000 ^ _3030_/CLK (sky130_fd_sc_hd__dfxtp_2)
     2    0.004421    0.065814    0.683179    0.683179 ^ _3030_/Q (sky130_fd_sc_hd__dfxtp_2)
                                                         u_intf.u_slave.reg_pixel[27] (net)
                      0.065814    0.000000    0.683179 ^ _1711_/B2 (sky130_fd_sc_hd__a221o_2)
     1    0.002476    0.064704    0.269982    0.953161 ^ _1711_/X (sky130_fd_sc_hd__a221o_2)
                                                         _1415_ (net)
                      0.064704    0.000000    0.953161 ^ _1713_/A2 (sky130_fd_sc_hd__o211a_2)
     1    0.001537    0.067136    0.328548    1.281709 ^ _1713_/X (sky130_fd_sc_hd__o211a_2)
                                                         _0100_ (net)
                      0.067136    0.000000    1.281709 ^ _2986_/D (sky130_fd_sc_hd__dfxtp_2)
                                              1.281709   data arrival time

                      0.150000    0.000000    0.000000   clock clk (rise edge)
                                  0.000000    0.000000   clock network delay (ideal)
                                  0.250000    0.250000   clock uncertainty
                                  0.000000    0.250000   clock reconvergence pessimism
                                              0.250000 ^ _2986_/CLK (sky130_fd_sc_hd__dfxtp_2)
                                 -0.058558    0.191442   library hold time
                                              0.191442   data required time
---------------------------------------------------------------------------------------------
                                              0.191442   data required time
                                             -1.281709   data arrival time
---------------------------------------------------------------------------------------------
                                              1.090267   slack (MET)


Startpoint: _3066_ (rising edge-triggered flip-flop clocked by clk)
Endpoint: _2990_ (rising edge-triggered flip-flop clocked by clk)
Path Group: clk
Path Type: min

Fanout         Cap        Slew       Delay        Time   Description
---------------------------------------------------------------------------------------------
                      0.150000    0.000000    0.000000   clock clk (rise edge)
                                  0.000000    0.000000   clock network delay (ideal)
                      0.150000    0.000000    0.000000 ^ _3066_/CLK (sky130_fd_sc_hd__dfxtp_2)
     2    0.004421    0.065814    0.683179    0.683179 ^ _3066_/Q (sky130_fd_sc_hd__dfxtp_2)
                                                         u_intf.u_slave.reg_weight[31] (net)
                      0.065814    0.000000    0.683179 ^ _1726_/B2 (sky130_fd_sc_hd__a221o_2)
     1    0.002476    0.064704    0.269982    0.953161 ^ _1726_/X (sky130_fd_sc_hd__a221o_2)
                                                         _1426_ (net)
                      0.064704    0.000000    0.953161 ^ _1728_/A2 (sky130_fd_sc_hd__o211a_2)
     1    0.001537    0.067136    0.328548    1.281709 ^ _1728_/X (sky130_fd_sc_hd__o211a_2)
                                                         _0104_ (net)
                      0.067136    0.000000    1.281709 ^ _2990_/D (sky130_fd_sc_hd__dfxtp_2)
                                              1.281709   data arrival time

                      0.150000    0.000000    0.000000   clock clk (rise edge)
                                  0.000000    0.000000   clock network delay (ideal)
                                  0.250000    0.250000   clock uncertainty
                                  0.000000    0.250000   clock reconvergence pessimism
                                              0.250000 ^ _2990_/CLK (sky130_fd_sc_hd__dfxtp_2)
                                 -0.058558    0.191442   library hold time
                                              0.191442   data required time
---------------------------------------------------------------------------------------------
                                              0.191442   data required time
                                             -1.281709   data arrival time
---------------------------------------------------------------------------------------------
                                              1.090267   slack (MET)


Startpoint: _2911_ (rising edge-triggered flip-flop clocked by clk)
Endpoint: _2966_ (rising edge-triggered flip-flop clocked by clk)
Path Group: clk
Path Type: min

Fanout         Cap        Slew       Delay        Time   Description
---------------------------------------------------------------------------------------------
                      0.150000    0.000000    0.000000   clock clk (rise edge)
                                  0.000000    0.000000   clock network delay (ideal)
                      0.150000    0.000000    0.000000 ^ _2911_/CLK (sky130_fd_sc_hd__dfxtp_2)
     2    0.003978    0.062685    0.679749    0.679749 ^ _2911_/Q (sky130_fd_sc_hd__dfxtp_2)
                                                         result_latch[7] (net)
                      0.062685    0.000000    0.679749 ^ _1635_/B2 (sky130_fd_sc_hd__a22o_2)
     1    0.002526    0.060674    0.247134    0.926884 ^ _1635_/X (sky130_fd_sc_hd__a22o_2)
                                                         _1359_ (net)
                      0.060674    0.000000    0.926884 ^ _1638_/A1 (sky130_fd_sc_hd__o211a_2)
     1    0.001537    0.067136    0.354882    1.281766 ^ _1638_/X (sky130_fd_sc_hd__o211a_2)
                                                         _0080_ (net)
                      0.067136    0.000000    1.281766 ^ _2966_/D (sky130_fd_sc_hd__dfxtp_2)
                                              1.281766   data arrival time

                      0.150000    0.000000    0.000000   clock clk (rise edge)
                                  0.000000    0.000000   clock network delay (ideal)
                                  0.250000    0.250000   clock uncertainty
                                  0.000000    0.250000   clock reconvergence pessimism
                                              0.250000 ^ _2966_/CLK (sky130_fd_sc_hd__dfxtp_2)
                                 -0.058558    0.191442   library hold time
                                              0.191442   data required time
---------------------------------------------------------------------------------------------
                                              0.191442   data required time
                                             -1.281766   data arrival time
---------------------------------------------------------------------------------------------
                                              1.090324   slack (MET)


Startpoint: _3049_ (rising edge-triggered flip-flop clocked by clk)
Endpoint: _2973_ (rising edge-triggered flip-flop clocked by clk)
Path Group: clk
Path Type: min

Fanout         Cap        Slew       Delay        Time   Description
---------------------------------------------------------------------------------------------
                      0.150000    0.000000    0.000000   clock clk (rise edge)
                                  0.000000    0.000000   clock network delay (ideal)
                      0.150000    0.000000    0.000000 ^ _3049_/CLK (sky130_fd_sc_hd__dfxtp_2)
     2    0.004382    0.065539    0.682877    0.682877 ^ _3049_/Q (sky130_fd_sc_hd__dfxtp_2)
                                                         u_intf.u_slave.reg_weight[14] (net)
                      0.065539    0.000000    0.682877 ^ _1662_/B2 (sky130_fd_sc_hd__a22o_2)
     1    0.002468    0.060233    0.247772    0.930650 ^ _1662_/X (sky130_fd_sc_hd__a22o_2)
                                                         _1379_ (net)
                      0.060233    0.000000    0.930650 ^ _1663_/B2 (sky130_fd_sc_hd__o221a_2)
     1    0.001537    0.067847    0.352219    1.282869 ^ _1663_/X (sky130_fd_sc_hd__o221a_2)
                                                         _0087_ (net)
                      0.067847    0.000000    1.282869 ^ _2973_/D (sky130_fd_sc_hd__dfxtp_2)
                                              1.282869   data arrival time

                      0.150000    0.000000    0.000000   clock clk (rise edge)
                                  0.000000    0.000000   clock network delay (ideal)
                                  0.250000    0.250000   clock uncertainty
                                  0.000000    0.250000   clock reconvergence pessimism
                                              0.250000 ^ _2973_/CLK (sky130_fd_sc_hd__dfxtp_2)
                                 -0.058722    0.191278   library hold time
                                              0.191278   data required time
---------------------------------------------------------------------------------------------
                                              0.191278   data required time
                                             -1.282869   data arrival time
---------------------------------------------------------------------------------------------
                                              1.091591   slack (MET)


Startpoint: _3055_ (rising edge-triggered flip-flop clocked by clk)
Endpoint: _2979_ (rising edge-triggered flip-flop clocked by clk)
Path Group: clk
Path Type: min

Fanout         Cap        Slew       Delay        Time   Description
---------------------------------------------------------------------------------------------
                      0.150000    0.000000    0.000000   clock clk (rise edge)
                                  0.000000    0.000000   clock network delay (ideal)
                      0.150000    0.000000    0.000000 ^ _3055_/CLK (sky130_fd_sc_hd__dfxtp_2)
     2    0.004382    0.065539    0.682877    0.682877 ^ _3055_/Q (sky130_fd_sc_hd__dfxtp_2)
                                                         u_intf.u_slave.reg_weight[20] (net)
                      0.065539    0.000000    0.682877 ^ _1685_/B2 (sky130_fd_sc_hd__a22o_2)
     1    0.002468    0.060233    0.247772    0.930650 ^ _1685_/X (sky130_fd_sc_hd__a22o_2)
                                                         _1396_ (net)
                      0.060233    0.000000    0.930650 ^ _1686_/B2 (sky130_fd_sc_hd__o221a_2)
     1    0.001537    0.067847    0.352219    1.282869 ^ _1686_/X (sky130_fd_sc_hd__o221a_2)
                                                         _0093_ (net)
                      0.067847    0.000000    1.282869 ^ _2979_/D (sky130_fd_sc_hd__dfxtp_2)
                                              1.282869   data arrival time

                      0.150000    0.000000    0.000000   clock clk (rise edge)
                                  0.000000    0.000000   clock network delay (ideal)
                                  0.250000    0.250000   clock uncertainty
                                  0.000000    0.250000   clock reconvergence pessimism
                                              0.250000 ^ _2979_/CLK (sky130_fd_sc_hd__dfxtp_2)
                                 -0.058722    0.191278   library hold time
                                              0.191278   data required time
---------------------------------------------------------------------------------------------
                                              0.191278   data required time
                                             -1.282869   data arrival time
---------------------------------------------------------------------------------------------
                                              1.091591   slack (MET)


Startpoint: _3163_ (rising edge-triggered flip-flop clocked by clk)
Endpoint: _3163_ (rising edge-triggered flip-flop clocked by clk)
Path Group: clk
Path Type: min

Fanout         Cap        Slew       Delay        Time   Description
---------------------------------------------------------------------------------------------
                      0.150000    0.000000    0.000000   clock clk (rise edge)
                                  0.000000    0.000000   clock network delay (ideal)
                      0.150000    0.000000    0.000000 ^ _3163_/CLK (sky130_fd_sc_hd__dfxtp_2)
     3    0.016164    0.149712    0.755728    0.755728 ^ _3163_/Q (sky130_fd_sc_hd__dfxtp_2)
                                                         u_core.pe_array[0].u_pe.accum_reg[30] (net)
                      0.149712    0.000000    0.755728 ^ _2839_/A2 (sky130_fd_sc_hd__a22o_2)
     1    0.001460    0.052077    0.300001    1.055729 ^ _2839_/X (sky130_fd_sc_hd__a22o_2)
                                                         _1239_ (net)
                      0.052077    0.000000    1.055729 ^ _2840_/B (sky130_fd_sc_hd__and2_2)
     1    0.001537    0.058575    0.239830    1.295559 ^ _2840_/X (sky130_fd_sc_hd__and2_2)
                                                         _0277_ (net)
                      0.058575    0.000000    1.295559 ^ _3163_/D (sky130_fd_sc_hd__dfxtp_2)
                                              1.295559   data arrival time

                      0.150000    0.000000    0.000000   clock clk (rise edge)
                                  0.000000    0.000000   clock network delay (ideal)
                                  0.250000    0.250000   clock uncertainty
                                  0.000000    0.250000   clock reconvergence pessimism
                                              0.250000 ^ _3163_/CLK (sky130_fd_sc_hd__dfxtp_2)
                                 -0.056582    0.193418   library hold time
                                              0.193418   data required time
---------------------------------------------------------------------------------------------
                                              0.193418   data required time
                                             -1.295559   data arrival time
---------------------------------------------------------------------------------------------
                                              1.102141   slack (MET)


Startpoint: _3063_ (rising edge-triggered flip-flop clocked by clk)
Endpoint: _2987_ (rising edge-triggered flip-flop clocked by clk)
Path Group: clk
Path Type: min

Fanout         Cap        Slew       Delay        Time   Description
---------------------------------------------------------------------------------------------
                      0.150000    0.000000    0.000000   clock clk (rise edge)
                                  0.000000    0.000000   clock network delay (ideal)
                      0.150000    0.000000    0.000000 ^ _3063_/CLK (sky130_fd_sc_hd__dfxtp_2)
     2    0.004382    0.065539    0.682877    0.682877 ^ _3063_/Q (sky130_fd_sc_hd__dfxtp_2)
                                                         u_intf.u_slave.reg_weight[28] (net)
                      0.065539    0.000000    0.682877 ^ _1714_/B2 (sky130_fd_sc_hd__a22o_2)
     1    0.002420    0.059858    0.247306    0.930183 ^ _1714_/X (sky130_fd_sc_hd__a22o_2)
                                                         _1417_ (net)
                      0.059858    0.000000    0.930183 ^ _1716_/B1 (sky130_fd_sc_hd__o221a_2)
     1    0.001537    0.067925    0.369107    1.299290 ^ _1716_/X (sky130_fd_sc_hd__o221a_2)
                                                         _0101_ (net)
                      0.067925    0.000000    1.299290 ^ _2987_/D (sky130_fd_sc_hd__dfxtp_2)
                                              1.299290   data arrival time

                      0.150000    0.000000    0.000000   clock clk (rise edge)
                                  0.000000    0.000000   clock network delay (ideal)
                                  0.250000    0.250000   clock uncertainty
                                  0.000000    0.250000   clock reconvergence pessimism
                                              0.250000 ^ _2987_/CLK (sky130_fd_sc_hd__dfxtp_2)
                                 -0.058741    0.191259   library hold time
                                              0.191259   data required time
---------------------------------------------------------------------------------------------
                                              0.191259   data required time
                                             -1.299290   data arrival time
---------------------------------------------------------------------------------------------
                                              1.108031   slack (MET)


Startpoint: _3012_ (rising edge-triggered flip-flop clocked by clk)
Endpoint: _2968_ (rising edge-triggered flip-flop clocked by clk)
Path Group: clk
Path Type: min

Fanout         Cap        Slew       Delay        Time   Description
---------------------------------------------------------------------------------------------
                      0.150000    0.000000    0.000000   clock clk (rise edge)
                                  0.000000    0.000000   clock network delay (ideal)
                      0.150000    0.000000    0.000000 ^ _3012_/CLK (sky130_fd_sc_hd__dfxtp_2)
     2    0.004382    0.065539    0.682877    0.682877 ^ _3012_/Q (sky130_fd_sc_hd__dfxtp_2)
                                                         u_intf.u_slave.reg_pixel[9] (net)
                      0.065539    0.000000    0.682877 ^ _1643_/B2 (sky130_fd_sc_hd__a22o_2)
     1    0.002420    0.059866    0.247306    0.930183 ^ _1643_/X (sky130_fd_sc_hd__a22o_2)
                                                         _1365_ (net)
                      0.059866    0.000000    0.930183 ^ _1645_/B1 (sky130_fd_sc_hd__o221a_2)
     1    0.001537    0.067925    0.369111    1.299294 ^ _1645_/X (sky130_fd_sc_hd__o221a_2)
                                                         _0082_ (net)
                      0.067925    0.000000    1.299294 ^ _2968_/D (sky130_fd_sc_hd__dfxtp_2)
                                              1.299294   data arrival time

                      0.150000    0.000000    0.000000   clock clk (rise edge)
                                  0.000000    0.000000   clock network delay (ideal)
                                  0.250000    0.250000   clock uncertainty
                                  0.000000    0.250000   clock reconvergence pessimism
                                              0.250000 ^ _2968_/CLK (sky130_fd_sc_hd__dfxtp_2)
                                 -0.058741    0.191259   library hold time
                                              0.191259   data required time
---------------------------------------------------------------------------------------------
                                              0.191259   data required time
                                             -1.299294   data arrival time
---------------------------------------------------------------------------------------------
                                              1.108034   slack (MET)


Startpoint: _3048_ (rising edge-triggered flip-flop clocked by clk)
Endpoint: _2972_ (rising edge-triggered flip-flop clocked by clk)
Path Group: clk
Path Type: min

Fanout         Cap        Slew       Delay        Time   Description
---------------------------------------------------------------------------------------------
                      0.150000    0.000000    0.000000   clock clk (rise edge)
                                  0.000000    0.000000   clock network delay (ideal)
                      0.150000    0.000000    0.000000 ^ _3048_/CLK (sky130_fd_sc_hd__dfxtp_2)
     2    0.004382    0.065539    0.682877    0.682877 ^ _3048_/Q (sky130_fd_sc_hd__dfxtp_2)
                                                         u_intf.u_slave.reg_weight[13] (net)
                      0.065539    0.000000    0.682877 ^ _1658_/B2 (sky130_fd_sc_hd__a22o_2)
     1    0.002420    0.059866    0.247306    0.930183 ^ _1658_/X (sky130_fd_sc_hd__a22o_2)
                                                         _1376_ (net)
                      0.059866    0.000000    0.930183 ^ _1660_/B1 (sky130_fd_sc_hd__o221a_2)
     1    0.001537    0.067925    0.369111    1.299294 ^ _1660_/X (sky130_fd_sc_hd__o221a_2)
                                                         _0086_ (net)
                      0.067925    0.000000    1.299294 ^ _2972_/D (sky130_fd_sc_hd__dfxtp_2)
                                              1.299294   data arrival time

                      0.150000    0.000000    0.000000   clock clk (rise edge)
                                  0.000000    0.000000   clock network delay (ideal)
                                  0.250000    0.250000   clock uncertainty
                                  0.000000    0.250000   clock reconvergence pessimism
                                              0.250000 ^ _2972_/CLK (sky130_fd_sc_hd__dfxtp_2)
                                 -0.058741    0.191259   library hold time
                                              0.191259   data required time
---------------------------------------------------------------------------------------------
                                              0.191259   data required time
                                             -1.299294   data arrival time
---------------------------------------------------------------------------------------------
                                              1.108034   slack (MET)


Startpoint: _3028_ (rising edge-triggered flip-flop clocked by clk)
Endpoint: _2984_ (rising edge-triggered flip-flop clocked by clk)
Path Group: clk
Path Type: min

Fanout         Cap        Slew       Delay        Time   Description
---------------------------------------------------------------------------------------------
                      0.150000    0.000000    0.000000   clock clk (rise edge)
                                  0.000000    0.000000   clock network delay (ideal)
                      0.150000    0.000000    0.000000 ^ _3028_/CLK (sky130_fd_sc_hd__dfxtp_2)
     2    0.004382    0.065539    0.682877    0.682877 ^ _3028_/Q (sky130_fd_sc_hd__dfxtp_2)
                                                         u_intf.u_slave.reg_pixel[25] (net)
                      0.065539    0.000000    0.682877 ^ _1703_/B2 (sky130_fd_sc_hd__a22o_2)
     1    0.002420    0.059866    0.247306    0.930183 ^ _1703_/X (sky130_fd_sc_hd__a22o_2)
                                                         _1409_ (net)
                      0.059866    0.000000    0.930183 ^ _1705_/B1 (sky130_fd_sc_hd__o221a_2)
     1    0.001537    0.067925    0.369111    1.299294 ^ _1705_/X (sky130_fd_sc_hd__o221a_2)
                                                         _0098_ (net)
                      0.067925    0.000000    1.299294 ^ _2984_/D (sky130_fd_sc_hd__dfxtp_2)
                                              1.299294   data arrival time

                      0.150000    0.000000    0.000000   clock clk (rise edge)
                                  0.000000    0.000000   clock network delay (ideal)
                                  0.250000    0.250000   clock uncertainty
                                  0.000000    0.250000   clock reconvergence pessimism
                                              0.250000 ^ _2984_/CLK (sky130_fd_sc_hd__dfxtp_2)
                                 -0.058741    0.191259   library hold time
                                              0.191259   data required time
---------------------------------------------------------------------------------------------
                                              0.191259   data required time
                                             -1.299294   data arrival time
---------------------------------------------------------------------------------------------
                                              1.108034   slack (MET)


Startpoint: _3068_ (rising edge-triggered flip-flop clocked by clk)
Endpoint: _2960_ (rising edge-triggered flip-flop clocked by clk)
Path Group: clk
Path Type: min

Fanout         Cap        Slew       Delay        Time   Description
---------------------------------------------------------------------------------------------
                      0.150000    0.000000    0.000000   clock clk (rise edge)
                                  0.000000    0.000000   clock network delay (ideal)
                      0.150000    0.000000    0.000000 ^ _3068_/CLK (sky130_fd_sc_hd__dfxtp_2)
     2    0.003977    0.062678    0.679742    0.679742 ^ _3068_/Q (sky130_fd_sc_hd__dfxtp_2)
                                                         u_intf.u_slave.reg_ctrl[1] (net)
                      0.062678    0.000000    0.679742 ^ _1615_/A1 (sky130_fd_sc_hd__a221o_2)
     1    0.002468    0.052804    0.274064    0.953806 ^ _1615_/X (sky130_fd_sc_hd__a221o_2)
                                                         _1345_ (net)
                      0.052804    0.000000    0.953806 ^ _1616_/B2 (sky130_fd_sc_hd__o221a_2)
     1    0.001537    0.068070    0.349076    1.302881 ^ _1616_/X (sky130_fd_sc_hd__o221a_2)
                                                         _0074_ (net)
                      0.068070    0.000000    1.302881 ^ _2960_/D (sky130_fd_sc_hd__dfxtp_2)
                                              1.302881   data arrival time

                      0.150000    0.000000    0.000000   clock clk (rise edge)
                                  0.000000    0.000000   clock network delay (ideal)
                                  0.250000    0.250000   clock uncertainty
                                  0.000000    0.250000   clock reconvergence pessimism
                                              0.250000 ^ _2960_/CLK (sky130_fd_sc_hd__dfxtp_2)
                                 -0.058774    0.191226   library hold time
                                              0.191226   data required time
---------------------------------------------------------------------------------------------
                                              0.191226   data required time
                                             -1.302881   data arrival time
---------------------------------------------------------------------------------------------
                                              1.111656   slack (MET)


Startpoint: _3069_ (rising edge-triggered flip-flop clocked by clk)
Endpoint: _2961_ (rising edge-triggered flip-flop clocked by clk)
Path Group: clk
Path Type: min

Fanout         Cap        Slew       Delay        Time   Description
---------------------------------------------------------------------------------------------
                      0.150000    0.000000    0.000000   clock clk (rise edge)
                                  0.000000    0.000000   clock network delay (ideal)
                      0.150000    0.000000    0.000000 ^ _3069_/CLK (sky130_fd_sc_hd__dfxtp_2)
     2    0.003977    0.062678    0.679742    0.679742 ^ _3069_/Q (sky130_fd_sc_hd__dfxtp_2)
                                                         u_intf.u_slave.reg_ctrl[2] (net)
                      0.062678    0.000000    0.679742 ^ _1618_/A1 (sky130_fd_sc_hd__a221o_2)
     1    0.002468    0.052804    0.274064    0.953806 ^ _1618_/X (sky130_fd_sc_hd__a221o_2)
                                                         _1347_ (net)
                      0.052804    0.000000    0.953806 ^ _1619_/B2 (sky130_fd_sc_hd__o221a_2)
     1    0.001537    0.068070    0.349076    1.302881 ^ _1619_/X (sky130_fd_sc_hd__o221a_2)
                                                         _0075_ (net)
                      0.068070    0.000000    1.302881 ^ _2961_/D (sky130_fd_sc_hd__dfxtp_2)
                                              1.302881   data arrival time

                      0.150000    0.000000    0.000000   clock clk (rise edge)
                                  0.000000    0.000000   clock network delay (ideal)
                                  0.250000    0.250000   clock uncertainty
                                  0.000000    0.250000   clock reconvergence pessimism
                                              0.250000 ^ _2961_/CLK (sky130_fd_sc_hd__dfxtp_2)
                                 -0.058774    0.191226   library hold time
                                              0.191226   data required time
---------------------------------------------------------------------------------------------
                                              0.191226   data required time
                                             -1.302881   data arrival time
---------------------------------------------------------------------------------------------
                                              1.111656   slack (MET)


Startpoint: _3070_ (rising edge-triggered flip-flop clocked by clk)
Endpoint: _2962_ (rising edge-triggered flip-flop clocked by clk)
Path Group: clk
Path Type: min

Fanout         Cap        Slew       Delay        Time   Description
---------------------------------------------------------------------------------------------
                      0.150000    0.000000    0.000000   clock clk (rise edge)
                                  0.000000    0.000000   clock network delay (ideal)
                      0.150000    0.000000    0.000000 ^ _3070_/CLK (sky130_fd_sc_hd__dfxtp_2)
     2    0.003977    0.062678    0.679742    0.679742 ^ _3070_/Q (sky130_fd_sc_hd__dfxtp_2)
                                                         u_intf.u_slave.reg_ctrl[3] (net)
                      0.062678    0.000000    0.679742 ^ _1621_/A1 (sky130_fd_sc_hd__a221o_2)
     1    0.002468    0.052804    0.274064    0.953806 ^ _1621_/X (sky130_fd_sc_hd__a221o_2)
                                                         _1349_ (net)
                      0.052804    0.000000    0.953806 ^ _1622_/B2 (sky130_fd_sc_hd__o221a_2)
     1    0.001537    0.068070    0.349076    1.302881 ^ _1622_/X (sky130_fd_sc_hd__o221a_2)
                                                         _0076_ (net)
                      0.068070    0.000000    1.302881 ^ _2962_/D (sky130_fd_sc_hd__dfxtp_2)
                                              1.302881   data arrival time

                      0.150000    0.000000    0.000000   clock clk (rise edge)
                                  0.000000    0.000000   clock network delay (ideal)
                                  0.250000    0.250000   clock uncertainty
                                  0.000000    0.250000   clock reconvergence pessimism
                                              0.250000 ^ _2962_/CLK (sky130_fd_sc_hd__dfxtp_2)
                                 -0.058774    0.191226   library hold time
                                              0.191226   data required time
---------------------------------------------------------------------------------------------
                                              0.191226   data required time
                                             -1.302881   data arrival time
---------------------------------------------------------------------------------------------
                                              1.111656   slack (MET)


Startpoint: _3100_ (rising edge-triggered flip-flop clocked by clk)
Endpoint: _3201_ (rising edge-triggered flip-flop clocked by clk)
Path Group: clk
Path Type: min

Fanout         Cap        Slew       Delay        Time   Description
---------------------------------------------------------------------------------------------
                      0.150000    0.000000    0.000000   clock clk (rise edge)
                                  0.000000    0.000000   clock network delay (ideal)
                      0.150000    0.000000    0.000000 ^ _3100_/CLK (sky130_fd_sc_hd__dfxtp_2)
     3    0.007131    0.059218    0.653555    0.653555 v _3100_/Q (sky130_fd_sc_hd__dfxtp_2)
                                                         result_valid_w (net)
                      0.059218    0.000000    0.653555 v _1503_/A (sky130_fd_sc_hd__nand2_2)
    33    0.083914    0.679541    0.527119    1.180674 ^ _1503_/Y (sky130_fd_sc_hd__nand2_2)
                                                         _1286_ (net)
                      0.679541    0.000000    1.180674 ^ _2885_/B (sky130_fd_sc_hd__nor2_2)
     1    0.001577    0.106379    0.164545    1.345219 v _2885_/Y (sky130_fd_sc_hd__nor2_2)
                                                         _0315_ (net)
                      0.106379    0.000000    1.345219 v _3201_/D (sky130_fd_sc_hd__dfxtp_2)
                                              1.345219   data arrival time

                      0.150000    0.000000    0.000000   clock clk (rise edge)
                                  0.000000    0.000000   clock network delay (ideal)
                                  0.250000    0.250000   clock uncertainty
                                  0.000000    0.250000   clock reconvergence pessimism
                                              0.250000 ^ _3201_/CLK (sky130_fd_sc_hd__dfxtp_2)
                                 -0.084724    0.165276   library hold time
                                              0.165276   data required time
---------------------------------------------------------------------------------------------
                                              0.165276   data required time
                                             -1.345219   data arrival time
---------------------------------------------------------------------------------------------
                                              1.179943   slack (MET)


Startpoint: _2936_ (rising edge-triggered flip-flop clocked by clk)
Endpoint: _2948_ (rising edge-triggered flip-flop clocked by clk)
Path Group: clk
Path Type: min

Fanout         Cap        Slew       Delay        Time   Description
---------------------------------------------------------------------------------------------
                      0.150000    0.000000    0.000000   clock clk (rise edge)
                                  0.000000    0.000000   clock network delay (ideal)
                      0.150000    0.000000    0.000000 ^ _2936_/CLK (sky130_fd_sc_hd__dfxtp_2)
     9    0.026086    0.132348    0.723681    0.723681 v _2936_/Q (sky130_fd_sc_hd__dfxtp_2)
                                                         u_core.pe_array[0].u_pe.valid_in (net)
                      0.132348    0.000000    0.723681 v _1589_/A (sky130_fd_sc_hd__and3_2)
    33    0.071437    0.337758    0.663485    1.387166 v _1589_/X (sky130_fd_sc_hd__and3_2)
                                                         _0062_ (net)
                      0.337758    0.000000    1.387166 v _2948_/D (sky130_fd_sc_hd__dfxtp_2)
                                              1.387166   data arrival time

                      0.150000    0.000000    0.000000   clock clk (rise edge)
                                  0.000000    0.000000   clock network delay (ideal)
                                  0.250000    0.250000   clock uncertainty
                                  0.000000    0.250000   clock reconvergence pessimism
                                              0.250000 ^ _2948_/CLK (sky130_fd_sc_hd__dfxtp_2)
                                 -0.170243    0.079757   library hold time
                                              0.079757   data required time
---------------------------------------------------------------------------------------------
                                              0.079757   data required time
                                             -1.387166   data arrival time
---------------------------------------------------------------------------------------------
                                              1.307409   slack (MET)


Startpoint: _2969_ (rising edge-triggered flip-flop clocked by clk)
Endpoint: s_rdata[10] (output port clocked by clk)
Path Group: clk
Path Type: min

Fanout         Cap        Slew       Delay        Time   Description
---------------------------------------------------------------------------------------------
                      0.150000    0.000000    0.000000   clock clk (rise edge)
                                  0.000000    0.000000   clock network delay (ideal)
                      0.150000    0.000000    0.000000 ^ _2969_/CLK (sky130_fd_sc_hd__dfxtp_2)
     2    0.034811    0.165884    0.751386    0.751386 v _2969_/Q (sky130_fd_sc_hd__dfxtp_2)
                                                         s_rdata[10] (net)
                      0.165884    0.000000    0.751386 v s_rdata[10] (out)
                                              0.751386   data arrival time

                      0.150000    0.000000    0.000000   clock clk (rise edge)
                                  0.000000    0.000000   clock network delay (ideal)
                                  0.250000    0.250000   clock uncertainty
                                  0.000000    0.250000   clock reconvergence pessimism
                                 -2.000000   -1.750000   output external delay
                                             -1.750000   data required time
---------------------------------------------------------------------------------------------
                                             -1.750000   data required time
                                             -0.751386   data arrival time
---------------------------------------------------------------------------------------------
                                              2.501386   slack (MET)


Startpoint: _2970_ (rising edge-triggered flip-flop clocked by clk)
Endpoint: s_rdata[11] (output port clocked by clk)
Path Group: clk
Path Type: min

Fanout         Cap        Slew       Delay        Time   Description
---------------------------------------------------------------------------------------------
                      0.150000    0.000000    0.000000   clock clk (rise edge)
                                  0.000000    0.000000   clock network delay (ideal)
                      0.150000    0.000000    0.000000 ^ _2970_/CLK (sky130_fd_sc_hd__dfxtp_2)
     2    0.034811    0.165884    0.751386    0.751386 v _2970_/Q (sky130_fd_sc_hd__dfxtp_2)
                                                         s_rdata[11] (net)
                      0.165884    0.000000    0.751386 v s_rdata[11] (out)
                                              0.751386   data arrival time

                      0.150000    0.000000    0.000000   clock clk (rise edge)
                                  0.000000    0.000000   clock network delay (ideal)
                                  0.250000    0.250000   clock uncertainty
                                  0.000000    0.250000   clock reconvergence pessimism
                                 -2.000000   -1.750000   output external delay
                                             -1.750000   data required time
---------------------------------------------------------------------------------------------
                                             -1.750000   data required time
                                             -0.751386   data arrival time
---------------------------------------------------------------------------------------------
                                              2.501386   slack (MET)


Startpoint: _2971_ (rising edge-triggered flip-flop clocked by clk)
Endpoint: s_rdata[12] (output port clocked by clk)
Path Group: clk
Path Type: min

Fanout         Cap        Slew       Delay        Time   Description
---------------------------------------------------------------------------------------------
                      0.150000    0.000000    0.000000   clock clk (rise edge)
                                  0.000000    0.000000   clock network delay (ideal)
                      0.150000    0.000000    0.000000 ^ _2971_/CLK (sky130_fd_sc_hd__dfxtp_2)
     2    0.034811    0.165884    0.751386    0.751386 v _2971_/Q (sky130_fd_sc_hd__dfxtp_2)
                                                         s_rdata[12] (net)
                      0.165884    0.000000    0.751386 v s_rdata[12] (out)
                                              0.751386   data arrival time

                      0.150000    0.000000    0.000000   clock clk (rise edge)
                                  0.000000    0.000000   clock network delay (ideal)
                                  0.250000    0.250000   clock uncertainty
                                  0.000000    0.250000   clock reconvergence pessimism
                                 -2.000000   -1.750000   output external delay
                                             -1.750000   data required time
---------------------------------------------------------------------------------------------
                                             -1.750000   data required time
                                             -0.751386   data arrival time
---------------------------------------------------------------------------------------------
                                              2.501386   slack (MET)


Startpoint: _2974_ (rising edge-triggered flip-flop clocked by clk)
Endpoint: s_rdata[15] (output port clocked by clk)
Path Group: clk
Path Type: min

Fanout         Cap        Slew       Delay        Time   Description
---------------------------------------------------------------------------------------------
                      0.150000    0.000000    0.000000   clock clk (rise edge)
                                  0.000000    0.000000   clock network delay (ideal)
                      0.150000    0.000000    0.000000 ^ _2974_/CLK (sky130_fd_sc_hd__dfxtp_2)
     2    0.034811    0.165884    0.751386    0.751386 v _2974_/Q (sky130_fd_sc_hd__dfxtp_2)
                                                         s_rdata[15] (net)
                      0.165884    0.000000    0.751386 v s_rdata[15] (out)
                                              0.751386   data arrival time

                      0.150000    0.000000    0.000000   clock clk (rise edge)
                                  0.000000    0.000000   clock network delay (ideal)
                                  0.250000    0.250000   clock uncertainty
                                  0.000000    0.250000   clock reconvergence pessimism
                                 -2.000000   -1.750000   output external delay
                                             -1.750000   data required time
---------------------------------------------------------------------------------------------
                                             -1.750000   data required time
                                             -0.751386   data arrival time
---------------------------------------------------------------------------------------------
                                              2.501386   slack (MET)


Startpoint: _2975_ (rising edge-triggered flip-flop clocked by clk)
Endpoint: s_rdata[16] (output port clocked by clk)
Path Group: clk
Path Type: min

Fanout         Cap        Slew       Delay        Time   Description
---------------------------------------------------------------------------------------------
                      0.150000    0.000000    0.000000   clock clk (rise edge)
                                  0.000000    0.000000   clock network delay (ideal)
                      0.150000    0.000000    0.000000 ^ _2975_/CLK (sky130_fd_sc_hd__dfxtp_2)
     2    0.034811    0.165884    0.751386    0.751386 v _2975_/Q (sky130_fd_sc_hd__dfxtp_2)
                                                         s_rdata[16] (net)
                      0.165884    0.000000    0.751386 v s_rdata[16] (out)
                                              0.751386   data arrival time

                      0.150000    0.000000    0.000000   clock clk (rise edge)
                                  0.000000    0.000000   clock network delay (ideal)
                                  0.250000    0.250000   clock uncertainty
                                  0.000000    0.250000   clock reconvergence pessimism
                                 -2.000000   -1.750000   output external delay
                                             -1.750000   data required time
---------------------------------------------------------------------------------------------
                                             -1.750000   data required time
                                             -0.751386   data arrival time
---------------------------------------------------------------------------------------------
                                              2.501386   slack (MET)


Startpoint: _2976_ (rising edge-triggered flip-flop clocked by clk)
Endpoint: s_rdata[17] (output port clocked by clk)
Path Group: clk
Path Type: min

Fanout         Cap        Slew       Delay        Time   Description
---------------------------------------------------------------------------------------------
                      0.150000    0.000000    0.000000   clock clk (rise edge)
                                  0.000000    0.000000   clock network delay (ideal)
                      0.150000    0.000000    0.000000 ^ _2976_/CLK (sky130_fd_sc_hd__dfxtp_2)
     2    0.034811    0.165884    0.751386    0.751386 v _2976_/Q (sky130_fd_sc_hd__dfxtp_2)
                                                         s_rdata[17] (net)
                      0.165884    0.000000    0.751386 v s_rdata[17] (out)
                                              0.751386   data arrival time

                      0.150000    0.000000    0.000000   clock clk (rise edge)
                                  0.000000    0.000000   clock network delay (ideal)
                                  0.250000    0.250000   clock uncertainty
                                  0.000000    0.250000   clock reconvergence pessimism
                                 -2.000000   -1.750000   output external delay
                                             -1.750000   data required time
---------------------------------------------------------------------------------------------
                                             -1.750000   data required time
                                             -0.751386   data arrival time
---------------------------------------------------------------------------------------------
                                              2.501386   slack (MET)


Startpoint: _2977_ (rising edge-triggered flip-flop clocked by clk)
Endpoint: s_rdata[18] (output port clocked by clk)
Path Group: clk
Path Type: min

Fanout         Cap        Slew       Delay        Time   Description
---------------------------------------------------------------------------------------------
                      0.150000    0.000000    0.000000   clock clk (rise edge)
                                  0.000000    0.000000   clock network delay (ideal)
                      0.150000    0.000000    0.000000 ^ _2977_/CLK (sky130_fd_sc_hd__dfxtp_2)
     2    0.034811    0.165884    0.751386    0.751386 v _2977_/Q (sky130_fd_sc_hd__dfxtp_2)
                                                         s_rdata[18] (net)
                      0.165884    0.000000    0.751386 v s_rdata[18] (out)
                                              0.751386   data arrival time

                      0.150000    0.000000    0.000000   clock clk (rise edge)
                                  0.000000    0.000000   clock network delay (ideal)
                                  0.250000    0.250000   clock uncertainty
                                  0.000000    0.250000   clock reconvergence pessimism
                                 -2.000000   -1.750000   output external delay
                                             -1.750000   data required time
---------------------------------------------------------------------------------------------
                                             -1.750000   data required time
                                             -0.751386   data arrival time
---------------------------------------------------------------------------------------------
                                              2.501386   slack (MET)


Startpoint: _2978_ (rising edge-triggered flip-flop clocked by clk)
Endpoint: s_rdata[19] (output port clocked by clk)
Path Group: clk
Path Type: min

Fanout         Cap        Slew       Delay        Time   Description
---------------------------------------------------------------------------------------------
                      0.150000    0.000000    0.000000   clock clk (rise edge)
                                  0.000000    0.000000   clock network delay (ideal)
                      0.150000    0.000000    0.000000 ^ _2978_/CLK (sky130_fd_sc_hd__dfxtp_2)
     2    0.034811    0.165884    0.751386    0.751386 v _2978_/Q (sky130_fd_sc_hd__dfxtp_2)
                                                         s_rdata[19] (net)
                      0.165884    0.000000    0.751386 v s_rdata[19] (out)
                                              0.751386   data arrival time

                      0.150000    0.000000    0.000000   clock clk (rise edge)
                                  0.000000    0.000000   clock network delay (ideal)
                                  0.250000    0.250000   clock uncertainty
                                  0.000000    0.250000   clock reconvergence pessimism
                                 -2.000000   -1.750000   output external delay
                                             -1.750000   data required time
---------------------------------------------------------------------------------------------
                                             -1.750000   data required time
                                             -0.751386   data arrival time
---------------------------------------------------------------------------------------------
                                              2.501386   slack (MET)


Startpoint: _2980_ (rising edge-triggered flip-flop clocked by clk)
Endpoint: s_rdata[21] (output port clocked by clk)
Path Group: clk
Path Type: min

Fanout         Cap        Slew       Delay        Time   Description
---------------------------------------------------------------------------------------------
                      0.150000    0.000000    0.000000   clock clk (rise edge)
                                  0.000000    0.000000   clock network delay (ideal)
                      0.150000    0.000000    0.000000 ^ _2980_/CLK (sky130_fd_sc_hd__dfxtp_2)
     2    0.034811    0.165884    0.751386    0.751386 v _2980_/Q (sky130_fd_sc_hd__dfxtp_2)
                                                         s_rdata[21] (net)
                      0.165884    0.000000    0.751386 v s_rdata[21] (out)
                                              0.751386   data arrival time

                      0.150000    0.000000    0.000000   clock clk (rise edge)
                                  0.000000    0.000000   clock network delay (ideal)
                                  0.250000    0.250000   clock uncertainty
                                  0.000000    0.250000   clock reconvergence pessimism
                                 -2.000000   -1.750000   output external delay
                                             -1.750000   data required time
---------------------------------------------------------------------------------------------
                                             -1.750000   data required time
                                             -0.751386   data arrival time
---------------------------------------------------------------------------------------------
                                              2.501386   slack (MET)


Startpoint: _2981_ (rising edge-triggered flip-flop clocked by clk)
Endpoint: s_rdata[22] (output port clocked by clk)
Path Group: clk
Path Type: min

Fanout         Cap        Slew       Delay        Time   Description
---------------------------------------------------------------------------------------------
                      0.150000    0.000000    0.000000   clock clk (rise edge)
                                  0.000000    0.000000   clock network delay (ideal)
                      0.150000    0.000000    0.000000 ^ _2981_/CLK (sky130_fd_sc_hd__dfxtp_2)
     2    0.034811    0.165884    0.751386    0.751386 v _2981_/Q (sky130_fd_sc_hd__dfxtp_2)
                                                         s_rdata[22] (net)
                      0.165884    0.000000    0.751386 v s_rdata[22] (out)
                                              0.751386   data arrival time

                      0.150000    0.000000    0.000000   clock clk (rise edge)
                                  0.000000    0.000000   clock network delay (ideal)
                                  0.250000    0.250000   clock uncertainty
                                  0.000000    0.250000   clock reconvergence pessimism
                                 -2.000000   -1.750000   output external delay
                                             -1.750000   data required time
---------------------------------------------------------------------------------------------
                                             -1.750000   data required time
                                             -0.751386   data arrival time
---------------------------------------------------------------------------------------------
                                              2.501386   slack (MET)


Startpoint: _2982_ (rising edge-triggered flip-flop clocked by clk)
Endpoint: s_rdata[23] (output port clocked by clk)
Path Group: clk
Path Type: min

Fanout         Cap        Slew       Delay        Time   Description
---------------------------------------------------------------------------------------------
                      0.150000    0.000000    0.000000   clock clk (rise edge)
                                  0.000000    0.000000   clock network delay (ideal)
                      0.150000    0.000000    0.000000 ^ _2982_/CLK (sky130_fd_sc_hd__dfxtp_2)
     2    0.034811    0.165884    0.751386    0.751386 v _2982_/Q (sky130_fd_sc_hd__dfxtp_2)
                                                         s_rdata[23] (net)
                      0.165884    0.000000    0.751386 v s_rdata[23] (out)
                                              0.751386   data arrival time

                      0.150000    0.000000    0.000000   clock clk (rise edge)
                                  0.000000    0.000000   clock network delay (ideal)
                                  0.250000    0.250000   clock uncertainty
                                  0.000000    0.250000   clock reconvergence pessimism
                                 -2.000000   -1.750000   output external delay
                                             -1.750000   data required time
---------------------------------------------------------------------------------------------
                                             -1.750000   data required time
                                             -0.751386   data arrival time
---------------------------------------------------------------------------------------------
                                              2.501386   slack (MET)


Startpoint: _2983_ (rising edge-triggered flip-flop clocked by clk)
Endpoint: s_rdata[24] (output port clocked by clk)
Path Group: clk
Path Type: min

Fanout         Cap        Slew       Delay        Time   Description
---------------------------------------------------------------------------------------------
                      0.150000    0.000000    0.000000   clock clk (rise edge)
                                  0.000000    0.000000   clock network delay (ideal)
                      0.150000    0.000000    0.000000 ^ _2983_/CLK (sky130_fd_sc_hd__dfxtp_2)
     2    0.034811    0.165884    0.751386    0.751386 v _2983_/Q (sky130_fd_sc_hd__dfxtp_2)
                                                         s_rdata[24] (net)
                      0.165884    0.000000    0.751386 v s_rdata[24] (out)
                                              0.751386   data arrival time

                      0.150000    0.000000    0.000000   clock clk (rise edge)
                                  0.000000    0.000000   clock network delay (ideal)
                                  0.250000    0.250000   clock uncertainty
                                  0.000000    0.250000   clock reconvergence pessimism
                                 -2.000000   -1.750000   output external delay
                                             -1.750000   data required time
---------------------------------------------------------------------------------------------
                                             -1.750000   data required time
                                             -0.751386   data arrival time
---------------------------------------------------------------------------------------------
                                              2.501386   slack (MET)


Startpoint: _2985_ (rising edge-triggered flip-flop clocked by clk)
Endpoint: s_rdata[26] (output port clocked by clk)
Path Group: clk
Path Type: min

Fanout         Cap        Slew       Delay        Time   Description
---------------------------------------------------------------------------------------------
                      0.150000    0.000000    0.000000   clock clk (rise edge)
                                  0.000000    0.000000   clock network delay (ideal)
                      0.150000    0.000000    0.000000 ^ _2985_/CLK (sky130_fd_sc_hd__dfxtp_2)
     2    0.034811    0.165884    0.751386    0.751386 v _2985_/Q (sky130_fd_sc_hd__dfxtp_2)
                                                         s_rdata[26] (net)
                      0.165884    0.000000    0.751386 v s_rdata[26] (out)
                                              0.751386   data arrival time

                      0.150000    0.000000    0.000000   clock clk (rise edge)
                                  0.000000    0.000000   clock network delay (ideal)
                                  0.250000    0.250000   clock uncertainty
                                  0.000000    0.250000   clock reconvergence pessimism
                                 -2.000000   -1.750000   output external delay
                                             -1.750000   data required time
---------------------------------------------------------------------------------------------
                                             -1.750000   data required time
                                             -0.751386   data arrival time
---------------------------------------------------------------------------------------------
                                              2.501386   slack (MET)


Startpoint: _2986_ (rising edge-triggered flip-flop clocked by clk)
Endpoint: s_rdata[27] (output port clocked by clk)
Path Group: clk
Path Type: min

Fanout         Cap        Slew       Delay        Time   Description
---------------------------------------------------------------------------------------------
                      0.150000    0.000000    0.000000   clock clk (rise edge)
                                  0.000000    0.000000   clock network delay (ideal)
                      0.150000    0.000000    0.000000 ^ _2986_/CLK (sky130_fd_sc_hd__dfxtp_2)
     2    0.034811    0.165884    0.751386    0.751386 v _2986_/Q (sky130_fd_sc_hd__dfxtp_2)
                                                         s_rdata[27] (net)
                      0.165884    0.000000    0.751386 v s_rdata[27] (out)
                                              0.751386   data arrival time

                      0.150000    0.000000    0.000000   clock clk (rise edge)
                                  0.000000    0.000000   clock network delay (ideal)
                                  0.250000    0.250000   clock uncertainty
                                  0.000000    0.250000   clock reconvergence pessimism
                                 -2.000000   -1.750000   output external delay
                                             -1.750000   data required time
---------------------------------------------------------------------------------------------
                                             -1.750000   data required time
                                             -0.751386   data arrival time
---------------------------------------------------------------------------------------------
                                              2.501386   slack (MET)


Startpoint: _2988_ (rising edge-triggered flip-flop clocked by clk)
Endpoint: s_rdata[29] (output port clocked by clk)
Path Group: clk
Path Type: min

Fanout         Cap        Slew       Delay        Time   Description
---------------------------------------------------------------------------------------------
                      0.150000    0.000000    0.000000   clock clk (rise edge)
                                  0.000000    0.000000   clock network delay (ideal)
                      0.150000    0.000000    0.000000 ^ _2988_/CLK (sky130_fd_sc_hd__dfxtp_2)
     2    0.034811    0.165884    0.751386    0.751386 v _2988_/Q (sky130_fd_sc_hd__dfxtp_2)
                                                         s_rdata[29] (net)
                      0.165884    0.000000    0.751386 v s_rdata[29] (out)
                                              0.751386   data arrival time

                      0.150000    0.000000    0.000000   clock clk (rise edge)
                                  0.000000    0.000000   clock network delay (ideal)
                                  0.250000    0.250000   clock uncertainty
                                  0.000000    0.250000   clock reconvergence pessimism
                                 -2.000000   -1.750000   output external delay
                                             -1.750000   data required time
---------------------------------------------------------------------------------------------
                                             -1.750000   data required time
                                             -0.751386   data arrival time
---------------------------------------------------------------------------------------------
                                              2.501386   slack (MET)


Startpoint: _2989_ (rising edge-triggered flip-flop clocked by clk)
Endpoint: s_rdata[30] (output port clocked by clk)
Path Group: clk
Path Type: min

Fanout         Cap        Slew       Delay        Time   Description
---------------------------------------------------------------------------------------------
                      0.150000    0.000000    0.000000   clock clk (rise edge)
                                  0.000000    0.000000   clock network delay (ideal)
                      0.150000    0.000000    0.000000 ^ _2989_/CLK (sky130_fd_sc_hd__dfxtp_2)
     2    0.034811    0.165884    0.751386    0.751386 v _2989_/Q (sky130_fd_sc_hd__dfxtp_2)
                                                         s_rdata[30] (net)
                      0.165884    0.000000    0.751386 v s_rdata[30] (out)
                                              0.751386   data arrival time

                      0.150000    0.000000    0.000000   clock clk (rise edge)
                                  0.000000    0.000000   clock network delay (ideal)
                                  0.250000    0.250000   clock uncertainty
                                  0.000000    0.250000   clock reconvergence pessimism
                                 -2.000000   -1.750000   output external delay
                                             -1.750000   data required time
---------------------------------------------------------------------------------------------
                                             -1.750000   data required time
                                             -0.751386   data arrival time
---------------------------------------------------------------------------------------------
                                              2.501386   slack (MET)


Startpoint: _2990_ (rising edge-triggered flip-flop clocked by clk)
Endpoint: s_rdata[31] (output port clocked by clk)
Path Group: clk
Path Type: min

Fanout         Cap        Slew       Delay        Time   Description
---------------------------------------------------------------------------------------------
                      0.150000    0.000000    0.000000   clock clk (rise edge)
                                  0.000000    0.000000   clock network delay (ideal)
                      0.150000    0.000000    0.000000 ^ _2990_/CLK (sky130_fd_sc_hd__dfxtp_2)
     2    0.034811    0.165884    0.751386    0.751386 v _2990_/Q (sky130_fd_sc_hd__dfxtp_2)
                                                         s_rdata[31] (net)
                      0.165884    0.000000    0.751386 v s_rdata[31] (out)
                                              0.751386   data arrival time

                      0.150000    0.000000    0.000000   clock clk (rise edge)
                                  0.000000    0.000000   clock network delay (ideal)
                                  0.250000    0.250000   clock uncertainty
                                  0.000000    0.250000   clock reconvergence pessimism
                                 -2.000000   -1.750000   output external delay
                                             -1.750000   data required time
---------------------------------------------------------------------------------------------
                                             -1.750000   data required time
                                             -0.751386   data arrival time
---------------------------------------------------------------------------------------------
                                              2.501386   slack (MET)


Startpoint: _2963_ (rising edge-triggered flip-flop clocked by clk)
Endpoint: s_rdata[4] (output port clocked by clk)
Path Group: clk
Path Type: min

Fanout         Cap        Slew       Delay        Time   Description
---------------------------------------------------------------------------------------------
                      0.150000    0.000000    0.000000   clock clk (rise edge)
                                  0.000000    0.000000   clock network delay (ideal)
                      0.150000    0.000000    0.000000 ^ _2963_/CLK (sky130_fd_sc_hd__dfxtp_2)
     2    0.034811    0.165884    0.751386    0.751386 v _2963_/Q (sky130_fd_sc_hd__dfxtp_2)
                                                         s_rdata[4] (net)
                      0.165884    0.000000    0.751386 v s_rdata[4] (out)
                                              0.751386   data arrival time

                      0.150000    0.000000    0.000000   clock clk (rise edge)
                                  0.000000    0.000000   clock network delay (ideal)
                                  0.250000    0.250000   clock uncertainty
                                  0.000000    0.250000   clock reconvergence pessimism
                                 -2.000000   -1.750000   output external delay
                                             -1.750000   data required time
---------------------------------------------------------------------------------------------
                                             -1.750000   data required time
                                             -0.751386   data arrival time
---------------------------------------------------------------------------------------------
                                              2.501386   slack (MET)


Startpoint: _2966_ (rising edge-triggered flip-flop clocked by clk)
Endpoint: s_rdata[7] (output port clocked by clk)
Path Group: clk
Path Type: min

Fanout         Cap        Slew       Delay        Time   Description
---------------------------------------------------------------------------------------------
                      0.150000    0.000000    0.000000   clock clk (rise edge)
                                  0.000000    0.000000   clock network delay (ideal)
                      0.150000    0.000000    0.000000 ^ _2966_/CLK (sky130_fd_sc_hd__dfxtp_2)
     2    0.034811    0.165884    0.751386    0.751386 v _2966_/Q (sky130_fd_sc_hd__dfxtp_2)
                                                         s_rdata[7] (net)
                      0.165884    0.000000    0.751386 v s_rdata[7] (out)
                                              0.751386   data arrival time

                      0.150000    0.000000    0.000000   clock clk (rise edge)
                                  0.000000    0.000000   clock network delay (ideal)
                                  0.250000    0.250000   clock uncertainty
                                  0.000000    0.250000   clock reconvergence pessimism
                                 -2.000000   -1.750000   output external delay
                                             -1.750000   data required time
---------------------------------------------------------------------------------------------
                                             -1.750000   data required time
                                             -0.751386   data arrival time
---------------------------------------------------------------------------------------------
                                              2.501386   slack (MET)


Startpoint: _2967_ (rising edge-triggered flip-flop clocked by clk)
Endpoint: s_rdata[8] (output port clocked by clk)
Path Group: clk
Path Type: min

Fanout         Cap        Slew       Delay        Time   Description
---------------------------------------------------------------------------------------------
                      0.150000    0.000000    0.000000   clock clk (rise edge)
                                  0.000000    0.000000   clock network delay (ideal)
                      0.150000    0.000000    0.000000 ^ _2967_/CLK (sky130_fd_sc_hd__dfxtp_2)
     2    0.034811    0.165884    0.751386    0.751386 v _2967_/Q (sky130_fd_sc_hd__dfxtp_2)
                                                         s_rdata[8] (net)
                      0.165884    0.000000    0.751386 v s_rdata[8] (out)
                                              0.751386   data arrival time

                      0.150000    0.000000    0.000000   clock clk (rise edge)
                                  0.000000    0.000000   clock network delay (ideal)
                                  0.250000    0.250000   clock uncertainty
                                  0.000000    0.250000   clock reconvergence pessimism
                                 -2.000000   -1.750000   output external delay
                                             -1.750000   data required time
---------------------------------------------------------------------------------------------
                                             -1.750000   data required time
                                             -0.751386   data arrival time
---------------------------------------------------------------------------------------------
                                              2.501386   slack (MET)


Startpoint: _2959_ (rising edge-triggered flip-flop clocked by clk)
Endpoint: s_rdata[0] (output port clocked by clk)
Path Group: clk
Path Type: min

Fanout         Cap        Slew       Delay        Time   Description
---------------------------------------------------------------------------------------------
                      0.150000    0.000000    0.000000   clock clk (rise edge)
                                  0.000000    0.000000   clock network delay (ideal)
                      0.150000    0.000000    0.000000 ^ _2959_/CLK (sky130_fd_sc_hd__dfxtp_2)
     2    0.035728    0.169408    0.754298    0.754298 v _2959_/Q (sky130_fd_sc_hd__dfxtp_2)
                                                         s_rdata[0] (net)
                      0.169408    0.000000    0.754298 v s_rdata[0] (out)
                                              0.754298   data arrival time

                      0.150000    0.000000    0.000000   clock clk (rise edge)
                                  0.000000    0.000000   clock network delay (ideal)
                                  0.250000    0.250000   clock uncertainty
                                  0.000000    0.250000   clock reconvergence pessimism
                                 -2.000000   -1.750000   output external delay
                                             -1.750000   data required time
---------------------------------------------------------------------------------------------
                                             -1.750000   data required time
                                             -0.754298   data arrival time
---------------------------------------------------------------------------------------------
                                              2.504297   slack (MET)


Startpoint: _2972_ (rising edge-triggered flip-flop clocked by clk)
Endpoint: s_rdata[13] (output port clocked by clk)
Path Group: clk
Path Type: min

Fanout         Cap        Slew       Delay        Time   Description
---------------------------------------------------------------------------------------------
                      0.150000    0.000000    0.000000   clock clk (rise edge)
                                  0.000000    0.000000   clock network delay (ideal)
                      0.150000    0.000000    0.000000 ^ _2972_/CLK (sky130_fd_sc_hd__dfxtp_2)
     2    0.035728    0.169408    0.754298    0.754298 v _2972_/Q (sky130_fd_sc_hd__dfxtp_2)
                                                         s_rdata[13] (net)
                      0.169408    0.000000    0.754298 v s_rdata[13] (out)
                                              0.754298   data arrival time

                      0.150000    0.000000    0.000000   clock clk (rise edge)
                                  0.000000    0.000000   clock network delay (ideal)
                                  0.250000    0.250000   clock uncertainty
                                  0.000000    0.250000   clock reconvergence pessimism
                                 -2.000000   -1.750000   output external delay
                                             -1.750000   data required time
---------------------------------------------------------------------------------------------
                                             -1.750000   data required time
                                             -0.754298   data arrival time
---------------------------------------------------------------------------------------------
                                              2.504297   slack (MET)


Startpoint: _2973_ (rising edge-triggered flip-flop clocked by clk)
Endpoint: s_rdata[14] (output port clocked by clk)
Path Group: clk
Path Type: min

Fanout         Cap        Slew       Delay        Time   Description
---------------------------------------------------------------------------------------------
                      0.150000    0.000000    0.000000   clock clk (rise edge)
                                  0.000000    0.000000   clock network delay (ideal)
                      0.150000    0.000000    0.000000 ^ _2973_/CLK (sky130_fd_sc_hd__dfxtp_2)
     2    0.035728    0.169408    0.754298    0.754298 v _2973_/Q (sky130_fd_sc_hd__dfxtp_2)
                                                         s_rdata[14] (net)
                      0.169408    0.000000    0.754298 v s_rdata[14] (out)
                                              0.754298   data arrival time

                      0.150000    0.000000    0.000000   clock clk (rise edge)
                                  0.000000    0.000000   clock network delay (ideal)
                                  0.250000    0.250000   clock uncertainty
                                  0.000000    0.250000   clock reconvergence pessimism
                                 -2.000000   -1.750000   output external delay
                                             -1.750000   data required time
---------------------------------------------------------------------------------------------
                                             -1.750000   data required time
                                             -0.754298   data arrival time
---------------------------------------------------------------------------------------------
                                              2.504297   slack (MET)


Startpoint: _2960_ (rising edge-triggered flip-flop clocked by clk)
Endpoint: s_rdata[1] (output port clocked by clk)
Path Group: clk
Path Type: min

Fanout         Cap        Slew       Delay        Time   Description
---------------------------------------------------------------------------------------------
                      0.150000    0.000000    0.000000   clock clk (rise edge)
                                  0.000000    0.000000   clock network delay (ideal)
                      0.150000    0.000000    0.000000 ^ _2960_/CLK (sky130_fd_sc_hd__dfxtp_2)
     2    0.035728    0.169408    0.754298    0.754298 v _2960_/Q (sky130_fd_sc_hd__dfxtp_2)
                                                         s_rdata[1] (net)
                      0.169408    0.000000    0.754298 v s_rdata[1] (out)
                                              0.754298   data arrival time

                      0.150000    0.000000    0.000000   clock clk (rise edge)
                                  0.000000    0.000000   clock network delay (ideal)
                                  0.250000    0.250000   clock uncertainty
                                  0.000000    0.250000   clock reconvergence pessimism
                                 -2.000000   -1.750000   output external delay
                                             -1.750000   data required time
---------------------------------------------------------------------------------------------
                                             -1.750000   data required time
                                             -0.754298   data arrival time
---------------------------------------------------------------------------------------------
                                              2.504297   slack (MET)


Startpoint: _2979_ (rising edge-triggered flip-flop clocked by clk)
Endpoint: s_rdata[20] (output port clocked by clk)
Path Group: clk
Path Type: min

Fanout         Cap        Slew       Delay        Time   Description
---------------------------------------------------------------------------------------------
                      0.150000    0.000000    0.000000   clock clk (rise edge)
                                  0.000000    0.000000   clock network delay (ideal)
                      0.150000    0.000000    0.000000 ^ _2979_/CLK (sky130_fd_sc_hd__dfxtp_2)
     2    0.035728    0.169408    0.754298    0.754298 v _2979_/Q (sky130_fd_sc_hd__dfxtp_2)
                                                         s_rdata[20] (net)
                      0.169408    0.000000    0.754298 v s_rdata[20] (out)
                                              0.754298   data arrival time

                      0.150000    0.000000    0.000000   clock clk (rise edge)
                                  0.000000    0.000000   clock network delay (ideal)
                                  0.250000    0.250000   clock uncertainty
                                  0.000000    0.250000   clock reconvergence pessimism
                                 -2.000000   -1.750000   output external delay
                                             -1.750000   data required time
---------------------------------------------------------------------------------------------
                                             -1.750000   data required time
                                             -0.754298   data arrival time
---------------------------------------------------------------------------------------------
                                              2.504297   slack (MET)


Startpoint: _2984_ (rising edge-triggered flip-flop clocked by clk)
Endpoint: s_rdata[25] (output port clocked by clk)
Path Group: clk
Path Type: min

Fanout         Cap        Slew       Delay        Time   Description
---------------------------------------------------------------------------------------------
                      0.150000    0.000000    0.000000   clock clk (rise edge)
                                  0.000000    0.000000   clock network delay (ideal)
                      0.150000    0.000000    0.000000 ^ _2984_/CLK (sky130_fd_sc_hd__dfxtp_2)
     2    0.035728    0.169408    0.754298    0.754298 v _2984_/Q (sky130_fd_sc_hd__dfxtp_2)
                                                         s_rdata[25] (net)
                      0.169408    0.000000    0.754298 v s_rdata[25] (out)
                                              0.754298   data arrival time

                      0.150000    0.000000    0.000000   clock clk (rise edge)
                                  0.000000    0.000000   clock network delay (ideal)
                                  0.250000    0.250000   clock uncertainty
                                  0.000000    0.250000   clock reconvergence pessimism
                                 -2.000000   -1.750000   output external delay
                                             -1.750000   data required time
---------------------------------------------------------------------------------------------
                                             -1.750000   data required time
                                             -0.754298   data arrival time
---------------------------------------------------------------------------------------------
                                              2.504297   slack (MET)


Startpoint: _2987_ (rising edge-triggered flip-flop clocked by clk)
Endpoint: s_rdata[28] (output port clocked by clk)
Path Group: clk
Path Type: min

Fanout         Cap        Slew       Delay        Time   Description
---------------------------------------------------------------------------------------------
                      0.150000    0.000000    0.000000   clock clk (rise edge)
                                  0.000000    0.000000   clock network delay (ideal)
                      0.150000    0.000000    0.000000 ^ _2987_/CLK (sky130_fd_sc_hd__dfxtp_2)
     2    0.035728    0.169408    0.754298    0.754298 v _2987_/Q (sky130_fd_sc_hd__dfxtp_2)
                                                         s_rdata[28] (net)
                      0.169408    0.000000    0.754298 v s_rdata[28] (out)
                                              0.754298   data arrival time

                      0.150000    0.000000    0.000000   clock clk (rise edge)
                                  0.000000    0.000000   clock network delay (ideal)
                                  0.250000    0.250000   clock uncertainty
                                  0.000000    0.250000   clock reconvergence pessimism
                                 -2.000000   -1.750000   output external delay
                                             -1.750000   data required time
---------------------------------------------------------------------------------------------
                                             -1.750000   data required time
                                             -0.754298   data arrival time
---------------------------------------------------------------------------------------------
                                              2.504297   slack (MET)


Startpoint: _2961_ (rising edge-triggered flip-flop clocked by clk)
Endpoint: s_rdata[2] (output port clocked by clk)
Path Group: clk
Path Type: min

Fanout         Cap        Slew       Delay        Time   Description
---------------------------------------------------------------------------------------------
                      0.150000    0.000000    0.000000   clock clk (rise edge)
                                  0.000000    0.000000   clock network delay (ideal)
                      0.150000    0.000000    0.000000 ^ _2961_/CLK (sky130_fd_sc_hd__dfxtp_2)
     2    0.035728    0.169408    0.754298    0.754298 v _2961_/Q (sky130_fd_sc_hd__dfxtp_2)
                                                         s_rdata[2] (net)
                      0.169408    0.000000    0.754298 v s_rdata[2] (out)
                                              0.754298   data arrival time

                      0.150000    0.000000    0.000000   clock clk (rise edge)
                                  0.000000    0.000000   clock network delay (ideal)
                                  0.250000    0.250000   clock uncertainty
                                  0.000000    0.250000   clock reconvergence pessimism
                                 -2.000000   -1.750000   output external delay
                                             -1.750000   data required time
---------------------------------------------------------------------------------------------
                                             -1.750000   data required time
                                             -0.754298   data arrival time
---------------------------------------------------------------------------------------------
                                              2.504297   slack (MET)


Startpoint: _2962_ (rising edge-triggered flip-flop clocked by clk)
Endpoint: s_rdata[3] (output port clocked by clk)
Path Group: clk
Path Type: min

Fanout         Cap        Slew       Delay        Time   Description
---------------------------------------------------------------------------------------------
                      0.150000    0.000000    0.000000   clock clk (rise edge)
                                  0.000000    0.000000   clock network delay (ideal)
                      0.150000    0.000000    0.000000 ^ _2962_/CLK (sky130_fd_sc_hd__dfxtp_2)
     2    0.035728    0.169408    0.754298    0.754298 v _2962_/Q (sky130_fd_sc_hd__dfxtp_2)
                                                         s_rdata[3] (net)
                      0.169408    0.000000    0.754298 v s_rdata[3] (out)
                                              0.754298   data arrival time

                      0.150000    0.000000    0.000000   clock clk (rise edge)
                                  0.000000    0.000000   clock network delay (ideal)
                                  0.250000    0.250000   clock uncertainty
                                  0.000000    0.250000   clock reconvergence pessimism
                                 -2.000000   -1.750000   output external delay
                                             -1.750000   data required time
---------------------------------------------------------------------------------------------
                                             -1.750000   data required time
                                             -0.754298   data arrival time
---------------------------------------------------------------------------------------------
                                              2.504297   slack (MET)


Startpoint: _2968_ (rising edge-triggered flip-flop clocked by clk)
Endpoint: s_rdata[9] (output port clocked by clk)
Path Group: clk
Path Type: min

Fanout         Cap        Slew       Delay        Time   Description
---------------------------------------------------------------------------------------------
                      0.150000    0.000000    0.000000   clock clk (rise edge)
                                  0.000000    0.000000   clock network delay (ideal)
                      0.150000    0.000000    0.000000 ^ _2968_/CLK (sky130_fd_sc_hd__dfxtp_2)
     2    0.035728    0.169408    0.754298    0.754298 v _2968_/Q (sky130_fd_sc_hd__dfxtp_2)
                                                         s_rdata[9] (net)
                      0.169408    0.000000    0.754298 v s_rdata[9] (out)
                                              0.754298   data arrival time

                      0.150000    0.000000    0.000000   clock clk (rise edge)
                                  0.000000    0.000000   clock network delay (ideal)
                                  0.250000    0.250000   clock uncertainty
                                  0.000000    0.250000   clock reconvergence pessimism
                                 -2.000000   -1.750000   output external delay
                                             -1.750000   data required time
---------------------------------------------------------------------------------------------
                                             -1.750000   data required time
                                             -0.754298   data arrival time
---------------------------------------------------------------------------------------------
                                              2.504297   slack (MET)


Startpoint: _2964_ (rising edge-triggered flip-flop clocked by clk)
Endpoint: s_rdata[5] (output port clocked by clk)
Path Group: clk
Path Type: min

Fanout         Cap        Slew       Delay        Time   Description
---------------------------------------------------------------------------------------------
                      0.150000    0.000000    0.000000   clock clk (rise edge)
                                  0.000000    0.000000   clock network delay (ideal)
                      0.150000    0.000000    0.000000 ^ _2964_/CLK (sky130_fd_sc_hd__dfxtp_2)
     2    0.035767    0.169558    0.754421    0.754421 v _2964_/Q (sky130_fd_sc_hd__dfxtp_2)
                                                         s_rdata[5] (net)
                      0.169558    0.000000    0.754421 v s_rdata[5] (out)
                                              0.754421   data arrival time

                      0.150000    0.000000    0.000000   clock clk (rise edge)
                                  0.000000    0.000000   clock network delay (ideal)
                                  0.250000    0.250000   clock uncertainty
                                  0.000000    0.250000   clock reconvergence pessimism
                                 -2.000000   -1.750000   output external delay
                                             -1.750000   data required time
---------------------------------------------------------------------------------------------
                                             -1.750000   data required time
                                             -0.754421   data arrival time
---------------------------------------------------------------------------------------------
                                              2.504421   slack (MET)


Startpoint: _2965_ (rising edge-triggered flip-flop clocked by clk)
Endpoint: s_rdata[6] (output port clocked by clk)
Path Group: clk
Path Type: min

Fanout         Cap        Slew       Delay        Time   Description
---------------------------------------------------------------------------------------------
                      0.150000    0.000000    0.000000   clock clk (rise edge)
                                  0.000000    0.000000   clock network delay (ideal)
                      0.150000    0.000000    0.000000 ^ _2965_/CLK (sky130_fd_sc_hd__dfxtp_2)
     2    0.035767    0.169558    0.754421    0.754421 v _2965_/Q (sky130_fd_sc_hd__dfxtp_2)
                                                         s_rdata[6] (net)
                      0.169558    0.000000    0.754421 v s_rdata[6] (out)
                                              0.754421   data arrival time

                      0.150000    0.000000    0.000000   clock clk (rise edge)
                                  0.000000    0.000000   clock network delay (ideal)
                                  0.250000    0.250000   clock uncertainty
                                  0.000000    0.250000   clock reconvergence pessimism
                                 -2.000000   -1.750000   output external delay
                                             -1.750000   data required time
---------------------------------------------------------------------------------------------
                                             -1.750000   data required time
                                             -0.754421   data arrival time
---------------------------------------------------------------------------------------------
                                              2.504421   slack (MET)


Startpoint: _2958_ (rising edge-triggered flip-flop clocked by clk)
Endpoint: s_rvalid (output port clocked by clk)
Path Group: clk
Path Type: min

Fanout         Cap        Slew       Delay        Time   Description
---------------------------------------------------------------------------------------------
                      0.150000    0.000000    0.000000   clock clk (rise edge)
                                  0.000000    0.000000   clock network delay (ideal)
                      0.150000    0.000000    0.000000 ^ _2958_/CLK (sky130_fd_sc_hd__dfxtp_2)
     4    0.038428    0.179786    0.762871    0.762871 v _2958_/Q (sky130_fd_sc_hd__dfxtp_2)
                                                         s_rvalid (net)
                      0.179786    0.000000    0.762871 v s_rvalid (out)
                                              0.762871   data arrival time

                      0.150000    0.000000    0.000000   clock clk (rise edge)
                                  0.000000    0.000000   clock network delay (ideal)
                                  0.250000    0.250000   clock uncertainty
                                  0.000000    0.250000   clock reconvergence pessimism
                                 -2.000000   -1.750000   output external delay
                                             -1.750000   data required time
---------------------------------------------------------------------------------------------
                                             -1.750000   data required time
                                             -0.762871   data arrival time
---------------------------------------------------------------------------------------------
                                              2.512871   slack (MET)


Startpoint: _2994_ (rising edge-triggered flip-flop clocked by clk)
Endpoint: s_bvalid (output port clocked by clk)
Path Group: clk
Path Type: min

Fanout         Cap        Slew       Delay        Time   Description
---------------------------------------------------------------------------------------------
                      0.150000    0.000000    0.000000   clock clk (rise edge)
                                  0.000000    0.000000   clock network delay (ideal)
                      0.150000    0.000000    0.000000 ^ _2994_/CLK (sky130_fd_sc_hd__dfxtp_2)
     3    0.039978    0.185744    0.767793    0.767793 v _2994_/Q (sky130_fd_sc_hd__dfxtp_2)
                                                         s_bvalid (net)
                      0.185744    0.000000    0.767793 v s_bvalid (out)
                                              0.767793   data arrival time

                      0.150000    0.000000    0.000000   clock clk (rise edge)
                                  0.000000    0.000000   clock network delay (ideal)
                                  0.250000    0.250000   clock uncertainty
                                  0.000000    0.250000   clock reconvergence pessimism
                                 -2.000000   -1.750000   output external delay
                                             -1.750000   data required time
---------------------------------------------------------------------------------------------
                                             -1.750000   data required time
                                             -0.767793   data arrival time
---------------------------------------------------------------------------------------------
                                              2.517793   slack (MET)


Startpoint: _2957_ (rising edge-triggered flip-flop clocked by clk)
Endpoint: s_arready (output port clocked by clk)
Path Group: clk
Path Type: min

Fanout         Cap        Slew       Delay        Time   Description
---------------------------------------------------------------------------------------------
                      0.150000    0.000000    0.000000   clock clk (rise edge)
                                  0.000000    0.000000   clock network delay (ideal)
                      0.150000    0.000000    0.000000 ^ _2957_/CLK (sky130_fd_sc_hd__dfxtp_2)
     5    0.043766    0.200304    0.779821    0.779821 v _2957_/Q (sky130_fd_sc_hd__dfxtp_2)
                                                         s_arready (net)
                      0.200304    0.000000    0.779821 v s_arready (out)
                                              0.779821   data arrival time

                      0.150000    0.000000    0.000000   clock clk (rise edge)
                                  0.000000    0.000000   clock network delay (ideal)
                                  0.250000    0.250000   clock uncertainty
                                  0.000000    0.250000   clock reconvergence pessimism
                                 -2.000000   -1.750000   output external delay
                                             -1.750000   data required time
---------------------------------------------------------------------------------------------
                                             -1.750000   data required time
                                             -0.779821   data arrival time
---------------------------------------------------------------------------------------------
                                              2.529821   slack (MET)


Startpoint: _2992_ (rising edge-triggered flip-flop clocked by clk)
Endpoint: s_awready (output port clocked by clk)
Path Group: clk
Path Type: min

Fanout         Cap        Slew       Delay        Time   Description
---------------------------------------------------------------------------------------------
                      0.150000    0.000000    0.000000   clock clk (rise edge)
                                  0.000000    0.000000   clock network delay (ideal)
                      0.150000    0.000000    0.000000 ^ _2992_/CLK (sky130_fd_sc_hd__dfxtp_2)
     6    0.044206    0.201995    0.781218    0.781218 v _2992_/Q (sky130_fd_sc_hd__dfxtp_2)
                                                         s_awready (net)
                      0.201995    0.000000    0.781218 v s_awready (out)
                                              0.781218   data arrival time

                      0.150000    0.000000    0.000000   clock clk (rise edge)
                                  0.000000    0.000000   clock network delay (ideal)
                                  0.250000    0.250000   clock uncertainty
                                  0.000000    0.250000   clock reconvergence pessimism
                                 -2.000000   -1.750000   output external delay
                                             -1.750000   data required time
---------------------------------------------------------------------------------------------
                                             -1.750000   data required time
                                             -0.781218   data arrival time
---------------------------------------------------------------------------------------------
                                              2.531218   slack (MET)


Startpoint: _2993_ (rising edge-triggered flip-flop clocked by clk)
Endpoint: s_wready (output port clocked by clk)
Path Group: clk
Path Type: min

Fanout         Cap        Slew       Delay        Time   Description
---------------------------------------------------------------------------------------------
                      0.150000    0.000000    0.000000   clock clk (rise edge)
                                  0.000000    0.000000   clock network delay (ideal)
                      0.150000    0.000000    0.000000 ^ _2993_/CLK (sky130_fd_sc_hd__dfxtp_2)
     4    0.044464    0.202986    0.782037    0.782037 v _2993_/Q (sky130_fd_sc_hd__dfxtp_2)
                                                         s_wready (net)
                      0.202986    0.000000    0.782037 v s_wready (out)
                                              0.782037   data arrival time

                      0.150000    0.000000    0.000000   clock clk (rise edge)
                                  0.000000    0.000000   clock network delay (ideal)
                                  0.250000    0.250000   clock uncertainty
                                  0.000000    0.250000   clock reconvergence pessimism
                                 -2.000000   -1.750000   output external delay
                                             -1.750000   data required time
---------------------------------------------------------------------------------------------
                                             -1.750000   data required time
                                             -0.782037   data arrival time
---------------------------------------------------------------------------------------------
                                              2.532037   slack (MET)



