
===========================================================================
report_checks -path_delay min (Hold)
============================================================================
======================= nom_tt_025C_1v80 Corner ===================================

Startpoint: _3168_ (rising edge-triggered flip-flop clocked by clk)
Endpoint: _3168_ (rising edge-triggered flip-flop clocked by clk)
Path Group: clk
Path Type: min

Fanout         Cap        Slew       Delay        Time   Description
---------------------------------------------------------------------------------------------
                      0.150000    0.000000    0.000000   clock clk (rise edge)
                                  0.000000    0.000000   clock network delay (ideal)
                      0.150000    0.000000    0.000000 ^ _3168_/CLK (sky130_fd_sc_hd__dfxtp_2)
     3    0.011178    0.068650    0.373095    0.373095 ^ _3168_/Q (sky130_fd_sc_hd__dfxtp_2)
                                                         u_core.pe_array[0].u_pe.tap_count[3] (net)
                      0.068650    0.000000    0.373095 ^ _2852_/A1 (sky130_fd_sc_hd__a21oi_2)
     1    0.001681    0.026272    0.045497    0.418592 v _2852_/Y (sky130_fd_sc_hd__a21oi_2)
                                                         _0282_ (net)
                      0.026272    0.000000    0.418592 v _3168_/D (sky130_fd_sc_hd__dfxtp_2)
                                              0.418592   data arrival time

                      0.150000    0.000000    0.000000   clock clk (rise edge)
                                  0.000000    0.000000   clock network delay (ideal)
                                  0.250000    0.250000   clock uncertainty
                                  0.000000    0.250000   clock reconvergence pessimism
                                              0.250000 ^ _3168_/CLK (sky130_fd_sc_hd__dfxtp_2)
                                 -0.014971    0.235029   library hold time
                                              0.235029   data required time
---------------------------------------------------------------------------------------------
                                              0.235029   data required time
                                             -0.418592   data arrival time
---------------------------------------------------------------------------------------------
                                              0.183563   slack (MET)


Startpoint: _3201_ (rising edge-triggered flip-flop clocked by clk)
Endpoint: _2991_ (rising edge-triggered flip-flop clocked by clk)
Path Group: clk
Path Type: min

Fanout         Cap        Slew       Delay        Time   Description
---------------------------------------------------------------------------------------------
                      0.150000    0.000000    0.000000   clock clk (rise edge)
                                  0.000000    0.000000   clock network delay (ideal)
                      0.150000    0.000000    0.000000 ^ _3201_/CLK (sky130_fd_sc_hd__dfxtp_2)
     1    0.002564    0.029931    0.339342    0.339342 ^ _3201_/Q (sky130_fd_sc_hd__dfxtp_2)
                                                         done_r (net)
                      0.029931    0.000000    0.339342 ^ _1729_/A2 (sky130_fd_sc_hd__o21a_2)
     1    0.001674    0.024984    0.093073    0.432414 ^ _1729_/X (sky130_fd_sc_hd__o21a_2)
                                                         _0105_ (net)
                      0.024984    0.000000    0.432414 ^ _2991_/D (sky130_fd_sc_hd__dfxtp_2)
                                              0.432414   data arrival time

                      0.150000    0.000000    0.000000   clock clk (rise edge)
                                  0.000000    0.000000   clock network delay (ideal)
                                  0.250000    0.250000   clock uncertainty
                                  0.000000    0.250000   clock reconvergence pessimism
                                              0.250000 ^ _2991_/CLK (sky130_fd_sc_hd__dfxtp_2)
                                 -0.013273    0.236727   library hold time
                                              0.236727   data required time
---------------------------------------------------------------------------------------------
                                              0.236727   data required time
                                             -0.432414   data arrival time
---------------------------------------------------------------------------------------------
                                              0.195687   slack (MET)


Startpoint: _2890_ (rising edge-triggered flip-flop clocked by clk)
Endpoint: _2958_ (rising edge-triggered flip-flop clocked by clk)
Path Group: clk
Path Type: min

Fanout         Cap        Slew       Delay        Time   Description
---------------------------------------------------------------------------------------------
                      0.150000    0.000000    0.000000   clock clk (rise edge)
                                  0.000000    0.000000   clock network delay (ideal)
                      0.150000    0.000000    0.000000 ^ _2890_/CLK (sky130_fd_sc_hd__dfxtp_2)
     4    0.009934    0.063026    0.368433    0.368433 ^ _2890_/Q (sky130_fd_sc_hd__dfxtp_2)
                                                         u_intf.u_slave.rd_state[1] (net)
                      0.063026    0.000000    0.368433 ^ _1600_/A1 (sky130_fd_sc_hd__a311oi_2)
     1    0.001681    0.027200    0.072935    0.441368 v _1600_/Y (sky130_fd_sc_hd__a311oi_2)
                                                         _0072_ (net)
                      0.027200    0.000000    0.441368 v _2958_/D (sky130_fd_sc_hd__dfxtp_2)
                                              0.441368   data arrival time

                      0.150000    0.000000    0.000000   clock clk (rise edge)
                                  0.000000    0.000000   clock network delay (ideal)
                                  0.250000    0.250000   clock uncertainty
                                  0.000000    0.250000   clock reconvergence pessimism
                                              0.250000 ^ _2958_/CLK (sky130_fd_sc_hd__dfxtp_2)
                                 -0.015352    0.234648   library hold time
                                              0.234648   data required time
---------------------------------------------------------------------------------------------
                                              0.234648   data required time
                                             -0.441368   data arrival time
---------------------------------------------------------------------------------------------
                                              0.206719   slack (MET)


Startpoint: _2900_ (rising edge-triggered flip-flop clocked by clk)
Endpoint: _2900_ (rising edge-triggered flip-flop clocked by clk)
Path Group: clk
Path Type: min

Fanout         Cap        Slew       Delay        Time   Description
---------------------------------------------------------------------------------------------
                      0.150000    0.000000    0.000000   clock clk (rise edge)
                                  0.000000    0.000000   clock network delay (ideal)
                      0.150000    0.000000    0.000000 ^ _2900_/CLK (sky130_fd_sc_hd__dfxtp_2)
     2    0.003260    0.032985    0.342565    0.342565 ^ _2900_/Q (sky130_fd_sc_hd__dfxtp_2)
                                                         u_intf.u_slave.wr_addr_lat[1] (net)
                      0.032985    0.000000    0.342565 ^ _1499_/A0 (sky130_fd_sc_hd__mux2_1)
     1    0.001674    0.033915    0.101244    0.443808 ^ _1499_/X (sky130_fd_sc_hd__mux2_1)
                                                         _0017_ (net)
                      0.033915    0.000000    0.443808 ^ _2900_/D (sky130_fd_sc_hd__dfxtp_2)
                                              0.443808   data arrival time

                      0.150000    0.000000    0.000000   clock clk (rise edge)
                                  0.000000    0.000000   clock network delay (ideal)
                                  0.250000    0.250000   clock uncertainty
                                  0.000000    0.250000   clock reconvergence pessimism
                                              0.250000 ^ _2900_/CLK (sky130_fd_sc_hd__dfxtp_2)
                                 -0.015099    0.234901   library hold time
                                              0.234901   data required time
---------------------------------------------------------------------------------------------
                                              0.234901   data required time
                                             -0.443808   data arrival time
---------------------------------------------------------------------------------------------
                                              0.208907   slack (MET)


Startpoint: _2899_ (rising edge-triggered flip-flop clocked by clk)
Endpoint: _2899_ (rising edge-triggered flip-flop clocked by clk)
Path Group: clk
Path Type: min

Fanout         Cap        Slew       Delay        Time   Description
---------------------------------------------------------------------------------------------
                      0.150000    0.000000    0.000000   clock clk (rise edge)
                                  0.000000    0.000000   clock network delay (ideal)
                      0.150000    0.000000    0.000000 ^ _2899_/CLK (sky130_fd_sc_hd__dfxtp_2)
     2    0.003316    0.033231    0.342824    0.342824 ^ _2899_/Q (sky130_fd_sc_hd__dfxtp_2)
                                                         u_intf.u_slave.wr_addr_lat[0] (net)
                      0.033231    0.000000    0.342824 ^ _1498_/A0 (sky130_fd_sc_hd__mux2_1)
     1    0.001674    0.033915    0.101329    0.444153 ^ _1498_/X (sky130_fd_sc_hd__mux2_1)
                                                         _0016_ (net)
                      0.033915    0.000000    0.444153 ^ _2899_/D (sky130_fd_sc_hd__dfxtp_2)
                                              0.444153   data arrival time

                      0.150000    0.000000    0.000000   clock clk (rise edge)
                                  0.000000    0.000000   clock network delay (ideal)
                                  0.250000    0.250000   clock uncertainty
                                  0.000000    0.250000   clock reconvergence pessimism
                                              0.250000 ^ _2899_/CLK (sky130_fd_sc_hd__dfxtp_2)
                                 -0.015099    0.234901   library hold time
                                              0.234901   data required time
---------------------------------------------------------------------------------------------
                                              0.234901   data required time
                                             -0.444153   data arrival time
---------------------------------------------------------------------------------------------
                                              0.209251   slack (MET)


Startpoint: _3132_ (rising edge-triggered flip-flop clocked by clk)
Endpoint: _3132_ (rising edge-triggered flip-flop clocked by clk)
Path Group: clk
Path Type: min

Fanout         Cap        Slew       Delay        Time   Description
---------------------------------------------------------------------------------------------
                      0.150000    0.000000    0.000000   clock clk (rise edge)
                                  0.000000    0.000000   clock network delay (ideal)
                      0.150000    0.000000    0.000000 ^ _3132_/CLK (sky130_fd_sc_hd__dfxtp_2)
     2    0.003964    0.036075    0.345825    0.345825 ^ _3132_/Q (sky130_fd_sc_hd__dfxtp_2)
                                                         u_core.pe_accum[0][31] (net)
                      0.036075    0.000000    0.345825 ^ _2764_/A1 (sky130_fd_sc_hd__a21bo_2)
     1    0.001674    0.025728    0.102149    0.447974 ^ _2764_/X (sky130_fd_sc_hd__a21bo_2)
                                                         _0246_ (net)
                      0.025728    0.000000    0.447974 ^ _3132_/D (sky130_fd_sc_hd__dfxtp_2)
                                              0.447974   data arrival time

                      0.150000    0.000000    0.000000   clock clk (rise edge)
                                  0.000000    0.000000   clock network delay (ideal)
                                  0.250000    0.250000   clock uncertainty
                                  0.000000    0.250000   clock reconvergence pessimism
                                              0.250000 ^ _3132_/CLK (sky130_fd_sc_hd__dfxtp_2)
                                 -0.013425    0.236575   library hold time
                                              0.236575   data required time
---------------------------------------------------------------------------------------------
                                              0.236575   data required time
                                             -0.447974   data arrival time
---------------------------------------------------------------------------------------------
                                              0.211399   slack (MET)


Startpoint: _3150_ (rising edge-triggered flip-flop clocked by clk)
Endpoint: _3150_ (rising edge-triggered flip-flop clocked by clk)
Path Group: clk
Path Type: min

Fanout         Cap        Slew       Delay        Time   Description
---------------------------------------------------------------------------------------------
                      0.150000    0.000000    0.000000   clock clk (rise edge)
                                  0.000000    0.000000   clock network delay (ideal)
                      0.150000    0.000000    0.000000 ^ _3150_/CLK (sky130_fd_sc_hd__dfxtp_2)
     3    0.007856    0.034843    0.353124    0.353124 v _3150_/Q (sky130_fd_sc_hd__dfxtp_2)
                                                         u_core.pe_array[0].u_pe.accum_reg[17] (net)
                      0.034843    0.000000    0.353124 v _2812_/B (sky130_fd_sc_hd__nand2_2)
     1    0.004606    0.044976    0.058623    0.411747 ^ _2812_/Y (sky130_fd_sc_hd__nand2_2)
                                                         _1225_ (net)
                      0.044976    0.000000    0.411747 ^ _2814_/A1 (sky130_fd_sc_hd__a21oi_2)
     1    0.001681    0.025109    0.038929    0.450676 v _2814_/Y (sky130_fd_sc_hd__a21oi_2)
                                                         _0264_ (net)
                      0.025109    0.000000    0.450676 v _3150_/D (sky130_fd_sc_hd__dfxtp_2)
                                              0.450676   data arrival time

                      0.150000    0.000000    0.000000   clock clk (rise edge)
                                  0.000000    0.000000   clock network delay (ideal)
                                  0.250000    0.250000   clock uncertainty
                                  0.000000    0.250000   clock reconvergence pessimism
                                              0.250000 ^ _3150_/CLK (sky130_fd_sc_hd__dfxtp_2)
                                 -0.014493    0.235507   library hold time
                                              0.235507   data required time
---------------------------------------------------------------------------------------------
                                              0.235507   data required time
                                             -0.450676   data arrival time
---------------------------------------------------------------------------------------------
                                              0.215170   slack (MET)


Startpoint: _3148_ (rising edge-triggered flip-flop clocked by clk)
Endpoint: _3148_ (rising edge-triggered flip-flop clocked by clk)
Path Group: clk
Path Type: min

Fanout         Cap        Slew       Delay        Time   Description
---------------------------------------------------------------------------------------------
                      0.150000    0.000000    0.000000   clock clk (rise edge)
                                  0.000000    0.000000   clock network delay (ideal)
                      0.150000    0.000000    0.000000 ^ _3148_/CLK (sky130_fd_sc_hd__dfxtp_2)
     3    0.007856    0.034843    0.353124    0.353124 v _3148_/Q (sky130_fd_sc_hd__dfxtp_2)
                                                         u_core.pe_array[0].u_pe.accum_reg[15] (net)
                      0.034843    0.000000    0.353124 v _2807_/B (sky130_fd_sc_hd__nand2_2)
     1    0.004606    0.044976    0.058623    0.411747 ^ _2807_/Y (sky130_fd_sc_hd__nand2_2)
                                                         _1222_ (net)
                      0.044976    0.000000    0.411747 ^ _2809_/A1 (sky130_fd_sc_hd__a21oi_2)
     1    0.001681    0.025113    0.038929    0.450676 v _2809_/Y (sky130_fd_sc_hd__a21oi_2)
                                                         _0262_ (net)
                      0.025113    0.000000    0.450676 v _3148_/D (sky130_fd_sc_hd__dfxtp_2)
                                              0.450676   data arrival time

                      0.150000    0.000000    0.000000   clock clk (rise edge)
                                  0.000000    0.000000   clock network delay (ideal)
                                  0.250000    0.250000   clock uncertainty
                                  0.000000    0.250000   clock reconvergence pessimism
                                              0.250000 ^ _3148_/CLK (sky130_fd_sc_hd__dfxtp_2)
                                 -0.014495    0.235505   library hold time
                                              0.235505   data required time
---------------------------------------------------------------------------------------------
                                              0.235505   data required time
                                             -0.450676   data arrival time
---------------------------------------------------------------------------------------------
                                              0.215171   slack (MET)


Startpoint: _2948_ (rising edge-triggered flip-flop clocked by clk)
Endpoint: _3100_ (rising edge-triggered flip-flop clocked by clk)
Path Group: clk
Path Type: min

Fanout         Cap        Slew       Delay        Time   Description
---------------------------------------------------------------------------------------------
                      0.150000    0.000000    0.000000   clock clk (rise edge)
                                  0.000000    0.000000   clock network delay (ideal)
                      0.150000    0.000000    0.000000 ^ _2948_/CLK (sky130_fd_sc_hd__dfxtp_2)
     1    0.001541    0.025442    0.334604    0.334604 ^ _2948_/Q (sky130_fd_sc_hd__dfxtp_2)
                                                         u_core.pe_array[0].u_pe.valid_out (net)
                      0.025442    0.000000    0.334604 ^ _1944_/B (sky130_fd_sc_hd__and2_2)
     1    0.001674    0.032327    0.115889    0.450494 ^ _1944_/X (sky130_fd_sc_hd__and2_2)
                                                         _0214_ (net)
                      0.032327    0.000000    0.450494 ^ _3100_/D (sky130_fd_sc_hd__dfxtp_2)
                                              0.450494   data arrival time

                      0.150000    0.000000    0.000000   clock clk (rise edge)
                                  0.000000    0.000000   clock network delay (ideal)
                                  0.250000    0.250000   clock uncertainty
                                  0.000000    0.250000   clock reconvergence pessimism
                                              0.250000 ^ _3100_/CLK (sky130_fd_sc_hd__dfxtp_2)
                                 -0.014774    0.235226   library hold time
                                              0.235226   data required time
---------------------------------------------------------------------------------------------
                                              0.235226   data required time
                                             -0.450494   data arrival time
---------------------------------------------------------------------------------------------
                                              0.215268   slack (MET)


Startpoint: _3101_ (rising edge-triggered flip-flop clocked by clk)
Endpoint: _3101_ (rising edge-triggered flip-flop clocked by clk)
Path Group: clk
Path Type: min

Fanout         Cap        Slew       Delay        Time   Description
---------------------------------------------------------------------------------------------
                      0.150000    0.000000    0.000000   clock clk (rise edge)
                                  0.000000    0.000000   clock network delay (ideal)
                      0.150000    0.000000    0.000000 ^ _3101_/CLK (sky130_fd_sc_hd__dfxtp_2)
     2    0.003978    0.036136    0.345889    0.345889 ^ _3101_/Q (sky130_fd_sc_hd__dfxtp_2)
                                                         u_core.pe_accum[0][0] (net)
                      0.036136    0.000000    0.345889 ^ _1950_/B2 (sky130_fd_sc_hd__a22o_2)
     1    0.001674    0.028303    0.109596    0.455486 ^ _1950_/X (sky130_fd_sc_hd__a22o_2)
                                                         _0215_ (net)
                      0.028303    0.000000    0.455486 ^ _3101_/D (sky130_fd_sc_hd__dfxtp_2)
                                              0.455486   data arrival time

                      0.150000    0.000000    0.000000   clock clk (rise edge)
                                  0.000000    0.000000   clock network delay (ideal)
                                  0.250000    0.250000   clock uncertainty
                                  0.000000    0.250000   clock reconvergence pessimism
                                              0.250000 ^ _3101_/CLK (sky130_fd_sc_hd__dfxtp_2)
                                 -0.013951    0.236049   library hold time
                                              0.236049   data required time
---------------------------------------------------------------------------------------------
                                              0.236049   data required time
                                             -0.455486   data arrival time
---------------------------------------------------------------------------------------------
                                              0.219437   slack (MET)


Startpoint: _3142_ (rising edge-triggered flip-flop clocked by clk)
Endpoint: _3142_ (rising edge-triggered flip-flop clocked by clk)
Path Group: clk
Path Type: min

Fanout         Cap        Slew       Delay        Time   Description
---------------------------------------------------------------------------------------------
                      0.150000    0.000000    0.000000   clock clk (rise edge)
                                  0.000000    0.000000   clock network delay (ideal)
                      0.150000    0.000000    0.000000 ^ _3142_/CLK (sky130_fd_sc_hd__dfxtp_2)
     3    0.009934    0.039301    0.358458    0.358458 v _3142_/Q (sky130_fd_sc_hd__dfxtp_2)
                                                         u_core.pe_array[0].u_pe.accum_reg[9] (net)
                      0.039301    0.000000    0.358458 v _2791_/B (sky130_fd_sc_hd__nand2_2)
     1    0.004606    0.044964    0.060550    0.419008 ^ _2791_/Y (sky130_fd_sc_hd__nand2_2)
                                                         _1212_ (net)
                      0.044964    0.000000    0.419008 ^ _2793_/A1 (sky130_fd_sc_hd__a21oi_2)
     1    0.001681    0.025109    0.038925    0.457934 v _2793_/Y (sky130_fd_sc_hd__a21oi_2)
                                                         _0256_ (net)
                      0.025109    0.000000    0.457934 v _3142_/D (sky130_fd_sc_hd__dfxtp_2)
                                              0.457934   data arrival time

                      0.150000    0.000000    0.000000   clock clk (rise edge)
                                  0.000000    0.000000   clock network delay (ideal)
                                  0.250000    0.250000   clock uncertainty
                                  0.000000    0.250000   clock reconvergence pessimism
                                              0.250000 ^ _3142_/CLK (sky130_fd_sc_hd__dfxtp_2)
                                 -0.014493    0.235507   library hold time
                                              0.235507   data required time
---------------------------------------------------------------------------------------------
                                              0.235507   data required time
                                             -0.457934   data arrival time
---------------------------------------------------------------------------------------------
                                              0.222427   slack (MET)


Startpoint: _3102_ (rising edge-triggered flip-flop clocked by clk)
Endpoint: _3170_ (rising edge-triggered flip-flop clocked by clk)
Path Group: clk
Path Type: min

Fanout         Cap        Slew       Delay        Time   Description
---------------------------------------------------------------------------------------------
                      0.150000    0.000000    0.000000   clock clk (rise edge)
                                  0.000000    0.000000   clock network delay (ideal)
                      0.150000    0.000000    0.000000 ^ _3102_/CLK (sky130_fd_sc_hd__dfxtp_2)
     2    0.003911    0.035842    0.345579    0.345579 ^ _3102_/Q (sky130_fd_sc_hd__dfxtp_2)
                                                         u_core.pe_accum[0][1] (net)
                      0.035842    0.000000    0.345579 ^ _2854_/A (sky130_fd_sc_hd__and2_2)
     1    0.001674    0.032333    0.113952    0.459531 ^ _2854_/X (sky130_fd_sc_hd__and2_2)
                                                         _0284_ (net)
                      0.032333    0.000000    0.459531 ^ _3170_/D (sky130_fd_sc_hd__dfxtp_2)
                                              0.459531   data arrival time

                      0.150000    0.000000    0.000000   clock clk (rise edge)
                                  0.000000    0.000000   clock network delay (ideal)
                                  0.250000    0.250000   clock uncertainty
                                  0.000000    0.250000   clock reconvergence pessimism
                                              0.250000 ^ _3170_/CLK (sky130_fd_sc_hd__dfxtp_2)
                                 -0.014775    0.235225   library hold time
                                              0.235225   data required time
---------------------------------------------------------------------------------------------
                                              0.235225   data required time
                                             -0.459531   data arrival time
---------------------------------------------------------------------------------------------
                                              0.224306   slack (MET)


Startpoint: _3103_ (rising edge-triggered flip-flop clocked by clk)
Endpoint: _3171_ (rising edge-triggered flip-flop clocked by clk)
Path Group: clk
Path Type: min

Fanout         Cap        Slew       Delay        Time   Description
---------------------------------------------------------------------------------------------
                      0.150000    0.000000    0.000000   clock clk (rise edge)
                                  0.000000    0.000000   clock network delay (ideal)
                      0.150000    0.000000    0.000000 ^ _3103_/CLK (sky130_fd_sc_hd__dfxtp_2)
     2    0.003911    0.035842    0.345579    0.345579 ^ _3103_/Q (sky130_fd_sc_hd__dfxtp_2)
                                                         u_core.pe_accum[0][2] (net)
                      0.035842    0.000000    0.345579 ^ _2855_/A (sky130_fd_sc_hd__and2_2)
     1    0.001674    0.032333    0.113952    0.459531 ^ _2855_/X (sky130_fd_sc_hd__and2_2)
                                                         _0285_ (net)
                      0.032333    0.000000    0.459531 ^ _3171_/D (sky130_fd_sc_hd__dfxtp_2)
                                              0.459531   data arrival time

                      0.150000    0.000000    0.000000   clock clk (rise edge)
                                  0.000000    0.000000   clock network delay (ideal)
                                  0.250000    0.250000   clock uncertainty
                                  0.000000    0.250000   clock reconvergence pessimism
                                              0.250000 ^ _3171_/CLK (sky130_fd_sc_hd__dfxtp_2)
                                 -0.014775    0.235225   library hold time
                                              0.235225   data required time
---------------------------------------------------------------------------------------------
                                              0.235225   data required time
                                             -0.459531   data arrival time
---------------------------------------------------------------------------------------------
                                              0.224306   slack (MET)


Startpoint: _3104_ (rising edge-triggered flip-flop clocked by clk)
Endpoint: _3172_ (rising edge-triggered flip-flop clocked by clk)
Path Group: clk
Path Type: min

Fanout         Cap        Slew       Delay        Time   Description
---------------------------------------------------------------------------------------------
                      0.150000    0.000000    0.000000   clock clk (rise edge)
                                  0.000000    0.000000   clock network delay (ideal)
                      0.150000    0.000000    0.000000 ^ _3104_/CLK (sky130_fd_sc_hd__dfxtp_2)
     2    0.003911    0.035842    0.345579    0.345579 ^ _3104_/Q (sky130_fd_sc_hd__dfxtp_2)
                                                         u_core.pe_accum[0][3] (net)
                      0.035842    0.000000    0.345579 ^ _2856_/A (sky130_fd_sc_hd__and2_2)
     1    0.001674    0.032333    0.113952    0.459531 ^ _2856_/X (sky130_fd_sc_hd__and2_2)
                                                         _0286_ (net)
                      0.032333    0.000000    0.459531 ^ _3172_/D (sky130_fd_sc_hd__dfxtp_2)
                                              0.459531   data arrival time

                      0.150000    0.000000    0.000000   clock clk (rise edge)
                                  0.000000    0.000000   clock network delay (ideal)
                                  0.250000    0.250000   clock uncertainty
                                  0.000000    0.250000   clock reconvergence pessimism
                                              0.250000 ^ _3172_/CLK (sky130_fd_sc_hd__dfxtp_2)
                                 -0.014775    0.235225   library hold time
                                              0.235225   data required time
---------------------------------------------------------------------------------------------
                                              0.235225   data required time
                                             -0.459531   data arrival time
---------------------------------------------------------------------------------------------
                                              0.224306   slack (MET)


Startpoint: _3105_ (rising edge-triggered flip-flop clocked by clk)
Endpoint: _3173_ (rising edge-triggered flip-flop clocked by clk)
Path Group: clk
Path Type: min

Fanout         Cap        Slew       Delay        Time   Description
---------------------------------------------------------------------------------------------
                      0.150000    0.000000    0.000000   clock clk (rise edge)
                                  0.000000    0.000000   clock network delay (ideal)
                      0.150000    0.000000    0.000000 ^ _3105_/CLK (sky130_fd_sc_hd__dfxtp_2)
     2    0.003911    0.035842    0.345579    0.345579 ^ _3105_/Q (sky130_fd_sc_hd__dfxtp_2)
                                                         u_core.pe_accum[0][4] (net)
                      0.035842    0.000000    0.345579 ^ _2857_/A (sky130_fd_sc_hd__and2_2)
     1    0.001674    0.032333    0.113952    0.459531 ^ _2857_/X (sky130_fd_sc_hd__and2_2)
                                                         _0287_ (net)
                      0.032333    0.000000    0.459531 ^ _3173_/D (sky130_fd_sc_hd__dfxtp_2)
                                              0.459531   data arrival time

                      0.150000    0.000000    0.000000   clock clk (rise edge)
                                  0.000000    0.000000   clock network delay (ideal)
                                  0.250000    0.250000   clock uncertainty
                                  0.000000    0.250000   clock reconvergence pessimism
                                              0.250000 ^ _3173_/CLK (sky130_fd_sc_hd__dfxtp_2)
                                 -0.014775    0.235225   library hold time
                                              0.235225   data required time
---------------------------------------------------------------------------------------------
                                              0.235225   data required time
                                             -0.459531   data arrival time
---------------------------------------------------------------------------------------------
                                              0.224306   slack (MET)


Startpoint: _3106_ (rising edge-triggered flip-flop clocked by clk)
Endpoint: _3174_ (rising edge-triggered flip-flop clocked by clk)
Path Group: clk
Path Type: min

Fanout         Cap        Slew       Delay        Time   Description
---------------------------------------------------------------------------------------------
                      0.150000    0.000000    0.000000   clock clk (rise edge)
                                  0.000000    0.000000   clock network delay (ideal)
                      0.150000    0.000000    0.000000 ^ _3106_/CLK (sky130_fd_sc_hd__dfxtp_2)
     2    0.003911    0.035842    0.345579    0.345579 ^ _3106_/Q (sky130_fd_sc_hd__dfxtp_2)
                                                         u_core.pe_accum[0][5] (net)
                      0.035842    0.000000    0.345579 ^ _2858_/A (sky130_fd_sc_hd__and2_2)
     1    0.001674    0.032333    0.113952    0.459531 ^ _2858_/X (sky130_fd_sc_hd__and2_2)
                                                         _0288_ (net)
                      0.032333    0.000000    0.459531 ^ _3174_/D (sky130_fd_sc_hd__dfxtp_2)
                                              0.459531   data arrival time

                      0.150000    0.000000    0.000000   clock clk (rise edge)
                                  0.000000    0.000000   clock network delay (ideal)
                                  0.250000    0.250000   clock uncertainty
                                  0.000000    0.250000   clock reconvergence pessimism
                                              0.250000 ^ _3174_/CLK (sky130_fd_sc_hd__dfxtp_2)
                                 -0.014775    0.235225   library hold time
                                              0.235225   data required time
---------------------------------------------------------------------------------------------
                                              0.235225   data required time
                                             -0.459531   data arrival time
---------------------------------------------------------------------------------------------
                                              0.224306   slack (MET)


Startpoint: _3107_ (rising edge-triggered flip-flop clocked by clk)
Endpoint: _3175_ (rising edge-triggered flip-flop clocked by clk)
Path Group: clk
Path Type: min

Fanout         Cap        Slew       Delay        Time   Description
---------------------------------------------------------------------------------------------
                      0.150000    0.000000    0.000000   clock clk (rise edge)
                                  0.000000    0.000000   clock network delay (ideal)
                      0.150000    0.000000    0.000000 ^ _3107_/CLK (sky130_fd_sc_hd__dfxtp_2)
     2    0.003911    0.035842    0.345579    0.345579 ^ _3107_/Q (sky130_fd_sc_hd__dfxtp_2)
                                                         u_core.pe_accum[0][6] (net)
                      0.035842    0.000000    0.345579 ^ _2859_/A (sky130_fd_sc_hd__and2_2)
     1    0.001674    0.032333    0.113952    0.459531 ^ _2859_/X (sky130_fd_sc_hd__and2_2)
                                                         _0289_ (net)
                      0.032333    0.000000    0.459531 ^ _3175_/D (sky130_fd_sc_hd__dfxtp_2)
                                              0.459531   data arrival time

                      0.150000    0.000000    0.000000   clock clk (rise edge)
                                  0.000000    0.000000   clock network delay (ideal)
                                  0.250000    0.250000   clock uncertainty
                                  0.000000    0.250000   clock reconvergence pessimism
                                              0.250000 ^ _3175_/CLK (sky130_fd_sc_hd__dfxtp_2)
                                 -0.014775    0.235225   library hold time
                                              0.235225   data required time
---------------------------------------------------------------------------------------------
                                              0.235225   data required time
                                             -0.459531   data arrival time
---------------------------------------------------------------------------------------------
                                              0.224306   slack (MET)


Startpoint: _3108_ (rising edge-triggered flip-flop clocked by clk)
Endpoint: _3176_ (rising edge-triggered flip-flop clocked by clk)
Path Group: clk
Path Type: min

Fanout         Cap        Slew       Delay        Time   Description
---------------------------------------------------------------------------------------------
                      0.150000    0.000000    0.000000   clock clk (rise edge)
                                  0.000000    0.000000   clock network delay (ideal)
                      0.150000    0.000000    0.000000 ^ _3108_/CLK (sky130_fd_sc_hd__dfxtp_2)
     2    0.003911    0.035842    0.345579    0.345579 ^ _3108_/Q (sky130_fd_sc_hd__dfxtp_2)
                                                         u_core.pe_accum[0][7] (net)
                      0.035842    0.000000    0.345579 ^ _2860_/A (sky130_fd_sc_hd__and2_2)
     1    0.001674    0.032333    0.113952    0.459531 ^ _2860_/X (sky130_fd_sc_hd__and2_2)
                                                         _0290_ (net)
                      0.032333    0.000000    0.459531 ^ _3176_/D (sky130_fd_sc_hd__dfxtp_2)
                                              0.459531   data arrival time

                      0.150000    0.000000    0.000000   clock clk (rise edge)
                                  0.000000    0.000000   clock network delay (ideal)
                                  0.250000    0.250000   clock uncertainty
                                  0.000000    0.250000   clock reconvergence pessimism
                                              0.250000 ^ _3176_/CLK (sky130_fd_sc_hd__dfxtp_2)
                                 -0.014775    0.235225   library hold time
                                              0.235225   data required time
---------------------------------------------------------------------------------------------
                                              0.235225   data required time
                                             -0.459531   data arrival time
---------------------------------------------------------------------------------------------
                                              0.224306   slack (MET)


Startpoint: _3109_ (rising edge-triggered flip-flop clocked by clk)
Endpoint: _3177_ (rising edge-triggered flip-flop clocked by clk)
Path Group: clk
Path Type: min

Fanout         Cap        Slew       Delay        Time   Description
---------------------------------------------------------------------------------------------
                      0.150000    0.000000    0.000000   clock clk (rise edge)
                                  0.000000    0.000000   clock network delay (ideal)
                      0.150000    0.000000    0.000000 ^ _3109_/CLK (sky130_fd_sc_hd__dfxtp_2)
     2    0.003911    0.035842    0.345579    0.345579 ^ _3109_/Q (sky130_fd_sc_hd__dfxtp_2)
                                                         u_core.pe_accum[0][8] (net)
                      0.035842    0.000000    0.345579 ^ _2861_/A (sky130_fd_sc_hd__and2_2)
     1    0.001674    0.032333    0.113952    0.459531 ^ _2861_/X (sky130_fd_sc_hd__and2_2)
                                                         _0291_ (net)
                      0.032333    0.000000    0.459531 ^ _3177_/D (sky130_fd_sc_hd__dfxtp_2)
                                              0.459531   data arrival time

                      0.150000    0.000000    0.000000   clock clk (rise edge)
                                  0.000000    0.000000   clock network delay (ideal)
                                  0.250000    0.250000   clock uncertainty
                                  0.000000    0.250000   clock reconvergence pessimism
                                              0.250000 ^ _3177_/CLK (sky130_fd_sc_hd__dfxtp_2)
                                 -0.014775    0.235225   library hold time
                                              0.235225   data required time
---------------------------------------------------------------------------------------------
                                              0.235225   data required time
                                             -0.459531   data arrival time
---------------------------------------------------------------------------------------------
                                              0.224306   slack (MET)


Startpoint: _3110_ (rising edge-triggered flip-flop clocked by clk)
Endpoint: _3178_ (rising edge-triggered flip-flop clocked by clk)
Path Group: clk
Path Type: min

Fanout         Cap        Slew       Delay        Time   Description
---------------------------------------------------------------------------------------------
                      0.150000    0.000000    0.000000   clock clk (rise edge)
                                  0.000000    0.000000   clock network delay (ideal)
                      0.150000    0.000000    0.000000 ^ _3110_/CLK (sky130_fd_sc_hd__dfxtp_2)
     2    0.003911    0.035842    0.345579    0.345579 ^ _3110_/Q (sky130_fd_sc_hd__dfxtp_2)
                                                         u_core.pe_accum[0][9] (net)
                      0.035842    0.000000    0.345579 ^ _2862_/A (sky130_fd_sc_hd__and2_2)
     1    0.001674    0.032333    0.113952    0.459531 ^ _2862_/X (sky130_fd_sc_hd__and2_2)
                                                         _0292_ (net)
                      0.032333    0.000000    0.459531 ^ _3178_/D (sky130_fd_sc_hd__dfxtp_2)
                                              0.459531   data arrival time

                      0.150000    0.000000    0.000000   clock clk (rise edge)
                                  0.000000    0.000000   clock network delay (ideal)
                                  0.250000    0.250000   clock uncertainty
                                  0.000000    0.250000   clock reconvergence pessimism
                                              0.250000 ^ _3178_/CLK (sky130_fd_sc_hd__dfxtp_2)
                                 -0.014775    0.235225   library hold time
                                              0.235225   data required time
---------------------------------------------------------------------------------------------
                                              0.235225   data required time
                                             -0.459531   data arrival time
---------------------------------------------------------------------------------------------
                                              0.224306   slack (MET)


Startpoint: _3111_ (rising edge-triggered flip-flop clocked by clk)
Endpoint: _3179_ (rising edge-triggered flip-flop clocked by clk)
Path Group: clk
Path Type: min

Fanout         Cap        Slew       Delay        Time   Description
---------------------------------------------------------------------------------------------
                      0.150000    0.000000    0.000000   clock clk (rise edge)
                                  0.000000    0.000000   clock network delay (ideal)
                      0.150000    0.000000    0.000000 ^ _3111_/CLK (sky130_fd_sc_hd__dfxtp_2)
     2    0.003911    0.035842    0.345579    0.345579 ^ _3111_/Q (sky130_fd_sc_hd__dfxtp_2)
                                                         u_core.pe_accum[0][10] (net)
                      0.035842    0.000000    0.345579 ^ _2863_/A (sky130_fd_sc_hd__and2_2)
     1    0.001674    0.032333    0.113952    0.459531 ^ _2863_/X (sky130_fd_sc_hd__and2_2)
                                                         _0293_ (net)
                      0.032333    0.000000    0.459531 ^ _3179_/D (sky130_fd_sc_hd__dfxtp_2)
                                              0.459531   data arrival time

                      0.150000    0.000000    0.000000   clock clk (rise edge)
                                  0.000000    0.000000   clock network delay (ideal)
                                  0.250000    0.250000   clock uncertainty
                                  0.000000    0.250000   clock reconvergence pessimism
                                              0.250000 ^ _3179_/CLK (sky130_fd_sc_hd__dfxtp_2)
                                 -0.014775    0.235225   library hold time
                                              0.235225   data required time
---------------------------------------------------------------------------------------------
                                              0.235225   data required time
                                             -0.459531   data arrival time
---------------------------------------------------------------------------------------------
                                              0.224306   slack (MET)


Startpoint: _3112_ (rising edge-triggered flip-flop clocked by clk)
Endpoint: _3180_ (rising edge-triggered flip-flop clocked by clk)
Path Group: clk
Path Type: min

Fanout         Cap        Slew       Delay        Time   Description
---------------------------------------------------------------------------------------------
                      0.150000    0.000000    0.000000   clock clk (rise edge)
                                  0.000000    0.000000   clock network delay (ideal)
                      0.150000    0.000000    0.000000 ^ _3112_/CLK (sky130_fd_sc_hd__dfxtp_2)
     2    0.003911    0.035842    0.345579    0.345579 ^ _3112_/Q (sky130_fd_sc_hd__dfxtp_2)
                                                         u_core.pe_accum[0][11] (net)
                      0.035842    0.000000    0.345579 ^ _2864_/A (sky130_fd_sc_hd__and2_2)
     1    0.001674    0.032333    0.113952    0.459531 ^ _2864_/X (sky130_fd_sc_hd__and2_2)
                                                         _0294_ (net)
                      0.032333    0.000000    0.459531 ^ _3180_/D (sky130_fd_sc_hd__dfxtp_2)
                                              0.459531   data arrival time

                      0.150000    0.000000    0.000000   clock clk (rise edge)
                                  0.000000    0.000000   clock network delay (ideal)
                                  0.250000    0.250000   clock uncertainty
                                  0.000000    0.250000   clock reconvergence pessimism
                                              0.250000 ^ _3180_/CLK (sky130_fd_sc_hd__dfxtp_2)
                                 -0.014775    0.235225   library hold time
                                              0.235225   data required time
---------------------------------------------------------------------------------------------
                                              0.235225   data required time
                                             -0.459531   data arrival time
---------------------------------------------------------------------------------------------
                                              0.224306   slack (MET)


Startpoint: _3113_ (rising edge-triggered flip-flop clocked by clk)
Endpoint: _3181_ (rising edge-triggered flip-flop clocked by clk)
Path Group: clk
Path Type: min

Fanout         Cap        Slew       Delay        Time   Description
---------------------------------------------------------------------------------------------
                      0.150000    0.000000    0.000000   clock clk (rise edge)
                                  0.000000    0.000000   clock network delay (ideal)
                      0.150000    0.000000    0.000000 ^ _3113_/CLK (sky130_fd_sc_hd__dfxtp_2)
     2    0.003911    0.035842    0.345579    0.345579 ^ _3113_/Q (sky130_fd_sc_hd__dfxtp_2)
                                                         u_core.pe_accum[0][12] (net)
                      0.035842    0.000000    0.345579 ^ _2865_/A (sky130_fd_sc_hd__and2_2)
     1    0.001674    0.032333    0.113952    0.459531 ^ _2865_/X (sky130_fd_sc_hd__and2_2)
                                                         _0295_ (net)
                      0.032333    0.000000    0.459531 ^ _3181_/D (sky130_fd_sc_hd__dfxtp_2)
                                              0.459531   data arrival time

                      0.150000    0.000000    0.000000   clock clk (rise edge)
                                  0.000000    0.000000   clock network delay (ideal)
                                  0.250000    0.250000   clock uncertainty
                                  0.000000    0.250000   clock reconvergence pessimism
                                              0.250000 ^ _3181_/CLK (sky130_fd_sc_hd__dfxtp_2)
                                 -0.014775    0.235225   library hold time
                                              0.235225   data required time
---------------------------------------------------------------------------------------------
                                              0.235225   data required time
                                             -0.459531   data arrival time
---------------------------------------------------------------------------------------------
                                              0.224306   slack (MET)


Startpoint: _3114_ (rising edge-triggered flip-flop clocked by clk)
Endpoint: _3182_ (rising edge-triggered flip-flop clocked by clk)
Path Group: clk
Path Type: min

Fanout         Cap        Slew       Delay        Time   Description
---------------------------------------------------------------------------------------------
                      0.150000    0.000000    0.000000   clock clk (rise edge)
                                  0.000000    0.000000   clock network delay (ideal)
                      0.150000    0.000000    0.000000 ^ _3114_/CLK (sky130_fd_sc_hd__dfxtp_2)
     2    0.003911    0.035842    0.345579    0.345579 ^ _3114_/Q (sky130_fd_sc_hd__dfxtp_2)
                                                         u_core.pe_accum[0][13] (net)
                      0.035842    0.000000    0.345579 ^ _2866_/A (sky130_fd_sc_hd__and2_2)
     1    0.001674    0.032333    0.113952    0.459531 ^ _2866_/X (sky130_fd_sc_hd__and2_2)
                                                         _0296_ (net)
                      0.032333    0.000000    0.459531 ^ _3182_/D (sky130_fd_sc_hd__dfxtp_2)
                                              0.459531   data arrival time

                      0.150000    0.000000    0.000000   clock clk (rise edge)
                                  0.000000    0.000000   clock network delay (ideal)
                                  0.250000    0.250000   clock uncertainty
                                  0.000000    0.250000   clock reconvergence pessimism
                                              0.250000 ^ _3182_/CLK (sky130_fd_sc_hd__dfxtp_2)
                                 -0.014775    0.235225   library hold time
                                              0.235225   data required time
---------------------------------------------------------------------------------------------
                                              0.235225   data required time
                                             -0.459531   data arrival time
---------------------------------------------------------------------------------------------
                                              0.224306   slack (MET)


Startpoint: _3115_ (rising edge-triggered flip-flop clocked by clk)
Endpoint: _3183_ (rising edge-triggered flip-flop clocked by clk)
Path Group: clk
Path Type: min

Fanout         Cap        Slew       Delay        Time   Description
---------------------------------------------------------------------------------------------
                      0.150000    0.000000    0.000000   clock clk (rise edge)
                                  0.000000    0.000000   clock network delay (ideal)
                      0.150000    0.000000    0.000000 ^ _3115_/CLK (sky130_fd_sc_hd__dfxtp_2)
     2    0.003911    0.035842    0.345579    0.345579 ^ _3115_/Q (sky130_fd_sc_hd__dfxtp_2)
                                                         u_core.pe_accum[0][14] (net)
                      0.035842    0.000000    0.345579 ^ _2867_/A (sky130_fd_sc_hd__and2_2)
     1    0.001674    0.032333    0.113952    0.459531 ^ _2867_/X (sky130_fd_sc_hd__and2_2)
                                                         _0297_ (net)
                      0.032333    0.000000    0.459531 ^ _3183_/D (sky130_fd_sc_hd__dfxtp_2)
                                              0.459531   data arrival time

                      0.150000    0.000000    0.000000   clock clk (rise edge)
                                  0.000000    0.000000   clock network delay (ideal)
                                  0.250000    0.250000   clock uncertainty
                                  0.000000    0.250000   clock reconvergence pessimism
                                              0.250000 ^ _3183_/CLK (sky130_fd_sc_hd__dfxtp_2)
                                 -0.014775    0.235225   library hold time
                                              0.235225   data required time
---------------------------------------------------------------------------------------------
                                              0.235225   data required time
                                             -0.459531   data arrival time
---------------------------------------------------------------------------------------------
                                              0.224306   slack (MET)


Startpoint: _3116_ (rising edge-triggered flip-flop clocked by clk)
Endpoint: _3184_ (rising edge-triggered flip-flop clocked by clk)
Path Group: clk
Path Type: min

Fanout         Cap        Slew       Delay        Time   Description
---------------------------------------------------------------------------------------------
                      0.150000    0.000000    0.000000   clock clk (rise edge)
                                  0.000000    0.000000   clock network delay (ideal)
                      0.150000    0.000000    0.000000 ^ _3116_/CLK (sky130_fd_sc_hd__dfxtp_2)
     2    0.003911    0.035842    0.345579    0.345579 ^ _3116_/Q (sky130_fd_sc_hd__dfxtp_2)
                                                         u_core.pe_accum[0][15] (net)
                      0.035842    0.000000    0.345579 ^ _2868_/A (sky130_fd_sc_hd__and2_2)
     1    0.001674    0.032333    0.113952    0.459531 ^ _2868_/X (sky130_fd_sc_hd__and2_2)
                                                         _0298_ (net)
                      0.032333    0.000000    0.459531 ^ _3184_/D (sky130_fd_sc_hd__dfxtp_2)
                                              0.459531   data arrival time

                      0.150000    0.000000    0.000000   clock clk (rise edge)
                                  0.000000    0.000000   clock network delay (ideal)
                                  0.250000    0.250000   clock uncertainty
                                  0.000000    0.250000   clock reconvergence pessimism
                                              0.250000 ^ _3184_/CLK (sky130_fd_sc_hd__dfxtp_2)
                                 -0.014775    0.235225   library hold time
                                              0.235225   data required time
---------------------------------------------------------------------------------------------
                                              0.235225   data required time
                                             -0.459531   data arrival time
---------------------------------------------------------------------------------------------
                                              0.224306   slack (MET)


Startpoint: _3117_ (rising edge-triggered flip-flop clocked by clk)
Endpoint: _3185_ (rising edge-triggered flip-flop clocked by clk)
Path Group: clk
Path Type: min

Fanout         Cap        Slew       Delay        Time   Description
---------------------------------------------------------------------------------------------
                      0.150000    0.000000    0.000000   clock clk (rise edge)
                                  0.000000    0.000000   clock network delay (ideal)
                      0.150000    0.000000    0.000000 ^ _3117_/CLK (sky130_fd_sc_hd__dfxtp_2)
     2    0.003911    0.035842    0.345579    0.345579 ^ _3117_/Q (sky130_fd_sc_hd__dfxtp_2)
                                                         u_core.pe_accum[0][16] (net)
                      0.035842    0.000000    0.345579 ^ _2869_/A (sky130_fd_sc_hd__and2_2)
     1    0.001674    0.032333    0.113952    0.459531 ^ _2869_/X (sky130_fd_sc_hd__and2_2)
                                                         _0299_ (net)
                      0.032333    0.000000    0.459531 ^ _3185_/D (sky130_fd_sc_hd__dfxtp_2)
                                              0.459531   data arrival time

                      0.150000    0.000000    0.000000   clock clk (rise edge)
                                  0.000000    0.000000   clock network delay (ideal)
                                  0.250000    0.250000   clock uncertainty
                                  0.000000    0.250000   clock reconvergence pessimism
                                              0.250000 ^ _3185_/CLK (sky130_fd_sc_hd__dfxtp_2)
                                 -0.014775    0.235225   library hold time
                                              0.235225   data required time
---------------------------------------------------------------------------------------------
                                              0.235225   data required time
                                             -0.459531   data arrival time
---------------------------------------------------------------------------------------------
                                              0.224306   slack (MET)


Startpoint: _3118_ (rising edge-triggered flip-flop clocked by clk)
Endpoint: _3186_ (rising edge-triggered flip-flop clocked by clk)
Path Group: clk
Path Type: min

Fanout         Cap        Slew       Delay        Time   Description
---------------------------------------------------------------------------------------------
                      0.150000    0.000000    0.000000   clock clk (rise edge)
                                  0.000000    0.000000   clock network delay (ideal)
                      0.150000    0.000000    0.000000 ^ _3118_/CLK (sky130_fd_sc_hd__dfxtp_2)
     2    0.003911    0.035842    0.345579    0.345579 ^ _3118_/Q (sky130_fd_sc_hd__dfxtp_2)
                                                         u_core.pe_accum[0][17] (net)
                      0.035842    0.000000    0.345579 ^ _2870_/A (sky130_fd_sc_hd__and2_2)
     1    0.001674    0.032333    0.113952    0.459531 ^ _2870_/X (sky130_fd_sc_hd__and2_2)
                                                         _0300_ (net)
                      0.032333    0.000000    0.459531 ^ _3186_/D (sky130_fd_sc_hd__dfxtp_2)
                                              0.459531   data arrival time

                      0.150000    0.000000    0.000000   clock clk (rise edge)
                                  0.000000    0.000000   clock network delay (ideal)
                                  0.250000    0.250000   clock uncertainty
                                  0.000000    0.250000   clock reconvergence pessimism
                                              0.250000 ^ _3186_/CLK (sky130_fd_sc_hd__dfxtp_2)
                                 -0.014775    0.235225   library hold time
                                              0.235225   data required time
---------------------------------------------------------------------------------------------
                                              0.235225   data required time
                                             -0.459531   data arrival time
---------------------------------------------------------------------------------------------
                                              0.224306   slack (MET)


Startpoint: _3119_ (rising edge-triggered flip-flop clocked by clk)
Endpoint: _3187_ (rising edge-triggered flip-flop clocked by clk)
Path Group: clk
Path Type: min

Fanout         Cap        Slew       Delay        Time   Description
---------------------------------------------------------------------------------------------
                      0.150000    0.000000    0.000000   clock clk (rise edge)
                                  0.000000    0.000000   clock network delay (ideal)
                      0.150000    0.000000    0.000000 ^ _3119_/CLK (sky130_fd_sc_hd__dfxtp_2)
     2    0.003911    0.035842    0.345579    0.345579 ^ _3119_/Q (sky130_fd_sc_hd__dfxtp_2)
                                                         u_core.pe_accum[0][18] (net)
                      0.035842    0.000000    0.345579 ^ _2871_/A (sky130_fd_sc_hd__and2_2)
     1    0.001674    0.032333    0.113952    0.459531 ^ _2871_/X (sky130_fd_sc_hd__and2_2)
                                                         _0301_ (net)
                      0.032333    0.000000    0.459531 ^ _3187_/D (sky130_fd_sc_hd__dfxtp_2)
                                              0.459531   data arrival time

                      0.150000    0.000000    0.000000   clock clk (rise edge)
                                  0.000000    0.000000   clock network delay (ideal)
                                  0.250000    0.250000   clock uncertainty
                                  0.000000    0.250000   clock reconvergence pessimism
                                              0.250000 ^ _3187_/CLK (sky130_fd_sc_hd__dfxtp_2)
                                 -0.014775    0.235225   library hold time
                                              0.235225   data required time
---------------------------------------------------------------------------------------------
                                              0.235225   data required time
                                             -0.459531   data arrival time
---------------------------------------------------------------------------------------------
                                              0.224306   slack (MET)


Startpoint: _3120_ (rising edge-triggered flip-flop clocked by clk)
Endpoint: _3188_ (rising edge-triggered flip-flop clocked by clk)
Path Group: clk
Path Type: min

Fanout         Cap        Slew       Delay        Time   Description
---------------------------------------------------------------------------------------------
                      0.150000    0.000000    0.000000   clock clk (rise edge)
                                  0.000000    0.000000   clock network delay (ideal)
                      0.150000    0.000000    0.000000 ^ _3120_/CLK (sky130_fd_sc_hd__dfxtp_2)
     2    0.003911    0.035842    0.345579    0.345579 ^ _3120_/Q (sky130_fd_sc_hd__dfxtp_2)
                                                         u_core.pe_accum[0][19] (net)
                      0.035842    0.000000    0.345579 ^ _2872_/A (sky130_fd_sc_hd__and2_2)
     1    0.001674    0.032333    0.113952    0.459531 ^ _2872_/X (sky130_fd_sc_hd__and2_2)
                                                         _0302_ (net)
                      0.032333    0.000000    0.459531 ^ _3188_/D (sky130_fd_sc_hd__dfxtp_2)
                                              0.459531   data arrival time

                      0.150000    0.000000    0.000000   clock clk (rise edge)
                                  0.000000    0.000000   clock network delay (ideal)
                                  0.250000    0.250000   clock uncertainty
                                  0.000000    0.250000   clock reconvergence pessimism
                                              0.250000 ^ _3188_/CLK (sky130_fd_sc_hd__dfxtp_2)
                                 -0.014775    0.235225   library hold time
                                              0.235225   data required time
---------------------------------------------------------------------------------------------
                                              0.235225   data required time
                                             -0.459531   data arrival time
---------------------------------------------------------------------------------------------
                                              0.224306   slack (MET)


Startpoint: _3121_ (rising edge-triggered flip-flop clocked by clk)
Endpoint: _3189_ (rising edge-triggered flip-flop clocked by clk)
Path Group: clk
Path Type: min

Fanout         Cap        Slew       Delay        Time   Description
---------------------------------------------------------------------------------------------
                      0.150000    0.000000    0.000000   clock clk (rise edge)
                                  0.000000    0.000000   clock network delay (ideal)
                      0.150000    0.000000    0.000000 ^ _3121_/CLK (sky130_fd_sc_hd__dfxtp_2)
     2    0.003911    0.035842    0.345579    0.345579 ^ _3121_/Q (sky130_fd_sc_hd__dfxtp_2)
                                                         u_core.pe_accum[0][20] (net)
                      0.035842    0.000000    0.345579 ^ _2873_/A (sky130_fd_sc_hd__and2_2)
     1    0.001674    0.032333    0.113952    0.459531 ^ _2873_/X (sky130_fd_sc_hd__and2_2)
                                                         _0303_ (net)
                      0.032333    0.000000    0.459531 ^ _3189_/D (sky130_fd_sc_hd__dfxtp_2)
                                              0.459531   data arrival time

                      0.150000    0.000000    0.000000   clock clk (rise edge)
                                  0.000000    0.000000   clock network delay (ideal)
                                  0.250000    0.250000   clock uncertainty
                                  0.000000    0.250000   clock reconvergence pessimism
                                              0.250000 ^ _3189_/CLK (sky130_fd_sc_hd__dfxtp_2)
                                 -0.014775    0.235225   library hold time
                                              0.235225   data required time
---------------------------------------------------------------------------------------------
                                              0.235225   data required time
                                             -0.459531   data arrival time
---------------------------------------------------------------------------------------------
                                              0.224306   slack (MET)


Startpoint: _3122_ (rising edge-triggered flip-flop clocked by clk)
Endpoint: _3190_ (rising edge-triggered flip-flop clocked by clk)
Path Group: clk
Path Type: min

Fanout         Cap        Slew       Delay        Time   Description
---------------------------------------------------------------------------------------------
                      0.150000    0.000000    0.000000   clock clk (rise edge)
                                  0.000000    0.000000   clock network delay (ideal)
                      0.150000    0.000000    0.000000 ^ _3122_/CLK (sky130_fd_sc_hd__dfxtp_2)
     2    0.003911    0.035842    0.345579    0.345579 ^ _3122_/Q (sky130_fd_sc_hd__dfxtp_2)
                                                         u_core.pe_accum[0][21] (net)
                      0.035842    0.000000    0.345579 ^ _2874_/A (sky130_fd_sc_hd__and2_2)
     1    0.001674    0.032333    0.113952    0.459531 ^ _2874_/X (sky130_fd_sc_hd__and2_2)
                                                         _0304_ (net)
                      0.032333    0.000000    0.459531 ^ _3190_/D (sky130_fd_sc_hd__dfxtp_2)
                                              0.459531   data arrival time

                      0.150000    0.000000    0.000000   clock clk (rise edge)
                                  0.000000    0.000000   clock network delay (ideal)
                                  0.250000    0.250000   clock uncertainty
                                  0.000000    0.250000   clock reconvergence pessimism
                                              0.250000 ^ _3190_/CLK (sky130_fd_sc_hd__dfxtp_2)
                                 -0.014775    0.235225   library hold time
                                              0.235225   data required time
---------------------------------------------------------------------------------------------
                                              0.235225   data required time
                                             -0.459531   data arrival time
---------------------------------------------------------------------------------------------
                                              0.224306   slack (MET)


Startpoint: _3123_ (rising edge-triggered flip-flop clocked by clk)
Endpoint: _3191_ (rising edge-triggered flip-flop clocked by clk)
Path Group: clk
Path Type: min

Fanout         Cap        Slew       Delay        Time   Description
---------------------------------------------------------------------------------------------
                      0.150000    0.000000    0.000000   clock clk (rise edge)
                                  0.000000    0.000000   clock network delay (ideal)
                      0.150000    0.000000    0.000000 ^ _3123_/CLK (sky130_fd_sc_hd__dfxtp_2)
     2    0.003911    0.035842    0.345579    0.345579 ^ _3123_/Q (sky130_fd_sc_hd__dfxtp_2)
                                                         u_core.pe_accum[0][22] (net)
                      0.035842    0.000000    0.345579 ^ _2875_/A (sky130_fd_sc_hd__and2_2)
     1    0.001674    0.032333    0.113952    0.459531 ^ _2875_/X (sky130_fd_sc_hd__and2_2)
                                                         _0305_ (net)
                      0.032333    0.000000    0.459531 ^ _3191_/D (sky130_fd_sc_hd__dfxtp_2)
                                              0.459531   data arrival time

                      0.150000    0.000000    0.000000   clock clk (rise edge)
                                  0.000000    0.000000   clock network delay (ideal)
                                  0.250000    0.250000   clock uncertainty
                                  0.000000    0.250000   clock reconvergence pessimism
                                              0.250000 ^ _3191_/CLK (sky130_fd_sc_hd__dfxtp_2)
                                 -0.014775    0.235225   library hold time
                                              0.235225   data required time
---------------------------------------------------------------------------------------------
                                              0.235225   data required time
                                             -0.459531   data arrival time
---------------------------------------------------------------------------------------------
                                              0.224306   slack (MET)


Startpoint: _3124_ (rising edge-triggered flip-flop clocked by clk)
Endpoint: _3192_ (rising edge-triggered flip-flop clocked by clk)
Path Group: clk
Path Type: min

Fanout         Cap        Slew       Delay        Time   Description
---------------------------------------------------------------------------------------------
                      0.150000    0.000000    0.000000   clock clk (rise edge)
                                  0.000000    0.000000   clock network delay (ideal)
                      0.150000    0.000000    0.000000 ^ _3124_/CLK (sky130_fd_sc_hd__dfxtp_2)
     2    0.003911    0.035842    0.345579    0.345579 ^ _3124_/Q (sky130_fd_sc_hd__dfxtp_2)
                                                         u_core.pe_accum[0][23] (net)
                      0.035842    0.000000    0.345579 ^ _2876_/A (sky130_fd_sc_hd__and2_2)
     1    0.001674    0.032333    0.113952    0.459531 ^ _2876_/X (sky130_fd_sc_hd__and2_2)
                                                         _0306_ (net)
                      0.032333    0.000000    0.459531 ^ _3192_/D (sky130_fd_sc_hd__dfxtp_2)
                                              0.459531   data arrival time

                      0.150000    0.000000    0.000000   clock clk (rise edge)
                                  0.000000    0.000000   clock network delay (ideal)
                                  0.250000    0.250000   clock uncertainty
                                  0.000000    0.250000   clock reconvergence pessimism
                                              0.250000 ^ _3192_/CLK (sky130_fd_sc_hd__dfxtp_2)
                                 -0.014775    0.235225   library hold time
                                              0.235225   data required time
---------------------------------------------------------------------------------------------
                                              0.235225   data required time
                                             -0.459531   data arrival time
---------------------------------------------------------------------------------------------
                                              0.224306   slack (MET)


Startpoint: _3125_ (rising edge-triggered flip-flop clocked by clk)
Endpoint: _3193_ (rising edge-triggered flip-flop clocked by clk)
Path Group: clk
Path Type: min

Fanout         Cap        Slew       Delay        Time   Description
---------------------------------------------------------------------------------------------
                      0.150000    0.000000    0.000000   clock clk (rise edge)
                                  0.000000    0.000000   clock network delay (ideal)
                      0.150000    0.000000    0.000000 ^ _3125_/CLK (sky130_fd_sc_hd__dfxtp_2)
     2    0.003911    0.035842    0.345579    0.345579 ^ _3125_/Q (sky130_fd_sc_hd__dfxtp_2)
                                                         u_core.pe_accum[0][24] (net)
                      0.035842    0.000000    0.345579 ^ _2877_/A (sky130_fd_sc_hd__and2_2)
     1    0.001674    0.032333    0.113952    0.459531 ^ _2877_/X (sky130_fd_sc_hd__and2_2)
                                                         _0307_ (net)
                      0.032333    0.000000    0.459531 ^ _3193_/D (sky130_fd_sc_hd__dfxtp_2)
                                              0.459531   data arrival time

                      0.150000    0.000000    0.000000   clock clk (rise edge)
                                  0.000000    0.000000   clock network delay (ideal)
                                  0.250000    0.250000   clock uncertainty
                                  0.000000    0.250000   clock reconvergence pessimism
                                              0.250000 ^ _3193_/CLK (sky130_fd_sc_hd__dfxtp_2)
                                 -0.014775    0.235225   library hold time
                                              0.235225   data required time
---------------------------------------------------------------------------------------------
                                              0.235225   data required time
                                             -0.459531   data arrival time
---------------------------------------------------------------------------------------------
                                              0.224306   slack (MET)


Startpoint: _3126_ (rising edge-triggered flip-flop clocked by clk)
Endpoint: _3194_ (rising edge-triggered flip-flop clocked by clk)
Path Group: clk
Path Type: min

Fanout         Cap        Slew       Delay        Time   Description
---------------------------------------------------------------------------------------------
                      0.150000    0.000000    0.000000   clock clk (rise edge)
                                  0.000000    0.000000   clock network delay (ideal)
                      0.150000    0.000000    0.000000 ^ _3126_/CLK (sky130_fd_sc_hd__dfxtp_2)
     2    0.003911    0.035842    0.345579    0.345579 ^ _3126_/Q (sky130_fd_sc_hd__dfxtp_2)
                                                         u_core.pe_accum[0][25] (net)
                      0.035842    0.000000    0.345579 ^ _2878_/A (sky130_fd_sc_hd__and2_2)
     1    0.001674    0.032333    0.113952    0.459531 ^ _2878_/X (sky130_fd_sc_hd__and2_2)
                                                         _0308_ (net)
                      0.032333    0.000000    0.459531 ^ _3194_/D (sky130_fd_sc_hd__dfxtp_2)
                                              0.459531   data arrival time

                      0.150000    0.000000    0.000000   clock clk (rise edge)
                                  0.000000    0.000000   clock network delay (ideal)
                                  0.250000    0.250000   clock uncertainty
                                  0.000000    0.250000   clock reconvergence pessimism
                                              0.250000 ^ _3194_/CLK (sky130_fd_sc_hd__dfxtp_2)
                                 -0.014775    0.235225   library hold time
                                              0.235225   data required time
---------------------------------------------------------------------------------------------
                                              0.235225   data required time
                                             -0.459531   data arrival time
---------------------------------------------------------------------------------------------
                                              0.224306   slack (MET)


Startpoint: _3127_ (rising edge-triggered flip-flop clocked by clk)
Endpoint: _3195_ (rising edge-triggered flip-flop clocked by clk)
Path Group: clk
Path Type: min

Fanout         Cap        Slew       Delay        Time   Description
---------------------------------------------------------------------------------------------
                      0.150000    0.000000    0.000000   clock clk (rise edge)
                                  0.000000    0.000000   clock network delay (ideal)
                      0.150000    0.000000    0.000000 ^ _3127_/CLK (sky130_fd_sc_hd__dfxtp_2)
     2    0.003911    0.035842    0.345579    0.345579 ^ _3127_/Q (sky130_fd_sc_hd__dfxtp_2)
                                                         u_core.pe_accum[0][26] (net)
                      0.035842    0.000000    0.345579 ^ _2879_/A (sky130_fd_sc_hd__and2_2)
     1    0.001674    0.032333    0.113952    0.459531 ^ _2879_/X (sky130_fd_sc_hd__and2_2)
                                                         _0309_ (net)
                      0.032333    0.000000    0.459531 ^ _3195_/D (sky130_fd_sc_hd__dfxtp_2)
                                              0.459531   data arrival time

                      0.150000    0.000000    0.000000   clock clk (rise edge)
                                  0.000000    0.000000   clock network delay (ideal)
                                  0.250000    0.250000   clock uncertainty
                                  0.000000    0.250000   clock reconvergence pessimism
                                              0.250000 ^ _3195_/CLK (sky130_fd_sc_hd__dfxtp_2)
                                 -0.014775    0.235225   library hold time
                                              0.235225   data required time
---------------------------------------------------------------------------------------------
                                              0.235225   data required time
                                             -0.459531   data arrival time
---------------------------------------------------------------------------------------------
                                              0.224306   slack (MET)


Startpoint: _3128_ (rising edge-triggered flip-flop clocked by clk)
Endpoint: _3196_ (rising edge-triggered flip-flop clocked by clk)
Path Group: clk
Path Type: min

Fanout         Cap        Slew       Delay        Time   Description
---------------------------------------------------------------------------------------------
                      0.150000    0.000000    0.000000   clock clk (rise edge)
                                  0.000000    0.000000   clock network delay (ideal)
                      0.150000    0.000000    0.000000 ^ _3128_/CLK (sky130_fd_sc_hd__dfxtp_2)
     2    0.003911    0.035842    0.345579    0.345579 ^ _3128_/Q (sky130_fd_sc_hd__dfxtp_2)
                                                         u_core.pe_accum[0][27] (net)
                      0.035842    0.000000    0.345579 ^ _2880_/A (sky130_fd_sc_hd__and2_2)
     1    0.001674    0.032333    0.113952    0.459531 ^ _2880_/X (sky130_fd_sc_hd__and2_2)
                                                         _0310_ (net)
                      0.032333    0.000000    0.459531 ^ _3196_/D (sky130_fd_sc_hd__dfxtp_2)
                                              0.459531   data arrival time

                      0.150000    0.000000    0.000000   clock clk (rise edge)
                                  0.000000    0.000000   clock network delay (ideal)
                                  0.250000    0.250000   clock uncertainty
                                  0.000000    0.250000   clock reconvergence pessimism
                                              0.250000 ^ _3196_/CLK (sky130_fd_sc_hd__dfxtp_2)
                                 -0.014775    0.235225   library hold time
                                              0.235225   data required time
---------------------------------------------------------------------------------------------
                                              0.235225   data required time
                                             -0.459531   data arrival time
---------------------------------------------------------------------------------------------
                                              0.224306   slack (MET)


Startpoint: _3129_ (rising edge-triggered flip-flop clocked by clk)
Endpoint: _3197_ (rising edge-triggered flip-flop clocked by clk)
Path Group: clk
Path Type: min

Fanout         Cap        Slew       Delay        Time   Description
---------------------------------------------------------------------------------------------
                      0.150000    0.000000    0.000000   clock clk (rise edge)
                                  0.000000    0.000000   clock network delay (ideal)
                      0.150000    0.000000    0.000000 ^ _3129_/CLK (sky130_fd_sc_hd__dfxtp_2)
     2    0.003911    0.035842    0.345579    0.345579 ^ _3129_/Q (sky130_fd_sc_hd__dfxtp_2)
                                                         u_core.pe_accum[0][28] (net)
                      0.035842    0.000000    0.345579 ^ _2881_/A (sky130_fd_sc_hd__and2_2)
     1    0.001674    0.032333    0.113952    0.459531 ^ _2881_/X (sky130_fd_sc_hd__and2_2)
                                                         _0311_ (net)
                      0.032333    0.000000    0.459531 ^ _3197_/D (sky130_fd_sc_hd__dfxtp_2)
                                              0.459531   data arrival time

                      0.150000    0.000000    0.000000   clock clk (rise edge)
                                  0.000000    0.000000   clock network delay (ideal)
                                  0.250000    0.250000   clock uncertainty
                                  0.000000    0.250000   clock reconvergence pessimism
                                              0.250000 ^ _3197_/CLK (sky130_fd_sc_hd__dfxtp_2)
                                 -0.014775    0.235225   library hold time
                                              0.235225   data required time
---------------------------------------------------------------------------------------------
                                              0.235225   data required time
                                             -0.459531   data arrival time
---------------------------------------------------------------------------------------------
                                              0.224306   slack (MET)


Startpoint: _3130_ (rising edge-triggered flip-flop clocked by clk)
Endpoint: _3198_ (rising edge-triggered flip-flop clocked by clk)
Path Group: clk
Path Type: min

Fanout         Cap        Slew       Delay        Time   Description
---------------------------------------------------------------------------------------------
                      0.150000    0.000000    0.000000   clock clk (rise edge)
                                  0.000000    0.000000   clock network delay (ideal)
                      0.150000    0.000000    0.000000 ^ _3130_/CLK (sky130_fd_sc_hd__dfxtp_2)
     2    0.003911    0.035842    0.345579    0.345579 ^ _3130_/Q (sky130_fd_sc_hd__dfxtp_2)
                                                         u_core.pe_accum[0][29] (net)
                      0.035842    0.000000    0.345579 ^ _2882_/A (sky130_fd_sc_hd__and2_2)
     1    0.001674    0.032333    0.113952    0.459531 ^ _2882_/X (sky130_fd_sc_hd__and2_2)
                                                         _0312_ (net)
                      0.032333    0.000000    0.459531 ^ _3198_/D (sky130_fd_sc_hd__dfxtp_2)
                                              0.459531   data arrival time

                      0.150000    0.000000    0.000000   clock clk (rise edge)
                                  0.000000    0.000000   clock network delay (ideal)
                                  0.250000    0.250000   clock uncertainty
                                  0.000000    0.250000   clock reconvergence pessimism
                                              0.250000 ^ _3198_/CLK (sky130_fd_sc_hd__dfxtp_2)
                                 -0.014775    0.235225   library hold time
                                              0.235225   data required time
---------------------------------------------------------------------------------------------
                                              0.235225   data required time
                                             -0.459531   data arrival time
---------------------------------------------------------------------------------------------
                                              0.224306   slack (MET)


Startpoint: _3131_ (rising edge-triggered flip-flop clocked by clk)
Endpoint: _3199_ (rising edge-triggered flip-flop clocked by clk)
Path Group: clk
Path Type: min

Fanout         Cap        Slew       Delay        Time   Description
---------------------------------------------------------------------------------------------
                      0.150000    0.000000    0.000000   clock clk (rise edge)
                                  0.000000    0.000000   clock network delay (ideal)
                      0.150000    0.000000    0.000000 ^ _3131_/CLK (sky130_fd_sc_hd__dfxtp_2)
     2    0.003911    0.035842    0.345579    0.345579 ^ _3131_/Q (sky130_fd_sc_hd__dfxtp_2)
                                                         u_core.pe_accum[0][30] (net)
                      0.035842    0.000000    0.345579 ^ _2883_/A (sky130_fd_sc_hd__and2_2)
     1    0.001674    0.032333    0.113952    0.459531 ^ _2883_/X (sky130_fd_sc_hd__and2_2)
                                                         _0313_ (net)
                      0.032333    0.000000    0.459531 ^ _3199_/D (sky130_fd_sc_hd__dfxtp_2)
                                              0.459531   data arrival time

                      0.150000    0.000000    0.000000   clock clk (rise edge)
                                  0.000000    0.000000   clock network delay (ideal)
                                  0.250000    0.250000   clock uncertainty
                                  0.000000    0.250000   clock reconvergence pessimism
                                              0.250000 ^ _3199_/CLK (sky130_fd_sc_hd__dfxtp_2)
                                 -0.014775    0.235225   library hold time
                                              0.235225   data required time
---------------------------------------------------------------------------------------------
                                              0.235225   data required time
                                             -0.459531   data arrival time
---------------------------------------------------------------------------------------------
                                              0.224306   slack (MET)


Startpoint: _3132_ (rising edge-triggered flip-flop clocked by clk)
Endpoint: _3200_ (rising edge-triggered flip-flop clocked by clk)
Path Group: clk
Path Type: min

Fanout         Cap        Slew       Delay        Time   Description
---------------------------------------------------------------------------------------------
                      0.150000    0.000000    0.000000   clock clk (rise edge)
                                  0.000000    0.000000   clock network delay (ideal)
                      0.150000    0.000000    0.000000 ^ _3132_/CLK (sky130_fd_sc_hd__dfxtp_2)
     2    0.003964    0.036075    0.345825    0.345825 ^ _3132_/Q (sky130_fd_sc_hd__dfxtp_2)
                                                         u_core.pe_accum[0][31] (net)
                      0.036075    0.000000    0.345825 ^ _2884_/A (sky130_fd_sc_hd__and2_2)
     1    0.001674    0.032334    0.114034    0.459859 ^ _2884_/X (sky130_fd_sc_hd__and2_2)
                                                         _0314_ (net)
                      0.032334    0.000000    0.459859 ^ _3200_/D (sky130_fd_sc_hd__dfxtp_2)
                                              0.459859   data arrival time

                      0.150000    0.000000    0.000000   clock clk (rise edge)
                                  0.000000    0.000000   clock network delay (ideal)
                                  0.250000    0.250000   clock uncertainty
                                  0.000000    0.250000   clock reconvergence pessimism
                                              0.250000 ^ _3200_/CLK (sky130_fd_sc_hd__dfxtp_2)
                                 -0.014775    0.235225   library hold time
                                              0.235225   data required time
---------------------------------------------------------------------------------------------
                                              0.235225   data required time
                                             -0.459859   data arrival time
---------------------------------------------------------------------------------------------
                                              0.224634   slack (MET)


Startpoint: _3101_ (rising edge-triggered flip-flop clocked by clk)
Endpoint: _3169_ (rising edge-triggered flip-flop clocked by clk)
Path Group: clk
Path Type: min

Fanout         Cap        Slew       Delay        Time   Description
---------------------------------------------------------------------------------------------
                      0.150000    0.000000    0.000000   clock clk (rise edge)
                                  0.000000    0.000000   clock network delay (ideal)
                      0.150000    0.000000    0.000000 ^ _3101_/CLK (sky130_fd_sc_hd__dfxtp_2)
     2    0.003978    0.036136    0.345889    0.345889 ^ _3101_/Q (sky130_fd_sc_hd__dfxtp_2)
                                                         u_core.pe_accum[0][0] (net)
                      0.036136    0.000000    0.345889 ^ _2853_/A (sky130_fd_sc_hd__and2_2)
     1    0.001674    0.032334    0.114056    0.459945 ^ _2853_/X (sky130_fd_sc_hd__and2_2)
                                                         _0283_ (net)
                      0.032334    0.000000    0.459945 ^ _3169_/D (sky130_fd_sc_hd__dfxtp_2)
                                              0.459945   data arrival time

                      0.150000    0.000000    0.000000   clock clk (rise edge)
                                  0.000000    0.000000   clock network delay (ideal)
                                  0.250000    0.250000   clock uncertainty
                                  0.000000    0.250000   clock reconvergence pessimism
                                              0.250000 ^ _3169_/CLK (sky130_fd_sc_hd__dfxtp_2)
                                 -0.014775    0.235225   library hold time
                                              0.235225   data required time
---------------------------------------------------------------------------------------------
                                              0.235225   data required time
                                             -0.459945   data arrival time
---------------------------------------------------------------------------------------------
                                              0.224721   slack (MET)


Startpoint: _3136_ (rising edge-triggered flip-flop clocked by clk)
Endpoint: _3136_ (rising edge-triggered flip-flop clocked by clk)
Path Group: clk
Path Type: min

Fanout         Cap        Slew       Delay        Time   Description
---------------------------------------------------------------------------------------------
                      0.150000    0.000000    0.000000   clock clk (rise edge)
                                  0.000000    0.000000   clock network delay (ideal)
                      0.150000    0.000000    0.000000 ^ _3136_/CLK (sky130_fd_sc_hd__dfxtp_2)
     3    0.010666    0.040872    0.360337    0.360337 v _3136_/Q (sky130_fd_sc_hd__dfxtp_2)
                                                         u_core.pe_array[0].u_pe.accum_reg[3] (net)
                      0.040872    0.000000    0.360337 v _2775_/B (sky130_fd_sc_hd__nand2_2)
     1    0.004606    0.044960    0.061229    0.421566 ^ _2775_/Y (sky130_fd_sc_hd__nand2_2)
                                                         _1202_ (net)
                      0.044960    0.000000    0.421566 ^ _2777_/A1 (sky130_fd_sc_hd__a21oi_2)
     1    0.001681    0.025094    0.038924    0.460490 v _2777_/Y (sky130_fd_sc_hd__a21oi_2)
                                                         _0250_ (net)
                      0.025094    0.000000    0.460490 v _3136_/D (sky130_fd_sc_hd__dfxtp_2)
                                              0.460490   data arrival time

                      0.150000    0.000000    0.000000   clock clk (rise edge)
                                  0.000000    0.000000   clock network delay (ideal)
                                  0.250000    0.250000   clock uncertainty
                                  0.000000    0.250000   clock reconvergence pessimism
                                              0.250000 ^ _3136_/CLK (sky130_fd_sc_hd__dfxtp_2)
                                 -0.014487    0.235513   library hold time
                                              0.235513   data required time
---------------------------------------------------------------------------------------------
                                              0.235513   data required time
                                             -0.460490   data arrival time
---------------------------------------------------------------------------------------------
                                              0.224977   slack (MET)


Startpoint: _3121_ (rising edge-triggered flip-flop clocked by clk)
Endpoint: _3121_ (rising edge-triggered flip-flop clocked by clk)
Path Group: clk
Path Type: min

Fanout         Cap        Slew       Delay        Time   Description
---------------------------------------------------------------------------------------------
                      0.150000    0.000000    0.000000   clock clk (rise edge)
                                  0.000000    0.000000   clock network delay (ideal)
                      0.150000    0.000000    0.000000 ^ _3121_/CLK (sky130_fd_sc_hd__dfxtp_2)
     2    0.003911    0.035842    0.345579    0.345579 ^ _3121_/Q (sky130_fd_sc_hd__dfxtp_2)
                                                         u_core.pe_accum[0][20] (net)
                      0.035842    0.000000    0.345579 ^ _2536_/A1 (sky130_fd_sc_hd__a22o_2)
     1    0.001674    0.029849    0.115618    0.461197 ^ _2536_/X (sky130_fd_sc_hd__a22o_2)
                                                         _0235_ (net)
                      0.029849    0.000000    0.461197 ^ _3121_/D (sky130_fd_sc_hd__dfxtp_2)
                                              0.461197   data arrival time

                      0.150000    0.000000    0.000000   clock clk (rise edge)
                                  0.000000    0.000000   clock network delay (ideal)
                                  0.250000    0.250000   clock uncertainty
                                  0.000000    0.250000   clock reconvergence pessimism
                                              0.250000 ^ _3121_/CLK (sky130_fd_sc_hd__dfxtp_2)
                                 -0.014267    0.235733   library hold time
                                              0.235733   data required time
---------------------------------------------------------------------------------------------
                                              0.235733   data required time
                                             -0.461197   data arrival time
---------------------------------------------------------------------------------------------
                                              0.225464   slack (MET)


Startpoint: _3122_ (rising edge-triggered flip-flop clocked by clk)
Endpoint: _3122_ (rising edge-triggered flip-flop clocked by clk)
Path Group: clk
Path Type: min

Fanout         Cap        Slew       Delay        Time   Description
---------------------------------------------------------------------------------------------
                      0.150000    0.000000    0.000000   clock clk (rise edge)
                                  0.000000    0.000000   clock network delay (ideal)
                      0.150000    0.000000    0.000000 ^ _3122_/CLK (sky130_fd_sc_hd__dfxtp_2)
     2    0.003911    0.035842    0.345579    0.345579 ^ _3122_/Q (sky130_fd_sc_hd__dfxtp_2)
                                                         u_core.pe_accum[0][21] (net)
                      0.035842    0.000000    0.345579 ^ _2554_/A1 (sky130_fd_sc_hd__a22o_2)
     1    0.001674    0.029848    0.115618    0.461197 ^ _2554_/X (sky130_fd_sc_hd__a22o_2)
                                                         _0236_ (net)
                      0.029848    0.000000    0.461197 ^ _3122_/D (sky130_fd_sc_hd__dfxtp_2)
                                              0.461197   data arrival time

                      0.150000    0.000000    0.000000   clock clk (rise edge)
                                  0.000000    0.000000   clock network delay (ideal)
                                  0.250000    0.250000   clock uncertainty
                                  0.000000    0.250000   clock reconvergence pessimism
                                              0.250000 ^ _3122_/CLK (sky130_fd_sc_hd__dfxtp_2)
                                 -0.014267    0.235733   library hold time
                                              0.235733   data required time
---------------------------------------------------------------------------------------------
                                              0.235733   data required time
                                             -0.461197   data arrival time
---------------------------------------------------------------------------------------------
                                              0.225464   slack (MET)


Startpoint: _3123_ (rising edge-triggered flip-flop clocked by clk)
Endpoint: _3123_ (rising edge-triggered flip-flop clocked by clk)
Path Group: clk
Path Type: min

Fanout         Cap        Slew       Delay        Time   Description
---------------------------------------------------------------------------------------------
                      0.150000    0.000000    0.000000   clock clk (rise edge)
                                  0.000000    0.000000   clock network delay (ideal)
                      0.150000    0.000000    0.000000 ^ _3123_/CLK (sky130_fd_sc_hd__dfxtp_2)
     2    0.003911    0.035842    0.345579    0.345579 ^ _3123_/Q (sky130_fd_sc_hd__dfxtp_2)
                                                         u_core.pe_accum[0][22] (net)
                      0.035842    0.000000    0.345579 ^ _2576_/A1 (sky130_fd_sc_hd__a22o_2)
     1    0.001674    0.029848    0.115618    0.461197 ^ _2576_/X (sky130_fd_sc_hd__a22o_2)
                                                         _0237_ (net)
                      0.029848    0.000000    0.461197 ^ _3123_/D (sky130_fd_sc_hd__dfxtp_2)
                                              0.461197   data arrival time

                      0.150000    0.000000    0.000000   clock clk (rise edge)
                                  0.000000    0.000000   clock network delay (ideal)
                                  0.250000    0.250000   clock uncertainty
                                  0.000000    0.250000   clock reconvergence pessimism
                                              0.250000 ^ _3123_/CLK (sky130_fd_sc_hd__dfxtp_2)
                                 -0.014267    0.235733   library hold time
                                              0.235733   data required time
---------------------------------------------------------------------------------------------
                                              0.235733   data required time
                                             -0.461197   data arrival time
---------------------------------------------------------------------------------------------
                                              0.225464   slack (MET)


Startpoint: _3124_ (rising edge-triggered flip-flop clocked by clk)
Endpoint: _3124_ (rising edge-triggered flip-flop clocked by clk)
Path Group: clk
Path Type: min

Fanout         Cap        Slew       Delay        Time   Description
---------------------------------------------------------------------------------------------
                      0.150000    0.000000    0.000000   clock clk (rise edge)
                                  0.000000    0.000000   clock network delay (ideal)
                      0.150000    0.000000    0.000000 ^ _3124_/CLK (sky130_fd_sc_hd__dfxtp_2)
     2    0.003911    0.035842    0.345579    0.345579 ^ _3124_/Q (sky130_fd_sc_hd__dfxtp_2)
                                                         u_core.pe_accum[0][23] (net)
                      0.035842    0.000000    0.345579 ^ _2594_/A1 (sky130_fd_sc_hd__a22o_2)
     1    0.001674    0.029847    0.115618    0.461197 ^ _2594_/X (sky130_fd_sc_hd__a22o_2)
                                                         _0238_ (net)
                      0.029847    0.000000    0.461197 ^ _3124_/D (sky130_fd_sc_hd__dfxtp_2)
                                              0.461197   data arrival time

                      0.150000    0.000000    0.000000   clock clk (rise edge)
                                  0.000000    0.000000   clock network delay (ideal)
                                  0.250000    0.250000   clock uncertainty
                                  0.000000    0.250000   clock reconvergence pessimism
                                              0.250000 ^ _3124_/CLK (sky130_fd_sc_hd__dfxtp_2)
                                 -0.014267    0.235733   library hold time
                                              0.235733   data required time
---------------------------------------------------------------------------------------------
                                              0.235733   data required time
                                             -0.461197   data arrival time
---------------------------------------------------------------------------------------------
                                              0.225464   slack (MET)


Startpoint: _3126_ (rising edge-triggered flip-flop clocked by clk)
Endpoint: _3126_ (rising edge-triggered flip-flop clocked by clk)
Path Group: clk
Path Type: min

Fanout         Cap        Slew       Delay        Time   Description
---------------------------------------------------------------------------------------------
                      0.150000    0.000000    0.000000   clock clk (rise edge)
                                  0.000000    0.000000   clock network delay (ideal)
                      0.150000    0.000000    0.000000 ^ _3126_/CLK (sky130_fd_sc_hd__dfxtp_2)
     2    0.003911    0.035842    0.345579    0.345579 ^ _3126_/Q (sky130_fd_sc_hd__dfxtp_2)
                                                         u_core.pe_accum[0][25] (net)
                      0.035842    0.000000    0.345579 ^ _2643_/A1 (sky130_fd_sc_hd__a22o_2)
     1    0.001674    0.029847    0.115618    0.461197 ^ _2643_/X (sky130_fd_sc_hd__a22o_2)
                                                         _0240_ (net)
                      0.029847    0.000000    0.461197 ^ _3126_/D (sky130_fd_sc_hd__dfxtp_2)
                                              0.461197   data arrival time

                      0.150000    0.000000    0.000000   clock clk (rise edge)
                                  0.000000    0.000000   clock network delay (ideal)
                                  0.250000    0.250000   clock uncertainty
                                  0.000000    0.250000   clock reconvergence pessimism
                                              0.250000 ^ _3126_/CLK (sky130_fd_sc_hd__dfxtp_2)
                                 -0.014267    0.235733   library hold time
                                              0.235733   data required time
---------------------------------------------------------------------------------------------
                                              0.235733   data required time
                                             -0.461197   data arrival time
---------------------------------------------------------------------------------------------
                                              0.225464   slack (MET)


Startpoint: _3130_ (rising edge-triggered flip-flop clocked by clk)
Endpoint: _3130_ (rising edge-triggered flip-flop clocked by clk)
Path Group: clk
Path Type: min

Fanout         Cap        Slew       Delay        Time   Description
---------------------------------------------------------------------------------------------
                      0.150000    0.000000    0.000000   clock clk (rise edge)
                                  0.000000    0.000000   clock network delay (ideal)
                      0.150000    0.000000    0.000000 ^ _3130_/CLK (sky130_fd_sc_hd__dfxtp_2)
     2    0.003911    0.035842    0.345579    0.345579 ^ _3130_/Q (sky130_fd_sc_hd__dfxtp_2)
                                                         u_core.pe_accum[0][29] (net)
                      0.035842    0.000000    0.345579 ^ _2728_/A1 (sky130_fd_sc_hd__a22o_2)
     1    0.001674    0.029847    0.115618    0.461197 ^ _2728_/X (sky130_fd_sc_hd__a22o_2)
                                                         _0244_ (net)
                      0.029847    0.000000    0.461197 ^ _3130_/D (sky130_fd_sc_hd__dfxtp_2)
                                              0.461197   data arrival time

                      0.150000    0.000000    0.000000   clock clk (rise edge)
                                  0.000000    0.000000   clock network delay (ideal)
                                  0.250000    0.250000   clock uncertainty
                                  0.000000    0.250000   clock reconvergence pessimism
                                              0.250000 ^ _3130_/CLK (sky130_fd_sc_hd__dfxtp_2)
                                 -0.014267    0.235733   library hold time
                                              0.235733   data required time
---------------------------------------------------------------------------------------------
                                              0.235733   data required time
                                             -0.461197   data arrival time
---------------------------------------------------------------------------------------------
                                              0.225464   slack (MET)


Startpoint: _3102_ (rising edge-triggered flip-flop clocked by clk)
Endpoint: _3102_ (rising edge-triggered flip-flop clocked by clk)
Path Group: clk
Path Type: min

Fanout         Cap        Slew       Delay        Time   Description
---------------------------------------------------------------------------------------------
                      0.150000    0.000000    0.000000   clock clk (rise edge)
                                  0.000000    0.000000   clock network delay (ideal)
                      0.150000    0.000000    0.000000 ^ _3102_/CLK (sky130_fd_sc_hd__dfxtp_2)
     2    0.003911    0.035842    0.345579    0.345579 ^ _3102_/Q (sky130_fd_sc_hd__dfxtp_2)
                                                         u_core.pe_accum[0][1] (net)
                      0.035842    0.000000    0.345579 ^ _1958_/A1 (sky130_fd_sc_hd__a22o_2)
     1    0.001674    0.029849    0.115618    0.461197 ^ _1958_/X (sky130_fd_sc_hd__a22o_2)
                                                         _0216_ (net)
                      0.029849    0.000000    0.461197 ^ _3102_/D (sky130_fd_sc_hd__dfxtp_2)
                                              0.461197   data arrival time

                      0.150000    0.000000    0.000000   clock clk (rise edge)
                                  0.000000    0.000000   clock network delay (ideal)
                                  0.250000    0.250000   clock uncertainty
                                  0.000000    0.250000   clock reconvergence pessimism
                                              0.250000 ^ _3102_/CLK (sky130_fd_sc_hd__dfxtp_2)
                                 -0.014267    0.235733   library hold time
                                              0.235733   data required time
---------------------------------------------------------------------------------------------
                                              0.235733   data required time
                                             -0.461197   data arrival time
---------------------------------------------------------------------------------------------
                                              0.225464   slack (MET)


Startpoint: _3103_ (rising edge-triggered flip-flop clocked by clk)
Endpoint: _3103_ (rising edge-triggered flip-flop clocked by clk)
Path Group: clk
Path Type: min

Fanout         Cap        Slew       Delay        Time   Description
---------------------------------------------------------------------------------------------
                      0.150000    0.000000    0.000000   clock clk (rise edge)
                                  0.000000    0.000000   clock network delay (ideal)
                      0.150000    0.000000    0.000000 ^ _3103_/CLK (sky130_fd_sc_hd__dfxtp_2)
     2    0.003911    0.035842    0.345579    0.345579 ^ _3103_/Q (sky130_fd_sc_hd__dfxtp_2)
                                                         u_core.pe_accum[0][2] (net)
                      0.035842    0.000000    0.345579 ^ _1973_/A1 (sky130_fd_sc_hd__a22o_2)
     1    0.001674    0.029848    0.115618    0.461197 ^ _1973_/X (sky130_fd_sc_hd__a22o_2)
                                                         _0217_ (net)
                      0.029848    0.000000    0.461197 ^ _3103_/D (sky130_fd_sc_hd__dfxtp_2)
                                              0.461197   data arrival time

                      0.150000    0.000000    0.000000   clock clk (rise edge)
                                  0.000000    0.000000   clock network delay (ideal)
                                  0.250000    0.250000   clock uncertainty
                                  0.000000    0.250000   clock reconvergence pessimism
                                              0.250000 ^ _3103_/CLK (sky130_fd_sc_hd__dfxtp_2)
                                 -0.014267    0.235733   library hold time
                                              0.235733   data required time
---------------------------------------------------------------------------------------------
                                              0.235733   data required time
                                             -0.461197   data arrival time
---------------------------------------------------------------------------------------------
                                              0.225464   slack (MET)


Startpoint: _3114_ (rising edge-triggered flip-flop clocked by clk)
Endpoint: _3114_ (rising edge-triggered flip-flop clocked by clk)
Path Group: clk
Path Type: min

Fanout         Cap        Slew       Delay        Time   Description
---------------------------------------------------------------------------------------------
                      0.150000    0.000000    0.000000   clock clk (rise edge)
                                  0.000000    0.000000   clock network delay (ideal)
                      0.150000    0.000000    0.000000 ^ _3114_/CLK (sky130_fd_sc_hd__dfxtp_2)
     2    0.003911    0.035842    0.345579    0.345579 ^ _3114_/Q (sky130_fd_sc_hd__dfxtp_2)
                                                         u_core.pe_accum[0][13] (net)
                      0.035842    0.000000    0.345579 ^ _2361_/A1 (sky130_fd_sc_hd__a22o_2)
     1    0.001674    0.029849    0.115618    0.461197 ^ _2361_/X (sky130_fd_sc_hd__a22o_2)
                                                         _0228_ (net)
                      0.029849    0.000000    0.461197 ^ _3114_/D (sky130_fd_sc_hd__dfxtp_2)
                                              0.461197   data arrival time

                      0.150000    0.000000    0.000000   clock clk (rise edge)
                                  0.000000    0.000000   clock network delay (ideal)
                                  0.250000    0.250000   clock uncertainty
                                  0.000000    0.250000   clock reconvergence pessimism
                                              0.250000 ^ _3114_/CLK (sky130_fd_sc_hd__dfxtp_2)
                                 -0.014267    0.235733   library hold time
                                              0.235733   data required time
---------------------------------------------------------------------------------------------
                                              0.235733   data required time
                                             -0.461197   data arrival time
---------------------------------------------------------------------------------------------
                                              0.225464   slack (MET)


Startpoint: _3115_ (rising edge-triggered flip-flop clocked by clk)
Endpoint: _3115_ (rising edge-triggered flip-flop clocked by clk)
Path Group: clk
Path Type: min

Fanout         Cap        Slew       Delay        Time   Description
---------------------------------------------------------------------------------------------
                      0.150000    0.000000    0.000000   clock clk (rise edge)
                                  0.000000    0.000000   clock network delay (ideal)
                      0.150000    0.000000    0.000000 ^ _3115_/CLK (sky130_fd_sc_hd__dfxtp_2)
     2    0.003911    0.035842    0.345579    0.345579 ^ _3115_/Q (sky130_fd_sc_hd__dfxtp_2)
                                                         u_core.pe_accum[0][14] (net)
                      0.035842    0.000000    0.345579 ^ _2393_/A1 (sky130_fd_sc_hd__a22o_2)
     1    0.001674    0.029848    0.115618    0.461197 ^ _2393_/X (sky130_fd_sc_hd__a22o_2)
                                                         _0229_ (net)
                      0.029848    0.000000    0.461197 ^ _3115_/D (sky130_fd_sc_hd__dfxtp_2)
                                              0.461197   data arrival time

                      0.150000    0.000000    0.000000   clock clk (rise edge)
                                  0.000000    0.000000   clock network delay (ideal)
                                  0.250000    0.250000   clock uncertainty
                                  0.000000    0.250000   clock reconvergence pessimism
                                              0.250000 ^ _3115_/CLK (sky130_fd_sc_hd__dfxtp_2)
                                 -0.014267    0.235733   library hold time
                                              0.235733   data required time
---------------------------------------------------------------------------------------------
                                              0.235733   data required time
                                             -0.461197   data arrival time
---------------------------------------------------------------------------------------------
                                              0.225464   slack (MET)


Startpoint: _3116_ (rising edge-triggered flip-flop clocked by clk)
Endpoint: _3116_ (rising edge-triggered flip-flop clocked by clk)
Path Group: clk
Path Type: min

Fanout         Cap        Slew       Delay        Time   Description
---------------------------------------------------------------------------------------------
                      0.150000    0.000000    0.000000   clock clk (rise edge)
                                  0.000000    0.000000   clock network delay (ideal)
                      0.150000    0.000000    0.000000 ^ _3116_/CLK (sky130_fd_sc_hd__dfxtp_2)
     2    0.003911    0.035842    0.345579    0.345579 ^ _3116_/Q (sky130_fd_sc_hd__dfxtp_2)
                                                         u_core.pe_accum[0][15] (net)
                      0.035842    0.000000    0.345579 ^ _2416_/A1 (sky130_fd_sc_hd__a22o_2)
     1    0.001674    0.029849    0.115618    0.461197 ^ _2416_/X (sky130_fd_sc_hd__a22o_2)
                                                         _0230_ (net)
                      0.029849    0.000000    0.461197 ^ _3116_/D (sky130_fd_sc_hd__dfxtp_2)
                                              0.461197   data arrival time

                      0.150000    0.000000    0.000000   clock clk (rise edge)
                                  0.000000    0.000000   clock network delay (ideal)
                                  0.250000    0.250000   clock uncertainty
                                  0.000000    0.250000   clock reconvergence pessimism
                                              0.250000 ^ _3116_/CLK (sky130_fd_sc_hd__dfxtp_2)
                                 -0.014267    0.235733   library hold time
                                              0.235733   data required time
---------------------------------------------------------------------------------------------
                                              0.235733   data required time
                                             -0.461197   data arrival time
---------------------------------------------------------------------------------------------
                                              0.225464   slack (MET)


Startpoint: _3127_ (rising edge-triggered flip-flop clocked by clk)
Endpoint: _3127_ (rising edge-triggered flip-flop clocked by clk)
Path Group: clk
Path Type: min

Fanout         Cap        Slew       Delay        Time   Description
---------------------------------------------------------------------------------------------
                      0.150000    0.000000    0.000000   clock clk (rise edge)
                                  0.000000    0.000000   clock network delay (ideal)
                      0.150000    0.000000    0.000000 ^ _3127_/CLK (sky130_fd_sc_hd__dfxtp_2)
     2    0.003911    0.035842    0.345579    0.345579 ^ _3127_/Q (sky130_fd_sc_hd__dfxtp_2)
                                                         u_core.pe_accum[0][26] (net)
                      0.035842    0.000000    0.345579 ^ _2665_/A1 (sky130_fd_sc_hd__a22o_2)
     1    0.001674    0.029848    0.115618    0.461197 ^ _2665_/X (sky130_fd_sc_hd__a22o_2)
                                                         _0241_ (net)
                      0.029848    0.000000    0.461197 ^ _3127_/D (sky130_fd_sc_hd__dfxtp_2)
                                              0.461197   data arrival time

                      0.150000    0.000000    0.000000   clock clk (rise edge)
                                  0.000000    0.000000   clock network delay (ideal)
                                  0.250000    0.250000   clock uncertainty
                                  0.000000    0.250000   clock reconvergence pessimism
                                              0.250000 ^ _3127_/CLK (sky130_fd_sc_hd__dfxtp_2)
                                 -0.014267    0.235733   library hold time
                                              0.235733   data required time
---------------------------------------------------------------------------------------------
                                              0.235733   data required time
                                             -0.461197   data arrival time
---------------------------------------------------------------------------------------------
                                              0.225464   slack (MET)


Startpoint: _3128_ (rising edge-triggered flip-flop clocked by clk)
Endpoint: _3128_ (rising edge-triggered flip-flop clocked by clk)
Path Group: clk
Path Type: min

Fanout         Cap        Slew       Delay        Time   Description
---------------------------------------------------------------------------------------------
                      0.150000    0.000000    0.000000   clock clk (rise edge)
                                  0.000000    0.000000   clock network delay (ideal)
                      0.150000    0.000000    0.000000 ^ _3128_/CLK (sky130_fd_sc_hd__dfxtp_2)
     2    0.003911    0.035842    0.345579    0.345579 ^ _3128_/Q (sky130_fd_sc_hd__dfxtp_2)
                                                         u_core.pe_accum[0][27] (net)
                      0.035842    0.000000    0.345579 ^ _2683_/A1 (sky130_fd_sc_hd__a22o_2)
     1    0.001674    0.029848    0.115618    0.461197 ^ _2683_/X (sky130_fd_sc_hd__a22o_2)
                                                         _0242_ (net)
                      0.029848    0.000000    0.461197 ^ _3128_/D (sky130_fd_sc_hd__dfxtp_2)
                                              0.461197   data arrival time

                      0.150000    0.000000    0.000000   clock clk (rise edge)
                                  0.000000    0.000000   clock network delay (ideal)
                                  0.250000    0.250000   clock uncertainty
                                  0.000000    0.250000   clock reconvergence pessimism
                                              0.250000 ^ _3128_/CLK (sky130_fd_sc_hd__dfxtp_2)
                                 -0.014267    0.235733   library hold time
                                              0.235733   data required time
---------------------------------------------------------------------------------------------
                                              0.235733   data required time
                                             -0.461197   data arrival time
---------------------------------------------------------------------------------------------
                                              0.225464   slack (MET)


Startpoint: _3131_ (rising edge-triggered flip-flop clocked by clk)
Endpoint: _3131_ (rising edge-triggered flip-flop clocked by clk)
Path Group: clk
Path Type: min

Fanout         Cap        Slew       Delay        Time   Description
---------------------------------------------------------------------------------------------
                      0.150000    0.000000    0.000000   clock clk (rise edge)
                                  0.000000    0.000000   clock network delay (ideal)
                      0.150000    0.000000    0.000000 ^ _3131_/CLK (sky130_fd_sc_hd__dfxtp_2)
     2    0.003911    0.035842    0.345579    0.345579 ^ _3131_/Q (sky130_fd_sc_hd__dfxtp_2)
                                                         u_core.pe_accum[0][30] (net)
                      0.035842    0.000000    0.345579 ^ _2751_/A1 (sky130_fd_sc_hd__a22o_2)
     1    0.001674    0.029848    0.115618    0.461197 ^ _2751_/X (sky130_fd_sc_hd__a22o_2)
                                                         _0245_ (net)
                      0.029848    0.000000    0.461197 ^ _3131_/D (sky130_fd_sc_hd__dfxtp_2)
                                              0.461197   data arrival time

                      0.150000    0.000000    0.000000   clock clk (rise edge)
                                  0.000000    0.000000   clock network delay (ideal)
                                  0.250000    0.250000   clock uncertainty
                                  0.000000    0.250000   clock reconvergence pessimism
                                              0.250000 ^ _3131_/CLK (sky130_fd_sc_hd__dfxtp_2)
                                 -0.014267    0.235733   library hold time
                                              0.235733   data required time
---------------------------------------------------------------------------------------------
                                              0.235733   data required time
                                             -0.461197   data arrival time
---------------------------------------------------------------------------------------------
                                              0.225464   slack (MET)


Startpoint: _3119_ (rising edge-triggered flip-flop clocked by clk)
Endpoint: _3119_ (rising edge-triggered flip-flop clocked by clk)
Path Group: clk
Path Type: min

Fanout         Cap        Slew       Delay        Time   Description
---------------------------------------------------------------------------------------------
                      0.150000    0.000000    0.000000   clock clk (rise edge)
                                  0.000000    0.000000   clock network delay (ideal)
                      0.150000    0.000000    0.000000 ^ _3119_/CLK (sky130_fd_sc_hd__dfxtp_2)
     2    0.003911    0.035842    0.345579    0.345579 ^ _3119_/Q (sky130_fd_sc_hd__dfxtp_2)
                                                         u_core.pe_accum[0][18] (net)
                      0.035842    0.000000    0.345579 ^ _2491_/A1 (sky130_fd_sc_hd__a22o_2)
     1    0.001674    0.029850    0.115618    0.461197 ^ _2491_/X (sky130_fd_sc_hd__a22o_2)
                                                         _0233_ (net)
                      0.029850    0.000000    0.461197 ^ _3119_/D (sky130_fd_sc_hd__dfxtp_2)
                                              0.461197   data arrival time

                      0.150000    0.000000    0.000000   clock clk (rise edge)
                                  0.000000    0.000000   clock network delay (ideal)
                                  0.250000    0.250000   clock uncertainty
                                  0.000000    0.250000   clock reconvergence pessimism
                                              0.250000 ^ _3119_/CLK (sky130_fd_sc_hd__dfxtp_2)
                                 -0.014267    0.235733   library hold time
                                              0.235733   data required time
---------------------------------------------------------------------------------------------
                                              0.235733   data required time
                                             -0.461197   data arrival time
---------------------------------------------------------------------------------------------
                                              0.225464   slack (MET)


Startpoint: _3117_ (rising edge-triggered flip-flop clocked by clk)
Endpoint: _3117_ (rising edge-triggered flip-flop clocked by clk)
Path Group: clk
Path Type: min

Fanout         Cap        Slew       Delay        Time   Description
---------------------------------------------------------------------------------------------
                      0.150000    0.000000    0.000000   clock clk (rise edge)
                                  0.000000    0.000000   clock network delay (ideal)
                      0.150000    0.000000    0.000000 ^ _3117_/CLK (sky130_fd_sc_hd__dfxtp_2)
     2    0.003911    0.035842    0.345579    0.345579 ^ _3117_/Q (sky130_fd_sc_hd__dfxtp_2)
                                                         u_core.pe_accum[0][16] (net)
                      0.035842    0.000000    0.345579 ^ _2446_/A1 (sky130_fd_sc_hd__a22o_2)
     1    0.001674    0.029860    0.115618    0.461197 ^ _2446_/X (sky130_fd_sc_hd__a22o_2)
                                                         _0231_ (net)
                      0.029860    0.000000    0.461197 ^ _3117_/D (sky130_fd_sc_hd__dfxtp_2)
                                              0.461197   data arrival time

                      0.150000    0.000000    0.000000   clock clk (rise edge)
                                  0.000000    0.000000   clock network delay (ideal)
                                  0.250000    0.250000   clock uncertainty
                                  0.000000    0.250000   clock reconvergence pessimism
                                              0.250000 ^ _3117_/CLK (sky130_fd_sc_hd__dfxtp_2)
                                 -0.014270    0.235730   library hold time
                                              0.235730   data required time
---------------------------------------------------------------------------------------------
                                              0.235730   data required time
                                             -0.461197   data arrival time
---------------------------------------------------------------------------------------------
                                              0.225466   slack (MET)


Startpoint: _3113_ (rising edge-triggered flip-flop clocked by clk)
Endpoint: _3113_ (rising edge-triggered flip-flop clocked by clk)
Path Group: clk
Path Type: min

Fanout         Cap        Slew       Delay        Time   Description
---------------------------------------------------------------------------------------------
                      0.150000    0.000000    0.000000   clock clk (rise edge)
                                  0.000000    0.000000   clock network delay (ideal)
                      0.150000    0.000000    0.000000 ^ _3113_/CLK (sky130_fd_sc_hd__dfxtp_2)
     2    0.003911    0.035842    0.345579    0.345579 ^ _3113_/Q (sky130_fd_sc_hd__dfxtp_2)
                                                         u_core.pe_accum[0][12] (net)
                      0.035842    0.000000    0.345579 ^ _2327_/A1 (sky130_fd_sc_hd__a22o_2)
     1    0.001674    0.029928    0.115618    0.461197 ^ _2327_/X (sky130_fd_sc_hd__a22o_2)
                                                         _0227_ (net)
                      0.029928    0.000000    0.461197 ^ _3113_/D (sky130_fd_sc_hd__dfxtp_2)
                                              0.461197   data arrival time

                      0.150000    0.000000    0.000000   clock clk (rise edge)
                                  0.000000    0.000000   clock network delay (ideal)
                                  0.250000    0.250000   clock uncertainty
                                  0.000000    0.250000   clock reconvergence pessimism
                                              0.250000 ^ _3113_/CLK (sky130_fd_sc_hd__dfxtp_2)
                                 -0.014284    0.235716   library hold time
                                              0.235716   data required time
---------------------------------------------------------------------------------------------
                                              0.235716   data required time
                                             -0.461197   data arrival time
---------------------------------------------------------------------------------------------
                                              0.225480   slack (MET)


Startpoint: _3108_ (rising edge-triggered flip-flop clocked by clk)
Endpoint: _3108_ (rising edge-triggered flip-flop clocked by clk)
Path Group: clk
Path Type: min

Fanout         Cap        Slew       Delay        Time   Description
---------------------------------------------------------------------------------------------
                      0.150000    0.000000    0.000000   clock clk (rise edge)
                                  0.000000    0.000000   clock network delay (ideal)
                      0.150000    0.000000    0.000000 ^ _3108_/CLK (sky130_fd_sc_hd__dfxtp_2)
     2    0.003911    0.035842    0.345579    0.345579 ^ _3108_/Q (sky130_fd_sc_hd__dfxtp_2)
                                                         u_core.pe_accum[0][7] (net)
                      0.035842    0.000000    0.345579 ^ _2125_/A1 (sky130_fd_sc_hd__a22o_2)
     1    0.001674    0.029981    0.115618    0.461197 ^ _2125_/X (sky130_fd_sc_hd__a22o_2)
                                                         _0222_ (net)
                      0.029981    0.000000    0.461197 ^ _3108_/D (sky130_fd_sc_hd__dfxtp_2)
                                              0.461197   data arrival time

                      0.150000    0.000000    0.000000   clock clk (rise edge)
                                  0.000000    0.000000   clock network delay (ideal)
                                  0.250000    0.250000   clock uncertainty
                                  0.000000    0.250000   clock reconvergence pessimism
                                              0.250000 ^ _3108_/CLK (sky130_fd_sc_hd__dfxtp_2)
                                 -0.014294    0.235706   library hold time
                                              0.235706   data required time
---------------------------------------------------------------------------------------------
                                              0.235706   data required time
                                             -0.461197   data arrival time
---------------------------------------------------------------------------------------------
                                              0.225491   slack (MET)


Startpoint: _3104_ (rising edge-triggered flip-flop clocked by clk)
Endpoint: _3104_ (rising edge-triggered flip-flop clocked by clk)
Path Group: clk
Path Type: min

Fanout         Cap        Slew       Delay        Time   Description
---------------------------------------------------------------------------------------------
                      0.150000    0.000000    0.000000   clock clk (rise edge)
                                  0.000000    0.000000   clock network delay (ideal)
                      0.150000    0.000000    0.000000 ^ _3104_/CLK (sky130_fd_sc_hd__dfxtp_2)
     2    0.003911    0.035842    0.345579    0.345579 ^ _3104_/Q (sky130_fd_sc_hd__dfxtp_2)
                                                         u_core.pe_accum[0][3] (net)
                      0.035842    0.000000    0.345579 ^ _1993_/A1 (sky130_fd_sc_hd__a22o_2)
     1    0.001674    0.029983    0.115618    0.461197 ^ _1993_/X (sky130_fd_sc_hd__a22o_2)
                                                         _0218_ (net)
                      0.029983    0.000000    0.461197 ^ _3104_/D (sky130_fd_sc_hd__dfxtp_2)
                                              0.461197   data arrival time

                      0.150000    0.000000    0.000000   clock clk (rise edge)
                                  0.000000    0.000000   clock network delay (ideal)
                                  0.250000    0.250000   clock uncertainty
                                  0.000000    0.250000   clock reconvergence pessimism
                                              0.250000 ^ _3104_/CLK (sky130_fd_sc_hd__dfxtp_2)
                                 -0.014295    0.235705   library hold time
                                              0.235705   data required time
---------------------------------------------------------------------------------------------
                                              0.235705   data required time
                                             -0.461197   data arrival time
---------------------------------------------------------------------------------------------
                                              0.225492   slack (MET)


Startpoint: _3107_ (rising edge-triggered flip-flop clocked by clk)
Endpoint: _3107_ (rising edge-triggered flip-flop clocked by clk)
Path Group: clk
Path Type: min

Fanout         Cap        Slew       Delay        Time   Description
---------------------------------------------------------------------------------------------
                      0.150000    0.000000    0.000000   clock clk (rise edge)
                                  0.000000    0.000000   clock network delay (ideal)
                      0.150000    0.000000    0.000000 ^ _3107_/CLK (sky130_fd_sc_hd__dfxtp_2)
     2    0.003911    0.035842    0.345579    0.345579 ^ _3107_/Q (sky130_fd_sc_hd__dfxtp_2)
                                                         u_core.pe_accum[0][6] (net)
                      0.035842    0.000000    0.345579 ^ _2081_/A1 (sky130_fd_sc_hd__a22o_2)
     1    0.001674    0.030011    0.115618    0.461197 ^ _2081_/X (sky130_fd_sc_hd__a22o_2)
                                                         _0221_ (net)
                      0.030011    0.000000    0.461197 ^ _3107_/D (sky130_fd_sc_hd__dfxtp_2)
                                              0.461197   data arrival time

                      0.150000    0.000000    0.000000   clock clk (rise edge)
                                  0.000000    0.000000   clock network delay (ideal)
                                  0.250000    0.250000   clock uncertainty
                                  0.000000    0.250000   clock reconvergence pessimism
                                              0.250000 ^ _3107_/CLK (sky130_fd_sc_hd__dfxtp_2)
                                 -0.014301    0.235699   library hold time
                                              0.235699   data required time
---------------------------------------------------------------------------------------------
                                              0.235699   data required time
                                             -0.461197   data arrival time
---------------------------------------------------------------------------------------------
                                              0.225497   slack (MET)


Startpoint: _3120_ (rising edge-triggered flip-flop clocked by clk)
Endpoint: _3120_ (rising edge-triggered flip-flop clocked by clk)
Path Group: clk
Path Type: min

Fanout         Cap        Slew       Delay        Time   Description
---------------------------------------------------------------------------------------------
                      0.150000    0.000000    0.000000   clock clk (rise edge)
                                  0.000000    0.000000   clock network delay (ideal)
                      0.150000    0.000000    0.000000 ^ _3120_/CLK (sky130_fd_sc_hd__dfxtp_2)
     2    0.003911    0.035842    0.345579    0.345579 ^ _3120_/Q (sky130_fd_sc_hd__dfxtp_2)
                                                         u_core.pe_accum[0][19] (net)
                      0.035842    0.000000    0.345579 ^ _2511_/A1 (sky130_fd_sc_hd__a22o_2)
     1    0.001674    0.030012    0.115618    0.461197 ^ _2511_/X (sky130_fd_sc_hd__a22o_2)
                                                         _0234_ (net)
                      0.030012    0.000000    0.461197 ^ _3120_/D (sky130_fd_sc_hd__dfxtp_2)
                                              0.461197   data arrival time

                      0.150000    0.000000    0.000000   clock clk (rise edge)
                                  0.000000    0.000000   clock network delay (ideal)
                                  0.250000    0.250000   clock uncertainty
                                  0.000000    0.250000   clock reconvergence pessimism
                                              0.250000 ^ _3120_/CLK (sky130_fd_sc_hd__dfxtp_2)
                                 -0.014301    0.235699   library hold time
                                              0.235699   data required time
---------------------------------------------------------------------------------------------
                                              0.235699   data required time
                                             -0.461197   data arrival time
---------------------------------------------------------------------------------------------
                                              0.225497   slack (MET)


Startpoint: _3125_ (rising edge-triggered flip-flop clocked by clk)
Endpoint: _3125_ (rising edge-triggered flip-flop clocked by clk)
Path Group: clk
Path Type: min

Fanout         Cap        Slew       Delay        Time   Description
---------------------------------------------------------------------------------------------
                      0.150000    0.000000    0.000000   clock clk (rise edge)
                                  0.000000    0.000000   clock network delay (ideal)
                      0.150000    0.000000    0.000000 ^ _3125_/CLK (sky130_fd_sc_hd__dfxtp_2)
     2    0.003911    0.035842    0.345579    0.345579 ^ _3125_/Q (sky130_fd_sc_hd__dfxtp_2)
                                                         u_core.pe_accum[0][24] (net)
                      0.035842    0.000000    0.345579 ^ _2623_/A1 (sky130_fd_sc_hd__a22o_2)
     1    0.001674    0.030012    0.115618    0.461197 ^ _2623_/X (sky130_fd_sc_hd__a22o_2)
                                                         _0239_ (net)
                      0.030012    0.000000    0.461197 ^ _3125_/D (sky130_fd_sc_hd__dfxtp_2)
                                              0.461197   data arrival time

                      0.150000    0.000000    0.000000   clock clk (rise edge)
                                  0.000000    0.000000   clock network delay (ideal)
                                  0.250000    0.250000   clock uncertainty
                                  0.000000    0.250000   clock reconvergence pessimism
                                              0.250000 ^ _3125_/CLK (sky130_fd_sc_hd__dfxtp_2)
                                 -0.014301    0.235699   library hold time
                                              0.235699   data required time
---------------------------------------------------------------------------------------------
                                              0.235699   data required time
                                             -0.461197   data arrival time
---------------------------------------------------------------------------------------------
                                              0.225497   slack (MET)


Startpoint: _3129_ (rising edge-triggered flip-flop clocked by clk)
Endpoint: _3129_ (rising edge-triggered flip-flop clocked by clk)
Path Group: clk
Path Type: min

Fanout         Cap        Slew       Delay        Time   Description
---------------------------------------------------------------------------------------------
                      0.150000    0.000000    0.000000   clock clk (rise edge)
                                  0.000000    0.000000   clock network delay (ideal)
                      0.150000    0.000000    0.000000 ^ _3129_/CLK (sky130_fd_sc_hd__dfxtp_2)
     2    0.003911    0.035842    0.345579    0.345579 ^ _3129_/Q (sky130_fd_sc_hd__dfxtp_2)
                                                         u_core.pe_accum[0][28] (net)
                      0.035842    0.000000    0.345579 ^ _2707_/A1 (sky130_fd_sc_hd__a22o_2)
     1    0.001674    0.030012    0.115618    0.461197 ^ _2707_/X (sky130_fd_sc_hd__a22o_2)
                                                         _0243_ (net)
                      0.030012    0.000000    0.461197 ^ _3129_/D (sky130_fd_sc_hd__dfxtp_2)
                                              0.461197   data arrival time

                      0.150000    0.000000    0.000000   clock clk (rise edge)
                                  0.000000    0.000000   clock network delay (ideal)
                                  0.250000    0.250000   clock uncertainty
                                  0.000000    0.250000   clock reconvergence pessimism
                                              0.250000 ^ _3129_/CLK (sky130_fd_sc_hd__dfxtp_2)
                                 -0.014301    0.235699   library hold time
                                              0.235699   data required time
---------------------------------------------------------------------------------------------
                                              0.235699   data required time
                                             -0.461197   data arrival time
---------------------------------------------------------------------------------------------
                                              0.225497   slack (MET)


Startpoint: _3105_ (rising edge-triggered flip-flop clocked by clk)
Endpoint: _3105_ (rising edge-triggered flip-flop clocked by clk)
Path Group: clk
Path Type: min

Fanout         Cap        Slew       Delay        Time   Description
---------------------------------------------------------------------------------------------
                      0.150000    0.000000    0.000000   clock clk (rise edge)
                                  0.000000    0.000000   clock network delay (ideal)
                      0.150000    0.000000    0.000000 ^ _3105_/CLK (sky130_fd_sc_hd__dfxtp_2)
     2    0.003911    0.035842    0.345579    0.345579 ^ _3105_/Q (sky130_fd_sc_hd__dfxtp_2)
                                                         u_core.pe_accum[0][4] (net)
                      0.035842    0.000000    0.345579 ^ _2016_/A1 (sky130_fd_sc_hd__a22o_2)
     1    0.001674    0.030014    0.115618    0.461197 ^ _2016_/X (sky130_fd_sc_hd__a22o_2)
                                                         _0219_ (net)
                      0.030014    0.000000    0.461197 ^ _3105_/D (sky130_fd_sc_hd__dfxtp_2)
                                              0.461197   data arrival time

                      0.150000    0.000000    0.000000   clock clk (rise edge)
                                  0.000000    0.000000   clock network delay (ideal)
                                  0.250000    0.250000   clock uncertainty
                                  0.000000    0.250000   clock reconvergence pessimism
                                              0.250000 ^ _3105_/CLK (sky130_fd_sc_hd__dfxtp_2)
                                 -0.014301    0.235699   library hold time
                                              0.235699   data required time
---------------------------------------------------------------------------------------------
                                              0.235699   data required time
                                             -0.461197   data arrival time
---------------------------------------------------------------------------------------------
                                              0.225498   slack (MET)


Startpoint: _3106_ (rising edge-triggered flip-flop clocked by clk)
Endpoint: _3106_ (rising edge-triggered flip-flop clocked by clk)
Path Group: clk
Path Type: min

Fanout         Cap        Slew       Delay        Time   Description
---------------------------------------------------------------------------------------------
                      0.150000    0.000000    0.000000   clock clk (rise edge)
                                  0.000000    0.000000   clock network delay (ideal)
                      0.150000    0.000000    0.000000 ^ _3106_/CLK (sky130_fd_sc_hd__dfxtp_2)
     2    0.003911    0.035842    0.345579    0.345579 ^ _3106_/Q (sky130_fd_sc_hd__dfxtp_2)
                                                         u_core.pe_accum[0][5] (net)
                      0.035842    0.000000    0.345579 ^ _2045_/A1 (sky130_fd_sc_hd__a22o_2)
     1    0.001674    0.030014    0.115618    0.461197 ^ _2045_/X (sky130_fd_sc_hd__a22o_2)
                                                         _0220_ (net)
                      0.030014    0.000000    0.461197 ^ _3106_/D (sky130_fd_sc_hd__dfxtp_2)
                                              0.461197   data arrival time

                      0.150000    0.000000    0.000000   clock clk (rise edge)
                                  0.000000    0.000000   clock network delay (ideal)
                                  0.250000    0.250000   clock uncertainty
                                  0.000000    0.250000   clock reconvergence pessimism
                                              0.250000 ^ _3106_/CLK (sky130_fd_sc_hd__dfxtp_2)
                                 -0.014301    0.235699   library hold time
                                              0.235699   data required time
---------------------------------------------------------------------------------------------
                                              0.235699   data required time
                                             -0.461197   data arrival time
---------------------------------------------------------------------------------------------
                                              0.225498   slack (MET)


Startpoint: _3109_ (rising edge-triggered flip-flop clocked by clk)
Endpoint: _3109_ (rising edge-triggered flip-flop clocked by clk)
Path Group: clk
Path Type: min

Fanout         Cap        Slew       Delay        Time   Description
---------------------------------------------------------------------------------------------
                      0.150000    0.000000    0.000000   clock clk (rise edge)
                                  0.000000    0.000000   clock network delay (ideal)
                      0.150000    0.000000    0.000000 ^ _3109_/CLK (sky130_fd_sc_hd__dfxtp_2)
     2    0.003911    0.035842    0.345579    0.345579 ^ _3109_/Q (sky130_fd_sc_hd__dfxtp_2)
                                                         u_core.pe_accum[0][8] (net)
                      0.035842    0.000000    0.345579 ^ _2167_/A1 (sky130_fd_sc_hd__a22o_2)
     1    0.001674    0.030014    0.115618    0.461197 ^ _2167_/X (sky130_fd_sc_hd__a22o_2)
                                                         _0223_ (net)
                      0.030014    0.000000    0.461197 ^ _3109_/D (sky130_fd_sc_hd__dfxtp_2)
                                              0.461197   data arrival time

                      0.150000    0.000000    0.000000   clock clk (rise edge)
                                  0.000000    0.000000   clock network delay (ideal)
                                  0.250000    0.250000   clock uncertainty
                                  0.000000    0.250000   clock reconvergence pessimism
                                              0.250000 ^ _3109_/CLK (sky130_fd_sc_hd__dfxtp_2)
                                 -0.014301    0.235699   library hold time
                                              0.235699   data required time
---------------------------------------------------------------------------------------------
                                              0.235699   data required time
                                             -0.461197   data arrival time
---------------------------------------------------------------------------------------------
                                              0.225498   slack (MET)


Startpoint: _3110_ (rising edge-triggered flip-flop clocked by clk)
Endpoint: _3110_ (rising edge-triggered flip-flop clocked by clk)
Path Group: clk
Path Type: min

Fanout         Cap        Slew       Delay        Time   Description
---------------------------------------------------------------------------------------------
                      0.150000    0.000000    0.000000   clock clk (rise edge)
                                  0.000000    0.000000   clock network delay (ideal)
                      0.150000    0.000000    0.000000 ^ _3110_/CLK (sky130_fd_sc_hd__dfxtp_2)
     2    0.003911    0.035842    0.345579    0.345579 ^ _3110_/Q (sky130_fd_sc_hd__dfxtp_2)
                                                         u_core.pe_accum[0][9] (net)
                      0.035842    0.000000    0.345579 ^ _2207_/A1 (sky130_fd_sc_hd__a22o_2)
     1    0.001674    0.030014    0.115618    0.461197 ^ _2207_/X (sky130_fd_sc_hd__a22o_2)
                                                         _0224_ (net)
                      0.030014    0.000000    0.461197 ^ _3110_/D (sky130_fd_sc_hd__dfxtp_2)
                                              0.461197   data arrival time

                      0.150000    0.000000    0.000000   clock clk (rise edge)
                                  0.000000    0.000000   clock network delay (ideal)
                                  0.250000    0.250000   clock uncertainty
                                  0.000000    0.250000   clock reconvergence pessimism
                                              0.250000 ^ _3110_/CLK (sky130_fd_sc_hd__dfxtp_2)
                                 -0.014301    0.235699   library hold time
                                              0.235699   data required time
---------------------------------------------------------------------------------------------
                                              0.235699   data required time
                                             -0.461197   data arrival time
---------------------------------------------------------------------------------------------
                                              0.225498   slack (MET)


Startpoint: _3111_ (rising edge-triggered flip-flop clocked by clk)
Endpoint: _3111_ (rising edge-triggered flip-flop clocked by clk)
Path Group: clk
Path Type: min

Fanout         Cap        Slew       Delay        Time   Description
---------------------------------------------------------------------------------------------
                      0.150000    0.000000    0.000000   clock clk (rise edge)
                                  0.000000    0.000000   clock network delay (ideal)
                      0.150000    0.000000    0.000000 ^ _3111_/CLK (sky130_fd_sc_hd__dfxtp_2)
     2    0.003911    0.035842    0.345579    0.345579 ^ _3111_/Q (sky130_fd_sc_hd__dfxtp_2)
                                                         u_core.pe_accum[0][10] (net)
                      0.035842    0.000000    0.345579 ^ _2245_/A1 (sky130_fd_sc_hd__a22o_2)
     1    0.001674    0.030014    0.115618    0.461197 ^ _2245_/X (sky130_fd_sc_hd__a22o_2)
                                                         _0225_ (net)
                      0.030014    0.000000    0.461197 ^ _3111_/D (sky130_fd_sc_hd__dfxtp_2)
                                              0.461197   data arrival time

                      0.150000    0.000000    0.000000   clock clk (rise edge)
                                  0.000000    0.000000   clock network delay (ideal)
                                  0.250000    0.250000   clock uncertainty
                                  0.000000    0.250000   clock reconvergence pessimism
                                              0.250000 ^ _3111_/CLK (sky130_fd_sc_hd__dfxtp_2)
                                 -0.014301    0.235699   library hold time
                                              0.235699   data required time
---------------------------------------------------------------------------------------------
                                              0.235699   data required time
                                             -0.461197   data arrival time
---------------------------------------------------------------------------------------------
                                              0.225498   slack (MET)


Startpoint: _3112_ (rising edge-triggered flip-flop clocked by clk)
Endpoint: _3112_ (rising edge-triggered flip-flop clocked by clk)
Path Group: clk
Path Type: min

Fanout         Cap        Slew       Delay        Time   Description
---------------------------------------------------------------------------------------------
                      0.150000    0.000000    0.000000   clock clk (rise edge)
                                  0.000000    0.000000   clock network delay (ideal)
                      0.150000    0.000000    0.000000 ^ _3112_/CLK (sky130_fd_sc_hd__dfxtp_2)
     2    0.003911    0.035842    0.345579    0.345579 ^ _3112_/Q (sky130_fd_sc_hd__dfxtp_2)
                                                         u_core.pe_accum[0][11] (net)
                      0.035842    0.000000    0.345579 ^ _2284_/A1 (sky130_fd_sc_hd__a22o_2)
     1    0.001674    0.030014    0.115618    0.461197 ^ _2284_/X (sky130_fd_sc_hd__a22o_2)
                                                         _0226_ (net)
                      0.030014    0.000000    0.461197 ^ _3112_/D (sky130_fd_sc_hd__dfxtp_2)
                                              0.461197   data arrival time

                      0.150000    0.000000    0.000000   clock clk (rise edge)
                                  0.000000    0.000000   clock network delay (ideal)
                                  0.250000    0.250000   clock uncertainty
                                  0.000000    0.250000   clock reconvergence pessimism
                                              0.250000 ^ _3112_/CLK (sky130_fd_sc_hd__dfxtp_2)
                                 -0.014301    0.235699   library hold time
                                              0.235699   data required time
---------------------------------------------------------------------------------------------
                                              0.235699   data required time
                                             -0.461197   data arrival time
---------------------------------------------------------------------------------------------
                                              0.225498   slack (MET)


Startpoint: _3118_ (rising edge-triggered flip-flop clocked by clk)
Endpoint: _3118_ (rising edge-triggered flip-flop clocked by clk)
Path Group: clk
Path Type: min

Fanout         Cap        Slew       Delay        Time   Description
---------------------------------------------------------------------------------------------
                      0.150000    0.000000    0.000000   clock clk (rise edge)
                                  0.000000    0.000000   clock network delay (ideal)
                      0.150000    0.000000    0.000000 ^ _3118_/CLK (sky130_fd_sc_hd__dfxtp_2)
     2    0.003911    0.035842    0.345579    0.345579 ^ _3118_/Q (sky130_fd_sc_hd__dfxtp_2)
                                                         u_core.pe_accum[0][17] (net)
                      0.035842    0.000000    0.345579 ^ _2466_/A1 (sky130_fd_sc_hd__a22o_2)
     1    0.001674    0.030014    0.115618    0.461197 ^ _2466_/X (sky130_fd_sc_hd__a22o_2)
                                                         _0232_ (net)
                      0.030014    0.000000    0.461197 ^ _3118_/D (sky130_fd_sc_hd__dfxtp_2)
                                              0.461197   data arrival time

                      0.150000    0.000000    0.000000   clock clk (rise edge)
                                  0.000000    0.000000   clock network delay (ideal)
                                  0.250000    0.250000   clock uncertainty
                                  0.000000    0.250000   clock reconvergence pessimism
                                              0.250000 ^ _3118_/CLK (sky130_fd_sc_hd__dfxtp_2)
                                 -0.014301    0.235699   library hold time
                                              0.235699   data required time
---------------------------------------------------------------------------------------------
                                              0.235699   data required time
                                             -0.461197   data arrival time
---------------------------------------------------------------------------------------------
                                              0.225498   slack (MET)


Startpoint: _3135_ (rising edge-triggered flip-flop clocked by clk)
Endpoint: _3135_ (rising edge-triggered flip-flop clocked by clk)
Path Group: clk
Path Type: min

Fanout         Cap        Slew       Delay        Time   Description
---------------------------------------------------------------------------------------------
                      0.150000    0.000000    0.000000   clock clk (rise edge)
                                  0.000000    0.000000   clock network delay (ideal)
                      0.150000    0.000000    0.000000 ^ _3135_/CLK (sky130_fd_sc_hd__dfxtp_2)
     4    0.012043    0.043827    0.363872    0.363872 v _3135_/Q (sky130_fd_sc_hd__dfxtp_2)
                                                         u_core.pe_array[0].u_pe.accum_reg[2] (net)
                      0.043827    0.000000    0.363872 v _2772_/B (sky130_fd_sc_hd__nand2_2)
     1    0.004606    0.044952    0.062506    0.426378 ^ _2772_/Y (sky130_fd_sc_hd__nand2_2)
                                                         _1200_ (net)
                      0.044952    0.000000    0.426378 ^ _2774_/A1 (sky130_fd_sc_hd__a21oi_2)
     1    0.001681    0.025114    0.038921    0.465299 v _2774_/Y (sky130_fd_sc_hd__a21oi_2)
                                                         _0249_ (net)
                      0.025114    0.000000    0.465299 v _3135_/D (sky130_fd_sc_hd__dfxtp_2)
                                              0.465299   data arrival time

                      0.150000    0.000000    0.000000   clock clk (rise edge)
                                  0.000000    0.000000   clock network delay (ideal)
                                  0.250000    0.250000   clock uncertainty
                                  0.000000    0.250000   clock reconvergence pessimism
                                              0.250000 ^ _3135_/CLK (sky130_fd_sc_hd__dfxtp_2)
                                 -0.014495    0.235505   library hold time
                                              0.235505   data required time
---------------------------------------------------------------------------------------------
                                              0.235505   data required time
                                             -0.465299   data arrival time
---------------------------------------------------------------------------------------------
                                              0.229794   slack (MET)


Startpoint: _3040_ (rising edge-triggered flip-flop clocked by clk)
Endpoint: _3000_ (rising edge-triggered flip-flop clocked by clk)
Path Group: clk
Path Type: min

Fanout         Cap        Slew       Delay        Time   Description
---------------------------------------------------------------------------------------------
                      0.150000    0.000000    0.000000   clock clk (rise edge)
                                  0.000000    0.000000   clock network delay (ideal)
                      0.150000    0.000000    0.000000 ^ _3040_/CLK (sky130_fd_sc_hd__dfxtp_2)
     3    0.004930    0.040406    0.349681    0.349681 ^ _3040_/Q (sky130_fd_sc_hd__dfxtp_2)
                                                         u_intf.u_slave.reg_weight[5] (net)
                      0.040406    0.000000    0.349681 ^ _1743_/A (sky130_fd_sc_hd__and2_2)
     1    0.001674    0.032354    0.115571    0.465252 ^ _1743_/X (sky130_fd_sc_hd__and2_2)
                                                         _0114_ (net)
                      0.032354    0.000000    0.465252 ^ _3000_/D (sky130_fd_sc_hd__dfxtp_2)
                                              0.465252   data arrival time

                      0.150000    0.000000    0.000000   clock clk (rise edge)
                                  0.000000    0.000000   clock network delay (ideal)
                                  0.250000    0.250000   clock uncertainty
                                  0.000000    0.250000   clock reconvergence pessimism
                                              0.250000 ^ _3000_/CLK (sky130_fd_sc_hd__dfxtp_2)
                                 -0.014779    0.235221   library hold time
                                              0.235221   data required time
---------------------------------------------------------------------------------------------
                                              0.235221   data required time
                                             -0.465252   data arrival time
---------------------------------------------------------------------------------------------
                                              0.230031   slack (MET)


Startpoint: _3035_ (rising edge-triggered flip-flop clocked by clk)
Endpoint: _2995_ (rising edge-triggered flip-flop clocked by clk)
Path Group: clk
Path Type: min

Fanout         Cap        Slew       Delay        Time   Description
---------------------------------------------------------------------------------------------
                      0.150000    0.000000    0.000000   clock clk (rise edge)
                                  0.000000    0.000000   clock network delay (ideal)
                      0.150000    0.000000    0.000000 ^ _3035_/CLK (sky130_fd_sc_hd__dfxtp_2)
     3    0.005058    0.040985    0.350160    0.350160 ^ _3035_/Q (sky130_fd_sc_hd__dfxtp_2)
                                                         u_intf.u_slave.reg_weight[0] (net)
                      0.040985    0.000000    0.350160 ^ _1738_/A (sky130_fd_sc_hd__and2_2)
     1    0.001674    0.032357    0.115776    0.465937 ^ _1738_/X (sky130_fd_sc_hd__and2_2)
                                                         _0109_ (net)
                      0.032357    0.000000    0.465937 ^ _2995_/D (sky130_fd_sc_hd__dfxtp_2)
                                              0.465937   data arrival time

                      0.150000    0.000000    0.000000   clock clk (rise edge)
                                  0.000000    0.000000   clock network delay (ideal)
                                  0.250000    0.250000   clock uncertainty
                                  0.000000    0.250000   clock reconvergence pessimism
                                              0.250000 ^ _2995_/CLK (sky130_fd_sc_hd__dfxtp_2)
                                 -0.014780    0.235220   library hold time
                                              0.235220   data required time
---------------------------------------------------------------------------------------------
                                              0.235220   data required time
                                             -0.465937   data arrival time
---------------------------------------------------------------------------------------------
                                              0.230717   slack (MET)


Startpoint: _2893_ (rising edge-triggered flip-flop clocked by clk)
Endpoint: _2893_ (rising edge-triggered flip-flop clocked by clk)
Path Group: clk
Path Type: min

Fanout         Cap        Slew       Delay        Time   Description
---------------------------------------------------------------------------------------------
                      0.150000    0.000000    0.000000   clock clk (rise edge)
                                  0.000000    0.000000   clock network delay (ideal)
                      0.150000    0.000000    0.000000 ^ _2893_/CLK (sky130_fd_sc_hd__dfxtp_2)
     3    0.007717    0.053004    0.360125    0.360125 ^ _2893_/Q (sky130_fd_sc_hd__dfxtp_2)
                                                         u_core.weight_addr[0] (net)
                      0.053004    0.000000    0.360125 ^ _1483_/A1 (sky130_fd_sc_hd__a21oi_2)
     1    0.004136    0.033785    0.048395    0.408520 v _1483_/Y (sky130_fd_sc_hd__a21oi_2)
                                                         _1276_ (net)
                      0.033785    0.000000    0.408520 v _1484_/B (sky130_fd_sc_hd__nor2_2)
     1    0.001674    0.050038    0.056205    0.464725 ^ _1484_/Y (sky130_fd_sc_hd__nor2_2)
                                                         _0010_ (net)
                      0.050038    0.000000    0.464725 ^ _2893_/D (sky130_fd_sc_hd__dfxtp_2)
                                              0.464725   data arrival time

                      0.150000    0.000000    0.000000   clock clk (rise edge)
                                  0.000000    0.000000   clock network delay (ideal)
                                  0.250000    0.250000   clock uncertainty
                                  0.000000    0.250000   clock reconvergence pessimism
                                              0.250000 ^ _2893_/CLK (sky130_fd_sc_hd__dfxtp_2)
                                 -0.018395    0.231605   library hold time
                                              0.231605   data required time
---------------------------------------------------------------------------------------------
                                              0.231605   data required time
                                             -0.464725   data arrival time
---------------------------------------------------------------------------------------------
                                              0.233120   slack (MET)


Startpoint: _2892_ (rising edge-triggered flip-flop clocked by clk)
Endpoint: _2939_ (rising edge-triggered flip-flop clocked by clk)
Path Group: clk
Path Type: min

Fanout         Cap        Slew       Delay        Time   Description
---------------------------------------------------------------------------------------------
                      0.150000    0.000000    0.000000   clock clk (rise edge)
                                  0.000000    0.000000   clock network delay (ideal)
                      0.150000    0.000000    0.000000 ^ _2892_/CLK (sky130_fd_sc_hd__dfxtp_2)
     4    0.012256    0.044284    0.364418    0.364418 v _2892_/Q (sky130_fd_sc_hd__dfxtp_2)
                                                         w_load_cnt[1] (net)
                      0.044284    0.000000    0.364418 v _1466_/A (sky130_fd_sc_hd__nand2_2)
     2    0.006587    0.046867    0.060542    0.424961 ^ _1466_/Y (sky130_fd_sc_hd__nand2_2)
                                                         _1266_ (net)
                      0.046867    0.000000    0.424961 ^ _1468_/A2 (sky130_fd_sc_hd__a21oi_2)
     1    0.001681    0.025357    0.043855    0.468816 v _1468_/Y (sky130_fd_sc_hd__a21oi_2)
                                                         _0002_ (net)
                      0.025357    0.000000    0.468816 v _2939_/D (sky130_fd_sc_hd__dfxtp_2)
                                              0.468816   data arrival time

                      0.150000    0.000000    0.000000   clock clk (rise edge)
                                  0.000000    0.000000   clock network delay (ideal)
                                  0.250000    0.250000   clock uncertainty
                                  0.000000    0.250000   clock reconvergence pessimism
                                              0.250000 ^ _2939_/CLK (sky130_fd_sc_hd__dfxtp_2)
                                 -0.014595    0.235405   library hold time
                                              0.235405   data required time
---------------------------------------------------------------------------------------------
                                              0.235405   data required time
                                             -0.468816   data arrival time
---------------------------------------------------------------------------------------------
                                              0.233411   slack (MET)


Startpoint: _2902_ (rising edge-triggered flip-flop clocked by clk)
Endpoint: _2902_ (rising edge-triggered flip-flop clocked by clk)
Path Group: clk
Path Type: min

Fanout         Cap        Slew       Delay        Time   Description
---------------------------------------------------------------------------------------------
                      0.150000    0.000000    0.000000   clock clk (rise edge)
                                  0.000000    0.000000   clock network delay (ideal)
                      0.150000    0.000000    0.000000 ^ _2902_/CLK (sky130_fd_sc_hd__dfxtp_2)
     5    0.007831    0.053520    0.360552    0.360552 ^ _2902_/Q (sky130_fd_sc_hd__dfxtp_2)
                                                         u_intf.u_slave.wr_addr_lat[3] (net)
                      0.053520    0.000000    0.360552 ^ _1501_/A0 (sky130_fd_sc_hd__mux2_1)
     1    0.001674    0.033915    0.108338    0.468890 ^ _1501_/X (sky130_fd_sc_hd__mux2_1)
                                                         _0019_ (net)
                      0.033915    0.000000    0.468890 ^ _2902_/D (sky130_fd_sc_hd__dfxtp_2)
                                              0.468890   data arrival time

                      0.150000    0.000000    0.000000   clock clk (rise edge)
                                  0.000000    0.000000   clock network delay (ideal)
                                  0.250000    0.250000   clock uncertainty
                                  0.000000    0.250000   clock reconvergence pessimism
                                              0.250000 ^ _2902_/CLK (sky130_fd_sc_hd__dfxtp_2)
                                 -0.015099    0.234901   library hold time
                                              0.234901   data required time
---------------------------------------------------------------------------------------------
                                              0.234901   data required time
                                             -0.468890   data arrival time
---------------------------------------------------------------------------------------------
                                              0.233988   slack (MET)


Startpoint: _3010_ (rising edge-triggered flip-flop clocked by clk)
Endpoint: _2956_ (rising edge-triggered flip-flop clocked by clk)
Path Group: clk
Path Type: min

Fanout         Cap        Slew       Delay        Time   Description
---------------------------------------------------------------------------------------------
                      0.150000    0.000000    0.000000   clock clk (rise edge)
                                  0.000000    0.000000   clock network delay (ideal)
                      0.150000    0.000000    0.000000 ^ _3010_/CLK (sky130_fd_sc_hd__dfxtp_2)
     3    0.005872    0.044664    0.353211    0.353211 ^ _3010_/Q (sky130_fd_sc_hd__dfxtp_2)
                                                         u_intf.u_slave.reg_pixel[7] (net)
                      0.044664    0.000000    0.353211 ^ _1597_/A (sky130_fd_sc_hd__and2_2)
     1    0.001674    0.032374    0.117081    0.470292 ^ _1597_/X (sky130_fd_sc_hd__and2_2)
                                                         _0070_ (net)
                      0.032374    0.000000    0.470292 ^ _2956_/D (sky130_fd_sc_hd__dfxtp_2)
                                              0.470292   data arrival time

                      0.150000    0.000000    0.000000   clock clk (rise edge)
                                  0.000000    0.000000   clock network delay (ideal)
                                  0.250000    0.250000   clock uncertainty
                                  0.000000    0.250000   clock reconvergence pessimism
                                              0.250000 ^ _2956_/CLK (sky130_fd_sc_hd__dfxtp_2)
                                 -0.014783    0.235217   library hold time
                                              0.235217   data required time
---------------------------------------------------------------------------------------------
                                              0.235217   data required time
                                             -0.470292   data arrival time
---------------------------------------------------------------------------------------------
                                              0.235076   slack (MET)


Startpoint: _3041_ (rising edge-triggered flip-flop clocked by clk)
Endpoint: _3001_ (rising edge-triggered flip-flop clocked by clk)
Path Group: clk
Path Type: min

Fanout         Cap        Slew       Delay        Time   Description
---------------------------------------------------------------------------------------------
                      0.150000    0.000000    0.000000   clock clk (rise edge)
                                  0.000000    0.000000   clock network delay (ideal)
                      0.150000    0.000000    0.000000 ^ _3041_/CLK (sky130_fd_sc_hd__dfxtp_2)
     3    0.005891    0.044750    0.353282    0.353282 ^ _3041_/Q (sky130_fd_sc_hd__dfxtp_2)
                                                         u_intf.u_slave.reg_weight[6] (net)
                      0.044750    0.000000    0.353282 ^ _1744_/A (sky130_fd_sc_hd__and2_2)
     1    0.001674    0.032374    0.117112    0.470394 ^ _1744_/X (sky130_fd_sc_hd__and2_2)
                                                         _0115_ (net)
                      0.032374    0.000000    0.470394 ^ _3001_/D (sky130_fd_sc_hd__dfxtp_2)
                                              0.470394   data arrival time

                      0.150000    0.000000    0.000000   clock clk (rise edge)
                                  0.000000    0.000000   clock network delay (ideal)
                                  0.250000    0.250000   clock uncertainty
                                  0.000000    0.250000   clock reconvergence pessimism
                                              0.250000 ^ _3001_/CLK (sky130_fd_sc_hd__dfxtp_2)
                                 -0.014784    0.235216   library hold time
                                              0.235216   data required time
---------------------------------------------------------------------------------------------
                                              0.235216   data required time
                                             -0.470394   data arrival time
---------------------------------------------------------------------------------------------
                                              0.235178   slack (MET)


Startpoint: _3008_ (rising edge-triggered flip-flop clocked by clk)
Endpoint: _2954_ (rising edge-triggered flip-flop clocked by clk)
Path Group: clk
Path Type: min

Fanout         Cap        Slew       Delay        Time   Description
---------------------------------------------------------------------------------------------
                      0.150000    0.000000    0.000000   clock clk (rise edge)
                                  0.000000    0.000000   clock network delay (ideal)
                      0.150000    0.000000    0.000000 ^ _3008_/CLK (sky130_fd_sc_hd__dfxtp_2)
     3    0.005901    0.044795    0.353320    0.353320 ^ _3008_/Q (sky130_fd_sc_hd__dfxtp_2)
                                                         u_intf.u_slave.reg_pixel[5] (net)
                      0.044795    0.000000    0.353320 ^ _1595_/A (sky130_fd_sc_hd__and2_2)
     1    0.001674    0.032374    0.117128    0.470447 ^ _1595_/X (sky130_fd_sc_hd__and2_2)
                                                         _0068_ (net)
                      0.032374    0.000000    0.470447 ^ _2954_/D (sky130_fd_sc_hd__dfxtp_2)
                                              0.470447   data arrival time

                      0.150000    0.000000    0.000000   clock clk (rise edge)
                                  0.000000    0.000000   clock network delay (ideal)
                                  0.250000    0.250000   clock uncertainty
                                  0.000000    0.250000   clock reconvergence pessimism
                                              0.250000 ^ _2954_/CLK (sky130_fd_sc_hd__dfxtp_2)
                                 -0.014784    0.235216   library hold time
                                              0.235216   data required time
---------------------------------------------------------------------------------------------
                                              0.235216   data required time
                                             -0.470447   data arrival time
---------------------------------------------------------------------------------------------
                                              0.235231   slack (MET)


Startpoint: _3137_ (rising edge-triggered flip-flop clocked by clk)
Endpoint: _3137_ (rising edge-triggered flip-flop clocked by clk)
Path Group: clk
Path Type: min

Fanout         Cap        Slew       Delay        Time   Description
---------------------------------------------------------------------------------------------
                      0.150000    0.000000    0.000000   clock clk (rise edge)
                                  0.000000    0.000000   clock network delay (ideal)
                      0.150000    0.000000    0.000000 ^ _3137_/CLK (sky130_fd_sc_hd__dfxtp_2)
     4    0.014017    0.047823    0.367789    0.367789 v _3137_/Q (sky130_fd_sc_hd__dfxtp_2)
                                                         u_core.pe_array[0].u_pe.accum_reg[4] (net)
                      0.047823    0.000000    0.367789 v _2778_/B (sky130_fd_sc_hd__nand2_2)
     1    0.004606    0.044942    0.064233    0.432022 ^ _2778_/Y (sky130_fd_sc_hd__nand2_2)
                                                         _1204_ (net)
                      0.044942    0.000000    0.432022 ^ _2780_/A1 (sky130_fd_sc_hd__a21oi_2)
     1    0.001681    0.025109    0.038918    0.470940 v _2780_/Y (sky130_fd_sc_hd__a21oi_2)
                                                         _0251_ (net)
                      0.025109    0.000000    0.470940 v _3137_/D (sky130_fd_sc_hd__dfxtp_2)
                                              0.470940   data arrival time

                      0.150000    0.000000    0.000000   clock clk (rise edge)
                                  0.000000    0.000000   clock network delay (ideal)
                                  0.250000    0.250000   clock uncertainty
                                  0.000000    0.250000   clock reconvergence pessimism
                                              0.250000 ^ _3137_/CLK (sky130_fd_sc_hd__dfxtp_2)
                                 -0.014493    0.235507   library hold time
                                              0.235507   data required time
---------------------------------------------------------------------------------------------
                                              0.235507   data required time
                                             -0.470940   data arrival time
---------------------------------------------------------------------------------------------
                                              0.235433   slack (MET)


Startpoint: _3004_ (rising edge-triggered flip-flop clocked by clk)
Endpoint: _2950_ (rising edge-triggered flip-flop clocked by clk)
Path Group: clk
Path Type: min

Fanout         Cap        Slew       Delay        Time   Description
---------------------------------------------------------------------------------------------
                      0.150000    0.000000    0.000000   clock clk (rise edge)
                                  0.000000    0.000000   clock network delay (ideal)
                      0.150000    0.000000    0.000000 ^ _3004_/CLK (sky130_fd_sc_hd__dfxtp_2)
     3    0.005942    0.044981    0.353473    0.353473 ^ _3004_/Q (sky130_fd_sc_hd__dfxtp_2)
                                                         u_intf.u_slave.reg_pixel[1] (net)
                      0.044981    0.000000    0.353473 ^ _1591_/A (sky130_fd_sc_hd__and2_2)
     1    0.001674    0.032375    0.117194    0.470667 ^ _1591_/X (sky130_fd_sc_hd__and2_2)
                                                         _0064_ (net)
                      0.032375    0.000000    0.470667 ^ _2950_/D (sky130_fd_sc_hd__dfxtp_2)
                                              0.470667   data arrival time

                      0.150000    0.000000    0.000000   clock clk (rise edge)
                                  0.000000    0.000000   clock network delay (ideal)
                                  0.250000    0.250000   clock uncertainty
                                  0.000000    0.250000   clock reconvergence pessimism
                                              0.250000 ^ _2950_/CLK (sky130_fd_sc_hd__dfxtp_2)
                                 -0.014784    0.235216   library hold time
                                              0.235216   data required time
---------------------------------------------------------------------------------------------
                                              0.235216   data required time
                                             -0.470667   data arrival time
---------------------------------------------------------------------------------------------
                                              0.235451   slack (MET)


Startpoint: _3005_ (rising edge-triggered flip-flop clocked by clk)
Endpoint: _2951_ (rising edge-triggered flip-flop clocked by clk)
Path Group: clk
Path Type: min

Fanout         Cap        Slew       Delay        Time   Description
---------------------------------------------------------------------------------------------
                      0.150000    0.000000    0.000000   clock clk (rise edge)
                                  0.000000    0.000000   clock network delay (ideal)
                      0.150000    0.000000    0.000000 ^ _3005_/CLK (sky130_fd_sc_hd__dfxtp_2)
     3    0.005942    0.044981    0.353473    0.353473 ^ _3005_/Q (sky130_fd_sc_hd__dfxtp_2)
                                                         u_intf.u_slave.reg_pixel[2] (net)
                      0.044981    0.000000    0.353473 ^ _1592_/A (sky130_fd_sc_hd__and2_2)
     1    0.001674    0.032375    0.117194    0.470667 ^ _1592_/X (sky130_fd_sc_hd__and2_2)
                                                         _0065_ (net)
                      0.032375    0.000000    0.470667 ^ _2951_/D (sky130_fd_sc_hd__dfxtp_2)
                                              0.470667   data arrival time

                      0.150000    0.000000    0.000000   clock clk (rise edge)
                                  0.000000    0.000000   clock network delay (ideal)
                                  0.250000    0.250000   clock uncertainty
                                  0.000000    0.250000   clock reconvergence pessimism
                                              0.250000 ^ _2951_/CLK (sky130_fd_sc_hd__dfxtp_2)
                                 -0.014784    0.235216   library hold time
                                              0.235216   data required time
---------------------------------------------------------------------------------------------
                                              0.235216   data required time
                                             -0.470667   data arrival time
---------------------------------------------------------------------------------------------
                                              0.235451   slack (MET)


Startpoint: _3006_ (rising edge-triggered flip-flop clocked by clk)
Endpoint: _2952_ (rising edge-triggered flip-flop clocked by clk)
Path Group: clk
Path Type: min

Fanout         Cap        Slew       Delay        Time   Description
---------------------------------------------------------------------------------------------
                      0.150000    0.000000    0.000000   clock clk (rise edge)
                                  0.000000    0.000000   clock network delay (ideal)
                      0.150000    0.000000    0.000000 ^ _3006_/CLK (sky130_fd_sc_hd__dfxtp_2)
     3    0.005942    0.044981    0.353473    0.353473 ^ _3006_/Q (sky130_fd_sc_hd__dfxtp_2)
                                                         u_intf.u_slave.reg_pixel[3] (net)
                      0.044981    0.000000    0.353473 ^ _1593_/A (sky130_fd_sc_hd__and2_2)
     1    0.001674    0.032375    0.117194    0.470667 ^ _1593_/X (sky130_fd_sc_hd__and2_2)
                                                         _0066_ (net)
                      0.032375    0.000000    0.470667 ^ _2952_/D (sky130_fd_sc_hd__dfxtp_2)
                                              0.470667   data arrival time

                      0.150000    0.000000    0.000000   clock clk (rise edge)
                                  0.000000    0.000000   clock network delay (ideal)
                                  0.250000    0.250000   clock uncertainty
                                  0.000000    0.250000   clock reconvergence pessimism
                                              0.250000 ^ _2952_/CLK (sky130_fd_sc_hd__dfxtp_2)
                                 -0.014784    0.235216   library hold time
                                              0.235216   data required time
---------------------------------------------------------------------------------------------
                                              0.235216   data required time
                                             -0.470667   data arrival time
---------------------------------------------------------------------------------------------
                                              0.235451   slack (MET)


Startpoint: _3009_ (rising edge-triggered flip-flop clocked by clk)
Endpoint: _2955_ (rising edge-triggered flip-flop clocked by clk)
Path Group: clk
Path Type: min

Fanout         Cap        Slew       Delay        Time   Description
---------------------------------------------------------------------------------------------
                      0.150000    0.000000    0.000000   clock clk (rise edge)
                                  0.000000    0.000000   clock network delay (ideal)
                      0.150000    0.000000    0.000000 ^ _3009_/CLK (sky130_fd_sc_hd__dfxtp_2)
     3    0.005942    0.044981    0.353473    0.353473 ^ _3009_/Q (sky130_fd_sc_hd__dfxtp_2)
                                                         u_intf.u_slave.reg_pixel[6] (net)
                      0.044981    0.000000    0.353473 ^ _1596_/A (sky130_fd_sc_hd__and2_2)
     1    0.001674    0.032375    0.117194    0.470667 ^ _1596_/X (sky130_fd_sc_hd__and2_2)
                                                         _0069_ (net)
                      0.032375    0.000000    0.470667 ^ _2955_/D (sky130_fd_sc_hd__dfxtp_2)
                                              0.470667   data arrival time

                      0.150000    0.000000    0.000000   clock clk (rise edge)
                                  0.000000    0.000000   clock network delay (ideal)
                                  0.250000    0.250000   clock uncertainty
                                  0.000000    0.250000   clock reconvergence pessimism
                                              0.250000 ^ _2955_/CLK (sky130_fd_sc_hd__dfxtp_2)
                                 -0.014784    0.235216   library hold time
                                              0.235216   data required time
---------------------------------------------------------------------------------------------
                                              0.235216   data required time
                                             -0.470667   data arrival time
---------------------------------------------------------------------------------------------
                                              0.235451   slack (MET)


Startpoint: _3039_ (rising edge-triggered flip-flop clocked by clk)
Endpoint: _2999_ (rising edge-triggered flip-flop clocked by clk)
Path Group: clk
Path Type: min

Fanout         Cap        Slew       Delay        Time   Description
---------------------------------------------------------------------------------------------
                      0.150000    0.000000    0.000000   clock clk (rise edge)
                                  0.000000    0.000000   clock network delay (ideal)
                      0.150000    0.000000    0.000000 ^ _3039_/CLK (sky130_fd_sc_hd__dfxtp_2)
     3    0.005942    0.044981    0.353473    0.353473 ^ _3039_/Q (sky130_fd_sc_hd__dfxtp_2)
                                                         u_intf.u_slave.reg_weight[4] (net)
                      0.044981    0.000000    0.353473 ^ _1742_/A (sky130_fd_sc_hd__and2_2)
     1    0.001674    0.032375    0.117194    0.470667 ^ _1742_/X (sky130_fd_sc_hd__and2_2)
                                                         _0113_ (net)
                      0.032375    0.000000    0.470667 ^ _2999_/D (sky130_fd_sc_hd__dfxtp_2)
                                              0.470667   data arrival time

                      0.150000    0.000000    0.000000   clock clk (rise edge)
                                  0.000000    0.000000   clock network delay (ideal)
                                  0.250000    0.250000   clock uncertainty
                                  0.000000    0.250000   clock reconvergence pessimism
                                              0.250000 ^ _2999_/CLK (sky130_fd_sc_hd__dfxtp_2)
                                 -0.014784    0.235216   library hold time
                                              0.235216   data required time
---------------------------------------------------------------------------------------------
                                              0.235216   data required time
                                             -0.470667   data arrival time
---------------------------------------------------------------------------------------------
                                              0.235451   slack (MET)


Startpoint: _3003_ (rising edge-triggered flip-flop clocked by clk)
Endpoint: _2949_ (rising edge-triggered flip-flop clocked by clk)
Path Group: clk
Path Type: min

Fanout         Cap        Slew       Delay        Time   Description
---------------------------------------------------------------------------------------------
                      0.150000    0.000000    0.000000   clock clk (rise edge)
                                  0.000000    0.000000   clock network delay (ideal)
                      0.150000    0.000000    0.000000 ^ _3003_/CLK (sky130_fd_sc_hd__dfxtp_2)
     3    0.005979    0.045148    0.353612    0.353612 ^ _3003_/Q (sky130_fd_sc_hd__dfxtp_2)
                                                         u_intf.u_slave.reg_pixel[0] (net)
                      0.045148    0.000000    0.353612 ^ _1590_/A (sky130_fd_sc_hd__and2_2)
     1    0.001674    0.032376    0.117253    0.470865 ^ _1590_/X (sky130_fd_sc_hd__and2_2)
                                                         _0063_ (net)
                      0.032376    0.000000    0.470865 ^ _2949_/D (sky130_fd_sc_hd__dfxtp_2)
                                              0.470865   data arrival time

                      0.150000    0.000000    0.000000   clock clk (rise edge)
                                  0.000000    0.000000   clock network delay (ideal)
                                  0.250000    0.250000   clock uncertainty
                                  0.000000    0.250000   clock reconvergence pessimism
                                              0.250000 ^ _2949_/CLK (sky130_fd_sc_hd__dfxtp_2)
                                 -0.014784    0.235216   library hold time
                                              0.235216   data required time
---------------------------------------------------------------------------------------------
                                              0.235216   data required time
                                             -0.470865   data arrival time
---------------------------------------------------------------------------------------------
                                              0.235649   slack (MET)


Startpoint: _3007_ (rising edge-triggered flip-flop clocked by clk)
Endpoint: _2953_ (rising edge-triggered flip-flop clocked by clk)
Path Group: clk
Path Type: min

Fanout         Cap        Slew       Delay        Time   Description
---------------------------------------------------------------------------------------------
                      0.150000    0.000000    0.000000   clock clk (rise edge)
                                  0.000000    0.000000   clock network delay (ideal)
                      0.150000    0.000000    0.000000 ^ _3007_/CLK (sky130_fd_sc_hd__dfxtp_2)
     3    0.005979    0.045148    0.353612    0.353612 ^ _3007_/Q (sky130_fd_sc_hd__dfxtp_2)
                                                         u_intf.u_slave.reg_pixel[4] (net)
                      0.045148    0.000000    0.353612 ^ _1594_/A (sky130_fd_sc_hd__and2_2)
     1    0.001674    0.032376    0.117253    0.470865 ^ _1594_/X (sky130_fd_sc_hd__and2_2)
                                                         _0067_ (net)
                      0.032376    0.000000    0.470865 ^ _2953_/D (sky130_fd_sc_hd__dfxtp_2)
                                              0.470865   data arrival time

                      0.150000    0.000000    0.000000   clock clk (rise edge)
                                  0.000000    0.000000   clock network delay (ideal)
                                  0.250000    0.250000   clock uncertainty
                                  0.000000    0.250000   clock reconvergence pessimism
                                              0.250000 ^ _2953_/CLK (sky130_fd_sc_hd__dfxtp_2)
                                 -0.014784    0.235216   library hold time
                                              0.235216   data required time
---------------------------------------------------------------------------------------------
                                              0.235216   data required time
                                             -0.470865   data arrival time
---------------------------------------------------------------------------------------------
                                              0.235649   slack (MET)


Startpoint: _3036_ (rising edge-triggered flip-flop clocked by clk)
Endpoint: _2996_ (rising edge-triggered flip-flop clocked by clk)
Path Group: clk
Path Type: min

Fanout         Cap        Slew       Delay        Time   Description
---------------------------------------------------------------------------------------------
                      0.150000    0.000000    0.000000   clock clk (rise edge)
                                  0.000000    0.000000   clock network delay (ideal)
                      0.150000    0.000000    0.000000 ^ _3036_/CLK (sky130_fd_sc_hd__dfxtp_2)
     3    0.005979    0.045148    0.353612    0.353612 ^ _3036_/Q (sky130_fd_sc_hd__dfxtp_2)
                                                         u_intf.u_slave.reg_weight[1] (net)
                      0.045148    0.000000    0.353612 ^ _1739_/A (sky130_fd_sc_hd__and2_2)
     1    0.001674    0.032376    0.117253    0.470865 ^ _1739_/X (sky130_fd_sc_hd__and2_2)
                                                         _0110_ (net)
                      0.032376    0.000000    0.470865 ^ _2996_/D (sky130_fd_sc_hd__dfxtp_2)
                                              0.470865   data arrival time

                      0.150000    0.000000    0.000000   clock clk (rise edge)
                                  0.000000    0.000000   clock network delay (ideal)
                                  0.250000    0.250000   clock uncertainty
                                  0.000000    0.250000   clock reconvergence pessimism
                                              0.250000 ^ _2996_/CLK (sky130_fd_sc_hd__dfxtp_2)
                                 -0.014784    0.235216   library hold time
                                              0.235216   data required time
---------------------------------------------------------------------------------------------
                                              0.235216   data required time
                                             -0.470865   data arrival time
---------------------------------------------------------------------------------------------
                                              0.235649   slack (MET)


Startpoint: _3037_ (rising edge-triggered flip-flop clocked by clk)
Endpoint: _2997_ (rising edge-triggered flip-flop clocked by clk)
Path Group: clk
Path Type: min

Fanout         Cap        Slew       Delay        Time   Description
---------------------------------------------------------------------------------------------
                      0.150000    0.000000    0.000000   clock clk (rise edge)
                                  0.000000    0.000000   clock network delay (ideal)
                      0.150000    0.000000    0.000000 ^ _3037_/CLK (sky130_fd_sc_hd__dfxtp_2)
     3    0.005979    0.045148    0.353612    0.353612 ^ _3037_/Q (sky130_fd_sc_hd__dfxtp_2)
                                                         u_intf.u_slave.reg_weight[2] (net)
                      0.045148    0.000000    0.353612 ^ _1740_/A (sky130_fd_sc_hd__and2_2)
     1    0.001674    0.032376    0.117253    0.470865 ^ _1740_/X (sky130_fd_sc_hd__and2_2)
                                                         _0111_ (net)
                      0.032376    0.000000    0.470865 ^ _2997_/D (sky130_fd_sc_hd__dfxtp_2)
                                              0.470865   data arrival time

                      0.150000    0.000000    0.000000   clock clk (rise edge)
                                  0.000000    0.000000   clock network delay (ideal)
                                  0.250000    0.250000   clock uncertainty
                                  0.000000    0.250000   clock reconvergence pessimism
                                              0.250000 ^ _2997_/CLK (sky130_fd_sc_hd__dfxtp_2)
                                 -0.014784    0.235216   library hold time
                                              0.235216   data required time
---------------------------------------------------------------------------------------------
                                              0.235216   data required time
                                             -0.470865   data arrival time
---------------------------------------------------------------------------------------------
                                              0.235649   slack (MET)


Startpoint: _3038_ (rising edge-triggered flip-flop clocked by clk)
Endpoint: _2998_ (rising edge-triggered flip-flop clocked by clk)
Path Group: clk
Path Type: min

Fanout         Cap        Slew       Delay        Time   Description
---------------------------------------------------------------------------------------------
                      0.150000    0.000000    0.000000   clock clk (rise edge)
                                  0.000000    0.000000   clock network delay (ideal)
                      0.150000    0.000000    0.000000 ^ _3038_/CLK (sky130_fd_sc_hd__dfxtp_2)
     3    0.005979    0.045148    0.353612    0.353612 ^ _3038_/Q (sky130_fd_sc_hd__dfxtp_2)
                                                         u_intf.u_slave.reg_weight[3] (net)
                      0.045148    0.000000    0.353612 ^ _1741_/A (sky130_fd_sc_hd__and2_2)
     1    0.001674    0.032376    0.117253    0.470865 ^ _1741_/X (sky130_fd_sc_hd__and2_2)
                                                         _0112_ (net)
                      0.032376    0.000000    0.470865 ^ _2998_/D (sky130_fd_sc_hd__dfxtp_2)
                                              0.470865   data arrival time

                      0.150000    0.000000    0.000000   clock clk (rise edge)
                                  0.000000    0.000000   clock network delay (ideal)
                                  0.250000    0.250000   clock uncertainty
                                  0.000000    0.250000   clock reconvergence pessimism
                                              0.250000 ^ _2998_/CLK (sky130_fd_sc_hd__dfxtp_2)
                                 -0.014784    0.235216   library hold time
                                              0.235216   data required time
---------------------------------------------------------------------------------------------
                                              0.235216   data required time
                                             -0.470865   data arrival time
---------------------------------------------------------------------------------------------
                                              0.235649   slack (MET)


Startpoint: _3042_ (rising edge-triggered flip-flop clocked by clk)
Endpoint: _3002_ (rising edge-triggered flip-flop clocked by clk)
Path Group: clk
Path Type: min

Fanout         Cap        Slew       Delay        Time   Description
---------------------------------------------------------------------------------------------
                      0.150000    0.000000    0.000000   clock clk (rise edge)
                                  0.000000    0.000000   clock network delay (ideal)
                      0.150000    0.000000    0.000000 ^ _3042_/CLK (sky130_fd_sc_hd__dfxtp_2)
     3    0.005979    0.045148    0.353612    0.353612 ^ _3042_/Q (sky130_fd_sc_hd__dfxtp_2)
                                                         u_intf.u_slave.reg_weight[7] (net)
                      0.045148    0.000000    0.353612 ^ _1745_/A (sky130_fd_sc_hd__and2_2)
     1    0.001674    0.032376    0.117253    0.470865 ^ _1745_/X (sky130_fd_sc_hd__and2_2)
                                                         _0116_ (net)
                      0.032376    0.000000    0.470865 ^ _3002_/D (sky130_fd_sc_hd__dfxtp_2)
                                              0.470865   data arrival time

                      0.150000    0.000000    0.000000   clock clk (rise edge)
                                  0.000000    0.000000   clock network delay (ideal)
                                  0.250000    0.250000   clock uncertainty
                                  0.000000    0.250000   clock reconvergence pessimism
                                              0.250000 ^ _3002_/CLK (sky130_fd_sc_hd__dfxtp_2)
                                 -0.014784    0.235216   library hold time
                                              0.235216   data required time
---------------------------------------------------------------------------------------------
                                              0.235216   data required time
                                             -0.470865   data arrival time
---------------------------------------------------------------------------------------------
                                              0.235649   slack (MET)


Startpoint: _3141_ (rising edge-triggered flip-flop clocked by clk)
Endpoint: _3141_ (rising edge-triggered flip-flop clocked by clk)
Path Group: clk
Path Type: min

Fanout         Cap        Slew       Delay        Time   Description
---------------------------------------------------------------------------------------------
                      0.150000    0.000000    0.000000   clock clk (rise edge)
                                  0.000000    0.000000   clock network delay (ideal)
                      0.150000    0.000000    0.000000 ^ _3141_/CLK (sky130_fd_sc_hd__dfxtp_2)
     3    0.014808    0.049409    0.369287    0.369287 v _3141_/Q (sky130_fd_sc_hd__dfxtp_2)
                                                         u_core.pe_array[0].u_pe.accum_reg[8] (net)
                      0.049409    0.000000    0.369287 v _2788_/B (sky130_fd_sc_hd__nand2_2)
     1    0.004606    0.044938    0.064919    0.434205 ^ _2788_/Y (sky130_fd_sc_hd__nand2_2)
                                                         _1210_ (net)
                      0.044938    0.000000    0.434205 ^ _2790_/A1 (sky130_fd_sc_hd__a21oi_2)
     1    0.001681    0.025109    0.038916    0.473122 v _2790_/Y (sky130_fd_sc_hd__a21oi_2)
                                                         _0255_ (net)
                      0.025109    0.000000    0.473122 v _3141_/D (sky130_fd_sc_hd__dfxtp_2)
                                              0.473122   data arrival time

                      0.150000    0.000000    0.000000   clock clk (rise edge)
                                  0.000000    0.000000   clock network delay (ideal)
                                  0.250000    0.250000   clock uncertainty
                                  0.000000    0.250000   clock reconvergence pessimism
                                              0.250000 ^ _3141_/CLK (sky130_fd_sc_hd__dfxtp_2)
                                 -0.014493    0.235507   library hold time
                                              0.235507   data required time
---------------------------------------------------------------------------------------------
                                              0.235507   data required time
                                             -0.473122   data arrival time
---------------------------------------------------------------------------------------------
                                              0.237615   slack (MET)


Startpoint: _3143_ (rising edge-triggered flip-flop clocked by clk)
Endpoint: _3143_ (rising edge-triggered flip-flop clocked by clk)
Path Group: clk
Path Type: min

Fanout         Cap        Slew       Delay        Time   Description
---------------------------------------------------------------------------------------------
                      0.150000    0.000000    0.000000   clock clk (rise edge)
                                  0.000000    0.000000   clock network delay (ideal)
                      0.150000    0.000000    0.000000 ^ _3143_/CLK (sky130_fd_sc_hd__dfxtp_2)
     3    0.014808    0.049409    0.369287    0.369287 v _3143_/Q (sky130_fd_sc_hd__dfxtp_2)
                                                         u_core.pe_array[0].u_pe.accum_reg[10] (net)
                      0.049409    0.000000    0.369287 v _2794_/B (sky130_fd_sc_hd__nand2_2)
     1    0.004606    0.044938    0.064919    0.434205 ^ _2794_/Y (sky130_fd_sc_hd__nand2_2)
                                                         _1214_ (net)
                      0.044938    0.000000    0.434205 ^ _2796_/A1 (sky130_fd_sc_hd__a21oi_2)
     1    0.001681    0.025109    0.038916    0.473122 v _2796_/Y (sky130_fd_sc_hd__a21oi_2)
                                                         _0257_ (net)
                      0.025109    0.000000    0.473122 v _3143_/D (sky130_fd_sc_hd__dfxtp_2)
                                              0.473122   data arrival time

                      0.150000    0.000000    0.000000   clock clk (rise edge)
                                  0.000000    0.000000   clock network delay (ideal)
                                  0.250000    0.250000   clock uncertainty
                                  0.000000    0.250000   clock reconvergence pessimism
                                              0.250000 ^ _3143_/CLK (sky130_fd_sc_hd__dfxtp_2)
                                 -0.014493    0.235507   library hold time
                                              0.235507   data required time
---------------------------------------------------------------------------------------------
                                              0.235507   data required time
                                             -0.473122   data arrival time
---------------------------------------------------------------------------------------------
                                              0.237615   slack (MET)


Startpoint: _3144_ (rising edge-triggered flip-flop clocked by clk)
Endpoint: _3144_ (rising edge-triggered flip-flop clocked by clk)
Path Group: clk
Path Type: min

Fanout         Cap        Slew       Delay        Time   Description
---------------------------------------------------------------------------------------------
                      0.150000    0.000000    0.000000   clock clk (rise edge)
                                  0.000000    0.000000   clock network delay (ideal)
                      0.150000    0.000000    0.000000 ^ _3144_/CLK (sky130_fd_sc_hd__dfxtp_2)
     3    0.014808    0.049409    0.369287    0.369287 v _3144_/Q (sky130_fd_sc_hd__dfxtp_2)
                                                         u_core.pe_array[0].u_pe.accum_reg[11] (net)
                      0.049409    0.000000    0.369287 v _2797_/B (sky130_fd_sc_hd__nand2_2)
     1    0.004606    0.044938    0.064919    0.434205 ^ _2797_/Y (sky130_fd_sc_hd__nand2_2)
                                                         _1216_ (net)
                      0.044938    0.000000    0.434205 ^ _2799_/A1 (sky130_fd_sc_hd__a21oi_2)
     1    0.001681    0.025109    0.038916    0.473122 v _2799_/Y (sky130_fd_sc_hd__a21oi_2)
                                                         _0258_ (net)
                      0.025109    0.000000    0.473122 v _3144_/D (sky130_fd_sc_hd__dfxtp_2)
                                              0.473122   data arrival time

                      0.150000    0.000000    0.000000   clock clk (rise edge)
                                  0.000000    0.000000   clock network delay (ideal)
                                  0.250000    0.250000   clock uncertainty
                                  0.000000    0.250000   clock reconvergence pessimism
                                              0.250000 ^ _3144_/CLK (sky130_fd_sc_hd__dfxtp_2)
                                 -0.014493    0.235507   library hold time
                                              0.235507   data required time
---------------------------------------------------------------------------------------------
                                              0.235507   data required time
                                             -0.473122   data arrival time
---------------------------------------------------------------------------------------------
                                              0.237615   slack (MET)


Startpoint: _2901_ (rising edge-triggered flip-flop clocked by clk)
Endpoint: _2901_ (rising edge-triggered flip-flop clocked by clk)
Path Group: clk
Path Type: min

Fanout         Cap        Slew       Delay        Time   Description
---------------------------------------------------------------------------------------------
                      0.150000    0.000000    0.000000   clock clk (rise edge)
                                  0.000000    0.000000   clock network delay (ideal)
                      0.150000    0.000000    0.000000 ^ _2901_/CLK (sky130_fd_sc_hd__dfxtp_2)
     4    0.009217    0.059785    0.365746    0.365746 ^ _2901_/Q (sky130_fd_sc_hd__dfxtp_2)
                                                         u_intf.u_slave.wr_addr_lat[2] (net)
                      0.059785    0.000000    0.365746 ^ _1500_/A0 (sky130_fd_sc_hd__mux2_1)
     1    0.001674    0.033915    0.110495    0.476241 ^ _1500_/X (sky130_fd_sc_hd__mux2_1)
                                                         _0018_ (net)
                      0.033915    0.000000    0.476241 ^ _2901_/D (sky130_fd_sc_hd__dfxtp_2)
                                              0.476241   data arrival time

                      0.150000    0.000000    0.000000   clock clk (rise edge)
                                  0.000000    0.000000   clock network delay (ideal)
                                  0.250000    0.250000   clock uncertainty
                                  0.000000    0.250000   clock reconvergence pessimism
                                              0.250000 ^ _2901_/CLK (sky130_fd_sc_hd__dfxtp_2)
                                 -0.015099    0.234901   library hold time
                                              0.234901   data required time
---------------------------------------------------------------------------------------------
                                              0.234901   data required time
                                             -0.476241   data arrival time
---------------------------------------------------------------------------------------------
                                              0.241340   slack (MET)


Startpoint: _2898_ (rising edge-triggered flip-flop clocked by clk)
Endpoint: _2898_ (rising edge-triggered flip-flop clocked by clk)
Path Group: clk
Path Type: min

Fanout         Cap        Slew       Delay        Time   Description
---------------------------------------------------------------------------------------------
                      0.150000    0.000000    0.000000   clock clk (rise edge)
                                  0.000000    0.000000   clock network delay (ideal)
                      0.150000    0.000000    0.000000 ^ _2898_/CLK (sky130_fd_sc_hd__dfxtp_2)
     3    0.006435    0.047209    0.355321    0.355321 ^ _2898_/Q (sky130_fd_sc_hd__dfxtp_2)
                                                         pixel_cnt[3] (net)
                      0.047209    0.000000    0.355321 ^ _1497_/A1 (sky130_fd_sc_hd__o21ba_2)
     1    0.001674    0.027828    0.123357    0.478677 ^ _1497_/X (sky130_fd_sc_hd__o21ba_2)
                                                         _0015_ (net)
                      0.027828    0.000000    0.478677 ^ _2898_/D (sky130_fd_sc_hd__dfxtp_2)
                                              0.478677   data arrival time

                      0.150000    0.000000    0.000000   clock clk (rise edge)
                                  0.000000    0.000000   clock network delay (ideal)
                                  0.250000    0.250000   clock uncertainty
                                  0.000000    0.250000   clock reconvergence pessimism
                                              0.250000 ^ _2898_/CLK (sky130_fd_sc_hd__dfxtp_2)
                                 -0.013854    0.236146   library hold time
                                              0.236146   data required time
---------------------------------------------------------------------------------------------
                                              0.236146   data required time
                                             -0.478677   data arrival time
---------------------------------------------------------------------------------------------
                                              0.242532   slack (MET)


Startpoint: _3167_ (rising edge-triggered flip-flop clocked by clk)
Endpoint: _3167_ (rising edge-triggered flip-flop clocked by clk)
Path Group: clk
Path Type: min

Fanout         Cap        Slew       Delay        Time   Description
---------------------------------------------------------------------------------------------
                      0.150000    0.000000    0.000000   clock clk (rise edge)
                                  0.000000    0.000000   clock network delay (ideal)
                      0.150000    0.000000    0.000000 ^ _3167_/CLK (sky130_fd_sc_hd__dfxtp_2)
     3    0.008094    0.054709    0.361538    0.361538 ^ _3167_/Q (sky130_fd_sc_hd__dfxtp_2)
                                                         u_core.pe_array[0].u_pe.tap_count[2] (net)
                      0.054709    0.000000    0.361538 ^ _2849_/A1 (sky130_fd_sc_hd__o21ai_2)
     1    0.004136    0.030824    0.057953    0.419490 v _2849_/Y (sky130_fd_sc_hd__o21ai_2)
                                                         _1245_ (net)
                      0.030824    0.000000    0.419490 v _2850_/B (sky130_fd_sc_hd__nor2_2)
     1    0.001674    0.050058    0.055099    0.474590 ^ _2850_/Y (sky130_fd_sc_hd__nor2_2)
                                                         _0281_ (net)
                      0.050058    0.000000    0.474590 ^ _3167_/D (sky130_fd_sc_hd__dfxtp_2)
                                              0.474590   data arrival time

                      0.150000    0.000000    0.000000   clock clk (rise edge)
                                  0.000000    0.000000   clock network delay (ideal)
                                  0.250000    0.250000   clock uncertainty
                                  0.000000    0.250000   clock reconvergence pessimism
                                              0.250000 ^ _3167_/CLK (sky130_fd_sc_hd__dfxtp_2)
                                 -0.018399    0.231601   library hold time
                                              0.231601   data required time
---------------------------------------------------------------------------------------------
                                              0.231601   data required time
                                             -0.474590   data arrival time
---------------------------------------------------------------------------------------------
                                              0.242989   slack (MET)


Startpoint: _3138_ (rising edge-triggered flip-flop clocked by clk)
Endpoint: _3138_ (rising edge-triggered flip-flop clocked by clk)
Path Group: clk
Path Type: min

Fanout         Cap        Slew       Delay        Time   Description
---------------------------------------------------------------------------------------------
                      0.150000    0.000000    0.000000   clock clk (rise edge)
                                  0.000000    0.000000   clock network delay (ideal)
                      0.150000    0.000000    0.000000 ^ _3138_/CLK (sky130_fd_sc_hd__dfxtp_2)
     3    0.016812    0.053428    0.373082    0.373082 v _3138_/Q (sky130_fd_sc_hd__dfxtp_2)
                                                         u_core.pe_array[0].u_pe.accum_reg[5] (net)
                      0.053428    0.000000    0.373082 v _2781_/B (sky130_fd_sc_hd__nand2_2)
     1    0.004606    0.044966    0.066662    0.439744 ^ _2781_/Y (sky130_fd_sc_hd__nand2_2)
                                                         _1206_ (net)
                      0.044966    0.000000    0.439744 ^ _2783_/A1 (sky130_fd_sc_hd__a21oi_2)
     1    0.001681    0.025109    0.038926    0.478670 v _2783_/Y (sky130_fd_sc_hd__a21oi_2)
                                                         _0252_ (net)
                      0.025109    0.000000    0.478670 v _3138_/D (sky130_fd_sc_hd__dfxtp_2)
                                              0.478670   data arrival time

                      0.150000    0.000000    0.000000   clock clk (rise edge)
                                  0.000000    0.000000   clock network delay (ideal)
                                  0.250000    0.250000   clock uncertainty
                                  0.000000    0.250000   clock reconvergence pessimism
                                              0.250000 ^ _3138_/CLK (sky130_fd_sc_hd__dfxtp_2)
                                 -0.014493    0.235507   library hold time
                                              0.235507   data required time
---------------------------------------------------------------------------------------------
                                              0.235507   data required time
                                             -0.478670   data arrival time
---------------------------------------------------------------------------------------------
                                              0.243163   slack (MET)


Startpoint: _3146_ (rising edge-triggered flip-flop clocked by clk)
Endpoint: _3146_ (rising edge-triggered flip-flop clocked by clk)
Path Group: clk
Path Type: min

Fanout         Cap        Slew       Delay        Time   Description
---------------------------------------------------------------------------------------------
                      0.150000    0.000000    0.000000   clock clk (rise edge)
                                  0.000000    0.000000   clock network delay (ideal)
                      0.150000    0.000000    0.000000 ^ _3146_/CLK (sky130_fd_sc_hd__dfxtp_2)
     3    0.016812    0.053428    0.373082    0.373082 v _3146_/Q (sky130_fd_sc_hd__dfxtp_2)
                                                         u_core.pe_array[0].u_pe.accum_reg[13] (net)
                      0.053428    0.000000    0.373082 v _2802_/B (sky130_fd_sc_hd__nand2_2)
     1    0.004606    0.044966    0.066662    0.439744 ^ _2802_/Y (sky130_fd_sc_hd__nand2_2)
                                                         _1219_ (net)
                      0.044966    0.000000    0.439744 ^ _2804_/A1 (sky130_fd_sc_hd__a21oi_2)
     1    0.001681    0.025112    0.038926    0.478670 v _2804_/Y (sky130_fd_sc_hd__a21oi_2)
                                                         _0260_ (net)
                      0.025112    0.000000    0.478670 v _3146_/D (sky130_fd_sc_hd__dfxtp_2)
                                              0.478670   data arrival time

                      0.150000    0.000000    0.000000   clock clk (rise edge)
                                  0.000000    0.000000   clock network delay (ideal)
                                  0.250000    0.250000   clock uncertainty
                                  0.000000    0.250000   clock reconvergence pessimism
                                              0.250000 ^ _3146_/CLK (sky130_fd_sc_hd__dfxtp_2)
                                 -0.014495    0.235505   library hold time
                                              0.235505   data required time
---------------------------------------------------------------------------------------------
                                              0.235505   data required time
                                             -0.478670   data arrival time
---------------------------------------------------------------------------------------------
                                              0.243165   slack (MET)


Startpoint: _2886_ (rising edge-triggered flip-flop clocked by clk)
Endpoint: _2992_ (rising edge-triggered flip-flop clocked by clk)
Path Group: clk
Path Type: min

Fanout         Cap        Slew       Delay        Time   Description
---------------------------------------------------------------------------------------------
                      0.150000    0.000000    0.000000   clock clk (rise edge)
                                  0.000000    0.000000   clock network delay (ideal)
                      0.150000    0.000000    0.000000 ^ _2886_/CLK (sky130_fd_sc_hd__dfxtp_2)
     5    0.009615    0.061584    0.367238    0.367238 ^ _2886_/Q (sky130_fd_sc_hd__dfxtp_2)
                                                         u_intf.u_slave.wr_state[0] (net)
                      0.061584    0.000000    0.367238 ^ _1731_/A2 (sky130_fd_sc_hd__o21ba_2)
     1    0.001674    0.027790    0.112495    0.479733 ^ _1731_/X (sky130_fd_sc_hd__o21ba_2)
                                                         _0106_ (net)
                      0.027790    0.000000    0.479733 ^ _2992_/D (sky130_fd_sc_hd__dfxtp_2)
                                              0.479733   data arrival time

                      0.150000    0.000000    0.000000   clock clk (rise edge)
                                  0.000000    0.000000   clock network delay (ideal)
                                  0.250000    0.250000   clock uncertainty
                                  0.000000    0.250000   clock reconvergence pessimism
                                              0.250000 ^ _2992_/CLK (sky130_fd_sc_hd__dfxtp_2)
                                 -0.013846    0.236154   library hold time
                                              0.236154   data required time
---------------------------------------------------------------------------------------------
                                              0.236154   data required time
                                             -0.479733   data arrival time
---------------------------------------------------------------------------------------------
                                              0.243579   slack (MET)


Startpoint: _3134_ (rising edge-triggered flip-flop clocked by clk)
Endpoint: _3134_ (rising edge-triggered flip-flop clocked by clk)
Path Group: clk
Path Type: min

Fanout         Cap        Slew       Delay        Time   Description
---------------------------------------------------------------------------------------------
                      0.150000    0.000000    0.000000   clock clk (rise edge)
                                  0.000000    0.000000   clock network delay (ideal)
                      0.150000    0.000000    0.000000 ^ _3134_/CLK (sky130_fd_sc_hd__dfxtp_2)
     3    0.017078    0.053961    0.373585    0.373585 v _3134_/Q (sky130_fd_sc_hd__dfxtp_2)
                                                         u_core.pe_array[0].u_pe.accum_reg[1] (net)
                      0.053961    0.000000    0.373585 v _2769_/B (sky130_fd_sc_hd__nand2_2)
     1    0.004606    0.045036    0.066905    0.440490 ^ _2769_/Y (sky130_fd_sc_hd__nand2_2)
                                                         _1198_ (net)
                      0.045036    0.000000    0.440490 ^ _2771_/A1 (sky130_fd_sc_hd__a21oi_2)
     1    0.001681    0.025116    0.038951    0.479441 v _2771_/Y (sky130_fd_sc_hd__a21oi_2)
                                                         _0248_ (net)
                      0.025116    0.000000    0.479441 v _3134_/D (sky130_fd_sc_hd__dfxtp_2)
                                              0.479441   data arrival time

                      0.150000    0.000000    0.000000   clock clk (rise edge)
                                  0.000000    0.000000   clock network delay (ideal)
                                  0.250000    0.250000   clock uncertainty
                                  0.000000    0.250000   clock reconvergence pessimism
                                              0.250000 ^ _3134_/CLK (sky130_fd_sc_hd__dfxtp_2)
                                 -0.014496    0.235504   library hold time
                                              0.235504   data required time
---------------------------------------------------------------------------------------------
                                              0.235504   data required time
                                             -0.479441   data arrival time
---------------------------------------------------------------------------------------------
                                              0.243937   slack (MET)


Startpoint: _2887_ (rising edge-triggered flip-flop clocked by clk)
Endpoint: _2887_ (rising edge-triggered flip-flop clocked by clk)
Path Group: clk
Path Type: min

Fanout         Cap        Slew       Delay        Time   Description
---------------------------------------------------------------------------------------------
                      0.150000    0.000000    0.000000   clock clk (rise edge)
                                  0.000000    0.000000   clock network delay (ideal)
                      0.150000    0.000000    0.000000 ^ _2887_/CLK (sky130_fd_sc_hd__dfxtp_2)
     2    0.007100    0.050215    0.357813    0.357813 ^ _2887_/Q (sky130_fd_sc_hd__dfxtp_2)
                                                         u_intf.u_slave.wr_state[1] (net)
                      0.050215    0.000000    0.357813 ^ _1474_/A1 (sky130_fd_sc_hd__a31o_2)
     1    0.001674    0.027606    0.126368    0.484180 ^ _1474_/X (sky130_fd_sc_hd__a31o_2)
                                                         _0006_ (net)
                      0.027606    0.000000    0.484180 ^ _2887_/D (sky130_fd_sc_hd__dfxtp_2)
                                              0.484180   data arrival time

                      0.150000    0.000000    0.000000   clock clk (rise edge)
                                  0.000000    0.000000   clock network delay (ideal)
                                  0.250000    0.250000   clock uncertainty
                                  0.000000    0.250000   clock reconvergence pessimism
                                              0.250000 ^ _2887_/CLK (sky130_fd_sc_hd__dfxtp_2)
                                 -0.013809    0.236191   library hold time
                                              0.236191   data required time
---------------------------------------------------------------------------------------------
                                              0.236191   data required time
                                             -0.484180   data arrival time
---------------------------------------------------------------------------------------------
                                              0.247989   slack (MET)


Startpoint: _2896_ (rising edge-triggered flip-flop clocked by clk)
Endpoint: _2896_ (rising edge-triggered flip-flop clocked by clk)
Path Group: clk
Path Type: min

Fanout         Cap        Slew       Delay        Time   Description
---------------------------------------------------------------------------------------------
                      0.150000    0.000000    0.000000   clock clk (rise edge)
                                  0.000000    0.000000   clock network delay (ideal)
                      0.150000    0.000000    0.000000 ^ _2896_/CLK (sky130_fd_sc_hd__dfxtp_2)
     4    0.010182    0.064147    0.369362    0.369362 ^ _2896_/Q (sky130_fd_sc_hd__dfxtp_2)
                                                         pixel_cnt[1] (net)
                      0.064147    0.000000    0.369362 ^ _1492_/A1 (sky130_fd_sc_hd__o21a_2)
     1    0.001674    0.025200    0.118701    0.488063 ^ _1492_/X (sky130_fd_sc_hd__o21a_2)
                                                         _0013_ (net)
                      0.025200    0.000000    0.488063 ^ _2896_/D (sky130_fd_sc_hd__dfxtp_2)
                                              0.488063   data arrival time

                      0.150000    0.000000    0.000000   clock clk (rise edge)
                                  0.000000    0.000000   clock network delay (ideal)
                                  0.250000    0.250000   clock uncertainty
                                  0.000000    0.250000   clock reconvergence pessimism
                                              0.250000 ^ _2896_/CLK (sky130_fd_sc_hd__dfxtp_2)
                                 -0.013317    0.236683   library hold time
                                              0.236683   data required time
---------------------------------------------------------------------------------------------
                                              0.236683   data required time
                                             -0.488063   data arrival time
---------------------------------------------------------------------------------------------
                                              0.251380   slack (MET)


Startpoint: _2937_ (rising edge-triggered flip-flop clocked by clk)
Endpoint: _2903_ (rising edge-triggered flip-flop clocked by clk)
Path Group: clk
Path Type: min

Fanout         Cap        Slew       Delay        Time   Description
---------------------------------------------------------------------------------------------
                      0.150000    0.000000    0.000000   clock clk (rise edge)
                                  0.000000    0.000000   clock network delay (ideal)
                      0.150000    0.000000    0.000000 ^ _2937_/CLK (sky130_fd_sc_hd__dfxtp_2)
     5    0.014761    0.049315    0.369198    0.369198 v _2937_/Q (sky130_fd_sc_hd__dfxtp_2)
                                                         state[0] (net)
                      0.049315    0.000000    0.369198 v _1464_/B (sky130_fd_sc_hd__nand2_2)
     3    0.012279    0.076165    0.092262    0.461460 ^ _1464_/Y (sky130_fd_sc_hd__nand2_2)
                                                         _1264_ (net)
                      0.076165    0.000000    0.461460 ^ _1467_/B (sky130_fd_sc_hd__nor2_2)
     1    0.001681    0.019825    0.030983    0.492443 v _1467_/Y (sky130_fd_sc_hd__nor2_2)
                                                         _0020_ (net)
                      0.019825    0.000000    0.492443 v _2903_/D (sky130_fd_sc_hd__dfxtp_2)
                                              0.492443   data arrival time

                      0.150000    0.000000    0.000000   clock clk (rise edge)
                                  0.000000    0.000000   clock network delay (ideal)
                                  0.250000    0.250000   clock uncertainty
                                  0.000000    0.250000   clock reconvergence pessimism
                                              0.250000 ^ _2903_/CLK (sky130_fd_sc_hd__dfxtp_2)
                                 -0.012324    0.237676   library hold time
                                              0.237676   data required time
---------------------------------------------------------------------------------------------
                                              0.237676   data required time
                                             -0.492443   data arrival time
---------------------------------------------------------------------------------------------
                                              0.254768   slack (MET)


Startpoint: _2897_ (rising edge-triggered flip-flop clocked by clk)
Endpoint: _2897_ (rising edge-triggered flip-flop clocked by clk)
Path Group: clk
Path Type: min

Fanout         Cap        Slew       Delay        Time   Description
---------------------------------------------------------------------------------------------
                      0.150000    0.000000    0.000000   clock clk (rise edge)
                                  0.000000    0.000000   clock network delay (ideal)
                      0.150000    0.000000    0.000000 ^ _2897_/CLK (sky130_fd_sc_hd__dfxtp_2)
     3    0.011198    0.068740    0.373170    0.373170 ^ _2897_/Q (sky130_fd_sc_hd__dfxtp_2)
                                                         pixel_cnt[2] (net)
                      0.068740    0.000000    0.373170 ^ _1494_/A1 (sky130_fd_sc_hd__o21ai_2)
     1    0.004136    0.029420    0.061589    0.434759 v _1494_/Y (sky130_fd_sc_hd__o21ai_2)
                                                         _1283_ (net)
                      0.029420    0.000000    0.434759 v _1495_/B (sky130_fd_sc_hd__nor2_2)
     1    0.001674    0.050067    0.054575    0.489333 ^ _1495_/Y (sky130_fd_sc_hd__nor2_2)
                                                         _0014_ (net)
                      0.050067    0.000000    0.489333 ^ _2897_/D (sky130_fd_sc_hd__dfxtp_2)
                                              0.489333   data arrival time

                      0.150000    0.000000    0.000000   clock clk (rise edge)
                                  0.000000    0.000000   clock network delay (ideal)
                                  0.250000    0.250000   clock uncertainty
                                  0.000000    0.250000   clock reconvergence pessimism
                                              0.250000 ^ _2897_/CLK (sky130_fd_sc_hd__dfxtp_2)
                                 -0.018401    0.231599   library hold time
                                              0.231599   data required time
---------------------------------------------------------------------------------------------
                                              0.231599   data required time
                                             -0.489333   data arrival time
---------------------------------------------------------------------------------------------
                                              0.257734   slack (MET)


Startpoint: _3169_ (rising edge-triggered flip-flop clocked by clk)
Endpoint: _2904_ (rising edge-triggered flip-flop clocked by clk)
Path Group: clk
Path Type: min

Fanout         Cap        Slew       Delay        Time   Description
---------------------------------------------------------------------------------------------
                      0.150000    0.000000    0.000000   clock clk (rise edge)
                                  0.000000    0.000000   clock network delay (ideal)
                      0.150000    0.000000    0.000000 ^ _3169_/CLK (sky130_fd_sc_hd__dfxtp_2)
     1    0.002540    0.029826    0.339230    0.339230 ^ _3169_/Q (sky130_fd_sc_hd__dfxtp_2)
                                                         result_data_w[0] (net)
                      0.029826    0.000000    0.339230 ^ _1505_/A1 (sky130_fd_sc_hd__o211a_2)
     1    0.001674    0.035997    0.154858    0.494088 ^ _1505_/X (sky130_fd_sc_hd__o211a_2)
                                                         _0021_ (net)
                      0.035997    0.000000    0.494088 ^ _2904_/D (sky130_fd_sc_hd__dfxtp_2)
                                              0.494088   data arrival time

                      0.150000    0.000000    0.000000   clock clk (rise edge)
                                  0.000000    0.000000   clock network delay (ideal)
                                  0.250000    0.250000   clock uncertainty
                                  0.000000    0.250000   clock reconvergence pessimism
                                              0.250000 ^ _2904_/CLK (sky130_fd_sc_hd__dfxtp_2)
                                 -0.015524    0.234476   library hold time
                                              0.234476   data required time
---------------------------------------------------------------------------------------------
                                              0.234476   data required time
                                             -0.494088   data arrival time
---------------------------------------------------------------------------------------------
                                              0.259613   slack (MET)


Startpoint: _3170_ (rising edge-triggered flip-flop clocked by clk)
Endpoint: _2905_ (rising edge-triggered flip-flop clocked by clk)
Path Group: clk
Path Type: min

Fanout         Cap        Slew       Delay        Time   Description
---------------------------------------------------------------------------------------------
                      0.150000    0.000000    0.000000   clock clk (rise edge)
                                  0.000000    0.000000   clock network delay (ideal)
                      0.150000    0.000000    0.000000 ^ _3170_/CLK (sky130_fd_sc_hd__dfxtp_2)
     1    0.002540    0.029826    0.339230    0.339230 ^ _3170_/Q (sky130_fd_sc_hd__dfxtp_2)
                                                         result_data_w[1] (net)
                      0.029826    0.000000    0.339230 ^ _1507_/A1 (sky130_fd_sc_hd__o211a_2)
     1    0.001674    0.035997    0.154858    0.494088 ^ _1507_/X (sky130_fd_sc_hd__o211a_2)
                                                         _0022_ (net)
                      0.035997    0.000000    0.494088 ^ _2905_/D (sky130_fd_sc_hd__dfxtp_2)
                                              0.494088   data arrival time

                      0.150000    0.000000    0.000000   clock clk (rise edge)
                                  0.000000    0.000000   clock network delay (ideal)
                                  0.250000    0.250000   clock uncertainty
                                  0.000000    0.250000   clock reconvergence pessimism
                                              0.250000 ^ _2905_/CLK (sky130_fd_sc_hd__dfxtp_2)
                                 -0.015524    0.234476   library hold time
                                              0.234476   data required time
---------------------------------------------------------------------------------------------
                                              0.234476   data required time
                                             -0.494088   data arrival time
---------------------------------------------------------------------------------------------
                                              0.259613   slack (MET)


Startpoint: _3171_ (rising edge-triggered flip-flop clocked by clk)
Endpoint: _2906_ (rising edge-triggered flip-flop clocked by clk)
Path Group: clk
Path Type: min

Fanout         Cap        Slew       Delay        Time   Description
---------------------------------------------------------------------------------------------
                      0.150000    0.000000    0.000000   clock clk (rise edge)
                                  0.000000    0.000000   clock network delay (ideal)
                      0.150000    0.000000    0.000000 ^ _3171_/CLK (sky130_fd_sc_hd__dfxtp_2)
     1    0.002540    0.029826    0.339230    0.339230 ^ _3171_/Q (sky130_fd_sc_hd__dfxtp_2)
                                                         result_data_w[2] (net)
                      0.029826    0.000000    0.339230 ^ _1509_/A1 (sky130_fd_sc_hd__o211a_2)
     1    0.001674    0.035997    0.154858    0.494088 ^ _1509_/X (sky130_fd_sc_hd__o211a_2)
                                                         _0023_ (net)
                      0.035997    0.000000    0.494088 ^ _2906_/D (sky130_fd_sc_hd__dfxtp_2)
                                              0.494088   data arrival time

                      0.150000    0.000000    0.000000   clock clk (rise edge)
                                  0.000000    0.000000   clock network delay (ideal)
                                  0.250000    0.250000   clock uncertainty
                                  0.000000    0.250000   clock reconvergence pessimism
                                              0.250000 ^ _2906_/CLK (sky130_fd_sc_hd__dfxtp_2)
                                 -0.015524    0.234476   library hold time
                                              0.234476   data required time
---------------------------------------------------------------------------------------------
                                              0.234476   data required time
                                             -0.494088   data arrival time
---------------------------------------------------------------------------------------------
                                              0.259613   slack (MET)


Startpoint: _3172_ (rising edge-triggered flip-flop clocked by clk)
Endpoint: _2907_ (rising edge-triggered flip-flop clocked by clk)
Path Group: clk
Path Type: min

Fanout         Cap        Slew       Delay        Time   Description
---------------------------------------------------------------------------------------------
                      0.150000    0.000000    0.000000   clock clk (rise edge)
                                  0.000000    0.000000   clock network delay (ideal)
                      0.150000    0.000000    0.000000 ^ _3172_/CLK (sky130_fd_sc_hd__dfxtp_2)
     1    0.002540    0.029826    0.339230    0.339230 ^ _3172_/Q (sky130_fd_sc_hd__dfxtp_2)
                                                         result_data_w[3] (net)
                      0.029826    0.000000    0.339230 ^ _1511_/A1 (sky130_fd_sc_hd__o211a_2)
     1    0.001674    0.035997    0.154858    0.494088 ^ _1511_/X (sky130_fd_sc_hd__o211a_2)
                                                         _0024_ (net)
                      0.035997    0.000000    0.494088 ^ _2907_/D (sky130_fd_sc_hd__dfxtp_2)
                                              0.494088   data arrival time

                      0.150000    0.000000    0.000000   clock clk (rise edge)
                                  0.000000    0.000000   clock network delay (ideal)
                                  0.250000    0.250000   clock uncertainty
                                  0.000000    0.250000   clock reconvergence pessimism
                                              0.250000 ^ _2907_/CLK (sky130_fd_sc_hd__dfxtp_2)
                                 -0.015524    0.234476   library hold time
                                              0.234476   data required time
---------------------------------------------------------------------------------------------
                                              0.234476   data required time
                                             -0.494088   data arrival time
---------------------------------------------------------------------------------------------
                                              0.259613   slack (MET)


Startpoint: _3173_ (rising edge-triggered flip-flop clocked by clk)
Endpoint: _2908_ (rising edge-triggered flip-flop clocked by clk)
Path Group: clk
Path Type: min

Fanout         Cap        Slew       Delay        Time   Description
---------------------------------------------------------------------------------------------
                      0.150000    0.000000    0.000000   clock clk (rise edge)
                                  0.000000    0.000000   clock network delay (ideal)
                      0.150000    0.000000    0.000000 ^ _3173_/CLK (sky130_fd_sc_hd__dfxtp_2)
     1    0.002540    0.029826    0.339230    0.339230 ^ _3173_/Q (sky130_fd_sc_hd__dfxtp_2)
                                                         result_data_w[4] (net)
                      0.029826    0.000000    0.339230 ^ _1513_/A1 (sky130_fd_sc_hd__o211a_2)
     1    0.001674    0.035997    0.154858    0.494088 ^ _1513_/X (sky130_fd_sc_hd__o211a_2)
                                                         _0025_ (net)
                      0.035997    0.000000    0.494088 ^ _2908_/D (sky130_fd_sc_hd__dfxtp_2)
                                              0.494088   data arrival time

                      0.150000    0.000000    0.000000   clock clk (rise edge)
                                  0.000000    0.000000   clock network delay (ideal)
                                  0.250000    0.250000   clock uncertainty
                                  0.000000    0.250000   clock reconvergence pessimism
                                              0.250000 ^ _2908_/CLK (sky130_fd_sc_hd__dfxtp_2)
                                 -0.015524    0.234476   library hold time
                                              0.234476   data required time
---------------------------------------------------------------------------------------------
                                              0.234476   data required time
                                             -0.494088   data arrival time
---------------------------------------------------------------------------------------------
                                              0.259613   slack (MET)


Startpoint: _3174_ (rising edge-triggered flip-flop clocked by clk)
Endpoint: _2909_ (rising edge-triggered flip-flop clocked by clk)
Path Group: clk
Path Type: min

Fanout         Cap        Slew       Delay        Time   Description
---------------------------------------------------------------------------------------------
                      0.150000    0.000000    0.000000   clock clk (rise edge)
                                  0.000000    0.000000   clock network delay (ideal)
                      0.150000    0.000000    0.000000 ^ _3174_/CLK (sky130_fd_sc_hd__dfxtp_2)
     1    0.002540    0.029826    0.339230    0.339230 ^ _3174_/Q (sky130_fd_sc_hd__dfxtp_2)
                                                         result_data_w[5] (net)
                      0.029826    0.000000    0.339230 ^ _1515_/A1 (sky130_fd_sc_hd__o211a_2)
     1    0.001674    0.035997    0.154858    0.494088 ^ _1515_/X (sky130_fd_sc_hd__o211a_2)
                                                         _0026_ (net)
                      0.035997    0.000000    0.494088 ^ _2909_/D (sky130_fd_sc_hd__dfxtp_2)
                                              0.494088   data arrival time

                      0.150000    0.000000    0.000000   clock clk (rise edge)
                                  0.000000    0.000000   clock network delay (ideal)
                                  0.250000    0.250000   clock uncertainty
                                  0.000000    0.250000   clock reconvergence pessimism
                                              0.250000 ^ _2909_/CLK (sky130_fd_sc_hd__dfxtp_2)
                                 -0.015524    0.234476   library hold time
                                              0.234476   data required time
---------------------------------------------------------------------------------------------
                                              0.234476   data required time
                                             -0.494088   data arrival time
---------------------------------------------------------------------------------------------
                                              0.259613   slack (MET)


Startpoint: _3175_ (rising edge-triggered flip-flop clocked by clk)
Endpoint: _2910_ (rising edge-triggered flip-flop clocked by clk)
Path Group: clk
Path Type: min

Fanout         Cap        Slew       Delay        Time   Description
---------------------------------------------------------------------------------------------
                      0.150000    0.000000    0.000000   clock clk (rise edge)
                                  0.000000    0.000000   clock network delay (ideal)
                      0.150000    0.000000    0.000000 ^ _3175_/CLK (sky130_fd_sc_hd__dfxtp_2)
     1    0.002540    0.029826    0.339230    0.339230 ^ _3175_/Q (sky130_fd_sc_hd__dfxtp_2)
                                                         result_data_w[6] (net)
                      0.029826    0.000000    0.339230 ^ _1517_/A1 (sky130_fd_sc_hd__o211a_2)
     1    0.001674    0.035997    0.154858    0.494088 ^ _1517_/X (sky130_fd_sc_hd__o211a_2)
                                                         _0027_ (net)
                      0.035997    0.000000    0.494088 ^ _2910_/D (sky130_fd_sc_hd__dfxtp_2)
                                              0.494088   data arrival time

                      0.150000    0.000000    0.000000   clock clk (rise edge)
                                  0.000000    0.000000   clock network delay (ideal)
                                  0.250000    0.250000   clock uncertainty
                                  0.000000    0.250000   clock reconvergence pessimism
                                              0.250000 ^ _2910_/CLK (sky130_fd_sc_hd__dfxtp_2)
                                 -0.015524    0.234476   library hold time
                                              0.234476   data required time
---------------------------------------------------------------------------------------------
                                              0.234476   data required time
                                             -0.494088   data arrival time
---------------------------------------------------------------------------------------------
                                              0.259613   slack (MET)


Startpoint: _3176_ (rising edge-triggered flip-flop clocked by clk)
Endpoint: _2911_ (rising edge-triggered flip-flop clocked by clk)
Path Group: clk
Path Type: min

Fanout         Cap        Slew       Delay        Time   Description
---------------------------------------------------------------------------------------------
                      0.150000    0.000000    0.000000   clock clk (rise edge)
                                  0.000000    0.000000   clock network delay (ideal)
                      0.150000    0.000000    0.000000 ^ _3176_/CLK (sky130_fd_sc_hd__dfxtp_2)
     1    0.002540    0.029826    0.339230    0.339230 ^ _3176_/Q (sky130_fd_sc_hd__dfxtp_2)
                                                         result_data_w[7] (net)
                      0.029826    0.000000    0.339230 ^ _1519_/A1 (sky130_fd_sc_hd__o211a_2)
     1    0.001674    0.035997    0.154858    0.494088 ^ _1519_/X (sky130_fd_sc_hd__o211a_2)
                                                         _0028_ (net)
                      0.035997    0.000000    0.494088 ^ _2911_/D (sky130_fd_sc_hd__dfxtp_2)
                                              0.494088   data arrival time

                      0.150000    0.000000    0.000000   clock clk (rise edge)
                                  0.000000    0.000000   clock network delay (ideal)
                                  0.250000    0.250000   clock uncertainty
                                  0.000000    0.250000   clock reconvergence pessimism
                                              0.250000 ^ _2911_/CLK (sky130_fd_sc_hd__dfxtp_2)
                                 -0.015524    0.234476   library hold time
                                              0.234476   data required time
---------------------------------------------------------------------------------------------
                                              0.234476   data required time
                                             -0.494088   data arrival time
---------------------------------------------------------------------------------------------
                                              0.259613   slack (MET)


Startpoint: _3177_ (rising edge-triggered flip-flop clocked by clk)
Endpoint: _2912_ (rising edge-triggered flip-flop clocked by clk)
Path Group: clk
Path Type: min

Fanout         Cap        Slew       Delay        Time   Description
---------------------------------------------------------------------------------------------
                      0.150000    0.000000    0.000000   clock clk (rise edge)
                                  0.000000    0.000000   clock network delay (ideal)
                      0.150000    0.000000    0.000000 ^ _3177_/CLK (sky130_fd_sc_hd__dfxtp_2)
     1    0.002540    0.029826    0.339230    0.339230 ^ _3177_/Q (sky130_fd_sc_hd__dfxtp_2)
                                                         result_data_w[8] (net)
                      0.029826    0.000000    0.339230 ^ _1521_/A1 (sky130_fd_sc_hd__o211a_2)
     1    0.001674    0.035997    0.154858    0.494088 ^ _1521_/X (sky130_fd_sc_hd__o211a_2)
                                                         _0029_ (net)
                      0.035997    0.000000    0.494088 ^ _2912_/D (sky130_fd_sc_hd__dfxtp_2)
                                              0.494088   data arrival time

                      0.150000    0.000000    0.000000   clock clk (rise edge)
                                  0.000000    0.000000   clock network delay (ideal)
                                  0.250000    0.250000   clock uncertainty
                                  0.000000    0.250000   clock reconvergence pessimism
                                              0.250000 ^ _2912_/CLK (sky130_fd_sc_hd__dfxtp_2)
                                 -0.015524    0.234476   library hold time
                                              0.234476   data required time
---------------------------------------------------------------------------------------------
                                              0.234476   data required time
                                             -0.494088   data arrival time
---------------------------------------------------------------------------------------------
                                              0.259613   slack (MET)


Startpoint: _3178_ (rising edge-triggered flip-flop clocked by clk)
Endpoint: _2913_ (rising edge-triggered flip-flop clocked by clk)
Path Group: clk
Path Type: min

Fanout         Cap        Slew       Delay        Time   Description
---------------------------------------------------------------------------------------------
                      0.150000    0.000000    0.000000   clock clk (rise edge)
                                  0.000000    0.000000   clock network delay (ideal)
                      0.150000    0.000000    0.000000 ^ _3178_/CLK (sky130_fd_sc_hd__dfxtp_2)
     1    0.002540    0.029826    0.339230    0.339230 ^ _3178_/Q (sky130_fd_sc_hd__dfxtp_2)
                                                         result_data_w[9] (net)
                      0.029826    0.000000    0.339230 ^ _1523_/A1 (sky130_fd_sc_hd__o211a_2)
     1    0.001674    0.035997    0.154858    0.494088 ^ _1523_/X (sky130_fd_sc_hd__o211a_2)
                                                         _0030_ (net)
                      0.035997    0.000000    0.494088 ^ _2913_/D (sky130_fd_sc_hd__dfxtp_2)
                                              0.494088   data arrival time

                      0.150000    0.000000    0.000000   clock clk (rise edge)
                                  0.000000    0.000000   clock network delay (ideal)
                                  0.250000    0.250000   clock uncertainty
                                  0.000000    0.250000   clock reconvergence pessimism
                                              0.250000 ^ _2913_/CLK (sky130_fd_sc_hd__dfxtp_2)
                                 -0.015524    0.234476   library hold time
                                              0.234476   data required time
---------------------------------------------------------------------------------------------
                                              0.234476   data required time
                                             -0.494088   data arrival time
---------------------------------------------------------------------------------------------
                                              0.259613   slack (MET)


Startpoint: _3179_ (rising edge-triggered flip-flop clocked by clk)
Endpoint: _2914_ (rising edge-triggered flip-flop clocked by clk)
Path Group: clk
Path Type: min

Fanout         Cap        Slew       Delay        Time   Description
---------------------------------------------------------------------------------------------
                      0.150000    0.000000    0.000000   clock clk (rise edge)
                                  0.000000    0.000000   clock network delay (ideal)
                      0.150000    0.000000    0.000000 ^ _3179_/CLK (sky130_fd_sc_hd__dfxtp_2)
     1    0.002540    0.029826    0.339230    0.339230 ^ _3179_/Q (sky130_fd_sc_hd__dfxtp_2)
                                                         result_data_w[10] (net)
                      0.029826    0.000000    0.339230 ^ _1525_/A1 (sky130_fd_sc_hd__o211a_2)
     1    0.001674    0.035997    0.154858    0.494088 ^ _1525_/X (sky130_fd_sc_hd__o211a_2)
                                                         _0031_ (net)
                      0.035997    0.000000    0.494088 ^ _2914_/D (sky130_fd_sc_hd__dfxtp_2)
                                              0.494088   data arrival time

                      0.150000    0.000000    0.000000   clock clk (rise edge)
                                  0.000000    0.000000   clock network delay (ideal)
                                  0.250000    0.250000   clock uncertainty
                                  0.000000    0.250000   clock reconvergence pessimism
                                              0.250000 ^ _2914_/CLK (sky130_fd_sc_hd__dfxtp_2)
                                 -0.015524    0.234476   library hold time
                                              0.234476   data required time
---------------------------------------------------------------------------------------------
                                              0.234476   data required time
                                             -0.494088   data arrival time
---------------------------------------------------------------------------------------------
                                              0.259613   slack (MET)


Startpoint: _3180_ (rising edge-triggered flip-flop clocked by clk)
Endpoint: _2915_ (rising edge-triggered flip-flop clocked by clk)
Path Group: clk
Path Type: min

Fanout         Cap        Slew       Delay        Time   Description
---------------------------------------------------------------------------------------------
                      0.150000    0.000000    0.000000   clock clk (rise edge)
                                  0.000000    0.000000   clock network delay (ideal)
                      0.150000    0.000000    0.000000 ^ _3180_/CLK (sky130_fd_sc_hd__dfxtp_2)
     1    0.002540    0.029826    0.339230    0.339230 ^ _3180_/Q (sky130_fd_sc_hd__dfxtp_2)
                                                         result_data_w[11] (net)
                      0.029826    0.000000    0.339230 ^ _1527_/A1 (sky130_fd_sc_hd__o211a_2)
     1    0.001674    0.035997    0.154858    0.494088 ^ _1527_/X (sky130_fd_sc_hd__o211a_2)
                                                         _0032_ (net)
                      0.035997    0.000000    0.494088 ^ _2915_/D (sky130_fd_sc_hd__dfxtp_2)
                                              0.494088   data arrival time

                      0.150000    0.000000    0.000000   clock clk (rise edge)
                                  0.000000    0.000000   clock network delay (ideal)
                                  0.250000    0.250000   clock uncertainty
                                  0.000000    0.250000   clock reconvergence pessimism
                                              0.250000 ^ _2915_/CLK (sky130_fd_sc_hd__dfxtp_2)
                                 -0.015524    0.234476   library hold time
                                              0.234476   data required time
---------------------------------------------------------------------------------------------
                                              0.234476   data required time
                                             -0.494088   data arrival time
---------------------------------------------------------------------------------------------
                                              0.259613   slack (MET)


Startpoint: _3181_ (rising edge-triggered flip-flop clocked by clk)
Endpoint: _2916_ (rising edge-triggered flip-flop clocked by clk)
Path Group: clk
Path Type: min

Fanout         Cap        Slew       Delay        Time   Description
---------------------------------------------------------------------------------------------
                      0.150000    0.000000    0.000000   clock clk (rise edge)
                                  0.000000    0.000000   clock network delay (ideal)
                      0.150000    0.000000    0.000000 ^ _3181_/CLK (sky130_fd_sc_hd__dfxtp_2)
     1    0.002540    0.029826    0.339230    0.339230 ^ _3181_/Q (sky130_fd_sc_hd__dfxtp_2)
                                                         result_data_w[12] (net)
                      0.029826    0.000000    0.339230 ^ _1529_/A1 (sky130_fd_sc_hd__o211a_2)
     1    0.001674    0.035997    0.154858    0.494088 ^ _1529_/X (sky130_fd_sc_hd__o211a_2)
                                                         _0033_ (net)
                      0.035997    0.000000    0.494088 ^ _2916_/D (sky130_fd_sc_hd__dfxtp_2)
                                              0.494088   data arrival time

                      0.150000    0.000000    0.000000   clock clk (rise edge)
                                  0.000000    0.000000   clock network delay (ideal)
                                  0.250000    0.250000   clock uncertainty
                                  0.000000    0.250000   clock reconvergence pessimism
                                              0.250000 ^ _2916_/CLK (sky130_fd_sc_hd__dfxtp_2)
                                 -0.015524    0.234476   library hold time
                                              0.234476   data required time
---------------------------------------------------------------------------------------------
                                              0.234476   data required time
                                             -0.494088   data arrival time
---------------------------------------------------------------------------------------------
                                              0.259613   slack (MET)


Startpoint: _3182_ (rising edge-triggered flip-flop clocked by clk)
Endpoint: _2917_ (rising edge-triggered flip-flop clocked by clk)
Path Group: clk
Path Type: min

Fanout         Cap        Slew       Delay        Time   Description
---------------------------------------------------------------------------------------------
                      0.150000    0.000000    0.000000   clock clk (rise edge)
                                  0.000000    0.000000   clock network delay (ideal)
                      0.150000    0.000000    0.000000 ^ _3182_/CLK (sky130_fd_sc_hd__dfxtp_2)
     1    0.002540    0.029826    0.339230    0.339230 ^ _3182_/Q (sky130_fd_sc_hd__dfxtp_2)
                                                         result_data_w[13] (net)
                      0.029826    0.000000    0.339230 ^ _1531_/A1 (sky130_fd_sc_hd__o211a_2)
     1    0.001674    0.035997    0.154858    0.494088 ^ _1531_/X (sky130_fd_sc_hd__o211a_2)
                                                         _0034_ (net)
                      0.035997    0.000000    0.494088 ^ _2917_/D (sky130_fd_sc_hd__dfxtp_2)
                                              0.494088   data arrival time

                      0.150000    0.000000    0.000000   clock clk (rise edge)
                                  0.000000    0.000000   clock network delay (ideal)
                                  0.250000    0.250000   clock uncertainty
                                  0.000000    0.250000   clock reconvergence pessimism
                                              0.250000 ^ _2917_/CLK (sky130_fd_sc_hd__dfxtp_2)
                                 -0.015524    0.234476   library hold time
                                              0.234476   data required time
---------------------------------------------------------------------------------------------
                                              0.234476   data required time
                                             -0.494088   data arrival time
---------------------------------------------------------------------------------------------
                                              0.259613   slack (MET)


Startpoint: _3183_ (rising edge-triggered flip-flop clocked by clk)
Endpoint: _2918_ (rising edge-triggered flip-flop clocked by clk)
Path Group: clk
Path Type: min

Fanout         Cap        Slew       Delay        Time   Description
---------------------------------------------------------------------------------------------
                      0.150000    0.000000    0.000000   clock clk (rise edge)
                                  0.000000    0.000000   clock network delay (ideal)
                      0.150000    0.000000    0.000000 ^ _3183_/CLK (sky130_fd_sc_hd__dfxtp_2)
     1    0.002540    0.029826    0.339230    0.339230 ^ _3183_/Q (sky130_fd_sc_hd__dfxtp_2)
                                                         result_data_w[14] (net)
                      0.029826    0.000000    0.339230 ^ _1533_/A1 (sky130_fd_sc_hd__o211a_2)
     1    0.001674    0.035997    0.154858    0.494088 ^ _1533_/X (sky130_fd_sc_hd__o211a_2)
                                                         _0035_ (net)
                      0.035997    0.000000    0.494088 ^ _2918_/D (sky130_fd_sc_hd__dfxtp_2)
                                              0.494088   data arrival time

                      0.150000    0.000000    0.000000   clock clk (rise edge)
                                  0.000000    0.000000   clock network delay (ideal)
                                  0.250000    0.250000   clock uncertainty
                                  0.000000    0.250000   clock reconvergence pessimism
                                              0.250000 ^ _2918_/CLK (sky130_fd_sc_hd__dfxtp_2)
                                 -0.015524    0.234476   library hold time
                                              0.234476   data required time
---------------------------------------------------------------------------------------------
                                              0.234476   data required time
                                             -0.494088   data arrival time
---------------------------------------------------------------------------------------------
                                              0.259613   slack (MET)


Startpoint: _3184_ (rising edge-triggered flip-flop clocked by clk)
Endpoint: _2919_ (rising edge-triggered flip-flop clocked by clk)
Path Group: clk
Path Type: min

Fanout         Cap        Slew       Delay        Time   Description
---------------------------------------------------------------------------------------------
                      0.150000    0.000000    0.000000   clock clk (rise edge)
                                  0.000000    0.000000   clock network delay (ideal)
                      0.150000    0.000000    0.000000 ^ _3184_/CLK (sky130_fd_sc_hd__dfxtp_2)
     1    0.002540    0.029826    0.339230    0.339230 ^ _3184_/Q (sky130_fd_sc_hd__dfxtp_2)
                                                         result_data_w[15] (net)
                      0.029826    0.000000    0.339230 ^ _1535_/A1 (sky130_fd_sc_hd__o211a_2)
     1    0.001674    0.035997    0.154858    0.494088 ^ _1535_/X (sky130_fd_sc_hd__o211a_2)
                                                         _0036_ (net)
                      0.035997    0.000000    0.494088 ^ _2919_/D (sky130_fd_sc_hd__dfxtp_2)
                                              0.494088   data arrival time

                      0.150000    0.000000    0.000000   clock clk (rise edge)
                                  0.000000    0.000000   clock network delay (ideal)
                                  0.250000    0.250000   clock uncertainty
                                  0.000000    0.250000   clock reconvergence pessimism
                                              0.250000 ^ _2919_/CLK (sky130_fd_sc_hd__dfxtp_2)
                                 -0.015524    0.234476   library hold time
                                              0.234476   data required time
---------------------------------------------------------------------------------------------
                                              0.234476   data required time
                                             -0.494088   data arrival time
---------------------------------------------------------------------------------------------
                                              0.259613   slack (MET)


Startpoint: _3185_ (rising edge-triggered flip-flop clocked by clk)
Endpoint: _2920_ (rising edge-triggered flip-flop clocked by clk)
Path Group: clk
Path Type: min

Fanout         Cap        Slew       Delay        Time   Description
---------------------------------------------------------------------------------------------
                      0.150000    0.000000    0.000000   clock clk (rise edge)
                                  0.000000    0.000000   clock network delay (ideal)
                      0.150000    0.000000    0.000000 ^ _3185_/CLK (sky130_fd_sc_hd__dfxtp_2)
     1    0.002540    0.029826    0.339230    0.339230 ^ _3185_/Q (sky130_fd_sc_hd__dfxtp_2)
                                                         result_data_w[16] (net)
                      0.029826    0.000000    0.339230 ^ _1537_/A1 (sky130_fd_sc_hd__o211a_2)
     1    0.001674    0.035997    0.154858    0.494088 ^ _1537_/X (sky130_fd_sc_hd__o211a_2)
                                                         _0037_ (net)
                      0.035997    0.000000    0.494088 ^ _2920_/D (sky130_fd_sc_hd__dfxtp_2)
                                              0.494088   data arrival time

                      0.150000    0.000000    0.000000   clock clk (rise edge)
                                  0.000000    0.000000   clock network delay (ideal)
                                  0.250000    0.250000   clock uncertainty
                                  0.000000    0.250000   clock reconvergence pessimism
                                              0.250000 ^ _2920_/CLK (sky130_fd_sc_hd__dfxtp_2)
                                 -0.015524    0.234476   library hold time
                                              0.234476   data required time
---------------------------------------------------------------------------------------------
                                              0.234476   data required time
                                             -0.494088   data arrival time
---------------------------------------------------------------------------------------------
                                              0.259613   slack (MET)


Startpoint: _3186_ (rising edge-triggered flip-flop clocked by clk)
Endpoint: _2921_ (rising edge-triggered flip-flop clocked by clk)
Path Group: clk
Path Type: min

Fanout         Cap        Slew       Delay        Time   Description
---------------------------------------------------------------------------------------------
                      0.150000    0.000000    0.000000   clock clk (rise edge)
                                  0.000000    0.000000   clock network delay (ideal)
                      0.150000    0.000000    0.000000 ^ _3186_/CLK (sky130_fd_sc_hd__dfxtp_2)
     1    0.002540    0.029826    0.339230    0.339230 ^ _3186_/Q (sky130_fd_sc_hd__dfxtp_2)
                                                         result_data_w[17] (net)
                      0.029826    0.000000    0.339230 ^ _1539_/A1 (sky130_fd_sc_hd__o211a_2)
     1    0.001674    0.035997    0.154858    0.494088 ^ _1539_/X (sky130_fd_sc_hd__o211a_2)
                                                         _0038_ (net)
                      0.035997    0.000000    0.494088 ^ _2921_/D (sky130_fd_sc_hd__dfxtp_2)
                                              0.494088   data arrival time

                      0.150000    0.000000    0.000000   clock clk (rise edge)
                                  0.000000    0.000000   clock network delay (ideal)
                                  0.250000    0.250000   clock uncertainty
                                  0.000000    0.250000   clock reconvergence pessimism
                                              0.250000 ^ _2921_/CLK (sky130_fd_sc_hd__dfxtp_2)
                                 -0.015524    0.234476   library hold time
                                              0.234476   data required time
---------------------------------------------------------------------------------------------
                                              0.234476   data required time
                                             -0.494088   data arrival time
---------------------------------------------------------------------------------------------
                                              0.259613   slack (MET)


Startpoint: _3187_ (rising edge-triggered flip-flop clocked by clk)
Endpoint: _2922_ (rising edge-triggered flip-flop clocked by clk)
Path Group: clk
Path Type: min

Fanout         Cap        Slew       Delay        Time   Description
---------------------------------------------------------------------------------------------
                      0.150000    0.000000    0.000000   clock clk (rise edge)
                                  0.000000    0.000000   clock network delay (ideal)
                      0.150000    0.000000    0.000000 ^ _3187_/CLK (sky130_fd_sc_hd__dfxtp_2)
     1    0.002540    0.029826    0.339230    0.339230 ^ _3187_/Q (sky130_fd_sc_hd__dfxtp_2)
                                                         result_data_w[18] (net)
                      0.029826    0.000000    0.339230 ^ _1541_/A1 (sky130_fd_sc_hd__o211a_2)
     1    0.001674    0.035997    0.154858    0.494088 ^ _1541_/X (sky130_fd_sc_hd__o211a_2)
                                                         _0039_ (net)
                      0.035997    0.000000    0.494088 ^ _2922_/D (sky130_fd_sc_hd__dfxtp_2)
                                              0.494088   data arrival time

                      0.150000    0.000000    0.000000   clock clk (rise edge)
                                  0.000000    0.000000   clock network delay (ideal)
                                  0.250000    0.250000   clock uncertainty
                                  0.000000    0.250000   clock reconvergence pessimism
                                              0.250000 ^ _2922_/CLK (sky130_fd_sc_hd__dfxtp_2)
                                 -0.015524    0.234476   library hold time
                                              0.234476   data required time
---------------------------------------------------------------------------------------------
                                              0.234476   data required time
                                             -0.494088   data arrival time
---------------------------------------------------------------------------------------------
                                              0.259613   slack (MET)


Startpoint: _3188_ (rising edge-triggered flip-flop clocked by clk)
Endpoint: _2923_ (rising edge-triggered flip-flop clocked by clk)
Path Group: clk
Path Type: min

Fanout         Cap        Slew       Delay        Time   Description
---------------------------------------------------------------------------------------------
                      0.150000    0.000000    0.000000   clock clk (rise edge)
                                  0.000000    0.000000   clock network delay (ideal)
                      0.150000    0.000000    0.000000 ^ _3188_/CLK (sky130_fd_sc_hd__dfxtp_2)
     1    0.002540    0.029826    0.339230    0.339230 ^ _3188_/Q (sky130_fd_sc_hd__dfxtp_2)
                                                         result_data_w[19] (net)
                      0.029826    0.000000    0.339230 ^ _1543_/A1 (sky130_fd_sc_hd__o211a_2)
     1    0.001674    0.035997    0.154858    0.494088 ^ _1543_/X (sky130_fd_sc_hd__o211a_2)
                                                         _0040_ (net)
                      0.035997    0.000000    0.494088 ^ _2923_/D (sky130_fd_sc_hd__dfxtp_2)
                                              0.494088   data arrival time

                      0.150000    0.000000    0.000000   clock clk (rise edge)
                                  0.000000    0.000000   clock network delay (ideal)
                                  0.250000    0.250000   clock uncertainty
                                  0.000000    0.250000   clock reconvergence pessimism
                                              0.250000 ^ _2923_/CLK (sky130_fd_sc_hd__dfxtp_2)
                                 -0.015524    0.234476   library hold time
                                              0.234476   data required time
---------------------------------------------------------------------------------------------
                                              0.234476   data required time
                                             -0.494088   data arrival time
---------------------------------------------------------------------------------------------
                                              0.259613   slack (MET)


Startpoint: _3189_ (rising edge-triggered flip-flop clocked by clk)
Endpoint: _2924_ (rising edge-triggered flip-flop clocked by clk)
Path Group: clk
Path Type: min

Fanout         Cap        Slew       Delay        Time   Description
---------------------------------------------------------------------------------------------
                      0.150000    0.000000    0.000000   clock clk (rise edge)
                                  0.000000    0.000000   clock network delay (ideal)
                      0.150000    0.000000    0.000000 ^ _3189_/CLK (sky130_fd_sc_hd__dfxtp_2)
     1    0.002540    0.029826    0.339230    0.339230 ^ _3189_/Q (sky130_fd_sc_hd__dfxtp_2)
                                                         result_data_w[20] (net)
                      0.029826    0.000000    0.339230 ^ _1545_/A1 (sky130_fd_sc_hd__o211a_2)
     1    0.001674    0.035997    0.154858    0.494088 ^ _1545_/X (sky130_fd_sc_hd__o211a_2)
                                                         _0041_ (net)
                      0.035997    0.000000    0.494088 ^ _2924_/D (sky130_fd_sc_hd__dfxtp_2)
                                              0.494088   data arrival time

                      0.150000    0.000000    0.000000   clock clk (rise edge)
                                  0.000000    0.000000   clock network delay (ideal)
                                  0.250000    0.250000   clock uncertainty
                                  0.000000    0.250000   clock reconvergence pessimism
                                              0.250000 ^ _2924_/CLK (sky130_fd_sc_hd__dfxtp_2)
                                 -0.015524    0.234476   library hold time
                                              0.234476   data required time
---------------------------------------------------------------------------------------------
                                              0.234476   data required time
                                             -0.494088   data arrival time
---------------------------------------------------------------------------------------------
                                              0.259613   slack (MET)


Startpoint: _3190_ (rising edge-triggered flip-flop clocked by clk)
Endpoint: _2925_ (rising edge-triggered flip-flop clocked by clk)
Path Group: clk
Path Type: min

Fanout         Cap        Slew       Delay        Time   Description
---------------------------------------------------------------------------------------------
                      0.150000    0.000000    0.000000   clock clk (rise edge)
                                  0.000000    0.000000   clock network delay (ideal)
                      0.150000    0.000000    0.000000 ^ _3190_/CLK (sky130_fd_sc_hd__dfxtp_2)
     1    0.002540    0.029826    0.339230    0.339230 ^ _3190_/Q (sky130_fd_sc_hd__dfxtp_2)
                                                         result_data_w[21] (net)
                      0.029826    0.000000    0.339230 ^ _1547_/A1 (sky130_fd_sc_hd__o211a_2)
     1    0.001674    0.035997    0.154858    0.494088 ^ _1547_/X (sky130_fd_sc_hd__o211a_2)
                                                         _0042_ (net)
                      0.035997    0.000000    0.494088 ^ _2925_/D (sky130_fd_sc_hd__dfxtp_2)
                                              0.494088   data arrival time

                      0.150000    0.000000    0.000000   clock clk (rise edge)
                                  0.000000    0.000000   clock network delay (ideal)
                                  0.250000    0.250000   clock uncertainty
                                  0.000000    0.250000   clock reconvergence pessimism
                                              0.250000 ^ _2925_/CLK (sky130_fd_sc_hd__dfxtp_2)
                                 -0.015524    0.234476   library hold time
                                              0.234476   data required time
---------------------------------------------------------------------------------------------
                                              0.234476   data required time
                                             -0.494088   data arrival time
---------------------------------------------------------------------------------------------
                                              0.259613   slack (MET)


Startpoint: _3191_ (rising edge-triggered flip-flop clocked by clk)
Endpoint: _2926_ (rising edge-triggered flip-flop clocked by clk)
Path Group: clk
Path Type: min

Fanout         Cap        Slew       Delay        Time   Description
---------------------------------------------------------------------------------------------
                      0.150000    0.000000    0.000000   clock clk (rise edge)
                                  0.000000    0.000000   clock network delay (ideal)
                      0.150000    0.000000    0.000000 ^ _3191_/CLK (sky130_fd_sc_hd__dfxtp_2)
     1    0.002540    0.029826    0.339230    0.339230 ^ _3191_/Q (sky130_fd_sc_hd__dfxtp_2)
                                                         result_data_w[22] (net)
                      0.029826    0.000000    0.339230 ^ _1549_/A1 (sky130_fd_sc_hd__o211a_2)
     1    0.001674    0.035997    0.154858    0.494088 ^ _1549_/X (sky130_fd_sc_hd__o211a_2)
                                                         _0043_ (net)
                      0.035997    0.000000    0.494088 ^ _2926_/D (sky130_fd_sc_hd__dfxtp_2)
                                              0.494088   data arrival time

                      0.150000    0.000000    0.000000   clock clk (rise edge)
                                  0.000000    0.000000   clock network delay (ideal)
                                  0.250000    0.250000   clock uncertainty
                                  0.000000    0.250000   clock reconvergence pessimism
                                              0.250000 ^ _2926_/CLK (sky130_fd_sc_hd__dfxtp_2)
                                 -0.015524    0.234476   library hold time
                                              0.234476   data required time
---------------------------------------------------------------------------------------------
                                              0.234476   data required time
                                             -0.494088   data arrival time
---------------------------------------------------------------------------------------------
                                              0.259613   slack (MET)


Startpoint: _3192_ (rising edge-triggered flip-flop clocked by clk)
Endpoint: _2927_ (rising edge-triggered flip-flop clocked by clk)
Path Group: clk
Path Type: min

Fanout         Cap        Slew       Delay        Time   Description
---------------------------------------------------------------------------------------------
                      0.150000    0.000000    0.000000   clock clk (rise edge)
                                  0.000000    0.000000   clock network delay (ideal)
                      0.150000    0.000000    0.000000 ^ _3192_/CLK (sky130_fd_sc_hd__dfxtp_2)
     1    0.002540    0.029826    0.339230    0.339230 ^ _3192_/Q (sky130_fd_sc_hd__dfxtp_2)
                                                         result_data_w[23] (net)
                      0.029826    0.000000    0.339230 ^ _1551_/A1 (sky130_fd_sc_hd__o211a_2)
     1    0.001674    0.035997    0.154858    0.494088 ^ _1551_/X (sky130_fd_sc_hd__o211a_2)
                                                         _0044_ (net)
                      0.035997    0.000000    0.494088 ^ _2927_/D (sky130_fd_sc_hd__dfxtp_2)
                                              0.494088   data arrival time

                      0.150000    0.000000    0.000000   clock clk (rise edge)
                                  0.000000    0.000000   clock network delay (ideal)
                                  0.250000    0.250000   clock uncertainty
                                  0.000000    0.250000   clock reconvergence pessimism
                                              0.250000 ^ _2927_/CLK (sky130_fd_sc_hd__dfxtp_2)
                                 -0.015524    0.234476   library hold time
                                              0.234476   data required time
---------------------------------------------------------------------------------------------
                                              0.234476   data required time
                                             -0.494088   data arrival time
---------------------------------------------------------------------------------------------
                                              0.259613   slack (MET)


Startpoint: _3193_ (rising edge-triggered flip-flop clocked by clk)
Endpoint: _2928_ (rising edge-triggered flip-flop clocked by clk)
Path Group: clk
Path Type: min

Fanout         Cap        Slew       Delay        Time   Description
---------------------------------------------------------------------------------------------
                      0.150000    0.000000    0.000000   clock clk (rise edge)
                                  0.000000    0.000000   clock network delay (ideal)
                      0.150000    0.000000    0.000000 ^ _3193_/CLK (sky130_fd_sc_hd__dfxtp_2)
     1    0.002540    0.029826    0.339230    0.339230 ^ _3193_/Q (sky130_fd_sc_hd__dfxtp_2)
                                                         result_data_w[24] (net)
                      0.029826    0.000000    0.339230 ^ _1553_/A1 (sky130_fd_sc_hd__o211a_2)
     1    0.001674    0.035997    0.154858    0.494088 ^ _1553_/X (sky130_fd_sc_hd__o211a_2)
                                                         _0045_ (net)
                      0.035997    0.000000    0.494088 ^ _2928_/D (sky130_fd_sc_hd__dfxtp_2)
                                              0.494088   data arrival time

                      0.150000    0.000000    0.000000   clock clk (rise edge)
                                  0.000000    0.000000   clock network delay (ideal)
                                  0.250000    0.250000   clock uncertainty
                                  0.000000    0.250000   clock reconvergence pessimism
                                              0.250000 ^ _2928_/CLK (sky130_fd_sc_hd__dfxtp_2)
                                 -0.015524    0.234476   library hold time
                                              0.234476   data required time
---------------------------------------------------------------------------------------------
                                              0.234476   data required time
                                             -0.494088   data arrival time
---------------------------------------------------------------------------------------------
                                              0.259613   slack (MET)


Startpoint: _3194_ (rising edge-triggered flip-flop clocked by clk)
Endpoint: _2929_ (rising edge-triggered flip-flop clocked by clk)
Path Group: clk
Path Type: min

Fanout         Cap        Slew       Delay        Time   Description
---------------------------------------------------------------------------------------------
                      0.150000    0.000000    0.000000   clock clk (rise edge)
                                  0.000000    0.000000   clock network delay (ideal)
                      0.150000    0.000000    0.000000 ^ _3194_/CLK (sky130_fd_sc_hd__dfxtp_2)
     1    0.002540    0.029826    0.339230    0.339230 ^ _3194_/Q (sky130_fd_sc_hd__dfxtp_2)
                                                         result_data_w[25] (net)
                      0.029826    0.000000    0.339230 ^ _1555_/A1 (sky130_fd_sc_hd__o211a_2)
     1    0.001674    0.035997    0.154858    0.494088 ^ _1555_/X (sky130_fd_sc_hd__o211a_2)
                                                         _0046_ (net)
                      0.035997    0.000000    0.494088 ^ _2929_/D (sky130_fd_sc_hd__dfxtp_2)
                                              0.494088   data arrival time

                      0.150000    0.000000    0.000000   clock clk (rise edge)
                                  0.000000    0.000000   clock network delay (ideal)
                                  0.250000    0.250000   clock uncertainty
                                  0.000000    0.250000   clock reconvergence pessimism
                                              0.250000 ^ _2929_/CLK (sky130_fd_sc_hd__dfxtp_2)
                                 -0.015524    0.234476   library hold time
                                              0.234476   data required time
---------------------------------------------------------------------------------------------
                                              0.234476   data required time
                                             -0.494088   data arrival time
---------------------------------------------------------------------------------------------
                                              0.259613   slack (MET)


Startpoint: _3195_ (rising edge-triggered flip-flop clocked by clk)
Endpoint: _2930_ (rising edge-triggered flip-flop clocked by clk)
Path Group: clk
Path Type: min

Fanout         Cap        Slew       Delay        Time   Description
---------------------------------------------------------------------------------------------
                      0.150000    0.000000    0.000000   clock clk (rise edge)
                                  0.000000    0.000000   clock network delay (ideal)
                      0.150000    0.000000    0.000000 ^ _3195_/CLK (sky130_fd_sc_hd__dfxtp_2)
     1    0.002540    0.029826    0.339230    0.339230 ^ _3195_/Q (sky130_fd_sc_hd__dfxtp_2)
                                                         result_data_w[26] (net)
                      0.029826    0.000000    0.339230 ^ _1557_/A1 (sky130_fd_sc_hd__o211a_2)
     1    0.001674    0.035997    0.154858    0.494088 ^ _1557_/X (sky130_fd_sc_hd__o211a_2)
                                                         _0047_ (net)
                      0.035997    0.000000    0.494088 ^ _2930_/D (sky130_fd_sc_hd__dfxtp_2)
                                              0.494088   data arrival time

                      0.150000    0.000000    0.000000   clock clk (rise edge)
                                  0.000000    0.000000   clock network delay (ideal)
                                  0.250000    0.250000   clock uncertainty
                                  0.000000    0.250000   clock reconvergence pessimism
                                              0.250000 ^ _2930_/CLK (sky130_fd_sc_hd__dfxtp_2)
                                 -0.015524    0.234476   library hold time
                                              0.234476   data required time
---------------------------------------------------------------------------------------------
                                              0.234476   data required time
                                             -0.494088   data arrival time
---------------------------------------------------------------------------------------------
                                              0.259613   slack (MET)


Startpoint: _3196_ (rising edge-triggered flip-flop clocked by clk)
Endpoint: _2931_ (rising edge-triggered flip-flop clocked by clk)
Path Group: clk
Path Type: min

Fanout         Cap        Slew       Delay        Time   Description
---------------------------------------------------------------------------------------------
                      0.150000    0.000000    0.000000   clock clk (rise edge)
                                  0.000000    0.000000   clock network delay (ideal)
                      0.150000    0.000000    0.000000 ^ _3196_/CLK (sky130_fd_sc_hd__dfxtp_2)
     1    0.002540    0.029826    0.339230    0.339230 ^ _3196_/Q (sky130_fd_sc_hd__dfxtp_2)
                                                         result_data_w[27] (net)
                      0.029826    0.000000    0.339230 ^ _1559_/A1 (sky130_fd_sc_hd__o211a_2)
     1    0.001674    0.035997    0.154858    0.494088 ^ _1559_/X (sky130_fd_sc_hd__o211a_2)
                                                         _0048_ (net)
                      0.035997    0.000000    0.494088 ^ _2931_/D (sky130_fd_sc_hd__dfxtp_2)
                                              0.494088   data arrival time

                      0.150000    0.000000    0.000000   clock clk (rise edge)
                                  0.000000    0.000000   clock network delay (ideal)
                                  0.250000    0.250000   clock uncertainty
                                  0.000000    0.250000   clock reconvergence pessimism
                                              0.250000 ^ _2931_/CLK (sky130_fd_sc_hd__dfxtp_2)
                                 -0.015524    0.234476   library hold time
                                              0.234476   data required time
---------------------------------------------------------------------------------------------
                                              0.234476   data required time
                                             -0.494088   data arrival time
---------------------------------------------------------------------------------------------
                                              0.259613   slack (MET)


Startpoint: _3197_ (rising edge-triggered flip-flop clocked by clk)
Endpoint: _2932_ (rising edge-triggered flip-flop clocked by clk)
Path Group: clk
Path Type: min

Fanout         Cap        Slew       Delay        Time   Description
---------------------------------------------------------------------------------------------
                      0.150000    0.000000    0.000000   clock clk (rise edge)
                                  0.000000    0.000000   clock network delay (ideal)
                      0.150000    0.000000    0.000000 ^ _3197_/CLK (sky130_fd_sc_hd__dfxtp_2)
     1    0.002540    0.029826    0.339230    0.339230 ^ _3197_/Q (sky130_fd_sc_hd__dfxtp_2)
                                                         result_data_w[28] (net)
                      0.029826    0.000000    0.339230 ^ _1561_/A1 (sky130_fd_sc_hd__o211a_2)
     1    0.001674    0.035997    0.154858    0.494088 ^ _1561_/X (sky130_fd_sc_hd__o211a_2)
                                                         _0049_ (net)
                      0.035997    0.000000    0.494088 ^ _2932_/D (sky130_fd_sc_hd__dfxtp_2)
                                              0.494088   data arrival time

                      0.150000    0.000000    0.000000   clock clk (rise edge)
                                  0.000000    0.000000   clock network delay (ideal)
                                  0.250000    0.250000   clock uncertainty
                                  0.000000    0.250000   clock reconvergence pessimism
                                              0.250000 ^ _2932_/CLK (sky130_fd_sc_hd__dfxtp_2)
                                 -0.015524    0.234476   library hold time
                                              0.234476   data required time
---------------------------------------------------------------------------------------------
                                              0.234476   data required time
                                             -0.494088   data arrival time
---------------------------------------------------------------------------------------------
                                              0.259613   slack (MET)


Startpoint: _3198_ (rising edge-triggered flip-flop clocked by clk)
Endpoint: _2933_ (rising edge-triggered flip-flop clocked by clk)
Path Group: clk
Path Type: min

Fanout         Cap        Slew       Delay        Time   Description
---------------------------------------------------------------------------------------------
                      0.150000    0.000000    0.000000   clock clk (rise edge)
                                  0.000000    0.000000   clock network delay (ideal)
                      0.150000    0.000000    0.000000 ^ _3198_/CLK (sky130_fd_sc_hd__dfxtp_2)
     1    0.002540    0.029826    0.339230    0.339230 ^ _3198_/Q (sky130_fd_sc_hd__dfxtp_2)
                                                         result_data_w[29] (net)
                      0.029826    0.000000    0.339230 ^ _1563_/A1 (sky130_fd_sc_hd__o211a_2)
     1    0.001674    0.035997    0.154858    0.494088 ^ _1563_/X (sky130_fd_sc_hd__o211a_2)
                                                         _0050_ (net)
                      0.035997    0.000000    0.494088 ^ _2933_/D (sky130_fd_sc_hd__dfxtp_2)
                                              0.494088   data arrival time

                      0.150000    0.000000    0.000000   clock clk (rise edge)
                                  0.000000    0.000000   clock network delay (ideal)
                                  0.250000    0.250000   clock uncertainty
                                  0.000000    0.250000   clock reconvergence pessimism
                                              0.250000 ^ _2933_/CLK (sky130_fd_sc_hd__dfxtp_2)
                                 -0.015524    0.234476   library hold time
                                              0.234476   data required time
---------------------------------------------------------------------------------------------
                                              0.234476   data required time
                                             -0.494088   data arrival time
---------------------------------------------------------------------------------------------
                                              0.259613   slack (MET)


Startpoint: _3199_ (rising edge-triggered flip-flop clocked by clk)
Endpoint: _2934_ (rising edge-triggered flip-flop clocked by clk)
Path Group: clk
Path Type: min

Fanout         Cap        Slew       Delay        Time   Description
---------------------------------------------------------------------------------------------
                      0.150000    0.000000    0.000000   clock clk (rise edge)
                                  0.000000    0.000000   clock network delay (ideal)
                      0.150000    0.000000    0.000000 ^ _3199_/CLK (sky130_fd_sc_hd__dfxtp_2)
     1    0.002540    0.029826    0.339230    0.339230 ^ _3199_/Q (sky130_fd_sc_hd__dfxtp_2)
                                                         result_data_w[30] (net)
                      0.029826    0.000000    0.339230 ^ _1565_/A1 (sky130_fd_sc_hd__o211a_2)
     1    0.001674    0.035997    0.154858    0.494088 ^ _1565_/X (sky130_fd_sc_hd__o211a_2)
                                                         _0051_ (net)
                      0.035997    0.000000    0.494088 ^ _2934_/D (sky130_fd_sc_hd__dfxtp_2)
                                              0.494088   data arrival time

                      0.150000    0.000000    0.000000   clock clk (rise edge)
                                  0.000000    0.000000   clock network delay (ideal)
                                  0.250000    0.250000   clock uncertainty
                                  0.000000    0.250000   clock reconvergence pessimism
                                              0.250000 ^ _2934_/CLK (sky130_fd_sc_hd__dfxtp_2)
                                 -0.015524    0.234476   library hold time
                                              0.234476   data required time
---------------------------------------------------------------------------------------------
                                              0.234476   data required time
                                             -0.494088   data arrival time
---------------------------------------------------------------------------------------------
                                              0.259613   slack (MET)


Startpoint: _3200_ (rising edge-triggered flip-flop clocked by clk)
Endpoint: _2935_ (rising edge-triggered flip-flop clocked by clk)
Path Group: clk
Path Type: min

Fanout         Cap        Slew       Delay        Time   Description
---------------------------------------------------------------------------------------------
                      0.150000    0.000000    0.000000   clock clk (rise edge)
                                  0.000000    0.000000   clock network delay (ideal)
                      0.150000    0.000000    0.000000 ^ _3200_/CLK (sky130_fd_sc_hd__dfxtp_2)
     1    0.002540    0.029826    0.339230    0.339230 ^ _3200_/Q (sky130_fd_sc_hd__dfxtp_2)
                                                         result_data_w[31] (net)
                      0.029826    0.000000    0.339230 ^ _1567_/A1 (sky130_fd_sc_hd__o211a_2)
     1    0.001674    0.035997    0.154858    0.494088 ^ _1567_/X (sky130_fd_sc_hd__o211a_2)
                                                         _0052_ (net)
                      0.035997    0.000000    0.494088 ^ _2935_/D (sky130_fd_sc_hd__dfxtp_2)
                                              0.494088   data arrival time

                      0.150000    0.000000    0.000000   clock clk (rise edge)
                                  0.000000    0.000000   clock network delay (ideal)
                                  0.250000    0.250000   clock uncertainty
                                  0.000000    0.250000   clock reconvergence pessimism
                                              0.250000 ^ _2935_/CLK (sky130_fd_sc_hd__dfxtp_2)
                                 -0.015524    0.234476   library hold time
                                              0.234476   data required time
---------------------------------------------------------------------------------------------
                                              0.234476   data required time
                                             -0.494088   data arrival time
---------------------------------------------------------------------------------------------
                                              0.259613   slack (MET)


Startpoint: _2891_ (rising edge-triggered flip-flop clocked by clk)
Endpoint: _2891_ (rising edge-triggered flip-flop clocked by clk)
Path Group: clk
Path Type: min

Fanout         Cap        Slew       Delay        Time   Description
---------------------------------------------------------------------------------------------
                      0.150000    0.000000    0.000000   clock clk (rise edge)
                                  0.000000    0.000000   clock network delay (ideal)
                      0.150000    0.000000    0.000000 ^ _2891_/CLK (sky130_fd_sc_hd__dfxtp_2)
     3    0.010753    0.066728    0.371502    0.371502 ^ _2891_/Q (sky130_fd_sc_hd__dfxtp_2)
                                                         w_load_cnt[0] (net)
                      0.066728    0.000000    0.371502 ^ _1479_/B1 (sky130_fd_sc_hd__a21oi_2)
     1    0.004002    0.027411    0.035873    0.407375 v _1479_/Y (sky130_fd_sc_hd__a21oi_2)
                                                         _1274_ (net)
                      0.027411    0.000000    0.407375 v _1480_/C (sky130_fd_sc_hd__nor3_2)
     1    0.001674    0.095029    0.075111    0.482486 ^ _1480_/Y (sky130_fd_sc_hd__nor3_2)
                                                         _0008_ (net)
                      0.095029    0.000000    0.482486 ^ _2891_/D (sky130_fd_sc_hd__dfxtp_2)
                                              0.482486   data arrival time

                      0.150000    0.000000    0.000000   clock clk (rise edge)
                                  0.000000    0.000000   clock network delay (ideal)
                                  0.250000    0.250000   clock uncertainty
                                  0.000000    0.250000   clock reconvergence pessimism
                                              0.250000 ^ _2891_/CLK (sky130_fd_sc_hd__dfxtp_2)
                                 -0.027593    0.222407   library hold time
                                              0.222407   data required time
---------------------------------------------------------------------------------------------
                                              0.222407   data required time
                                             -0.482486   data arrival time
---------------------------------------------------------------------------------------------
                                              0.260079   slack (MET)


Startpoint: _3166_ (rising edge-triggered flip-flop clocked by clk)
Endpoint: _3166_ (rising edge-triggered flip-flop clocked by clk)
Path Group: clk
Path Type: min

Fanout         Cap        Slew       Delay        Time   Description
---------------------------------------------------------------------------------------------
                      0.150000    0.000000    0.000000   clock clk (rise edge)
                                  0.000000    0.000000   clock network delay (ideal)
                      0.150000    0.000000    0.000000 ^ _3166_/CLK (sky130_fd_sc_hd__dfxtp_2)
     3    0.007029    0.033068    0.351001    0.351001 v _3166_/Q (sky130_fd_sc_hd__dfxtp_2)
                                                         u_core.pe_array[0].u_pe.tap_count[1] (net)
                      0.033068    0.000000    0.351001 v _2845_/B1 (sky130_fd_sc_hd__a21oi_2)
     1    0.004675    0.091204    0.102519    0.453520 ^ _2845_/Y (sky130_fd_sc_hd__a21oi_2)
                                                         _1242_ (net)
                      0.091204    0.000000    0.453520 ^ _2847_/B (sky130_fd_sc_hd__nor3_2)
     1    0.001681    0.022658    0.046579    0.500098 v _2847_/Y (sky130_fd_sc_hd__nor3_2)
                                                         _0280_ (net)
                      0.022658    0.000000    0.500098 v _3166_/D (sky130_fd_sc_hd__dfxtp_2)
                                              0.500098   data arrival time

                      0.150000    0.000000    0.000000   clock clk (rise edge)
                                  0.000000    0.000000   clock network delay (ideal)
                                  0.250000    0.250000   clock uncertainty
                                  0.000000    0.250000   clock reconvergence pessimism
                                              0.250000 ^ _3166_/CLK (sky130_fd_sc_hd__dfxtp_2)
                                 -0.013487    0.236513   library hold time
                                              0.236513   data required time
---------------------------------------------------------------------------------------------
                                              0.236513   data required time
                                             -0.500098   data arrival time
---------------------------------------------------------------------------------------------
                                              0.263586   slack (MET)


Startpoint: _2937_ (rising edge-triggered flip-flop clocked by clk)
Endpoint: _2937_ (rising edge-triggered flip-flop clocked by clk)
Path Group: clk
Path Type: min

Fanout         Cap        Slew       Delay        Time   Description
---------------------------------------------------------------------------------------------
                      0.150000    0.000000    0.000000   clock clk (rise edge)
                                  0.000000    0.000000   clock network delay (ideal)
                      0.150000    0.000000    0.000000 ^ _2937_/CLK (sky130_fd_sc_hd__dfxtp_2)
     5    0.016133    0.092159    0.390613    0.390613 ^ _2937_/Q (sky130_fd_sc_hd__dfxtp_2)
                                                         state[0] (net)
                      0.092159    0.000000    0.390613 ^ _1459_/A1 (sky130_fd_sc_hd__a21o_2)
     1    0.001674    0.025374    0.115811    0.506424 ^ _1459_/X (sky130_fd_sc_hd__a21o_2)
                                                         _0000_ (net)
                      0.025374    0.000000    0.506424 ^ _2937_/D (sky130_fd_sc_hd__dfxtp_2)
                                              0.506424   data arrival time

                      0.150000    0.000000    0.000000   clock clk (rise edge)
                                  0.000000    0.000000   clock network delay (ideal)
                                  0.250000    0.250000   clock uncertainty
                                  0.000000    0.250000   clock reconvergence pessimism
                                              0.250000 ^ _2937_/CLK (sky130_fd_sc_hd__dfxtp_2)
                                 -0.013352    0.236648   library hold time
                                              0.236648   data required time
---------------------------------------------------------------------------------------------
                                              0.236648   data required time
                                             -0.506424   data arrival time
---------------------------------------------------------------------------------------------
                                              0.269777   slack (MET)


Startpoint: _2895_ (rising edge-triggered flip-flop clocked by clk)
Endpoint: _2895_ (rising edge-triggered flip-flop clocked by clk)
Path Group: clk
Path Type: min

Fanout         Cap        Slew       Delay        Time   Description
---------------------------------------------------------------------------------------------
                      0.150000    0.000000    0.000000   clock clk (rise edge)
                                  0.000000    0.000000   clock network delay (ideal)
                      0.150000    0.000000    0.000000 ^ _2895_/CLK (sky130_fd_sc_hd__dfxtp_2)
     3    0.009489    0.038347    0.357316    0.357316 v _2895_/Q (sky130_fd_sc_hd__dfxtp_2)
                                                         pixel_cnt[0] (net)
                      0.038347    0.000000    0.357316 v _1487_/B1 (sky130_fd_sc_hd__a21oi_2)
     1    0.004638    0.090801    0.104028    0.461343 ^ _1487_/Y (sky130_fd_sc_hd__a21oi_2)
                                                         _1278_ (net)
                      0.090801    0.000000    0.461343 ^ _1489_/C (sky130_fd_sc_hd__nor4_2)
     1    0.001681    0.023979    0.049120    0.510463 v _1489_/Y (sky130_fd_sc_hd__nor4_2)
                                                         _0012_ (net)
                      0.023979    0.000000    0.510463 v _2895_/D (sky130_fd_sc_hd__dfxtp_2)
                                              0.510463   data arrival time

                      0.150000    0.000000    0.000000   clock clk (rise edge)
                                  0.000000    0.000000   clock network delay (ideal)
                                  0.250000    0.250000   clock uncertainty
                                  0.000000    0.250000   clock reconvergence pessimism
                                              0.250000 ^ _2895_/CLK (sky130_fd_sc_hd__dfxtp_2)
                                 -0.014029    0.235971   library hold time
                                              0.235971   data required time
---------------------------------------------------------------------------------------------
                                              0.235971   data required time
                                             -0.510463   data arrival time
---------------------------------------------------------------------------------------------
                                              0.274493   slack (MET)


Startpoint: _2889_ (rising edge-triggered flip-flop clocked by clk)
Endpoint: _2957_ (rising edge-triggered flip-flop clocked by clk)
Path Group: clk
Path Type: min

Fanout         Cap        Slew       Delay        Time   Description
---------------------------------------------------------------------------------------------
                      0.150000    0.000000    0.000000   clock clk (rise edge)
                                  0.000000    0.000000   clock network delay (ideal)
                      0.150000    0.000000    0.000000 ^ _2889_/CLK (sky130_fd_sc_hd__dfxtp_2)
     4    0.010004    0.063343    0.368695    0.368695 ^ _2889_/Q (sky130_fd_sc_hd__dfxtp_2)
                                                         u_intf.u_slave.rd_state[0] (net)
                      0.063343    0.000000    0.368695 ^ _1598_/A2 (sky130_fd_sc_hd__o211a_2)
     1    0.001674    0.035566    0.152795    0.521490 ^ _1598_/X (sky130_fd_sc_hd__o211a_2)
                                                         _0071_ (net)
                      0.035566    0.000000    0.521490 ^ _2957_/D (sky130_fd_sc_hd__dfxtp_2)
                                              0.521490   data arrival time

                      0.150000    0.000000    0.000000   clock clk (rise edge)
                                  0.000000    0.000000   clock network delay (ideal)
                                  0.250000    0.250000   clock uncertainty
                                  0.000000    0.250000   clock reconvergence pessimism
                                              0.250000 ^ _2957_/CLK (sky130_fd_sc_hd__dfxtp_2)
                                 -0.015436    0.234564   library hold time
                                              0.234564   data required time
---------------------------------------------------------------------------------------------
                                              0.234564   data required time
                                             -0.521490   data arrival time
---------------------------------------------------------------------------------------------
                                              0.286926   slack (MET)


Startpoint: _2887_ (rising edge-triggered flip-flop clocked by clk)
Endpoint: _2994_ (rising edge-triggered flip-flop clocked by clk)
Path Group: clk
Path Type: min

Fanout         Cap        Slew       Delay        Time   Description
---------------------------------------------------------------------------------------------
                      0.150000    0.000000    0.000000   clock clk (rise edge)
                                  0.000000    0.000000   clock network delay (ideal)
                      0.150000    0.000000    0.000000 ^ _2887_/CLK (sky130_fd_sc_hd__dfxtp_2)
     2    0.006560    0.032062    0.349797    0.349797 v _2887_/Q (sky130_fd_sc_hd__dfxtp_2)
                                                         u_intf.u_slave.wr_state[1] (net)
                      0.032062    0.000000    0.349797 v _1447_/A (sky130_fd_sc_hd__inv_2)
     3    0.009423    0.050323    0.056173    0.405970 ^ _1447_/Y (sky130_fd_sc_hd__inv_2)
                                                         _1251_ (net)
                      0.050323    0.000000    0.405970 ^ _1737_/A1 (sky130_fd_sc_hd__a22o_2)
     1    0.001674    0.028377    0.120462    0.526433 ^ _1737_/X (sky130_fd_sc_hd__a22o_2)
                                                         _0108_ (net)
                      0.028377    0.000000    0.526433 ^ _2994_/D (sky130_fd_sc_hd__dfxtp_2)
                                              0.526433   data arrival time

                      0.150000    0.000000    0.000000   clock clk (rise edge)
                                  0.000000    0.000000   clock network delay (ideal)
                                  0.250000    0.250000   clock uncertainty
                                  0.000000    0.250000   clock reconvergence pessimism
                                              0.250000 ^ _2994_/CLK (sky130_fd_sc_hd__dfxtp_2)
                                 -0.013966    0.236034   library hold time
                                              0.236034   data required time
---------------------------------------------------------------------------------------------
                                              0.236034   data required time
                                             -0.526433   data arrival time
---------------------------------------------------------------------------------------------
                                              0.290399   slack (MET)


Startpoint: _2995_ (rising edge-triggered flip-flop clocked by clk)
Endpoint: _2940_ (rising edge-triggered flip-flop clocked by clk)
Path Group: clk
Path Type: min

Fanout         Cap        Slew       Delay        Time   Description
---------------------------------------------------------------------------------------------
                      0.150000    0.000000    0.000000   clock clk (rise edge)
                                  0.000000    0.000000   clock network delay (ideal)
                      0.150000    0.000000    0.000000 ^ _2995_/CLK (sky130_fd_sc_hd__dfxtp_2)
     1    0.001483    0.025188    0.334336    0.334336 ^ _2995_/Q (sky130_fd_sc_hd__dfxtp_2)
                                                         u_core.weight_din[0] (net)
                      0.025188    0.000000    0.334336 ^ _1571_/A (sky130_fd_sc_hd__and2_2)
     1    0.002504    0.036256    0.114468    0.448804 ^ _1571_/X (sky130_fd_sc_hd__and2_2)
                                                         _1321_ (net)
                      0.036256    0.000000    0.448804 ^ _1572_/B1 (sky130_fd_sc_hd__a31o_2)
     1    0.001674    0.026606    0.079565    0.528369 ^ _1572_/X (sky130_fd_sc_hd__a31o_2)
                                                         _0054_ (net)
                      0.026606    0.000000    0.528369 ^ _2940_/D (sky130_fd_sc_hd__dfxtp_2)
                                              0.528369   data arrival time

                      0.150000    0.000000    0.000000   clock clk (rise edge)
                                  0.000000    0.000000   clock network delay (ideal)
                                  0.250000    0.250000   clock uncertainty
                                  0.000000    0.250000   clock reconvergence pessimism
                                              0.250000 ^ _2940_/CLK (sky130_fd_sc_hd__dfxtp_2)
                                 -0.013604    0.236396   library hold time
                                              0.236396   data required time
---------------------------------------------------------------------------------------------
                                              0.236396   data required time
                                             -0.528369   data arrival time
---------------------------------------------------------------------------------------------
                                              0.291973   slack (MET)


Startpoint: _2996_ (rising edge-triggered flip-flop clocked by clk)
Endpoint: _2941_ (rising edge-triggered flip-flop clocked by clk)
Path Group: clk
Path Type: min

Fanout         Cap        Slew       Delay        Time   Description
---------------------------------------------------------------------------------------------
                      0.150000    0.000000    0.000000   clock clk (rise edge)
                                  0.000000    0.000000   clock network delay (ideal)
                      0.150000    0.000000    0.000000 ^ _2996_/CLK (sky130_fd_sc_hd__dfxtp_2)
     1    0.001483    0.025188    0.334336    0.334336 ^ _2996_/Q (sky130_fd_sc_hd__dfxtp_2)
                                                         u_core.weight_din[1] (net)
                      0.025188    0.000000    0.334336 ^ _1573_/A (sky130_fd_sc_hd__and2_2)
     1    0.002504    0.036256    0.114468    0.448804 ^ _1573_/X (sky130_fd_sc_hd__and2_2)
                                                         _1322_ (net)
                      0.036256    0.000000    0.448804 ^ _1574_/B1 (sky130_fd_sc_hd__a31o_2)
     1    0.001674    0.026606    0.079565    0.528369 ^ _1574_/X (sky130_fd_sc_hd__a31o_2)
                                                         _0055_ (net)
                      0.026606    0.000000    0.528369 ^ _2941_/D (sky130_fd_sc_hd__dfxtp_2)
                                              0.528369   data arrival time

                      0.150000    0.000000    0.000000   clock clk (rise edge)
                                  0.000000    0.000000   clock network delay (ideal)
                                  0.250000    0.250000   clock uncertainty
                                  0.000000    0.250000   clock reconvergence pessimism
                                              0.250000 ^ _2941_/CLK (sky130_fd_sc_hd__dfxtp_2)
                                 -0.013604    0.236396   library hold time
                                              0.236396   data required time
---------------------------------------------------------------------------------------------
                                              0.236396   data required time
                                             -0.528369   data arrival time
---------------------------------------------------------------------------------------------
                                              0.291973   slack (MET)


Startpoint: _2997_ (rising edge-triggered flip-flop clocked by clk)
Endpoint: _2942_ (rising edge-triggered flip-flop clocked by clk)
Path Group: clk
Path Type: min

Fanout         Cap        Slew       Delay        Time   Description
---------------------------------------------------------------------------------------------
                      0.150000    0.000000    0.000000   clock clk (rise edge)
                                  0.000000    0.000000   clock network delay (ideal)
                      0.150000    0.000000    0.000000 ^ _2997_/CLK (sky130_fd_sc_hd__dfxtp_2)
     1    0.001483    0.025188    0.334336    0.334336 ^ _2997_/Q (sky130_fd_sc_hd__dfxtp_2)
                                                         u_core.weight_din[2] (net)
                      0.025188    0.000000    0.334336 ^ _1575_/A (sky130_fd_sc_hd__and2_2)
     1    0.002504    0.036256    0.114468    0.448804 ^ _1575_/X (sky130_fd_sc_hd__and2_2)
                                                         _1323_ (net)
                      0.036256    0.000000    0.448804 ^ _1576_/B1 (sky130_fd_sc_hd__a31o_2)
     1    0.001674    0.026606    0.079565    0.528369 ^ _1576_/X (sky130_fd_sc_hd__a31o_2)
                                                         _0056_ (net)
                      0.026606    0.000000    0.528369 ^ _2942_/D (sky130_fd_sc_hd__dfxtp_2)
                                              0.528369   data arrival time

                      0.150000    0.000000    0.000000   clock clk (rise edge)
                                  0.000000    0.000000   clock network delay (ideal)
                                  0.250000    0.250000   clock uncertainty
                                  0.000000    0.250000   clock reconvergence pessimism
                                              0.250000 ^ _2942_/CLK (sky130_fd_sc_hd__dfxtp_2)
                                 -0.013604    0.236396   library hold time
                                              0.236396   data required time
---------------------------------------------------------------------------------------------
                                              0.236396   data required time
                                             -0.528369   data arrival time
---------------------------------------------------------------------------------------------
                                              0.291973   slack (MET)


Startpoint: _2998_ (rising edge-triggered flip-flop clocked by clk)
Endpoint: _2943_ (rising edge-triggered flip-flop clocked by clk)
Path Group: clk
Path Type: min

Fanout         Cap        Slew       Delay        Time   Description
---------------------------------------------------------------------------------------------
                      0.150000    0.000000    0.000000   clock clk (rise edge)
                                  0.000000    0.000000   clock network delay (ideal)
                      0.150000    0.000000    0.000000 ^ _2998_/CLK (sky130_fd_sc_hd__dfxtp_2)
     1    0.001483    0.025188    0.334336    0.334336 ^ _2998_/Q (sky130_fd_sc_hd__dfxtp_2)
                                                         u_core.weight_din[3] (net)
                      0.025188    0.000000    0.334336 ^ _1577_/A (sky130_fd_sc_hd__and2_2)
     1    0.002504    0.036256    0.114468    0.448804 ^ _1577_/X (sky130_fd_sc_hd__and2_2)
                                                         _1324_ (net)
                      0.036256    0.000000    0.448804 ^ _1578_/B1 (sky130_fd_sc_hd__a31o_2)
     1    0.001674    0.026606    0.079565    0.528369 ^ _1578_/X (sky130_fd_sc_hd__a31o_2)
                                                         _0057_ (net)
                      0.026606    0.000000    0.528369 ^ _2943_/D (sky130_fd_sc_hd__dfxtp_2)
                                              0.528369   data arrival time

                      0.150000    0.000000    0.000000   clock clk (rise edge)
                                  0.000000    0.000000   clock network delay (ideal)
                                  0.250000    0.250000   clock uncertainty
                                  0.000000    0.250000   clock reconvergence pessimism
                                              0.250000 ^ _2943_/CLK (sky130_fd_sc_hd__dfxtp_2)
                                 -0.013604    0.236396   library hold time
                                              0.236396   data required time
---------------------------------------------------------------------------------------------
                                              0.236396   data required time
                                             -0.528369   data arrival time
---------------------------------------------------------------------------------------------
                                              0.291973   slack (MET)


Startpoint: _2999_ (rising edge-triggered flip-flop clocked by clk)
Endpoint: _2944_ (rising edge-triggered flip-flop clocked by clk)
Path Group: clk
Path Type: min

Fanout         Cap        Slew       Delay        Time   Description
---------------------------------------------------------------------------------------------
                      0.150000    0.000000    0.000000   clock clk (rise edge)
                                  0.000000    0.000000   clock network delay (ideal)
                      0.150000    0.000000    0.000000 ^ _2999_/CLK (sky130_fd_sc_hd__dfxtp_2)
     1    0.001483    0.025188    0.334336    0.334336 ^ _2999_/Q (sky130_fd_sc_hd__dfxtp_2)
                                                         u_core.weight_din[4] (net)
                      0.025188    0.000000    0.334336 ^ _1579_/A (sky130_fd_sc_hd__and2_2)
     1    0.002504    0.036256    0.114468    0.448804 ^ _1579_/X (sky130_fd_sc_hd__and2_2)
                                                         _1325_ (net)
                      0.036256    0.000000    0.448804 ^ _1580_/B1 (sky130_fd_sc_hd__a31o_2)
     1    0.001674    0.026606    0.079565    0.528369 ^ _1580_/X (sky130_fd_sc_hd__a31o_2)
                                                         _0058_ (net)
                      0.026606    0.000000    0.528369 ^ _2944_/D (sky130_fd_sc_hd__dfxtp_2)
                                              0.528369   data arrival time

                      0.150000    0.000000    0.000000   clock clk (rise edge)
                                  0.000000    0.000000   clock network delay (ideal)
                                  0.250000    0.250000   clock uncertainty
                                  0.000000    0.250000   clock reconvergence pessimism
                                              0.250000 ^ _2944_/CLK (sky130_fd_sc_hd__dfxtp_2)
                                 -0.013604    0.236396   library hold time
                                              0.236396   data required time
---------------------------------------------------------------------------------------------
                                              0.236396   data required time
                                             -0.528369   data arrival time
---------------------------------------------------------------------------------------------
                                              0.291973   slack (MET)


Startpoint: _3000_ (rising edge-triggered flip-flop clocked by clk)
Endpoint: _2945_ (rising edge-triggered flip-flop clocked by clk)
Path Group: clk
Path Type: min

Fanout         Cap        Slew       Delay        Time   Description
---------------------------------------------------------------------------------------------
                      0.150000    0.000000    0.000000   clock clk (rise edge)
                                  0.000000    0.000000   clock network delay (ideal)
                      0.150000    0.000000    0.000000 ^ _3000_/CLK (sky130_fd_sc_hd__dfxtp_2)
     1    0.001483    0.025188    0.334336    0.334336 ^ _3000_/Q (sky130_fd_sc_hd__dfxtp_2)
                                                         u_core.weight_din[5] (net)
                      0.025188    0.000000    0.334336 ^ _1581_/A (sky130_fd_sc_hd__and2_2)
     1    0.002504    0.036256    0.114468    0.448804 ^ _1581_/X (sky130_fd_sc_hd__and2_2)
                                                         _1326_ (net)
                      0.036256    0.000000    0.448804 ^ _1582_/B1 (sky130_fd_sc_hd__a31o_2)
     1    0.001674    0.026606    0.079565    0.528369 ^ _1582_/X (sky130_fd_sc_hd__a31o_2)
                                                         _0059_ (net)
                      0.026606    0.000000    0.528369 ^ _2945_/D (sky130_fd_sc_hd__dfxtp_2)
                                              0.528369   data arrival time

                      0.150000    0.000000    0.000000   clock clk (rise edge)
                                  0.000000    0.000000   clock network delay (ideal)
                                  0.250000    0.250000   clock uncertainty
                                  0.000000    0.250000   clock reconvergence pessimism
                                              0.250000 ^ _2945_/CLK (sky130_fd_sc_hd__dfxtp_2)
                                 -0.013604    0.236396   library hold time
                                              0.236396   data required time
---------------------------------------------------------------------------------------------
                                              0.236396   data required time
                                             -0.528369   data arrival time
---------------------------------------------------------------------------------------------
                                              0.291973   slack (MET)


Startpoint: _3001_ (rising edge-triggered flip-flop clocked by clk)
Endpoint: _2946_ (rising edge-triggered flip-flop clocked by clk)
Path Group: clk
Path Type: min

Fanout         Cap        Slew       Delay        Time   Description
---------------------------------------------------------------------------------------------
                      0.150000    0.000000    0.000000   clock clk (rise edge)
                                  0.000000    0.000000   clock network delay (ideal)
                      0.150000    0.000000    0.000000 ^ _3001_/CLK (sky130_fd_sc_hd__dfxtp_2)
     1    0.001483    0.025188    0.334336    0.334336 ^ _3001_/Q (sky130_fd_sc_hd__dfxtp_2)
                                                         u_core.weight_din[6] (net)
                      0.025188    0.000000    0.334336 ^ _1583_/A (sky130_fd_sc_hd__and2_2)
     1    0.002504    0.036256    0.114468    0.448804 ^ _1583_/X (sky130_fd_sc_hd__and2_2)
                                                         _1327_ (net)
                      0.036256    0.000000    0.448804 ^ _1584_/B1 (sky130_fd_sc_hd__a31o_2)
     1    0.001674    0.026606    0.079565    0.528369 ^ _1584_/X (sky130_fd_sc_hd__a31o_2)
                                                         _0060_ (net)
                      0.026606    0.000000    0.528369 ^ _2946_/D (sky130_fd_sc_hd__dfxtp_2)
                                              0.528369   data arrival time

                      0.150000    0.000000    0.000000   clock clk (rise edge)
                                  0.000000    0.000000   clock network delay (ideal)
                                  0.250000    0.250000   clock uncertainty
                                  0.000000    0.250000   clock reconvergence pessimism
                                              0.250000 ^ _2946_/CLK (sky130_fd_sc_hd__dfxtp_2)
                                 -0.013604    0.236396   library hold time
                                              0.236396   data required time
---------------------------------------------------------------------------------------------
                                              0.236396   data required time
                                             -0.528369   data arrival time
---------------------------------------------------------------------------------------------
                                              0.291973   slack (MET)


Startpoint: _3002_ (rising edge-triggered flip-flop clocked by clk)
Endpoint: _2947_ (rising edge-triggered flip-flop clocked by clk)
Path Group: clk
Path Type: min

Fanout         Cap        Slew       Delay        Time   Description
---------------------------------------------------------------------------------------------
                      0.150000    0.000000    0.000000   clock clk (rise edge)
                                  0.000000    0.000000   clock network delay (ideal)
                      0.150000    0.000000    0.000000 ^ _3002_/CLK (sky130_fd_sc_hd__dfxtp_2)
     1    0.001483    0.025188    0.334336    0.334336 ^ _3002_/Q (sky130_fd_sc_hd__dfxtp_2)
                                                         u_core.weight_din[7] (net)
                      0.025188    0.000000    0.334336 ^ _1585_/A (sky130_fd_sc_hd__and2_2)
     1    0.002504    0.036256    0.114468    0.448804 ^ _1585_/X (sky130_fd_sc_hd__and2_2)
                                                         _1328_ (net)
                      0.036256    0.000000    0.448804 ^ _1586_/B1 (sky130_fd_sc_hd__a31o_2)
     1    0.001674    0.026606    0.079565    0.528369 ^ _1586_/X (sky130_fd_sc_hd__a31o_2)
                                                         _0061_ (net)
                      0.026606    0.000000    0.528369 ^ _2947_/D (sky130_fd_sc_hd__dfxtp_2)
                                              0.528369   data arrival time

                      0.150000    0.000000    0.000000   clock clk (rise edge)
                                  0.000000    0.000000   clock network delay (ideal)
                                  0.250000    0.250000   clock uncertainty
                                  0.000000    0.250000   clock reconvergence pessimism
                                              0.250000 ^ _2947_/CLK (sky130_fd_sc_hd__dfxtp_2)
                                 -0.013604    0.236396   library hold time
                                              0.236396   data required time
---------------------------------------------------------------------------------------------
                                              0.236396   data required time
                                             -0.528369   data arrival time
---------------------------------------------------------------------------------------------
                                              0.291973   slack (MET)


Startpoint: _2939_ (rising edge-triggered flip-flop clocked by clk)
Endpoint: _2936_ (rising edge-triggered flip-flop clocked by clk)
Path Group: clk
Path Type: min

Fanout         Cap        Slew       Delay        Time   Description
---------------------------------------------------------------------------------------------
                      0.150000    0.000000    0.000000   clock clk (rise edge)
                                  0.000000    0.000000   clock network delay (ideal)
                      0.150000    0.000000    0.000000 ^ _2939_/CLK (sky130_fd_sc_hd__dfxtp_2)
     5    0.011156    0.068550    0.373012    0.373012 ^ _2939_/Q (sky130_fd_sc_hd__dfxtp_2)
                                                         state[2] (net)
                      0.068550    0.000000    0.373012 ^ _1568_/C (sky130_fd_sc_hd__and3_2)
     1    0.001674    0.037450    0.164405    0.537417 ^ _1568_/X (sky130_fd_sc_hd__and3_2)
                                                         _0053_ (net)
                      0.037450    0.000000    0.537417 ^ _2936_/D (sky130_fd_sc_hd__dfxtp_2)
                                              0.537417   data arrival time

                      0.150000    0.000000    0.000000   clock clk (rise edge)
                                  0.000000    0.000000   clock network delay (ideal)
                                  0.250000    0.250000   clock uncertainty
                                  0.000000    0.250000   clock reconvergence pessimism
                                              0.250000 ^ _2936_/CLK (sky130_fd_sc_hd__dfxtp_2)
                                 -0.015821    0.234179   library hold time
                                              0.234179   data required time
---------------------------------------------------------------------------------------------
                                              0.234179   data required time
                                             -0.537417   data arrival time
---------------------------------------------------------------------------------------------
                                              0.303239   slack (MET)


Startpoint: _3162_ (rising edge-triggered flip-flop clocked by clk)
Endpoint: _3162_ (rising edge-triggered flip-flop clocked by clk)
Path Group: clk
Path Type: min

Fanout         Cap        Slew       Delay        Time   Description
---------------------------------------------------------------------------------------------
                      0.150000    0.000000    0.000000   clock clk (rise edge)
                                  0.000000    0.000000   clock network delay (ideal)
                      0.150000    0.000000    0.000000 ^ _3162_/CLK (sky130_fd_sc_hd__dfxtp_2)
     3    0.016069    0.091851    0.390391    0.390391 ^ _3162_/Q (sky130_fd_sc_hd__dfxtp_2)
                                                         u_core.pe_array[0].u_pe.accum_reg[29] (net)
                      0.091851    0.000000    0.390391 ^ _2837_/A2 (sky130_fd_sc_hd__a22oi_2)
     1    0.004136    0.043751    0.084538    0.474929 v _2837_/Y (sky130_fd_sc_hd__a22oi_2)
                                                         _1238_ (net)
                      0.043751    0.000000    0.474929 v _2838_/B (sky130_fd_sc_hd__nor2_2)
     1    0.001674    0.049971    0.059928    0.534857 ^ _2838_/Y (sky130_fd_sc_hd__nor2_2)
                                                         _0276_ (net)
                      0.049971    0.000000    0.534857 ^ _3162_/D (sky130_fd_sc_hd__dfxtp_2)
                                              0.534857   data arrival time

                      0.150000    0.000000    0.000000   clock clk (rise edge)
                                  0.000000    0.000000   clock network delay (ideal)
                                  0.250000    0.250000   clock uncertainty
                                  0.000000    0.250000   clock reconvergence pessimism
                                              0.250000 ^ _3162_/CLK (sky130_fd_sc_hd__dfxtp_2)
                                 -0.018381    0.231619   library hold time
                                              0.231619   data required time
---------------------------------------------------------------------------------------------
                                              0.231619   data required time
                                             -0.534857   data arrival time
---------------------------------------------------------------------------------------------
                                              0.303238   slack (MET)


Startpoint: _3156_ (rising edge-triggered flip-flop clocked by clk)
Endpoint: _3156_ (rising edge-triggered flip-flop clocked by clk)
Path Group: clk
Path Type: min

Fanout         Cap        Slew       Delay        Time   Description
---------------------------------------------------------------------------------------------
                      0.150000    0.000000    0.000000   clock clk (rise edge)
                                  0.000000    0.000000   clock network delay (ideal)
                      0.150000    0.000000    0.000000 ^ _3156_/CLK (sky130_fd_sc_hd__dfxtp_2)
     3    0.016069    0.091851    0.390391    0.390391 ^ _3156_/Q (sky130_fd_sc_hd__dfxtp_2)
                                                         u_core.pe_array[0].u_pe.accum_reg[23] (net)
                      0.091851    0.000000    0.390391 ^ _2825_/A2 (sky130_fd_sc_hd__a22oi_2)
     1    0.004136    0.043772    0.084538    0.474929 v _2825_/Y (sky130_fd_sc_hd__a22oi_2)
                                                         _1232_ (net)
                      0.043772    0.000000    0.474929 v _2826_/B (sky130_fd_sc_hd__nor2_2)
     1    0.001674    0.049971    0.059936    0.534865 ^ _2826_/Y (sky130_fd_sc_hd__nor2_2)
                                                         _0270_ (net)
                      0.049971    0.000000    0.534865 ^ _3156_/D (sky130_fd_sc_hd__dfxtp_2)
                                              0.534865   data arrival time

                      0.150000    0.000000    0.000000   clock clk (rise edge)
                                  0.000000    0.000000   clock network delay (ideal)
                                  0.250000    0.250000   clock uncertainty
                                  0.000000    0.250000   clock reconvergence pessimism
                                              0.250000 ^ _3156_/CLK (sky130_fd_sc_hd__dfxtp_2)
                                 -0.018381    0.231619   library hold time
                                              0.231619   data required time
---------------------------------------------------------------------------------------------
                                              0.231619   data required time
                                             -0.534865   data arrival time
---------------------------------------------------------------------------------------------
                                              0.303247   slack (MET)


Startpoint: _3157_ (rising edge-triggered flip-flop clocked by clk)
Endpoint: _3157_ (rising edge-triggered flip-flop clocked by clk)
Path Group: clk
Path Type: min

Fanout         Cap        Slew       Delay        Time   Description
---------------------------------------------------------------------------------------------
                      0.150000    0.000000    0.000000   clock clk (rise edge)
                                  0.000000    0.000000   clock network delay (ideal)
                      0.150000    0.000000    0.000000 ^ _3157_/CLK (sky130_fd_sc_hd__dfxtp_2)
     3    0.016069    0.091851    0.390391    0.390391 ^ _3157_/Q (sky130_fd_sc_hd__dfxtp_2)
                                                         u_core.pe_array[0].u_pe.accum_reg[24] (net)
                      0.091851    0.000000    0.390391 ^ _2827_/A2 (sky130_fd_sc_hd__a22oi_2)
     1    0.004136    0.050717    0.084538    0.474929 v _2827_/Y (sky130_fd_sc_hd__a22oi_2)
                                                         _1233_ (net)
                      0.050717    0.000000    0.474929 v _2828_/B (sky130_fd_sc_hd__nor2_2)
     1    0.001674    0.049924    0.062530    0.537460 ^ _2828_/Y (sky130_fd_sc_hd__nor2_2)
                                                         _0271_ (net)
                      0.049924    0.000000    0.537460 ^ _3157_/D (sky130_fd_sc_hd__dfxtp_2)
                                              0.537460   data arrival time

                      0.150000    0.000000    0.000000   clock clk (rise edge)
                                  0.000000    0.000000   clock network delay (ideal)
                                  0.250000    0.250000   clock uncertainty
                                  0.000000    0.250000   clock reconvergence pessimism
                                              0.250000 ^ _3157_/CLK (sky130_fd_sc_hd__dfxtp_2)
                                 -0.018372    0.231628   library hold time
                                              0.231628   data required time
---------------------------------------------------------------------------------------------
                                              0.231628   data required time
                                             -0.537460   data arrival time
---------------------------------------------------------------------------------------------
                                              0.305831   slack (MET)


Startpoint: _3161_ (rising edge-triggered flip-flop clocked by clk)
Endpoint: _3161_ (rising edge-triggered flip-flop clocked by clk)
Path Group: clk
Path Type: min

Fanout         Cap        Slew       Delay        Time   Description
---------------------------------------------------------------------------------------------
                      0.150000    0.000000    0.000000   clock clk (rise edge)
                                  0.000000    0.000000   clock network delay (ideal)
                      0.150000    0.000000    0.000000 ^ _3161_/CLK (sky130_fd_sc_hd__dfxtp_2)
     3    0.016069    0.091851    0.390391    0.390391 ^ _3161_/Q (sky130_fd_sc_hd__dfxtp_2)
                                                         u_core.pe_array[0].u_pe.accum_reg[28] (net)
                      0.091851    0.000000    0.390391 ^ _2835_/A2 (sky130_fd_sc_hd__a22oi_2)
     1    0.004136    0.050717    0.084538    0.474929 v _2835_/Y (sky130_fd_sc_hd__a22oi_2)
                                                         _1237_ (net)
                      0.050717    0.000000    0.474929 v _2836_/B (sky130_fd_sc_hd__nor2_2)
     1    0.001674    0.049924    0.062530    0.537460 ^ _2836_/Y (sky130_fd_sc_hd__nor2_2)
                                                         _0275_ (net)
                      0.049924    0.000000    0.537460 ^ _3161_/D (sky130_fd_sc_hd__dfxtp_2)
                                              0.537460   data arrival time

                      0.150000    0.000000    0.000000   clock clk (rise edge)
                                  0.000000    0.000000   clock network delay (ideal)
                                  0.250000    0.250000   clock uncertainty
                                  0.000000    0.250000   clock reconvergence pessimism
                                              0.250000 ^ _3161_/CLK (sky130_fd_sc_hd__dfxtp_2)
                                 -0.018372    0.231628   library hold time
                                              0.231628   data required time
---------------------------------------------------------------------------------------------
                                              0.231628   data required time
                                             -0.537460   data arrival time
---------------------------------------------------------------------------------------------
                                              0.305831   slack (MET)


Startpoint: _2902_ (rising edge-triggered flip-flop clocked by clk)
Endpoint: _3099_ (rising edge-triggered flip-flop clocked by clk)
Path Group: clk
Path Type: min

Fanout         Cap        Slew       Delay        Time   Description
---------------------------------------------------------------------------------------------
                      0.150000    0.000000    0.000000   clock clk (rise edge)
                                  0.000000    0.000000   clock network delay (ideal)
                      0.150000    0.000000    0.000000 ^ _2902_/CLK (sky130_fd_sc_hd__dfxtp_2)
     5    0.007313    0.033678    0.351730    0.351730 v _2902_/Q (sky130_fd_sc_hd__dfxtp_2)
                                                         u_intf.u_slave.wr_addr_lat[3] (net)
                      0.033678    0.000000    0.351730 v _1943_/B (sky130_fd_sc_hd__and4_2)
     1    0.001681    0.030987    0.187420    0.539150 v _1943_/X (sky130_fd_sc_hd__and4_2)
                                                         _0213_ (net)
                      0.030987    0.000000    0.539150 v _3099_/D (sky130_fd_sc_hd__dfxtp_2)
                                              0.539150   data arrival time

                      0.150000    0.000000    0.000000   clock clk (rise edge)
                                  0.000000    0.000000   clock network delay (ideal)
                                  0.250000    0.250000   clock uncertainty
                                  0.000000    0.250000   clock reconvergence pessimism
                                              0.250000 ^ _3099_/CLK (sky130_fd_sc_hd__dfxtp_2)
                                 -0.016906    0.233094   library hold time
                                              0.233094   data required time
---------------------------------------------------------------------------------------------
                                              0.233094   data required time
                                             -0.539150   data arrival time
---------------------------------------------------------------------------------------------
                                              0.306056   slack (MET)


Startpoint: _3140_ (rising edge-triggered flip-flop clocked by clk)
Endpoint: _3140_ (rising edge-triggered flip-flop clocked by clk)
Path Group: clk
Path Type: min

Fanout         Cap        Slew       Delay        Time   Description
---------------------------------------------------------------------------------------------
                      0.150000    0.000000    0.000000   clock clk (rise edge)
                                  0.000000    0.000000   clock network delay (ideal)
                      0.150000    0.000000    0.000000 ^ _3140_/CLK (sky130_fd_sc_hd__dfxtp_2)
     3    0.016389    0.093391    0.391502    0.391502 ^ _3140_/Q (sky130_fd_sc_hd__dfxtp_2)
                                                         u_core.pe_array[0].u_pe.accum_reg[7] (net)
                      0.093391    0.000000    0.391502 ^ _2786_/A2 (sky130_fd_sc_hd__a22oi_2)
     1    0.004136    0.050817    0.084985    0.476487 v _2786_/Y (sky130_fd_sc_hd__a22oi_2)
                                                         _1209_ (net)
                      0.050817    0.000000    0.476487 v _2787_/B (sky130_fd_sc_hd__nor2_2)
     1    0.001674    0.049924    0.062568    0.539055 ^ _2787_/Y (sky130_fd_sc_hd__nor2_2)
                                                         _0254_ (net)
                      0.049924    0.000000    0.539055 ^ _3140_/D (sky130_fd_sc_hd__dfxtp_2)
                                              0.539055   data arrival time

                      0.150000    0.000000    0.000000   clock clk (rise edge)
                                  0.000000    0.000000   clock network delay (ideal)
                                  0.250000    0.250000   clock uncertainty
                                  0.000000    0.250000   clock reconvergence pessimism
                                              0.250000 ^ _3140_/CLK (sky130_fd_sc_hd__dfxtp_2)
                                 -0.018371    0.231629   library hold time
                                              0.231629   data required time
---------------------------------------------------------------------------------------------
                                              0.231629   data required time
                                             -0.539055   data arrival time
---------------------------------------------------------------------------------------------
                                              0.307426   slack (MET)


Startpoint: _3149_ (rising edge-triggered flip-flop clocked by clk)
Endpoint: _3149_ (rising edge-triggered flip-flop clocked by clk)
Path Group: clk
Path Type: min

Fanout         Cap        Slew       Delay        Time   Description
---------------------------------------------------------------------------------------------
                      0.150000    0.000000    0.000000   clock clk (rise edge)
                                  0.000000    0.000000   clock network delay (ideal)
                      0.150000    0.000000    0.000000 ^ _3149_/CLK (sky130_fd_sc_hd__dfxtp_2)
     3    0.007875    0.034884    0.353173    0.353173 v _3149_/Q (sky130_fd_sc_hd__dfxtp_2)
                                                         u_core.pe_array[0].u_pe.accum_reg[16] (net)
                      0.034884    0.000000    0.353173 v _1446_/A (sky130_fd_sc_hd__inv_2)
     2    0.003995    0.026922    0.040019    0.393192 ^ _1446_/Y (sky130_fd_sc_hd__inv_2)
                                                         _1250_ (net)
                      0.026922    0.000000    0.393192 ^ _2810_/B1 (sky130_fd_sc_hd__o32a_2)
     1    0.004740    0.042051    0.130584    0.523776 ^ _2810_/X (sky130_fd_sc_hd__o32a_2)
                                                         _1224_ (net)
                      0.042051    0.000000    0.523776 ^ _2811_/B (sky130_fd_sc_hd__nor2_2)
     1    0.001681    0.014056    0.025617    0.549393 v _2811_/Y (sky130_fd_sc_hd__nor2_2)
                                                         _0263_ (net)
                      0.014056    0.000000    0.549393 v _3149_/D (sky130_fd_sc_hd__dfxtp_2)
                                              0.549393   data arrival time

                      0.150000    0.000000    0.000000   clock clk (rise edge)
                                  0.000000    0.000000   clock network delay (ideal)
                                  0.250000    0.250000   clock uncertainty
                                  0.000000    0.250000   clock reconvergence pessimism
                                              0.250000 ^ _3149_/CLK (sky130_fd_sc_hd__dfxtp_2)
                                 -0.009956    0.240044   library hold time
                                              0.240044   data required time
---------------------------------------------------------------------------------------------
                                              0.240044   data required time
                                             -0.549393   data arrival time
---------------------------------------------------------------------------------------------
                                              0.309349   slack (MET)


Startpoint: _2892_ (rising edge-triggered flip-flop clocked by clk)
Endpoint: _2894_ (rising edge-triggered flip-flop clocked by clk)
Path Group: clk
Path Type: min

Fanout         Cap        Slew       Delay        Time   Description
---------------------------------------------------------------------------------------------
                      0.150000    0.000000    0.000000   clock clk (rise edge)
                                  0.000000    0.000000   clock network delay (ideal)
                      0.150000    0.000000    0.000000 ^ _2892_/CLK (sky130_fd_sc_hd__dfxtp_2)
     4    0.013092    0.077529    0.380053    0.380053 ^ _2892_/Q (sky130_fd_sc_hd__dfxtp_2)
                                                         w_load_cnt[1] (net)
                      0.077529    0.000000    0.380053 ^ _1486_/A1 (sky130_fd_sc_hd__o211a_2)
     1    0.001674    0.035574    0.166790    0.546842 ^ _1486_/X (sky130_fd_sc_hd__o211a_2)
                                                         _0011_ (net)
                      0.035574    0.000000    0.546842 ^ _2894_/D (sky130_fd_sc_hd__dfxtp_2)
                                              0.546842   data arrival time

                      0.150000    0.000000    0.000000   clock clk (rise edge)
                                  0.000000    0.000000   clock network delay (ideal)
                                  0.250000    0.250000   clock uncertainty
                                  0.000000    0.250000   clock reconvergence pessimism
                                              0.250000 ^ _2894_/CLK (sky130_fd_sc_hd__dfxtp_2)
                                 -0.015438    0.234562   library hold time
                                              0.234562   data required time
---------------------------------------------------------------------------------------------
                                              0.234562   data required time
                                             -0.546842   data arrival time
---------------------------------------------------------------------------------------------
                                              0.312280   slack (MET)


Startpoint: _3158_ (rising edge-triggered flip-flop clocked by clk)
Endpoint: _3158_ (rising edge-triggered flip-flop clocked by clk)
Path Group: clk
Path Type: min

Fanout         Cap        Slew       Delay        Time   Description
---------------------------------------------------------------------------------------------
                      0.150000    0.000000    0.000000   clock clk (rise edge)
                                  0.000000    0.000000   clock network delay (ideal)
                      0.150000    0.000000    0.000000 ^ _3158_/CLK (sky130_fd_sc_hd__dfxtp_2)
     3    0.018231    0.102252    0.397899    0.397899 ^ _3158_/Q (sky130_fd_sc_hd__dfxtp_2)
                                                         u_core.pe_array[0].u_pe.accum_reg[25] (net)
                      0.102252    0.000000    0.397899 ^ _2829_/A2 (sky130_fd_sc_hd__a22oi_2)
     1    0.004136    0.043762    0.087557    0.485456 v _2829_/Y (sky130_fd_sc_hd__a22oi_2)
                                                         _1234_ (net)
                      0.043762    0.000000    0.485456 v _2830_/B (sky130_fd_sc_hd__nor2_2)
     1    0.001674    0.049971    0.059932    0.545388 ^ _2830_/Y (sky130_fd_sc_hd__nor2_2)
                                                         _0272_ (net)
                      0.049971    0.000000    0.545388 ^ _3158_/D (sky130_fd_sc_hd__dfxtp_2)
                                              0.545388   data arrival time

                      0.150000    0.000000    0.000000   clock clk (rise edge)
                                  0.000000    0.000000   clock network delay (ideal)
                                  0.250000    0.250000   clock uncertainty
                                  0.000000    0.250000   clock reconvergence pessimism
                                              0.250000 ^ _3158_/CLK (sky130_fd_sc_hd__dfxtp_2)
                                 -0.018381    0.231619   library hold time
                                              0.231619   data required time
---------------------------------------------------------------------------------------------
                                              0.231619   data required time
                                             -0.545388   data arrival time
---------------------------------------------------------------------------------------------
                                              0.313769   slack (MET)


Startpoint: _3154_ (rising edge-triggered flip-flop clocked by clk)
Endpoint: _3154_ (rising edge-triggered flip-flop clocked by clk)
Path Group: clk
Path Type: min

Fanout         Cap        Slew       Delay        Time   Description
---------------------------------------------------------------------------------------------
                      0.150000    0.000000    0.000000   clock clk (rise edge)
                                  0.000000    0.000000   clock network delay (ideal)
                      0.150000    0.000000    0.000000 ^ _3154_/CLK (sky130_fd_sc_hd__dfxtp_2)
     3    0.018231    0.102252    0.397899    0.397899 ^ _3154_/Q (sky130_fd_sc_hd__dfxtp_2)
                                                         u_core.pe_array[0].u_pe.accum_reg[21] (net)
                      0.102252    0.000000    0.397899 ^ _2821_/A2 (sky130_fd_sc_hd__a22oi_2)
     1    0.004136    0.043791    0.087557    0.485456 v _2821_/Y (sky130_fd_sc_hd__a22oi_2)
                                                         _1230_ (net)
                      0.043791    0.000000    0.485456 v _2822_/B (sky130_fd_sc_hd__nor2_2)
     1    0.001674    0.049971    0.059943    0.545399 ^ _2822_/Y (sky130_fd_sc_hd__nor2_2)
                                                         _0268_ (net)
                      0.049971    0.000000    0.545399 ^ _3154_/D (sky130_fd_sc_hd__dfxtp_2)
                                              0.545399   data arrival time

                      0.150000    0.000000    0.000000   clock clk (rise edge)
                                  0.000000    0.000000   clock network delay (ideal)
                                  0.250000    0.250000   clock uncertainty
                                  0.000000    0.250000   clock reconvergence pessimism
                                              0.250000 ^ _3154_/CLK (sky130_fd_sc_hd__dfxtp_2)
                                 -0.018381    0.231619   library hold time
                                              0.231619   data required time
---------------------------------------------------------------------------------------------
                                              0.231619   data required time
                                             -0.545399   data arrival time
---------------------------------------------------------------------------------------------
                                              0.313780   slack (MET)


Startpoint: _3160_ (rising edge-triggered flip-flop clocked by clk)
Endpoint: _3160_ (rising edge-triggered flip-flop clocked by clk)
Path Group: clk
Path Type: min

Fanout         Cap        Slew       Delay        Time   Description
---------------------------------------------------------------------------------------------
                      0.150000    0.000000    0.000000   clock clk (rise edge)
                                  0.000000    0.000000   clock network delay (ideal)
                      0.150000    0.000000    0.000000 ^ _3160_/CLK (sky130_fd_sc_hd__dfxtp_2)
     3    0.018231    0.102252    0.397899    0.397899 ^ _3160_/Q (sky130_fd_sc_hd__dfxtp_2)
                                                         u_core.pe_array[0].u_pe.accum_reg[27] (net)
                      0.102252    0.000000    0.397899 ^ _2833_/A2 (sky130_fd_sc_hd__a22oi_2)
     1    0.004136    0.043791    0.087557    0.485456 v _2833_/Y (sky130_fd_sc_hd__a22oi_2)
                                                         _1236_ (net)
                      0.043791    0.000000    0.485456 v _2834_/B (sky130_fd_sc_hd__nor2_2)
     1    0.001674    0.049971    0.059943    0.545399 ^ _2834_/Y (sky130_fd_sc_hd__nor2_2)
                                                         _0274_ (net)
                      0.049971    0.000000    0.545399 ^ _3160_/D (sky130_fd_sc_hd__dfxtp_2)
                                              0.545399   data arrival time

                      0.150000    0.000000    0.000000   clock clk (rise edge)
                                  0.000000    0.000000   clock network delay (ideal)
                                  0.250000    0.250000   clock uncertainty
                                  0.000000    0.250000   clock reconvergence pessimism
                                              0.250000 ^ _3160_/CLK (sky130_fd_sc_hd__dfxtp_2)
                                 -0.018381    0.231619   library hold time
                                              0.231619   data required time
---------------------------------------------------------------------------------------------
                                              0.231619   data required time
                                             -0.545399   data arrival time
---------------------------------------------------------------------------------------------
                                              0.313780   slack (MET)


Startpoint: _3159_ (rising edge-triggered flip-flop clocked by clk)
Endpoint: _3159_ (rising edge-triggered flip-flop clocked by clk)
Path Group: clk
Path Type: min

Fanout         Cap        Slew       Delay        Time   Description
---------------------------------------------------------------------------------------------
                      0.150000    0.000000    0.000000   clock clk (rise edge)
                                  0.000000    0.000000   clock network delay (ideal)
                      0.150000    0.000000    0.000000 ^ _3159_/CLK (sky130_fd_sc_hd__dfxtp_2)
     3    0.018231    0.102252    0.397899    0.397899 ^ _3159_/Q (sky130_fd_sc_hd__dfxtp_2)
                                                         u_core.pe_array[0].u_pe.accum_reg[26] (net)
                      0.102252    0.000000    0.397899 ^ _2831_/A2 (sky130_fd_sc_hd__a22oi_2)
     1    0.004136    0.043820    0.087557    0.485456 v _2831_/Y (sky130_fd_sc_hd__a22oi_2)
                                                         _1235_ (net)
                      0.043820    0.000000    0.485456 v _2832_/B (sky130_fd_sc_hd__nor2_2)
     1    0.001674    0.049971    0.059954    0.545409 ^ _2832_/Y (sky130_fd_sc_hd__nor2_2)
                                                         _0273_ (net)
                      0.049971    0.000000    0.545409 ^ _3159_/D (sky130_fd_sc_hd__dfxtp_2)
                                              0.545409   data arrival time

                      0.150000    0.000000    0.000000   clock clk (rise edge)
                                  0.000000    0.000000   clock network delay (ideal)
                                  0.250000    0.250000   clock uncertainty
                                  0.000000    0.250000   clock reconvergence pessimism
                                              0.250000 ^ _3159_/CLK (sky130_fd_sc_hd__dfxtp_2)
                                 -0.018381    0.231619   library hold time
                                              0.231619   data required time
---------------------------------------------------------------------------------------------
                                              0.231619   data required time
                                             -0.545409   data arrival time
---------------------------------------------------------------------------------------------
                                              0.313790   slack (MET)


Startpoint: _3155_ (rising edge-triggered flip-flop clocked by clk)
Endpoint: _3155_ (rising edge-triggered flip-flop clocked by clk)
Path Group: clk
Path Type: min

Fanout         Cap        Slew       Delay        Time   Description
---------------------------------------------------------------------------------------------
                      0.150000    0.000000    0.000000   clock clk (rise edge)
                                  0.000000    0.000000   clock network delay (ideal)
                      0.150000    0.000000    0.000000 ^ _3155_/CLK (sky130_fd_sc_hd__dfxtp_2)
     3    0.018231    0.102252    0.397899    0.397899 ^ _3155_/Q (sky130_fd_sc_hd__dfxtp_2)
                                                         u_core.pe_array[0].u_pe.accum_reg[22] (net)
                      0.102252    0.000000    0.397899 ^ _2823_/A2 (sky130_fd_sc_hd__a22oi_2)
     1    0.004136    0.043852    0.087557    0.485456 v _2823_/Y (sky130_fd_sc_hd__a22oi_2)
                                                         _1231_ (net)
                      0.043852    0.000000    0.485456 v _2824_/B (sky130_fd_sc_hd__nor2_2)
     1    0.001674    0.049970    0.059966    0.545421 ^ _2824_/Y (sky130_fd_sc_hd__nor2_2)
                                                         _0269_ (net)
                      0.049970    0.000000    0.545421 ^ _3155_/D (sky130_fd_sc_hd__dfxtp_2)
                                              0.545421   data arrival time

                      0.150000    0.000000    0.000000   clock clk (rise edge)
                                  0.000000    0.000000   clock network delay (ideal)
                                  0.250000    0.250000   clock uncertainty
                                  0.000000    0.250000   clock reconvergence pessimism
                                              0.250000 ^ _3155_/CLK (sky130_fd_sc_hd__dfxtp_2)
                                 -0.018381    0.231619   library hold time
                                              0.231619   data required time
---------------------------------------------------------------------------------------------
                                              0.231619   data required time
                                             -0.545421   data arrival time
---------------------------------------------------------------------------------------------
                                              0.313802   slack (MET)


Startpoint: _3153_ (rising edge-triggered flip-flop clocked by clk)
Endpoint: _3153_ (rising edge-triggered flip-flop clocked by clk)
Path Group: clk
Path Type: min

Fanout         Cap        Slew       Delay        Time   Description
---------------------------------------------------------------------------------------------
                      0.150000    0.000000    0.000000   clock clk (rise edge)
                                  0.000000    0.000000   clock network delay (ideal)
                      0.150000    0.000000    0.000000 ^ _3153_/CLK (sky130_fd_sc_hd__dfxtp_2)
     3    0.018231    0.102252    0.397899    0.397899 ^ _3153_/Q (sky130_fd_sc_hd__dfxtp_2)
                                                         u_core.pe_array[0].u_pe.accum_reg[20] (net)
                      0.102252    0.000000    0.397899 ^ _2819_/A2 (sky130_fd_sc_hd__a22oi_2)
     1    0.004136    0.043857    0.087557    0.485456 v _2819_/Y (sky130_fd_sc_hd__a22oi_2)
                                                         _1229_ (net)
                      0.043857    0.000000    0.485456 v _2820_/B (sky130_fd_sc_hd__nor2_2)
     1    0.001674    0.049970    0.059968    0.545423 ^ _2820_/Y (sky130_fd_sc_hd__nor2_2)
                                                         _0267_ (net)
                      0.049970    0.000000    0.545423 ^ _3153_/D (sky130_fd_sc_hd__dfxtp_2)
                                              0.545423   data arrival time

                      0.150000    0.000000    0.000000   clock clk (rise edge)
                                  0.000000    0.000000   clock network delay (ideal)
                                  0.250000    0.250000   clock uncertainty
                                  0.000000    0.250000   clock reconvergence pessimism
                                              0.250000 ^ _3153_/CLK (sky130_fd_sc_hd__dfxtp_2)
                                 -0.018381    0.231619   library hold time
                                              0.231619   data required time
---------------------------------------------------------------------------------------------
                                              0.231619   data required time
                                             -0.545423   data arrival time
---------------------------------------------------------------------------------------------
                                              0.313804   slack (MET)


Startpoint: _3165_ (rising edge-triggered flip-flop clocked by clk)
Endpoint: _3165_ (rising edge-triggered flip-flop clocked by clk)
Path Group: clk
Path Type: min

Fanout         Cap        Slew       Delay        Time   Description
---------------------------------------------------------------------------------------------
                      0.150000    0.000000    0.000000   clock clk (rise edge)
                                  0.000000    0.000000   clock network delay (ideal)
                      0.150000    0.000000    0.000000 ^ _3165_/CLK (sky130_fd_sc_hd__dfxtp_2)
     5    0.015397    0.088618    0.388057    0.388057 ^ _3165_/Q (sky130_fd_sc_hd__dfxtp_2)
                                                         u_core.pe_array[0].u_pe.tap_count[0] (net)
                      0.088618    0.000000    0.388057 ^ _2843_/B (sky130_fd_sc_hd__nand2_2)
     1    0.002260    0.026581    0.050397    0.438455 v _2843_/Y (sky130_fd_sc_hd__nand2_2)
                                                         _1241_ (net)
                      0.026581    0.000000    0.438455 v _2844_/B1 (sky130_fd_sc_hd__o211a_2)
     1    0.001681    0.023164    0.114457    0.552911 v _2844_/X (sky130_fd_sc_hd__o211a_2)
                                                         _0279_ (net)
                      0.023164    0.000000    0.552911 v _3165_/D (sky130_fd_sc_hd__dfxtp_2)
                                              0.552911   data arrival time

                      0.150000    0.000000    0.000000   clock clk (rise edge)
                                  0.000000    0.000000   clock network delay (ideal)
                                  0.250000    0.250000   clock uncertainty
                                  0.000000    0.250000   clock reconvergence pessimism
                                              0.250000 ^ _3165_/CLK (sky130_fd_sc_hd__dfxtp_2)
                                 -0.013695    0.236305   library hold time
                                              0.236305   data required time
---------------------------------------------------------------------------------------------
                                              0.236305   data required time
                                             -0.552911   data arrival time
---------------------------------------------------------------------------------------------
                                              0.316606   slack (MET)


Startpoint: _3139_ (rising edge-triggered flip-flop clocked by clk)
Endpoint: _3139_ (rising edge-triggered flip-flop clocked by clk)
Path Group: clk
Path Type: min

Fanout         Cap        Slew       Delay        Time   Description
---------------------------------------------------------------------------------------------
                      0.150000    0.000000    0.000000   clock clk (rise edge)
                                  0.000000    0.000000   clock network delay (ideal)
                      0.150000    0.000000    0.000000 ^ _3139_/CLK (sky130_fd_sc_hd__dfxtp_2)
     3    0.018231    0.102252    0.397899    0.397899 ^ _3139_/Q (sky130_fd_sc_hd__dfxtp_2)
                                                         u_core.pe_array[0].u_pe.accum_reg[6] (net)
                      0.102252    0.000000    0.397899 ^ _2784_/A2 (sky130_fd_sc_hd__a22oi_2)
     1    0.004136    0.051392    0.087557    0.485456 v _2784_/Y (sky130_fd_sc_hd__a22oi_2)
                                                         _1208_ (net)
                      0.051392    0.000000    0.485456 v _2785_/B (sky130_fd_sc_hd__nor2_2)
     1    0.001674    0.049920    0.062782    0.548238 ^ _2785_/Y (sky130_fd_sc_hd__nor2_2)
                                                         _0253_ (net)
                      0.049920    0.000000    0.548238 ^ _3139_/D (sky130_fd_sc_hd__dfxtp_2)
                                              0.548238   data arrival time

                      0.150000    0.000000    0.000000   clock clk (rise edge)
                                  0.000000    0.000000   clock network delay (ideal)
                                  0.250000    0.250000   clock uncertainty
                                  0.000000    0.250000   clock reconvergence pessimism
                                              0.250000 ^ _3139_/CLK (sky130_fd_sc_hd__dfxtp_2)
                                 -0.018371    0.231629   library hold time
                                              0.231629   data required time
---------------------------------------------------------------------------------------------
                                              0.231629   data required time
                                             -0.548238   data arrival time
---------------------------------------------------------------------------------------------
                                              0.316609   slack (MET)


Startpoint: _3152_ (rising edge-triggered flip-flop clocked by clk)
Endpoint: _3152_ (rising edge-triggered flip-flop clocked by clk)
Path Group: clk
Path Type: min

Fanout         Cap        Slew       Delay        Time   Description
---------------------------------------------------------------------------------------------
                      0.150000    0.000000    0.000000   clock clk (rise edge)
                                  0.000000    0.000000   clock network delay (ideal)
                      0.150000    0.000000    0.000000 ^ _3152_/CLK (sky130_fd_sc_hd__dfxtp_2)
     4    0.018523    0.103657    0.398913    0.398913 ^ _3152_/Q (sky130_fd_sc_hd__dfxtp_2)
                                                         u_core.pe_array[0].u_pe.accum_reg[19] (net)
                      0.103657    0.000000    0.398913 ^ _2817_/A2 (sky130_fd_sc_hd__a22oi_2)
     1    0.004136    0.051483    0.087964    0.486877 v _2817_/Y (sky130_fd_sc_hd__a22oi_2)
                                                         _1228_ (net)
                      0.051483    0.000000    0.486877 v _2818_/B (sky130_fd_sc_hd__nor2_2)
     1    0.001674    0.049919    0.062816    0.549694 ^ _2818_/Y (sky130_fd_sc_hd__nor2_2)
                                                         _0266_ (net)
                      0.049919    0.000000    0.549694 ^ _3152_/D (sky130_fd_sc_hd__dfxtp_2)
                                              0.549694   data arrival time

                      0.150000    0.000000    0.000000   clock clk (rise edge)
                                  0.000000    0.000000   clock network delay (ideal)
                                  0.250000    0.250000   clock uncertainty
                                  0.000000    0.250000   clock reconvergence pessimism
                                              0.250000 ^ _3152_/CLK (sky130_fd_sc_hd__dfxtp_2)
                                 -0.018371    0.231629   library hold time
                                              0.231629   data required time
---------------------------------------------------------------------------------------------
                                              0.231629   data required time
                                             -0.549694   data arrival time
---------------------------------------------------------------------------------------------
                                              0.318064   slack (MET)


Startpoint: _3164_ (rising edge-triggered flip-flop clocked by clk)
Endpoint: _3164_ (rising edge-triggered flip-flop clocked by clk)
Path Group: clk
Path Type: min

Fanout         Cap        Slew       Delay        Time   Description
---------------------------------------------------------------------------------------------
                      0.150000    0.000000    0.000000   clock clk (rise edge)
                                  0.000000    0.000000   clock network delay (ideal)
                      0.150000    0.000000    0.000000 ^ _3164_/CLK (sky130_fd_sc_hd__dfxtp_2)
     2    0.012594    0.044969    0.365094    0.365094 v _3164_/Q (sky130_fd_sc_hd__dfxtp_2)
                                                         u_core.pe_array[0].u_pe.accum_reg[31] (net)
                      0.044969    0.000000    0.365094 v _1444_/A (sky130_fd_sc_hd__inv_2)
     1    0.002346    0.022087    0.038563    0.403658 ^ _1444_/Y (sky130_fd_sc_hd__inv_2)
                                                         _1248_ (net)
                      0.022087    0.000000    0.403658 ^ _2841_/B1 (sky130_fd_sc_hd__o32a_2)
     1    0.004740    0.042051    0.128987    0.532645 ^ _2841_/X (sky130_fd_sc_hd__o32a_2)
                                                         _1240_ (net)
                      0.042051    0.000000    0.532645 ^ _2842_/B (sky130_fd_sc_hd__nor2_2)
     1    0.001681    0.014056    0.025617    0.558262 v _2842_/Y (sky130_fd_sc_hd__nor2_2)
                                                         _0278_ (net)
                      0.014056    0.000000    0.558262 v _3164_/D (sky130_fd_sc_hd__dfxtp_2)
                                              0.558262   data arrival time

                      0.150000    0.000000    0.000000   clock clk (rise edge)
                                  0.000000    0.000000   clock network delay (ideal)
                                  0.250000    0.250000   clock uncertainty
                                  0.000000    0.250000   clock reconvergence pessimism
                                              0.250000 ^ _3164_/CLK (sky130_fd_sc_hd__dfxtp_2)
                                 -0.009956    0.240044   library hold time
                                              0.240044   data required time
---------------------------------------------------------------------------------------------
                                              0.240044   data required time
                                             -0.558262   data arrival time
---------------------------------------------------------------------------------------------
                                              0.318218   slack (MET)


Startpoint: _2888_ (rising edge-triggered flip-flop clocked by clk)
Endpoint: _2888_ (rising edge-triggered flip-flop clocked by clk)
Path Group: clk
Path Type: min

Fanout         Cap        Slew       Delay        Time   Description
---------------------------------------------------------------------------------------------
                      0.150000    0.000000    0.000000   clock clk (rise edge)
                                  0.000000    0.000000   clock network delay (ideal)
                      0.150000    0.000000    0.000000 ^ _2888_/CLK (sky130_fd_sc_hd__dfxtp_2)
     8    0.020359    0.112490    0.405289    0.405289 ^ _2888_/Q (sky130_fd_sc_hd__dfxtp_2)
                                                         u_intf.u_slave.wr_state[2] (net)
                      0.112490    0.000000    0.405289 ^ _1471_/A2 (sky130_fd_sc_hd__a31o_2)
     1    0.001674    0.027958    0.151461    0.556750 ^ _1471_/X (sky130_fd_sc_hd__a31o_2)
                                                         _0007_ (net)
                      0.027958    0.000000    0.556750 ^ _2888_/D (sky130_fd_sc_hd__dfxtp_2)
                                              0.556750   data arrival time

                      0.150000    0.000000    0.000000   clock clk (rise edge)
                                  0.000000    0.000000   clock network delay (ideal)
                                  0.250000    0.250000   clock uncertainty
                                  0.000000    0.250000   clock reconvergence pessimism
                                              0.250000 ^ _2888_/CLK (sky130_fd_sc_hd__dfxtp_2)
                                 -0.013881    0.236119   library hold time
                                              0.236119   data required time
---------------------------------------------------------------------------------------------
                                              0.236119   data required time
                                             -0.556750   data arrival time
---------------------------------------------------------------------------------------------
                                              0.320631   slack (MET)


Startpoint: _3151_ (rising edge-triggered flip-flop clocked by clk)
Endpoint: _3151_ (rising edge-triggered flip-flop clocked by clk)
Path Group: clk
Path Type: min

Fanout         Cap        Slew       Delay        Time   Description
---------------------------------------------------------------------------------------------
                      0.150000    0.000000    0.000000   clock clk (rise edge)
                                  0.000000    0.000000   clock network delay (ideal)
                      0.150000    0.000000    0.000000 ^ _3151_/CLK (sky130_fd_sc_hd__dfxtp_2)
     2    0.006471    0.031871    0.349569    0.349569 v _3151_/Q (sky130_fd_sc_hd__dfxtp_2)
                                                         u_core.pe_array[0].u_pe.accum_reg[18] (net)
                      0.031871    0.000000    0.349569 v _1445_/A (sky130_fd_sc_hd__inv_2)
     2    0.003654    0.025251    0.037538    0.387106 ^ _1445_/Y (sky130_fd_sc_hd__inv_2)
                                                         _1249_ (net)
                      0.025251    0.000000    0.387106 ^ _2815_/B2 (sky130_fd_sc_hd__o2bb2a_2)
     1    0.004740    0.047535    0.146558    0.533664 ^ _2815_/X (sky130_fd_sc_hd__o2bb2a_2)
                                                         _1227_ (net)
                      0.047535    0.000000    0.533664 ^ _2816_/B (sky130_fd_sc_hd__nor2_2)
     1    0.001681    0.015114    0.026961    0.560625 v _2816_/Y (sky130_fd_sc_hd__nor2_2)
                                                         _0265_ (net)
                      0.015114    0.000000    0.560625 v _3151_/D (sky130_fd_sc_hd__dfxtp_2)
                                              0.560625   data arrival time

                      0.150000    0.000000    0.000000   clock clk (rise edge)
                                  0.000000    0.000000   clock network delay (ideal)
                                  0.250000    0.250000   clock uncertainty
                                  0.000000    0.250000   clock reconvergence pessimism
                                              0.250000 ^ _3151_/CLK (sky130_fd_sc_hd__dfxtp_2)
                                 -0.010390    0.239610   library hold time
                                              0.239610   data required time
---------------------------------------------------------------------------------------------
                                              0.239610   data required time
                                             -0.560625   data arrival time
---------------------------------------------------------------------------------------------
                                              0.321015   slack (MET)


Startpoint: _3068_ (rising edge-triggered flip-flop clocked by clk)
Endpoint: _3068_ (rising edge-triggered flip-flop clocked by clk)
Path Group: clk
Path Type: min

Fanout         Cap        Slew       Delay        Time   Description
---------------------------------------------------------------------------------------------
                      0.150000    0.000000    0.000000   clock clk (rise edge)
                                  0.000000    0.000000   clock network delay (ideal)
                      0.150000    0.000000    0.000000 ^ _3068_/CLK (sky130_fd_sc_hd__dfxtp_2)
     2    0.004036    0.036391    0.346158    0.346158 ^ _3068_/Q (sky130_fd_sc_hd__dfxtp_2)
                                                         u_intf.u_slave.reg_ctrl[1] (net)
                      0.036391    0.000000    0.346158 ^ _1881_/A0 (sky130_fd_sc_hd__mux2_1)
     1    0.001541    0.032945    0.101352    0.447510 ^ _1881_/X (sky130_fd_sc_hd__mux2_1)
                                                         _0376_ (net)
                      0.032945    0.000000    0.447510 ^ _1882_/B (sky130_fd_sc_hd__and2_2)
     1    0.001674    0.032314    0.118154    0.565663 ^ _1882_/X (sky130_fd_sc_hd__and2_2)
                                                         _0182_ (net)
                      0.032314    0.000000    0.565663 ^ _3068_/D (sky130_fd_sc_hd__dfxtp_2)
                                              0.565663   data arrival time

                      0.150000    0.000000    0.000000   clock clk (rise edge)
                                  0.000000    0.000000   clock network delay (ideal)
                                  0.250000    0.250000   clock uncertainty
                                  0.000000    0.250000   clock reconvergence pessimism
                                              0.250000 ^ _3068_/CLK (sky130_fd_sc_hd__dfxtp_2)
                                 -0.014771    0.235229   library hold time
                                              0.235229   data required time
---------------------------------------------------------------------------------------------
                                              0.235229   data required time
                                             -0.565663   data arrival time
---------------------------------------------------------------------------------------------
                                              0.330435   slack (MET)


Startpoint: _3069_ (rising edge-triggered flip-flop clocked by clk)
Endpoint: _3069_ (rising edge-triggered flip-flop clocked by clk)
Path Group: clk
Path Type: min

Fanout         Cap        Slew       Delay        Time   Description
---------------------------------------------------------------------------------------------
                      0.150000    0.000000    0.000000   clock clk (rise edge)
                                  0.000000    0.000000   clock network delay (ideal)
                      0.150000    0.000000    0.000000 ^ _3069_/CLK (sky130_fd_sc_hd__dfxtp_2)
     2    0.004036    0.036391    0.346158    0.346158 ^ _3069_/Q (sky130_fd_sc_hd__dfxtp_2)
                                                         u_intf.u_slave.reg_ctrl[2] (net)
                      0.036391    0.000000    0.346158 ^ _1883_/A0 (sky130_fd_sc_hd__mux2_1)
     1    0.001541    0.032945    0.101352    0.447510 ^ _1883_/X (sky130_fd_sc_hd__mux2_1)
                                                         _0377_ (net)
                      0.032945    0.000000    0.447510 ^ _1884_/B (sky130_fd_sc_hd__and2_2)
     1    0.001674    0.032314    0.118154    0.565663 ^ _1884_/X (sky130_fd_sc_hd__and2_2)
                                                         _0183_ (net)
                      0.032314    0.000000    0.565663 ^ _3069_/D (sky130_fd_sc_hd__dfxtp_2)
                                              0.565663   data arrival time

                      0.150000    0.000000    0.000000   clock clk (rise edge)
                                  0.000000    0.000000   clock network delay (ideal)
                                  0.250000    0.250000   clock uncertainty
                                  0.000000    0.250000   clock reconvergence pessimism
                                              0.250000 ^ _3069_/CLK (sky130_fd_sc_hd__dfxtp_2)
                                 -0.014771    0.235229   library hold time
                                              0.235229   data required time
---------------------------------------------------------------------------------------------
                                              0.235229   data required time
                                             -0.565663   data arrival time
---------------------------------------------------------------------------------------------
                                              0.330435   slack (MET)


Startpoint: _3070_ (rising edge-triggered flip-flop clocked by clk)
Endpoint: _3070_ (rising edge-triggered flip-flop clocked by clk)
Path Group: clk
Path Type: min

Fanout         Cap        Slew       Delay        Time   Description
---------------------------------------------------------------------------------------------
                      0.150000    0.000000    0.000000   clock clk (rise edge)
                                  0.000000    0.000000   clock network delay (ideal)
                      0.150000    0.000000    0.000000 ^ _3070_/CLK (sky130_fd_sc_hd__dfxtp_2)
     2    0.004036    0.036391    0.346158    0.346158 ^ _3070_/Q (sky130_fd_sc_hd__dfxtp_2)
                                                         u_intf.u_slave.reg_ctrl[3] (net)
                      0.036391    0.000000    0.346158 ^ _1885_/A0 (sky130_fd_sc_hd__mux2_1)
     1    0.001541    0.032945    0.101352    0.447510 ^ _1885_/X (sky130_fd_sc_hd__mux2_1)
                                                         _0378_ (net)
                      0.032945    0.000000    0.447510 ^ _1886_/B (sky130_fd_sc_hd__and2_2)
     1    0.001674    0.032314    0.118154    0.565663 ^ _1886_/X (sky130_fd_sc_hd__and2_2)
                                                         _0184_ (net)
                      0.032314    0.000000    0.565663 ^ _3070_/D (sky130_fd_sc_hd__dfxtp_2)
                                              0.565663   data arrival time

                      0.150000    0.000000    0.000000   clock clk (rise edge)
                                  0.000000    0.000000   clock network delay (ideal)
                                  0.250000    0.250000   clock uncertainty
                                  0.000000    0.250000   clock reconvergence pessimism
                                              0.250000 ^ _3070_/CLK (sky130_fd_sc_hd__dfxtp_2)
                                 -0.014771    0.235229   library hold time
                                              0.235229   data required time
---------------------------------------------------------------------------------------------
                                              0.235229   data required time
                                             -0.565663   data arrival time
---------------------------------------------------------------------------------------------
                                              0.330435   slack (MET)


Startpoint: _3071_ (rising edge-triggered flip-flop clocked by clk)
Endpoint: _3071_ (rising edge-triggered flip-flop clocked by clk)
Path Group: clk
Path Type: min

Fanout         Cap        Slew       Delay        Time   Description
---------------------------------------------------------------------------------------------
                      0.150000    0.000000    0.000000   clock clk (rise edge)
                                  0.000000    0.000000   clock network delay (ideal)
                      0.150000    0.000000    0.000000 ^ _3071_/CLK (sky130_fd_sc_hd__dfxtp_2)
     2    0.004036    0.036391    0.346158    0.346158 ^ _3071_/Q (sky130_fd_sc_hd__dfxtp_2)
                                                         u_intf.u_slave.reg_ctrl[4] (net)
                      0.036391    0.000000    0.346158 ^ _1887_/A0 (sky130_fd_sc_hd__mux2_1)
     1    0.001541    0.032945    0.101352    0.447510 ^ _1887_/X (sky130_fd_sc_hd__mux2_1)
                                                         _0379_ (net)
                      0.032945    0.000000    0.447510 ^ _1888_/B (sky130_fd_sc_hd__and2_2)
     1    0.001674    0.032314    0.118154    0.565663 ^ _1888_/X (sky130_fd_sc_hd__and2_2)
                                                         _0185_ (net)
                      0.032314    0.000000    0.565663 ^ _3071_/D (sky130_fd_sc_hd__dfxtp_2)
                                              0.565663   data arrival time

                      0.150000    0.000000    0.000000   clock clk (rise edge)
                                  0.000000    0.000000   clock network delay (ideal)
                                  0.250000    0.250000   clock uncertainty
                                  0.000000    0.250000   clock reconvergence pessimism
                                              0.250000 ^ _3071_/CLK (sky130_fd_sc_hd__dfxtp_2)
                                 -0.014771    0.235229   library hold time
                                              0.235229   data required time
---------------------------------------------------------------------------------------------
                                              0.235229   data required time
                                             -0.565663   data arrival time
---------------------------------------------------------------------------------------------
                                              0.330435   slack (MET)


Startpoint: _3072_ (rising edge-triggered flip-flop clocked by clk)
Endpoint: _3072_ (rising edge-triggered flip-flop clocked by clk)
Path Group: clk
Path Type: min

Fanout         Cap        Slew       Delay        Time   Description
---------------------------------------------------------------------------------------------
                      0.150000    0.000000    0.000000   clock clk (rise edge)
                                  0.000000    0.000000   clock network delay (ideal)
                      0.150000    0.000000    0.000000 ^ _3072_/CLK (sky130_fd_sc_hd__dfxtp_2)
     2    0.004036    0.036391    0.346158    0.346158 ^ _3072_/Q (sky130_fd_sc_hd__dfxtp_2)
                                                         u_intf.u_slave.reg_ctrl[5] (net)
                      0.036391    0.000000    0.346158 ^ _1889_/A0 (sky130_fd_sc_hd__mux2_1)
     1    0.001541    0.032945    0.101352    0.447510 ^ _1889_/X (sky130_fd_sc_hd__mux2_1)
                                                         _0380_ (net)
                      0.032945    0.000000    0.447510 ^ _1890_/B (sky130_fd_sc_hd__and2_2)
     1    0.001674    0.032314    0.118154    0.565663 ^ _1890_/X (sky130_fd_sc_hd__and2_2)
                                                         _0186_ (net)
                      0.032314    0.000000    0.565663 ^ _3072_/D (sky130_fd_sc_hd__dfxtp_2)
                                              0.565663   data arrival time

                      0.150000    0.000000    0.000000   clock clk (rise edge)
                                  0.000000    0.000000   clock network delay (ideal)
                                  0.250000    0.250000   clock uncertainty
                                  0.000000    0.250000   clock reconvergence pessimism
                                              0.250000 ^ _3072_/CLK (sky130_fd_sc_hd__dfxtp_2)
                                 -0.014771    0.235229   library hold time
                                              0.235229   data required time
---------------------------------------------------------------------------------------------
                                              0.235229   data required time
                                             -0.565663   data arrival time
---------------------------------------------------------------------------------------------
                                              0.330435   slack (MET)


Startpoint: _3075_ (rising edge-triggered flip-flop clocked by clk)
Endpoint: _3075_ (rising edge-triggered flip-flop clocked by clk)
Path Group: clk
Path Type: min

Fanout         Cap        Slew       Delay        Time   Description
---------------------------------------------------------------------------------------------
                      0.150000    0.000000    0.000000   clock clk (rise edge)
                                  0.000000    0.000000   clock network delay (ideal)
                      0.150000    0.000000    0.000000 ^ _3075_/CLK (sky130_fd_sc_hd__dfxtp_2)
     2    0.004036    0.036391    0.346158    0.346158 ^ _3075_/Q (sky130_fd_sc_hd__dfxtp_2)
                                                         u_intf.u_slave.reg_ctrl[8] (net)
                      0.036391    0.000000    0.346158 ^ _1895_/A0 (sky130_fd_sc_hd__mux2_1)
     1    0.001541    0.032945    0.101352    0.447510 ^ _1895_/X (sky130_fd_sc_hd__mux2_1)
                                                         _0383_ (net)
                      0.032945    0.000000    0.447510 ^ _1896_/B (sky130_fd_sc_hd__and2_2)
     1    0.001674    0.032314    0.118154    0.565663 ^ _1896_/X (sky130_fd_sc_hd__and2_2)
                                                         _0189_ (net)
                      0.032314    0.000000    0.565663 ^ _3075_/D (sky130_fd_sc_hd__dfxtp_2)
                                              0.565663   data arrival time

                      0.150000    0.000000    0.000000   clock clk (rise edge)
                                  0.000000    0.000000   clock network delay (ideal)
                                  0.250000    0.250000   clock uncertainty
                                  0.000000    0.250000   clock reconvergence pessimism
                                              0.250000 ^ _3075_/CLK (sky130_fd_sc_hd__dfxtp_2)
                                 -0.014771    0.235229   library hold time
                                              0.235229   data required time
---------------------------------------------------------------------------------------------
                                              0.235229   data required time
                                             -0.565663   data arrival time
---------------------------------------------------------------------------------------------
                                              0.330435   slack (MET)


Startpoint: _3076_ (rising edge-triggered flip-flop clocked by clk)
Endpoint: _3076_ (rising edge-triggered flip-flop clocked by clk)
Path Group: clk
Path Type: min

Fanout         Cap        Slew       Delay        Time   Description
---------------------------------------------------------------------------------------------
                      0.150000    0.000000    0.000000   clock clk (rise edge)
                                  0.000000    0.000000   clock network delay (ideal)
                      0.150000    0.000000    0.000000 ^ _3076_/CLK (sky130_fd_sc_hd__dfxtp_2)
     2    0.004036    0.036391    0.346158    0.346158 ^ _3076_/Q (sky130_fd_sc_hd__dfxtp_2)
                                                         u_intf.u_slave.reg_ctrl[9] (net)
                      0.036391    0.000000    0.346158 ^ _1897_/A0 (sky130_fd_sc_hd__mux2_1)
     1    0.001541    0.032945    0.101352    0.447510 ^ _1897_/X (sky130_fd_sc_hd__mux2_1)
                                                         _0384_ (net)
                      0.032945    0.000000    0.447510 ^ _1898_/B (sky130_fd_sc_hd__and2_2)
     1    0.001674    0.032314    0.118154    0.565663 ^ _1898_/X (sky130_fd_sc_hd__and2_2)
                                                         _0190_ (net)
                      0.032314    0.000000    0.565663 ^ _3076_/D (sky130_fd_sc_hd__dfxtp_2)
                                              0.565663   data arrival time

                      0.150000    0.000000    0.000000   clock clk (rise edge)
                                  0.000000    0.000000   clock network delay (ideal)
                                  0.250000    0.250000   clock uncertainty
                                  0.000000    0.250000   clock reconvergence pessimism
                                              0.250000 ^ _3076_/CLK (sky130_fd_sc_hd__dfxtp_2)
                                 -0.014771    0.235229   library hold time
                                              0.235229   data required time
---------------------------------------------------------------------------------------------
                                              0.235229   data required time
                                             -0.565663   data arrival time
---------------------------------------------------------------------------------------------
                                              0.330435   slack (MET)


Startpoint: _3077_ (rising edge-triggered flip-flop clocked by clk)
Endpoint: _3077_ (rising edge-triggered flip-flop clocked by clk)
Path Group: clk
Path Type: min

Fanout         Cap        Slew       Delay        Time   Description
---------------------------------------------------------------------------------------------
                      0.150000    0.000000    0.000000   clock clk (rise edge)
                                  0.000000    0.000000   clock network delay (ideal)
                      0.150000    0.000000    0.000000 ^ _3077_/CLK (sky130_fd_sc_hd__dfxtp_2)
     2    0.004036    0.036391    0.346158    0.346158 ^ _3077_/Q (sky130_fd_sc_hd__dfxtp_2)
                                                         u_intf.u_slave.reg_ctrl[10] (net)
                      0.036391    0.000000    0.346158 ^ _1899_/A0 (sky130_fd_sc_hd__mux2_1)
     1    0.001541    0.032945    0.101352    0.447510 ^ _1899_/X (sky130_fd_sc_hd__mux2_1)
                                                         _0385_ (net)
                      0.032945    0.000000    0.447510 ^ _1900_/B (sky130_fd_sc_hd__and2_2)
     1    0.001674    0.032314    0.118154    0.565663 ^ _1900_/X (sky130_fd_sc_hd__and2_2)
                                                         _0191_ (net)
                      0.032314    0.000000    0.565663 ^ _3077_/D (sky130_fd_sc_hd__dfxtp_2)
                                              0.565663   data arrival time

                      0.150000    0.000000    0.000000   clock clk (rise edge)
                                  0.000000    0.000000   clock network delay (ideal)
                                  0.250000    0.250000   clock uncertainty
                                  0.000000    0.250000   clock reconvergence pessimism
                                              0.250000 ^ _3077_/CLK (sky130_fd_sc_hd__dfxtp_2)
                                 -0.014771    0.235229   library hold time
                                              0.235229   data required time
---------------------------------------------------------------------------------------------
                                              0.235229   data required time
                                             -0.565663   data arrival time
---------------------------------------------------------------------------------------------
                                              0.330435   slack (MET)


Startpoint: _3078_ (rising edge-triggered flip-flop clocked by clk)
Endpoint: _3078_ (rising edge-triggered flip-flop clocked by clk)
Path Group: clk
Path Type: min

Fanout         Cap        Slew       Delay        Time   Description
---------------------------------------------------------------------------------------------
                      0.150000    0.000000    0.000000   clock clk (rise edge)
                                  0.000000    0.000000   clock network delay (ideal)
                      0.150000    0.000000    0.000000 ^ _3078_/CLK (sky130_fd_sc_hd__dfxtp_2)
     2    0.004036    0.036391    0.346158    0.346158 ^ _3078_/Q (sky130_fd_sc_hd__dfxtp_2)
                                                         u_intf.u_slave.reg_ctrl[11] (net)
                      0.036391    0.000000    0.346158 ^ _1901_/A0 (sky130_fd_sc_hd__mux2_1)
     1    0.001541    0.032945    0.101352    0.447510 ^ _1901_/X (sky130_fd_sc_hd__mux2_1)
                                                         _0386_ (net)
                      0.032945    0.000000    0.447510 ^ _1902_/B (sky130_fd_sc_hd__and2_2)
     1    0.001674    0.032314    0.118154    0.565663 ^ _1902_/X (sky130_fd_sc_hd__and2_2)
                                                         _0192_ (net)
                      0.032314    0.000000    0.565663 ^ _3078_/D (sky130_fd_sc_hd__dfxtp_2)
                                              0.565663   data arrival time

                      0.150000    0.000000    0.000000   clock clk (rise edge)
                                  0.000000    0.000000   clock network delay (ideal)
                                  0.250000    0.250000   clock uncertainty
                                  0.000000    0.250000   clock reconvergence pessimism
                                              0.250000 ^ _3078_/CLK (sky130_fd_sc_hd__dfxtp_2)
                                 -0.014771    0.235229   library hold time
                                              0.235229   data required time
---------------------------------------------------------------------------------------------
                                              0.235229   data required time
                                             -0.565663   data arrival time
---------------------------------------------------------------------------------------------
                                              0.330435   slack (MET)


Startpoint: _3080_ (rising edge-triggered flip-flop clocked by clk)
Endpoint: _3080_ (rising edge-triggered flip-flop clocked by clk)
Path Group: clk
Path Type: min

Fanout         Cap        Slew       Delay        Time   Description
---------------------------------------------------------------------------------------------
                      0.150000    0.000000    0.000000   clock clk (rise edge)
                                  0.000000    0.000000   clock network delay (ideal)
                      0.150000    0.000000    0.000000 ^ _3080_/CLK (sky130_fd_sc_hd__dfxtp_2)
     2    0.004036    0.036391    0.346158    0.346158 ^ _3080_/Q (sky130_fd_sc_hd__dfxtp_2)
                                                         u_intf.u_slave.reg_ctrl[13] (net)
                      0.036391    0.000000    0.346158 ^ _1905_/A0 (sky130_fd_sc_hd__mux2_1)
     1    0.001541    0.032945    0.101352    0.447510 ^ _1905_/X (sky130_fd_sc_hd__mux2_1)
                                                         _0388_ (net)
                      0.032945    0.000000    0.447510 ^ _1906_/B (sky130_fd_sc_hd__and2_2)
     1    0.001674    0.032314    0.118154    0.565663 ^ _1906_/X (sky130_fd_sc_hd__and2_2)
                                                         _0194_ (net)
                      0.032314    0.000000    0.565663 ^ _3080_/D (sky130_fd_sc_hd__dfxtp_2)
                                              0.565663   data arrival time

                      0.150000    0.000000    0.000000   clock clk (rise edge)
                                  0.000000    0.000000   clock network delay (ideal)
                                  0.250000    0.250000   clock uncertainty
                                  0.000000    0.250000   clock reconvergence pessimism
                                              0.250000 ^ _3080_/CLK (sky130_fd_sc_hd__dfxtp_2)
                                 -0.014771    0.235229   library hold time
                                              0.235229   data required time
---------------------------------------------------------------------------------------------
                                              0.235229   data required time
                                             -0.565663   data arrival time
---------------------------------------------------------------------------------------------
                                              0.330435   slack (MET)


Startpoint: _3081_ (rising edge-triggered flip-flop clocked by clk)
Endpoint: _3081_ (rising edge-triggered flip-flop clocked by clk)
Path Group: clk
Path Type: min

Fanout         Cap        Slew       Delay        Time   Description
---------------------------------------------------------------------------------------------
                      0.150000    0.000000    0.000000   clock clk (rise edge)
                                  0.000000    0.000000   clock network delay (ideal)
                      0.150000    0.000000    0.000000 ^ _3081_/CLK (sky130_fd_sc_hd__dfxtp_2)
     2    0.004036    0.036391    0.346158    0.346158 ^ _3081_/Q (sky130_fd_sc_hd__dfxtp_2)
                                                         u_intf.u_slave.reg_ctrl[14] (net)
                      0.036391    0.000000    0.346158 ^ _1907_/A0 (sky130_fd_sc_hd__mux2_1)
     1    0.001541    0.032945    0.101352    0.447510 ^ _1907_/X (sky130_fd_sc_hd__mux2_1)
                                                         _0389_ (net)
                      0.032945    0.000000    0.447510 ^ _1908_/B (sky130_fd_sc_hd__and2_2)
     1    0.001674    0.032314    0.118154    0.565663 ^ _1908_/X (sky130_fd_sc_hd__and2_2)
                                                         _0195_ (net)
                      0.032314    0.000000    0.565663 ^ _3081_/D (sky130_fd_sc_hd__dfxtp_2)
                                              0.565663   data arrival time

                      0.150000    0.000000    0.000000   clock clk (rise edge)
                                  0.000000    0.000000   clock network delay (ideal)
                                  0.250000    0.250000   clock uncertainty
                                  0.000000    0.250000   clock reconvergence pessimism
                                              0.250000 ^ _3081_/CLK (sky130_fd_sc_hd__dfxtp_2)
                                 -0.014771    0.235229   library hold time
                                              0.235229   data required time
---------------------------------------------------------------------------------------------
                                              0.235229   data required time
                                             -0.565663   data arrival time
---------------------------------------------------------------------------------------------
                                              0.330435   slack (MET)


Startpoint: _3082_ (rising edge-triggered flip-flop clocked by clk)
Endpoint: _3082_ (rising edge-triggered flip-flop clocked by clk)
Path Group: clk
Path Type: min

Fanout         Cap        Slew       Delay        Time   Description
---------------------------------------------------------------------------------------------
                      0.150000    0.000000    0.000000   clock clk (rise edge)
                                  0.000000    0.000000   clock network delay (ideal)
                      0.150000    0.000000    0.000000 ^ _3082_/CLK (sky130_fd_sc_hd__dfxtp_2)
     2    0.004036    0.036391    0.346158    0.346158 ^ _3082_/Q (sky130_fd_sc_hd__dfxtp_2)
                                                         u_intf.u_slave.reg_ctrl[15] (net)
                      0.036391    0.000000    0.346158 ^ _1909_/A0 (sky130_fd_sc_hd__mux2_1)
     1    0.001541    0.032945    0.101352    0.447510 ^ _1909_/X (sky130_fd_sc_hd__mux2_1)
                                                         _0390_ (net)
                      0.032945    0.000000    0.447510 ^ _1910_/B (sky130_fd_sc_hd__and2_2)
     1    0.001674    0.032314    0.118154    0.565663 ^ _1910_/X (sky130_fd_sc_hd__and2_2)
                                                         _0196_ (net)
                      0.032314    0.000000    0.565663 ^ _3082_/D (sky130_fd_sc_hd__dfxtp_2)
                                              0.565663   data arrival time

                      0.150000    0.000000    0.000000   clock clk (rise edge)
                                  0.000000    0.000000   clock network delay (ideal)
                                  0.250000    0.250000   clock uncertainty
                                  0.000000    0.250000   clock reconvergence pessimism
                                              0.250000 ^ _3082_/CLK (sky130_fd_sc_hd__dfxtp_2)
                                 -0.014771    0.235229   library hold time
                                              0.235229   data required time
---------------------------------------------------------------------------------------------
                                              0.235229   data required time
                                             -0.565663   data arrival time
---------------------------------------------------------------------------------------------
                                              0.330435   slack (MET)


Startpoint: _3083_ (rising edge-triggered flip-flop clocked by clk)
Endpoint: _3083_ (rising edge-triggered flip-flop clocked by clk)
Path Group: clk
Path Type: min

Fanout         Cap        Slew       Delay        Time   Description
---------------------------------------------------------------------------------------------
                      0.150000    0.000000    0.000000   clock clk (rise edge)
                                  0.000000    0.000000   clock network delay (ideal)
                      0.150000    0.000000    0.000000 ^ _3083_/CLK (sky130_fd_sc_hd__dfxtp_2)
     2    0.004036    0.036391    0.346158    0.346158 ^ _3083_/Q (sky130_fd_sc_hd__dfxtp_2)
                                                         u_intf.u_slave.reg_ctrl[16] (net)
                      0.036391    0.000000    0.346158 ^ _1911_/A0 (sky130_fd_sc_hd__mux2_1)
     1    0.001541    0.032945    0.101352    0.447510 ^ _1911_/X (sky130_fd_sc_hd__mux2_1)
                                                         _0391_ (net)
                      0.032945    0.000000    0.447510 ^ _1912_/B (sky130_fd_sc_hd__and2_2)
     1    0.001674    0.032314    0.118154    0.565663 ^ _1912_/X (sky130_fd_sc_hd__and2_2)
                                                         _0197_ (net)
                      0.032314    0.000000    0.565663 ^ _3083_/D (sky130_fd_sc_hd__dfxtp_2)
                                              0.565663   data arrival time

                      0.150000    0.000000    0.000000   clock clk (rise edge)
                                  0.000000    0.000000   clock network delay (ideal)
                                  0.250000    0.250000   clock uncertainty
                                  0.000000    0.250000   clock reconvergence pessimism
                                              0.250000 ^ _3083_/CLK (sky130_fd_sc_hd__dfxtp_2)
                                 -0.014771    0.235229   library hold time
                                              0.235229   data required time
---------------------------------------------------------------------------------------------
                                              0.235229   data required time
                                             -0.565663   data arrival time
---------------------------------------------------------------------------------------------
                                              0.330435   slack (MET)


Startpoint: _3084_ (rising edge-triggered flip-flop clocked by clk)
Endpoint: _3084_ (rising edge-triggered flip-flop clocked by clk)
Path Group: clk
Path Type: min

Fanout         Cap        Slew       Delay        Time   Description
---------------------------------------------------------------------------------------------
                      0.150000    0.000000    0.000000   clock clk (rise edge)
                                  0.000000    0.000000   clock network delay (ideal)
                      0.150000    0.000000    0.000000 ^ _3084_/CLK (sky130_fd_sc_hd__dfxtp_2)
     2    0.004036    0.036391    0.346158    0.346158 ^ _3084_/Q (sky130_fd_sc_hd__dfxtp_2)
                                                         u_intf.u_slave.reg_ctrl[17] (net)
                      0.036391    0.000000    0.346158 ^ _1913_/A0 (sky130_fd_sc_hd__mux2_1)
     1    0.001541    0.032945    0.101352    0.447510 ^ _1913_/X (sky130_fd_sc_hd__mux2_1)
                                                         _0392_ (net)
                      0.032945    0.000000    0.447510 ^ _1914_/B (sky130_fd_sc_hd__and2_2)
     1    0.001674    0.032314    0.118154    0.565663 ^ _1914_/X (sky130_fd_sc_hd__and2_2)
                                                         _0198_ (net)
                      0.032314    0.000000    0.565663 ^ _3084_/D (sky130_fd_sc_hd__dfxtp_2)
                                              0.565663   data arrival time

                      0.150000    0.000000    0.000000   clock clk (rise edge)
                                  0.000000    0.000000   clock network delay (ideal)
                                  0.250000    0.250000   clock uncertainty
                                  0.000000    0.250000   clock reconvergence pessimism
                                              0.250000 ^ _3084_/CLK (sky130_fd_sc_hd__dfxtp_2)
                                 -0.014771    0.235229   library hold time
                                              0.235229   data required time
---------------------------------------------------------------------------------------------
                                              0.235229   data required time
                                             -0.565663   data arrival time
---------------------------------------------------------------------------------------------
                                              0.330435   slack (MET)


Startpoint: _3085_ (rising edge-triggered flip-flop clocked by clk)
Endpoint: _3085_ (rising edge-triggered flip-flop clocked by clk)
Path Group: clk
Path Type: min

Fanout         Cap        Slew       Delay        Time   Description
---------------------------------------------------------------------------------------------
                      0.150000    0.000000    0.000000   clock clk (rise edge)
                                  0.000000    0.000000   clock network delay (ideal)
                      0.150000    0.000000    0.000000 ^ _3085_/CLK (sky130_fd_sc_hd__dfxtp_2)
     2    0.004036    0.036391    0.346158    0.346158 ^ _3085_/Q (sky130_fd_sc_hd__dfxtp_2)
                                                         u_intf.u_slave.reg_ctrl[18] (net)
                      0.036391    0.000000    0.346158 ^ _1915_/A0 (sky130_fd_sc_hd__mux2_1)
     1    0.001541    0.032945    0.101352    0.447510 ^ _1915_/X (sky130_fd_sc_hd__mux2_1)
                                                         _0393_ (net)
                      0.032945    0.000000    0.447510 ^ _1916_/B (sky130_fd_sc_hd__and2_2)
     1    0.001674    0.032314    0.118154    0.565663 ^ _1916_/X (sky130_fd_sc_hd__and2_2)
                                                         _0199_ (net)
                      0.032314    0.000000    0.565663 ^ _3085_/D (sky130_fd_sc_hd__dfxtp_2)
                                              0.565663   data arrival time

                      0.150000    0.000000    0.000000   clock clk (rise edge)
                                  0.000000    0.000000   clock network delay (ideal)
                                  0.250000    0.250000   clock uncertainty
                                  0.000000    0.250000   clock reconvergence pessimism
                                              0.250000 ^ _3085_/CLK (sky130_fd_sc_hd__dfxtp_2)
                                 -0.014771    0.235229   library hold time
                                              0.235229   data required time
---------------------------------------------------------------------------------------------
                                              0.235229   data required time
                                             -0.565663   data arrival time
---------------------------------------------------------------------------------------------
                                              0.330435   slack (MET)


Startpoint: _3086_ (rising edge-triggered flip-flop clocked by clk)
Endpoint: _3086_ (rising edge-triggered flip-flop clocked by clk)
Path Group: clk
Path Type: min

Fanout         Cap        Slew       Delay        Time   Description
---------------------------------------------------------------------------------------------
                      0.150000    0.000000    0.000000   clock clk (rise edge)
                                  0.000000    0.000000   clock network delay (ideal)
                      0.150000    0.000000    0.000000 ^ _3086_/CLK (sky130_fd_sc_hd__dfxtp_2)
     2    0.004036    0.036391    0.346158    0.346158 ^ _3086_/Q (sky130_fd_sc_hd__dfxtp_2)
                                                         u_intf.u_slave.reg_ctrl[19] (net)
                      0.036391    0.000000    0.346158 ^ _1917_/A0 (sky130_fd_sc_hd__mux2_1)
     1    0.001541    0.032945    0.101352    0.447510 ^ _1917_/X (sky130_fd_sc_hd__mux2_1)
                                                         _0394_ (net)
                      0.032945    0.000000    0.447510 ^ _1918_/B (sky130_fd_sc_hd__and2_2)
     1    0.001674    0.032314    0.118154    0.565663 ^ _1918_/X (sky130_fd_sc_hd__and2_2)
                                                         _0200_ (net)
                      0.032314    0.000000    0.565663 ^ _3086_/D (sky130_fd_sc_hd__dfxtp_2)
                                              0.565663   data arrival time

                      0.150000    0.000000    0.000000   clock clk (rise edge)
                                  0.000000    0.000000   clock network delay (ideal)
                                  0.250000    0.250000   clock uncertainty
                                  0.000000    0.250000   clock reconvergence pessimism
                                              0.250000 ^ _3086_/CLK (sky130_fd_sc_hd__dfxtp_2)
                                 -0.014771    0.235229   library hold time
                                              0.235229   data required time
---------------------------------------------------------------------------------------------
                                              0.235229   data required time
                                             -0.565663   data arrival time
---------------------------------------------------------------------------------------------
                                              0.330435   slack (MET)


Startpoint: _3087_ (rising edge-triggered flip-flop clocked by clk)
Endpoint: _3087_ (rising edge-triggered flip-flop clocked by clk)
Path Group: clk
Path Type: min

Fanout         Cap        Slew       Delay        Time   Description
---------------------------------------------------------------------------------------------
                      0.150000    0.000000    0.000000   clock clk (rise edge)
                                  0.000000    0.000000   clock network delay (ideal)
                      0.150000    0.000000    0.000000 ^ _3087_/CLK (sky130_fd_sc_hd__dfxtp_2)
     2    0.004036    0.036391    0.346158    0.346158 ^ _3087_/Q (sky130_fd_sc_hd__dfxtp_2)
                                                         u_intf.u_slave.reg_ctrl[20] (net)
                      0.036391    0.000000    0.346158 ^ _1919_/A0 (sky130_fd_sc_hd__mux2_1)
     1    0.001541    0.032945    0.101352    0.447510 ^ _1919_/X (sky130_fd_sc_hd__mux2_1)
                                                         _0395_ (net)
                      0.032945    0.000000    0.447510 ^ _1920_/B (sky130_fd_sc_hd__and2_2)
     1    0.001674    0.032314    0.118154    0.565663 ^ _1920_/X (sky130_fd_sc_hd__and2_2)
                                                         _0201_ (net)
                      0.032314    0.000000    0.565663 ^ _3087_/D (sky130_fd_sc_hd__dfxtp_2)
                                              0.565663   data arrival time

                      0.150000    0.000000    0.000000   clock clk (rise edge)
                                  0.000000    0.000000   clock network delay (ideal)
                                  0.250000    0.250000   clock uncertainty
                                  0.000000    0.250000   clock reconvergence pessimism
                                              0.250000 ^ _3087_/CLK (sky130_fd_sc_hd__dfxtp_2)
                                 -0.014771    0.235229   library hold time
                                              0.235229   data required time
---------------------------------------------------------------------------------------------
                                              0.235229   data required time
                                             -0.565663   data arrival time
---------------------------------------------------------------------------------------------
                                              0.330435   slack (MET)


Startpoint: _3088_ (rising edge-triggered flip-flop clocked by clk)
Endpoint: _3088_ (rising edge-triggered flip-flop clocked by clk)
Path Group: clk
Path Type: min

Fanout         Cap        Slew       Delay        Time   Description
---------------------------------------------------------------------------------------------
                      0.150000    0.000000    0.000000   clock clk (rise edge)
                                  0.000000    0.000000   clock network delay (ideal)
                      0.150000    0.000000    0.000000 ^ _3088_/CLK (sky130_fd_sc_hd__dfxtp_2)
     2    0.004036    0.036391    0.346158    0.346158 ^ _3088_/Q (sky130_fd_sc_hd__dfxtp_2)
                                                         u_intf.u_slave.reg_ctrl[21] (net)
                      0.036391    0.000000    0.346158 ^ _1921_/A0 (sky130_fd_sc_hd__mux2_1)
     1    0.001541    0.032945    0.101352    0.447510 ^ _1921_/X (sky130_fd_sc_hd__mux2_1)
                                                         _0396_ (net)
                      0.032945    0.000000    0.447510 ^ _1922_/B (sky130_fd_sc_hd__and2_2)
     1    0.001674    0.032314    0.118154    0.565663 ^ _1922_/X (sky130_fd_sc_hd__and2_2)
                                                         _0202_ (net)
                      0.032314    0.000000    0.565663 ^ _3088_/D (sky130_fd_sc_hd__dfxtp_2)
                                              0.565663   data arrival time

                      0.150000    0.000000    0.000000   clock clk (rise edge)
                                  0.000000    0.000000   clock network delay (ideal)
                                  0.250000    0.250000   clock uncertainty
                                  0.000000    0.250000   clock reconvergence pessimism
                                              0.250000 ^ _3088_/CLK (sky130_fd_sc_hd__dfxtp_2)
                                 -0.014771    0.235229   library hold time
                                              0.235229   data required time
---------------------------------------------------------------------------------------------
                                              0.235229   data required time
                                             -0.565663   data arrival time
---------------------------------------------------------------------------------------------
                                              0.330435   slack (MET)


Startpoint: _3089_ (rising edge-triggered flip-flop clocked by clk)
Endpoint: _3089_ (rising edge-triggered flip-flop clocked by clk)
Path Group: clk
Path Type: min

Fanout         Cap        Slew       Delay        Time   Description
---------------------------------------------------------------------------------------------
                      0.150000    0.000000    0.000000   clock clk (rise edge)
                                  0.000000    0.000000   clock network delay (ideal)
                      0.150000    0.000000    0.000000 ^ _3089_/CLK (sky130_fd_sc_hd__dfxtp_2)
     2    0.004036    0.036391    0.346158    0.346158 ^ _3089_/Q (sky130_fd_sc_hd__dfxtp_2)
                                                         u_intf.u_slave.reg_ctrl[22] (net)
                      0.036391    0.000000    0.346158 ^ _1923_/A0 (sky130_fd_sc_hd__mux2_1)
     1    0.001541    0.032945    0.101352    0.447510 ^ _1923_/X (sky130_fd_sc_hd__mux2_1)
                                                         _0397_ (net)
                      0.032945    0.000000    0.447510 ^ _1924_/B (sky130_fd_sc_hd__and2_2)
     1    0.001674    0.032314    0.118154    0.565663 ^ _1924_/X (sky130_fd_sc_hd__and2_2)
                                                         _0203_ (net)
                      0.032314    0.000000    0.565663 ^ _3089_/D (sky130_fd_sc_hd__dfxtp_2)
                                              0.565663   data arrival time

                      0.150000    0.000000    0.000000   clock clk (rise edge)
                                  0.000000    0.000000   clock network delay (ideal)
                                  0.250000    0.250000   clock uncertainty
                                  0.000000    0.250000   clock reconvergence pessimism
                                              0.250000 ^ _3089_/CLK (sky130_fd_sc_hd__dfxtp_2)
                                 -0.014771    0.235229   library hold time
                                              0.235229   data required time
---------------------------------------------------------------------------------------------
                                              0.235229   data required time
                                             -0.565663   data arrival time
---------------------------------------------------------------------------------------------
                                              0.330435   slack (MET)


Startpoint: _3090_ (rising edge-triggered flip-flop clocked by clk)
Endpoint: _3090_ (rising edge-triggered flip-flop clocked by clk)
Path Group: clk
Path Type: min

Fanout         Cap        Slew       Delay        Time   Description
---------------------------------------------------------------------------------------------
                      0.150000    0.000000    0.000000   clock clk (rise edge)
                                  0.000000    0.000000   clock network delay (ideal)
                      0.150000    0.000000    0.000000 ^ _3090_/CLK (sky130_fd_sc_hd__dfxtp_2)
     2    0.004036    0.036391    0.346158    0.346158 ^ _3090_/Q (sky130_fd_sc_hd__dfxtp_2)
                                                         u_intf.u_slave.reg_ctrl[23] (net)
                      0.036391    0.000000    0.346158 ^ _1925_/A0 (sky130_fd_sc_hd__mux2_1)
     1    0.001541    0.032945    0.101352    0.447510 ^ _1925_/X (sky130_fd_sc_hd__mux2_1)
                                                         _0398_ (net)
                      0.032945    0.000000    0.447510 ^ _1926_/B (sky130_fd_sc_hd__and2_2)
     1    0.001674    0.032314    0.118154    0.565663 ^ _1926_/X (sky130_fd_sc_hd__and2_2)
                                                         _0204_ (net)
                      0.032314    0.000000    0.565663 ^ _3090_/D (sky130_fd_sc_hd__dfxtp_2)
                                              0.565663   data arrival time

                      0.150000    0.000000    0.000000   clock clk (rise edge)
                                  0.000000    0.000000   clock network delay (ideal)
                                  0.250000    0.250000   clock uncertainty
                                  0.000000    0.250000   clock reconvergence pessimism
                                              0.250000 ^ _3090_/CLK (sky130_fd_sc_hd__dfxtp_2)
                                 -0.014771    0.235229   library hold time
                                              0.235229   data required time
---------------------------------------------------------------------------------------------
                                              0.235229   data required time
                                             -0.565663   data arrival time
---------------------------------------------------------------------------------------------
                                              0.330435   slack (MET)


Startpoint: _3091_ (rising edge-triggered flip-flop clocked by clk)
Endpoint: _3091_ (rising edge-triggered flip-flop clocked by clk)
Path Group: clk
Path Type: min

Fanout         Cap        Slew       Delay        Time   Description
---------------------------------------------------------------------------------------------
                      0.150000    0.000000    0.000000   clock clk (rise edge)
                                  0.000000    0.000000   clock network delay (ideal)
                      0.150000    0.000000    0.000000 ^ _3091_/CLK (sky130_fd_sc_hd__dfxtp_2)
     2    0.004036    0.036391    0.346158    0.346158 ^ _3091_/Q (sky130_fd_sc_hd__dfxtp_2)
                                                         u_intf.u_slave.reg_ctrl[24] (net)
                      0.036391    0.000000    0.346158 ^ _1927_/A0 (sky130_fd_sc_hd__mux2_1)
     1    0.001541    0.032945    0.101352    0.447510 ^ _1927_/X (sky130_fd_sc_hd__mux2_1)
                                                         _0399_ (net)
                      0.032945    0.000000    0.447510 ^ _1928_/B (sky130_fd_sc_hd__and2_2)
     1    0.001674    0.032314    0.118154    0.565663 ^ _1928_/X (sky130_fd_sc_hd__and2_2)
                                                         _0205_ (net)
                      0.032314    0.000000    0.565663 ^ _3091_/D (sky130_fd_sc_hd__dfxtp_2)
                                              0.565663   data arrival time

                      0.150000    0.000000    0.000000   clock clk (rise edge)
                                  0.000000    0.000000   clock network delay (ideal)
                                  0.250000    0.250000   clock uncertainty
                                  0.000000    0.250000   clock reconvergence pessimism
                                              0.250000 ^ _3091_/CLK (sky130_fd_sc_hd__dfxtp_2)
                                 -0.014771    0.235229   library hold time
                                              0.235229   data required time
---------------------------------------------------------------------------------------------
                                              0.235229   data required time
                                             -0.565663   data arrival time
---------------------------------------------------------------------------------------------
                                              0.330435   slack (MET)


Startpoint: _3092_ (rising edge-triggered flip-flop clocked by clk)
Endpoint: _3092_ (rising edge-triggered flip-flop clocked by clk)
Path Group: clk
Path Type: min

Fanout         Cap        Slew       Delay        Time   Description
---------------------------------------------------------------------------------------------
                      0.150000    0.000000    0.000000   clock clk (rise edge)
                                  0.000000    0.000000   clock network delay (ideal)
                      0.150000    0.000000    0.000000 ^ _3092_/CLK (sky130_fd_sc_hd__dfxtp_2)
     2    0.004036    0.036391    0.346158    0.346158 ^ _3092_/Q (sky130_fd_sc_hd__dfxtp_2)
                                                         u_intf.u_slave.reg_ctrl[25] (net)
                      0.036391    0.000000    0.346158 ^ _1929_/A0 (sky130_fd_sc_hd__mux2_1)
     1    0.001541    0.032945    0.101352    0.447510 ^ _1929_/X (sky130_fd_sc_hd__mux2_1)
                                                         _0400_ (net)
                      0.032945    0.000000    0.447510 ^ _1930_/B (sky130_fd_sc_hd__and2_2)
     1    0.001674    0.032314    0.118154    0.565663 ^ _1930_/X (sky130_fd_sc_hd__and2_2)
                                                         _0206_ (net)
                      0.032314    0.000000    0.565663 ^ _3092_/D (sky130_fd_sc_hd__dfxtp_2)
                                              0.565663   data arrival time

                      0.150000    0.000000    0.000000   clock clk (rise edge)
                                  0.000000    0.000000   clock network delay (ideal)
                                  0.250000    0.250000   clock uncertainty
                                  0.000000    0.250000   clock reconvergence pessimism
                                              0.250000 ^ _3092_/CLK (sky130_fd_sc_hd__dfxtp_2)
                                 -0.014771    0.235229   library hold time
                                              0.235229   data required time
---------------------------------------------------------------------------------------------
                                              0.235229   data required time
                                             -0.565663   data arrival time
---------------------------------------------------------------------------------------------
                                              0.330435   slack (MET)


Startpoint: _3093_ (rising edge-triggered flip-flop clocked by clk)
Endpoint: _3093_ (rising edge-triggered flip-flop clocked by clk)
Path Group: clk
Path Type: min

Fanout         Cap        Slew       Delay        Time   Description
---------------------------------------------------------------------------------------------
                      0.150000    0.000000    0.000000   clock clk (rise edge)
                                  0.000000    0.000000   clock network delay (ideal)
                      0.150000    0.000000    0.000000 ^ _3093_/CLK (sky130_fd_sc_hd__dfxtp_2)
     2    0.004036    0.036391    0.346158    0.346158 ^ _3093_/Q (sky130_fd_sc_hd__dfxtp_2)
                                                         u_intf.u_slave.reg_ctrl[26] (net)
                      0.036391    0.000000    0.346158 ^ _1931_/A0 (sky130_fd_sc_hd__mux2_1)
     1    0.001541    0.032945    0.101352    0.447510 ^ _1931_/X (sky130_fd_sc_hd__mux2_1)
                                                         _0401_ (net)
                      0.032945    0.000000    0.447510 ^ _1932_/B (sky130_fd_sc_hd__and2_2)
     1    0.001674    0.032314    0.118154    0.565663 ^ _1932_/X (sky130_fd_sc_hd__and2_2)
                                                         _0207_ (net)
                      0.032314    0.000000    0.565663 ^ _3093_/D (sky130_fd_sc_hd__dfxtp_2)
                                              0.565663   data arrival time

                      0.150000    0.000000    0.000000   clock clk (rise edge)
                                  0.000000    0.000000   clock network delay (ideal)
                                  0.250000    0.250000   clock uncertainty
                                  0.000000    0.250000   clock reconvergence pessimism
                                              0.250000 ^ _3093_/CLK (sky130_fd_sc_hd__dfxtp_2)
                                 -0.014771    0.235229   library hold time
                                              0.235229   data required time
---------------------------------------------------------------------------------------------
                                              0.235229   data required time
                                             -0.565663   data arrival time
---------------------------------------------------------------------------------------------
                                              0.330435   slack (MET)


Startpoint: _3094_ (rising edge-triggered flip-flop clocked by clk)
Endpoint: _3094_ (rising edge-triggered flip-flop clocked by clk)
Path Group: clk
Path Type: min

Fanout         Cap        Slew       Delay        Time   Description
---------------------------------------------------------------------------------------------
                      0.150000    0.000000    0.000000   clock clk (rise edge)
                                  0.000000    0.000000   clock network delay (ideal)
                      0.150000    0.000000    0.000000 ^ _3094_/CLK (sky130_fd_sc_hd__dfxtp_2)
     2    0.004036    0.036391    0.346158    0.346158 ^ _3094_/Q (sky130_fd_sc_hd__dfxtp_2)
                                                         u_intf.u_slave.reg_ctrl[27] (net)
                      0.036391    0.000000    0.346158 ^ _1933_/A0 (sky130_fd_sc_hd__mux2_1)
     1    0.001541    0.032945    0.101352    0.447510 ^ _1933_/X (sky130_fd_sc_hd__mux2_1)
                                                         _0402_ (net)
                      0.032945    0.000000    0.447510 ^ _1934_/B (sky130_fd_sc_hd__and2_2)
     1    0.001674    0.032314    0.118154    0.565663 ^ _1934_/X (sky130_fd_sc_hd__and2_2)
                                                         _0208_ (net)
                      0.032314    0.000000    0.565663 ^ _3094_/D (sky130_fd_sc_hd__dfxtp_2)
                                              0.565663   data arrival time

                      0.150000    0.000000    0.000000   clock clk (rise edge)
                                  0.000000    0.000000   clock network delay (ideal)
                                  0.250000    0.250000   clock uncertainty
                                  0.000000    0.250000   clock reconvergence pessimism
                                              0.250000 ^ _3094_/CLK (sky130_fd_sc_hd__dfxtp_2)
                                 -0.014771    0.235229   library hold time
                                              0.235229   data required time
---------------------------------------------------------------------------------------------
                                              0.235229   data required time
                                             -0.565663   data arrival time
---------------------------------------------------------------------------------------------
                                              0.330435   slack (MET)


Startpoint: _3095_ (rising edge-triggered flip-flop clocked by clk)
Endpoint: _3095_ (rising edge-triggered flip-flop clocked by clk)
Path Group: clk
Path Type: min

Fanout         Cap        Slew       Delay        Time   Description
---------------------------------------------------------------------------------------------
                      0.150000    0.000000    0.000000   clock clk (rise edge)
                                  0.000000    0.000000   clock network delay (ideal)
                      0.150000    0.000000    0.000000 ^ _3095_/CLK (sky130_fd_sc_hd__dfxtp_2)
     2    0.004036    0.036391    0.346158    0.346158 ^ _3095_/Q (sky130_fd_sc_hd__dfxtp_2)
                                                         u_intf.u_slave.reg_ctrl[28] (net)
                      0.036391    0.000000    0.346158 ^ _1935_/A0 (sky130_fd_sc_hd__mux2_1)
     1    0.001541    0.032945    0.101352    0.447510 ^ _1935_/X (sky130_fd_sc_hd__mux2_1)
                                                         _0403_ (net)
                      0.032945    0.000000    0.447510 ^ _1936_/B (sky130_fd_sc_hd__and2_2)
     1    0.001674    0.032314    0.118154    0.565663 ^ _1936_/X (sky130_fd_sc_hd__and2_2)
                                                         _0209_ (net)
                      0.032314    0.000000    0.565663 ^ _3095_/D (sky130_fd_sc_hd__dfxtp_2)
                                              0.565663   data arrival time

                      0.150000    0.000000    0.000000   clock clk (rise edge)
                                  0.000000    0.000000   clock network delay (ideal)
                                  0.250000    0.250000   clock uncertainty
                                  0.000000    0.250000   clock reconvergence pessimism
                                              0.250000 ^ _3095_/CLK (sky130_fd_sc_hd__dfxtp_2)
                                 -0.014771    0.235229   library hold time
                                              0.235229   data required time
---------------------------------------------------------------------------------------------
                                              0.235229   data required time
                                             -0.565663   data arrival time
---------------------------------------------------------------------------------------------
                                              0.330435   slack (MET)


Startpoint: _3096_ (rising edge-triggered flip-flop clocked by clk)
Endpoint: _3096_ (rising edge-triggered flip-flop clocked by clk)
Path Group: clk
Path Type: min

Fanout         Cap        Slew       Delay        Time   Description
---------------------------------------------------------------------------------------------
                      0.150000    0.000000    0.000000   clock clk (rise edge)
                                  0.000000    0.000000   clock network delay (ideal)
                      0.150000    0.000000    0.000000 ^ _3096_/CLK (sky130_fd_sc_hd__dfxtp_2)
     2    0.004036    0.036391    0.346158    0.346158 ^ _3096_/Q (sky130_fd_sc_hd__dfxtp_2)
                                                         u_intf.u_slave.reg_ctrl[29] (net)
                      0.036391    0.000000    0.346158 ^ _1937_/A0 (sky130_fd_sc_hd__mux2_1)
     1    0.001541    0.032945    0.101352    0.447510 ^ _1937_/X (sky130_fd_sc_hd__mux2_1)
                                                         _0404_ (net)
                      0.032945    0.000000    0.447510 ^ _1938_/B (sky130_fd_sc_hd__and2_2)
     1    0.001674    0.032314    0.118154    0.565663 ^ _1938_/X (sky130_fd_sc_hd__and2_2)
                                                         _0210_ (net)
                      0.032314    0.000000    0.565663 ^ _3096_/D (sky130_fd_sc_hd__dfxtp_2)
                                              0.565663   data arrival time

                      0.150000    0.000000    0.000000   clock clk (rise edge)
                                  0.000000    0.000000   clock network delay (ideal)
                                  0.250000    0.250000   clock uncertainty
                                  0.000000    0.250000   clock reconvergence pessimism
                                              0.250000 ^ _3096_/CLK (sky130_fd_sc_hd__dfxtp_2)
                                 -0.014771    0.235229   library hold time
                                              0.235229   data required time
---------------------------------------------------------------------------------------------
                                              0.235229   data required time
                                             -0.565663   data arrival time
---------------------------------------------------------------------------------------------
                                              0.330435   slack (MET)


Startpoint: _3097_ (rising edge-triggered flip-flop clocked by clk)
Endpoint: _3097_ (rising edge-triggered flip-flop clocked by clk)
Path Group: clk
Path Type: min

Fanout         Cap        Slew       Delay        Time   Description
---------------------------------------------------------------------------------------------
                      0.150000    0.000000    0.000000   clock clk (rise edge)
                                  0.000000    0.000000   clock network delay (ideal)
                      0.150000    0.000000    0.000000 ^ _3097_/CLK (sky130_fd_sc_hd__dfxtp_2)
     2    0.004036    0.036391    0.346158    0.346158 ^ _3097_/Q (sky130_fd_sc_hd__dfxtp_2)
                                                         u_intf.u_slave.reg_ctrl[30] (net)
                      0.036391    0.000000    0.346158 ^ _1939_/A0 (sky130_fd_sc_hd__mux2_1)
     1    0.001541    0.032945    0.101352    0.447510 ^ _1939_/X (sky130_fd_sc_hd__mux2_1)
                                                         _0405_ (net)
                      0.032945    0.000000    0.447510 ^ _1940_/B (sky130_fd_sc_hd__and2_2)
     1    0.001674    0.032314    0.118154    0.565663 ^ _1940_/X (sky130_fd_sc_hd__and2_2)
                                                         _0211_ (net)
                      0.032314    0.000000    0.565663 ^ _3097_/D (sky130_fd_sc_hd__dfxtp_2)
                                              0.565663   data arrival time

                      0.150000    0.000000    0.000000   clock clk (rise edge)
                                  0.000000    0.000000   clock network delay (ideal)
                                  0.250000    0.250000   clock uncertainty
                                  0.000000    0.250000   clock reconvergence pessimism
                                              0.250000 ^ _3097_/CLK (sky130_fd_sc_hd__dfxtp_2)
                                 -0.014771    0.235229   library hold time
                                              0.235229   data required time
---------------------------------------------------------------------------------------------
                                              0.235229   data required time
                                             -0.565663   data arrival time
---------------------------------------------------------------------------------------------
                                              0.330435   slack (MET)


Startpoint: _3098_ (rising edge-triggered flip-flop clocked by clk)
Endpoint: _3098_ (rising edge-triggered flip-flop clocked by clk)
Path Group: clk
Path Type: min

Fanout         Cap        Slew       Delay        Time   Description
---------------------------------------------------------------------------------------------
                      0.150000    0.000000    0.000000   clock clk (rise edge)
                                  0.000000    0.000000   clock network delay (ideal)
                      0.150000    0.000000    0.000000 ^ _3098_/CLK (sky130_fd_sc_hd__dfxtp_2)
     2    0.004036    0.036391    0.346158    0.346158 ^ _3098_/Q (sky130_fd_sc_hd__dfxtp_2)
                                                         u_intf.u_slave.reg_ctrl[31] (net)
                      0.036391    0.000000    0.346158 ^ _1941_/A0 (sky130_fd_sc_hd__mux2_1)
     1    0.001541    0.032945    0.101352    0.447510 ^ _1941_/X (sky130_fd_sc_hd__mux2_1)
                                                         _0406_ (net)
                      0.032945    0.000000    0.447510 ^ _1942_/B (sky130_fd_sc_hd__and2_2)
     1    0.001674    0.032314    0.118154    0.565663 ^ _1942_/X (sky130_fd_sc_hd__and2_2)
                                                         _0212_ (net)
                      0.032314    0.000000    0.565663 ^ _3098_/D (sky130_fd_sc_hd__dfxtp_2)
                                              0.565663   data arrival time

                      0.150000    0.000000    0.000000   clock clk (rise edge)
                                  0.000000    0.000000   clock network delay (ideal)
                                  0.250000    0.250000   clock uncertainty
                                  0.000000    0.250000   clock reconvergence pessimism
                                              0.250000 ^ _3098_/CLK (sky130_fd_sc_hd__dfxtp_2)
                                 -0.014771    0.235229   library hold time
                                              0.235229   data required time
---------------------------------------------------------------------------------------------
                                              0.235229   data required time
                                             -0.565663   data arrival time
---------------------------------------------------------------------------------------------
                                              0.330435   slack (MET)


Startpoint: _3073_ (rising edge-triggered flip-flop clocked by clk)
Endpoint: _3073_ (rising edge-triggered flip-flop clocked by clk)
Path Group: clk
Path Type: min

Fanout         Cap        Slew       Delay        Time   Description
---------------------------------------------------------------------------------------------
                      0.150000    0.000000    0.000000   clock clk (rise edge)
                                  0.000000    0.000000   clock network delay (ideal)
                      0.150000    0.000000    0.000000 ^ _3073_/CLK (sky130_fd_sc_hd__dfxtp_2)
     2    0.004039    0.036404    0.346172    0.346172 ^ _3073_/Q (sky130_fd_sc_hd__dfxtp_2)
                                                         u_intf.u_slave.reg_ctrl[6] (net)
                      0.036404    0.000000    0.346172 ^ _1891_/A0 (sky130_fd_sc_hd__mux2_1)
     1    0.001541    0.032945    0.101356    0.447528 ^ _1891_/X (sky130_fd_sc_hd__mux2_1)
                                                         _0381_ (net)
                      0.032945    0.000000    0.447528 ^ _1892_/B (sky130_fd_sc_hd__and2_2)
     1    0.001674    0.032314    0.118154    0.565682 ^ _1892_/X (sky130_fd_sc_hd__and2_2)
                                                         _0187_ (net)
                      0.032314    0.000000    0.565682 ^ _3073_/D (sky130_fd_sc_hd__dfxtp_2)
                                              0.565682   data arrival time

                      0.150000    0.000000    0.000000   clock clk (rise edge)
                                  0.000000    0.000000   clock network delay (ideal)
                                  0.250000    0.250000   clock uncertainty
                                  0.000000    0.250000   clock reconvergence pessimism
                                              0.250000 ^ _3073_/CLK (sky130_fd_sc_hd__dfxtp_2)
                                 -0.014771    0.235229   library hold time
                                              0.235229   data required time
---------------------------------------------------------------------------------------------
                                              0.235229   data required time
                                             -0.565682   data arrival time
---------------------------------------------------------------------------------------------
                                              0.330453   slack (MET)


Startpoint: _3074_ (rising edge-triggered flip-flop clocked by clk)
Endpoint: _3074_ (rising edge-triggered flip-flop clocked by clk)
Path Group: clk
Path Type: min

Fanout         Cap        Slew       Delay        Time   Description
---------------------------------------------------------------------------------------------
                      0.150000    0.000000    0.000000   clock clk (rise edge)
                                  0.000000    0.000000   clock network delay (ideal)
                      0.150000    0.000000    0.000000 ^ _3074_/CLK (sky130_fd_sc_hd__dfxtp_2)
     2    0.004039    0.036404    0.346172    0.346172 ^ _3074_/Q (sky130_fd_sc_hd__dfxtp_2)
                                                         u_intf.u_slave.reg_ctrl[7] (net)
                      0.036404    0.000000    0.346172 ^ _1893_/A0 (sky130_fd_sc_hd__mux2_1)
     1    0.001541    0.032945    0.101356    0.447528 ^ _1893_/X (sky130_fd_sc_hd__mux2_1)
                                                         _0382_ (net)
                      0.032945    0.000000    0.447528 ^ _1894_/B (sky130_fd_sc_hd__and2_2)
     1    0.001674    0.032314    0.118154    0.565682 ^ _1894_/X (sky130_fd_sc_hd__and2_2)
                                                         _0188_ (net)
                      0.032314    0.000000    0.565682 ^ _3074_/D (sky130_fd_sc_hd__dfxtp_2)
                                              0.565682   data arrival time

                      0.150000    0.000000    0.000000   clock clk (rise edge)
                                  0.000000    0.000000   clock network delay (ideal)
                                  0.250000    0.250000   clock uncertainty
                                  0.000000    0.250000   clock reconvergence pessimism
                                              0.250000 ^ _3074_/CLK (sky130_fd_sc_hd__dfxtp_2)
                                 -0.014771    0.235229   library hold time
                                              0.235229   data required time
---------------------------------------------------------------------------------------------
                                              0.235229   data required time
                                             -0.565682   data arrival time
---------------------------------------------------------------------------------------------
                                              0.330453   slack (MET)


Startpoint: _3079_ (rising edge-triggered flip-flop clocked by clk)
Endpoint: _3079_ (rising edge-triggered flip-flop clocked by clk)
Path Group: clk
Path Type: min

Fanout         Cap        Slew       Delay        Time   Description
---------------------------------------------------------------------------------------------
                      0.150000    0.000000    0.000000   clock clk (rise edge)
                                  0.000000    0.000000   clock network delay (ideal)
                      0.150000    0.000000    0.000000 ^ _3079_/CLK (sky130_fd_sc_hd__dfxtp_2)
     2    0.004039    0.036404    0.346172    0.346172 ^ _3079_/Q (sky130_fd_sc_hd__dfxtp_2)
                                                         u_intf.u_slave.reg_ctrl[12] (net)
                      0.036404    0.000000    0.346172 ^ _1903_/A0 (sky130_fd_sc_hd__mux2_1)
     1    0.001541    0.032945    0.101356    0.447528 ^ _1903_/X (sky130_fd_sc_hd__mux2_1)
                                                         _0387_ (net)
                      0.032945    0.000000    0.447528 ^ _1904_/B (sky130_fd_sc_hd__and2_2)
     1    0.001674    0.032314    0.118154    0.565682 ^ _1904_/X (sky130_fd_sc_hd__and2_2)
                                                         _0193_ (net)
                      0.032314    0.000000    0.565682 ^ _3079_/D (sky130_fd_sc_hd__dfxtp_2)
                                              0.565682   data arrival time

                      0.150000    0.000000    0.000000   clock clk (rise edge)
                                  0.000000    0.000000   clock network delay (ideal)
                                  0.250000    0.250000   clock uncertainty
                                  0.000000    0.250000   clock reconvergence pessimism
                                              0.250000 ^ _3079_/CLK (sky130_fd_sc_hd__dfxtp_2)
                                 -0.014771    0.235229   library hold time
                                              0.235229   data required time
---------------------------------------------------------------------------------------------
                                              0.235229   data required time
                                             -0.565682   data arrival time
---------------------------------------------------------------------------------------------
                                              0.330453   slack (MET)


Startpoint: _3067_ (rising edge-triggered flip-flop clocked by clk)
Endpoint: _3067_ (rising edge-triggered flip-flop clocked by clk)
Path Group: clk
Path Type: min

Fanout         Cap        Slew       Delay        Time   Description
---------------------------------------------------------------------------------------------
                      0.150000    0.000000    0.000000   clock clk (rise edge)
                                  0.000000    0.000000   clock network delay (ideal)
                      0.150000    0.000000    0.000000 ^ _3067_/CLK (sky130_fd_sc_hd__dfxtp_2)
     2    0.004055    0.036474    0.346246    0.346246 ^ _3067_/Q (sky130_fd_sc_hd__dfxtp_2)
                                                         u_intf.u_slave.reg_ctrl[0] (net)
                      0.036474    0.000000    0.346246 ^ _1879_/A0 (sky130_fd_sc_hd__mux2_1)
     1    0.001541    0.032945    0.101381    0.447626 ^ _1879_/X (sky130_fd_sc_hd__mux2_1)
                                                         _0375_ (net)
                      0.032945    0.000000    0.447626 ^ _1880_/B (sky130_fd_sc_hd__and2_2)
     1    0.001674    0.032314    0.118154    0.565780 ^ _1880_/X (sky130_fd_sc_hd__and2_2)
                                                         _0181_ (net)
                      0.032314    0.000000    0.565780 ^ _3067_/D (sky130_fd_sc_hd__dfxtp_2)
                                              0.565780   data arrival time

                      0.150000    0.000000    0.000000   clock clk (rise edge)
                                  0.000000    0.000000   clock network delay (ideal)
                                  0.250000    0.250000   clock uncertainty
                                  0.000000    0.250000   clock reconvergence pessimism
                                              0.250000 ^ _3067_/CLK (sky130_fd_sc_hd__dfxtp_2)
                                 -0.014771    0.235229   library hold time
                                              0.235229   data required time
---------------------------------------------------------------------------------------------
                                              0.235229   data required time
                                             -0.565780   data arrival time
---------------------------------------------------------------------------------------------
                                              0.330552   slack (MET)


Startpoint: _2886_ (rising edge-triggered flip-flop clocked by clk)
Endpoint: _2886_ (rising edge-triggered flip-flop clocked by clk)
Path Group: clk
Path Type: min

Fanout         Cap        Slew       Delay        Time   Description
---------------------------------------------------------------------------------------------
                      0.150000    0.000000    0.000000   clock clk (rise edge)
                                  0.000000    0.000000   clock network delay (ideal)
                      0.150000    0.000000    0.000000 ^ _2886_/CLK (sky130_fd_sc_hd__dfxtp_2)
     5    0.008788    0.036843    0.355516    0.355516 v _2886_/Q (sky130_fd_sc_hd__dfxtp_2)
                                                         u_intf.u_slave.wr_state[0] (net)
                      0.036843    0.000000    0.355516 v _1454_/B1_N (sky130_fd_sc_hd__a21bo_2)
     1    0.004557    0.039368    0.183465    0.538981 ^ _1454_/X (sky130_fd_sc_hd__a21bo_2)
                                                         _1257_ (net)
                      0.039368    0.000000    0.538981 ^ _1457_/A (sky130_fd_sc_hd__nand2_2)
     1    0.001681    0.019948    0.031512    0.570493 v _1457_/Y (sky130_fd_sc_hd__nand2_2)
                                                         _0005_ (net)
                      0.019948    0.000000    0.570493 v _2886_/D (sky130_fd_sc_hd__dfxtp_2)
                                              0.570493   data arrival time

                      0.150000    0.000000    0.000000   clock clk (rise edge)
                                  0.000000    0.000000   clock network delay (ideal)
                                  0.250000    0.250000   clock uncertainty
                                  0.000000    0.250000   clock reconvergence pessimism
                                              0.250000 ^ _2886_/CLK (sky130_fd_sc_hd__dfxtp_2)
                                 -0.012375    0.237625   library hold time
                                              0.237625   data required time
---------------------------------------------------------------------------------------------
                                              0.237625   data required time
                                             -0.570493   data arrival time
---------------------------------------------------------------------------------------------
                                              0.332867   slack (MET)


Startpoint: _3018_ (rising edge-triggered flip-flop clocked by clk)
Endpoint: _3018_ (rising edge-triggered flip-flop clocked by clk)
Path Group: clk
Path Type: min

Fanout         Cap        Slew       Delay        Time   Description
---------------------------------------------------------------------------------------------
                      0.150000    0.000000    0.000000   clock clk (rise edge)
                                  0.000000    0.000000   clock network delay (ideal)
                      0.150000    0.000000    0.000000 ^ _3018_/CLK (sky130_fd_sc_hd__dfxtp_2)
     2    0.004392    0.037974    0.347665    0.347665 ^ _3018_/Q (sky130_fd_sc_hd__dfxtp_2)
                                                         u_intf.u_slave.reg_pixel[15] (net)
                      0.037974    0.000000    0.347665 ^ _1779_/A1 (sky130_fd_sc_hd__mux2_1)
     1    0.001541    0.033077    0.104738    0.452403 ^ _1779_/X (sky130_fd_sc_hd__mux2_1)
                                                         _0324_ (net)
                      0.033077    0.000000    0.452403 ^ _1780_/B (sky130_fd_sc_hd__and2_2)
     1    0.001674    0.032314    0.118194    0.570596 ^ _1780_/X (sky130_fd_sc_hd__and2_2)
                                                         _0132_ (net)
                      0.032314    0.000000    0.570596 ^ _3018_/D (sky130_fd_sc_hd__dfxtp_2)
                                              0.570596   data arrival time

                      0.150000    0.000000    0.000000   clock clk (rise edge)
                                  0.000000    0.000000   clock network delay (ideal)
                                  0.250000    0.250000   clock uncertainty
                                  0.000000    0.250000   clock reconvergence pessimism
                                              0.250000 ^ _3018_/CLK (sky130_fd_sc_hd__dfxtp_2)
                                 -0.014771    0.235229   library hold time
                                              0.235229   data required time
---------------------------------------------------------------------------------------------
                                              0.235229   data required time
                                             -0.570596   data arrival time
---------------------------------------------------------------------------------------------
                                              0.335367   slack (MET)


Startpoint: _3026_ (rising edge-triggered flip-flop clocked by clk)
Endpoint: _3026_ (rising edge-triggered flip-flop clocked by clk)
Path Group: clk
Path Type: min

Fanout         Cap        Slew       Delay        Time   Description
---------------------------------------------------------------------------------------------
                      0.150000    0.000000    0.000000   clock clk (rise edge)
                                  0.000000    0.000000   clock network delay (ideal)
                      0.150000    0.000000    0.000000 ^ _3026_/CLK (sky130_fd_sc_hd__dfxtp_2)
     2    0.004392    0.037974    0.347665    0.347665 ^ _3026_/Q (sky130_fd_sc_hd__dfxtp_2)
                                                         u_intf.u_slave.reg_pixel[23] (net)
                      0.037974    0.000000    0.347665 ^ _1795_/A1 (sky130_fd_sc_hd__mux2_1)
     1    0.001541    0.033077    0.104738    0.452403 ^ _1795_/X (sky130_fd_sc_hd__mux2_1)
                                                         _0332_ (net)
                      0.033077    0.000000    0.452403 ^ _1796_/B (sky130_fd_sc_hd__and2_2)
     1    0.001674    0.032314    0.118194    0.570596 ^ _1796_/X (sky130_fd_sc_hd__and2_2)
                                                         _0140_ (net)
                      0.032314    0.000000    0.570596 ^ _3026_/D (sky130_fd_sc_hd__dfxtp_2)
                                              0.570596   data arrival time

                      0.150000    0.000000    0.000000   clock clk (rise edge)
                                  0.000000    0.000000   clock network delay (ideal)
                                  0.250000    0.250000   clock uncertainty
                                  0.000000    0.250000   clock reconvergence pessimism
                                              0.250000 ^ _3026_/CLK (sky130_fd_sc_hd__dfxtp_2)
                                 -0.014771    0.235229   library hold time
                                              0.235229   data required time
---------------------------------------------------------------------------------------------
                                              0.235229   data required time
                                             -0.570596   data arrival time
---------------------------------------------------------------------------------------------
                                              0.335367   slack (MET)


Startpoint: _3029_ (rising edge-triggered flip-flop clocked by clk)
Endpoint: _3029_ (rising edge-triggered flip-flop clocked by clk)
Path Group: clk
Path Type: min

Fanout         Cap        Slew       Delay        Time   Description
---------------------------------------------------------------------------------------------
                      0.150000    0.000000    0.000000   clock clk (rise edge)
                                  0.000000    0.000000   clock network delay (ideal)
                      0.150000    0.000000    0.000000 ^ _3029_/CLK (sky130_fd_sc_hd__dfxtp_2)
     2    0.004392    0.037974    0.347665    0.347665 ^ _3029_/Q (sky130_fd_sc_hd__dfxtp_2)
                                                         u_intf.u_slave.reg_pixel[26] (net)
                      0.037974    0.000000    0.347665 ^ _1801_/A1 (sky130_fd_sc_hd__mux2_1)
     1    0.001541    0.033077    0.104738    0.452403 ^ _1801_/X (sky130_fd_sc_hd__mux2_1)
                                                         _0335_ (net)
                      0.033077    0.000000    0.452403 ^ _1802_/B (sky130_fd_sc_hd__and2_2)
     1    0.001674    0.032314    0.118194    0.570596 ^ _1802_/X (sky130_fd_sc_hd__and2_2)
                                                         _0143_ (net)
                      0.032314    0.000000    0.570596 ^ _3029_/D (sky130_fd_sc_hd__dfxtp_2)
                                              0.570596   data arrival time

                      0.150000    0.000000    0.000000   clock clk (rise edge)
                                  0.000000    0.000000   clock network delay (ideal)
                                  0.250000    0.250000   clock uncertainty
                                  0.000000    0.250000   clock reconvergence pessimism
                                              0.250000 ^ _3029_/CLK (sky130_fd_sc_hd__dfxtp_2)
                                 -0.014771    0.235229   library hold time
                                              0.235229   data required time
---------------------------------------------------------------------------------------------
                                              0.235229   data required time
                                             -0.570596   data arrival time
---------------------------------------------------------------------------------------------
                                              0.335367   slack (MET)


Startpoint: _3031_ (rising edge-triggered flip-flop clocked by clk)
Endpoint: _3031_ (rising edge-triggered flip-flop clocked by clk)
Path Group: clk
Path Type: min

Fanout         Cap        Slew       Delay        Time   Description
---------------------------------------------------------------------------------------------
                      0.150000    0.000000    0.000000   clock clk (rise edge)
                                  0.000000    0.000000   clock network delay (ideal)
                      0.150000    0.000000    0.000000 ^ _3031_/CLK (sky130_fd_sc_hd__dfxtp_2)
     2    0.004392    0.037974    0.347665    0.347665 ^ _3031_/Q (sky130_fd_sc_hd__dfxtp_2)
                                                         u_intf.u_slave.reg_pixel[28] (net)
                      0.037974    0.000000    0.347665 ^ _1805_/A1 (sky130_fd_sc_hd__mux2_1)
     1    0.001541    0.033077    0.104738    0.452403 ^ _1805_/X (sky130_fd_sc_hd__mux2_1)
                                                         _0337_ (net)
                      0.033077    0.000000    0.452403 ^ _1806_/B (sky130_fd_sc_hd__and2_2)
     1    0.001674    0.032314    0.118194    0.570596 ^ _1806_/X (sky130_fd_sc_hd__and2_2)
                                                         _0145_ (net)
                      0.032314    0.000000    0.570596 ^ _3031_/D (sky130_fd_sc_hd__dfxtp_2)
                                              0.570596   data arrival time

                      0.150000    0.000000    0.000000   clock clk (rise edge)
                                  0.000000    0.000000   clock network delay (ideal)
                                  0.250000    0.250000   clock uncertainty
                                  0.000000    0.250000   clock reconvergence pessimism
                                              0.250000 ^ _3031_/CLK (sky130_fd_sc_hd__dfxtp_2)
                                 -0.014771    0.235229   library hold time
                                              0.235229   data required time
---------------------------------------------------------------------------------------------
                                              0.235229   data required time
                                             -0.570596   data arrival time
---------------------------------------------------------------------------------------------
                                              0.335367   slack (MET)


Startpoint: _3033_ (rising edge-triggered flip-flop clocked by clk)
Endpoint: _3033_ (rising edge-triggered flip-flop clocked by clk)
Path Group: clk
Path Type: min

Fanout         Cap        Slew       Delay        Time   Description
---------------------------------------------------------------------------------------------
                      0.150000    0.000000    0.000000   clock clk (rise edge)
                                  0.000000    0.000000   clock network delay (ideal)
                      0.150000    0.000000    0.000000 ^ _3033_/CLK (sky130_fd_sc_hd__dfxtp_2)
     2    0.004392    0.037974    0.347665    0.347665 ^ _3033_/Q (sky130_fd_sc_hd__dfxtp_2)
                                                         u_intf.u_slave.reg_pixel[30] (net)
                      0.037974    0.000000    0.347665 ^ _1809_/A1 (sky130_fd_sc_hd__mux2_1)
     1    0.001541    0.033077    0.104738    0.452403 ^ _1809_/X (sky130_fd_sc_hd__mux2_1)
                                                         _0339_ (net)
                      0.033077    0.000000    0.452403 ^ _1810_/B (sky130_fd_sc_hd__and2_2)
     1    0.001674    0.032314    0.118194    0.570596 ^ _1810_/X (sky130_fd_sc_hd__and2_2)
                                                         _0147_ (net)
                      0.032314    0.000000    0.570596 ^ _3033_/D (sky130_fd_sc_hd__dfxtp_2)
                                              0.570596   data arrival time

                      0.150000    0.000000    0.000000   clock clk (rise edge)
                                  0.000000    0.000000   clock network delay (ideal)
                                  0.250000    0.250000   clock uncertainty
                                  0.000000    0.250000   clock reconvergence pessimism
                                              0.250000 ^ _3033_/CLK (sky130_fd_sc_hd__dfxtp_2)
                                 -0.014771    0.235229   library hold time
                                              0.235229   data required time
---------------------------------------------------------------------------------------------
                                              0.235229   data required time
                                             -0.570596   data arrival time
---------------------------------------------------------------------------------------------
                                              0.335367   slack (MET)


Startpoint: _2889_ (rising edge-triggered flip-flop clocked by clk)
Endpoint: _2890_ (rising edge-triggered flip-flop clocked by clk)
Path Group: clk
Path Type: min

Fanout         Cap        Slew       Delay        Time   Description
---------------------------------------------------------------------------------------------
                      0.150000    0.000000    0.000000   clock clk (rise edge)
                                  0.000000    0.000000   clock network delay (ideal)
                      0.150000    0.000000    0.000000 ^ _2889_/CLK (sky130_fd_sc_hd__dfxtp_2)
     4    0.009263    0.037862    0.356735    0.356735 v _2889_/Q (sky130_fd_sc_hd__dfxtp_2)
                                                         u_intf.u_slave.rd_state[0] (net)
                      0.037862    0.000000    0.356735 v _1476_/B (sky130_fd_sc_hd__nand3_2)
    11    0.029152    0.160119    0.151835    0.508570 ^ _1476_/Y (sky130_fd_sc_hd__nand3_2)
                                                         _1272_ (net)
                      0.160119    0.000000    0.508570 ^ _1478_/A1 (sky130_fd_sc_hd__a21oi_2)
     1    0.001681    0.025191    0.062457    0.571027 v _1478_/Y (sky130_fd_sc_hd__a21oi_2)
                                                         _0004_ (net)
                      0.025191    0.000000    0.571027 v _2890_/D (sky130_fd_sc_hd__dfxtp_2)
                                              0.571027   data arrival time

                      0.150000    0.000000    0.000000   clock clk (rise edge)
                                  0.000000    0.000000   clock network delay (ideal)
                                  0.250000    0.250000   clock uncertainty
                                  0.000000    0.250000   clock reconvergence pessimism
                                              0.250000 ^ _2890_/CLK (sky130_fd_sc_hd__dfxtp_2)
                                 -0.014527    0.235473   library hold time
                                              0.235473   data required time
---------------------------------------------------------------------------------------------
                                              0.235473   data required time
                                             -0.571027   data arrival time
---------------------------------------------------------------------------------------------
                                              0.335554   slack (MET)


Startpoint: _3043_ (rising edge-triggered flip-flop clocked by clk)
Endpoint: _3043_ (rising edge-triggered flip-flop clocked by clk)
Path Group: clk
Path Type: min

Fanout         Cap        Slew       Delay        Time   Description
---------------------------------------------------------------------------------------------
                      0.150000    0.000000    0.000000   clock clk (rise edge)
                                  0.000000    0.000000   clock network delay (ideal)
                      0.150000    0.000000    0.000000 ^ _3043_/CLK (sky130_fd_sc_hd__dfxtp_2)
     2    0.004459    0.038277    0.347916    0.347916 ^ _3043_/Q (sky130_fd_sc_hd__dfxtp_2)
                                                         u_intf.u_slave.reg_weight[8] (net)
                      0.038277    0.000000    0.347916 ^ _1830_/A1 (sky130_fd_sc_hd__mux2_1)
     1    0.001541    0.033067    0.104843    0.452758 ^ _1830_/X (sky130_fd_sc_hd__mux2_1)
                                                         _0350_ (net)
                      0.033067    0.000000    0.452758 ^ _1831_/B (sky130_fd_sc_hd__and2_2)
     1    0.001674    0.032314    0.118190    0.570949 ^ _1831_/X (sky130_fd_sc_hd__and2_2)
                                                         _0157_ (net)
                      0.032314    0.000000    0.570949 ^ _3043_/D (sky130_fd_sc_hd__dfxtp_2)
                                              0.570949   data arrival time

                      0.150000    0.000000    0.000000   clock clk (rise edge)
                                  0.000000    0.000000   clock network delay (ideal)
                                  0.250000    0.250000   clock uncertainty
                                  0.000000    0.250000   clock reconvergence pessimism
                                              0.250000 ^ _3043_/CLK (sky130_fd_sc_hd__dfxtp_2)
                                 -0.014771    0.235229   library hold time
                                              0.235229   data required time
---------------------------------------------------------------------------------------------
                                              0.235229   data required time
                                             -0.570949   data arrival time
---------------------------------------------------------------------------------------------
                                              0.335720   slack (MET)


Startpoint: _3045_ (rising edge-triggered flip-flop clocked by clk)
Endpoint: _3045_ (rising edge-triggered flip-flop clocked by clk)
Path Group: clk
Path Type: min

Fanout         Cap        Slew       Delay        Time   Description
---------------------------------------------------------------------------------------------
                      0.150000    0.000000    0.000000   clock clk (rise edge)
                                  0.000000    0.000000   clock network delay (ideal)
                      0.150000    0.000000    0.000000 ^ _3045_/CLK (sky130_fd_sc_hd__dfxtp_2)
     2    0.004459    0.038277    0.347916    0.347916 ^ _3045_/Q (sky130_fd_sc_hd__dfxtp_2)
                                                         u_intf.u_slave.reg_weight[10] (net)
                      0.038277    0.000000    0.347916 ^ _1834_/A1 (sky130_fd_sc_hd__mux2_1)
     1    0.001541    0.033067    0.104843    0.452758 ^ _1834_/X (sky130_fd_sc_hd__mux2_1)
                                                         _0352_ (net)
                      0.033067    0.000000    0.452758 ^ _1835_/B (sky130_fd_sc_hd__and2_2)
     1    0.001674    0.032314    0.118190    0.570949 ^ _1835_/X (sky130_fd_sc_hd__and2_2)
                                                         _0159_ (net)
                      0.032314    0.000000    0.570949 ^ _3045_/D (sky130_fd_sc_hd__dfxtp_2)
                                              0.570949   data arrival time

                      0.150000    0.000000    0.000000   clock clk (rise edge)
                                  0.000000    0.000000   clock network delay (ideal)
                                  0.250000    0.250000   clock uncertainty
                                  0.000000    0.250000   clock reconvergence pessimism
                                              0.250000 ^ _3045_/CLK (sky130_fd_sc_hd__dfxtp_2)
                                 -0.014771    0.235229   library hold time
                                              0.235229   data required time
---------------------------------------------------------------------------------------------
                                              0.235229   data required time
                                             -0.570949   data arrival time
---------------------------------------------------------------------------------------------
                                              0.335720   slack (MET)


Startpoint: _3046_ (rising edge-triggered flip-flop clocked by clk)
Endpoint: _3046_ (rising edge-triggered flip-flop clocked by clk)
Path Group: clk
Path Type: min

Fanout         Cap        Slew       Delay        Time   Description
---------------------------------------------------------------------------------------------
                      0.150000    0.000000    0.000000   clock clk (rise edge)
                                  0.000000    0.000000   clock network delay (ideal)
                      0.150000    0.000000    0.000000 ^ _3046_/CLK (sky130_fd_sc_hd__dfxtp_2)
     2    0.004459    0.038277    0.347916    0.347916 ^ _3046_/Q (sky130_fd_sc_hd__dfxtp_2)
                                                         u_intf.u_slave.reg_weight[11] (net)
                      0.038277    0.000000    0.347916 ^ _1836_/A1 (sky130_fd_sc_hd__mux2_1)
     1    0.001541    0.033067    0.104843    0.452758 ^ _1836_/X (sky130_fd_sc_hd__mux2_1)
                                                         _0353_ (net)
                      0.033067    0.000000    0.452758 ^ _1837_/B (sky130_fd_sc_hd__and2_2)
     1    0.001674    0.032314    0.118190    0.570949 ^ _1837_/X (sky130_fd_sc_hd__and2_2)
                                                         _0160_ (net)
                      0.032314    0.000000    0.570949 ^ _3046_/D (sky130_fd_sc_hd__dfxtp_2)
                                              0.570949   data arrival time

                      0.150000    0.000000    0.000000   clock clk (rise edge)
                                  0.000000    0.000000   clock network delay (ideal)
                                  0.250000    0.250000   clock uncertainty
                                  0.000000    0.250000   clock reconvergence pessimism
                                              0.250000 ^ _3046_/CLK (sky130_fd_sc_hd__dfxtp_2)
                                 -0.014771    0.235229   library hold time
                                              0.235229   data required time
---------------------------------------------------------------------------------------------
                                              0.235229   data required time
                                             -0.570949   data arrival time
---------------------------------------------------------------------------------------------
                                              0.335720   slack (MET)


Startpoint: _3047_ (rising edge-triggered flip-flop clocked by clk)
Endpoint: _3047_ (rising edge-triggered flip-flop clocked by clk)
Path Group: clk
Path Type: min

Fanout         Cap        Slew       Delay        Time   Description
---------------------------------------------------------------------------------------------
                      0.150000    0.000000    0.000000   clock clk (rise edge)
                                  0.000000    0.000000   clock network delay (ideal)
                      0.150000    0.000000    0.000000 ^ _3047_/CLK (sky130_fd_sc_hd__dfxtp_2)
     2    0.004459    0.038277    0.347916    0.347916 ^ _3047_/Q (sky130_fd_sc_hd__dfxtp_2)
                                                         u_intf.u_slave.reg_weight[12] (net)
                      0.038277    0.000000    0.347916 ^ _1838_/A1 (sky130_fd_sc_hd__mux2_1)
     1    0.001541    0.033067    0.104843    0.452758 ^ _1838_/X (sky130_fd_sc_hd__mux2_1)
                                                         _0354_ (net)
                      0.033067    0.000000    0.452758 ^ _1839_/B (sky130_fd_sc_hd__and2_2)
     1    0.001674    0.032314    0.118190    0.570949 ^ _1839_/X (sky130_fd_sc_hd__and2_2)
                                                         _0161_ (net)
                      0.032314    0.000000    0.570949 ^ _3047_/D (sky130_fd_sc_hd__dfxtp_2)
                                              0.570949   data arrival time

                      0.150000    0.000000    0.000000   clock clk (rise edge)
                                  0.000000    0.000000   clock network delay (ideal)
                                  0.250000    0.250000   clock uncertainty
                                  0.000000    0.250000   clock reconvergence pessimism
                                              0.250000 ^ _3047_/CLK (sky130_fd_sc_hd__dfxtp_2)
                                 -0.014771    0.235229   library hold time
                                              0.235229   data required time
---------------------------------------------------------------------------------------------
                                              0.235229   data required time
                                             -0.570949   data arrival time
---------------------------------------------------------------------------------------------
                                              0.335720   slack (MET)


Startpoint: _3048_ (rising edge-triggered flip-flop clocked by clk)
Endpoint: _3048_ (rising edge-triggered flip-flop clocked by clk)
Path Group: clk
Path Type: min

Fanout         Cap        Slew       Delay        Time   Description
---------------------------------------------------------------------------------------------
                      0.150000    0.000000    0.000000   clock clk (rise edge)
                                  0.000000    0.000000   clock network delay (ideal)
                      0.150000    0.000000    0.000000 ^ _3048_/CLK (sky130_fd_sc_hd__dfxtp_2)
     2    0.004459    0.038277    0.347916    0.347916 ^ _3048_/Q (sky130_fd_sc_hd__dfxtp_2)
                                                         u_intf.u_slave.reg_weight[13] (net)
                      0.038277    0.000000    0.347916 ^ _1840_/A1 (sky130_fd_sc_hd__mux2_1)
     1    0.001541    0.033067    0.104843    0.452758 ^ _1840_/X (sky130_fd_sc_hd__mux2_1)
                                                         _0355_ (net)
                      0.033067    0.000000    0.452758 ^ _1841_/B (sky130_fd_sc_hd__and2_2)
     1    0.001674    0.032314    0.118190    0.570949 ^ _1841_/X (sky130_fd_sc_hd__and2_2)
                                                         _0162_ (net)
                      0.032314    0.000000    0.570949 ^ _3048_/D (sky130_fd_sc_hd__dfxtp_2)
                                              0.570949   data arrival time

                      0.150000    0.000000    0.000000   clock clk (rise edge)
                                  0.000000    0.000000   clock network delay (ideal)
                                  0.250000    0.250000   clock uncertainty
                                  0.000000    0.250000   clock reconvergence pessimism
                                              0.250000 ^ _3048_/CLK (sky130_fd_sc_hd__dfxtp_2)
                                 -0.014771    0.235229   library hold time
                                              0.235229   data required time
---------------------------------------------------------------------------------------------
                                              0.235229   data required time
                                             -0.570949   data arrival time
---------------------------------------------------------------------------------------------
                                              0.335720   slack (MET)


Startpoint: _3049_ (rising edge-triggered flip-flop clocked by clk)
Endpoint: _3049_ (rising edge-triggered flip-flop clocked by clk)
Path Group: clk
Path Type: min

Fanout         Cap        Slew       Delay        Time   Description
---------------------------------------------------------------------------------------------
                      0.150000    0.000000    0.000000   clock clk (rise edge)
                                  0.000000    0.000000   clock network delay (ideal)
                      0.150000    0.000000    0.000000 ^ _3049_/CLK (sky130_fd_sc_hd__dfxtp_2)
     2    0.004459    0.038277    0.347916    0.347916 ^ _3049_/Q (sky130_fd_sc_hd__dfxtp_2)
                                                         u_intf.u_slave.reg_weight[14] (net)
                      0.038277    0.000000    0.347916 ^ _1842_/A1 (sky130_fd_sc_hd__mux2_1)
     1    0.001541    0.033067    0.104843    0.452758 ^ _1842_/X (sky130_fd_sc_hd__mux2_1)
                                                         _0356_ (net)
                      0.033067    0.000000    0.452758 ^ _1843_/B (sky130_fd_sc_hd__and2_2)
     1    0.001674    0.032314    0.118190    0.570949 ^ _1843_/X (sky130_fd_sc_hd__and2_2)
                                                         _0163_ (net)
                      0.032314    0.000000    0.570949 ^ _3049_/D (sky130_fd_sc_hd__dfxtp_2)
                                              0.570949   data arrival time

                      0.150000    0.000000    0.000000   clock clk (rise edge)
                                  0.000000    0.000000   clock network delay (ideal)
                                  0.250000    0.250000   clock uncertainty
                                  0.000000    0.250000   clock reconvergence pessimism
                                              0.250000 ^ _3049_/CLK (sky130_fd_sc_hd__dfxtp_2)
                                 -0.014771    0.235229   library hold time
                                              0.235229   data required time
---------------------------------------------------------------------------------------------
                                              0.235229   data required time
                                             -0.570949   data arrival time
---------------------------------------------------------------------------------------------
                                              0.335720   slack (MET)


Startpoint: _3050_ (rising edge-triggered flip-flop clocked by clk)
Endpoint: _3050_ (rising edge-triggered flip-flop clocked by clk)
Path Group: clk
Path Type: min

Fanout         Cap        Slew       Delay        Time   Description
---------------------------------------------------------------------------------------------
                      0.150000    0.000000    0.000000   clock clk (rise edge)
                                  0.000000    0.000000   clock network delay (ideal)
                      0.150000    0.000000    0.000000 ^ _3050_/CLK (sky130_fd_sc_hd__dfxtp_2)
     2    0.004459    0.038277    0.347916    0.347916 ^ _3050_/Q (sky130_fd_sc_hd__dfxtp_2)
                                                         u_intf.u_slave.reg_weight[15] (net)
                      0.038277    0.000000    0.347916 ^ _1844_/A1 (sky130_fd_sc_hd__mux2_1)
     1    0.001541    0.033067    0.104843    0.452758 ^ _1844_/X (sky130_fd_sc_hd__mux2_1)
                                                         _0357_ (net)
                      0.033067    0.000000    0.452758 ^ _1845_/B (sky130_fd_sc_hd__and2_2)
     1    0.001674    0.032314    0.118190    0.570949 ^ _1845_/X (sky130_fd_sc_hd__and2_2)
                                                         _0164_ (net)
                      0.032314    0.000000    0.570949 ^ _3050_/D (sky130_fd_sc_hd__dfxtp_2)
                                              0.570949   data arrival time

                      0.150000    0.000000    0.000000   clock clk (rise edge)
                                  0.000000    0.000000   clock network delay (ideal)
                                  0.250000    0.250000   clock uncertainty
                                  0.000000    0.250000   clock reconvergence pessimism
                                              0.250000 ^ _3050_/CLK (sky130_fd_sc_hd__dfxtp_2)
                                 -0.014771    0.235229   library hold time
                                              0.235229   data required time
---------------------------------------------------------------------------------------------
                                              0.235229   data required time
                                             -0.570949   data arrival time
---------------------------------------------------------------------------------------------
                                              0.335720   slack (MET)


Startpoint: _3052_ (rising edge-triggered flip-flop clocked by clk)
Endpoint: _3052_ (rising edge-triggered flip-flop clocked by clk)
Path Group: clk
Path Type: min

Fanout         Cap        Slew       Delay        Time   Description
---------------------------------------------------------------------------------------------
                      0.150000    0.000000    0.000000   clock clk (rise edge)
                                  0.000000    0.000000   clock network delay (ideal)
                      0.150000    0.000000    0.000000 ^ _3052_/CLK (sky130_fd_sc_hd__dfxtp_2)
     2    0.004459    0.038277    0.347916    0.347916 ^ _3052_/Q (sky130_fd_sc_hd__dfxtp_2)
                                                         u_intf.u_slave.reg_weight[17] (net)
                      0.038277    0.000000    0.347916 ^ _1848_/A1 (sky130_fd_sc_hd__mux2_1)
     1    0.001541    0.033067    0.104843    0.452758 ^ _1848_/X (sky130_fd_sc_hd__mux2_1)
                                                         _0359_ (net)
                      0.033067    0.000000    0.452758 ^ _1849_/B (sky130_fd_sc_hd__and2_2)
     1    0.001674    0.032314    0.118190    0.570949 ^ _1849_/X (sky130_fd_sc_hd__and2_2)
                                                         _0166_ (net)
                      0.032314    0.000000    0.570949 ^ _3052_/D (sky130_fd_sc_hd__dfxtp_2)
                                              0.570949   data arrival time

                      0.150000    0.000000    0.000000   clock clk (rise edge)
                                  0.000000    0.000000   clock network delay (ideal)
                                  0.250000    0.250000   clock uncertainty
                                  0.000000    0.250000   clock reconvergence pessimism
                                              0.250000 ^ _3052_/CLK (sky130_fd_sc_hd__dfxtp_2)
                                 -0.014771    0.235229   library hold time
                                              0.235229   data required time
---------------------------------------------------------------------------------------------
                                              0.235229   data required time
                                             -0.570949   data arrival time
---------------------------------------------------------------------------------------------
                                              0.335720   slack (MET)


Startpoint: _3055_ (rising edge-triggered flip-flop clocked by clk)
Endpoint: _3055_ (rising edge-triggered flip-flop clocked by clk)
Path Group: clk
Path Type: min

Fanout         Cap        Slew       Delay        Time   Description
---------------------------------------------------------------------------------------------
                      0.150000    0.000000    0.000000   clock clk (rise edge)
                                  0.000000    0.000000   clock network delay (ideal)
                      0.150000    0.000000    0.000000 ^ _3055_/CLK (sky130_fd_sc_hd__dfxtp_2)
     2    0.004459    0.038277    0.347916    0.347916 ^ _3055_/Q (sky130_fd_sc_hd__dfxtp_2)
                                                         u_intf.u_slave.reg_weight[20] (net)
                      0.038277    0.000000    0.347916 ^ _1854_/A1 (sky130_fd_sc_hd__mux2_1)
     1    0.001541    0.033067    0.104843    0.452758 ^ _1854_/X (sky130_fd_sc_hd__mux2_1)
                                                         _0362_ (net)
                      0.033067    0.000000    0.452758 ^ _1855_/B (sky130_fd_sc_hd__and2_2)
     1    0.001674    0.032314    0.118190    0.570949 ^ _1855_/X (sky130_fd_sc_hd__and2_2)
                                                         _0169_ (net)
                      0.032314    0.000000    0.570949 ^ _3055_/D (sky130_fd_sc_hd__dfxtp_2)
                                              0.570949   data arrival time

                      0.150000    0.000000    0.000000   clock clk (rise edge)
                                  0.000000    0.000000   clock network delay (ideal)
                                  0.250000    0.250000   clock uncertainty
                                  0.000000    0.250000   clock reconvergence pessimism
                                              0.250000 ^ _3055_/CLK (sky130_fd_sc_hd__dfxtp_2)
                                 -0.014771    0.235229   library hold time
                                              0.235229   data required time
---------------------------------------------------------------------------------------------
                                              0.235229   data required time
                                             -0.570949   data arrival time
---------------------------------------------------------------------------------------------
                                              0.335720   slack (MET)


Startpoint: _3057_ (rising edge-triggered flip-flop clocked by clk)
Endpoint: _3057_ (rising edge-triggered flip-flop clocked by clk)
Path Group: clk
Path Type: min

Fanout         Cap        Slew       Delay        Time   Description
---------------------------------------------------------------------------------------------
                      0.150000    0.000000    0.000000   clock clk (rise edge)
                                  0.000000    0.000000   clock network delay (ideal)
                      0.150000    0.000000    0.000000 ^ _3057_/CLK (sky130_fd_sc_hd__dfxtp_2)
     2    0.004459    0.038277    0.347916    0.347916 ^ _3057_/Q (sky130_fd_sc_hd__dfxtp_2)
                                                         u_intf.u_slave.reg_weight[22] (net)
                      0.038277    0.000000    0.347916 ^ _1858_/A1 (sky130_fd_sc_hd__mux2_1)
     1    0.001541    0.033067    0.104843    0.452758 ^ _1858_/X (sky130_fd_sc_hd__mux2_1)
                                                         _0364_ (net)
                      0.033067    0.000000    0.452758 ^ _1859_/B (sky130_fd_sc_hd__and2_2)
     1    0.001674    0.032314    0.118190    0.570949 ^ _1859_/X (sky130_fd_sc_hd__and2_2)
                                                         _0171_ (net)
                      0.032314    0.000000    0.570949 ^ _3057_/D (sky130_fd_sc_hd__dfxtp_2)
                                              0.570949   data arrival time

                      0.150000    0.000000    0.000000   clock clk (rise edge)
                                  0.000000    0.000000   clock network delay (ideal)
                                  0.250000    0.250000   clock uncertainty
                                  0.000000    0.250000   clock reconvergence pessimism
                                              0.250000 ^ _3057_/CLK (sky130_fd_sc_hd__dfxtp_2)
                                 -0.014771    0.235229   library hold time
                                              0.235229   data required time
---------------------------------------------------------------------------------------------
                                              0.235229   data required time
                                             -0.570949   data arrival time
---------------------------------------------------------------------------------------------
                                              0.335720   slack (MET)


Startpoint: _3058_ (rising edge-triggered flip-flop clocked by clk)
Endpoint: _3058_ (rising edge-triggered flip-flop clocked by clk)
Path Group: clk
Path Type: min

Fanout         Cap        Slew       Delay        Time   Description
---------------------------------------------------------------------------------------------
                      0.150000    0.000000    0.000000   clock clk (rise edge)
                                  0.000000    0.000000   clock network delay (ideal)
                      0.150000    0.000000    0.000000 ^ _3058_/CLK (sky130_fd_sc_hd__dfxtp_2)
     2    0.004459    0.038277    0.347916    0.347916 ^ _3058_/Q (sky130_fd_sc_hd__dfxtp_2)
                                                         u_intf.u_slave.reg_weight[23] (net)
                      0.038277    0.000000    0.347916 ^ _1860_/A1 (sky130_fd_sc_hd__mux2_1)
     1    0.001541    0.033067    0.104843    0.452758 ^ _1860_/X (sky130_fd_sc_hd__mux2_1)
                                                         _0365_ (net)
                      0.033067    0.000000    0.452758 ^ _1861_/B (sky130_fd_sc_hd__and2_2)
     1    0.001674    0.032314    0.118190    0.570949 ^ _1861_/X (sky130_fd_sc_hd__and2_2)
                                                         _0172_ (net)
                      0.032314    0.000000    0.570949 ^ _3058_/D (sky130_fd_sc_hd__dfxtp_2)
                                              0.570949   data arrival time

                      0.150000    0.000000    0.000000   clock clk (rise edge)
                                  0.000000    0.000000   clock network delay (ideal)
                                  0.250000    0.250000   clock uncertainty
                                  0.000000    0.250000   clock reconvergence pessimism
                                              0.250000 ^ _3058_/CLK (sky130_fd_sc_hd__dfxtp_2)
                                 -0.014771    0.235229   library hold time
                                              0.235229   data required time
---------------------------------------------------------------------------------------------
                                              0.235229   data required time
                                             -0.570949   data arrival time
---------------------------------------------------------------------------------------------
                                              0.335720   slack (MET)


Startpoint: _3059_ (rising edge-triggered flip-flop clocked by clk)
Endpoint: _3059_ (rising edge-triggered flip-flop clocked by clk)
Path Group: clk
Path Type: min

Fanout         Cap        Slew       Delay        Time   Description
---------------------------------------------------------------------------------------------
                      0.150000    0.000000    0.000000   clock clk (rise edge)
                                  0.000000    0.000000   clock network delay (ideal)
                      0.150000    0.000000    0.000000 ^ _3059_/CLK (sky130_fd_sc_hd__dfxtp_2)
     2    0.004459    0.038277    0.347916    0.347916 ^ _3059_/Q (sky130_fd_sc_hd__dfxtp_2)
                                                         u_intf.u_slave.reg_weight[24] (net)
                      0.038277    0.000000    0.347916 ^ _1862_/A1 (sky130_fd_sc_hd__mux2_1)
     1    0.001541    0.033067    0.104843    0.452758 ^ _1862_/X (sky130_fd_sc_hd__mux2_1)
                                                         _0366_ (net)
                      0.033067    0.000000    0.452758 ^ _1863_/B (sky130_fd_sc_hd__and2_2)
     1    0.001674    0.032314    0.118190    0.570949 ^ _1863_/X (sky130_fd_sc_hd__and2_2)
                                                         _0173_ (net)
                      0.032314    0.000000    0.570949 ^ _3059_/D (sky130_fd_sc_hd__dfxtp_2)
                                              0.570949   data arrival time

                      0.150000    0.000000    0.000000   clock clk (rise edge)
                                  0.000000    0.000000   clock network delay (ideal)
                                  0.250000    0.250000   clock uncertainty
                                  0.000000    0.250000   clock reconvergence pessimism
                                              0.250000 ^ _3059_/CLK (sky130_fd_sc_hd__dfxtp_2)
                                 -0.014771    0.235229   library hold time
                                              0.235229   data required time
---------------------------------------------------------------------------------------------
                                              0.235229   data required time
                                             -0.570949   data arrival time
---------------------------------------------------------------------------------------------
                                              0.335720   slack (MET)


Startpoint: _3061_ (rising edge-triggered flip-flop clocked by clk)
Endpoint: _3061_ (rising edge-triggered flip-flop clocked by clk)
Path Group: clk
Path Type: min

Fanout         Cap        Slew       Delay        Time   Description
---------------------------------------------------------------------------------------------
                      0.150000    0.000000    0.000000   clock clk (rise edge)
                                  0.000000    0.000000   clock network delay (ideal)
                      0.150000    0.000000    0.000000 ^ _3061_/CLK (sky130_fd_sc_hd__dfxtp_2)
     2    0.004459    0.038277    0.347916    0.347916 ^ _3061_/Q (sky130_fd_sc_hd__dfxtp_2)
                                                         u_intf.u_slave.reg_weight[26] (net)
                      0.038277    0.000000    0.347916 ^ _1866_/A1 (sky130_fd_sc_hd__mux2_1)
     1    0.001541    0.033067    0.104843    0.452758 ^ _1866_/X (sky130_fd_sc_hd__mux2_1)
                                                         _0368_ (net)
                      0.033067    0.000000    0.452758 ^ _1867_/B (sky130_fd_sc_hd__and2_2)
     1    0.001674    0.032314    0.118190    0.570949 ^ _1867_/X (sky130_fd_sc_hd__and2_2)
                                                         _0175_ (net)
                      0.032314    0.000000    0.570949 ^ _3061_/D (sky130_fd_sc_hd__dfxtp_2)
                                              0.570949   data arrival time

                      0.150000    0.000000    0.000000   clock clk (rise edge)
                                  0.000000    0.000000   clock network delay (ideal)
                                  0.250000    0.250000   clock uncertainty
                                  0.000000    0.250000   clock reconvergence pessimism
                                              0.250000 ^ _3061_/CLK (sky130_fd_sc_hd__dfxtp_2)
                                 -0.014771    0.235229   library hold time
                                              0.235229   data required time
---------------------------------------------------------------------------------------------
                                              0.235229   data required time
                                             -0.570949   data arrival time
---------------------------------------------------------------------------------------------
                                              0.335720   slack (MET)


Startpoint: _3062_ (rising edge-triggered flip-flop clocked by clk)
Endpoint: _3062_ (rising edge-triggered flip-flop clocked by clk)
Path Group: clk
Path Type: min

Fanout         Cap        Slew       Delay        Time   Description
---------------------------------------------------------------------------------------------
                      0.150000    0.000000    0.000000   clock clk (rise edge)
                                  0.000000    0.000000   clock network delay (ideal)
                      0.150000    0.000000    0.000000 ^ _3062_/CLK (sky130_fd_sc_hd__dfxtp_2)
     2    0.004459    0.038277    0.347916    0.347916 ^ _3062_/Q (sky130_fd_sc_hd__dfxtp_2)
                                                         u_intf.u_slave.reg_weight[27] (net)
                      0.038277    0.000000    0.347916 ^ _1868_/A1 (sky130_fd_sc_hd__mux2_1)
     1    0.001541    0.033067    0.104843    0.452758 ^ _1868_/X (sky130_fd_sc_hd__mux2_1)
                                                         _0369_ (net)
                      0.033067    0.000000    0.452758 ^ _1869_/B (sky130_fd_sc_hd__and2_2)
     1    0.001674    0.032314    0.118190    0.570949 ^ _1869_/X (sky130_fd_sc_hd__and2_2)
                                                         _0176_ (net)
                      0.032314    0.000000    0.570949 ^ _3062_/D (sky130_fd_sc_hd__dfxtp_2)
                                              0.570949   data arrival time

                      0.150000    0.000000    0.000000   clock clk (rise edge)
                                  0.000000    0.000000   clock network delay (ideal)
                                  0.250000    0.250000   clock uncertainty
                                  0.000000    0.250000   clock reconvergence pessimism
                                              0.250000 ^ _3062_/CLK (sky130_fd_sc_hd__dfxtp_2)
                                 -0.014771    0.235229   library hold time
                                              0.235229   data required time
---------------------------------------------------------------------------------------------
                                              0.235229   data required time
                                             -0.570949   data arrival time
---------------------------------------------------------------------------------------------
                                              0.335720   slack (MET)


Startpoint: _3063_ (rising edge-triggered flip-flop clocked by clk)
Endpoint: _3063_ (rising edge-triggered flip-flop clocked by clk)
Path Group: clk
Path Type: min

Fanout         Cap        Slew       Delay        Time   Description
---------------------------------------------------------------------------------------------
                      0.150000    0.000000    0.000000   clock clk (rise edge)
                                  0.000000    0.000000   clock network delay (ideal)
                      0.150000    0.000000    0.000000 ^ _3063_/CLK (sky130_fd_sc_hd__dfxtp_2)
     2    0.004459    0.038277    0.347916    0.347916 ^ _3063_/Q (sky130_fd_sc_hd__dfxtp_2)
                                                         u_intf.u_slave.reg_weight[28] (net)
                      0.038277    0.000000    0.347916 ^ _1870_/A1 (sky130_fd_sc_hd__mux2_1)
     1    0.001541    0.033067    0.104843    0.452758 ^ _1870_/X (sky130_fd_sc_hd__mux2_1)
                                                         _0370_ (net)
                      0.033067    0.000000    0.452758 ^ _1871_/B (sky130_fd_sc_hd__and2_2)
     1    0.001674    0.032314    0.118190    0.570949 ^ _1871_/X (sky130_fd_sc_hd__and2_2)
                                                         _0177_ (net)
                      0.032314    0.000000    0.570949 ^ _3063_/D (sky130_fd_sc_hd__dfxtp_2)
                                              0.570949   data arrival time

                      0.150000    0.000000    0.000000   clock clk (rise edge)
                                  0.000000    0.000000   clock network delay (ideal)
                                  0.250000    0.250000   clock uncertainty
                                  0.000000    0.250000   clock reconvergence pessimism
                                              0.250000 ^ _3063_/CLK (sky130_fd_sc_hd__dfxtp_2)
                                 -0.014771    0.235229   library hold time
                                              0.235229   data required time
---------------------------------------------------------------------------------------------
                                              0.235229   data required time
                                             -0.570949   data arrival time
---------------------------------------------------------------------------------------------
                                              0.335720   slack (MET)


Startpoint: _3064_ (rising edge-triggered flip-flop clocked by clk)
Endpoint: _3064_ (rising edge-triggered flip-flop clocked by clk)
Path Group: clk
Path Type: min

Fanout         Cap        Slew       Delay        Time   Description
---------------------------------------------------------------------------------------------
                      0.150000    0.000000    0.000000   clock clk (rise edge)
                                  0.000000    0.000000   clock network delay (ideal)
                      0.150000    0.000000    0.000000 ^ _3064_/CLK (sky130_fd_sc_hd__dfxtp_2)
     2    0.004459    0.038277    0.347916    0.347916 ^ _3064_/Q (sky130_fd_sc_hd__dfxtp_2)
                                                         u_intf.u_slave.reg_weight[29] (net)
                      0.038277    0.000000    0.347916 ^ _1872_/A1 (sky130_fd_sc_hd__mux2_1)
     1    0.001541    0.033067    0.104843    0.452758 ^ _1872_/X (sky130_fd_sc_hd__mux2_1)
                                                         _0371_ (net)
                      0.033067    0.000000    0.452758 ^ _1873_/B (sky130_fd_sc_hd__and2_2)
     1    0.001674    0.032314    0.118190    0.570949 ^ _1873_/X (sky130_fd_sc_hd__and2_2)
                                                         _0178_ (net)
                      0.032314    0.000000    0.570949 ^ _3064_/D (sky130_fd_sc_hd__dfxtp_2)
                                              0.570949   data arrival time

                      0.150000    0.000000    0.000000   clock clk (rise edge)
                                  0.000000    0.000000   clock network delay (ideal)
                                  0.250000    0.250000   clock uncertainty
                                  0.000000    0.250000   clock reconvergence pessimism
                                              0.250000 ^ _3064_/CLK (sky130_fd_sc_hd__dfxtp_2)
                                 -0.014771    0.235229   library hold time
                                              0.235229   data required time
---------------------------------------------------------------------------------------------
                                              0.235229   data required time
                                             -0.570949   data arrival time
---------------------------------------------------------------------------------------------
                                              0.335720   slack (MET)


Startpoint: _3065_ (rising edge-triggered flip-flop clocked by clk)
Endpoint: _3065_ (rising edge-triggered flip-flop clocked by clk)
Path Group: clk
Path Type: min

Fanout         Cap        Slew       Delay        Time   Description
---------------------------------------------------------------------------------------------
                      0.150000    0.000000    0.000000   clock clk (rise edge)
                                  0.000000    0.000000   clock network delay (ideal)
                      0.150000    0.000000    0.000000 ^ _3065_/CLK (sky130_fd_sc_hd__dfxtp_2)
     2    0.004459    0.038277    0.347916    0.347916 ^ _3065_/Q (sky130_fd_sc_hd__dfxtp_2)
                                                         u_intf.u_slave.reg_weight[30] (net)
                      0.038277    0.000000    0.347916 ^ _1874_/A1 (sky130_fd_sc_hd__mux2_1)
     1    0.001541    0.033067    0.104843    0.452758 ^ _1874_/X (sky130_fd_sc_hd__mux2_1)
                                                         _0372_ (net)
                      0.033067    0.000000    0.452758 ^ _1875_/B (sky130_fd_sc_hd__and2_2)
     1    0.001674    0.032314    0.118190    0.570949 ^ _1875_/X (sky130_fd_sc_hd__and2_2)
                                                         _0179_ (net)
                      0.032314    0.000000    0.570949 ^ _3065_/D (sky130_fd_sc_hd__dfxtp_2)
                                              0.570949   data arrival time

                      0.150000    0.000000    0.000000   clock clk (rise edge)
                                  0.000000    0.000000   clock network delay (ideal)
                                  0.250000    0.250000   clock uncertainty
                                  0.000000    0.250000   clock reconvergence pessimism
                                              0.250000 ^ _3065_/CLK (sky130_fd_sc_hd__dfxtp_2)
                                 -0.014771    0.235229   library hold time
                                              0.235229   data required time
---------------------------------------------------------------------------------------------
                                              0.235229   data required time
                                             -0.570949   data arrival time
---------------------------------------------------------------------------------------------
                                              0.335720   slack (MET)


Startpoint: _3012_ (rising edge-triggered flip-flop clocked by clk)
Endpoint: _3012_ (rising edge-triggered flip-flop clocked by clk)
Path Group: clk
Path Type: min

Fanout         Cap        Slew       Delay        Time   Description
---------------------------------------------------------------------------------------------
                      0.150000    0.000000    0.000000   clock clk (rise edge)
                                  0.000000    0.000000   clock network delay (ideal)
                      0.150000    0.000000    0.000000 ^ _3012_/CLK (sky130_fd_sc_hd__dfxtp_2)
     2    0.004459    0.038277    0.347916    0.347916 ^ _3012_/Q (sky130_fd_sc_hd__dfxtp_2)
                                                         u_intf.u_slave.reg_pixel[9] (net)
                      0.038277    0.000000    0.347916 ^ _1767_/A1 (sky130_fd_sc_hd__mux2_1)
     1    0.001541    0.033077    0.104843    0.452758 ^ _1767_/X (sky130_fd_sc_hd__mux2_1)
                                                         _0318_ (net)
                      0.033077    0.000000    0.452758 ^ _1768_/B (sky130_fd_sc_hd__and2_2)
     1    0.001674    0.032314    0.118194    0.570952 ^ _1768_/X (sky130_fd_sc_hd__and2_2)
                                                         _0126_ (net)
                      0.032314    0.000000    0.570952 ^ _3012_/D (sky130_fd_sc_hd__dfxtp_2)
                                              0.570952   data arrival time

                      0.150000    0.000000    0.000000   clock clk (rise edge)
                                  0.000000    0.000000   clock network delay (ideal)
                                  0.250000    0.250000   clock uncertainty
                                  0.000000    0.250000   clock reconvergence pessimism
                                              0.250000 ^ _3012_/CLK (sky130_fd_sc_hd__dfxtp_2)
                                 -0.014771    0.235229   library hold time
                                              0.235229   data required time
---------------------------------------------------------------------------------------------
                                              0.235229   data required time
                                             -0.570952   data arrival time
---------------------------------------------------------------------------------------------
                                              0.335723   slack (MET)


Startpoint: _3019_ (rising edge-triggered flip-flop clocked by clk)
Endpoint: _3019_ (rising edge-triggered flip-flop clocked by clk)
Path Group: clk
Path Type: min

Fanout         Cap        Slew       Delay        Time   Description
---------------------------------------------------------------------------------------------
                      0.150000    0.000000    0.000000   clock clk (rise edge)
                                  0.000000    0.000000   clock network delay (ideal)
                      0.150000    0.000000    0.000000 ^ _3019_/CLK (sky130_fd_sc_hd__dfxtp_2)
     2    0.004459    0.038277    0.347916    0.347916 ^ _3019_/Q (sky130_fd_sc_hd__dfxtp_2)
                                                         u_intf.u_slave.reg_pixel[16] (net)
                      0.038277    0.000000    0.347916 ^ _1781_/A1 (sky130_fd_sc_hd__mux2_1)
     1    0.001541    0.033077    0.104843    0.452758 ^ _1781_/X (sky130_fd_sc_hd__mux2_1)
                                                         _0325_ (net)
                      0.033077    0.000000    0.452758 ^ _1782_/B (sky130_fd_sc_hd__and2_2)
     1    0.001674    0.032314    0.118194    0.570952 ^ _1782_/X (sky130_fd_sc_hd__and2_2)
                                                         _0133_ (net)
                      0.032314    0.000000    0.570952 ^ _3019_/D (sky130_fd_sc_hd__dfxtp_2)
                                              0.570952   data arrival time

                      0.150000    0.000000    0.000000   clock clk (rise edge)
                                  0.000000    0.000000   clock network delay (ideal)
                                  0.250000    0.250000   clock uncertainty
                                  0.000000    0.250000   clock reconvergence pessimism
                                              0.250000 ^ _3019_/CLK (sky130_fd_sc_hd__dfxtp_2)
                                 -0.014771    0.235229   library hold time
                                              0.235229   data required time
---------------------------------------------------------------------------------------------
                                              0.235229   data required time
                                             -0.570952   data arrival time
---------------------------------------------------------------------------------------------
                                              0.335723   slack (MET)


Startpoint: _3021_ (rising edge-triggered flip-flop clocked by clk)
Endpoint: _3021_ (rising edge-triggered flip-flop clocked by clk)
Path Group: clk
Path Type: min

Fanout         Cap        Slew       Delay        Time   Description
---------------------------------------------------------------------------------------------
                      0.150000    0.000000    0.000000   clock clk (rise edge)
                                  0.000000    0.000000   clock network delay (ideal)
                      0.150000    0.000000    0.000000 ^ _3021_/CLK (sky130_fd_sc_hd__dfxtp_2)
     2    0.004459    0.038277    0.347916    0.347916 ^ _3021_/Q (sky130_fd_sc_hd__dfxtp_2)
                                                         u_intf.u_slave.reg_pixel[18] (net)
                      0.038277    0.000000    0.347916 ^ _1785_/A1 (sky130_fd_sc_hd__mux2_1)
     1    0.001541    0.033077    0.104843    0.452758 ^ _1785_/X (sky130_fd_sc_hd__mux2_1)
                                                         _0327_ (net)
                      0.033077    0.000000    0.452758 ^ _1786_/B (sky130_fd_sc_hd__and2_2)
     1    0.001674    0.032314    0.118194    0.570952 ^ _1786_/X (sky130_fd_sc_hd__and2_2)
                                                         _0135_ (net)
                      0.032314    0.000000    0.570952 ^ _3021_/D (sky130_fd_sc_hd__dfxtp_2)
                                              0.570952   data arrival time

                      0.150000    0.000000    0.000000   clock clk (rise edge)
                                  0.000000    0.000000   clock network delay (ideal)
                                  0.250000    0.250000   clock uncertainty
                                  0.000000    0.250000   clock reconvergence pessimism
                                              0.250000 ^ _3021_/CLK (sky130_fd_sc_hd__dfxtp_2)
                                 -0.014771    0.235229   library hold time
                                              0.235229   data required time
---------------------------------------------------------------------------------------------
                                              0.235229   data required time
                                             -0.570952   data arrival time
---------------------------------------------------------------------------------------------
                                              0.335723   slack (MET)


Startpoint: _3022_ (rising edge-triggered flip-flop clocked by clk)
Endpoint: _3022_ (rising edge-triggered flip-flop clocked by clk)
Path Group: clk
Path Type: min

Fanout         Cap        Slew       Delay        Time   Description
---------------------------------------------------------------------------------------------
                      0.150000    0.000000    0.000000   clock clk (rise edge)
                                  0.000000    0.000000   clock network delay (ideal)
                      0.150000    0.000000    0.000000 ^ _3022_/CLK (sky130_fd_sc_hd__dfxtp_2)
     2    0.004459    0.038277    0.347916    0.347916 ^ _3022_/Q (sky130_fd_sc_hd__dfxtp_2)
                                                         u_intf.u_slave.reg_pixel[19] (net)
                      0.038277    0.000000    0.347916 ^ _1787_/A1 (sky130_fd_sc_hd__mux2_1)
     1    0.001541    0.033077    0.104843    0.452758 ^ _1787_/X (sky130_fd_sc_hd__mux2_1)
                                                         _0328_ (net)
                      0.033077    0.000000    0.452758 ^ _1788_/B (sky130_fd_sc_hd__and2_2)
     1    0.001674    0.032314    0.118194    0.570952 ^ _1788_/X (sky130_fd_sc_hd__and2_2)
                                                         _0136_ (net)
                      0.032314    0.000000    0.570952 ^ _3022_/D (sky130_fd_sc_hd__dfxtp_2)
                                              0.570952   data arrival time

                      0.150000    0.000000    0.000000   clock clk (rise edge)
                                  0.000000    0.000000   clock network delay (ideal)
                                  0.250000    0.250000   clock uncertainty
                                  0.000000    0.250000   clock reconvergence pessimism
                                              0.250000 ^ _3022_/CLK (sky130_fd_sc_hd__dfxtp_2)
                                 -0.014771    0.235229   library hold time
                                              0.235229   data required time
---------------------------------------------------------------------------------------------
                                              0.235229   data required time
                                             -0.570952   data arrival time
---------------------------------------------------------------------------------------------
                                              0.335723   slack (MET)


Startpoint: _3024_ (rising edge-triggered flip-flop clocked by clk)
Endpoint: _3024_ (rising edge-triggered flip-flop clocked by clk)
Path Group: clk
Path Type: min

Fanout         Cap        Slew       Delay        Time   Description
---------------------------------------------------------------------------------------------
                      0.150000    0.000000    0.000000   clock clk (rise edge)
                                  0.000000    0.000000   clock network delay (ideal)
                      0.150000    0.000000    0.000000 ^ _3024_/CLK (sky130_fd_sc_hd__dfxtp_2)
     2    0.004459    0.038277    0.347916    0.347916 ^ _3024_/Q (sky130_fd_sc_hd__dfxtp_2)
                                                         u_intf.u_slave.reg_pixel[21] (net)
                      0.038277    0.000000    0.347916 ^ _1791_/A1 (sky130_fd_sc_hd__mux2_1)
     1    0.001541    0.033077    0.104843    0.452758 ^ _1791_/X (sky130_fd_sc_hd__mux2_1)
                                                         _0330_ (net)
                      0.033077    0.000000    0.452758 ^ _1792_/B (sky130_fd_sc_hd__and2_2)
     1    0.001674    0.032314    0.118194    0.570952 ^ _1792_/X (sky130_fd_sc_hd__and2_2)
                                                         _0138_ (net)
                      0.032314    0.000000    0.570952 ^ _3024_/D (sky130_fd_sc_hd__dfxtp_2)
                                              0.570952   data arrival time

                      0.150000    0.000000    0.000000   clock clk (rise edge)
                                  0.000000    0.000000   clock network delay (ideal)
                                  0.250000    0.250000   clock uncertainty
                                  0.000000    0.250000   clock reconvergence pessimism
                                              0.250000 ^ _3024_/CLK (sky130_fd_sc_hd__dfxtp_2)
                                 -0.014771    0.235229   library hold time
                                              0.235229   data required time
---------------------------------------------------------------------------------------------
                                              0.235229   data required time
                                             -0.570952   data arrival time
---------------------------------------------------------------------------------------------
                                              0.335723   slack (MET)


Startpoint: _3028_ (rising edge-triggered flip-flop clocked by clk)
Endpoint: _3028_ (rising edge-triggered flip-flop clocked by clk)
Path Group: clk
Path Type: min

Fanout         Cap        Slew       Delay        Time   Description
---------------------------------------------------------------------------------------------
                      0.150000    0.000000    0.000000   clock clk (rise edge)
                                  0.000000    0.000000   clock network delay (ideal)
                      0.150000    0.000000    0.000000 ^ _3028_/CLK (sky130_fd_sc_hd__dfxtp_2)
     2    0.004459    0.038277    0.347916    0.347916 ^ _3028_/Q (sky130_fd_sc_hd__dfxtp_2)
                                                         u_intf.u_slave.reg_pixel[25] (net)
                      0.038277    0.000000    0.347916 ^ _1799_/A1 (sky130_fd_sc_hd__mux2_1)
     1    0.001541    0.033077    0.104843    0.452758 ^ _1799_/X (sky130_fd_sc_hd__mux2_1)
                                                         _0334_ (net)
                      0.033077    0.000000    0.452758 ^ _1800_/B (sky130_fd_sc_hd__and2_2)
     1    0.001674    0.032314    0.118194    0.570952 ^ _1800_/X (sky130_fd_sc_hd__and2_2)
                                                         _0142_ (net)
                      0.032314    0.000000    0.570952 ^ _3028_/D (sky130_fd_sc_hd__dfxtp_2)
                                              0.570952   data arrival time

                      0.150000    0.000000    0.000000   clock clk (rise edge)
                                  0.000000    0.000000   clock network delay (ideal)
                                  0.250000    0.250000   clock uncertainty
                                  0.000000    0.250000   clock reconvergence pessimism
                                              0.250000 ^ _3028_/CLK (sky130_fd_sc_hd__dfxtp_2)
                                 -0.014771    0.235229   library hold time
                                              0.235229   data required time
---------------------------------------------------------------------------------------------
                                              0.235229   data required time
                                             -0.570952   data arrival time
---------------------------------------------------------------------------------------------
                                              0.335723   slack (MET)


Startpoint: _3034_ (rising edge-triggered flip-flop clocked by clk)
Endpoint: _3034_ (rising edge-triggered flip-flop clocked by clk)
Path Group: clk
Path Type: min

Fanout         Cap        Slew       Delay        Time   Description
---------------------------------------------------------------------------------------------
                      0.150000    0.000000    0.000000   clock clk (rise edge)
                                  0.000000    0.000000   clock network delay (ideal)
                      0.150000    0.000000    0.000000 ^ _3034_/CLK (sky130_fd_sc_hd__dfxtp_2)
     2    0.004459    0.038277    0.347916    0.347916 ^ _3034_/Q (sky130_fd_sc_hd__dfxtp_2)
                                                         u_intf.u_slave.reg_pixel[31] (net)
                      0.038277    0.000000    0.347916 ^ _1811_/A1 (sky130_fd_sc_hd__mux2_1)
     1    0.001541    0.033077    0.104843    0.452758 ^ _1811_/X (sky130_fd_sc_hd__mux2_1)
                                                         _0340_ (net)
                      0.033077    0.000000    0.452758 ^ _1812_/B (sky130_fd_sc_hd__and2_2)
     1    0.001674    0.032314    0.118194    0.570952 ^ _1812_/X (sky130_fd_sc_hd__and2_2)
                                                         _0148_ (net)
                      0.032314    0.000000    0.570952 ^ _3034_/D (sky130_fd_sc_hd__dfxtp_2)
                                              0.570952   data arrival time

                      0.150000    0.000000    0.000000   clock clk (rise edge)
                                  0.000000    0.000000   clock network delay (ideal)
                                  0.250000    0.250000   clock uncertainty
                                  0.000000    0.250000   clock reconvergence pessimism
                                              0.250000 ^ _3034_/CLK (sky130_fd_sc_hd__dfxtp_2)
                                 -0.014771    0.235229   library hold time
                                              0.235229   data required time
---------------------------------------------------------------------------------------------
                                              0.235229   data required time
                                             -0.570952   data arrival time
---------------------------------------------------------------------------------------------
                                              0.335723   slack (MET)


Startpoint: _3044_ (rising edge-triggered flip-flop clocked by clk)
Endpoint: _3044_ (rising edge-triggered flip-flop clocked by clk)
Path Group: clk
Path Type: min

Fanout         Cap        Slew       Delay        Time   Description
---------------------------------------------------------------------------------------------
                      0.150000    0.000000    0.000000   clock clk (rise edge)
                                  0.000000    0.000000   clock network delay (ideal)
                      0.150000    0.000000    0.000000 ^ _3044_/CLK (sky130_fd_sc_hd__dfxtp_2)
     2    0.004496    0.038444    0.348054    0.348054 ^ _3044_/Q (sky130_fd_sc_hd__dfxtp_2)
                                                         u_intf.u_slave.reg_weight[9] (net)
                      0.038444    0.000000    0.348054 ^ _1832_/A1 (sky130_fd_sc_hd__mux2_1)
     1    0.001541    0.033067    0.104900    0.452955 ^ _1832_/X (sky130_fd_sc_hd__mux2_1)
                                                         _0351_ (net)
                      0.033067    0.000000    0.452955 ^ _1833_/B (sky130_fd_sc_hd__and2_2)
     1    0.001674    0.032314    0.118190    0.571145 ^ _1833_/X (sky130_fd_sc_hd__and2_2)
                                                         _0158_ (net)
                      0.032314    0.000000    0.571145 ^ _3044_/D (sky130_fd_sc_hd__dfxtp_2)
                                              0.571145   data arrival time

                      0.150000    0.000000    0.000000   clock clk (rise edge)
                                  0.000000    0.000000   clock network delay (ideal)
                                  0.250000    0.250000   clock uncertainty
                                  0.000000    0.250000   clock reconvergence pessimism
                                              0.250000 ^ _3044_/CLK (sky130_fd_sc_hd__dfxtp_2)
                                 -0.014771    0.235229   library hold time
                                              0.235229   data required time
---------------------------------------------------------------------------------------------
                                              0.235229   data required time
                                             -0.571145   data arrival time
---------------------------------------------------------------------------------------------
                                              0.335916   slack (MET)


Startpoint: _3051_ (rising edge-triggered flip-flop clocked by clk)
Endpoint: _3051_ (rising edge-triggered flip-flop clocked by clk)
Path Group: clk
Path Type: min

Fanout         Cap        Slew       Delay        Time   Description
---------------------------------------------------------------------------------------------
                      0.150000    0.000000    0.000000   clock clk (rise edge)
                                  0.000000    0.000000   clock network delay (ideal)
                      0.150000    0.000000    0.000000 ^ _3051_/CLK (sky130_fd_sc_hd__dfxtp_2)
     2    0.004496    0.038444    0.348054    0.348054 ^ _3051_/Q (sky130_fd_sc_hd__dfxtp_2)
                                                         u_intf.u_slave.reg_weight[16] (net)
                      0.038444    0.000000    0.348054 ^ _1846_/A1 (sky130_fd_sc_hd__mux2_1)
     1    0.001541    0.033067    0.104900    0.452955 ^ _1846_/X (sky130_fd_sc_hd__mux2_1)
                                                         _0358_ (net)
                      0.033067    0.000000    0.452955 ^ _1847_/B (sky130_fd_sc_hd__and2_2)
     1    0.001674    0.032314    0.118190    0.571145 ^ _1847_/X (sky130_fd_sc_hd__and2_2)
                                                         _0165_ (net)
                      0.032314    0.000000    0.571145 ^ _3051_/D (sky130_fd_sc_hd__dfxtp_2)
                                              0.571145   data arrival time

                      0.150000    0.000000    0.000000   clock clk (rise edge)
                                  0.000000    0.000000   clock network delay (ideal)
                                  0.250000    0.250000   clock uncertainty
                                  0.000000    0.250000   clock reconvergence pessimism
                                              0.250000 ^ _3051_/CLK (sky130_fd_sc_hd__dfxtp_2)
                                 -0.014771    0.235229   library hold time
                                              0.235229   data required time
---------------------------------------------------------------------------------------------
                                              0.235229   data required time
                                             -0.571145   data arrival time
---------------------------------------------------------------------------------------------
                                              0.335916   slack (MET)


Startpoint: _3053_ (rising edge-triggered flip-flop clocked by clk)
Endpoint: _3053_ (rising edge-triggered flip-flop clocked by clk)
Path Group: clk
Path Type: min

Fanout         Cap        Slew       Delay        Time   Description
---------------------------------------------------------------------------------------------
                      0.150000    0.000000    0.000000   clock clk (rise edge)
                                  0.000000    0.000000   clock network delay (ideal)
                      0.150000    0.000000    0.000000 ^ _3053_/CLK (sky130_fd_sc_hd__dfxtp_2)
     2    0.004496    0.038444    0.348054    0.348054 ^ _3053_/Q (sky130_fd_sc_hd__dfxtp_2)
                                                         u_intf.u_slave.reg_weight[18] (net)
                      0.038444    0.000000    0.348054 ^ _1850_/A1 (sky130_fd_sc_hd__mux2_1)
     1    0.001541    0.033067    0.104900    0.452955 ^ _1850_/X (sky130_fd_sc_hd__mux2_1)
                                                         _0360_ (net)
                      0.033067    0.000000    0.452955 ^ _1851_/B (sky130_fd_sc_hd__and2_2)
     1    0.001674    0.032314    0.118190    0.571145 ^ _1851_/X (sky130_fd_sc_hd__and2_2)
                                                         _0167_ (net)
                      0.032314    0.000000    0.571145 ^ _3053_/D (sky130_fd_sc_hd__dfxtp_2)
                                              0.571145   data arrival time

                      0.150000    0.000000    0.000000   clock clk (rise edge)
                                  0.000000    0.000000   clock network delay (ideal)
                                  0.250000    0.250000   clock uncertainty
                                  0.000000    0.250000   clock reconvergence pessimism
                                              0.250000 ^ _3053_/CLK (sky130_fd_sc_hd__dfxtp_2)
                                 -0.014771    0.235229   library hold time
                                              0.235229   data required time
---------------------------------------------------------------------------------------------
                                              0.235229   data required time
                                             -0.571145   data arrival time
---------------------------------------------------------------------------------------------
                                              0.335916   slack (MET)


Startpoint: _3054_ (rising edge-triggered flip-flop clocked by clk)
Endpoint: _3054_ (rising edge-triggered flip-flop clocked by clk)
Path Group: clk
Path Type: min

Fanout         Cap        Slew       Delay        Time   Description
---------------------------------------------------------------------------------------------
                      0.150000    0.000000    0.000000   clock clk (rise edge)
                                  0.000000    0.000000   clock network delay (ideal)
                      0.150000    0.000000    0.000000 ^ _3054_/CLK (sky130_fd_sc_hd__dfxtp_2)
     2    0.004496    0.038444    0.348054    0.348054 ^ _3054_/Q (sky130_fd_sc_hd__dfxtp_2)
                                                         u_intf.u_slave.reg_weight[19] (net)
                      0.038444    0.000000    0.348054 ^ _1852_/A1 (sky130_fd_sc_hd__mux2_1)
     1    0.001541    0.033067    0.104900    0.452955 ^ _1852_/X (sky130_fd_sc_hd__mux2_1)
                                                         _0361_ (net)
                      0.033067    0.000000    0.452955 ^ _1853_/B (sky130_fd_sc_hd__and2_2)
     1    0.001674    0.032314    0.118190    0.571145 ^ _1853_/X (sky130_fd_sc_hd__and2_2)
                                                         _0168_ (net)
                      0.032314    0.000000    0.571145 ^ _3054_/D (sky130_fd_sc_hd__dfxtp_2)
                                              0.571145   data arrival time

                      0.150000    0.000000    0.000000   clock clk (rise edge)
                                  0.000000    0.000000   clock network delay (ideal)
                                  0.250000    0.250000   clock uncertainty
                                  0.000000    0.250000   clock reconvergence pessimism
                                              0.250000 ^ _3054_/CLK (sky130_fd_sc_hd__dfxtp_2)
                                 -0.014771    0.235229   library hold time
                                              0.235229   data required time
---------------------------------------------------------------------------------------------
                                              0.235229   data required time
                                             -0.571145   data arrival time
---------------------------------------------------------------------------------------------
                                              0.335916   slack (MET)


Startpoint: _3056_ (rising edge-triggered flip-flop clocked by clk)
Endpoint: _3056_ (rising edge-triggered flip-flop clocked by clk)
Path Group: clk
Path Type: min

Fanout         Cap        Slew       Delay        Time   Description
---------------------------------------------------------------------------------------------
                      0.150000    0.000000    0.000000   clock clk (rise edge)
                                  0.000000    0.000000   clock network delay (ideal)
                      0.150000    0.000000    0.000000 ^ _3056_/CLK (sky130_fd_sc_hd__dfxtp_2)
     2    0.004496    0.038444    0.348054    0.348054 ^ _3056_/Q (sky130_fd_sc_hd__dfxtp_2)
                                                         u_intf.u_slave.reg_weight[21] (net)
                      0.038444    0.000000    0.348054 ^ _1856_/A1 (sky130_fd_sc_hd__mux2_1)
     1    0.001541    0.033067    0.104900    0.452955 ^ _1856_/X (sky130_fd_sc_hd__mux2_1)
                                                         _0363_ (net)
                      0.033067    0.000000    0.452955 ^ _1857_/B (sky130_fd_sc_hd__and2_2)
     1    0.001674    0.032314    0.118190    0.571145 ^ _1857_/X (sky130_fd_sc_hd__and2_2)
                                                         _0170_ (net)
                      0.032314    0.000000    0.571145 ^ _3056_/D (sky130_fd_sc_hd__dfxtp_2)
                                              0.571145   data arrival time

                      0.150000    0.000000    0.000000   clock clk (rise edge)
                                  0.000000    0.000000   clock network delay (ideal)
                                  0.250000    0.250000   clock uncertainty
                                  0.000000    0.250000   clock reconvergence pessimism
                                              0.250000 ^ _3056_/CLK (sky130_fd_sc_hd__dfxtp_2)
                                 -0.014771    0.235229   library hold time
                                              0.235229   data required time
---------------------------------------------------------------------------------------------
                                              0.235229   data required time
                                             -0.571145   data arrival time
---------------------------------------------------------------------------------------------
                                              0.335916   slack (MET)


Startpoint: _3060_ (rising edge-triggered flip-flop clocked by clk)
Endpoint: _3060_ (rising edge-triggered flip-flop clocked by clk)
Path Group: clk
Path Type: min

Fanout         Cap        Slew       Delay        Time   Description
---------------------------------------------------------------------------------------------
                      0.150000    0.000000    0.000000   clock clk (rise edge)
                                  0.000000    0.000000   clock network delay (ideal)
                      0.150000    0.000000    0.000000 ^ _3060_/CLK (sky130_fd_sc_hd__dfxtp_2)
     2    0.004496    0.038444    0.348054    0.348054 ^ _3060_/Q (sky130_fd_sc_hd__dfxtp_2)
                                                         u_intf.u_slave.reg_weight[25] (net)
                      0.038444    0.000000    0.348054 ^ _1864_/A1 (sky130_fd_sc_hd__mux2_1)
     1    0.001541    0.033067    0.104900    0.452955 ^ _1864_/X (sky130_fd_sc_hd__mux2_1)
                                                         _0367_ (net)
                      0.033067    0.000000    0.452955 ^ _1865_/B (sky130_fd_sc_hd__and2_2)
     1    0.001674    0.032314    0.118190    0.571145 ^ _1865_/X (sky130_fd_sc_hd__and2_2)
                                                         _0174_ (net)
                      0.032314    0.000000    0.571145 ^ _3060_/D (sky130_fd_sc_hd__dfxtp_2)
                                              0.571145   data arrival time

                      0.150000    0.000000    0.000000   clock clk (rise edge)
                                  0.000000    0.000000   clock network delay (ideal)
                                  0.250000    0.250000   clock uncertainty
                                  0.000000    0.250000   clock reconvergence pessimism
                                              0.250000 ^ _3060_/CLK (sky130_fd_sc_hd__dfxtp_2)
                                 -0.014771    0.235229   library hold time
                                              0.235229   data required time
---------------------------------------------------------------------------------------------
                                              0.235229   data required time
                                             -0.571145   data arrival time
---------------------------------------------------------------------------------------------
                                              0.335916   slack (MET)


Startpoint: _3066_ (rising edge-triggered flip-flop clocked by clk)
Endpoint: _3066_ (rising edge-triggered flip-flop clocked by clk)
Path Group: clk
Path Type: min

Fanout         Cap        Slew       Delay        Time   Description
---------------------------------------------------------------------------------------------
                      0.150000    0.000000    0.000000   clock clk (rise edge)
                                  0.000000    0.000000   clock network delay (ideal)
                      0.150000    0.000000    0.000000 ^ _3066_/CLK (sky130_fd_sc_hd__dfxtp_2)
     2    0.004496    0.038444    0.348054    0.348054 ^ _3066_/Q (sky130_fd_sc_hd__dfxtp_2)
                                                         u_intf.u_slave.reg_weight[31] (net)
                      0.038444    0.000000    0.348054 ^ _1876_/A1 (sky130_fd_sc_hd__mux2_1)
     1    0.001541    0.033067    0.104900    0.452955 ^ _1876_/X (sky130_fd_sc_hd__mux2_1)
                                                         _0373_ (net)
                      0.033067    0.000000    0.452955 ^ _1877_/B (sky130_fd_sc_hd__and2_2)
     1    0.001674    0.032314    0.118190    0.571145 ^ _1877_/X (sky130_fd_sc_hd__and2_2)
                                                         _0180_ (net)
                      0.032314    0.000000    0.571145 ^ _3066_/D (sky130_fd_sc_hd__dfxtp_2)
                                              0.571145   data arrival time

                      0.150000    0.000000    0.000000   clock clk (rise edge)
                                  0.000000    0.000000   clock network delay (ideal)
                                  0.250000    0.250000   clock uncertainty
                                  0.000000    0.250000   clock reconvergence pessimism
                                              0.250000 ^ _3066_/CLK (sky130_fd_sc_hd__dfxtp_2)
                                 -0.014771    0.235229   library hold time
                                              0.235229   data required time
---------------------------------------------------------------------------------------------
                                              0.235229   data required time
                                             -0.571145   data arrival time
---------------------------------------------------------------------------------------------
                                              0.335916   slack (MET)


Startpoint: _3011_ (rising edge-triggered flip-flop clocked by clk)
Endpoint: _3011_ (rising edge-triggered flip-flop clocked by clk)
Path Group: clk
Path Type: min

Fanout         Cap        Slew       Delay        Time   Description
---------------------------------------------------------------------------------------------
                      0.150000    0.000000    0.000000   clock clk (rise edge)
                                  0.000000    0.000000   clock network delay (ideal)
                      0.150000    0.000000    0.000000 ^ _3011_/CLK (sky130_fd_sc_hd__dfxtp_2)
     2    0.004496    0.038444    0.348054    0.348054 ^ _3011_/Q (sky130_fd_sc_hd__dfxtp_2)
                                                         u_intf.u_slave.reg_pixel[8] (net)
                      0.038444    0.000000    0.348054 ^ _1765_/A1 (sky130_fd_sc_hd__mux2_1)
     1    0.001541    0.033077    0.104900    0.452955 ^ _1765_/X (sky130_fd_sc_hd__mux2_1)
                                                         _0317_ (net)
                      0.033077    0.000000    0.452955 ^ _1766_/B (sky130_fd_sc_hd__and2_2)
     1    0.001674    0.032314    0.118194    0.571148 ^ _1766_/X (sky130_fd_sc_hd__and2_2)
                                                         _0125_ (net)
                      0.032314    0.000000    0.571148 ^ _3011_/D (sky130_fd_sc_hd__dfxtp_2)
                                              0.571148   data arrival time

                      0.150000    0.000000    0.000000   clock clk (rise edge)
                                  0.000000    0.000000   clock network delay (ideal)
                                  0.250000    0.250000   clock uncertainty
                                  0.000000    0.250000   clock reconvergence pessimism
                                              0.250000 ^ _3011_/CLK (sky130_fd_sc_hd__dfxtp_2)
                                 -0.014771    0.235229   library hold time
                                              0.235229   data required time
---------------------------------------------------------------------------------------------
                                              0.235229   data required time
                                             -0.571148   data arrival time
---------------------------------------------------------------------------------------------
                                              0.335919   slack (MET)


Startpoint: _3013_ (rising edge-triggered flip-flop clocked by clk)
Endpoint: _3013_ (rising edge-triggered flip-flop clocked by clk)
Path Group: clk
Path Type: min

Fanout         Cap        Slew       Delay        Time   Description
---------------------------------------------------------------------------------------------
                      0.150000    0.000000    0.000000   clock clk (rise edge)
                                  0.000000    0.000000   clock network delay (ideal)
                      0.150000    0.000000    0.000000 ^ _3013_/CLK (sky130_fd_sc_hd__dfxtp_2)
     2    0.004496    0.038444    0.348054    0.348054 ^ _3013_/Q (sky130_fd_sc_hd__dfxtp_2)
                                                         u_intf.u_slave.reg_pixel[10] (net)
                      0.038444    0.000000    0.348054 ^ _1769_/A1 (sky130_fd_sc_hd__mux2_1)
     1    0.001541    0.033077    0.104900    0.452955 ^ _1769_/X (sky130_fd_sc_hd__mux2_1)
                                                         _0319_ (net)
                      0.033077    0.000000    0.452955 ^ _1770_/B (sky130_fd_sc_hd__and2_2)
     1    0.001674    0.032314    0.118194    0.571148 ^ _1770_/X (sky130_fd_sc_hd__and2_2)
                                                         _0127_ (net)
                      0.032314    0.000000    0.571148 ^ _3013_/D (sky130_fd_sc_hd__dfxtp_2)
                                              0.571148   data arrival time

                      0.150000    0.000000    0.000000   clock clk (rise edge)
                                  0.000000    0.000000   clock network delay (ideal)
                                  0.250000    0.250000   clock uncertainty
                                  0.000000    0.250000   clock reconvergence pessimism
                                              0.250000 ^ _3013_/CLK (sky130_fd_sc_hd__dfxtp_2)
                                 -0.014771    0.235229   library hold time
                                              0.235229   data required time
---------------------------------------------------------------------------------------------
                                              0.235229   data required time
                                             -0.571148   data arrival time
---------------------------------------------------------------------------------------------
                                              0.335919   slack (MET)


Startpoint: _3014_ (rising edge-triggered flip-flop clocked by clk)
Endpoint: _3014_ (rising edge-triggered flip-flop clocked by clk)
Path Group: clk
Path Type: min

Fanout         Cap        Slew       Delay        Time   Description
---------------------------------------------------------------------------------------------
                      0.150000    0.000000    0.000000   clock clk (rise edge)
                                  0.000000    0.000000   clock network delay (ideal)
                      0.150000    0.000000    0.000000 ^ _3014_/CLK (sky130_fd_sc_hd__dfxtp_2)
     2    0.004496    0.038444    0.348054    0.348054 ^ _3014_/Q (sky130_fd_sc_hd__dfxtp_2)
                                                         u_intf.u_slave.reg_pixel[11] (net)
                      0.038444    0.000000    0.348054 ^ _1771_/A1 (sky130_fd_sc_hd__mux2_1)
     1    0.001541    0.033077    0.104900    0.452955 ^ _1771_/X (sky130_fd_sc_hd__mux2_1)
                                                         _0320_ (net)
                      0.033077    0.000000    0.452955 ^ _1772_/B (sky130_fd_sc_hd__and2_2)
     1    0.001674    0.032314    0.118194    0.571148 ^ _1772_/X (sky130_fd_sc_hd__and2_2)
                                                         _0128_ (net)
                      0.032314    0.000000    0.571148 ^ _3014_/D (sky130_fd_sc_hd__dfxtp_2)
                                              0.571148   data arrival time

                      0.150000    0.000000    0.000000   clock clk (rise edge)
                                  0.000000    0.000000   clock network delay (ideal)
                                  0.250000    0.250000   clock uncertainty
                                  0.000000    0.250000   clock reconvergence pessimism
                                              0.250000 ^ _3014_/CLK (sky130_fd_sc_hd__dfxtp_2)
                                 -0.014771    0.235229   library hold time
                                              0.235229   data required time
---------------------------------------------------------------------------------------------
                                              0.235229   data required time
                                             -0.571148   data arrival time
---------------------------------------------------------------------------------------------
                                              0.335919   slack (MET)


Startpoint: _3015_ (rising edge-triggered flip-flop clocked by clk)
Endpoint: _3015_ (rising edge-triggered flip-flop clocked by clk)
Path Group: clk
Path Type: min

Fanout         Cap        Slew       Delay        Time   Description
---------------------------------------------------------------------------------------------
                      0.150000    0.000000    0.000000   clock clk (rise edge)
                                  0.000000    0.000000   clock network delay (ideal)
                      0.150000    0.000000    0.000000 ^ _3015_/CLK (sky130_fd_sc_hd__dfxtp_2)
     2    0.004496    0.038444    0.348054    0.348054 ^ _3015_/Q (sky130_fd_sc_hd__dfxtp_2)
                                                         u_intf.u_slave.reg_pixel[12] (net)
                      0.038444    0.000000    0.348054 ^ _1773_/A1 (sky130_fd_sc_hd__mux2_1)
     1    0.001541    0.033077    0.104900    0.452955 ^ _1773_/X (sky130_fd_sc_hd__mux2_1)
                                                         _0321_ (net)
                      0.033077    0.000000    0.452955 ^ _1774_/B (sky130_fd_sc_hd__and2_2)
     1    0.001674    0.032314    0.118194    0.571148 ^ _1774_/X (sky130_fd_sc_hd__and2_2)
                                                         _0129_ (net)
                      0.032314    0.000000    0.571148 ^ _3015_/D (sky130_fd_sc_hd__dfxtp_2)
                                              0.571148   data arrival time

                      0.150000    0.000000    0.000000   clock clk (rise edge)
                                  0.000000    0.000000   clock network delay (ideal)
                                  0.250000    0.250000   clock uncertainty
                                  0.000000    0.250000   clock reconvergence pessimism
                                              0.250000 ^ _3015_/CLK (sky130_fd_sc_hd__dfxtp_2)
                                 -0.014771    0.235229   library hold time
                                              0.235229   data required time
---------------------------------------------------------------------------------------------
                                              0.235229   data required time
                                             -0.571148   data arrival time
---------------------------------------------------------------------------------------------
                                              0.335919   slack (MET)


Startpoint: _3016_ (rising edge-triggered flip-flop clocked by clk)
Endpoint: _3016_ (rising edge-triggered flip-flop clocked by clk)
Path Group: clk
Path Type: min

Fanout         Cap        Slew       Delay        Time   Description
---------------------------------------------------------------------------------------------
                      0.150000    0.000000    0.000000   clock clk (rise edge)
                                  0.000000    0.000000   clock network delay (ideal)
                      0.150000    0.000000    0.000000 ^ _3016_/CLK (sky130_fd_sc_hd__dfxtp_2)
     2    0.004496    0.038444    0.348054    0.348054 ^ _3016_/Q (sky130_fd_sc_hd__dfxtp_2)
                                                         u_intf.u_slave.reg_pixel[13] (net)
                      0.038444    0.000000    0.348054 ^ _1775_/A1 (sky130_fd_sc_hd__mux2_1)
     1    0.001541    0.033077    0.104900    0.452955 ^ _1775_/X (sky130_fd_sc_hd__mux2_1)
                                                         _0322_ (net)
                      0.033077    0.000000    0.452955 ^ _1776_/B (sky130_fd_sc_hd__and2_2)
     1    0.001674    0.032314    0.118194    0.571148 ^ _1776_/X (sky130_fd_sc_hd__and2_2)
                                                         _0130_ (net)
                      0.032314    0.000000    0.571148 ^ _3016_/D (sky130_fd_sc_hd__dfxtp_2)
                                              0.571148   data arrival time

                      0.150000    0.000000    0.000000   clock clk (rise edge)
                                  0.000000    0.000000   clock network delay (ideal)
                                  0.250000    0.250000   clock uncertainty
                                  0.000000    0.250000   clock reconvergence pessimism
                                              0.250000 ^ _3016_/CLK (sky130_fd_sc_hd__dfxtp_2)
                                 -0.014771    0.235229   library hold time
                                              0.235229   data required time
---------------------------------------------------------------------------------------------
                                              0.235229   data required time
                                             -0.571148   data arrival time
---------------------------------------------------------------------------------------------
                                              0.335919   slack (MET)


Startpoint: _3017_ (rising edge-triggered flip-flop clocked by clk)
Endpoint: _3017_ (rising edge-triggered flip-flop clocked by clk)
Path Group: clk
Path Type: min

Fanout         Cap        Slew       Delay        Time   Description
---------------------------------------------------------------------------------------------
                      0.150000    0.000000    0.000000   clock clk (rise edge)
                                  0.000000    0.000000   clock network delay (ideal)
                      0.150000    0.000000    0.000000 ^ _3017_/CLK (sky130_fd_sc_hd__dfxtp_2)
     2    0.004496    0.038444    0.348054    0.348054 ^ _3017_/Q (sky130_fd_sc_hd__dfxtp_2)
                                                         u_intf.u_slave.reg_pixel[14] (net)
                      0.038444    0.000000    0.348054 ^ _1777_/A1 (sky130_fd_sc_hd__mux2_1)
     1    0.001541    0.033077    0.104900    0.452955 ^ _1777_/X (sky130_fd_sc_hd__mux2_1)
                                                         _0323_ (net)
                      0.033077    0.000000    0.452955 ^ _1778_/B (sky130_fd_sc_hd__and2_2)
     1    0.001674    0.032314    0.118194    0.571148 ^ _1778_/X (sky130_fd_sc_hd__and2_2)
                                                         _0131_ (net)
                      0.032314    0.000000    0.571148 ^ _3017_/D (sky130_fd_sc_hd__dfxtp_2)
                                              0.571148   data arrival time

                      0.150000    0.000000    0.000000   clock clk (rise edge)
                                  0.000000    0.000000   clock network delay (ideal)
                                  0.250000    0.250000   clock uncertainty
                                  0.000000    0.250000   clock reconvergence pessimism
                                              0.250000 ^ _3017_/CLK (sky130_fd_sc_hd__dfxtp_2)
                                 -0.014771    0.235229   library hold time
                                              0.235229   data required time
---------------------------------------------------------------------------------------------
                                              0.235229   data required time
                                             -0.571148   data arrival time
---------------------------------------------------------------------------------------------
                                              0.335919   slack (MET)


Startpoint: _3020_ (rising edge-triggered flip-flop clocked by clk)
Endpoint: _3020_ (rising edge-triggered flip-flop clocked by clk)
Path Group: clk
Path Type: min

Fanout         Cap        Slew       Delay        Time   Description
---------------------------------------------------------------------------------------------
                      0.150000    0.000000    0.000000   clock clk (rise edge)
                                  0.000000    0.000000   clock network delay (ideal)
                      0.150000    0.000000    0.000000 ^ _3020_/CLK (sky130_fd_sc_hd__dfxtp_2)
     2    0.004496    0.038444    0.348054    0.348054 ^ _3020_/Q (sky130_fd_sc_hd__dfxtp_2)
                                                         u_intf.u_slave.reg_pixel[17] (net)
                      0.038444    0.000000    0.348054 ^ _1783_/A1 (sky130_fd_sc_hd__mux2_1)
     1    0.001541    0.033077    0.104900    0.452955 ^ _1783_/X (sky130_fd_sc_hd__mux2_1)
                                                         _0326_ (net)
                      0.033077    0.000000    0.452955 ^ _1784_/B (sky130_fd_sc_hd__and2_2)
     1    0.001674    0.032314    0.118194    0.571148 ^ _1784_/X (sky130_fd_sc_hd__and2_2)
                                                         _0134_ (net)
                      0.032314    0.000000    0.571148 ^ _3020_/D (sky130_fd_sc_hd__dfxtp_2)
                                              0.571148   data arrival time

                      0.150000    0.000000    0.000000   clock clk (rise edge)
                                  0.000000    0.000000   clock network delay (ideal)
                                  0.250000    0.250000   clock uncertainty
                                  0.000000    0.250000   clock reconvergence pessimism
                                              0.250000 ^ _3020_/CLK (sky130_fd_sc_hd__dfxtp_2)
                                 -0.014771    0.235229   library hold time
                                              0.235229   data required time
---------------------------------------------------------------------------------------------
                                              0.235229   data required time
                                             -0.571148   data arrival time
---------------------------------------------------------------------------------------------
                                              0.335919   slack (MET)


Startpoint: _3023_ (rising edge-triggered flip-flop clocked by clk)
Endpoint: _3023_ (rising edge-triggered flip-flop clocked by clk)
Path Group: clk
Path Type: min

Fanout         Cap        Slew       Delay        Time   Description
---------------------------------------------------------------------------------------------
                      0.150000    0.000000    0.000000   clock clk (rise edge)
                                  0.000000    0.000000   clock network delay (ideal)
                      0.150000    0.000000    0.000000 ^ _3023_/CLK (sky130_fd_sc_hd__dfxtp_2)
     2    0.004496    0.038444    0.348054    0.348054 ^ _3023_/Q (sky130_fd_sc_hd__dfxtp_2)
                                                         u_intf.u_slave.reg_pixel[20] (net)
                      0.038444    0.000000    0.348054 ^ _1789_/A1 (sky130_fd_sc_hd__mux2_1)
     1    0.001541    0.033077    0.104900    0.452955 ^ _1789_/X (sky130_fd_sc_hd__mux2_1)
                                                         _0329_ (net)
                      0.033077    0.000000    0.452955 ^ _1790_/B (sky130_fd_sc_hd__and2_2)
     1    0.001674    0.032314    0.118194    0.571148 ^ _1790_/X (sky130_fd_sc_hd__and2_2)
                                                         _0137_ (net)
                      0.032314    0.000000    0.571148 ^ _3023_/D (sky130_fd_sc_hd__dfxtp_2)
                                              0.571148   data arrival time

                      0.150000    0.000000    0.000000   clock clk (rise edge)
                                  0.000000    0.000000   clock network delay (ideal)
                                  0.250000    0.250000   clock uncertainty
                                  0.000000    0.250000   clock reconvergence pessimism
                                              0.250000 ^ _3023_/CLK (sky130_fd_sc_hd__dfxtp_2)
                                 -0.014771    0.235229   library hold time
                                              0.235229   data required time
---------------------------------------------------------------------------------------------
                                              0.235229   data required time
                                             -0.571148   data arrival time
---------------------------------------------------------------------------------------------
                                              0.335919   slack (MET)


Startpoint: _3025_ (rising edge-triggered flip-flop clocked by clk)
Endpoint: _3025_ (rising edge-triggered flip-flop clocked by clk)
Path Group: clk
Path Type: min

Fanout         Cap        Slew       Delay        Time   Description
---------------------------------------------------------------------------------------------
                      0.150000    0.000000    0.000000   clock clk (rise edge)
                                  0.000000    0.000000   clock network delay (ideal)
                      0.150000    0.000000    0.000000 ^ _3025_/CLK (sky130_fd_sc_hd__dfxtp_2)
     2    0.004496    0.038444    0.348054    0.348054 ^ _3025_/Q (sky130_fd_sc_hd__dfxtp_2)
                                                         u_intf.u_slave.reg_pixel[22] (net)
                      0.038444    0.000000    0.348054 ^ _1793_/A1 (sky130_fd_sc_hd__mux2_1)
     1    0.001541    0.033077    0.104900    0.452955 ^ _1793_/X (sky130_fd_sc_hd__mux2_1)
                                                         _0331_ (net)
                      0.033077    0.000000    0.452955 ^ _1794_/B (sky130_fd_sc_hd__and2_2)
     1    0.001674    0.032314    0.118194    0.571148 ^ _1794_/X (sky130_fd_sc_hd__and2_2)
                                                         _0139_ (net)
                      0.032314    0.000000    0.571148 ^ _3025_/D (sky130_fd_sc_hd__dfxtp_2)
                                              0.571148   data arrival time

                      0.150000    0.000000    0.000000   clock clk (rise edge)
                                  0.000000    0.000000   clock network delay (ideal)
                                  0.250000    0.250000   clock uncertainty
                                  0.000000    0.250000   clock reconvergence pessimism
                                              0.250000 ^ _3025_/CLK (sky130_fd_sc_hd__dfxtp_2)
                                 -0.014771    0.235229   library hold time
                                              0.235229   data required time
---------------------------------------------------------------------------------------------
                                              0.235229   data required time
                                             -0.571148   data arrival time
---------------------------------------------------------------------------------------------
                                              0.335919   slack (MET)


Startpoint: _3027_ (rising edge-triggered flip-flop clocked by clk)
Endpoint: _3027_ (rising edge-triggered flip-flop clocked by clk)
Path Group: clk
Path Type: min

Fanout         Cap        Slew       Delay        Time   Description
---------------------------------------------------------------------------------------------
                      0.150000    0.000000    0.000000   clock clk (rise edge)
                                  0.000000    0.000000   clock network delay (ideal)
                      0.150000    0.000000    0.000000 ^ _3027_/CLK (sky130_fd_sc_hd__dfxtp_2)
     2    0.004496    0.038444    0.348054    0.348054 ^ _3027_/Q (sky130_fd_sc_hd__dfxtp_2)
                                                         u_intf.u_slave.reg_pixel[24] (net)
                      0.038444    0.000000    0.348054 ^ _1797_/A1 (sky130_fd_sc_hd__mux2_1)
     1    0.001541    0.033077    0.104900    0.452955 ^ _1797_/X (sky130_fd_sc_hd__mux2_1)
                                                         _0333_ (net)
                      0.033077    0.000000    0.452955 ^ _1798_/B (sky130_fd_sc_hd__and2_2)
     1    0.001674    0.032314    0.118194    0.571148 ^ _1798_/X (sky130_fd_sc_hd__and2_2)
                                                         _0141_ (net)
                      0.032314    0.000000    0.571148 ^ _3027_/D (sky130_fd_sc_hd__dfxtp_2)
                                              0.571148   data arrival time

                      0.150000    0.000000    0.000000   clock clk (rise edge)
                                  0.000000    0.000000   clock network delay (ideal)
                                  0.250000    0.250000   clock uncertainty
                                  0.000000    0.250000   clock reconvergence pessimism
                                              0.250000 ^ _3027_/CLK (sky130_fd_sc_hd__dfxtp_2)
                                 -0.014771    0.235229   library hold time
                                              0.235229   data required time
---------------------------------------------------------------------------------------------
                                              0.235229   data required time
                                             -0.571148   data arrival time
---------------------------------------------------------------------------------------------
                                              0.335919   slack (MET)


Startpoint: _3030_ (rising edge-triggered flip-flop clocked by clk)
Endpoint: _3030_ (rising edge-triggered flip-flop clocked by clk)
Path Group: clk
Path Type: min

Fanout         Cap        Slew       Delay        Time   Description
---------------------------------------------------------------------------------------------
                      0.150000    0.000000    0.000000   clock clk (rise edge)
                                  0.000000    0.000000   clock network delay (ideal)
                      0.150000    0.000000    0.000000 ^ _3030_/CLK (sky130_fd_sc_hd__dfxtp_2)
     2    0.004496    0.038444    0.348054    0.348054 ^ _3030_/Q (sky130_fd_sc_hd__dfxtp_2)
                                                         u_intf.u_slave.reg_pixel[27] (net)
                      0.038444    0.000000    0.348054 ^ _1803_/A1 (sky130_fd_sc_hd__mux2_1)
     1    0.001541    0.033077    0.104900    0.452955 ^ _1803_/X (sky130_fd_sc_hd__mux2_1)
                                                         _0336_ (net)
                      0.033077    0.000000    0.452955 ^ _1804_/B (sky130_fd_sc_hd__and2_2)
     1    0.001674    0.032314    0.118194    0.571148 ^ _1804_/X (sky130_fd_sc_hd__and2_2)
                                                         _0144_ (net)
                      0.032314    0.000000    0.571148 ^ _3030_/D (sky130_fd_sc_hd__dfxtp_2)
                                              0.571148   data arrival time

                      0.150000    0.000000    0.000000   clock clk (rise edge)
                                  0.000000    0.000000   clock network delay (ideal)
                                  0.250000    0.250000   clock uncertainty
                                  0.000000    0.250000   clock reconvergence pessimism
                                              0.250000 ^ _3030_/CLK (sky130_fd_sc_hd__dfxtp_2)
                                 -0.014771    0.235229   library hold time
                                              0.235229   data required time
---------------------------------------------------------------------------------------------
                                              0.235229   data required time
                                             -0.571148   data arrival time
---------------------------------------------------------------------------------------------
                                              0.335919   slack (MET)


Startpoint: _3032_ (rising edge-triggered flip-flop clocked by clk)
Endpoint: _3032_ (rising edge-triggered flip-flop clocked by clk)
Path Group: clk
Path Type: min

Fanout         Cap        Slew       Delay        Time   Description
---------------------------------------------------------------------------------------------
                      0.150000    0.000000    0.000000   clock clk (rise edge)
                                  0.000000    0.000000   clock network delay (ideal)
                      0.150000    0.000000    0.000000 ^ _3032_/CLK (sky130_fd_sc_hd__dfxtp_2)
     2    0.004496    0.038444    0.348054    0.348054 ^ _3032_/Q (sky130_fd_sc_hd__dfxtp_2)
                                                         u_intf.u_slave.reg_pixel[29] (net)
                      0.038444    0.000000    0.348054 ^ _1807_/A1 (sky130_fd_sc_hd__mux2_1)
     1    0.001541    0.033077    0.104900    0.452955 ^ _1807_/X (sky130_fd_sc_hd__mux2_1)
                                                         _0338_ (net)
                      0.033077    0.000000    0.452955 ^ _1808_/B (sky130_fd_sc_hd__and2_2)
     1    0.001674    0.032314    0.118194    0.571148 ^ _1808_/X (sky130_fd_sc_hd__and2_2)
                                                         _0146_ (net)
                      0.032314    0.000000    0.571148 ^ _3032_/D (sky130_fd_sc_hd__dfxtp_2)
                                              0.571148   data arrival time

                      0.150000    0.000000    0.000000   clock clk (rise edge)
                                  0.000000    0.000000   clock network delay (ideal)
                                  0.250000    0.250000   clock uncertainty
                                  0.000000    0.250000   clock reconvergence pessimism
                                              0.250000 ^ _3032_/CLK (sky130_fd_sc_hd__dfxtp_2)
                                 -0.014771    0.235229   library hold time
                                              0.235229   data required time
---------------------------------------------------------------------------------------------
                                              0.235229   data required time
                                             -0.571148   data arrival time
---------------------------------------------------------------------------------------------
                                              0.335919   slack (MET)


Startpoint: _3040_ (rising edge-triggered flip-flop clocked by clk)
Endpoint: _3040_ (rising edge-triggered flip-flop clocked by clk)
Path Group: clk
Path Type: min

Fanout         Cap        Slew       Delay        Time   Description
---------------------------------------------------------------------------------------------
                      0.150000    0.000000    0.000000   clock clk (rise edge)
                                  0.000000    0.000000   clock network delay (ideal)
                      0.150000    0.000000    0.000000 ^ _3040_/CLK (sky130_fd_sc_hd__dfxtp_2)
     3    0.004930    0.040406    0.349681    0.349681 ^ _3040_/Q (sky130_fd_sc_hd__dfxtp_2)
                                                         u_intf.u_slave.reg_weight[5] (net)
                      0.040406    0.000000    0.349681 ^ _1824_/A1 (sky130_fd_sc_hd__mux2_1)
     1    0.001541    0.033067    0.105578    0.455259 ^ _1824_/X (sky130_fd_sc_hd__mux2_1)
                                                         _0347_ (net)
                      0.033067    0.000000    0.455259 ^ _1825_/B (sky130_fd_sc_hd__and2_2)
     1    0.001674    0.032314    0.118190    0.573449 ^ _1825_/X (sky130_fd_sc_hd__and2_2)
                                                         _0154_ (net)
                      0.032314    0.000000    0.573449 ^ _3040_/D (sky130_fd_sc_hd__dfxtp_2)
                                              0.573449   data arrival time

                      0.150000    0.000000    0.000000   clock clk (rise edge)
                                  0.000000    0.000000   clock network delay (ideal)
                                  0.250000    0.250000   clock uncertainty
                                  0.000000    0.250000   clock reconvergence pessimism
                                              0.250000 ^ _3040_/CLK (sky130_fd_sc_hd__dfxtp_2)
                                 -0.014771    0.235229   library hold time
                                              0.235229   data required time
---------------------------------------------------------------------------------------------
                                              0.235229   data required time
                                             -0.573449   data arrival time
---------------------------------------------------------------------------------------------
                                              0.338220   slack (MET)


Startpoint: _3035_ (rising edge-triggered flip-flop clocked by clk)
Endpoint: _3035_ (rising edge-triggered flip-flop clocked by clk)
Path Group: clk
Path Type: min

Fanout         Cap        Slew       Delay        Time   Description
---------------------------------------------------------------------------------------------
                      0.150000    0.000000    0.000000   clock clk (rise edge)
                                  0.000000    0.000000   clock network delay (ideal)
                      0.150000    0.000000    0.000000 ^ _3035_/CLK (sky130_fd_sc_hd__dfxtp_2)
     3    0.005058    0.040985    0.350160    0.350160 ^ _3035_/Q (sky130_fd_sc_hd__dfxtp_2)
                                                         u_intf.u_slave.reg_weight[0] (net)
                      0.040985    0.000000    0.350160 ^ _1814_/A1 (sky130_fd_sc_hd__mux2_1)
     1    0.001541    0.033067    0.105778    0.455938 ^ _1814_/X (sky130_fd_sc_hd__mux2_1)
                                                         _0342_ (net)
                      0.033067    0.000000    0.455938 ^ _1815_/B (sky130_fd_sc_hd__and2_2)
     1    0.001674    0.032314    0.118190    0.574129 ^ _1815_/X (sky130_fd_sc_hd__and2_2)
                                                         _0149_ (net)
                      0.032314    0.000000    0.574129 ^ _3035_/D (sky130_fd_sc_hd__dfxtp_2)
                                              0.574129   data arrival time

                      0.150000    0.000000    0.000000   clock clk (rise edge)
                                  0.000000    0.000000   clock network delay (ideal)
                                  0.250000    0.250000   clock uncertainty
                                  0.000000    0.250000   clock reconvergence pessimism
                                              0.250000 ^ _3035_/CLK (sky130_fd_sc_hd__dfxtp_2)
                                 -0.014771    0.235229   library hold time
                                              0.235229   data required time
---------------------------------------------------------------------------------------------
                                              0.235229   data required time
                                             -0.574129   data arrival time
---------------------------------------------------------------------------------------------
                                              0.338900   slack (MET)


Startpoint: _3010_ (rising edge-triggered flip-flop clocked by clk)
Endpoint: _3010_ (rising edge-triggered flip-flop clocked by clk)
Path Group: clk
Path Type: min

Fanout         Cap        Slew       Delay        Time   Description
---------------------------------------------------------------------------------------------
                      0.150000    0.000000    0.000000   clock clk (rise edge)
                                  0.000000    0.000000   clock network delay (ideal)
                      0.150000    0.000000    0.000000 ^ _3010_/CLK (sky130_fd_sc_hd__dfxtp_2)
     3    0.005872    0.044664    0.353211    0.353211 ^ _3010_/Q (sky130_fd_sc_hd__dfxtp_2)
                                                         u_intf.u_slave.reg_pixel[7] (net)
                      0.044664    0.000000    0.353211 ^ _1763_/A1 (sky130_fd_sc_hd__mux2_1)
     1    0.001541    0.033077    0.107048    0.460259 ^ _1763_/X (sky130_fd_sc_hd__mux2_1)
                                                         _0316_ (net)
                      0.033077    0.000000    0.460259 ^ _1764_/B (sky130_fd_sc_hd__and2_2)
     1    0.001674    0.032314    0.118194    0.578453 ^ _1764_/X (sky130_fd_sc_hd__and2_2)
                                                         _0124_ (net)
                      0.032314    0.000000    0.578453 ^ _3010_/D (sky130_fd_sc_hd__dfxtp_2)
                                              0.578453   data arrival time

                      0.150000    0.000000    0.000000   clock clk (rise edge)
                                  0.000000    0.000000   clock network delay (ideal)
                                  0.250000    0.250000   clock uncertainty
                                  0.000000    0.250000   clock reconvergence pessimism
                                              0.250000 ^ _3010_/CLK (sky130_fd_sc_hd__dfxtp_2)
                                 -0.014771    0.235229   library hold time
                                              0.235229   data required time
---------------------------------------------------------------------------------------------
                                              0.235229   data required time
                                             -0.578453   data arrival time
---------------------------------------------------------------------------------------------
                                              0.343224   slack (MET)


Startpoint: _3041_ (rising edge-triggered flip-flop clocked by clk)
Endpoint: _3041_ (rising edge-triggered flip-flop clocked by clk)
Path Group: clk
Path Type: min

Fanout         Cap        Slew       Delay        Time   Description
---------------------------------------------------------------------------------------------
                      0.150000    0.000000    0.000000   clock clk (rise edge)
                                  0.000000    0.000000   clock network delay (ideal)
                      0.150000    0.000000    0.000000 ^ _3041_/CLK (sky130_fd_sc_hd__dfxtp_2)
     3    0.005891    0.044750    0.353282    0.353282 ^ _3041_/Q (sky130_fd_sc_hd__dfxtp_2)
                                                         u_intf.u_slave.reg_weight[6] (net)
                      0.044750    0.000000    0.353282 ^ _1826_/A1 (sky130_fd_sc_hd__mux2_1)
     1    0.001541    0.033067    0.107078    0.460360 ^ _1826_/X (sky130_fd_sc_hd__mux2_1)
                                                         _0348_ (net)
                      0.033067    0.000000    0.460360 ^ _1827_/B (sky130_fd_sc_hd__and2_2)
     1    0.001674    0.032314    0.118190    0.578551 ^ _1827_/X (sky130_fd_sc_hd__and2_2)
                                                         _0155_ (net)
                      0.032314    0.000000    0.578551 ^ _3041_/D (sky130_fd_sc_hd__dfxtp_2)
                                              0.578551   data arrival time

                      0.150000    0.000000    0.000000   clock clk (rise edge)
                                  0.000000    0.000000   clock network delay (ideal)
                                  0.250000    0.250000   clock uncertainty
                                  0.000000    0.250000   clock reconvergence pessimism
                                              0.250000 ^ _3041_/CLK (sky130_fd_sc_hd__dfxtp_2)
                                 -0.014771    0.235229   library hold time
                                              0.235229   data required time
---------------------------------------------------------------------------------------------
                                              0.235229   data required time
                                             -0.578551   data arrival time
---------------------------------------------------------------------------------------------
                                              0.343322   slack (MET)


Startpoint: _3008_ (rising edge-triggered flip-flop clocked by clk)
Endpoint: _3008_ (rising edge-triggered flip-flop clocked by clk)
Path Group: clk
Path Type: min

Fanout         Cap        Slew       Delay        Time   Description
---------------------------------------------------------------------------------------------
                      0.150000    0.000000    0.000000   clock clk (rise edge)
                                  0.000000    0.000000   clock network delay (ideal)
                      0.150000    0.000000    0.000000 ^ _3008_/CLK (sky130_fd_sc_hd__dfxtp_2)
     3    0.005901    0.044795    0.353320    0.353320 ^ _3008_/Q (sky130_fd_sc_hd__dfxtp_2)
                                                         u_intf.u_slave.reg_pixel[5] (net)
                      0.044795    0.000000    0.353320 ^ _1759_/A1 (sky130_fd_sc_hd__mux2_1)
     1    0.001541    0.033077    0.107094    0.460413 ^ _1759_/X (sky130_fd_sc_hd__mux2_1)
                                                         _1441_ (net)
                      0.033077    0.000000    0.460413 ^ _1760_/B (sky130_fd_sc_hd__and2_2)
     1    0.001674    0.032314    0.118194    0.578607 ^ _1760_/X (sky130_fd_sc_hd__and2_2)
                                                         _0122_ (net)
                      0.032314    0.000000    0.578607 ^ _3008_/D (sky130_fd_sc_hd__dfxtp_2)
                                              0.578607   data arrival time

                      0.150000    0.000000    0.000000   clock clk (rise edge)
                                  0.000000    0.000000   clock network delay (ideal)
                                  0.250000    0.250000   clock uncertainty
                                  0.000000    0.250000   clock reconvergence pessimism
                                              0.250000 ^ _3008_/CLK (sky130_fd_sc_hd__dfxtp_2)
                                 -0.014771    0.235229   library hold time
                                              0.235229   data required time
---------------------------------------------------------------------------------------------
                                              0.235229   data required time
                                             -0.578607   data arrival time
---------------------------------------------------------------------------------------------
                                              0.343378   slack (MET)


Startpoint: _3039_ (rising edge-triggered flip-flop clocked by clk)
Endpoint: _3039_ (rising edge-triggered flip-flop clocked by clk)
Path Group: clk
Path Type: min

Fanout         Cap        Slew       Delay        Time   Description
---------------------------------------------------------------------------------------------
                      0.150000    0.000000    0.000000   clock clk (rise edge)
                                  0.000000    0.000000   clock network delay (ideal)
                      0.150000    0.000000    0.000000 ^ _3039_/CLK (sky130_fd_sc_hd__dfxtp_2)
     3    0.005942    0.044981    0.353473    0.353473 ^ _3039_/Q (sky130_fd_sc_hd__dfxtp_2)
                                                         u_intf.u_slave.reg_weight[4] (net)
                      0.044981    0.000000    0.353473 ^ _1822_/A1 (sky130_fd_sc_hd__mux2_1)
     1    0.001541    0.033067    0.107158    0.460631 ^ _1822_/X (sky130_fd_sc_hd__mux2_1)
                                                         _0346_ (net)
                      0.033067    0.000000    0.460631 ^ _1823_/B (sky130_fd_sc_hd__and2_2)
     1    0.001674    0.032314    0.118190    0.578821 ^ _1823_/X (sky130_fd_sc_hd__and2_2)
                                                         _0153_ (net)
                      0.032314    0.000000    0.578821 ^ _3039_/D (sky130_fd_sc_hd__dfxtp_2)
                                              0.578821   data arrival time

                      0.150000    0.000000    0.000000   clock clk (rise edge)
                                  0.000000    0.000000   clock network delay (ideal)
                                  0.250000    0.250000   clock uncertainty
                                  0.000000    0.250000   clock reconvergence pessimism
                                              0.250000 ^ _3039_/CLK (sky130_fd_sc_hd__dfxtp_2)
                                 -0.014771    0.235229   library hold time
                                              0.235229   data required time
---------------------------------------------------------------------------------------------
                                              0.235229   data required time
                                             -0.578821   data arrival time
---------------------------------------------------------------------------------------------
                                              0.343593   slack (MET)


Startpoint: _3004_ (rising edge-triggered flip-flop clocked by clk)
Endpoint: _3004_ (rising edge-triggered flip-flop clocked by clk)
Path Group: clk
Path Type: min

Fanout         Cap        Slew       Delay        Time   Description
---------------------------------------------------------------------------------------------
                      0.150000    0.000000    0.000000   clock clk (rise edge)
                                  0.000000    0.000000   clock network delay (ideal)
                      0.150000    0.000000    0.000000 ^ _3004_/CLK (sky130_fd_sc_hd__dfxtp_2)
     3    0.005942    0.044981    0.353473    0.353473 ^ _3004_/Q (sky130_fd_sc_hd__dfxtp_2)
                                                         u_intf.u_slave.reg_pixel[1] (net)
                      0.044981    0.000000    0.353473 ^ _1751_/A1 (sky130_fd_sc_hd__mux2_1)
     1    0.001541    0.033077    0.107158    0.460631 ^ _1751_/X (sky130_fd_sc_hd__mux2_1)
                                                         _1437_ (net)
                      0.033077    0.000000    0.460631 ^ _1752_/B (sky130_fd_sc_hd__and2_2)
     1    0.001674    0.032314    0.118194    0.578824 ^ _1752_/X (sky130_fd_sc_hd__and2_2)
                                                         _0118_ (net)
                      0.032314    0.000000    0.578824 ^ _3004_/D (sky130_fd_sc_hd__dfxtp_2)
                                              0.578824   data arrival time

                      0.150000    0.000000    0.000000   clock clk (rise edge)
                                  0.000000    0.000000   clock network delay (ideal)
                                  0.250000    0.250000   clock uncertainty
                                  0.000000    0.250000   clock reconvergence pessimism
                                              0.250000 ^ _3004_/CLK (sky130_fd_sc_hd__dfxtp_2)
                                 -0.014771    0.235229   library hold time
                                              0.235229   data required time
---------------------------------------------------------------------------------------------
                                              0.235229   data required time
                                             -0.578824   data arrival time
---------------------------------------------------------------------------------------------
                                              0.343596   slack (MET)


Startpoint: _3005_ (rising edge-triggered flip-flop clocked by clk)
Endpoint: _3005_ (rising edge-triggered flip-flop clocked by clk)
Path Group: clk
Path Type: min

Fanout         Cap        Slew       Delay        Time   Description
---------------------------------------------------------------------------------------------
                      0.150000    0.000000    0.000000   clock clk (rise edge)
                                  0.000000    0.000000   clock network delay (ideal)
                      0.150000    0.000000    0.000000 ^ _3005_/CLK (sky130_fd_sc_hd__dfxtp_2)
     3    0.005942    0.044981    0.353473    0.353473 ^ _3005_/Q (sky130_fd_sc_hd__dfxtp_2)
                                                         u_intf.u_slave.reg_pixel[2] (net)
                      0.044981    0.000000    0.353473 ^ _1753_/A1 (sky130_fd_sc_hd__mux2_1)
     1    0.001541    0.033077    0.107158    0.460631 ^ _1753_/X (sky130_fd_sc_hd__mux2_1)
                                                         _1438_ (net)
                      0.033077    0.000000    0.460631 ^ _1754_/B (sky130_fd_sc_hd__and2_2)
     1    0.001674    0.032314    0.118194    0.578824 ^ _1754_/X (sky130_fd_sc_hd__and2_2)
                                                         _0119_ (net)
                      0.032314    0.000000    0.578824 ^ _3005_/D (sky130_fd_sc_hd__dfxtp_2)
                                              0.578824   data arrival time

                      0.150000    0.000000    0.000000   clock clk (rise edge)
                                  0.000000    0.000000   clock network delay (ideal)
                                  0.250000    0.250000   clock uncertainty
                                  0.000000    0.250000   clock reconvergence pessimism
                                              0.250000 ^ _3005_/CLK (sky130_fd_sc_hd__dfxtp_2)
                                 -0.014771    0.235229   library hold time
                                              0.235229   data required time
---------------------------------------------------------------------------------------------
                                              0.235229   data required time
                                             -0.578824   data arrival time
---------------------------------------------------------------------------------------------
                                              0.343596   slack (MET)


Startpoint: _3006_ (rising edge-triggered flip-flop clocked by clk)
Endpoint: _3006_ (rising edge-triggered flip-flop clocked by clk)
Path Group: clk
Path Type: min

Fanout         Cap        Slew       Delay        Time   Description
---------------------------------------------------------------------------------------------
                      0.150000    0.000000    0.000000   clock clk (rise edge)
                                  0.000000    0.000000   clock network delay (ideal)
                      0.150000    0.000000    0.000000 ^ _3006_/CLK (sky130_fd_sc_hd__dfxtp_2)
     3    0.005942    0.044981    0.353473    0.353473 ^ _3006_/Q (sky130_fd_sc_hd__dfxtp_2)
                                                         u_intf.u_slave.reg_pixel[3] (net)
                      0.044981    0.000000    0.353473 ^ _1755_/A1 (sky130_fd_sc_hd__mux2_1)
     1    0.001541    0.033077    0.107158    0.460631 ^ _1755_/X (sky130_fd_sc_hd__mux2_1)
                                                         _1439_ (net)
                      0.033077    0.000000    0.460631 ^ _1756_/B (sky130_fd_sc_hd__and2_2)
     1    0.001674    0.032314    0.118194    0.578824 ^ _1756_/X (sky130_fd_sc_hd__and2_2)
                                                         _0120_ (net)
                      0.032314    0.000000    0.578824 ^ _3006_/D (sky130_fd_sc_hd__dfxtp_2)
                                              0.578824   data arrival time

                      0.150000    0.000000    0.000000   clock clk (rise edge)
                                  0.000000    0.000000   clock network delay (ideal)
                                  0.250000    0.250000   clock uncertainty
                                  0.000000    0.250000   clock reconvergence pessimism
                                              0.250000 ^ _3006_/CLK (sky130_fd_sc_hd__dfxtp_2)
                                 -0.014771    0.235229   library hold time
                                              0.235229   data required time
---------------------------------------------------------------------------------------------
                                              0.235229   data required time
                                             -0.578824   data arrival time
---------------------------------------------------------------------------------------------
                                              0.343596   slack (MET)


Startpoint: _3009_ (rising edge-triggered flip-flop clocked by clk)
Endpoint: _3009_ (rising edge-triggered flip-flop clocked by clk)
Path Group: clk
Path Type: min

Fanout         Cap        Slew       Delay        Time   Description
---------------------------------------------------------------------------------------------
                      0.150000    0.000000    0.000000   clock clk (rise edge)
                                  0.000000    0.000000   clock network delay (ideal)
                      0.150000    0.000000    0.000000 ^ _3009_/CLK (sky130_fd_sc_hd__dfxtp_2)
     3    0.005942    0.044981    0.353473    0.353473 ^ _3009_/Q (sky130_fd_sc_hd__dfxtp_2)
                                                         u_intf.u_slave.reg_pixel[6] (net)
                      0.044981    0.000000    0.353473 ^ _1761_/A1 (sky130_fd_sc_hd__mux2_1)
     1    0.001541    0.033077    0.107158    0.460631 ^ _1761_/X (sky130_fd_sc_hd__mux2_1)
                                                         _1442_ (net)
                      0.033077    0.000000    0.460631 ^ _1762_/B (sky130_fd_sc_hd__and2_2)
     1    0.001674    0.032314    0.118194    0.578824 ^ _1762_/X (sky130_fd_sc_hd__and2_2)
                                                         _0123_ (net)
                      0.032314    0.000000    0.578824 ^ _3009_/D (sky130_fd_sc_hd__dfxtp_2)
                                              0.578824   data arrival time

                      0.150000    0.000000    0.000000   clock clk (rise edge)
                                  0.000000    0.000000   clock network delay (ideal)
                                  0.250000    0.250000   clock uncertainty
                                  0.000000    0.250000   clock reconvergence pessimism
                                              0.250000 ^ _3009_/CLK (sky130_fd_sc_hd__dfxtp_2)
                                 -0.014771    0.235229   library hold time
                                              0.235229   data required time
---------------------------------------------------------------------------------------------
                                              0.235229   data required time
                                             -0.578824   data arrival time
---------------------------------------------------------------------------------------------
                                              0.343596   slack (MET)


Startpoint: _3036_ (rising edge-triggered flip-flop clocked by clk)
Endpoint: _3036_ (rising edge-triggered flip-flop clocked by clk)
Path Group: clk
Path Type: min

Fanout         Cap        Slew       Delay        Time   Description
---------------------------------------------------------------------------------------------
                      0.150000    0.000000    0.000000   clock clk (rise edge)
                                  0.000000    0.000000   clock network delay (ideal)
                      0.150000    0.000000    0.000000 ^ _3036_/CLK (sky130_fd_sc_hd__dfxtp_2)
     3    0.005979    0.045148    0.353612    0.353612 ^ _3036_/Q (sky130_fd_sc_hd__dfxtp_2)
                                                         u_intf.u_slave.reg_weight[1] (net)
                      0.045148    0.000000    0.353612 ^ _1816_/A1 (sky130_fd_sc_hd__mux2_1)
     1    0.001541    0.033067    0.107215    0.460827 ^ _1816_/X (sky130_fd_sc_hd__mux2_1)
                                                         _0343_ (net)
                      0.033067    0.000000    0.460827 ^ _1817_/B (sky130_fd_sc_hd__and2_2)
     1    0.001674    0.032314    0.118190    0.579018 ^ _1817_/X (sky130_fd_sc_hd__and2_2)
                                                         _0150_ (net)
                      0.032314    0.000000    0.579018 ^ _3036_/D (sky130_fd_sc_hd__dfxtp_2)
                                              0.579018   data arrival time

                      0.150000    0.000000    0.000000   clock clk (rise edge)
                                  0.000000    0.000000   clock network delay (ideal)
                                  0.250000    0.250000   clock uncertainty
                                  0.000000    0.250000   clock reconvergence pessimism
                                              0.250000 ^ _3036_/CLK (sky130_fd_sc_hd__dfxtp_2)
                                 -0.014771    0.235229   library hold time
                                              0.235229   data required time
---------------------------------------------------------------------------------------------
                                              0.235229   data required time
                                             -0.579018   data arrival time
---------------------------------------------------------------------------------------------
                                              0.343789   slack (MET)


Startpoint: _3037_ (rising edge-triggered flip-flop clocked by clk)
Endpoint: _3037_ (rising edge-triggered flip-flop clocked by clk)
Path Group: clk
Path Type: min

Fanout         Cap        Slew       Delay        Time   Description
---------------------------------------------------------------------------------------------
                      0.150000    0.000000    0.000000   clock clk (rise edge)
                                  0.000000    0.000000   clock network delay (ideal)
                      0.150000    0.000000    0.000000 ^ _3037_/CLK (sky130_fd_sc_hd__dfxtp_2)
     3    0.005979    0.045148    0.353612    0.353612 ^ _3037_/Q (sky130_fd_sc_hd__dfxtp_2)
                                                         u_intf.u_slave.reg_weight[2] (net)
                      0.045148    0.000000    0.353612 ^ _1818_/A1 (sky130_fd_sc_hd__mux2_1)
     1    0.001541    0.033067    0.107215    0.460827 ^ _1818_/X (sky130_fd_sc_hd__mux2_1)
                                                         _0344_ (net)
                      0.033067    0.000000    0.460827 ^ _1819_/B (sky130_fd_sc_hd__and2_2)
     1    0.001674    0.032314    0.118190    0.579018 ^ _1819_/X (sky130_fd_sc_hd__and2_2)
                                                         _0151_ (net)
                      0.032314    0.000000    0.579018 ^ _3037_/D (sky130_fd_sc_hd__dfxtp_2)
                                              0.579018   data arrival time

                      0.150000    0.000000    0.000000   clock clk (rise edge)
                                  0.000000    0.000000   clock network delay (ideal)
                                  0.250000    0.250000   clock uncertainty
                                  0.000000    0.250000   clock reconvergence pessimism
                                              0.250000 ^ _3037_/CLK (sky130_fd_sc_hd__dfxtp_2)
                                 -0.014771    0.235229   library hold time
                                              0.235229   data required time
---------------------------------------------------------------------------------------------
                                              0.235229   data required time
                                             -0.579018   data arrival time
---------------------------------------------------------------------------------------------
                                              0.343789   slack (MET)


Startpoint: _3038_ (rising edge-triggered flip-flop clocked by clk)
Endpoint: _3038_ (rising edge-triggered flip-flop clocked by clk)
Path Group: clk
Path Type: min

Fanout         Cap        Slew       Delay        Time   Description
---------------------------------------------------------------------------------------------
                      0.150000    0.000000    0.000000   clock clk (rise edge)
                                  0.000000    0.000000   clock network delay (ideal)
                      0.150000    0.000000    0.000000 ^ _3038_/CLK (sky130_fd_sc_hd__dfxtp_2)
     3    0.005979    0.045148    0.353612    0.353612 ^ _3038_/Q (sky130_fd_sc_hd__dfxtp_2)
                                                         u_intf.u_slave.reg_weight[3] (net)
                      0.045148    0.000000    0.353612 ^ _1820_/A1 (sky130_fd_sc_hd__mux2_1)
     1    0.001541    0.033067    0.107215    0.460827 ^ _1820_/X (sky130_fd_sc_hd__mux2_1)
                                                         _0345_ (net)
                      0.033067    0.000000    0.460827 ^ _1821_/B (sky130_fd_sc_hd__and2_2)
     1    0.001674    0.032314    0.118190    0.579018 ^ _1821_/X (sky130_fd_sc_hd__and2_2)
                                                         _0152_ (net)
                      0.032314    0.000000    0.579018 ^ _3038_/D (sky130_fd_sc_hd__dfxtp_2)
                                              0.579018   data arrival time

                      0.150000    0.000000    0.000000   clock clk (rise edge)
                                  0.000000    0.000000   clock network delay (ideal)
                                  0.250000    0.250000   clock uncertainty
                                  0.000000    0.250000   clock reconvergence pessimism
                                              0.250000 ^ _3038_/CLK (sky130_fd_sc_hd__dfxtp_2)
                                 -0.014771    0.235229   library hold time
                                              0.235229   data required time
---------------------------------------------------------------------------------------------
                                              0.235229   data required time
                                             -0.579018   data arrival time
---------------------------------------------------------------------------------------------
                                              0.343789   slack (MET)


Startpoint: _3042_ (rising edge-triggered flip-flop clocked by clk)
Endpoint: _3042_ (rising edge-triggered flip-flop clocked by clk)
Path Group: clk
Path Type: min

Fanout         Cap        Slew       Delay        Time   Description
---------------------------------------------------------------------------------------------
                      0.150000    0.000000    0.000000   clock clk (rise edge)
                                  0.000000    0.000000   clock network delay (ideal)
                      0.150000    0.000000    0.000000 ^ _3042_/CLK (sky130_fd_sc_hd__dfxtp_2)
     3    0.005979    0.045148    0.353612    0.353612 ^ _3042_/Q (sky130_fd_sc_hd__dfxtp_2)
                                                         u_intf.u_slave.reg_weight[7] (net)
                      0.045148    0.000000    0.353612 ^ _1828_/A1 (sky130_fd_sc_hd__mux2_1)
     1    0.001541    0.033067    0.107215    0.460827 ^ _1828_/X (sky130_fd_sc_hd__mux2_1)
                                                         _0349_ (net)
                      0.033067    0.000000    0.460827 ^ _1829_/B (sky130_fd_sc_hd__and2_2)
     1    0.001674    0.032314    0.118190    0.579018 ^ _1829_/X (sky130_fd_sc_hd__and2_2)
                                                         _0156_ (net)
                      0.032314    0.000000    0.579018 ^ _3042_/D (sky130_fd_sc_hd__dfxtp_2)
                                              0.579018   data arrival time

                      0.150000    0.000000    0.000000   clock clk (rise edge)
                                  0.000000    0.000000   clock network delay (ideal)
                                  0.250000    0.250000   clock uncertainty
                                  0.000000    0.250000   clock reconvergence pessimism
                                              0.250000 ^ _3042_/CLK (sky130_fd_sc_hd__dfxtp_2)
                                 -0.014771    0.235229   library hold time
                                              0.235229   data required time
---------------------------------------------------------------------------------------------
                                              0.235229   data required time
                                             -0.579018   data arrival time
---------------------------------------------------------------------------------------------
                                              0.343789   slack (MET)


Startpoint: _3003_ (rising edge-triggered flip-flop clocked by clk)
Endpoint: _3003_ (rising edge-triggered flip-flop clocked by clk)
Path Group: clk
Path Type: min

Fanout         Cap        Slew       Delay        Time   Description
---------------------------------------------------------------------------------------------
                      0.150000    0.000000    0.000000   clock clk (rise edge)
                                  0.000000    0.000000   clock network delay (ideal)
                      0.150000    0.000000    0.000000 ^ _3003_/CLK (sky130_fd_sc_hd__dfxtp_2)
     3    0.005979    0.045148    0.353612    0.353612 ^ _3003_/Q (sky130_fd_sc_hd__dfxtp_2)
                                                         u_intf.u_slave.reg_pixel[0] (net)
                      0.045148    0.000000    0.353612 ^ _1749_/A1 (sky130_fd_sc_hd__mux2_1)
     1    0.001541    0.033077    0.107215    0.460827 ^ _1749_/X (sky130_fd_sc_hd__mux2_1)
                                                         _1436_ (net)
                      0.033077    0.000000    0.460827 ^ _1750_/B (sky130_fd_sc_hd__and2_2)
     1    0.001674    0.032314    0.118194    0.579021 ^ _1750_/X (sky130_fd_sc_hd__and2_2)
                                                         _0117_ (net)
                      0.032314    0.000000    0.579021 ^ _3003_/D (sky130_fd_sc_hd__dfxtp_2)
                                              0.579021   data arrival time

                      0.150000    0.000000    0.000000   clock clk (rise edge)
                                  0.000000    0.000000   clock network delay (ideal)
                                  0.250000    0.250000   clock uncertainty
                                  0.000000    0.250000   clock reconvergence pessimism
                                              0.250000 ^ _3003_/CLK (sky130_fd_sc_hd__dfxtp_2)
                                 -0.014771    0.235229   library hold time
                                              0.235229   data required time
---------------------------------------------------------------------------------------------
                                              0.235229   data required time
                                             -0.579021   data arrival time
---------------------------------------------------------------------------------------------
                                              0.343792   slack (MET)


Startpoint: _3007_ (rising edge-triggered flip-flop clocked by clk)
Endpoint: _3007_ (rising edge-triggered flip-flop clocked by clk)
Path Group: clk
Path Type: min

Fanout         Cap        Slew       Delay        Time   Description
---------------------------------------------------------------------------------------------
                      0.150000    0.000000    0.000000   clock clk (rise edge)
                                  0.000000    0.000000   clock network delay (ideal)
                      0.150000    0.000000    0.000000 ^ _3007_/CLK (sky130_fd_sc_hd__dfxtp_2)
     3    0.005979    0.045148    0.353612    0.353612 ^ _3007_/Q (sky130_fd_sc_hd__dfxtp_2)
                                                         u_intf.u_slave.reg_pixel[4] (net)
                      0.045148    0.000000    0.353612 ^ _1757_/A1 (sky130_fd_sc_hd__mux2_1)
     1    0.001541    0.033077    0.107215    0.460827 ^ _1757_/X (sky130_fd_sc_hd__mux2_1)
                                                         _1440_ (net)
                      0.033077    0.000000    0.460827 ^ _1758_/B (sky130_fd_sc_hd__and2_2)
     1    0.001674    0.032314    0.118194    0.579021 ^ _1758_/X (sky130_fd_sc_hd__and2_2)
                                                         _0121_ (net)
                      0.032314    0.000000    0.579021 ^ _3007_/D (sky130_fd_sc_hd__dfxtp_2)
                                              0.579021   data arrival time

                      0.150000    0.000000    0.000000   clock clk (rise edge)
                                  0.000000    0.000000   clock network delay (ideal)
                                  0.250000    0.250000   clock uncertainty
                                  0.000000    0.250000   clock reconvergence pessimism
                                              0.250000 ^ _3007_/CLK (sky130_fd_sc_hd__dfxtp_2)
                                 -0.014771    0.235229   library hold time
                                              0.235229   data required time
---------------------------------------------------------------------------------------------
                                              0.235229   data required time
                                             -0.579021   data arrival time
---------------------------------------------------------------------------------------------
                                              0.343792   slack (MET)


Startpoint: _2892_ (rising edge-triggered flip-flop clocked by clk)
Endpoint: _2892_ (rising edge-triggered flip-flop clocked by clk)
Path Group: clk
Path Type: min

Fanout         Cap        Slew       Delay        Time   Description
---------------------------------------------------------------------------------------------
                      0.150000    0.000000    0.000000   clock clk (rise edge)
                                  0.000000    0.000000   clock network delay (ideal)
                      0.150000    0.000000    0.000000 ^ _2892_/CLK (sky130_fd_sc_hd__dfxtp_2)
     4    0.012256    0.044284    0.364418    0.364418 v _2892_/Q (sky130_fd_sc_hd__dfxtp_2)
                                                         w_load_cnt[1] (net)
                      0.044284    0.000000    0.364418 v _1466_/A (sky130_fd_sc_hd__nand2_2)
     2    0.006587    0.046867    0.060542    0.424961 ^ _1466_/Y (sky130_fd_sc_hd__nand2_2)
                                                         _1266_ (net)
                      0.046867    0.000000    0.424961 ^ _1482_/B (sky130_fd_sc_hd__and3_2)
     1    0.001674    0.037291    0.153272    0.578232 ^ _1482_/X (sky130_fd_sc_hd__and3_2)
                                                         _0009_ (net)
                      0.037291    0.000000    0.578232 ^ _2892_/D (sky130_fd_sc_hd__dfxtp_2)
                                              0.578232   data arrival time

                      0.150000    0.000000    0.000000   clock clk (rise edge)
                                  0.000000    0.000000   clock network delay (ideal)
                                  0.250000    0.250000   clock uncertainty
                                  0.000000    0.250000   clock reconvergence pessimism
                                              0.250000 ^ _2892_/CLK (sky130_fd_sc_hd__dfxtp_2)
                                 -0.015789    0.234211   library hold time
                                              0.234211   data required time
---------------------------------------------------------------------------------------------
                                              0.234211   data required time
                                             -0.578232   data arrival time
---------------------------------------------------------------------------------------------
                                              0.344021   slack (MET)


Startpoint: _2938_ (rising edge-triggered flip-flop clocked by clk)
Endpoint: _2938_ (rising edge-triggered flip-flop clocked by clk)
Path Group: clk
Path Type: min

Fanout         Cap        Slew       Delay        Time   Description
---------------------------------------------------------------------------------------------
                      0.150000    0.000000    0.000000   clock clk (rise edge)
                                  0.000000    0.000000   clock network delay (ideal)
                      0.150000    0.000000    0.000000 ^ _2938_/CLK (sky130_fd_sc_hd__dfxtp_2)
     3    0.007851    0.053610    0.360627    0.360627 ^ _2938_/Q (sky130_fd_sc_hd__dfxtp_2)
                                                         state[1] (net)
                      0.053610    0.000000    0.360627 ^ _1450_/B (sky130_fd_sc_hd__and2b_2)
     1    0.002438    0.033860    0.128969    0.489596 ^ _1450_/X (sky130_fd_sc_hd__and2b_2)
                                                         _1254_ (net)
                      0.033860    0.000000    0.489596 ^ _1453_/A1 (sky130_fd_sc_hd__o21a_2)
     1    0.001674    0.025042    0.109492    0.599088 ^ _1453_/X (sky130_fd_sc_hd__o21a_2)
                                                         _0001_ (net)
                      0.025042    0.000000    0.599088 ^ _2938_/D (sky130_fd_sc_hd__dfxtp_2)
                                              0.599088   data arrival time

                      0.150000    0.000000    0.000000   clock clk (rise edge)
                                  0.000000    0.000000   clock network delay (ideal)
                                  0.250000    0.250000   clock uncertainty
                                  0.000000    0.250000   clock reconvergence pessimism
                                              0.250000 ^ _2938_/CLK (sky130_fd_sc_hd__dfxtp_2)
                                 -0.013285    0.236715   library hold time
                                              0.236715   data required time
---------------------------------------------------------------------------------------------
                                              0.236715   data required time
                                             -0.599088   data arrival time
---------------------------------------------------------------------------------------------
                                              0.362372   slack (MET)


Startpoint: _3133_ (rising edge-triggered flip-flop clocked by clk)
Endpoint: _3133_ (rising edge-triggered flip-flop clocked by clk)
Path Group: clk
Path Type: min

Fanout         Cap        Slew       Delay        Time   Description
---------------------------------------------------------------------------------------------
                      0.150000    0.000000    0.000000   clock clk (rise edge)
                                  0.000000    0.000000   clock network delay (ideal)
                      0.150000    0.000000    0.000000 ^ _3133_/CLK (sky130_fd_sc_hd__dfxtp_2)
     3    0.007219    0.033476    0.351489    0.351489 v _3133_/Q (sky130_fd_sc_hd__dfxtp_2)
                                                         u_core.pe_array[0].u_pe.accum_reg[0] (net)
                      0.033476    0.000000    0.351489 v _2767_/A2_N (sky130_fd_sc_hd__o2bb2a_2)
     1    0.004740    0.047620    0.230430    0.581919 ^ _2767_/X (sky130_fd_sc_hd__o2bb2a_2)
                                                         _1197_ (net)
                      0.047620    0.000000    0.581919 ^ _2768_/B (sky130_fd_sc_hd__nor2_2)
     1    0.001681    0.015130    0.026982    0.608900 v _2768_/Y (sky130_fd_sc_hd__nor2_2)
                                                         _0247_ (net)
                      0.015130    0.000000    0.608900 v _3133_/D (sky130_fd_sc_hd__dfxtp_2)
                                              0.608900   data arrival time

                      0.150000    0.000000    0.000000   clock clk (rise edge)
                                  0.000000    0.000000   clock network delay (ideal)
                                  0.250000    0.250000   clock uncertainty
                                  0.000000    0.250000   clock reconvergence pessimism
                                              0.250000 ^ _3133_/CLK (sky130_fd_sc_hd__dfxtp_2)
                                 -0.010397    0.239603   library hold time
                                              0.239603   data required time
---------------------------------------------------------------------------------------------
                                              0.239603   data required time
                                             -0.608900   data arrival time
---------------------------------------------------------------------------------------------
                                              0.369297   slack (MET)


Startpoint: _3041_ (rising edge-triggered flip-flop clocked by clk)
Endpoint: _2965_ (rising edge-triggered flip-flop clocked by clk)
Path Group: clk
Path Type: min

Fanout         Cap        Slew       Delay        Time   Description
---------------------------------------------------------------------------------------------
                      0.150000    0.000000    0.000000   clock clk (rise edge)
                                  0.000000    0.000000   clock network delay (ideal)
                      0.150000    0.000000    0.000000 ^ _3041_/CLK (sky130_fd_sc_hd__dfxtp_2)
     3    0.005891    0.044750    0.353282    0.353282 ^ _3041_/Q (sky130_fd_sc_hd__dfxtp_2)
                                                         u_intf.u_slave.reg_weight[6] (net)
                      0.044750    0.000000    0.353282 ^ _1633_/A1 (sky130_fd_sc_hd__a21o_2)
     1    0.002423    0.025055    0.103388    0.456670 ^ _1633_/X (sky130_fd_sc_hd__a21o_2)
                                                         _1358_ (net)
                      0.025055    0.000000    0.456670 ^ _1634_/B1 (sky130_fd_sc_hd__o211a_2)
     1    0.001674    0.035990    0.147111    0.603781 ^ _1634_/X (sky130_fd_sc_hd__o211a_2)
                                                         _0079_ (net)
                      0.035990    0.000000    0.603781 ^ _2965_/D (sky130_fd_sc_hd__dfxtp_2)
                                              0.603781   data arrival time

                      0.150000    0.000000    0.000000   clock clk (rise edge)
                                  0.000000    0.000000   clock network delay (ideal)
                                  0.250000    0.250000   clock uncertainty
                                  0.000000    0.250000   clock reconvergence pessimism
                                              0.250000 ^ _2965_/CLK (sky130_fd_sc_hd__dfxtp_2)
                                 -0.015523    0.234477   library hold time
                                              0.234477   data required time
---------------------------------------------------------------------------------------------
                                              0.234477   data required time
                                             -0.603781   data arrival time
---------------------------------------------------------------------------------------------
                                              0.369304   slack (MET)


Startpoint: _3067_ (rising edge-triggered flip-flop clocked by clk)
Endpoint: _2959_ (rising edge-triggered flip-flop clocked by clk)
Path Group: clk
Path Type: min

Fanout         Cap        Slew       Delay        Time   Description
---------------------------------------------------------------------------------------------
                      0.150000    0.000000    0.000000   clock clk (rise edge)
                                  0.000000    0.000000   clock network delay (ideal)
                      0.150000    0.000000    0.000000 ^ _3067_/CLK (sky130_fd_sc_hd__dfxtp_2)
     2    0.004055    0.036474    0.346246    0.346246 ^ _3067_/Q (sky130_fd_sc_hd__dfxtp_2)
                                                         u_intf.u_slave.reg_ctrl[0] (net)
                      0.036474    0.000000    0.346246 ^ _1606_/A1 (sky130_fd_sc_hd__a21o_2)
     1    0.002418    0.028824    0.100699    0.446945 ^ _1606_/X (sky130_fd_sc_hd__a21o_2)
                                                         _1337_ (net)
                      0.028824    0.000000    0.446945 ^ _1612_/B1 (sky130_fd_sc_hd__o221a_2)
     1    0.001674    0.035459    0.159672    0.606617 ^ _1612_/X (sky130_fd_sc_hd__o221a_2)
                                                         _0073_ (net)
                      0.035459    0.000000    0.606617 ^ _2959_/D (sky130_fd_sc_hd__dfxtp_2)
                                              0.606617   data arrival time

                      0.150000    0.000000    0.000000   clock clk (rise edge)
                                  0.000000    0.000000   clock network delay (ideal)
                                  0.250000    0.250000   clock uncertainty
                                  0.000000    0.250000   clock reconvergence pessimism
                                              0.250000 ^ _2959_/CLK (sky130_fd_sc_hd__dfxtp_2)
                                 -0.015414    0.234586   library hold time
                                              0.234586   data required time
---------------------------------------------------------------------------------------------
                                              0.234586   data required time
                                             -0.606617   data arrival time
---------------------------------------------------------------------------------------------
                                              0.372031   slack (MET)


Startpoint: _3043_ (rising edge-triggered flip-flop clocked by clk)
Endpoint: _2967_ (rising edge-triggered flip-flop clocked by clk)
Path Group: clk
Path Type: min

Fanout         Cap        Slew       Delay        Time   Description
---------------------------------------------------------------------------------------------
                      0.150000    0.000000    0.000000   clock clk (rise edge)
                                  0.000000    0.000000   clock network delay (ideal)
                      0.150000    0.000000    0.000000 ^ _3043_/CLK (sky130_fd_sc_hd__dfxtp_2)
     2    0.004459    0.038277    0.347916    0.347916 ^ _3043_/Q (sky130_fd_sc_hd__dfxtp_2)
                                                         u_intf.u_slave.reg_weight[8] (net)
                      0.038277    0.000000    0.347916 ^ _1640_/B2 (sky130_fd_sc_hd__a22o_2)
     1    0.002487    0.033656    0.114631    0.462547 ^ _1640_/X (sky130_fd_sc_hd__a22o_2)
                                                         _1363_ (net)
                      0.033656    0.000000    0.462547 ^ _1642_/A2 (sky130_fd_sc_hd__o211a_2)
     1    0.001674    0.035586    0.144745    0.607292 ^ _1642_/X (sky130_fd_sc_hd__o211a_2)
                                                         _0081_ (net)
                      0.035586    0.000000    0.607292 ^ _2967_/D (sky130_fd_sc_hd__dfxtp_2)
                                              0.607292   data arrival time

                      0.150000    0.000000    0.000000   clock clk (rise edge)
                                  0.000000    0.000000   clock network delay (ideal)
                                  0.250000    0.250000   clock uncertainty
                                  0.000000    0.250000   clock reconvergence pessimism
                                              0.250000 ^ _2967_/CLK (sky130_fd_sc_hd__dfxtp_2)
                                 -0.015440    0.234560   library hold time
                                              0.234560   data required time
---------------------------------------------------------------------------------------------
                                              0.234560   data required time
                                             -0.607292   data arrival time
---------------------------------------------------------------------------------------------
                                              0.372732   slack (MET)


Startpoint: _3052_ (rising edge-triggered flip-flop clocked by clk)
Endpoint: _2976_ (rising edge-triggered flip-flop clocked by clk)
Path Group: clk
Path Type: min

Fanout         Cap        Slew       Delay        Time   Description
---------------------------------------------------------------------------------------------
                      0.150000    0.000000    0.000000   clock clk (rise edge)
                                  0.000000    0.000000   clock network delay (ideal)
                      0.150000    0.000000    0.000000 ^ _3052_/CLK (sky130_fd_sc_hd__dfxtp_2)
     2    0.004459    0.038277    0.347916    0.347916 ^ _3052_/Q (sky130_fd_sc_hd__dfxtp_2)
                                                         u_intf.u_slave.reg_weight[17] (net)
                      0.038277    0.000000    0.347916 ^ _1673_/B2 (sky130_fd_sc_hd__a22o_2)
     1    0.002487    0.033656    0.114631    0.462547 ^ _1673_/X (sky130_fd_sc_hd__a22o_2)
                                                         _1387_ (net)
                      0.033656    0.000000    0.462547 ^ _1675_/A2 (sky130_fd_sc_hd__o211a_2)
     1    0.001674    0.035586    0.144745    0.607292 ^ _1675_/X (sky130_fd_sc_hd__o211a_2)
                                                         _0090_ (net)
                      0.035586    0.000000    0.607292 ^ _2976_/D (sky130_fd_sc_hd__dfxtp_2)
                                              0.607292   data arrival time

                      0.150000    0.000000    0.000000   clock clk (rise edge)
                                  0.000000    0.000000   clock network delay (ideal)
                                  0.250000    0.250000   clock uncertainty
                                  0.000000    0.250000   clock reconvergence pessimism
                                              0.250000 ^ _2976_/CLK (sky130_fd_sc_hd__dfxtp_2)
                                 -0.015440    0.234560   library hold time
                                              0.234560   data required time
---------------------------------------------------------------------------------------------
                                              0.234560   data required time
                                             -0.607292   data arrival time
---------------------------------------------------------------------------------------------
                                              0.372732   slack (MET)


Startpoint: _3057_ (rising edge-triggered flip-flop clocked by clk)
Endpoint: _2981_ (rising edge-triggered flip-flop clocked by clk)
Path Group: clk
Path Type: min

Fanout         Cap        Slew       Delay        Time   Description
---------------------------------------------------------------------------------------------
                      0.150000    0.000000    0.000000   clock clk (rise edge)
                                  0.000000    0.000000   clock network delay (ideal)
                      0.150000    0.000000    0.000000 ^ _3057_/CLK (sky130_fd_sc_hd__dfxtp_2)
     2    0.004459    0.038277    0.347916    0.347916 ^ _3057_/Q (sky130_fd_sc_hd__dfxtp_2)
                                                         u_intf.u_slave.reg_weight[22] (net)
                      0.038277    0.000000    0.347916 ^ _1692_/B2 (sky130_fd_sc_hd__a22o_2)
     1    0.002487    0.033656    0.114631    0.462547 ^ _1692_/X (sky130_fd_sc_hd__a22o_2)
                                                         _1401_ (net)
                      0.033656    0.000000    0.462547 ^ _1694_/A2 (sky130_fd_sc_hd__o211a_2)
     1    0.001674    0.035586    0.144745    0.607292 ^ _1694_/X (sky130_fd_sc_hd__o211a_2)
                                                         _0095_ (net)
                      0.035586    0.000000    0.607292 ^ _2981_/D (sky130_fd_sc_hd__dfxtp_2)
                                              0.607292   data arrival time

                      0.150000    0.000000    0.000000   clock clk (rise edge)
                                  0.000000    0.000000   clock network delay (ideal)
                                  0.250000    0.250000   clock uncertainty
                                  0.000000    0.250000   clock reconvergence pessimism
                                              0.250000 ^ _2981_/CLK (sky130_fd_sc_hd__dfxtp_2)
                                 -0.015440    0.234560   library hold time
                                              0.234560   data required time
---------------------------------------------------------------------------------------------
                                              0.234560   data required time
                                             -0.607292   data arrival time
---------------------------------------------------------------------------------------------
                                              0.372732   slack (MET)


Startpoint: _3059_ (rising edge-triggered flip-flop clocked by clk)
Endpoint: _2983_ (rising edge-triggered flip-flop clocked by clk)
Path Group: clk
Path Type: min

Fanout         Cap        Slew       Delay        Time   Description
---------------------------------------------------------------------------------------------
                      0.150000    0.000000    0.000000   clock clk (rise edge)
                                  0.000000    0.000000   clock network delay (ideal)
                      0.150000    0.000000    0.000000 ^ _3059_/CLK (sky130_fd_sc_hd__dfxtp_2)
     2    0.004459    0.038277    0.347916    0.347916 ^ _3059_/Q (sky130_fd_sc_hd__dfxtp_2)
                                                         u_intf.u_slave.reg_weight[24] (net)
                      0.038277    0.000000    0.347916 ^ _1700_/B2 (sky130_fd_sc_hd__a22o_2)
     1    0.002487    0.033656    0.114631    0.462547 ^ _1700_/X (sky130_fd_sc_hd__a22o_2)
                                                         _1407_ (net)
                      0.033656    0.000000    0.462547 ^ _1702_/A2 (sky130_fd_sc_hd__o211a_2)
     1    0.001674    0.035586    0.144745    0.607292 ^ _1702_/X (sky130_fd_sc_hd__o211a_2)
                                                         _0097_ (net)
                      0.035586    0.000000    0.607292 ^ _2983_/D (sky130_fd_sc_hd__dfxtp_2)
                                              0.607292   data arrival time

                      0.150000    0.000000    0.000000   clock clk (rise edge)
                                  0.000000    0.000000   clock network delay (ideal)
                                  0.250000    0.250000   clock uncertainty
                                  0.000000    0.250000   clock reconvergence pessimism
                                              0.250000 ^ _2983_/CLK (sky130_fd_sc_hd__dfxtp_2)
                                 -0.015440    0.234560   library hold time
                                              0.234560   data required time
---------------------------------------------------------------------------------------------
                                              0.234560   data required time
                                             -0.607292   data arrival time
---------------------------------------------------------------------------------------------
                                              0.372732   slack (MET)


Startpoint: _3064_ (rising edge-triggered flip-flop clocked by clk)
Endpoint: _2988_ (rising edge-triggered flip-flop clocked by clk)
Path Group: clk
Path Type: min

Fanout         Cap        Slew       Delay        Time   Description
---------------------------------------------------------------------------------------------
                      0.150000    0.000000    0.000000   clock clk (rise edge)
                                  0.000000    0.000000   clock network delay (ideal)
                      0.150000    0.000000    0.000000 ^ _3064_/CLK (sky130_fd_sc_hd__dfxtp_2)
     2    0.004459    0.038277    0.347916    0.347916 ^ _3064_/Q (sky130_fd_sc_hd__dfxtp_2)
                                                         u_intf.u_slave.reg_weight[29] (net)
                      0.038277    0.000000    0.347916 ^ _1718_/B2 (sky130_fd_sc_hd__a22o_2)
     1    0.002487    0.033656    0.114631    0.462547 ^ _1718_/X (sky130_fd_sc_hd__a22o_2)
                                                         _1420_ (net)
                      0.033656    0.000000    0.462547 ^ _1720_/A2 (sky130_fd_sc_hd__o211a_2)
     1    0.001674    0.035586    0.144745    0.607292 ^ _1720_/X (sky130_fd_sc_hd__o211a_2)
                                                         _0102_ (net)
                      0.035586    0.000000    0.607292 ^ _2988_/D (sky130_fd_sc_hd__dfxtp_2)
                                              0.607292   data arrival time

                      0.150000    0.000000    0.000000   clock clk (rise edge)
                                  0.000000    0.000000   clock network delay (ideal)
                                  0.250000    0.250000   clock uncertainty
                                  0.000000    0.250000   clock reconvergence pessimism
                                              0.250000 ^ _2988_/CLK (sky130_fd_sc_hd__dfxtp_2)
                                 -0.015440    0.234560   library hold time
                                              0.234560   data required time
---------------------------------------------------------------------------------------------
                                              0.234560   data required time
                                             -0.607292   data arrival time
---------------------------------------------------------------------------------------------
                                              0.372732   slack (MET)


Startpoint: _3008_ (rising edge-triggered flip-flop clocked by clk)
Endpoint: _2964_ (rising edge-triggered flip-flop clocked by clk)
Path Group: clk
Path Type: min

Fanout         Cap        Slew       Delay        Time   Description
---------------------------------------------------------------------------------------------
                      0.150000    0.000000    0.000000   clock clk (rise edge)
                                  0.000000    0.000000   clock network delay (ideal)
                      0.150000    0.000000    0.000000 ^ _3008_/CLK (sky130_fd_sc_hd__dfxtp_2)
     3    0.005901    0.044795    0.353320    0.353320 ^ _3008_/Q (sky130_fd_sc_hd__dfxtp_2)
                                                         u_intf.u_slave.reg_pixel[5] (net)
                      0.044795    0.000000    0.353320 ^ _1629_/A1 (sky130_fd_sc_hd__a211o_2)
     1    0.002423    0.024834    0.108065    0.461385 ^ _1629_/X (sky130_fd_sc_hd__a211o_2)
                                                         _1355_ (net)
                      0.024834    0.000000    0.461385 ^ _1630_/B1 (sky130_fd_sc_hd__o211a_2)
     1    0.001674    0.035989    0.147042    0.608427 ^ _1630_/X (sky130_fd_sc_hd__o211a_2)
                                                         _0078_ (net)
                      0.035989    0.000000    0.608427 ^ _2964_/D (sky130_fd_sc_hd__dfxtp_2)
                                              0.608427   data arrival time

                      0.150000    0.000000    0.000000   clock clk (rise edge)
                                  0.000000    0.000000   clock network delay (ideal)
                                  0.250000    0.250000   clock uncertainty
                                  0.000000    0.250000   clock reconvergence pessimism
                                              0.250000 ^ _2964_/CLK (sky130_fd_sc_hd__dfxtp_2)
                                 -0.015523    0.234477   library hold time
                                              0.234477   data required time
---------------------------------------------------------------------------------------------
                                              0.234477   data required time
                                             -0.608427   data arrival time
---------------------------------------------------------------------------------------------
                                              0.373950   slack (MET)


Startpoint: _2908_ (rising edge-triggered flip-flop clocked by clk)
Endpoint: _2963_ (rising edge-triggered flip-flop clocked by clk)
Path Group: clk
Path Type: min

Fanout         Cap        Slew       Delay        Time   Description
---------------------------------------------------------------------------------------------
                      0.150000    0.000000    0.000000   clock clk (rise edge)
                                  0.000000    0.000000   clock network delay (ideal)
                      0.150000    0.000000    0.000000 ^ _2908_/CLK (sky130_fd_sc_hd__dfxtp_2)
     2    0.003998    0.036224    0.345982    0.345982 ^ _2908_/Q (sky130_fd_sc_hd__dfxtp_2)
                                                         result_latch[4] (net)
                      0.036224    0.000000    0.345982 ^ _1624_/A1 (sky130_fd_sc_hd__a22o_2)
     1    0.002487    0.033653    0.120094    0.466076 ^ _1624_/X (sky130_fd_sc_hd__a22o_2)
                                                         _1351_ (net)
                      0.033653    0.000000    0.466076 ^ _1626_/A2 (sky130_fd_sc_hd__o211a_2)
     1    0.001674    0.035586    0.144744    0.610820 ^ _1626_/X (sky130_fd_sc_hd__o211a_2)
                                                         _0077_ (net)
                      0.035586    0.000000    0.610820 ^ _2963_/D (sky130_fd_sc_hd__dfxtp_2)
                                              0.610820   data arrival time

                      0.150000    0.000000    0.000000   clock clk (rise edge)
                                  0.000000    0.000000   clock network delay (ideal)
                                  0.250000    0.250000   clock uncertainty
                                  0.000000    0.250000   clock reconvergence pessimism
                                              0.250000 ^ _2963_/CLK (sky130_fd_sc_hd__dfxtp_2)
                                 -0.015440    0.234560   library hold time
                                              0.234560   data required time
---------------------------------------------------------------------------------------------
                                              0.234560   data required time
                                             -0.610820   data arrival time
---------------------------------------------------------------------------------------------
                                              0.376260   slack (MET)


Startpoint: _2890_ (rising edge-triggered flip-flop clocked by clk)
Endpoint: _2889_ (rising edge-triggered flip-flop clocked by clk)
Path Group: clk
Path Type: min

Fanout         Cap        Slew       Delay        Time   Description
---------------------------------------------------------------------------------------------
                      0.150000    0.000000    0.000000   clock clk (rise edge)
                                  0.000000    0.000000   clock network delay (ideal)
                      0.150000    0.000000    0.000000 ^ _2890_/CLK (sky130_fd_sc_hd__dfxtp_2)
     4    0.009934    0.063026    0.368433    0.368433 ^ _2890_/Q (sky130_fd_sc_hd__dfxtp_2)
                                                         u_intf.u_slave.rd_state[1] (net)
                      0.063026    0.000000    0.368433 ^ _1460_/B (sky130_fd_sc_hd__and3_2)
     1    0.001615    0.037007    0.157757    0.526190 ^ _1460_/X (sky130_fd_sc_hd__and3_2)
                                                         _1261_ (net)
                      0.037007    0.000000    0.526190 ^ _1462_/B (sky130_fd_sc_hd__or3b_2)
     1    0.001674    0.025794    0.091025    0.617215 ^ _1462_/X (sky130_fd_sc_hd__or3b_2)
                                                         _0003_ (net)
                      0.025794    0.000000    0.617215 ^ _2889_/D (sky130_fd_sc_hd__dfxtp_2)
                                              0.617215   data arrival time

                      0.150000    0.000000    0.000000   clock clk (rise edge)
                                  0.000000    0.000000   clock network delay (ideal)
                                  0.250000    0.250000   clock uncertainty
                                  0.000000    0.250000   clock reconvergence pessimism
                                              0.250000 ^ _2889_/CLK (sky130_fd_sc_hd__dfxtp_2)
                                 -0.013438    0.236562   library hold time
                                              0.236562   data required time
---------------------------------------------------------------------------------------------
                                              0.236562   data required time
                                             -0.617215   data arrival time
---------------------------------------------------------------------------------------------
                                              0.380653   slack (MET)


Startpoint: _2919_ (rising edge-triggered flip-flop clocked by clk)
Endpoint: _2974_ (rising edge-triggered flip-flop clocked by clk)
Path Group: clk
Path Type: min

Fanout         Cap        Slew       Delay        Time   Description
---------------------------------------------------------------------------------------------
                      0.150000    0.000000    0.000000   clock clk (rise edge)
                                  0.000000    0.000000   clock network delay (ideal)
                      0.150000    0.000000    0.000000 ^ _2919_/CLK (sky130_fd_sc_hd__dfxtp_2)
     2    0.004102    0.036680    0.346464    0.346464 ^ _2919_/Q (sky130_fd_sc_hd__dfxtp_2)
                                                         result_latch[15] (net)
                      0.036680    0.000000    0.346464 ^ _1665_/B2 (sky130_fd_sc_hd__a221o_2)
     1    0.002487    0.034261    0.125114    0.471578 ^ _1665_/X (sky130_fd_sc_hd__a221o_2)
                                                         _1381_ (net)
                      0.034261    0.000000    0.471578 ^ _1667_/A2 (sky130_fd_sc_hd__o211a_2)
     1    0.001674    0.035585    0.144920    0.616498 ^ _1667_/X (sky130_fd_sc_hd__o211a_2)
                                                         _0088_ (net)
                      0.035585    0.000000    0.616498 ^ _2974_/D (sky130_fd_sc_hd__dfxtp_2)
                                              0.616498   data arrival time

                      0.150000    0.000000    0.000000   clock clk (rise edge)
                                  0.000000    0.000000   clock network delay (ideal)
                                  0.250000    0.250000   clock uncertainty
                                  0.000000    0.250000   clock reconvergence pessimism
                                              0.250000 ^ _2974_/CLK (sky130_fd_sc_hd__dfxtp_2)
                                 -0.015440    0.234560   library hold time
                                              0.234560   data required time
---------------------------------------------------------------------------------------------
                                              0.234560   data required time
                                             -0.616498   data arrival time
---------------------------------------------------------------------------------------------
                                              0.381938   slack (MET)


Startpoint: _2927_ (rising edge-triggered flip-flop clocked by clk)
Endpoint: _2982_ (rising edge-triggered flip-flop clocked by clk)
Path Group: clk
Path Type: min

Fanout         Cap        Slew       Delay        Time   Description
---------------------------------------------------------------------------------------------
                      0.150000    0.000000    0.000000   clock clk (rise edge)
                                  0.000000    0.000000   clock network delay (ideal)
                      0.150000    0.000000    0.000000 ^ _2927_/CLK (sky130_fd_sc_hd__dfxtp_2)
     2    0.004102    0.036680    0.346464    0.346464 ^ _2927_/Q (sky130_fd_sc_hd__dfxtp_2)
                                                         result_latch[23] (net)
                      0.036680    0.000000    0.346464 ^ _1696_/B2 (sky130_fd_sc_hd__a221o_2)
     1    0.002487    0.034261    0.125114    0.471578 ^ _1696_/X (sky130_fd_sc_hd__a221o_2)
                                                         _1404_ (net)
                      0.034261    0.000000    0.471578 ^ _1698_/A2 (sky130_fd_sc_hd__o211a_2)
     1    0.001674    0.035585    0.144920    0.616498 ^ _1698_/X (sky130_fd_sc_hd__o211a_2)
                                                         _0096_ (net)
                      0.035585    0.000000    0.616498 ^ _2982_/D (sky130_fd_sc_hd__dfxtp_2)
                                              0.616498   data arrival time

                      0.150000    0.000000    0.000000   clock clk (rise edge)
                                  0.000000    0.000000   clock network delay (ideal)
                                  0.250000    0.250000   clock uncertainty
                                  0.000000    0.250000   clock reconvergence pessimism
                                              0.250000 ^ _2982_/CLK (sky130_fd_sc_hd__dfxtp_2)
                                 -0.015440    0.234560   library hold time
                                              0.234560   data required time
---------------------------------------------------------------------------------------------
                                              0.234560   data required time
                                             -0.616498   data arrival time
---------------------------------------------------------------------------------------------
                                              0.381938   slack (MET)


Startpoint: _2930_ (rising edge-triggered flip-flop clocked by clk)
Endpoint: _2985_ (rising edge-triggered flip-flop clocked by clk)
Path Group: clk
Path Type: min

Fanout         Cap        Slew       Delay        Time   Description
---------------------------------------------------------------------------------------------
                      0.150000    0.000000    0.000000   clock clk (rise edge)
                                  0.000000    0.000000   clock network delay (ideal)
                      0.150000    0.000000    0.000000 ^ _2930_/CLK (sky130_fd_sc_hd__dfxtp_2)
     2    0.004102    0.036680    0.346464    0.346464 ^ _2930_/Q (sky130_fd_sc_hd__dfxtp_2)
                                                         result_latch[26] (net)
                      0.036680    0.000000    0.346464 ^ _1707_/B2 (sky130_fd_sc_hd__a221o_2)
     1    0.002487    0.034261    0.125114    0.471578 ^ _1707_/X (sky130_fd_sc_hd__a221o_2)
                                                         _1412_ (net)
                      0.034261    0.000000    0.471578 ^ _1709_/A2 (sky130_fd_sc_hd__o211a_2)
     1    0.001674    0.035585    0.144920    0.616498 ^ _1709_/X (sky130_fd_sc_hd__o211a_2)
                                                         _0099_ (net)
                      0.035585    0.000000    0.616498 ^ _2985_/D (sky130_fd_sc_hd__dfxtp_2)
                                              0.616498   data arrival time

                      0.150000    0.000000    0.000000   clock clk (rise edge)
                                  0.000000    0.000000   clock network delay (ideal)
                                  0.250000    0.250000   clock uncertainty
                                  0.000000    0.250000   clock reconvergence pessimism
                                              0.250000 ^ _2985_/CLK (sky130_fd_sc_hd__dfxtp_2)
                                 -0.015440    0.234560   library hold time
                                              0.234560   data required time
---------------------------------------------------------------------------------------------
                                              0.234560   data required time
                                             -0.616498   data arrival time
---------------------------------------------------------------------------------------------
                                              0.381938   slack (MET)


Startpoint: _2934_ (rising edge-triggered flip-flop clocked by clk)
Endpoint: _2989_ (rising edge-triggered flip-flop clocked by clk)
Path Group: clk
Path Type: min

Fanout         Cap        Slew       Delay        Time   Description
---------------------------------------------------------------------------------------------
                      0.150000    0.000000    0.000000   clock clk (rise edge)
                                  0.000000    0.000000   clock network delay (ideal)
                      0.150000    0.000000    0.000000 ^ _2934_/CLK (sky130_fd_sc_hd__dfxtp_2)
     2    0.004102    0.036680    0.346464    0.346464 ^ _2934_/Q (sky130_fd_sc_hd__dfxtp_2)
                                                         result_latch[30] (net)
                      0.036680    0.000000    0.346464 ^ _1722_/B2 (sky130_fd_sc_hd__a221o_2)
     1    0.002487    0.034261    0.125114    0.471578 ^ _1722_/X (sky130_fd_sc_hd__a221o_2)
                                                         _1423_ (net)
                      0.034261    0.000000    0.471578 ^ _1724_/A2 (sky130_fd_sc_hd__o211a_2)
     1    0.001674    0.035585    0.144920    0.616498 ^ _1724_/X (sky130_fd_sc_hd__o211a_2)
                                                         _0103_ (net)
                      0.035585    0.000000    0.616498 ^ _2989_/D (sky130_fd_sc_hd__dfxtp_2)
                                              0.616498   data arrival time

                      0.150000    0.000000    0.000000   clock clk (rise edge)
                                  0.000000    0.000000   clock network delay (ideal)
                                  0.250000    0.250000   clock uncertainty
                                  0.000000    0.250000   clock reconvergence pessimism
                                              0.250000 ^ _2989_/CLK (sky130_fd_sc_hd__dfxtp_2)
                                 -0.015440    0.234560   library hold time
                                              0.234560   data required time
---------------------------------------------------------------------------------------------
                                              0.234560   data required time
                                             -0.616498   data arrival time
---------------------------------------------------------------------------------------------
                                              0.381938   slack (MET)


Startpoint: _2911_ (rising edge-triggered flip-flop clocked by clk)
Endpoint: _2966_ (rising edge-triggered flip-flop clocked by clk)
Path Group: clk
Path Type: min

Fanout         Cap        Slew       Delay        Time   Description
---------------------------------------------------------------------------------------------
                      0.150000    0.000000    0.000000   clock clk (rise edge)
                                  0.000000    0.000000   clock network delay (ideal)
                      0.150000    0.000000    0.000000 ^ _2911_/CLK (sky130_fd_sc_hd__dfxtp_2)
     2    0.004065    0.036518    0.346292    0.346292 ^ _2911_/Q (sky130_fd_sc_hd__dfxtp_2)
                                                         result_latch[7] (net)
                      0.036518    0.000000    0.346292 ^ _1635_/B2 (sky130_fd_sc_hd__a22o_2)
     1    0.002540    0.033907    0.114354    0.460646 ^ _1635_/X (sky130_fd_sc_hd__a22o_2)
                                                         _1359_ (net)
                      0.033907    0.000000    0.460646 ^ _1638_/A1 (sky130_fd_sc_hd__o211a_2)
     1    0.001674    0.035585    0.155975    0.616621 ^ _1638_/X (sky130_fd_sc_hd__o211a_2)
                                                         _0080_ (net)
                      0.035585    0.000000    0.616621 ^ _2966_/D (sky130_fd_sc_hd__dfxtp_2)
                                              0.616621   data arrival time

                      0.150000    0.000000    0.000000   clock clk (rise edge)
                                  0.000000    0.000000   clock network delay (ideal)
                                  0.250000    0.250000   clock uncertainty
                                  0.000000    0.250000   clock reconvergence pessimism
                                              0.250000 ^ _2966_/CLK (sky130_fd_sc_hd__dfxtp_2)
                                 -0.015440    0.234560   library hold time
                                              0.234560   data required time
---------------------------------------------------------------------------------------------
                                              0.234560   data required time
                                             -0.616621   data arrival time
---------------------------------------------------------------------------------------------
                                              0.382061   slack (MET)


Startpoint: _2888_ (rising edge-triggered flip-flop clocked by clk)
Endpoint: _2993_ (rising edge-triggered flip-flop clocked by clk)
Path Group: clk
Path Type: min

Fanout         Cap        Slew       Delay        Time   Description
---------------------------------------------------------------------------------------------
                      0.150000    0.000000    0.000000   clock clk (rise edge)
                                  0.000000    0.000000   clock network delay (ideal)
                      0.150000    0.000000    0.000000 ^ _2888_/CLK (sky130_fd_sc_hd__dfxtp_2)
     8    0.020359    0.112490    0.405289    0.405289 ^ _2888_/Q (sky130_fd_sc_hd__dfxtp_2)
                                                         u_intf.u_slave.wr_state[2] (net)
                      0.112490    0.000000    0.405289 ^ _1472_/C (sky130_fd_sc_hd__nand3_2)
     2    0.006448    0.059737    0.092149    0.497438 v _1472_/Y (sky130_fd_sc_hd__nand3_2)
                                                         _1269_ (net)
                      0.059737    0.000000    0.497438 v _1734_/D1 (sky130_fd_sc_hd__o2111a_2)
     1    0.001681    0.022617    0.121722    0.619160 v _1734_/X (sky130_fd_sc_hd__o2111a_2)
                                                         _0107_ (net)
                      0.022617    0.000000    0.619160 v _2993_/D (sky130_fd_sc_hd__dfxtp_2)
                                              0.619160   data arrival time

                      0.150000    0.000000    0.000000   clock clk (rise edge)
                                  0.000000    0.000000   clock network delay (ideal)
                                  0.250000    0.250000   clock uncertainty
                                  0.000000    0.250000   clock reconvergence pessimism
                                              0.250000 ^ _2993_/CLK (sky130_fd_sc_hd__dfxtp_2)
                                 -0.013470    0.236530   library hold time
                                              0.236530   data required time
---------------------------------------------------------------------------------------------
                                              0.236530   data required time
                                             -0.619160   data arrival time
---------------------------------------------------------------------------------------------
                                              0.382631   slack (MET)


Startpoint: _2916_ (rising edge-triggered flip-flop clocked by clk)
Endpoint: _2971_ (rising edge-triggered flip-flop clocked by clk)
Path Group: clk
Path Type: min

Fanout         Cap        Slew       Delay        Time   Description
---------------------------------------------------------------------------------------------
                      0.150000    0.000000    0.000000   clock clk (rise edge)
                                  0.000000    0.000000   clock network delay (ideal)
                      0.150000    0.000000    0.000000 ^ _2916_/CLK (sky130_fd_sc_hd__dfxtp_2)
     2    0.003995    0.036211    0.345968    0.345968 ^ _2916_/Q (sky130_fd_sc_hd__dfxtp_2)
                                                         result_latch[12] (net)
                      0.036211    0.000000    0.345968 ^ _1655_/A1 (sky130_fd_sc_hd__a221o_2)
     1    0.002487    0.034258    0.126304    0.472272 ^ _1655_/X (sky130_fd_sc_hd__a221o_2)
                                                         _1374_ (net)
                      0.034258    0.000000    0.472272 ^ _1657_/A2 (sky130_fd_sc_hd__o211a_2)
     1    0.001674    0.035585    0.144919    0.617192 ^ _1657_/X (sky130_fd_sc_hd__o211a_2)
                                                         _0085_ (net)
                      0.035585    0.000000    0.617192 ^ _2971_/D (sky130_fd_sc_hd__dfxtp_2)
                                              0.617192   data arrival time

                      0.150000    0.000000    0.000000   clock clk (rise edge)
                                  0.000000    0.000000   clock network delay (ideal)
                                  0.250000    0.250000   clock uncertainty
                                  0.000000    0.250000   clock reconvergence pessimism
                                              0.250000 ^ _2971_/CLK (sky130_fd_sc_hd__dfxtp_2)
                                 -0.015440    0.234560   library hold time
                                              0.234560   data required time
---------------------------------------------------------------------------------------------
                                              0.234560   data required time
                                             -0.617192   data arrival time
---------------------------------------------------------------------------------------------
                                              0.382632   slack (MET)


Startpoint: _3077_ (rising edge-triggered flip-flop clocked by clk)
Endpoint: _2969_ (rising edge-triggered flip-flop clocked by clk)
Path Group: clk
Path Type: min

Fanout         Cap        Slew       Delay        Time   Description
---------------------------------------------------------------------------------------------
                      0.150000    0.000000    0.000000   clock clk (rise edge)
                                  0.000000    0.000000   clock network delay (ideal)
                      0.150000    0.000000    0.000000 ^ _3077_/CLK (sky130_fd_sc_hd__dfxtp_2)
     2    0.004036    0.036391    0.346158    0.346158 ^ _3077_/Q (sky130_fd_sc_hd__dfxtp_2)
                                                         u_intf.u_slave.reg_ctrl[10] (net)
                      0.036391    0.000000    0.346158 ^ _1647_/A1 (sky130_fd_sc_hd__a221o_2)
     1    0.002487    0.034258    0.126366    0.472524 ^ _1647_/X (sky130_fd_sc_hd__a221o_2)
                                                         _1368_ (net)
                      0.034258    0.000000    0.472524 ^ _1649_/A2 (sky130_fd_sc_hd__o211a_2)
     1    0.001674    0.035585    0.144919    0.617444 ^ _1649_/X (sky130_fd_sc_hd__o211a_2)
                                                         _0083_ (net)
                      0.035585    0.000000    0.617444 ^ _2969_/D (sky130_fd_sc_hd__dfxtp_2)
                                              0.617444   data arrival time

                      0.150000    0.000000    0.000000   clock clk (rise edge)
                                  0.000000    0.000000   clock network delay (ideal)
                                  0.250000    0.250000   clock uncertainty
                                  0.000000    0.250000   clock reconvergence pessimism
                                              0.250000 ^ _2969_/CLK (sky130_fd_sc_hd__dfxtp_2)
                                 -0.015440    0.234560   library hold time
                                              0.234560   data required time
---------------------------------------------------------------------------------------------
                                              0.234560   data required time
                                             -0.617444   data arrival time
---------------------------------------------------------------------------------------------
                                              0.382884   slack (MET)


Startpoint: _3078_ (rising edge-triggered flip-flop clocked by clk)
Endpoint: _2970_ (rising edge-triggered flip-flop clocked by clk)
Path Group: clk
Path Type: min

Fanout         Cap        Slew       Delay        Time   Description
---------------------------------------------------------------------------------------------
                      0.150000    0.000000    0.000000   clock clk (rise edge)
                                  0.000000    0.000000   clock network delay (ideal)
                      0.150000    0.000000    0.000000 ^ _3078_/CLK (sky130_fd_sc_hd__dfxtp_2)
     2    0.004036    0.036391    0.346158    0.346158 ^ _3078_/Q (sky130_fd_sc_hd__dfxtp_2)
                                                         u_intf.u_slave.reg_ctrl[11] (net)
                      0.036391    0.000000    0.346158 ^ _1651_/A1 (sky130_fd_sc_hd__a221o_2)
     1    0.002487    0.034258    0.126366    0.472524 ^ _1651_/X (sky130_fd_sc_hd__a221o_2)
                                                         _1371_ (net)
                      0.034258    0.000000    0.472524 ^ _1653_/A2 (sky130_fd_sc_hd__o211a_2)
     1    0.001674    0.035585    0.144919    0.617444 ^ _1653_/X (sky130_fd_sc_hd__o211a_2)
                                                         _0084_ (net)
                      0.035585    0.000000    0.617444 ^ _2970_/D (sky130_fd_sc_hd__dfxtp_2)
                                              0.617444   data arrival time

                      0.150000    0.000000    0.000000   clock clk (rise edge)
                                  0.000000    0.000000   clock network delay (ideal)
                                  0.250000    0.250000   clock uncertainty
                                  0.000000    0.250000   clock reconvergence pessimism
                                              0.250000 ^ _2970_/CLK (sky130_fd_sc_hd__dfxtp_2)
                                 -0.015440    0.234560   library hold time
                                              0.234560   data required time
---------------------------------------------------------------------------------------------
                                              0.234560   data required time
                                             -0.617444   data arrival time
---------------------------------------------------------------------------------------------
                                              0.382884   slack (MET)


Startpoint: _3083_ (rising edge-triggered flip-flop clocked by clk)
Endpoint: _2975_ (rising edge-triggered flip-flop clocked by clk)
Path Group: clk
Path Type: min

Fanout         Cap        Slew       Delay        Time   Description
---------------------------------------------------------------------------------------------
                      0.150000    0.000000    0.000000   clock clk (rise edge)
                                  0.000000    0.000000   clock network delay (ideal)
                      0.150000    0.000000    0.000000 ^ _3083_/CLK (sky130_fd_sc_hd__dfxtp_2)
     2    0.004036    0.036391    0.346158    0.346158 ^ _3083_/Q (sky130_fd_sc_hd__dfxtp_2)
                                                         u_intf.u_slave.reg_ctrl[16] (net)
                      0.036391    0.000000    0.346158 ^ _1669_/A1 (sky130_fd_sc_hd__a221o_2)
     1    0.002487    0.034258    0.126366    0.472524 ^ _1669_/X (sky130_fd_sc_hd__a221o_2)
                                                         _1384_ (net)
                      0.034258    0.000000    0.472524 ^ _1671_/A2 (sky130_fd_sc_hd__o211a_2)
     1    0.001674    0.035585    0.144919    0.617444 ^ _1671_/X (sky130_fd_sc_hd__o211a_2)
                                                         _0089_ (net)
                      0.035585    0.000000    0.617444 ^ _2975_/D (sky130_fd_sc_hd__dfxtp_2)
                                              0.617444   data arrival time

                      0.150000    0.000000    0.000000   clock clk (rise edge)
                                  0.000000    0.000000   clock network delay (ideal)
                                  0.250000    0.250000   clock uncertainty
                                  0.000000    0.250000   clock reconvergence pessimism
                                              0.250000 ^ _2975_/CLK (sky130_fd_sc_hd__dfxtp_2)
                                 -0.015440    0.234560   library hold time
                                              0.234560   data required time
---------------------------------------------------------------------------------------------
                                              0.234560   data required time
                                             -0.617444   data arrival time
---------------------------------------------------------------------------------------------
                                              0.382884   slack (MET)


Startpoint: _3085_ (rising edge-triggered flip-flop clocked by clk)
Endpoint: _2977_ (rising edge-triggered flip-flop clocked by clk)
Path Group: clk
Path Type: min

Fanout         Cap        Slew       Delay        Time   Description
---------------------------------------------------------------------------------------------
                      0.150000    0.000000    0.000000   clock clk (rise edge)
                                  0.000000    0.000000   clock network delay (ideal)
                      0.150000    0.000000    0.000000 ^ _3085_/CLK (sky130_fd_sc_hd__dfxtp_2)
     2    0.004036    0.036391    0.346158    0.346158 ^ _3085_/Q (sky130_fd_sc_hd__dfxtp_2)
                                                         u_intf.u_slave.reg_ctrl[18] (net)
                      0.036391    0.000000    0.346158 ^ _1677_/A1 (sky130_fd_sc_hd__a221o_2)
     1    0.002487    0.034258    0.126366    0.472524 ^ _1677_/X (sky130_fd_sc_hd__a221o_2)
                                                         _1390_ (net)
                      0.034258    0.000000    0.472524 ^ _1679_/A2 (sky130_fd_sc_hd__o211a_2)
     1    0.001674    0.035585    0.144919    0.617444 ^ _1679_/X (sky130_fd_sc_hd__o211a_2)
                                                         _0091_ (net)
                      0.035585    0.000000    0.617444 ^ _2977_/D (sky130_fd_sc_hd__dfxtp_2)
                                              0.617444   data arrival time

                      0.150000    0.000000    0.000000   clock clk (rise edge)
                                  0.000000    0.000000   clock network delay (ideal)
                                  0.250000    0.250000   clock uncertainty
                                  0.000000    0.250000   clock reconvergence pessimism
                                              0.250000 ^ _2977_/CLK (sky130_fd_sc_hd__dfxtp_2)
                                 -0.015440    0.234560   library hold time
                                              0.234560   data required time
---------------------------------------------------------------------------------------------
                                              0.234560   data required time
                                             -0.617444   data arrival time
---------------------------------------------------------------------------------------------
                                              0.382884   slack (MET)


Startpoint: _3086_ (rising edge-triggered flip-flop clocked by clk)
Endpoint: _2978_ (rising edge-triggered flip-flop clocked by clk)
Path Group: clk
Path Type: min

Fanout         Cap        Slew       Delay        Time   Description
---------------------------------------------------------------------------------------------
                      0.150000    0.000000    0.000000   clock clk (rise edge)
                                  0.000000    0.000000   clock network delay (ideal)
                      0.150000    0.000000    0.000000 ^ _3086_/CLK (sky130_fd_sc_hd__dfxtp_2)
     2    0.004036    0.036391    0.346158    0.346158 ^ _3086_/Q (sky130_fd_sc_hd__dfxtp_2)
                                                         u_intf.u_slave.reg_ctrl[19] (net)
                      0.036391    0.000000    0.346158 ^ _1681_/A1 (sky130_fd_sc_hd__a221o_2)
     1    0.002487    0.034258    0.126366    0.472524 ^ _1681_/X (sky130_fd_sc_hd__a221o_2)
                                                         _1393_ (net)
                      0.034258    0.000000    0.472524 ^ _1683_/A2 (sky130_fd_sc_hd__o211a_2)
     1    0.001674    0.035585    0.144919    0.617444 ^ _1683_/X (sky130_fd_sc_hd__o211a_2)
                                                         _0092_ (net)
                      0.035585    0.000000    0.617444 ^ _2978_/D (sky130_fd_sc_hd__dfxtp_2)
                                              0.617444   data arrival time

                      0.150000    0.000000    0.000000   clock clk (rise edge)
                                  0.000000    0.000000   clock network delay (ideal)
                                  0.250000    0.250000   clock uncertainty
                                  0.000000    0.250000   clock reconvergence pessimism
                                              0.250000 ^ _2978_/CLK (sky130_fd_sc_hd__dfxtp_2)
                                 -0.015440    0.234560   library hold time
                                              0.234560   data required time
---------------------------------------------------------------------------------------------
                                              0.234560   data required time
                                             -0.617444   data arrival time
---------------------------------------------------------------------------------------------
                                              0.382884   slack (MET)


Startpoint: _3088_ (rising edge-triggered flip-flop clocked by clk)
Endpoint: _2980_ (rising edge-triggered flip-flop clocked by clk)
Path Group: clk
Path Type: min

Fanout         Cap        Slew       Delay        Time   Description
---------------------------------------------------------------------------------------------
                      0.150000    0.000000    0.000000   clock clk (rise edge)
                                  0.000000    0.000000   clock network delay (ideal)
                      0.150000    0.000000    0.000000 ^ _3088_/CLK (sky130_fd_sc_hd__dfxtp_2)
     2    0.004036    0.036391    0.346158    0.346158 ^ _3088_/Q (sky130_fd_sc_hd__dfxtp_2)
                                                         u_intf.u_slave.reg_ctrl[21] (net)
                      0.036391    0.000000    0.346158 ^ _1688_/A1 (sky130_fd_sc_hd__a221o_2)
     1    0.002487    0.034258    0.126366    0.472524 ^ _1688_/X (sky130_fd_sc_hd__a221o_2)
                                                         _1398_ (net)
                      0.034258    0.000000    0.472524 ^ _1690_/A2 (sky130_fd_sc_hd__o211a_2)
     1    0.001674    0.035585    0.144919    0.617444 ^ _1690_/X (sky130_fd_sc_hd__o211a_2)
                                                         _0094_ (net)
                      0.035585    0.000000    0.617444 ^ _2980_/D (sky130_fd_sc_hd__dfxtp_2)
                                              0.617444   data arrival time

                      0.150000    0.000000    0.000000   clock clk (rise edge)
                                  0.000000    0.000000   clock network delay (ideal)
                                  0.250000    0.250000   clock uncertainty
                                  0.000000    0.250000   clock reconvergence pessimism
                                              0.250000 ^ _2980_/CLK (sky130_fd_sc_hd__dfxtp_2)
                                 -0.015440    0.234560   library hold time
                                              0.234560   data required time
---------------------------------------------------------------------------------------------
                                              0.234560   data required time
                                             -0.617444   data arrival time
---------------------------------------------------------------------------------------------
                                              0.382884   slack (MET)


Startpoint: _3094_ (rising edge-triggered flip-flop clocked by clk)
Endpoint: _2986_ (rising edge-triggered flip-flop clocked by clk)
Path Group: clk
Path Type: min

Fanout         Cap        Slew       Delay        Time   Description
---------------------------------------------------------------------------------------------
                      0.150000    0.000000    0.000000   clock clk (rise edge)
                                  0.000000    0.000000   clock network delay (ideal)
                      0.150000    0.000000    0.000000 ^ _3094_/CLK (sky130_fd_sc_hd__dfxtp_2)
     2    0.004036    0.036391    0.346158    0.346158 ^ _3094_/Q (sky130_fd_sc_hd__dfxtp_2)
                                                         u_intf.u_slave.reg_ctrl[27] (net)
                      0.036391    0.000000    0.346158 ^ _1711_/A1 (sky130_fd_sc_hd__a221o_2)
     1    0.002487    0.034258    0.126366    0.472524 ^ _1711_/X (sky130_fd_sc_hd__a221o_2)
                                                         _1415_ (net)
                      0.034258    0.000000    0.472524 ^ _1713_/A2 (sky130_fd_sc_hd__o211a_2)
     1    0.001674    0.035585    0.144919    0.617444 ^ _1713_/X (sky130_fd_sc_hd__o211a_2)
                                                         _0100_ (net)
                      0.035585    0.000000    0.617444 ^ _2986_/D (sky130_fd_sc_hd__dfxtp_2)
                                              0.617444   data arrival time

                      0.150000    0.000000    0.000000   clock clk (rise edge)
                                  0.000000    0.000000   clock network delay (ideal)
                                  0.250000    0.250000   clock uncertainty
                                  0.000000    0.250000   clock reconvergence pessimism
                                              0.250000 ^ _2986_/CLK (sky130_fd_sc_hd__dfxtp_2)
                                 -0.015440    0.234560   library hold time
                                              0.234560   data required time
---------------------------------------------------------------------------------------------
                                              0.234560   data required time
                                             -0.617444   data arrival time
---------------------------------------------------------------------------------------------
                                              0.382884   slack (MET)


Startpoint: _3098_ (rising edge-triggered flip-flop clocked by clk)
Endpoint: _2990_ (rising edge-triggered flip-flop clocked by clk)
Path Group: clk
Path Type: min

Fanout         Cap        Slew       Delay        Time   Description
---------------------------------------------------------------------------------------------
                      0.150000    0.000000    0.000000   clock clk (rise edge)
                                  0.000000    0.000000   clock network delay (ideal)
                      0.150000    0.000000    0.000000 ^ _3098_/CLK (sky130_fd_sc_hd__dfxtp_2)
     2    0.004036    0.036391    0.346158    0.346158 ^ _3098_/Q (sky130_fd_sc_hd__dfxtp_2)
                                                         u_intf.u_slave.reg_ctrl[31] (net)
                      0.036391    0.000000    0.346158 ^ _1726_/A1 (sky130_fd_sc_hd__a221o_2)
     1    0.002487    0.034258    0.126366    0.472524 ^ _1726_/X (sky130_fd_sc_hd__a221o_2)
                                                         _1426_ (net)
                      0.034258    0.000000    0.472524 ^ _1728_/A2 (sky130_fd_sc_hd__o211a_2)
     1    0.001674    0.035585    0.144919    0.617444 ^ _1728_/X (sky130_fd_sc_hd__o211a_2)
                                                         _0104_ (net)
                      0.035585    0.000000    0.617444 ^ _2990_/D (sky130_fd_sc_hd__dfxtp_2)
                                              0.617444   data arrival time

                      0.150000    0.000000    0.000000   clock clk (rise edge)
                                  0.000000    0.000000   clock network delay (ideal)
                                  0.250000    0.250000   clock uncertainty
                                  0.000000    0.250000   clock reconvergence pessimism
                                              0.250000 ^ _2990_/CLK (sky130_fd_sc_hd__dfxtp_2)
                                 -0.015440    0.234560   library hold time
                                              0.234560   data required time
---------------------------------------------------------------------------------------------
                                              0.234560   data required time
                                             -0.617444   data arrival time
---------------------------------------------------------------------------------------------
                                              0.382884   slack (MET)


Startpoint: _3049_ (rising edge-triggered flip-flop clocked by clk)
Endpoint: _2973_ (rising edge-triggered flip-flop clocked by clk)
Path Group: clk
Path Type: min

Fanout         Cap        Slew       Delay        Time   Description
---------------------------------------------------------------------------------------------
                      0.150000    0.000000    0.000000   clock clk (rise edge)
                                  0.000000    0.000000   clock network delay (ideal)
                      0.150000    0.000000    0.000000 ^ _3049_/CLK (sky130_fd_sc_hd__dfxtp_2)
     2    0.004459    0.038277    0.347916    0.347916 ^ _3049_/Q (sky130_fd_sc_hd__dfxtp_2)
                                                         u_intf.u_slave.reg_weight[14] (net)
                      0.038277    0.000000    0.347916 ^ _1662_/B2 (sky130_fd_sc_hd__a22o_2)
     1    0.002469    0.033571    0.114534    0.462450 ^ _1662_/X (sky130_fd_sc_hd__a22o_2)
                                                         _1379_ (net)
                      0.033571    0.000000    0.462450 ^ _1663_/B2 (sky130_fd_sc_hd__o221a_2)
     1    0.001674    0.035466    0.156479    0.618930 ^ _1663_/X (sky130_fd_sc_hd__o221a_2)
                                                         _0087_ (net)
                      0.035466    0.000000    0.618930 ^ _2973_/D (sky130_fd_sc_hd__dfxtp_2)
                                              0.618930   data arrival time

                      0.150000    0.000000    0.000000   clock clk (rise edge)
                                  0.000000    0.000000   clock network delay (ideal)
                                  0.250000    0.250000   clock uncertainty
                                  0.000000    0.250000   clock reconvergence pessimism
                                              0.250000 ^ _2973_/CLK (sky130_fd_sc_hd__dfxtp_2)
                                 -0.015416    0.234584   library hold time
                                              0.234584   data required time
---------------------------------------------------------------------------------------------
                                              0.234584   data required time
                                             -0.618930   data arrival time
---------------------------------------------------------------------------------------------
                                              0.384345   slack (MET)


Startpoint: _3055_ (rising edge-triggered flip-flop clocked by clk)
Endpoint: _2979_ (rising edge-triggered flip-flop clocked by clk)
Path Group: clk
Path Type: min

Fanout         Cap        Slew       Delay        Time   Description
---------------------------------------------------------------------------------------------
                      0.150000    0.000000    0.000000   clock clk (rise edge)
                                  0.000000    0.000000   clock network delay (ideal)
                      0.150000    0.000000    0.000000 ^ _3055_/CLK (sky130_fd_sc_hd__dfxtp_2)
     2    0.004459    0.038277    0.347916    0.347916 ^ _3055_/Q (sky130_fd_sc_hd__dfxtp_2)
                                                         u_intf.u_slave.reg_weight[20] (net)
                      0.038277    0.000000    0.347916 ^ _1685_/B2 (sky130_fd_sc_hd__a22o_2)
     1    0.002469    0.033571    0.114534    0.462450 ^ _1685_/X (sky130_fd_sc_hd__a22o_2)
                                                         _1396_ (net)
                      0.033571    0.000000    0.462450 ^ _1686_/B2 (sky130_fd_sc_hd__o221a_2)
     1    0.001674    0.035466    0.156479    0.618930 ^ _1686_/X (sky130_fd_sc_hd__o221a_2)
                                                         _0093_ (net)
                      0.035466    0.000000    0.618930 ^ _2979_/D (sky130_fd_sc_hd__dfxtp_2)
                                              0.618930   data arrival time

                      0.150000    0.000000    0.000000   clock clk (rise edge)
                                  0.000000    0.000000   clock network delay (ideal)
                                  0.250000    0.250000   clock uncertainty
                                  0.000000    0.250000   clock reconvergence pessimism
                                              0.250000 ^ _2979_/CLK (sky130_fd_sc_hd__dfxtp_2)
                                 -0.015416    0.234584   library hold time
                                              0.234584   data required time
---------------------------------------------------------------------------------------------
                                              0.234584   data required time
                                             -0.618930   data arrival time
---------------------------------------------------------------------------------------------
                                              0.384345   slack (MET)


Startpoint: _3012_ (rising edge-triggered flip-flop clocked by clk)
Endpoint: _2968_ (rising edge-triggered flip-flop clocked by clk)
Path Group: clk
Path Type: min

Fanout         Cap        Slew       Delay        Time   Description
---------------------------------------------------------------------------------------------
                      0.150000    0.000000    0.000000   clock clk (rise edge)
                                  0.000000    0.000000   clock network delay (ideal)
                      0.150000    0.000000    0.000000 ^ _3012_/CLK (sky130_fd_sc_hd__dfxtp_2)
     2    0.004459    0.038277    0.347916    0.347916 ^ _3012_/Q (sky130_fd_sc_hd__dfxtp_2)
                                                         u_intf.u_slave.reg_pixel[9] (net)
                      0.038277    0.000000    0.347916 ^ _1643_/B2 (sky130_fd_sc_hd__a22o_2)
     1    0.002418    0.033331    0.114262    0.462177 ^ _1643_/X (sky130_fd_sc_hd__a22o_2)
                                                         _1365_ (net)
                      0.033331    0.000000    0.462177 ^ _1645_/B1 (sky130_fd_sc_hd__o221a_2)
     1    0.001674    0.035472    0.161089    0.623266 ^ _1645_/X (sky130_fd_sc_hd__o221a_2)
                                                         _0082_ (net)
                      0.035472    0.000000    0.623266 ^ _2968_/D (sky130_fd_sc_hd__dfxtp_2)
                                              0.623266   data arrival time

                      0.150000    0.000000    0.000000   clock clk (rise edge)
                                  0.000000    0.000000   clock network delay (ideal)
                                  0.250000    0.250000   clock uncertainty
                                  0.000000    0.250000   clock reconvergence pessimism
                                              0.250000 ^ _2968_/CLK (sky130_fd_sc_hd__dfxtp_2)
                                 -0.015417    0.234583   library hold time
                                              0.234583   data required time
---------------------------------------------------------------------------------------------
                                              0.234583   data required time
                                             -0.623266   data arrival time
---------------------------------------------------------------------------------------------
                                              0.388683   slack (MET)


Startpoint: _3048_ (rising edge-triggered flip-flop clocked by clk)
Endpoint: _2972_ (rising edge-triggered flip-flop clocked by clk)
Path Group: clk
Path Type: min

Fanout         Cap        Slew       Delay        Time   Description
---------------------------------------------------------------------------------------------
                      0.150000    0.000000    0.000000   clock clk (rise edge)
                                  0.000000    0.000000   clock network delay (ideal)
                      0.150000    0.000000    0.000000 ^ _3048_/CLK (sky130_fd_sc_hd__dfxtp_2)
     2    0.004459    0.038277    0.347916    0.347916 ^ _3048_/Q (sky130_fd_sc_hd__dfxtp_2)
                                                         u_intf.u_slave.reg_weight[13] (net)
                      0.038277    0.000000    0.347916 ^ _1658_/B2 (sky130_fd_sc_hd__a22o_2)
     1    0.002418    0.033331    0.114262    0.462177 ^ _1658_/X (sky130_fd_sc_hd__a22o_2)
                                                         _1376_ (net)
                      0.033331    0.000000    0.462177 ^ _1660_/B1 (sky130_fd_sc_hd__o221a_2)
     1    0.001674    0.035472    0.161089    0.623266 ^ _1660_/X (sky130_fd_sc_hd__o221a_2)
                                                         _0086_ (net)
                      0.035472    0.000000    0.623266 ^ _2972_/D (sky130_fd_sc_hd__dfxtp_2)
                                              0.623266   data arrival time

                      0.150000    0.000000    0.000000   clock clk (rise edge)
                                  0.000000    0.000000   clock network delay (ideal)
                                  0.250000    0.250000   clock uncertainty
                                  0.000000    0.250000   clock reconvergence pessimism
                                              0.250000 ^ _2972_/CLK (sky130_fd_sc_hd__dfxtp_2)
                                 -0.015417    0.234583   library hold time
                                              0.234583   data required time
---------------------------------------------------------------------------------------------
                                              0.234583   data required time
                                             -0.623266   data arrival time
---------------------------------------------------------------------------------------------
                                              0.388683   slack (MET)


Startpoint: _3028_ (rising edge-triggered flip-flop clocked by clk)
Endpoint: _2984_ (rising edge-triggered flip-flop clocked by clk)
Path Group: clk
Path Type: min

Fanout         Cap        Slew       Delay        Time   Description
---------------------------------------------------------------------------------------------
                      0.150000    0.000000    0.000000   clock clk (rise edge)
                                  0.000000    0.000000   clock network delay (ideal)
                      0.150000    0.000000    0.000000 ^ _3028_/CLK (sky130_fd_sc_hd__dfxtp_2)
     2    0.004459    0.038277    0.347916    0.347916 ^ _3028_/Q (sky130_fd_sc_hd__dfxtp_2)
                                                         u_intf.u_slave.reg_pixel[25] (net)
                      0.038277    0.000000    0.347916 ^ _1703_/B2 (sky130_fd_sc_hd__a22o_2)
     1    0.002418    0.033331    0.114262    0.462177 ^ _1703_/X (sky130_fd_sc_hd__a22o_2)
                                                         _1409_ (net)
                      0.033331    0.000000    0.462177 ^ _1705_/B1 (sky130_fd_sc_hd__o221a_2)
     1    0.001674    0.035472    0.161089    0.623266 ^ _1705_/X (sky130_fd_sc_hd__o221a_2)
                                                         _0098_ (net)
                      0.035472    0.000000    0.623266 ^ _2984_/D (sky130_fd_sc_hd__dfxtp_2)
                                              0.623266   data arrival time

                      0.150000    0.000000    0.000000   clock clk (rise edge)
                                  0.000000    0.000000   clock network delay (ideal)
                                  0.250000    0.250000   clock uncertainty
                                  0.000000    0.250000   clock reconvergence pessimism
                                              0.250000 ^ _2984_/CLK (sky130_fd_sc_hd__dfxtp_2)
                                 -0.015417    0.234583   library hold time
                                              0.234583   data required time
---------------------------------------------------------------------------------------------
                                              0.234583   data required time
                                             -0.623266   data arrival time
---------------------------------------------------------------------------------------------
                                              0.388683   slack (MET)


Startpoint: _3063_ (rising edge-triggered flip-flop clocked by clk)
Endpoint: _2987_ (rising edge-triggered flip-flop clocked by clk)
Path Group: clk
Path Type: min

Fanout         Cap        Slew       Delay        Time   Description
---------------------------------------------------------------------------------------------
                      0.150000    0.000000    0.000000   clock clk (rise edge)
                                  0.000000    0.000000   clock network delay (ideal)
                      0.150000    0.000000    0.000000 ^ _3063_/CLK (sky130_fd_sc_hd__dfxtp_2)
     2    0.004459    0.038277    0.347916    0.347916 ^ _3063_/Q (sky130_fd_sc_hd__dfxtp_2)
                                                         u_intf.u_slave.reg_weight[28] (net)
                      0.038277    0.000000    0.347916 ^ _1714_/B2 (sky130_fd_sc_hd__a22o_2)
     1    0.002418    0.033331    0.114262    0.462177 ^ _1714_/X (sky130_fd_sc_hd__a22o_2)
                                                         _1417_ (net)
                      0.033331    0.000000    0.462177 ^ _1716_/B1 (sky130_fd_sc_hd__o221a_2)
     1    0.001674    0.035472    0.161089    0.623266 ^ _1716_/X (sky130_fd_sc_hd__o221a_2)
                                                         _0101_ (net)
                      0.035472    0.000000    0.623266 ^ _2987_/D (sky130_fd_sc_hd__dfxtp_2)
                                              0.623266   data arrival time

                      0.150000    0.000000    0.000000   clock clk (rise edge)
                                  0.000000    0.000000   clock network delay (ideal)
                                  0.250000    0.250000   clock uncertainty
                                  0.000000    0.250000   clock reconvergence pessimism
                                              0.250000 ^ _2987_/CLK (sky130_fd_sc_hd__dfxtp_2)
                                 -0.015417    0.234583   library hold time
                                              0.234583   data required time
---------------------------------------------------------------------------------------------
                                              0.234583   data required time
                                             -0.623266   data arrival time
---------------------------------------------------------------------------------------------
                                              0.388683   slack (MET)


Startpoint: _3068_ (rising edge-triggered flip-flop clocked by clk)
Endpoint: _2960_ (rising edge-triggered flip-flop clocked by clk)
Path Group: clk
Path Type: min

Fanout         Cap        Slew       Delay        Time   Description
---------------------------------------------------------------------------------------------
                      0.150000    0.000000    0.000000   clock clk (rise edge)
                                  0.000000    0.000000   clock network delay (ideal)
                      0.150000    0.000000    0.000000 ^ _3068_/CLK (sky130_fd_sc_hd__dfxtp_2)
     2    0.004036    0.036391    0.346158    0.346158 ^ _3068_/Q (sky130_fd_sc_hd__dfxtp_2)
                                                         u_intf.u_slave.reg_ctrl[1] (net)
                      0.036391    0.000000    0.346158 ^ _1615_/A1 (sky130_fd_sc_hd__a221o_2)
     1    0.002469    0.029167    0.126265    0.472423 ^ _1615_/X (sky130_fd_sc_hd__a221o_2)
                                                         _1345_ (net)
                      0.029167    0.000000    0.472423 ^ _1616_/B2 (sky130_fd_sc_hd__o221a_2)
     1    0.001674    0.035828    0.155080    0.627503 ^ _1616_/X (sky130_fd_sc_hd__o221a_2)
                                                         _0074_ (net)
                      0.035828    0.000000    0.627503 ^ _2960_/D (sky130_fd_sc_hd__dfxtp_2)
                                              0.627503   data arrival time

                      0.150000    0.000000    0.000000   clock clk (rise edge)
                                  0.000000    0.000000   clock network delay (ideal)
                                  0.250000    0.250000   clock uncertainty
                                  0.000000    0.250000   clock reconvergence pessimism
                                              0.250000 ^ _2960_/CLK (sky130_fd_sc_hd__dfxtp_2)
                                 -0.015490    0.234510   library hold time
                                              0.234510   data required time
---------------------------------------------------------------------------------------------
                                              0.234510   data required time
                                             -0.627503   data arrival time
---------------------------------------------------------------------------------------------
                                              0.392993   slack (MET)


Startpoint: _3069_ (rising edge-triggered flip-flop clocked by clk)
Endpoint: _2961_ (rising edge-triggered flip-flop clocked by clk)
Path Group: clk
Path Type: min

Fanout         Cap        Slew       Delay        Time   Description
---------------------------------------------------------------------------------------------
                      0.150000    0.000000    0.000000   clock clk (rise edge)
                                  0.000000    0.000000   clock network delay (ideal)
                      0.150000    0.000000    0.000000 ^ _3069_/CLK (sky130_fd_sc_hd__dfxtp_2)
     2    0.004036    0.036391    0.346158    0.346158 ^ _3069_/Q (sky130_fd_sc_hd__dfxtp_2)
                                                         u_intf.u_slave.reg_ctrl[2] (net)
                      0.036391    0.000000    0.346158 ^ _1618_/A1 (sky130_fd_sc_hd__a221o_2)
     1    0.002469    0.029167    0.126265    0.472423 ^ _1618_/X (sky130_fd_sc_hd__a221o_2)
                                                         _1347_ (net)
                      0.029167    0.000000    0.472423 ^ _1619_/B2 (sky130_fd_sc_hd__o221a_2)
     1    0.001674    0.035828    0.155080    0.627503 ^ _1619_/X (sky130_fd_sc_hd__o221a_2)
                                                         _0075_ (net)
                      0.035828    0.000000    0.627503 ^ _2961_/D (sky130_fd_sc_hd__dfxtp_2)
                                              0.627503   data arrival time

                      0.150000    0.000000    0.000000   clock clk (rise edge)
                                  0.000000    0.000000   clock network delay (ideal)
                                  0.250000    0.250000   clock uncertainty
                                  0.000000    0.250000   clock reconvergence pessimism
                                              0.250000 ^ _2961_/CLK (sky130_fd_sc_hd__dfxtp_2)
                                 -0.015490    0.234510   library hold time
                                              0.234510   data required time
---------------------------------------------------------------------------------------------
                                              0.234510   data required time
                                             -0.627503   data arrival time
---------------------------------------------------------------------------------------------
                                              0.392993   slack (MET)


Startpoint: _3070_ (rising edge-triggered flip-flop clocked by clk)
Endpoint: _2962_ (rising edge-triggered flip-flop clocked by clk)
Path Group: clk
Path Type: min

Fanout         Cap        Slew       Delay        Time   Description
---------------------------------------------------------------------------------------------
                      0.150000    0.000000    0.000000   clock clk (rise edge)
                                  0.000000    0.000000   clock network delay (ideal)
                      0.150000    0.000000    0.000000 ^ _3070_/CLK (sky130_fd_sc_hd__dfxtp_2)
     2    0.004036    0.036391    0.346158    0.346158 ^ _3070_/Q (sky130_fd_sc_hd__dfxtp_2)
                                                         u_intf.u_slave.reg_ctrl[3] (net)
                      0.036391    0.000000    0.346158 ^ _1621_/A1 (sky130_fd_sc_hd__a221o_2)
     1    0.002469    0.029167    0.126265    0.472423 ^ _1621_/X (sky130_fd_sc_hd__a221o_2)
                                                         _1349_ (net)
                      0.029167    0.000000    0.472423 ^ _1622_/B2 (sky130_fd_sc_hd__o221a_2)
     1    0.001674    0.035828    0.155080    0.627503 ^ _1622_/X (sky130_fd_sc_hd__o221a_2)
                                                         _0076_ (net)
                      0.035828    0.000000    0.627503 ^ _2962_/D (sky130_fd_sc_hd__dfxtp_2)
                                              0.627503   data arrival time

                      0.150000    0.000000    0.000000   clock clk (rise edge)
                                  0.000000    0.000000   clock network delay (ideal)
                                  0.250000    0.250000   clock uncertainty
                                  0.000000    0.250000   clock reconvergence pessimism
                                              0.250000 ^ _2962_/CLK (sky130_fd_sc_hd__dfxtp_2)
                                 -0.015490    0.234510   library hold time
                                              0.234510   data required time
---------------------------------------------------------------------------------------------
                                              0.234510   data required time
                                             -0.627503   data arrival time
---------------------------------------------------------------------------------------------
                                              0.392993   slack (MET)


Startpoint: _3145_ (rising edge-triggered flip-flop clocked by clk)
Endpoint: _3145_ (rising edge-triggered flip-flop clocked by clk)
Path Group: clk
Path Type: min

Fanout         Cap        Slew       Delay        Time   Description
---------------------------------------------------------------------------------------------
                      0.150000    0.000000    0.000000   clock clk (rise edge)
                                  0.000000    0.000000   clock network delay (ideal)
                      0.150000    0.000000    0.000000 ^ _3145_/CLK (sky130_fd_sc_hd__dfxtp_2)
     3    0.014001    0.081902    0.383209    0.383209 ^ _3145_/Q (sky130_fd_sc_hd__dfxtp_2)
                                                         u_core.pe_array[0].u_pe.accum_reg[12] (net)
                      0.081902    0.000000    0.383209 ^ _2800_/A2 (sky130_fd_sc_hd__a22o_2)
     1    0.001541    0.027732    0.136064    0.519273 ^ _2800_/X (sky130_fd_sc_hd__a22o_2)
                                                         _1218_ (net)
                      0.027732    0.000000    0.519273 ^ _2801_/B (sky130_fd_sc_hd__and2_2)
     1    0.001674    0.032323    0.116580    0.635853 ^ _2801_/X (sky130_fd_sc_hd__and2_2)
                                                         _0259_ (net)
                      0.032323    0.000000    0.635853 ^ _3145_/D (sky130_fd_sc_hd__dfxtp_2)
                                              0.635853   data arrival time

                      0.150000    0.000000    0.000000   clock clk (rise edge)
                                  0.000000    0.000000   clock network delay (ideal)
                                  0.250000    0.250000   clock uncertainty
                                  0.000000    0.250000   clock reconvergence pessimism
                                              0.250000 ^ _3145_/CLK (sky130_fd_sc_hd__dfxtp_2)
                                 -0.014773    0.235227   library hold time
                                              0.235227   data required time
---------------------------------------------------------------------------------------------
                                              0.235227   data required time
                                             -0.635853   data arrival time
---------------------------------------------------------------------------------------------
                                              0.400626   slack (MET)


Startpoint: _3147_ (rising edge-triggered flip-flop clocked by clk)
Endpoint: _3147_ (rising edge-triggered flip-flop clocked by clk)
Path Group: clk
Path Type: min

Fanout         Cap        Slew       Delay        Time   Description
---------------------------------------------------------------------------------------------
                      0.150000    0.000000    0.000000   clock clk (rise edge)
                                  0.000000    0.000000   clock network delay (ideal)
                      0.150000    0.000000    0.000000 ^ _3147_/CLK (sky130_fd_sc_hd__dfxtp_2)
     3    0.014001    0.081902    0.383209    0.383209 ^ _3147_/Q (sky130_fd_sc_hd__dfxtp_2)
                                                         u_core.pe_array[0].u_pe.accum_reg[14] (net)
                      0.081902    0.000000    0.383209 ^ _2805_/A2 (sky130_fd_sc_hd__a22o_2)
     1    0.001541    0.027732    0.136064    0.519273 ^ _2805_/X (sky130_fd_sc_hd__a22o_2)
                                                         _1221_ (net)
                      0.027732    0.000000    0.519273 ^ _2806_/B (sky130_fd_sc_hd__and2_2)
     1    0.001674    0.032323    0.116580    0.635853 ^ _2806_/X (sky130_fd_sc_hd__and2_2)
                                                         _0261_ (net)
                      0.032323    0.000000    0.635853 ^ _3147_/D (sky130_fd_sc_hd__dfxtp_2)
                                              0.635853   data arrival time

                      0.150000    0.000000    0.000000   clock clk (rise edge)
                                  0.000000    0.000000   clock network delay (ideal)
                                  0.250000    0.250000   clock uncertainty
                                  0.000000    0.250000   clock reconvergence pessimism
                                              0.250000 ^ _3147_/CLK (sky130_fd_sc_hd__dfxtp_2)
                                 -0.014773    0.235227   library hold time
                                              0.235227   data required time
---------------------------------------------------------------------------------------------
                                              0.235227   data required time
                                             -0.635853   data arrival time
---------------------------------------------------------------------------------------------
                                              0.400626   slack (MET)


Startpoint: _3163_ (rising edge-triggered flip-flop clocked by clk)
Endpoint: _3163_ (rising edge-triggered flip-flop clocked by clk)
Path Group: clk
Path Type: min

Fanout         Cap        Slew       Delay        Time   Description
---------------------------------------------------------------------------------------------
                      0.150000    0.000000    0.000000   clock clk (rise edge)
                                  0.000000    0.000000   clock network delay (ideal)
                      0.150000    0.000000    0.000000 ^ _3163_/CLK (sky130_fd_sc_hd__dfxtp_2)
     3    0.016163    0.092303    0.390717    0.390717 ^ _3163_/Q (sky130_fd_sc_hd__dfxtp_2)
                                                         u_core.pe_array[0].u_pe.accum_reg[30] (net)
                      0.092303    0.000000    0.390717 ^ _2839_/A2 (sky130_fd_sc_hd__a22o_2)
     1    0.001541    0.027741    0.139152    0.529869 ^ _2839_/X (sky130_fd_sc_hd__a22o_2)
                                                         _1239_ (net)
                      0.027741    0.000000    0.529869 ^ _2840_/B (sky130_fd_sc_hd__and2_2)
     1    0.001674    0.032323    0.116583    0.646452 ^ _2840_/X (sky130_fd_sc_hd__and2_2)
                                                         _0277_ (net)
                      0.032323    0.000000    0.646452 ^ _3163_/D (sky130_fd_sc_hd__dfxtp_2)
                                              0.646452   data arrival time

                      0.150000    0.000000    0.000000   clock clk (rise edge)
                                  0.000000    0.000000   clock network delay (ideal)
                                  0.250000    0.250000   clock uncertainty
                                  0.000000    0.250000   clock reconvergence pessimism
                                              0.250000 ^ _3163_/CLK (sky130_fd_sc_hd__dfxtp_2)
                                 -0.014773    0.235227   library hold time
                                              0.235227   data required time
---------------------------------------------------------------------------------------------
                                              0.235227   data required time
                                             -0.646452   data arrival time
---------------------------------------------------------------------------------------------
                                              0.411225   slack (MET)


Startpoint: _3100_ (rising edge-triggered flip-flop clocked by clk)
Endpoint: _3201_ (rising edge-triggered flip-flop clocked by clk)
Path Group: clk
Path Type: min

Fanout         Cap        Slew       Delay        Time   Description
---------------------------------------------------------------------------------------------
                      0.150000    0.000000    0.000000   clock clk (rise edge)
                                  0.000000    0.000000   clock network delay (ideal)
                      0.150000    0.000000    0.000000 ^ _3100_/CLK (sky130_fd_sc_hd__dfxtp_2)
     3    0.007213    0.033463    0.351473    0.351473 v _3100_/Q (sky130_fd_sc_hd__dfxtp_2)
                                                         result_valid_w (net)
                      0.033463    0.000000    0.351473 v _1503_/A (sky130_fd_sc_hd__nand2_2)
    33    0.084324    0.432755    0.327368    0.678841 ^ _1503_/Y (sky130_fd_sc_hd__nand2_2)
                                                         _1286_ (net)
                      0.432755    0.000000    0.678841 ^ _2885_/B (sky130_fd_sc_hd__nor2_2)
     1    0.001681    0.061798    0.038196    0.717037 v _2885_/Y (sky130_fd_sc_hd__nor2_2)
                                                         _0315_ (net)
                      0.061798    0.000000    0.717037 v _3201_/D (sky130_fd_sc_hd__dfxtp_2)
                                              0.717037   data arrival time

                      0.150000    0.000000    0.000000   clock clk (rise edge)
                                  0.000000    0.000000   clock network delay (ideal)
                                  0.250000    0.250000   clock uncertainty
                                  0.000000    0.250000   clock reconvergence pessimism
                                              0.250000 ^ _3201_/CLK (sky130_fd_sc_hd__dfxtp_2)
                                 -0.029554    0.220446   library hold time
                                              0.220446   data required time
---------------------------------------------------------------------------------------------
                                              0.220446   data required time
                                             -0.717037   data arrival time
---------------------------------------------------------------------------------------------
                                              0.496591   slack (MET)


Startpoint: _2936_ (rising edge-triggered flip-flop clocked by clk)
Endpoint: _2948_ (rising edge-triggered flip-flop clocked by clk)
Path Group: clk
Path Type: min

Fanout         Cap        Slew       Delay        Time   Description
---------------------------------------------------------------------------------------------
                      0.150000    0.000000    0.000000   clock clk (rise edge)
                                  0.000000    0.000000   clock network delay (ideal)
                      0.150000    0.000000    0.000000 ^ _2936_/CLK (sky130_fd_sc_hd__dfxtp_2)
     9    0.025959    0.071771    0.390402    0.390402 v _2936_/Q (sky130_fd_sc_hd__dfxtp_2)
                                                         u_core.pe_array[0].u_pe.valid_in (net)
                      0.071771    0.000000    0.390402 v _1589_/A (sky130_fd_sc_hd__and3_2)
    33    0.069719    0.175665    0.322835    0.713237 v _1589_/X (sky130_fd_sc_hd__and3_2)
                                                         _0062_ (net)
                      0.175665    0.000000    0.713237 v _2948_/D (sky130_fd_sc_hd__dfxtp_2)
                                              0.713237   data arrival time

                      0.150000    0.000000    0.000000   clock clk (rise edge)
                                  0.000000    0.000000   clock network delay (ideal)
                                  0.250000    0.250000   clock uncertainty
                                  0.000000    0.250000   clock reconvergence pessimism
                                              0.250000 ^ _2948_/CLK (sky130_fd_sc_hd__dfxtp_2)
                                 -0.076297    0.173703   library hold time
                                              0.173703   data required time
---------------------------------------------------------------------------------------------
                                              0.173703   data required time
                                             -0.713237   data arrival time
---------------------------------------------------------------------------------------------
                                              0.539534   slack (MET)


Startpoint: _2969_ (rising edge-triggered flip-flop clocked by clk)
Endpoint: s_rdata[10] (output port clocked by clk)
Path Group: clk
Path Type: min

Fanout         Cap        Slew       Delay        Time   Description
---------------------------------------------------------------------------------------------
                      0.150000    0.000000    0.000000   clock clk (rise edge)
                                  0.000000    0.000000   clock network delay (ideal)
                      0.150000    0.000000    0.000000 ^ _2969_/CLK (sky130_fd_sc_hd__dfxtp_2)
     2    0.034857    0.089614    0.407251    0.407251 v _2969_/Q (sky130_fd_sc_hd__dfxtp_2)
                                                         s_rdata[10] (net)
                      0.089614    0.000000    0.407251 v s_rdata[10] (out)
                                              0.407251   data arrival time

                      0.150000    0.000000    0.000000   clock clk (rise edge)
                                  0.000000    0.000000   clock network delay (ideal)
                                  0.250000    0.250000   clock uncertainty
                                  0.000000    0.250000   clock reconvergence pessimism
                                 -2.000000   -1.750000   output external delay
                                             -1.750000   data required time
---------------------------------------------------------------------------------------------
                                             -1.750000   data required time
                                             -0.407251   data arrival time
---------------------------------------------------------------------------------------------
                                              2.157251   slack (MET)


Startpoint: _2970_ (rising edge-triggered flip-flop clocked by clk)
Endpoint: s_rdata[11] (output port clocked by clk)
Path Group: clk
Path Type: min

Fanout         Cap        Slew       Delay        Time   Description
---------------------------------------------------------------------------------------------
                      0.150000    0.000000    0.000000   clock clk (rise edge)
                                  0.000000    0.000000   clock network delay (ideal)
                      0.150000    0.000000    0.000000 ^ _2970_/CLK (sky130_fd_sc_hd__dfxtp_2)
     2    0.034857    0.089614    0.407251    0.407251 v _2970_/Q (sky130_fd_sc_hd__dfxtp_2)
                                                         s_rdata[11] (net)
                      0.089614    0.000000    0.407251 v s_rdata[11] (out)
                                              0.407251   data arrival time

                      0.150000    0.000000    0.000000   clock clk (rise edge)
                                  0.000000    0.000000   clock network delay (ideal)
                                  0.250000    0.250000   clock uncertainty
                                  0.000000    0.250000   clock reconvergence pessimism
                                 -2.000000   -1.750000   output external delay
                                             -1.750000   data required time
---------------------------------------------------------------------------------------------
                                             -1.750000   data required time
                                             -0.407251   data arrival time
---------------------------------------------------------------------------------------------
                                              2.157251   slack (MET)


Startpoint: _2971_ (rising edge-triggered flip-flop clocked by clk)
Endpoint: s_rdata[12] (output port clocked by clk)
Path Group: clk
Path Type: min

Fanout         Cap        Slew       Delay        Time   Description
---------------------------------------------------------------------------------------------
                      0.150000    0.000000    0.000000   clock clk (rise edge)
                                  0.000000    0.000000   clock network delay (ideal)
                      0.150000    0.000000    0.000000 ^ _2971_/CLK (sky130_fd_sc_hd__dfxtp_2)
     2    0.034857    0.089614    0.407251    0.407251 v _2971_/Q (sky130_fd_sc_hd__dfxtp_2)
                                                         s_rdata[12] (net)
                      0.089614    0.000000    0.407251 v s_rdata[12] (out)
                                              0.407251   data arrival time

                      0.150000    0.000000    0.000000   clock clk (rise edge)
                                  0.000000    0.000000   clock network delay (ideal)
                                  0.250000    0.250000   clock uncertainty
                                  0.000000    0.250000   clock reconvergence pessimism
                                 -2.000000   -1.750000   output external delay
                                             -1.750000   data required time
---------------------------------------------------------------------------------------------
                                             -1.750000   data required time
                                             -0.407251   data arrival time
---------------------------------------------------------------------------------------------
                                              2.157251   slack (MET)


Startpoint: _2974_ (rising edge-triggered flip-flop clocked by clk)
Endpoint: s_rdata[15] (output port clocked by clk)
Path Group: clk
Path Type: min

Fanout         Cap        Slew       Delay        Time   Description
---------------------------------------------------------------------------------------------
                      0.150000    0.000000    0.000000   clock clk (rise edge)
                                  0.000000    0.000000   clock network delay (ideal)
                      0.150000    0.000000    0.000000 ^ _2974_/CLK (sky130_fd_sc_hd__dfxtp_2)
     2    0.034857    0.089614    0.407251    0.407251 v _2974_/Q (sky130_fd_sc_hd__dfxtp_2)
                                                         s_rdata[15] (net)
                      0.089614    0.000000    0.407251 v s_rdata[15] (out)
                                              0.407251   data arrival time

                      0.150000    0.000000    0.000000   clock clk (rise edge)
                                  0.000000    0.000000   clock network delay (ideal)
                                  0.250000    0.250000   clock uncertainty
                                  0.000000    0.250000   clock reconvergence pessimism
                                 -2.000000   -1.750000   output external delay
                                             -1.750000   data required time
---------------------------------------------------------------------------------------------
                                             -1.750000   data required time
                                             -0.407251   data arrival time
---------------------------------------------------------------------------------------------
                                              2.157251   slack (MET)


Startpoint: _2975_ (rising edge-triggered flip-flop clocked by clk)
Endpoint: s_rdata[16] (output port clocked by clk)
Path Group: clk
Path Type: min

Fanout         Cap        Slew       Delay        Time   Description
---------------------------------------------------------------------------------------------
                      0.150000    0.000000    0.000000   clock clk (rise edge)
                                  0.000000    0.000000   clock network delay (ideal)
                      0.150000    0.000000    0.000000 ^ _2975_/CLK (sky130_fd_sc_hd__dfxtp_2)
     2    0.034857    0.089614    0.407251    0.407251 v _2975_/Q (sky130_fd_sc_hd__dfxtp_2)
                                                         s_rdata[16] (net)
                      0.089614    0.000000    0.407251 v s_rdata[16] (out)
                                              0.407251   data arrival time

                      0.150000    0.000000    0.000000   clock clk (rise edge)
                                  0.000000    0.000000   clock network delay (ideal)
                                  0.250000    0.250000   clock uncertainty
                                  0.000000    0.250000   clock reconvergence pessimism
                                 -2.000000   -1.750000   output external delay
                                             -1.750000   data required time
---------------------------------------------------------------------------------------------
                                             -1.750000   data required time
                                             -0.407251   data arrival time
---------------------------------------------------------------------------------------------
                                              2.157251   slack (MET)


Startpoint: _2976_ (rising edge-triggered flip-flop clocked by clk)
Endpoint: s_rdata[17] (output port clocked by clk)
Path Group: clk
Path Type: min

Fanout         Cap        Slew       Delay        Time   Description
---------------------------------------------------------------------------------------------
                      0.150000    0.000000    0.000000   clock clk (rise edge)
                                  0.000000    0.000000   clock network delay (ideal)
                      0.150000    0.000000    0.000000 ^ _2976_/CLK (sky130_fd_sc_hd__dfxtp_2)
     2    0.034857    0.089614    0.407251    0.407251 v _2976_/Q (sky130_fd_sc_hd__dfxtp_2)
                                                         s_rdata[17] (net)
                      0.089614    0.000000    0.407251 v s_rdata[17] (out)
                                              0.407251   data arrival time

                      0.150000    0.000000    0.000000   clock clk (rise edge)
                                  0.000000    0.000000   clock network delay (ideal)
                                  0.250000    0.250000   clock uncertainty
                                  0.000000    0.250000   clock reconvergence pessimism
                                 -2.000000   -1.750000   output external delay
                                             -1.750000   data required time
---------------------------------------------------------------------------------------------
                                             -1.750000   data required time
                                             -0.407251   data arrival time
---------------------------------------------------------------------------------------------
                                              2.157251   slack (MET)


Startpoint: _2977_ (rising edge-triggered flip-flop clocked by clk)
Endpoint: s_rdata[18] (output port clocked by clk)
Path Group: clk
Path Type: min

Fanout         Cap        Slew       Delay        Time   Description
---------------------------------------------------------------------------------------------
                      0.150000    0.000000    0.000000   clock clk (rise edge)
                                  0.000000    0.000000   clock network delay (ideal)
                      0.150000    0.000000    0.000000 ^ _2977_/CLK (sky130_fd_sc_hd__dfxtp_2)
     2    0.034857    0.089614    0.407251    0.407251 v _2977_/Q (sky130_fd_sc_hd__dfxtp_2)
                                                         s_rdata[18] (net)
                      0.089614    0.000000    0.407251 v s_rdata[18] (out)
                                              0.407251   data arrival time

                      0.150000    0.000000    0.000000   clock clk (rise edge)
                                  0.000000    0.000000   clock network delay (ideal)
                                  0.250000    0.250000   clock uncertainty
                                  0.000000    0.250000   clock reconvergence pessimism
                                 -2.000000   -1.750000   output external delay
                                             -1.750000   data required time
---------------------------------------------------------------------------------------------
                                             -1.750000   data required time
                                             -0.407251   data arrival time
---------------------------------------------------------------------------------------------
                                              2.157251   slack (MET)


Startpoint: _2978_ (rising edge-triggered flip-flop clocked by clk)
Endpoint: s_rdata[19] (output port clocked by clk)
Path Group: clk
Path Type: min

Fanout         Cap        Slew       Delay        Time   Description
---------------------------------------------------------------------------------------------
                      0.150000    0.000000    0.000000   clock clk (rise edge)
                                  0.000000    0.000000   clock network delay (ideal)
                      0.150000    0.000000    0.000000 ^ _2978_/CLK (sky130_fd_sc_hd__dfxtp_2)
     2    0.034857    0.089614    0.407251    0.407251 v _2978_/Q (sky130_fd_sc_hd__dfxtp_2)
                                                         s_rdata[19] (net)
                      0.089614    0.000000    0.407251 v s_rdata[19] (out)
                                              0.407251   data arrival time

                      0.150000    0.000000    0.000000   clock clk (rise edge)
                                  0.000000    0.000000   clock network delay (ideal)
                                  0.250000    0.250000   clock uncertainty
                                  0.000000    0.250000   clock reconvergence pessimism
                                 -2.000000   -1.750000   output external delay
                                             -1.750000   data required time
---------------------------------------------------------------------------------------------
                                             -1.750000   data required time
                                             -0.407251   data arrival time
---------------------------------------------------------------------------------------------
                                              2.157251   slack (MET)


Startpoint: _2980_ (rising edge-triggered flip-flop clocked by clk)
Endpoint: s_rdata[21] (output port clocked by clk)
Path Group: clk
Path Type: min

Fanout         Cap        Slew       Delay        Time   Description
---------------------------------------------------------------------------------------------
                      0.150000    0.000000    0.000000   clock clk (rise edge)
                                  0.000000    0.000000   clock network delay (ideal)
                      0.150000    0.000000    0.000000 ^ _2980_/CLK (sky130_fd_sc_hd__dfxtp_2)
     2    0.034857    0.089614    0.407251    0.407251 v _2980_/Q (sky130_fd_sc_hd__dfxtp_2)
                                                         s_rdata[21] (net)
                      0.089614    0.000000    0.407251 v s_rdata[21] (out)
                                              0.407251   data arrival time

                      0.150000    0.000000    0.000000   clock clk (rise edge)
                                  0.000000    0.000000   clock network delay (ideal)
                                  0.250000    0.250000   clock uncertainty
                                  0.000000    0.250000   clock reconvergence pessimism
                                 -2.000000   -1.750000   output external delay
                                             -1.750000   data required time
---------------------------------------------------------------------------------------------
                                             -1.750000   data required time
                                             -0.407251   data arrival time
---------------------------------------------------------------------------------------------
                                              2.157251   slack (MET)


Startpoint: _2981_ (rising edge-triggered flip-flop clocked by clk)
Endpoint: s_rdata[22] (output port clocked by clk)
Path Group: clk
Path Type: min

Fanout         Cap        Slew       Delay        Time   Description
---------------------------------------------------------------------------------------------
                      0.150000    0.000000    0.000000   clock clk (rise edge)
                                  0.000000    0.000000   clock network delay (ideal)
                      0.150000    0.000000    0.000000 ^ _2981_/CLK (sky130_fd_sc_hd__dfxtp_2)
     2    0.034857    0.089614    0.407251    0.407251 v _2981_/Q (sky130_fd_sc_hd__dfxtp_2)
                                                         s_rdata[22] (net)
                      0.089614    0.000000    0.407251 v s_rdata[22] (out)
                                              0.407251   data arrival time

                      0.150000    0.000000    0.000000   clock clk (rise edge)
                                  0.000000    0.000000   clock network delay (ideal)
                                  0.250000    0.250000   clock uncertainty
                                  0.000000    0.250000   clock reconvergence pessimism
                                 -2.000000   -1.750000   output external delay
                                             -1.750000   data required time
---------------------------------------------------------------------------------------------
                                             -1.750000   data required time
                                             -0.407251   data arrival time
---------------------------------------------------------------------------------------------
                                              2.157251   slack (MET)


Startpoint: _2982_ (rising edge-triggered flip-flop clocked by clk)
Endpoint: s_rdata[23] (output port clocked by clk)
Path Group: clk
Path Type: min

Fanout         Cap        Slew       Delay        Time   Description
---------------------------------------------------------------------------------------------
                      0.150000    0.000000    0.000000   clock clk (rise edge)
                                  0.000000    0.000000   clock network delay (ideal)
                      0.150000    0.000000    0.000000 ^ _2982_/CLK (sky130_fd_sc_hd__dfxtp_2)
     2    0.034857    0.089614    0.407251    0.407251 v _2982_/Q (sky130_fd_sc_hd__dfxtp_2)
                                                         s_rdata[23] (net)
                      0.089614    0.000000    0.407251 v s_rdata[23] (out)
                                              0.407251   data arrival time

                      0.150000    0.000000    0.000000   clock clk (rise edge)
                                  0.000000    0.000000   clock network delay (ideal)
                                  0.250000    0.250000   clock uncertainty
                                  0.000000    0.250000   clock reconvergence pessimism
                                 -2.000000   -1.750000   output external delay
                                             -1.750000   data required time
---------------------------------------------------------------------------------------------
                                             -1.750000   data required time
                                             -0.407251   data arrival time
---------------------------------------------------------------------------------------------
                                              2.157251   slack (MET)


Startpoint: _2983_ (rising edge-triggered flip-flop clocked by clk)
Endpoint: s_rdata[24] (output port clocked by clk)
Path Group: clk
Path Type: min

Fanout         Cap        Slew       Delay        Time   Description
---------------------------------------------------------------------------------------------
                      0.150000    0.000000    0.000000   clock clk (rise edge)
                                  0.000000    0.000000   clock network delay (ideal)
                      0.150000    0.000000    0.000000 ^ _2983_/CLK (sky130_fd_sc_hd__dfxtp_2)
     2    0.034857    0.089614    0.407251    0.407251 v _2983_/Q (sky130_fd_sc_hd__dfxtp_2)
                                                         s_rdata[24] (net)
                      0.089614    0.000000    0.407251 v s_rdata[24] (out)
                                              0.407251   data arrival time

                      0.150000    0.000000    0.000000   clock clk (rise edge)
                                  0.000000    0.000000   clock network delay (ideal)
                                  0.250000    0.250000   clock uncertainty
                                  0.000000    0.250000   clock reconvergence pessimism
                                 -2.000000   -1.750000   output external delay
                                             -1.750000   data required time
---------------------------------------------------------------------------------------------
                                             -1.750000   data required time
                                             -0.407251   data arrival time
---------------------------------------------------------------------------------------------
                                              2.157251   slack (MET)


Startpoint: _2985_ (rising edge-triggered flip-flop clocked by clk)
Endpoint: s_rdata[26] (output port clocked by clk)
Path Group: clk
Path Type: min

Fanout         Cap        Slew       Delay        Time   Description
---------------------------------------------------------------------------------------------
                      0.150000    0.000000    0.000000   clock clk (rise edge)
                                  0.000000    0.000000   clock network delay (ideal)
                      0.150000    0.000000    0.000000 ^ _2985_/CLK (sky130_fd_sc_hd__dfxtp_2)
     2    0.034857    0.089614    0.407251    0.407251 v _2985_/Q (sky130_fd_sc_hd__dfxtp_2)
                                                         s_rdata[26] (net)
                      0.089614    0.000000    0.407251 v s_rdata[26] (out)
                                              0.407251   data arrival time

                      0.150000    0.000000    0.000000   clock clk (rise edge)
                                  0.000000    0.000000   clock network delay (ideal)
                                  0.250000    0.250000   clock uncertainty
                                  0.000000    0.250000   clock reconvergence pessimism
                                 -2.000000   -1.750000   output external delay
                                             -1.750000   data required time
---------------------------------------------------------------------------------------------
                                             -1.750000   data required time
                                             -0.407251   data arrival time
---------------------------------------------------------------------------------------------
                                              2.157251   slack (MET)


Startpoint: _2986_ (rising edge-triggered flip-flop clocked by clk)
Endpoint: s_rdata[27] (output port clocked by clk)
Path Group: clk
Path Type: min

Fanout         Cap        Slew       Delay        Time   Description
---------------------------------------------------------------------------------------------
                      0.150000    0.000000    0.000000   clock clk (rise edge)
                                  0.000000    0.000000   clock network delay (ideal)
                      0.150000    0.000000    0.000000 ^ _2986_/CLK (sky130_fd_sc_hd__dfxtp_2)
     2    0.034857    0.089614    0.407251    0.407251 v _2986_/Q (sky130_fd_sc_hd__dfxtp_2)
                                                         s_rdata[27] (net)
                      0.089614    0.000000    0.407251 v s_rdata[27] (out)
                                              0.407251   data arrival time

                      0.150000    0.000000    0.000000   clock clk (rise edge)
                                  0.000000    0.000000   clock network delay (ideal)
                                  0.250000    0.250000   clock uncertainty
                                  0.000000    0.250000   clock reconvergence pessimism
                                 -2.000000   -1.750000   output external delay
                                             -1.750000   data required time
---------------------------------------------------------------------------------------------
                                             -1.750000   data required time
                                             -0.407251   data arrival time
---------------------------------------------------------------------------------------------
                                              2.157251   slack (MET)


Startpoint: _2988_ (rising edge-triggered flip-flop clocked by clk)
Endpoint: s_rdata[29] (output port clocked by clk)
Path Group: clk
Path Type: min

Fanout         Cap        Slew       Delay        Time   Description
---------------------------------------------------------------------------------------------
                      0.150000    0.000000    0.000000   clock clk (rise edge)
                                  0.000000    0.000000   clock network delay (ideal)
                      0.150000    0.000000    0.000000 ^ _2988_/CLK (sky130_fd_sc_hd__dfxtp_2)
     2    0.034857    0.089614    0.407251    0.407251 v _2988_/Q (sky130_fd_sc_hd__dfxtp_2)
                                                         s_rdata[29] (net)
                      0.089614    0.000000    0.407251 v s_rdata[29] (out)
                                              0.407251   data arrival time

                      0.150000    0.000000    0.000000   clock clk (rise edge)
                                  0.000000    0.000000   clock network delay (ideal)
                                  0.250000    0.250000   clock uncertainty
                                  0.000000    0.250000   clock reconvergence pessimism
                                 -2.000000   -1.750000   output external delay
                                             -1.750000   data required time
---------------------------------------------------------------------------------------------
                                             -1.750000   data required time
                                             -0.407251   data arrival time
---------------------------------------------------------------------------------------------
                                              2.157251   slack (MET)


Startpoint: _2989_ (rising edge-triggered flip-flop clocked by clk)
Endpoint: s_rdata[30] (output port clocked by clk)
Path Group: clk
Path Type: min

Fanout         Cap        Slew       Delay        Time   Description
---------------------------------------------------------------------------------------------
                      0.150000    0.000000    0.000000   clock clk (rise edge)
                                  0.000000    0.000000   clock network delay (ideal)
                      0.150000    0.000000    0.000000 ^ _2989_/CLK (sky130_fd_sc_hd__dfxtp_2)
     2    0.034857    0.089614    0.407251    0.407251 v _2989_/Q (sky130_fd_sc_hd__dfxtp_2)
                                                         s_rdata[30] (net)
                      0.089614    0.000000    0.407251 v s_rdata[30] (out)
                                              0.407251   data arrival time

                      0.150000    0.000000    0.000000   clock clk (rise edge)
                                  0.000000    0.000000   clock network delay (ideal)
                                  0.250000    0.250000   clock uncertainty
                                  0.000000    0.250000   clock reconvergence pessimism
                                 -2.000000   -1.750000   output external delay
                                             -1.750000   data required time
---------------------------------------------------------------------------------------------
                                             -1.750000   data required time
                                             -0.407251   data arrival time
---------------------------------------------------------------------------------------------
                                              2.157251   slack (MET)


Startpoint: _2990_ (rising edge-triggered flip-flop clocked by clk)
Endpoint: s_rdata[31] (output port clocked by clk)
Path Group: clk
Path Type: min

Fanout         Cap        Slew       Delay        Time   Description
---------------------------------------------------------------------------------------------
                      0.150000    0.000000    0.000000   clock clk (rise edge)
                                  0.000000    0.000000   clock network delay (ideal)
                      0.150000    0.000000    0.000000 ^ _2990_/CLK (sky130_fd_sc_hd__dfxtp_2)
     2    0.034857    0.089614    0.407251    0.407251 v _2990_/Q (sky130_fd_sc_hd__dfxtp_2)
                                                         s_rdata[31] (net)
                      0.089614    0.000000    0.407251 v s_rdata[31] (out)
                                              0.407251   data arrival time

                      0.150000    0.000000    0.000000   clock clk (rise edge)
                                  0.000000    0.000000   clock network delay (ideal)
                                  0.250000    0.250000   clock uncertainty
                                  0.000000    0.250000   clock reconvergence pessimism
                                 -2.000000   -1.750000   output external delay
                                             -1.750000   data required time
---------------------------------------------------------------------------------------------
                                             -1.750000   data required time
                                             -0.407251   data arrival time
---------------------------------------------------------------------------------------------
                                              2.157251   slack (MET)


Startpoint: _2963_ (rising edge-triggered flip-flop clocked by clk)
Endpoint: s_rdata[4] (output port clocked by clk)
Path Group: clk
Path Type: min

Fanout         Cap        Slew       Delay        Time   Description
---------------------------------------------------------------------------------------------
                      0.150000    0.000000    0.000000   clock clk (rise edge)
                                  0.000000    0.000000   clock network delay (ideal)
                      0.150000    0.000000    0.000000 ^ _2963_/CLK (sky130_fd_sc_hd__dfxtp_2)
     2    0.034857    0.089614    0.407251    0.407251 v _2963_/Q (sky130_fd_sc_hd__dfxtp_2)
                                                         s_rdata[4] (net)
                      0.089614    0.000000    0.407251 v s_rdata[4] (out)
                                              0.407251   data arrival time

                      0.150000    0.000000    0.000000   clock clk (rise edge)
                                  0.000000    0.000000   clock network delay (ideal)
                                  0.250000    0.250000   clock uncertainty
                                  0.000000    0.250000   clock reconvergence pessimism
                                 -2.000000   -1.750000   output external delay
                                             -1.750000   data required time
---------------------------------------------------------------------------------------------
                                             -1.750000   data required time
                                             -0.407251   data arrival time
---------------------------------------------------------------------------------------------
                                              2.157251   slack (MET)


Startpoint: _2966_ (rising edge-triggered flip-flop clocked by clk)
Endpoint: s_rdata[7] (output port clocked by clk)
Path Group: clk
Path Type: min

Fanout         Cap        Slew       Delay        Time   Description
---------------------------------------------------------------------------------------------
                      0.150000    0.000000    0.000000   clock clk (rise edge)
                                  0.000000    0.000000   clock network delay (ideal)
                      0.150000    0.000000    0.000000 ^ _2966_/CLK (sky130_fd_sc_hd__dfxtp_2)
     2    0.034857    0.089614    0.407251    0.407251 v _2966_/Q (sky130_fd_sc_hd__dfxtp_2)
                                                         s_rdata[7] (net)
                      0.089614    0.000000    0.407251 v s_rdata[7] (out)
                                              0.407251   data arrival time

                      0.150000    0.000000    0.000000   clock clk (rise edge)
                                  0.000000    0.000000   clock network delay (ideal)
                                  0.250000    0.250000   clock uncertainty
                                  0.000000    0.250000   clock reconvergence pessimism
                                 -2.000000   -1.750000   output external delay
                                             -1.750000   data required time
---------------------------------------------------------------------------------------------
                                             -1.750000   data required time
                                             -0.407251   data arrival time
---------------------------------------------------------------------------------------------
                                              2.157251   slack (MET)


Startpoint: _2967_ (rising edge-triggered flip-flop clocked by clk)
Endpoint: s_rdata[8] (output port clocked by clk)
Path Group: clk
Path Type: min

Fanout         Cap        Slew       Delay        Time   Description
---------------------------------------------------------------------------------------------
                      0.150000    0.000000    0.000000   clock clk (rise edge)
                                  0.000000    0.000000   clock network delay (ideal)
                      0.150000    0.000000    0.000000 ^ _2967_/CLK (sky130_fd_sc_hd__dfxtp_2)
     2    0.034857    0.089614    0.407251    0.407251 v _2967_/Q (sky130_fd_sc_hd__dfxtp_2)
                                                         s_rdata[8] (net)
                      0.089614    0.000000    0.407251 v s_rdata[8] (out)
                                              0.407251   data arrival time

                      0.150000    0.000000    0.000000   clock clk (rise edge)
                                  0.000000    0.000000   clock network delay (ideal)
                                  0.250000    0.250000   clock uncertainty
                                  0.000000    0.250000   clock reconvergence pessimism
                                 -2.000000   -1.750000   output external delay
                                             -1.750000   data required time
---------------------------------------------------------------------------------------------
                                             -1.750000   data required time
                                             -0.407251   data arrival time
---------------------------------------------------------------------------------------------
                                              2.157251   slack (MET)


Startpoint: _2959_ (rising edge-triggered flip-flop clocked by clk)
Endpoint: s_rdata[0] (output port clocked by clk)
Path Group: clk
Path Type: min

Fanout         Cap        Slew       Delay        Time   Description
---------------------------------------------------------------------------------------------
                      0.150000    0.000000    0.000000   clock clk (rise edge)
                                  0.000000    0.000000   clock network delay (ideal)
                      0.150000    0.000000    0.000000 ^ _2959_/CLK (sky130_fd_sc_hd__dfxtp_2)
     2    0.035688    0.091281    0.408825    0.408825 v _2959_/Q (sky130_fd_sc_hd__dfxtp_2)
                                                         s_rdata[0] (net)
                      0.091281    0.000000    0.408825 v s_rdata[0] (out)
                                              0.408825   data arrival time

                      0.150000    0.000000    0.000000   clock clk (rise edge)
                                  0.000000    0.000000   clock network delay (ideal)
                                  0.250000    0.250000   clock uncertainty
                                  0.000000    0.250000   clock reconvergence pessimism
                                 -2.000000   -1.750000   output external delay
                                             -1.750000   data required time
---------------------------------------------------------------------------------------------
                                             -1.750000   data required time
                                             -0.408825   data arrival time
---------------------------------------------------------------------------------------------
                                              2.158825   slack (MET)


Startpoint: _2972_ (rising edge-triggered flip-flop clocked by clk)
Endpoint: s_rdata[13] (output port clocked by clk)
Path Group: clk
Path Type: min

Fanout         Cap        Slew       Delay        Time   Description
---------------------------------------------------------------------------------------------
                      0.150000    0.000000    0.000000   clock clk (rise edge)
                                  0.000000    0.000000   clock network delay (ideal)
                      0.150000    0.000000    0.000000 ^ _2972_/CLK (sky130_fd_sc_hd__dfxtp_2)
     2    0.035688    0.091281    0.408825    0.408825 v _2972_/Q (sky130_fd_sc_hd__dfxtp_2)
                                                         s_rdata[13] (net)
                      0.091281    0.000000    0.408825 v s_rdata[13] (out)
                                              0.408825   data arrival time

                      0.150000    0.000000    0.000000   clock clk (rise edge)
                                  0.000000    0.000000   clock network delay (ideal)
                                  0.250000    0.250000   clock uncertainty
                                  0.000000    0.250000   clock reconvergence pessimism
                                 -2.000000   -1.750000   output external delay
                                             -1.750000   data required time
---------------------------------------------------------------------------------------------
                                             -1.750000   data required time
                                             -0.408825   data arrival time
---------------------------------------------------------------------------------------------
                                              2.158825   slack (MET)


Startpoint: _2973_ (rising edge-triggered flip-flop clocked by clk)
Endpoint: s_rdata[14] (output port clocked by clk)
Path Group: clk
Path Type: min

Fanout         Cap        Slew       Delay        Time   Description
---------------------------------------------------------------------------------------------
                      0.150000    0.000000    0.000000   clock clk (rise edge)
                                  0.000000    0.000000   clock network delay (ideal)
                      0.150000    0.000000    0.000000 ^ _2973_/CLK (sky130_fd_sc_hd__dfxtp_2)
     2    0.035688    0.091281    0.408825    0.408825 v _2973_/Q (sky130_fd_sc_hd__dfxtp_2)
                                                         s_rdata[14] (net)
                      0.091281    0.000000    0.408825 v s_rdata[14] (out)
                                              0.408825   data arrival time

                      0.150000    0.000000    0.000000   clock clk (rise edge)
                                  0.000000    0.000000   clock network delay (ideal)
                                  0.250000    0.250000   clock uncertainty
                                  0.000000    0.250000   clock reconvergence pessimism
                                 -2.000000   -1.750000   output external delay
                                             -1.750000   data required time
---------------------------------------------------------------------------------------------
                                             -1.750000   data required time
                                             -0.408825   data arrival time
---------------------------------------------------------------------------------------------
                                              2.158825   slack (MET)


Startpoint: _2960_ (rising edge-triggered flip-flop clocked by clk)
Endpoint: s_rdata[1] (output port clocked by clk)
Path Group: clk
Path Type: min

Fanout         Cap        Slew       Delay        Time   Description
---------------------------------------------------------------------------------------------
                      0.150000    0.000000    0.000000   clock clk (rise edge)
                                  0.000000    0.000000   clock network delay (ideal)
                      0.150000    0.000000    0.000000 ^ _2960_/CLK (sky130_fd_sc_hd__dfxtp_2)
     2    0.035688    0.091281    0.408825    0.408825 v _2960_/Q (sky130_fd_sc_hd__dfxtp_2)
                                                         s_rdata[1] (net)
                      0.091281    0.000000    0.408825 v s_rdata[1] (out)
                                              0.408825   data arrival time

                      0.150000    0.000000    0.000000   clock clk (rise edge)
                                  0.000000    0.000000   clock network delay (ideal)
                                  0.250000    0.250000   clock uncertainty
                                  0.000000    0.250000   clock reconvergence pessimism
                                 -2.000000   -1.750000   output external delay
                                             -1.750000   data required time
---------------------------------------------------------------------------------------------
                                             -1.750000   data required time
                                             -0.408825   data arrival time
---------------------------------------------------------------------------------------------
                                              2.158825   slack (MET)


Startpoint: _2979_ (rising edge-triggered flip-flop clocked by clk)
Endpoint: s_rdata[20] (output port clocked by clk)
Path Group: clk
Path Type: min

Fanout         Cap        Slew       Delay        Time   Description
---------------------------------------------------------------------------------------------
                      0.150000    0.000000    0.000000   clock clk (rise edge)
                                  0.000000    0.000000   clock network delay (ideal)
                      0.150000    0.000000    0.000000 ^ _2979_/CLK (sky130_fd_sc_hd__dfxtp_2)
     2    0.035688    0.091281    0.408825    0.408825 v _2979_/Q (sky130_fd_sc_hd__dfxtp_2)
                                                         s_rdata[20] (net)
                      0.091281    0.000000    0.408825 v s_rdata[20] (out)
                                              0.408825   data arrival time

                      0.150000    0.000000    0.000000   clock clk (rise edge)
                                  0.000000    0.000000   clock network delay (ideal)
                                  0.250000    0.250000   clock uncertainty
                                  0.000000    0.250000   clock reconvergence pessimism
                                 -2.000000   -1.750000   output external delay
                                             -1.750000   data required time
---------------------------------------------------------------------------------------------
                                             -1.750000   data required time
                                             -0.408825   data arrival time
---------------------------------------------------------------------------------------------
                                              2.158825   slack (MET)


Startpoint: _2984_ (rising edge-triggered flip-flop clocked by clk)
Endpoint: s_rdata[25] (output port clocked by clk)
Path Group: clk
Path Type: min

Fanout         Cap        Slew       Delay        Time   Description
---------------------------------------------------------------------------------------------
                      0.150000    0.000000    0.000000   clock clk (rise edge)
                                  0.000000    0.000000   clock network delay (ideal)
                      0.150000    0.000000    0.000000 ^ _2984_/CLK (sky130_fd_sc_hd__dfxtp_2)
     2    0.035688    0.091281    0.408825    0.408825 v _2984_/Q (sky130_fd_sc_hd__dfxtp_2)
                                                         s_rdata[25] (net)
                      0.091281    0.000000    0.408825 v s_rdata[25] (out)
                                              0.408825   data arrival time

                      0.150000    0.000000    0.000000   clock clk (rise edge)
                                  0.000000    0.000000   clock network delay (ideal)
                                  0.250000    0.250000   clock uncertainty
                                  0.000000    0.250000   clock reconvergence pessimism
                                 -2.000000   -1.750000   output external delay
                                             -1.750000   data required time
---------------------------------------------------------------------------------------------
                                             -1.750000   data required time
                                             -0.408825   data arrival time
---------------------------------------------------------------------------------------------
                                              2.158825   slack (MET)


Startpoint: _2987_ (rising edge-triggered flip-flop clocked by clk)
Endpoint: s_rdata[28] (output port clocked by clk)
Path Group: clk
Path Type: min

Fanout         Cap        Slew       Delay        Time   Description
---------------------------------------------------------------------------------------------
                      0.150000    0.000000    0.000000   clock clk (rise edge)
                                  0.000000    0.000000   clock network delay (ideal)
                      0.150000    0.000000    0.000000 ^ _2987_/CLK (sky130_fd_sc_hd__dfxtp_2)
     2    0.035688    0.091281    0.408825    0.408825 v _2987_/Q (sky130_fd_sc_hd__dfxtp_2)
                                                         s_rdata[28] (net)
                      0.091281    0.000000    0.408825 v s_rdata[28] (out)
                                              0.408825   data arrival time

                      0.150000    0.000000    0.000000   clock clk (rise edge)
                                  0.000000    0.000000   clock network delay (ideal)
                                  0.250000    0.250000   clock uncertainty
                                  0.000000    0.250000   clock reconvergence pessimism
                                 -2.000000   -1.750000   output external delay
                                             -1.750000   data required time
---------------------------------------------------------------------------------------------
                                             -1.750000   data required time
                                             -0.408825   data arrival time
---------------------------------------------------------------------------------------------
                                              2.158825   slack (MET)


Startpoint: _2961_ (rising edge-triggered flip-flop clocked by clk)
Endpoint: s_rdata[2] (output port clocked by clk)
Path Group: clk
Path Type: min

Fanout         Cap        Slew       Delay        Time   Description
---------------------------------------------------------------------------------------------
                      0.150000    0.000000    0.000000   clock clk (rise edge)
                                  0.000000    0.000000   clock network delay (ideal)
                      0.150000    0.000000    0.000000 ^ _2961_/CLK (sky130_fd_sc_hd__dfxtp_2)
     2    0.035688    0.091281    0.408825    0.408825 v _2961_/Q (sky130_fd_sc_hd__dfxtp_2)
                                                         s_rdata[2] (net)
                      0.091281    0.000000    0.408825 v s_rdata[2] (out)
                                              0.408825   data arrival time

                      0.150000    0.000000    0.000000   clock clk (rise edge)
                                  0.000000    0.000000   clock network delay (ideal)
                                  0.250000    0.250000   clock uncertainty
                                  0.000000    0.250000   clock reconvergence pessimism
                                 -2.000000   -1.750000   output external delay
                                             -1.750000   data required time
---------------------------------------------------------------------------------------------
                                             -1.750000   data required time
                                             -0.408825   data arrival time
---------------------------------------------------------------------------------------------
                                              2.158825   slack (MET)


Startpoint: _2962_ (rising edge-triggered flip-flop clocked by clk)
Endpoint: s_rdata[3] (output port clocked by clk)
Path Group: clk
Path Type: min

Fanout         Cap        Slew       Delay        Time   Description
---------------------------------------------------------------------------------------------
                      0.150000    0.000000    0.000000   clock clk (rise edge)
                                  0.000000    0.000000   clock network delay (ideal)
                      0.150000    0.000000    0.000000 ^ _2962_/CLK (sky130_fd_sc_hd__dfxtp_2)
     2    0.035688    0.091281    0.408825    0.408825 v _2962_/Q (sky130_fd_sc_hd__dfxtp_2)
                                                         s_rdata[3] (net)
                      0.091281    0.000000    0.408825 v s_rdata[3] (out)
                                              0.408825   data arrival time

                      0.150000    0.000000    0.000000   clock clk (rise edge)
                                  0.000000    0.000000   clock network delay (ideal)
                                  0.250000    0.250000   clock uncertainty
                                  0.000000    0.250000   clock reconvergence pessimism
                                 -2.000000   -1.750000   output external delay
                                             -1.750000   data required time
---------------------------------------------------------------------------------------------
                                             -1.750000   data required time
                                             -0.408825   data arrival time
---------------------------------------------------------------------------------------------
                                              2.158825   slack (MET)


Startpoint: _2968_ (rising edge-triggered flip-flop clocked by clk)
Endpoint: s_rdata[9] (output port clocked by clk)
Path Group: clk
Path Type: min

Fanout         Cap        Slew       Delay        Time   Description
---------------------------------------------------------------------------------------------
                      0.150000    0.000000    0.000000   clock clk (rise edge)
                                  0.000000    0.000000   clock network delay (ideal)
                      0.150000    0.000000    0.000000 ^ _2968_/CLK (sky130_fd_sc_hd__dfxtp_2)
     2    0.035688    0.091281    0.408825    0.408825 v _2968_/Q (sky130_fd_sc_hd__dfxtp_2)
                                                         s_rdata[9] (net)
                      0.091281    0.000000    0.408825 v s_rdata[9] (out)
                                              0.408825   data arrival time

                      0.150000    0.000000    0.000000   clock clk (rise edge)
                                  0.000000    0.000000   clock network delay (ideal)
                                  0.250000    0.250000   clock uncertainty
                                  0.000000    0.250000   clock reconvergence pessimism
                                 -2.000000   -1.750000   output external delay
                                             -1.750000   data required time
---------------------------------------------------------------------------------------------
                                             -1.750000   data required time
                                             -0.408825   data arrival time
---------------------------------------------------------------------------------------------
                                              2.158825   slack (MET)


Startpoint: _2964_ (rising edge-triggered flip-flop clocked by clk)
Endpoint: s_rdata[5] (output port clocked by clk)
Path Group: clk
Path Type: min

Fanout         Cap        Slew       Delay        Time   Description
---------------------------------------------------------------------------------------------
                      0.150000    0.000000    0.000000   clock clk (rise edge)
                                  0.000000    0.000000   clock network delay (ideal)
                      0.150000    0.000000    0.000000 ^ _2964_/CLK (sky130_fd_sc_hd__dfxtp_2)
     2    0.035723    0.091351    0.408891    0.408891 v _2964_/Q (sky130_fd_sc_hd__dfxtp_2)
                                                         s_rdata[5] (net)
                      0.091351    0.000000    0.408891 v s_rdata[5] (out)
                                              0.408891   data arrival time

                      0.150000    0.000000    0.000000   clock clk (rise edge)
                                  0.000000    0.000000   clock network delay (ideal)
                                  0.250000    0.250000   clock uncertainty
                                  0.000000    0.250000   clock reconvergence pessimism
                                 -2.000000   -1.750000   output external delay
                                             -1.750000   data required time
---------------------------------------------------------------------------------------------
                                             -1.750000   data required time
                                             -0.408891   data arrival time
---------------------------------------------------------------------------------------------
                                              2.158891   slack (MET)


Startpoint: _2965_ (rising edge-triggered flip-flop clocked by clk)
Endpoint: s_rdata[6] (output port clocked by clk)
Path Group: clk
Path Type: min

Fanout         Cap        Slew       Delay        Time   Description
---------------------------------------------------------------------------------------------
                      0.150000    0.000000    0.000000   clock clk (rise edge)
                                  0.000000    0.000000   clock network delay (ideal)
                      0.150000    0.000000    0.000000 ^ _2965_/CLK (sky130_fd_sc_hd__dfxtp_2)
     2    0.035723    0.091351    0.408891    0.408891 v _2965_/Q (sky130_fd_sc_hd__dfxtp_2)
                                                         s_rdata[6] (net)
                      0.091351    0.000000    0.408891 v s_rdata[6] (out)
                                              0.408891   data arrival time

                      0.150000    0.000000    0.000000   clock clk (rise edge)
                                  0.000000    0.000000   clock network delay (ideal)
                                  0.250000    0.250000   clock uncertainty
                                  0.000000    0.250000   clock reconvergence pessimism
                                 -2.000000   -1.750000   output external delay
                                             -1.750000   data required time
---------------------------------------------------------------------------------------------
                                             -1.750000   data required time
                                             -0.408891   data arrival time
---------------------------------------------------------------------------------------------
                                              2.158891   slack (MET)


Startpoint: _2958_ (rising edge-triggered flip-flop clocked by clk)
Endpoint: s_rvalid (output port clocked by clk)
Path Group: clk
Path Type: min

Fanout         Cap        Slew       Delay        Time   Description
---------------------------------------------------------------------------------------------
                      0.150000    0.000000    0.000000   clock clk (rise edge)
                                  0.000000    0.000000   clock network delay (ideal)
                      0.150000    0.000000    0.000000 ^ _2958_/CLK (sky130_fd_sc_hd__dfxtp_2)
     4    0.038484    0.097121    0.413482    0.413482 v _2958_/Q (sky130_fd_sc_hd__dfxtp_2)
                                                         s_rvalid (net)
                      0.097121    0.000000    0.413482 v s_rvalid (out)
                                              0.413482   data arrival time

                      0.150000    0.000000    0.000000   clock clk (rise edge)
                                  0.000000    0.000000   clock network delay (ideal)
                                  0.250000    0.250000   clock uncertainty
                                  0.000000    0.250000   clock reconvergence pessimism
                                 -2.000000   -1.750000   output external delay
                                             -1.750000   data required time
---------------------------------------------------------------------------------------------
                                             -1.750000   data required time
                                             -0.413482   data arrival time
---------------------------------------------------------------------------------------------
                                              2.163482   slack (MET)


Startpoint: _2994_ (rising edge-triggered flip-flop clocked by clk)
Endpoint: s_bvalid (output port clocked by clk)
Path Group: clk
Path Type: min

Fanout         Cap        Slew       Delay        Time   Description
---------------------------------------------------------------------------------------------
                      0.150000    0.000000    0.000000   clock clk (rise edge)
                                  0.000000    0.000000   clock network delay (ideal)
                      0.150000    0.000000    0.000000 ^ _2994_/CLK (sky130_fd_sc_hd__dfxtp_2)
     3    0.039891    0.100066    0.415812    0.415812 v _2994_/Q (sky130_fd_sc_hd__dfxtp_2)
                                                         s_bvalid (net)
                      0.100066    0.000000    0.415812 v s_bvalid (out)
                                              0.415812   data arrival time

                      0.150000    0.000000    0.000000   clock clk (rise edge)
                                  0.000000    0.000000   clock network delay (ideal)
                                  0.250000    0.250000   clock uncertainty
                                  0.000000    0.250000   clock reconvergence pessimism
                                 -2.000000   -1.750000   output external delay
                                             -1.750000   data required time
---------------------------------------------------------------------------------------------
                                             -1.750000   data required time
                                             -0.415812   data arrival time
---------------------------------------------------------------------------------------------
                                              2.165812   slack (MET)


Startpoint: _2957_ (rising edge-triggered flip-flop clocked by clk)
Endpoint: s_arready (output port clocked by clk)
Path Group: clk
Path Type: min

Fanout         Cap        Slew       Delay        Time   Description
---------------------------------------------------------------------------------------------
                      0.150000    0.000000    0.000000   clock clk (rise edge)
                                  0.000000    0.000000   clock network delay (ideal)
                      0.150000    0.000000    0.000000 ^ _2957_/CLK (sky130_fd_sc_hd__dfxtp_2)
     5    0.043688    0.108011    0.422097    0.422097 v _2957_/Q (sky130_fd_sc_hd__dfxtp_2)
                                                         s_arready (net)
                      0.108011    0.000000    0.422097 v s_arready (out)
                                              0.422097   data arrival time

                      0.150000    0.000000    0.000000   clock clk (rise edge)
                                  0.000000    0.000000   clock network delay (ideal)
                                  0.250000    0.250000   clock uncertainty
                                  0.000000    0.250000   clock reconvergence pessimism
                                 -2.000000   -1.750000   output external delay
                                             -1.750000   data required time
---------------------------------------------------------------------------------------------
                                             -1.750000   data required time
                                             -0.422097   data arrival time
---------------------------------------------------------------------------------------------
                                              2.172097   slack (MET)


Startpoint: _2992_ (rising edge-triggered flip-flop clocked by clk)
Endpoint: s_awready (output port clocked by clk)
Path Group: clk
Path Type: min

Fanout         Cap        Slew       Delay        Time   Description
---------------------------------------------------------------------------------------------
                      0.150000    0.000000    0.000000   clock clk (rise edge)
                                  0.000000    0.000000   clock network delay (ideal)
                      0.150000    0.000000    0.000000 ^ _2992_/CLK (sky130_fd_sc_hd__dfxtp_2)
     6    0.044092    0.108857    0.422766    0.422766 v _2992_/Q (sky130_fd_sc_hd__dfxtp_2)
                                                         s_awready (net)
                      0.108857    0.000000    0.422766 v s_awready (out)
                                              0.422766   data arrival time

                      0.150000    0.000000    0.000000   clock clk (rise edge)
                                  0.000000    0.000000   clock network delay (ideal)
                                  0.250000    0.250000   clock uncertainty
                                  0.000000    0.250000   clock reconvergence pessimism
                                 -2.000000   -1.750000   output external delay
                                             -1.750000   data required time
---------------------------------------------------------------------------------------------
                                             -1.750000   data required time
                                             -0.422766   data arrival time
---------------------------------------------------------------------------------------------
                                              2.172766   slack (MET)


Startpoint: _2993_ (rising edge-triggered flip-flop clocked by clk)
Endpoint: s_wready (output port clocked by clk)
Path Group: clk
Path Type: min

Fanout         Cap        Slew       Delay        Time   Description
---------------------------------------------------------------------------------------------
                      0.150000    0.000000    0.000000   clock clk (rise edge)
                                  0.000000    0.000000   clock network delay (ideal)
                      0.150000    0.000000    0.000000 ^ _2993_/CLK (sky130_fd_sc_hd__dfxtp_2)
     4    0.044360    0.109417    0.423210    0.423210 v _2993_/Q (sky130_fd_sc_hd__dfxtp_2)
                                                         s_wready (net)
                      0.109417    0.000000    0.423210 v s_wready (out)
                                              0.423210   data arrival time

                      0.150000    0.000000    0.000000   clock clk (rise edge)
                                  0.000000    0.000000   clock network delay (ideal)
                                  0.250000    0.250000   clock uncertainty
                                  0.000000    0.250000   clock reconvergence pessimism
                                 -2.000000   -1.750000   output external delay
                                             -1.750000   data required time
---------------------------------------------------------------------------------------------
                                             -1.750000   data required time
                                             -0.423210   data arrival time
---------------------------------------------------------------------------------------------
                                              2.173209   slack (MET)



