Instance,Terminal,Layer,X location,Y location,Voltage
FILLER_117_697,VPWR,li1,326.8300,329.1200,1.799266
FILLER_117_685,VPWR,li1,323.3800,329.1200,1.799266
FILLER_117_673,VPWR,li1,317.8600,329.1200,1.799266
FILLER_117_669,VPWR,li1,313.9500,329.1200,1.799266
FILLER_117_657,VPWR,li1,310.5000,329.1200,1.799266
FILLER_117_645,VPWR,li1,304.9800,329.1200,1.799266
FILLER_117_641,VPWR,li1,301.0700,329.1200,1.799266
FILLER_117_629,VPWR,li1,297.6200,329.1200,1.799266
FILLER_117_617,VPWR,li1,292.1000,329.1200,1.799266
FILLER_117_613,VPWR,li1,288.1900,329.1200,1.799266
FILLER_117_601,VPWR,li1,284.7400,329.1200,1.799266
FILLER_117_589,VPWR,li1,279.2200,329.1200,1.799266
FILLER_117_585,VPWR,li1,275.3100,329.1200,1.799266
FILLER_117_573,VPWR,li1,271.8600,329.1200,1.799266
FILLER_117_561,VPWR,li1,266.3400,329.1200,1.799266
FILLER_117_554,VPWR,li1,261.7400,329.1200,1.799266
FILLER_117_533,VPWR,li1,250.9300,329.1200,1.799298
FILLER_117_520,VPWR,li1,245.4100,329.1200,1.799332
FILLER_117_505,VPWR,li1,239.2000,329.1200,1.799357
FILLER_117_502,VPWR,li1,236.9000,329.1200,1.799369
FILLER_117_490,VPWR,li1,233.6800,329.1200,1.799390
FILLER_117_483,VPWR,li1,228.3900,329.1200,1.799429
FILLER_117_477,VPWR,li1,225.4000,329.1200,1.799442
FILLER_117_469,VPWR,li1,221.9500,329.1200,1.799470
FILLER_117_462,VPWR,li1,218.7300,329.1200,1.799488
FILLER_117_455,VPWR,li1,215.5100,329.1200,1.799502
FILLER_117_449,VPWR,li1,212.5200,329.1200,1.799523
FILLER_117_441,VPWR,li1,209.0700,329.1200,1.799560
FILLER_117_434,VPWR,li1,205.8500,329.1200,1.799585
FILLER_117_429,VPWR,li1,203.0900,329.1200,1.799602
FILLER_117_399,VPWR,li1,189.2900,329.1200,1.799720
FILLER_117_393,VPWR,li1,186.7600,329.1200,1.799740
FILLER_117_385,VPWR,li1,183.3100,329.1200,1.799765
FILLER_117_378,VPWR,li1,180.0900,329.1200,1.799797
FILLER_117_373,VPWR,li1,177.3300,329.1200,1.799827
FILLER_117_365,VPWR,li1,175.2600,329.1200,1.799846
FILLER_117_352,VPWR,li1,169.2800,329.1200,1.799812
FILLER_117_329,VPWR,li1,157.5500,329.1200,1.799779
FILLER_117_321,VPWR,li1,154.1000,329.1200,1.799776
FILLER_117_309,VPWR,li1,150.4200,329.1200,1.799774
FILLER_117_307,VPWR,li1,146.9700,329.1200,1.799771
FILLER_117_301,VPWR,li1,145.3600,329.1200,1.799771
FILLER_117_294,VPWR,li1,141.4500,329.1200,1.799769
FILLER_117_287,VPWR,li1,138.2300,329.1200,1.799767
FILLER_117_281,VPWR,li1,135.2400,329.1200,1.799766
FILLER_117_279,VPWR,li1,134.0900,329.1200,1.799765
FILLER_117_273,VPWR,li1,132.4800,329.1200,1.799765
FILLER_117_245,VPWR,li1,118.9100,329.1200,1.799761
FILLER_117_238,VPWR,li1,115.6900,329.1200,1.799762
FILLER_117_231,VPWR,li1,112.4700,329.1200,1.799764
FILLER_117_225,VPWR,li1,109.4800,329.1200,1.799766
FILLER_117_217,VPWR,li1,106.0300,329.1200,1.799770
FILLER_117_210,VPWR,li1,102.8100,329.1200,1.799772
FILLER_117_205,VPWR,li1,100.0500,329.1200,1.799775
FILLER_117_197,VPWR,li1,97.9800,329.1200,1.799778
FILLER_117_190,VPWR,li1,93.3800,329.1200,1.799783
FILLER_117_182,VPWR,li1,91.0800,329.1200,1.799786
FILLER_117_159,VPWR,li1,78.8900,329.1200,1.799809
FILLER_117_147,VPWR,li1,75.9000,329.1200,1.799817
FILLER_117_141,VPWR,li1,70.8400,329.1200,1.799832
FILLER_117_137,VPWR,li1,69.2300,329.1200,1.799832
FILLER_117_125,VPWR,li1,65.7800,329.1200,1.799840
FILLER_117_113,VPWR,li1,60.2600,329.1200,1.799856
FILLER_117_109,VPWR,li1,56.3500,329.1200,1.799868
FILLER_117_97,VPWR,li1,52.9000,329.1200,1.799878
FILLER_117_85,VPWR,li1,47.3800,329.1200,1.799894
FILLER_117_81,VPWR,li1,43.4700,329.1200,1.799909
FILLER_117_69,VPWR,li1,40.0200,329.1200,1.799916
FILLER_117_57,VPWR,li1,34.5000,329.1200,1.799932
FILLER_117_53,VPWR,li1,30.5900,329.1200,1.799944
FILLER_117_41,VPWR,li1,27.1400,329.1200,1.799954
FILLER_117_29,VPWR,li1,21.6200,329.1200,1.799970
FILLER_117_27,VPWR,li1,18.1700,329.1200,1.799970
FILLER_117_15,VPWR,li1,15.1800,329.1200,1.799970
FILLER_117_3,VPWR,li1,9.6600,329.1200,1.799970
FILLER_116_699,VPWR,li1,327.2900,329.1200,1.799266
FILLER_116_693,VPWR,li1,325.6800,329.1200,1.799266
FILLER_116_681,VPWR,li1,321.5400,329.1200,1.799266
FILLER_116_669,VPWR,li1,316.0200,329.1200,1.799266
FILLER_116_657,VPWR,li1,310.5000,329.1200,1.799266
FILLER_116_645,VPWR,li1,304.9800,329.1200,1.799266
FILLER_116_643,VPWR,li1,301.5300,329.1200,1.799266
FILLER_116_637,VPWR,li1,299.9200,329.1200,1.799266
FILLER_116_625,VPWR,li1,295.7800,329.1200,1.799266
FILLER_116_613,VPWR,li1,290.2600,329.1200,1.799266
FILLER_116_601,VPWR,li1,284.7400,329.1200,1.799266
FILLER_116_589,VPWR,li1,279.2200,329.1200,1.799266
FILLER_116_584,VPWR,li1,275.0800,329.1200,1.799266
FILLER_116_572,VPWR,li1,271.4000,329.1200,1.799266
FILLER_116_560,VPWR,li1,265.8800,329.1200,1.799266
FILLER_116_530,VPWR,li1,249.7800,329.1200,1.799307
FILLER_116_497,VPWR,li1,234.3700,329.1200,1.799390
FILLER_116_493,VPWR,li1,233.2200,329.1200,1.799390
FILLER_116_475,VPWR,li1,224.2500,329.1200,1.799455
FILLER_116_469,VPWR,li1,222.6400,329.1200,1.799455
FILLER_116_417,VPWR,li1,198.0300,329.1200,1.799634
FILLER_116_362,VPWR,li1,172.5000,329.1200,1.799830
FILLER_116_345,VPWR,li1,164.4500,329.1200,1.799789
FILLER_116_309,VPWR,li1,148.5800,329.1200,1.799773
FILLER_116_300,VPWR,li1,145.3600,329.1200,1.799771
FILLER_116_265,VPWR,li1,128.1100,329.1200,1.799762
FILLER_116_253,VPWR,li1,124.6600,329.1200,1.799761
FILLER_116_249,VPWR,li1,120.7500,329.1200,1.799761
FILLER_116_232,VPWR,li1,112.4700,329.1200,1.799764
FILLER_116_228,VPWR,li1,111.3200,329.1200,1.799764
FILLER_116_210,VPWR,li1,102.5800,329.1200,1.799772
FILLER_116_155,VPWR,li1,77.0500,329.1200,1.799817
FILLER_116_141,VPWR,li1,70.6100,329.1200,1.799832
FILLER_116_121,VPWR,li1,61.8700,329.1200,1.799856
FILLER_116_109,VPWR,li1,58.4200,329.1200,1.799862
FILLER_116_97,VPWR,li1,52.9000,329.1200,1.799878
FILLER_116_85,VPWR,li1,47.3800,329.1200,1.799894
FILLER_116_83,VPWR,li1,43.9300,329.1200,1.799909
FILLER_116_77,VPWR,li1,42.3200,329.1200,1.799909
FILLER_116_65,VPWR,li1,38.1800,329.1200,1.799922
FILLER_116_53,VPWR,li1,32.6600,329.1200,1.799938
FILLER_116_41,VPWR,li1,27.1400,329.1200,1.799954
FILLER_116_29,VPWR,li1,21.6200,329.1200,1.799970
FILLER_116_27,VPWR,li1,18.1700,329.1200,1.799970
FILLER_116_15,VPWR,li1,15.1800,329.1200,1.799970
FILLER_116_3,VPWR,li1,9.6600,329.1200,1.799970
FILLER_115_697,VPWR,li1,326.8300,323.6800,1.799532
FILLER_115_685,VPWR,li1,323.3800,323.6800,1.799532
FILLER_115_673,VPWR,li1,317.8600,323.6800,1.799532
FILLER_115_671,VPWR,li1,314.4100,323.6800,1.799532
FILLER_115_665,VPWR,li1,312.8000,323.6800,1.799532
FILLER_115_653,VPWR,li1,308.6600,323.6800,1.799532
FILLER_115_641,VPWR,li1,303.1400,323.6800,1.799532
FILLER_115_629,VPWR,li1,297.6200,323.6800,1.799532
FILLER_115_617,VPWR,li1,292.1000,323.6800,1.799532
FILLER_115_615,VPWR,li1,288.6500,323.6800,1.799532
FILLER_115_609,VPWR,li1,287.0400,323.6800,1.799532
FILLER_115_597,VPWR,li1,282.9000,323.6800,1.799532
FILLER_115_585,VPWR,li1,277.3800,323.6800,1.799532
FILLER_115_573,VPWR,li1,271.8600,323.6800,1.799532
FILLER_115_561,VPWR,li1,266.3400,323.6800,1.799532
FILLER_115_558,VPWR,li1,262.6600,323.6800,1.799532
FILLER_115_550,VPWR,li1,260.3600,323.6800,1.799532
FILLER_115_520,VPWR,li1,246.1000,323.6800,1.799536
FILLER_115_503,VPWR,li1,237.1300,323.6800,1.799542
FILLER_115_497,VPWR,li1,235.5200,323.6800,1.799545
FILLER_115_485,VPWR,li1,231.3800,323.6800,1.799550
FILLER_115_449,VPWR,li1,212.9800,323.6800,1.799581
FILLER_115_445,VPWR,li1,210.9100,323.6800,1.799585
FILLER_115_421,VPWR,li1,199.8700,323.6800,1.799639
FILLER_115_409,VPWR,li1,196.4200,323.6800,1.799654
FILLER_115_389,VPWR,li1,185.1500,323.6800,1.799741
FILLER_115_381,VPWR,li1,182.6200,323.6800,1.799771
FILLER_115_362,VPWR,li1,172.7300,323.6800,1.799792
FILLER_115_350,VPWR,li1,169.2800,323.6800,1.799777
FILLER_115_335,VPWR,li1,159.8500,323.6800,1.799703
FILLER_115_324,VPWR,li1,155.2500,323.6800,1.799669
FILLER_115_302,VPWR,li1,145.8200,323.6800,1.799605
FILLER_115_293,VPWR,li1,140.5300,323.6800,1.799562
FILLER_115_261,VPWR,li1,126.2700,323.6800,1.799517
FILLER_115_254,VPWR,li1,122.8200,323.6800,1.799505
FILLER_115_246,VPWR,li1,120.5200,323.6800,1.799500
FILLER_115_229,VPWR,li1,111.0900,323.6800,1.799484
FILLER_115_225,VPWR,li1,109.9400,323.6800,1.799481
FILLER_115_169,VPWR,li1,84.1800,323.6800,1.799542
FILLER_115_166,VPWR,li1,82.3400,323.6800,1.799550
FILLER_115_143,VPWR,li1,71.7600,323.6800,1.799611
FILLER_115_113,VPWR,li1,57.7300,323.6800,1.799687
FILLER_115_111,VPWR,li1,56.8100,323.6800,1.799701
FILLER_115_105,VPWR,li1,55.2000,323.6800,1.799701
FILLER_115_93,VPWR,li1,51.0600,323.6800,1.799732
FILLER_115_81,VPWR,li1,45.5400,323.6800,1.799774
FILLER_115_69,VPWR,li1,40.0200,323.6800,1.799803
FILLER_115_57,VPWR,li1,34.5000,323.6800,1.799840
FILLER_115_55,VPWR,li1,31.0500,323.6800,1.799871
FILLER_115_51,VPWR,li1,29.9000,323.6800,1.799871
FILLER_115_39,VPWR,li1,26.2200,323.6800,1.799896
FILLER_115_27,VPWR,li1,20.7000,323.6800,1.799933
FILLER_115_15,VPWR,li1,15.1800,323.6800,1.799933
FILLER_115_3,VPWR,li1,9.6600,323.6800,1.799933
FILLER_114_699,VPWR,li1,327.2900,323.6800,1.799532
FILLER_114_693,VPWR,li1,325.6800,323.6800,1.799532
FILLER_114_681,VPWR,li1,321.5400,323.6800,1.799532
FILLER_114_669,VPWR,li1,316.0200,323.6800,1.799532
FILLER_114_657,VPWR,li1,310.5000,323.6800,1.799532
FILLER_114_645,VPWR,li1,304.9800,323.6800,1.799532
FILLER_114_643,VPWR,li1,301.5300,323.6800,1.799532
FILLER_114_637,VPWR,li1,299.9200,323.6800,1.799532
FILLER_114_625,VPWR,li1,295.7800,323.6800,1.799532
FILLER_114_613,VPWR,li1,290.2600,323.6800,1.799532
FILLER_114_601,VPWR,li1,284.7400,323.6800,1.799532
FILLER_114_589,VPWR,li1,279.2200,323.6800,1.799532
FILLER_114_576,VPWR,li1,273.2400,323.6800,1.799532
FILLER_114_564,VPWR,li1,267.7200,323.6800,1.799532
FILLER_114_552,VPWR,li1,262.2000,323.6800,1.799532
FILLER_114_540,VPWR,li1,256.6800,323.6800,1.799532
FILLER_114_531,VPWR,li1,250.0100,323.6800,1.799534
FILLER_114_527,VPWR,li1,248.8600,323.6800,1.799534
FILLER_114_515,VPWR,li1,245.1800,323.6800,1.799536
FILLER_114_503,VPWR,li1,237.3600,323.6800,1.799542
FILLER_114_495,VPWR,li1,235.0600,323.6800,1.799545
FILLER_114_483,VPWR,li1,230.4600,323.6800,1.799550
FILLER_114_473,VPWR,li1,223.7900,323.6800,1.799557
FILLER_114_467,VPWR,li1,220.5700,323.6800,1.799565
FILLER_114_459,VPWR,li1,217.3500,323.6800,1.799568
FILLER_114_451,VPWR,li1,214.8200,323.6800,1.799574
FILLER_114_443,VPWR,li1,209.9900,323.6800,1.799585
FILLER_114_421,VPWR,li1,200.5600,323.6800,1.799624
FILLER_114_419,VPWR,li1,198.4900,323.6800,1.799639
FILLER_114_401,VPWR,li1,190.4400,323.6800,1.799702
FILLER_114_381,VPWR,li1,181.7000,323.6800,1.799771
FILLER_114_365,VPWR,li1,174.1100,323.6800,1.799808
FILLER_114_363,VPWR,li1,172.7300,323.6800,1.799792
FILLER_114_357,VPWR,li1,171.1200,323.6800,1.799792
FILLER_114_345,VPWR,li1,166.9800,323.6800,1.799759
FILLER_114_333,VPWR,li1,161.4600,323.6800,1.799703
FILLER_114_309,VPWR,li1,148.3500,323.6800,1.799621
FILLER_114_304,VPWR,li1,146.2800,323.6800,1.799605
FILLER_114_292,VPWR,li1,142.6000,323.6800,1.799584
FILLER_114_273,VPWR,li1,132.9400,323.6800,1.799534
FILLER_114_261,VPWR,li1,126.5000,323.6800,1.799517
FILLER_114_251,VPWR,li1,121.2100,323.6800,1.799505
FILLER_114_243,VPWR,li1,119.1400,323.6800,1.799500
FILLER_114_202,VPWR,li1,98.6700,323.6800,1.799493
FILLER_114_184,VPWR,li1,91.0800,323.6800,1.799518
FILLER_114_162,VPWR,li1,80.5000,323.6800,1.799559
FILLER_114_145,VPWR,li1,72.4500,323.6800,1.799598
FILLER_114_141,VPWR,li1,71.3000,323.6800,1.799611
FILLER_114_131,VPWR,li1,66.0100,323.6800,1.799634
FILLER_114_123,VPWR,li1,63.9400,323.6800,1.799654
FILLER_114_97,VPWR,li1,50.6000,323.6800,1.799732
FILLER_114_85,VPWR,li1,47.3800,323.6800,1.799754
FILLER_114_83,VPWR,li1,43.9300,323.6800,1.799788
FILLER_114_77,VPWR,li1,42.3200,323.6800,1.799788
FILLER_114_65,VPWR,li1,38.1800,323.6800,1.799816
FILLER_114_53,VPWR,li1,32.6600,323.6800,1.799853
FILLER_114_41,VPWR,li1,27.1400,323.6800,1.799896
FILLER_114_29,VPWR,li1,21.6200,323.6800,1.799933
FILLER_114_27,VPWR,li1,18.1700,323.6800,1.799933
FILLER_114_15,VPWR,li1,15.1800,323.6800,1.799933
FILLER_114_3,VPWR,li1,9.6600,323.6800,1.799933
FILLER_113_697,VPWR,li1,326.8300,318.2400,1.799386
FILLER_113_685,VPWR,li1,323.3800,318.2400,1.799386
FILLER_113_673,VPWR,li1,317.8600,318.2400,1.799386
FILLER_113_671,VPWR,li1,314.4100,318.2400,1.799386
FILLER_113_665,VPWR,li1,312.8000,318.2400,1.799386
FILLER_113_653,VPWR,li1,308.6600,318.2400,1.799386
FILLER_113_641,VPWR,li1,303.1400,318.2400,1.799386
FILLER_113_629,VPWR,li1,297.6200,318.2400,1.799386
FILLER_113_617,VPWR,li1,292.1000,318.2400,1.799386
FILLER_113_615,VPWR,li1,288.6500,318.2400,1.799386
FILLER_113_609,VPWR,li1,287.0400,318.2400,1.799386
FILLER_113_597,VPWR,li1,282.9000,318.2400,1.799386
FILLER_113_585,VPWR,li1,277.3800,318.2400,1.799386
FILLER_113_573,VPWR,li1,271.8600,318.2400,1.799386
FILLER_113_561,VPWR,li1,266.3400,318.2400,1.799386
FILLER_113_554,VPWR,li1,261.7400,318.2400,1.799386
FILLER_113_548,VPWR,li1,258.2900,318.2400,1.799387
FILLER_113_540,VPWR,li1,255.7600,318.2400,1.799388
FILLER_113_528,VPWR,li1,251.1600,318.2400,1.799391
FILLER_113_490,VPWR,li1,232.7600,318.2400,1.799441
FILLER_113_473,VPWR,li1,224.0200,318.2400,1.799500
FILLER_113_446,VPWR,li1,211.1400,318.2400,1.799584
FILLER_113_424,VPWR,li1,201.9400,318.2400,1.799650
FILLER_113_412,VPWR,li1,197.8000,318.2400,1.799684
FILLER_113_406,VPWR,li1,192.5100,318.2400,1.799730
FILLER_113_398,VPWR,li1,190.4400,318.2400,1.799750
FILLER_113_390,VPWR,li1,185.3800,318.2400,1.799794
FILLER_113_382,VPWR,li1,183.0800,318.2400,1.799814
FILLER_113_357,VPWR,li1,170.2000,318.2400,1.799868
FILLER_113_349,VPWR,li1,167.9000,318.2400,1.799859
FILLER_113_337,VPWR,li1,163.3000,318.2400,1.799849
FILLER_113_330,VPWR,li1,158.7000,318.2400,1.799836
FILLER_113_318,VPWR,li1,154.5600,318.2400,1.799825
FILLER_113_305,VPWR,li1,146.2800,318.2400,1.799802
FILLER_113_297,VPWR,li1,143.9800,318.2400,1.799795
FILLER_113_278,VPWR,li1,133.8600,318.2400,1.799770
FILLER_113_270,VPWR,li1,131.5600,318.2400,1.799764
FILLER_113_252,VPWR,li1,121.9000,318.2400,1.799745
FILLER_113_230,VPWR,li1,112.7000,318.2400,1.799732
FILLER_113_221,VPWR,li1,107.8700,318.2400,1.799726
FILLER_113_193,VPWR,li1,95.2200,318.2400,1.799722
FILLER_113_138,VPWR,li1,69.2300,318.2400,1.799759
FILLER_113_125,VPWR,li1,64.8600,318.2400,1.799775
FILLER_113_113,VPWR,li1,60.2600,318.2400,1.799791
FILLER_113_110,VPWR,li1,56.5800,318.2400,1.799813
FILLER_113_93,VPWR,li1,51.0600,318.2400,1.799830
FILLER_113_81,VPWR,li1,45.5400,318.2400,1.799858
FILLER_113_69,VPWR,li1,40.0200,318.2400,1.799876
FILLER_113_57,VPWR,li1,34.5000,318.2400,1.799899
FILLER_113_55,VPWR,li1,31.0500,318.2400,1.799919
FILLER_113_51,VPWR,li1,29.9000,318.2400,1.799919
FILLER_113_39,VPWR,li1,26.2200,318.2400,1.799934
FILLER_113_27,VPWR,li1,20.7000,318.2400,1.799958
FILLER_113_15,VPWR,li1,15.1800,318.2400,1.799958
FILLER_113_3,VPWR,li1,9.6600,318.2400,1.799958
FILLER_112_699,VPWR,li1,327.2900,318.2400,1.799386
FILLER_112_693,VPWR,li1,325.6800,318.2400,1.799386
FILLER_112_681,VPWR,li1,321.5400,318.2400,1.799386
FILLER_112_669,VPWR,li1,316.0200,318.2400,1.799386
FILLER_112_657,VPWR,li1,310.5000,318.2400,1.799386
FILLER_112_645,VPWR,li1,304.9800,318.2400,1.799386
FILLER_112_643,VPWR,li1,301.5300,318.2400,1.799386
FILLER_112_637,VPWR,li1,299.9200,318.2400,1.799386
FILLER_112_625,VPWR,li1,295.7800,318.2400,1.799386
FILLER_112_613,VPWR,li1,290.2600,318.2400,1.799386
FILLER_112_601,VPWR,li1,284.7400,318.2400,1.799386
FILLER_112_589,VPWR,li1,279.2200,318.2400,1.799386
FILLER_112_586,VPWR,li1,275.5400,318.2400,1.799386
FILLER_112_574,VPWR,li1,272.3200,318.2400,1.799386
FILLER_112_562,VPWR,li1,266.8000,318.2400,1.799386
FILLER_112_541,VPWR,li1,254.6100,318.2400,1.799389
FILLER_112_530,VPWR,li1,249.7800,318.2400,1.799391
FILLER_112_501,VPWR,li1,236.4400,318.2400,1.799427
FILLER_112_477,VPWR,li1,225.8600,318.2400,1.799482
FILLER_112_470,VPWR,li1,223.1000,318.2400,1.799500
FILLER_112_457,VPWR,li1,217.1200,318.2400,1.799539
FILLER_112_442,VPWR,li1,210.6800,318.2400,1.799584
FILLER_112_419,VPWR,li1,198.4900,318.2400,1.799684
FILLER_112_400,VPWR,li1,190.2100,318.2400,1.799750
FILLER_112_391,VPWR,li1,185.8400,318.2400,1.799794
FILLER_112_377,VPWR,li1,179.1700,318.2400,1.799849
FILLER_112_369,VPWR,li1,175.4900,318.2400,1.799883
FILLER_112_365,VPWR,li1,174.3400,318.2400,1.799875
FILLER_112_363,VPWR,li1,172.7300,318.2400,1.799875
FILLER_112_357,VPWR,li1,171.1200,318.2400,1.799868
FILLER_112_345,VPWR,li1,166.9800,318.2400,1.799859
FILLER_112_333,VPWR,li1,161.4600,318.2400,1.799844
FILLER_112_321,VPWR,li1,155.9400,318.2400,1.799825
FILLER_112_309,VPWR,li1,150.4200,318.2400,1.799812
FILLER_112_300,VPWR,li1,145.3600,318.2400,1.799795
FILLER_112_288,VPWR,li1,140.7600,318.2400,1.799786
FILLER_112_279,VPWR,li1,134.0900,318.2400,1.799770
FILLER_112_267,VPWR,li1,131.1000,318.2400,1.799764
FILLER_112_253,VPWR,li1,122.5900,318.2400,1.799745
FILLER_112_251,VPWR,li1,121.2100,318.2400,1.799742
FILLER_112_245,VPWR,li1,119.6000,318.2400,1.799742
FILLER_112_225,VPWR,li1,111.7800,318.2400,1.799732
FILLER_112_213,VPWR,li1,106.2600,318.2400,1.799726
FILLER_112_186,VPWR,li1,91.5400,318.2400,1.799723
FILLER_112_172,VPWR,li1,85.3300,318.2400,1.799726
FILLER_112_159,VPWR,li1,79.3500,318.2400,1.799731
FILLER_112_151,VPWR,li1,76.8200,318.2400,1.799732
FILLER_112_141,VPWR,li1,71.0700,318.2400,1.799751
FILLER_112_139,VPWR,li1,69.6900,318.2400,1.799751
FILLER_112_133,VPWR,li1,68.0800,318.2400,1.799759
FILLER_112_121,VPWR,li1,63.9400,318.2400,1.799775
FILLER_112_109,VPWR,li1,58.4200,318.2400,1.799803
FILLER_112_97,VPWR,li1,52.9000,318.2400,1.799822
FILLER_112_85,VPWR,li1,47.3800,318.2400,1.799845
FILLER_112_83,VPWR,li1,43.9300,318.2400,1.799866
FILLER_112_77,VPWR,li1,42.3200,318.2400,1.799866
FILLER_112_65,VPWR,li1,38.1800,318.2400,1.799884
FILLER_112_53,VPWR,li1,32.6600,318.2400,1.799907
FILLER_112_41,VPWR,li1,27.1400,318.2400,1.799934
FILLER_112_29,VPWR,li1,21.6200,318.2400,1.799958
FILLER_112_27,VPWR,li1,18.1700,318.2400,1.799958
FILLER_112_15,VPWR,li1,15.1800,318.2400,1.799958
FILLER_112_3,VPWR,li1,9.6600,318.2400,1.799958
FILLER_111_697,VPWR,li1,326.8300,312.8000,1.799731
FILLER_111_685,VPWR,li1,323.3800,312.8000,1.799731
FILLER_111_673,VPWR,li1,317.8600,312.8000,1.799731
FILLER_111_671,VPWR,li1,314.4100,312.8000,1.799731
FILLER_111_665,VPWR,li1,312.8000,312.8000,1.799731
FILLER_111_653,VPWR,li1,308.6600,312.8000,1.799732
FILLER_111_641,VPWR,li1,303.1400,312.8000,1.799732
FILLER_111_629,VPWR,li1,297.6200,312.8000,1.799732
FILLER_111_617,VPWR,li1,292.1000,312.8000,1.799732
FILLER_111_615,VPWR,li1,288.6500,312.8000,1.799732
FILLER_111_609,VPWR,li1,287.0400,312.8000,1.799732
FILLER_111_597,VPWR,li1,282.9000,312.8000,1.799732
FILLER_111_585,VPWR,li1,276.0000,312.8000,1.799733
FILLER_111_573,VPWR,li1,271.8600,312.8000,1.799736
FILLER_111_561,VPWR,li1,266.3400,312.8000,1.799740
FILLER_111_552,VPWR,li1,261.2800,312.8000,1.799744
FILLER_111_547,VPWR,li1,257.6000,312.8000,1.799747
FILLER_111_538,VPWR,li1,253.4600,312.8000,1.799752
FILLER_111_530,VPWR,li1,251.1600,312.8000,1.799755
FILLER_111_517,VPWR,li1,244.7200,312.8000,1.799764
FILLER_111_505,VPWR,li1,240.5800,312.8000,1.799769
FILLER_111_501,VPWR,li1,236.6700,312.8000,1.799778
FILLER_111_490,VPWR,li1,232.7600,312.8000,1.799783
FILLER_111_482,VPWR,li1,227.7000,312.8000,1.799795
FILLER_111_473,VPWR,li1,223.5600,312.8000,1.799801
FILLER_111_465,VPWR,li1,219.6500,312.8000,1.799810
FILLER_111_447,VPWR,li1,211.3700,312.8000,1.799833
FILLER_111_441,VPWR,li1,209.7600,312.8000,1.799843
FILLER_111_425,VPWR,li1,201.2500,312.8000,1.799865
FILLER_111_421,VPWR,li1,200.1000,312.8000,1.799871
FILLER_111_405,VPWR,li1,192.0500,312.8000,1.799896
FILLER_111_401,VPWR,li1,190.9000,312.8000,1.799896
FILLER_111_391,VPWR,li1,185.6100,312.8000,1.799912
FILLER_111_383,VPWR,li1,183.5400,312.8000,1.799919
FILLER_111_361,VPWR,li1,172.9600,312.8000,1.799945
FILLER_111_349,VPWR,li1,168.8200,312.8000,1.799938
FILLER_111_337,VPWR,li1,163.3000,312.8000,1.799930
FILLER_111_332,VPWR,li1,159.1600,312.8000,1.799924
FILLER_111_320,VPWR,li1,155.4800,312.8000,1.799918
FILLER_111_308,VPWR,li1,149.9600,312.8000,1.799910
FILLER_111_296,VPWR,li1,144.4400,312.8000,1.799901
FILLER_111_284,VPWR,li1,138.9200,312.8000,1.799893
FILLER_111_277,VPWR,li1,133.6300,312.8000,1.799885
FILLER_111_265,VPWR,li1,130.1800,312.8000,1.799880
FILLER_111_253,VPWR,li1,124.6600,312.8000,1.799871
FILLER_111_241,VPWR,li1,119.1400,312.8000,1.799862
FILLER_111_210,VPWR,li1,102.3500,312.8000,1.799847
FILLER_111_198,VPWR,li1,99.3600,312.8000,1.799846
FILLER_111_182,VPWR,li1,90.6200,312.8000,1.799844
FILLER_111_164,VPWR,li1,81.8800,312.8000,1.799843
FILLER_111_135,VPWR,li1,68.3100,312.8000,1.799852
FILLER_111_122,VPWR,li1,63.0200,312.8000,1.799859
FILLER_111_113,VPWR,li1,57.9600,312.8000,1.799872
FILLER_111_109,VPWR,li1,56.3500,312.8000,1.799872
FILLER_111_101,VPWR,li1,52.4400,312.8000,1.799881
FILLER_111_93,VPWR,li1,50.1400,312.8000,1.799888
FILLER_111_81,VPWR,li1,45.5400,312.8000,1.799903
FILLER_111_69,VPWR,li1,40.0200,312.8000,1.799916
FILLER_111_57,VPWR,li1,34.5000,312.8000,1.799932
FILLER_111_55,VPWR,li1,31.0500,312.8000,1.799945
FILLER_111_51,VPWR,li1,29.9000,312.8000,1.799945
FILLER_111_39,VPWR,li1,26.2200,312.8000,1.799956
FILLER_111_27,VPWR,li1,20.7000,312.8000,1.799971
FILLER_111_15,VPWR,li1,15.1800,312.8000,1.799971
FILLER_111_3,VPWR,li1,9.6600,312.8000,1.799971
FILLER_110_693,VPWR,li1,324.9900,312.8000,1.799731
FILLER_110_681,VPWR,li1,321.5400,312.8000,1.799731
FILLER_110_669,VPWR,li1,316.0200,312.8000,1.799731
FILLER_110_657,VPWR,li1,310.5000,312.8000,1.799731
FILLER_110_645,VPWR,li1,304.9800,312.8000,1.799732
FILLER_110_636,VPWR,li1,299.9200,312.8000,1.799732
FILLER_110_624,VPWR,li1,295.3200,312.8000,1.799732
FILLER_110_612,VPWR,li1,289.8000,312.8000,1.799732
FILLER_110_600,VPWR,li1,284.2800,312.8000,1.799732
FILLER_110_589,VPWR,li1,277.3800,312.8000,1.799733
FILLER_110_578,VPWR,li1,272.0900,312.8000,1.799736
FILLER_110_559,VPWR,li1,263.1200,312.8000,1.799742
FILLER_110_551,VPWR,li1,260.8200,312.8000,1.799744
FILLER_110_539,VPWR,li1,256.2200,312.8000,1.799749
FILLER_110_533,VPWR,li1,251.1600,312.8000,1.799755
FILLER_110_528,VPWR,li1,249.3200,312.8000,1.799758
FILLER_110_521,VPWR,li1,245.4100,312.8000,1.799761
FILLER_110_513,VPWR,li1,241.7300,312.8000,1.799769
FILLER_110_509,VPWR,li1,240.5800,312.8000,1.799769
FILLER_110_497,VPWR,li1,236.9000,312.8000,1.799778
FILLER_110_483,VPWR,li1,227.9300,312.8000,1.799795
FILLER_110_477,VPWR,li1,226.3200,312.8000,1.799795
FILLER_110_475,VPWR,li1,224.2500,312.8000,1.799801
FILLER_110_467,VPWR,li1,222.1800,312.8000,1.799806
FILLER_110_455,VPWR,li1,217.5800,312.8000,1.799815
FILLER_110_443,VPWR,li1,212.0600,312.8000,1.799833
FILLER_110_435,VPWR,li1,206.3100,312.8000,1.799849
FILLER_110_429,VPWR,li1,203.0900,312.8000,1.799858
FILLER_110_421,VPWR,li1,201.0200,312.8000,1.799865
FILLER_110_419,VPWR,li1,198.4900,312.8000,1.799877
FILLER_110_413,VPWR,li1,196.8800,312.8000,1.799877
FILLER_110_407,VPWR,li1,192.9700,312.8000,1.799889
FILLER_110_399,VPWR,li1,190.9000,312.8000,1.799896
FILLER_110_379,VPWR,li1,180.7800,312.8000,1.799929
FILLER_110_370,VPWR,li1,175.9500,312.8000,1.799949
FILLER_110_363,VPWR,li1,172.7300,312.8000,1.799942
FILLER_110_357,VPWR,li1,171.1200,312.8000,1.799942
FILLER_110_345,VPWR,li1,166.9800,312.8000,1.799936
FILLER_110_333,VPWR,li1,161.4600,312.8000,1.799927
FILLER_110_321,VPWR,li1,155.9400,312.8000,1.799918
FILLER_110_309,VPWR,li1,150.4200,312.8000,1.799910
FILLER_110_307,VPWR,li1,146.9700,312.8000,1.799905
FILLER_110_301,VPWR,li1,145.3600,312.8000,1.799901
FILLER_110_289,VPWR,li1,141.2200,312.8000,1.799896
FILLER_110_277,VPWR,li1,135.7000,312.8000,1.799888
FILLER_110_265,VPWR,li1,130.1800,312.8000,1.799880
FILLER_110_253,VPWR,li1,124.6600,312.8000,1.799871
FILLER_110_248,VPWR,li1,120.5200,312.8000,1.799865
FILLER_110_226,VPWR,li1,109.9400,312.8000,1.799850
FILLER_110_209,VPWR,li1,101.8900,312.8000,1.799847
FILLER_110_197,VPWR,li1,98.9000,312.8000,1.799846
FILLER_110_192,VPWR,li1,94.7600,312.8000,1.799844
FILLER_110_180,VPWR,li1,91.0800,312.8000,1.799844
FILLER_110_168,VPWR,li1,85.5600,312.8000,1.799842
FILLER_110_147,VPWR,li1,74.5200,312.8000,1.799847
FILLER_110_131,VPWR,li1,66.7000,312.8000,1.799856
FILLER_110_120,VPWR,li1,60.9500,312.8000,1.799865
FILLER_110_116,VPWR,li1,59.8000,312.8000,1.799865
FILLER_110_107,VPWR,li1,55.2000,312.8000,1.799877
FILLER_110_85,VPWR,li1,46.4600,312.8000,1.799898
FILLER_110_83,VPWR,li1,43.9300,312.8000,1.799909
FILLER_110_77,VPWR,li1,42.3200,312.8000,1.799909
FILLER_110_65,VPWR,li1,38.1800,312.8000,1.799921
FILLER_110_53,VPWR,li1,32.6600,312.8000,1.799937
FILLER_110_41,VPWR,li1,27.1400,312.8000,1.799956
FILLER_110_29,VPWR,li1,21.6200,312.8000,1.799971
FILLER_110_27,VPWR,li1,18.1700,312.8000,1.799971
FILLER_110_15,VPWR,li1,15.1800,312.8000,1.799971
FILLER_110_3,VPWR,li1,9.6600,312.8000,1.799971
FILLER_109_683,VPWR,li1,319.9300,307.3600,1.799383
FILLER_109_673,VPWR,li1,315.7900,307.3600,1.799386
FILLER_109_671,VPWR,li1,314.4100,307.3600,1.799387
FILLER_109_665,VPWR,li1,312.8000,307.3600,1.799387
FILLER_109_653,VPWR,li1,308.6600,307.3600,1.799390
FILLER_109_641,VPWR,li1,303.1400,307.3600,1.799398
FILLER_109_629,VPWR,li1,297.6200,307.3600,1.799403
FILLER_109_617,VPWR,li1,292.1000,307.3600,1.799414
FILLER_109_615,VPWR,li1,288.6500,307.3600,1.799421
FILLER_109_607,VPWR,li1,286.5800,307.3600,1.799424
FILLER_109_595,VPWR,li1,281.9800,307.3600,1.799433
FILLER_109_583,VPWR,li1,276.4600,307.3600,1.799447
FILLER_109_571,VPWR,li1,270.9400,307.3600,1.799457
FILLER_109_552,VPWR,li1,260.1300,307.3600,1.799480
FILLER_109_535,VPWR,li1,252.5400,307.3600,1.799501
FILLER_109_523,VPWR,li1,248.8600,307.3600,1.799512
FILLER_109_511,VPWR,li1,243.3400,307.3600,1.799531
FILLER_109_505,VPWR,li1,238.2800,307.3600,1.799552
FILLER_109_503,VPWR,li1,237.1300,307.3600,1.799552
FILLER_109_497,VPWR,li1,235.5200,307.3600,1.799559
FILLER_109_485,VPWR,li1,231.3800,307.3600,1.799571
FILLER_109_470,VPWR,li1,222.1800,307.3600,1.799605
FILLER_109_461,VPWR,li1,218.0400,307.3600,1.799621
FILLER_109_449,VPWR,li1,214.8200,307.3600,1.799634
FILLER_109_446,VPWR,li1,211.1400,307.3600,1.799650
FILLER_109_410,VPWR,li1,195.0400,307.3600,1.799739
FILLER_109_393,VPWR,li1,186.5300,307.3600,1.799787
FILLER_109_370,VPWR,li1,176.4100,307.3600,1.799882
FILLER_109_353,VPWR,li1,168.1300,307.3600,1.799873
FILLER_109_349,VPWR,li1,166.9800,307.3600,1.799871
FILLER_109_337,VPWR,li1,163.3000,307.3600,1.799868
FILLER_109_335,VPWR,li1,159.8500,307.3600,1.799862
FILLER_109_329,VPWR,li1,158.2400,307.3600,1.799862
FILLER_109_317,VPWR,li1,154.1000,307.3600,1.799857
FILLER_109_305,VPWR,li1,148.5800,307.3600,1.799851
FILLER_109_293,VPWR,li1,143.0600,307.3600,1.799845
FILLER_109_281,VPWR,li1,137.5400,307.3600,1.799839
FILLER_109_278,VPWR,li1,133.8600,307.3600,1.799834
FILLER_109_244,VPWR,li1,119.6000,307.3600,1.799822
FILLER_109_225,VPWR,li1,109.4800,307.3600,1.799817
FILLER_109_221,VPWR,li1,107.8700,307.3600,1.799817
FILLER_109_180,VPWR,li1,89.0100,307.3600,1.799824
FILLER_109_169,VPWR,li1,84.1800,307.3600,1.799830
FILLER_109_167,VPWR,li1,82.5700,307.3600,1.799833
FILLER_109_159,VPWR,li1,80.5000,307.3600,1.799836
FILLER_109_123,VPWR,li1,64.8600,307.3600,1.799868
FILLER_109_113,VPWR,li1,58.4200,307.3600,1.799882
FILLER_109_110,VPWR,li1,56.5800,307.3600,1.799888
FILLER_109_98,VPWR,li1,53.3600,307.3600,1.799894
FILLER_109_93,VPWR,li1,48.5300,307.3600,1.799904
FILLER_109_89,VPWR,li1,46.6900,307.3600,1.799909
FILLER_109_81,VPWR,li1,44.6200,307.3600,1.799915
FILLER_109_69,VPWR,li1,40.0200,307.3600,1.799926
FILLER_109_57,VPWR,li1,34.5000,307.3600,1.799940
FILLER_109_55,VPWR,li1,31.0500,307.3600,1.799951
FILLER_109_51,VPWR,li1,29.9000,307.3600,1.799951
FILLER_109_39,VPWR,li1,26.2200,307.3600,1.799961
FILLER_109_27,VPWR,li1,20.7000,307.3600,1.799975
FILLER_109_15,VPWR,li1,15.1800,307.3600,1.799975
FILLER_109_3,VPWR,li1,9.6600,307.3600,1.799975
FILLER_108_692,VPWR,li1,325.6800,307.3600,1.799380
FILLER_108_680,VPWR,li1,321.0800,307.3600,1.799383
FILLER_108_645,VPWR,li1,303.1400,307.3600,1.799398
FILLER_108_627,VPWR,li1,294.1700,307.3600,1.799410
FILLER_108_621,VPWR,li1,292.5600,307.3600,1.799414
FILLER_108_609,VPWR,li1,288.4200,307.3600,1.799421
FILLER_108_597,VPWR,li1,282.9000,307.3600,1.799433
FILLER_108_589,VPWR,li1,277.3800,307.3600,1.799442
FILLER_108_584,VPWR,li1,275.0800,307.3600,1.799447
FILLER_108_573,VPWR,li1,270.0200,307.3600,1.799457
FILLER_108_568,VPWR,li1,267.0300,307.3600,1.799463
FILLER_108_564,VPWR,li1,265.8800,307.3600,1.799468
FILLER_108_552,VPWR,li1,262.2000,307.3600,1.799475
FILLER_108_544,VPWR,li1,255.9900,307.3600,1.799491
FILLER_108_540,VPWR,li1,254.8400,307.3600,1.799496
FILLER_108_531,VPWR,li1,250.0100,307.3600,1.799512
FILLER_108_519,VPWR,li1,247.0200,307.3600,1.799518
FILLER_108_497,VPWR,li1,234.6000,307.3600,1.799559
FILLER_108_489,VPWR,li1,232.3000,307.3600,1.799571
FILLER_108_477,VPWR,li1,227.7000,307.3600,1.799586
FILLER_108_475,VPWR,li1,224.2500,307.3600,1.799597
FILLER_108_467,VPWR,li1,222.1800,307.3600,1.799605
FILLER_108_421,VPWR,li1,200.5600,307.3600,1.799703
FILLER_108_419,VPWR,li1,198.4900,307.3600,1.799714
FILLER_108_409,VPWR,li1,194.3500,307.3600,1.799739
FILLER_108_397,VPWR,li1,189.0600,307.3600,1.799770
FILLER_108_353,VPWR,li1,168.5900,307.3600,1.799873
FILLER_108_345,VPWR,li1,166.0600,307.3600,1.799871
FILLER_108_333,VPWR,li1,161.4600,307.3600,1.799864
FILLER_108_321,VPWR,li1,155.9400,307.3600,1.799859
FILLER_108_309,VPWR,li1,150.4200,307.3600,1.799853
FILLER_108_305,VPWR,li1,146.5100,307.3600,1.799849
FILLER_108_293,VPWR,li1,143.0600,307.3600,1.799845
FILLER_108_281,VPWR,li1,137.5400,307.3600,1.799839
FILLER_108_267,VPWR,li1,128.5700,307.3600,1.799827
FILLER_108_261,VPWR,li1,126.9600,307.3600,1.799827
FILLER_108_251,VPWR,li1,121.2100,307.3600,1.799822
FILLER_108_245,VPWR,li1,119.6000,307.3600,1.799822
FILLER_108_233,VPWR,li1,115.4600,307.3600,1.799820
FILLER_108_209,VPWR,li1,102.5800,307.3600,1.799815
FILLER_108_204,VPWR,li1,99.8200,307.3600,1.799815
FILLER_108_188,VPWR,li1,93.8400,307.3600,1.799820
FILLER_108_173,VPWR,li1,85.5600,307.3600,1.799830
FILLER_108_161,VPWR,li1,82.3400,307.3600,1.799833
FILLER_108_141,VPWR,li1,71.7600,307.3600,1.799852
FILLER_108_139,VPWR,li1,69.6900,307.3600,1.799858
FILLER_108_127,VPWR,li1,66.7000,307.3600,1.799864
FILLER_108_115,VPWR,li1,61.1800,307.3600,1.799877
FILLER_108_103,VPWR,li1,55.6600,307.3600,1.799888
FILLER_108_96,VPWR,li1,50.3700,307.3600,1.799900
FILLER_108_85,VPWR,li1,44.8500,307.3600,1.799915
FILLER_108_83,VPWR,li1,43.9300,307.3600,1.799920
FILLER_108_77,VPWR,li1,42.3200,307.3600,1.799920
FILLER_108_65,VPWR,li1,38.1800,307.3600,1.799930
FILLER_108_53,VPWR,li1,32.6600,307.3600,1.799944
FILLER_108_41,VPWR,li1,27.1400,307.3600,1.799961
FILLER_108_29,VPWR,li1,21.6200,307.3600,1.799975
FILLER_108_27,VPWR,li1,18.1700,307.3600,1.799975
FILLER_108_15,VPWR,li1,15.1800,307.3600,1.799975
FILLER_108_3,VPWR,li1,9.6600,307.3600,1.799975
FILLER_107_693,VPWR,li1,324.9900,301.9200,1.799440
FILLER_107_685,VPWR,li1,322.4600,301.9200,1.799440
FILLER_107_673,VPWR,li1,317.8600,301.9200,1.799442
FILLER_107_668,VPWR,li1,313.7200,301.9200,1.799445
FILLER_107_656,VPWR,li1,310.0400,301.9200,1.799449
FILLER_107_644,VPWR,li1,304.5200,301.9200,1.799455
FILLER_107_635,VPWR,li1,297.8500,301.9200,1.799464
FILLER_107_613,VPWR,li1,288.1900,301.9200,1.799481
FILLER_107_603,VPWR,li1,283.8200,301.9200,1.799489
FILLER_107_594,VPWR,li1,279.2200,301.9200,1.799501
FILLER_107_585,VPWR,li1,275.0800,301.9200,1.799512
FILLER_107_577,VPWR,li1,272.7800,301.9200,1.799518
FILLER_107_561,VPWR,li1,264.2700,301.9200,1.799547
FILLER_107_558,VPWR,li1,262.6600,301.9200,1.799547
FILLER_107_550,VPWR,li1,260.3600,301.9200,1.799558
FILLER_107_538,VPWR,li1,254.3800,301.9200,1.799575
FILLER_107_526,VPWR,li1,250.2400,301.9200,1.799588
FILLER_107_521,VPWR,li1,245.4100,301.9200,1.799603
FILLER_107_517,VPWR,li1,244.2600,301.9200,1.799603
FILLER_107_505,VPWR,li1,240.5800,301.9200,1.799614
FILLER_107_498,VPWR,li1,235.9800,301.9200,1.799630
FILLER_107_483,VPWR,li1,228.1600,301.9200,1.799660
FILLER_107_474,VPWR,li1,224.9400,301.9200,1.799672
FILLER_107_460,VPWR,li1,217.8100,301.9200,1.799697
FILLER_107_452,VPWR,li1,215.2800,301.9200,1.799709
FILLER_107_447,VPWR,li1,211.3700,301.9200,1.799733
FILLER_107_441,VPWR,li1,209.7600,301.9200,1.799733
FILLER_107_418,VPWR,li1,199.6400,301.9200,1.799783
FILLER_107_406,VPWR,li1,195.0400,301.9200,1.799801
FILLER_107_400,VPWR,li1,189.7500,301.9200,1.799825
FILLER_107_384,VPWR,li1,183.0800,301.9200,1.799859
FILLER_107_374,VPWR,li1,178.2500,301.9200,1.799890
FILLER_107_349,VPWR,li1,166.2900,301.9200,1.799861
FILLER_107_337,VPWR,li1,163.3000,301.9200,1.799849
FILLER_107_335,VPWR,li1,159.8500,301.9200,1.799829
FILLER_107_329,VPWR,li1,158.2400,301.9200,1.799829
FILLER_107_317,VPWR,li1,154.1000,301.9200,1.799807
FILLER_107_305,VPWR,li1,148.5800,301.9200,1.799786
FILLER_107_293,VPWR,li1,143.0600,301.9200,1.799768
FILLER_107_281,VPWR,li1,137.5400,301.9200,1.799746
FILLER_107_279,VPWR,li1,134.0900,301.9200,1.799732
FILLER_107_263,VPWR,li1,127.1900,301.9200,1.799703
FILLER_107_251,VPWR,li1,123.7400,301.9200,1.799688
FILLER_107_247,VPWR,li1,119.3700,301.9200,1.799673
FILLER_107_243,VPWR,li1,118.2200,301.9200,1.799673
FILLER_107_225,VPWR,li1,109.4800,301.9200,1.799646
FILLER_107_209,VPWR,li1,102.1200,301.9200,1.799643
FILLER_107_201,VPWR,li1,98.6700,301.9200,1.799644
FILLER_107_189,VPWR,li1,95.2200,301.9200,1.799649
FILLER_107_162,VPWR,li1,80.5000,301.9200,1.799684
FILLER_107_154,VPWR,li1,78.2000,301.9200,1.799691
FILLER_107_135,VPWR,li1,67.8500,301.9200,1.799726
FILLER_107_129,VPWR,li1,65.0900,301.9200,1.799744
FILLER_107_113,VPWR,li1,58.1900,301.9200,1.799766
FILLER_107_109,VPWR,li1,56.3500,301.9200,1.799775
FILLER_107_99,VPWR,li1,51.7500,301.9200,1.799801
FILLER_107_89,VPWR,li1,47.1500,301.9200,1.799821
FILLER_107_81,VPWR,li1,44.6200,301.9200,1.799832
FILLER_107_69,VPWR,li1,40.0200,301.9200,1.799854
FILLER_107_57,VPWR,li1,34.5000,301.9200,1.799881
FILLER_107_55,VPWR,li1,31.0500,301.9200,1.799904
FILLER_107_51,VPWR,li1,29.9000,301.9200,1.799904
FILLER_107_39,VPWR,li1,26.2200,301.9200,1.799922
FILLER_107_27,VPWR,li1,20.7000,301.9200,1.799950
FILLER_107_15,VPWR,li1,15.1800,301.9200,1.799950
FILLER_107_3,VPWR,li1,9.6600,301.9200,1.799950
FILLER_106_681,VPWR,li1,319.4700,301.9200,1.799442
FILLER_106_657,VPWR,li1,309.5800,301.9200,1.799449
FILLER_106_645,VPWR,li1,304.9800,301.9200,1.799455
FILLER_106_638,VPWR,li1,300.3800,301.9200,1.799461
FILLER_106_623,VPWR,li1,292.3300,301.9200,1.799475
FILLER_106_619,VPWR,li1,291.1800,301.9200,1.799475
FILLER_106_611,VPWR,li1,287.5000,301.9200,1.799485
FILLER_106_596,VPWR,li1,281.5200,301.9200,1.799495
FILLER_106_589,VPWR,li1,276.6900,301.9200,1.799512
FILLER_106_587,VPWR,li1,275.7700,301.9200,1.799512
FILLER_106_581,VPWR,li1,274.1600,301.9200,1.799518
FILLER_106_569,VPWR,li1,270.0200,301.9200,1.799527
FILLER_106_557,VPWR,li1,264.5000,301.9200,1.799542
FILLER_106_545,VPWR,li1,258.9800,301.9200,1.799558
FILLER_106_533,VPWR,li1,253.4600,301.9200,1.799575
FILLER_106_531,VPWR,li1,250.0100,301.9200,1.799588
FILLER_106_527,VPWR,li1,248.8600,301.9200,1.799588
FILLER_106_517,VPWR,li1,244.0300,301.9200,1.799603
FILLER_106_509,VPWR,li1,241.5000,301.9200,1.799614
FILLER_106_495,VPWR,li1,233.6800,301.9200,1.799642
FILLER_106_487,VPWR,li1,231.3800,301.9200,1.799650
FILLER_106_477,VPWR,li1,225.6300,301.9200,1.799672
FILLER_106_474,VPWR,li1,224.0200,301.9200,1.799672
FILLER_106_453,VPWR,li1,215.7400,301.9200,1.799709
FILLER_106_441,VPWR,li1,211.1400,301.9200,1.799733
FILLER_106_429,VPWR,li1,205.6200,301.9200,1.799752
FILLER_106_387,VPWR,li1,183.7700,301.9200,1.799859
FILLER_106_379,VPWR,li1,181.7000,301.9200,1.799872
FILLER_106_373,VPWR,li1,177.3300,301.9200,1.799890
FILLER_106_365,VPWR,li1,175.2600,301.9200,1.799901
FILLER_106_363,VPWR,li1,172.7300,301.9200,1.799884
FILLER_106_359,VPWR,li1,171.5800,301.9200,1.799884
FILLER_106_350,VPWR,li1,167.4400,301.9200,1.799861
FILLER_106_338,VPWR,li1,163.7600,301.9200,1.799849
FILLER_106_326,VPWR,li1,158.2400,301.9200,1.799829
FILLER_106_314,VPWR,li1,152.7200,301.9200,1.799807
FILLER_106_296,VPWR,li1,144.4400,301.9200,1.799768
FILLER_106_284,VPWR,li1,138.9200,301.9200,1.799746
FILLER_106_272,VPWR,li1,133.4000,301.9200,1.799724
FILLER_106_253,VPWR,li1,122.5900,301.9200,1.799688
FILLER_106_251,VPWR,li1,121.2100,301.9200,1.799680
FILLER_106_245,VPWR,li1,119.6000,301.9200,1.799673
FILLER_106_228,VPWR,li1,110.6300,301.9200,1.799650
FILLER_106_213,VPWR,li1,103.7300,301.9200,1.799639
FILLER_106_178,VPWR,li1,87.8600,301.9200,1.799663
FILLER_106_161,VPWR,li1,79.8100,301.9200,1.799684
FILLER_106_153,VPWR,li1,77.7400,301.9200,1.799691
FILLER_106_141,VPWR,li1,73.1400,301.9200,1.799707
FILLER_106_139,VPWR,li1,69.6900,301.9200,1.799719
FILLER_106_133,VPWR,li1,68.0800,301.9200,1.799726
FILLER_106_122,VPWR,li1,63.4800,301.9200,1.799744
FILLER_106_113,VPWR,li1,57.9600,301.9200,1.799775
FILLER_106_101,VPWR,li1,54.7400,301.9200,1.799785
FILLER_106_93,VPWR,li1,48.7600,301.9200,1.799810
FILLER_106_85,VPWR,li1,46.4600,301.9200,1.799821
FILLER_106_83,VPWR,li1,43.9300,301.9200,1.799842
FILLER_106_77,VPWR,li1,42.3200,301.9200,1.799842
FILLER_106_65,VPWR,li1,38.1800,301.9200,1.799863
FILLER_106_53,VPWR,li1,32.6600,301.9200,1.799890
FILLER_106_41,VPWR,li1,27.1400,301.9200,1.799922
FILLER_106_29,VPWR,li1,21.6200,301.9200,1.799950
FILLER_106_27,VPWR,li1,18.1700,301.9200,1.799950
FILLER_106_15,VPWR,li1,15.1800,301.9200,1.799950
FILLER_105_699,VPWR,li1,327.2900,296.4800,1.798903
FILLER_105_687,VPWR,li1,324.3000,296.4800,1.798903
FILLER_105_673,VPWR,li1,315.3300,296.4800,1.798910
FILLER_105_669,VPWR,li1,313.9500,296.4800,1.798910
FILLER_105_629,VPWR,li1,295.3200,296.4800,1.798998
FILLER_105_617,VPWR,li1,292.1000,296.4800,1.799016
FILLER_105_613,VPWR,li1,288.1900,296.4800,1.799039
FILLER_105_601,VPWR,li1,284.7400,296.4800,1.799067
FILLER_105_589,VPWR,li1,279.2200,296.4800,1.799101
FILLER_105_577,VPWR,li1,272.7800,296.4800,1.799132
FILLER_105_568,VPWR,li1,267.2600,296.4800,1.799174
FILLER_105_558,VPWR,li1,262.6600,296.4800,1.799207
FILLER_105_541,VPWR,li1,255.7600,296.4800,1.799247
FILLER_105_533,VPWR,li1,250.9300,296.4800,1.799285
FILLER_105_529,VPWR,li1,249.7800,296.4800,1.799285
FILLER_105_521,VPWR,li1,245.6400,296.4800,1.799312
FILLER_105_513,VPWR,li1,241.7300,296.4800,1.799341
FILLER_105_505,VPWR,li1,239.6600,296.4800,1.799354
FILLER_105_498,VPWR,li1,235.9800,296.4800,1.799380
FILLER_105_485,VPWR,li1,230.0000,296.4800,1.799424
FILLER_105_473,VPWR,li1,225.8600,296.4800,1.799466
FILLER_105_461,VPWR,li1,220.3400,296.4800,1.799495
FILLER_105_421,VPWR,li1,199.6400,296.4800,1.799666
FILLER_105_413,VPWR,li1,197.3400,296.4800,1.799685
FILLER_105_409,VPWR,li1,193.8900,296.4800,1.799713
FILLER_105_400,VPWR,li1,189.7500,296.4800,1.799748
FILLER_105_391,VPWR,li1,185.6100,296.4800,1.799785
FILLER_105_383,VPWR,li1,183.5400,296.4800,1.799803
FILLER_105_361,VPWR,li1,172.9600,296.4800,1.799882
FILLER_105_349,VPWR,li1,168.8200,296.4800,1.799874
FILLER_105_337,VPWR,li1,163.3000,296.4800,1.799867
FILLER_105_335,VPWR,li1,159.8500,296.4800,1.799858
FILLER_105_329,VPWR,li1,158.2400,296.4800,1.799858
FILLER_105_317,VPWR,li1,154.1000,296.4800,1.799851
FILLER_105_308,VPWR,li1,147.4300,296.4800,1.799836
FILLER_105_302,VPWR,li1,145.8200,296.4800,1.799836
FILLER_105_297,VPWR,li1,142.3700,296.4800,1.799830
FILLER_105_293,VPWR,li1,141.2200,296.4800,1.799827
FILLER_105_281,VPWR,li1,137.5400,296.4800,1.799825
FILLER_105_278,VPWR,li1,133.8600,296.4800,1.799820
FILLER_105_266,VPWR,li1,130.6400,296.4800,1.799817
FILLER_105_254,VPWR,li1,123.2800,296.4800,1.799807
FILLER_105_242,VPWR,li1,119.6000,296.4800,1.799805
FILLER_105_237,VPWR,li1,115.0000,296.4800,1.799800
FILLER_105_225,VPWR,li1,111.7800,296.4800,1.799799
FILLER_105_195,VPWR,li1,95.4500,296.4800,1.799804
FILLER_105_189,VPWR,li1,93.8400,296.4800,1.799804
FILLER_105_185,VPWR,li1,90.8500,296.4800,1.799806
FILLER_105_181,VPWR,li1,89.7000,296.4800,1.799806
FILLER_105_169,VPWR,li1,86.0200,296.4800,1.799809
FILLER_105_163,VPWR,li1,80.9600,296.4800,1.799815
FILLER_105_143,VPWR,li1,71.5300,296.4800,1.799829
FILLER_105_137,VPWR,li1,69.9200,296.4800,1.799833
FILLER_105_125,VPWR,li1,65.7800,296.4800,1.799844
FILLER_105_113,VPWR,li1,60.2600,296.4800,1.799853
FILLER_105_108,VPWR,li1,56.1200,296.4800,1.799863
FILLER_105_96,VPWR,li1,52.4400,296.4800,1.799872
FILLER_105_73,VPWR,li1,39.3300,296.4800,1.799905
FILLER_105_39,VPWR,li1,23.6900,296.4800,1.799951
FILLER_105_27,VPWR,li1,20.7000,296.4800,1.799963
FILLER_105_15,VPWR,li1,15.1800,296.4800,1.799963
FILLER_105_3,VPWR,li1,9.6600,296.4800,1.799963
FILLER_104_699,VPWR,li1,327.2900,296.4800,1.798903
FILLER_104_688,VPWR,li1,322.6900,296.4800,1.798903
FILLER_104_680,VPWR,li1,320.1600,296.4800,1.798903
FILLER_104_659,VPWR,li1,308.8900,296.4800,1.798930
FILLER_104_645,VPWR,li1,302.9100,296.4800,1.798963
FILLER_104_643,VPWR,li1,301.5300,296.4800,1.798973
FILLER_104_637,VPWR,li1,299.9200,296.4800,1.798973
FILLER_104_631,VPWR,li1,296.4700,296.4800,1.798998
FILLER_104_603,VPWR,li1,283.5900,296.4800,1.799067
FILLER_104_595,VPWR,li1,281.0600,296.4800,1.799082
FILLER_104_585,VPWR,li1,275.3100,296.4800,1.799116
FILLER_104_577,VPWR,li1,271.1700,296.4800,1.799147
FILLER_104_556,VPWR,li1,264.0400,296.4800,1.799192
FILLER_104_544,VPWR,li1,258.5200,296.4800,1.799224
FILLER_104_529,VPWR,li1,249.5500,296.4800,1.799285
FILLER_104_517,VPWR,li1,246.1000,296.4800,1.799312
FILLER_104_501,VPWR,li1,237.8200,296.4800,1.799367
FILLER_104_489,VPWR,li1,233.2200,296.4800,1.799402
FILLER_104_477,VPWR,li1,227.7000,296.4800,1.799441
FILLER_104_475,VPWR,li1,224.2500,296.4800,1.799466
FILLER_104_463,VPWR,li1,221.2600,296.4800,1.799495
FILLER_104_425,VPWR,li1,201.2500,296.4800,1.799650
FILLER_104_421,VPWR,li1,200.1000,296.4800,1.799666
FILLER_104_419,VPWR,li1,198.4900,296.4800,1.799685
FILLER_104_413,VPWR,li1,196.8800,296.4800,1.799685
FILLER_104_408,VPWR,li1,193.6600,296.4800,1.799713
FILLER_104_396,VPWR,li1,190.4400,296.4800,1.799748
FILLER_104_391,VPWR,li1,185.8400,296.4800,1.799785
FILLER_104_369,VPWR,li1,175.4900,296.4800,1.799887
FILLER_104_365,VPWR,li1,174.3400,296.4800,1.799887
FILLER_104_358,VPWR,li1,171.5800,296.4800,1.799882
FILLER_104_346,VPWR,li1,167.4400,296.4800,1.799874
FILLER_104_334,VPWR,li1,161.9200,296.4800,1.799862
FILLER_104_322,VPWR,li1,156.4000,296.4800,1.799855
FILLER_104_317,VPWR,li1,151.5700,296.4800,1.799846
FILLER_104_309,VPWR,li1,149.5000,296.4800,1.799843
FILLER_104_291,VPWR,li1,139.6100,296.4800,1.799827
FILLER_104_283,VPWR,li1,137.5400,296.4800,1.799825
FILLER_104_271,VPWR,li1,132.9400,296.4800,1.799820
FILLER_104_259,VPWR,li1,127.4200,296.4800,1.799812
FILLER_104_253,VPWR,li1,122.5900,296.4800,1.799807
FILLER_104_234,VPWR,li1,113.6200,296.4800,1.799800
FILLER_104_209,VPWR,li1,104.4200,296.4800,1.799800
FILLER_104_197,VPWR,li1,98.9000,296.4800,1.799801
FILLER_104_195,VPWR,li1,95.4500,296.4800,1.799804
FILLER_104_191,VPWR,li1,94.3000,296.4800,1.799804
FILLER_104_173,VPWR,li1,85.3300,296.4800,1.799811
FILLER_104_169,VPWR,li1,84.1800,296.4800,1.799811
FILLER_104_141,VPWR,li1,73.1400,296.4800,1.799829
FILLER_104_139,VPWR,li1,69.6900,296.4800,1.799833
FILLER_104_135,VPWR,li1,68.5400,296.4800,1.799838
FILLER_104_131,VPWR,li1,66.0100,296.4800,1.799844
FILLER_104_125,VPWR,li1,64.4000,296.4800,1.799844
FILLER_104_114,VPWR,li1,58.1900,296.4800,1.799859
FILLER_104_110,VPWR,li1,56.3500,296.4800,1.799863
FILLER_104_106,VPWR,li1,55.2000,296.4800,1.799863
FILLER_104_94,VPWR,li1,51.5200,296.4800,1.799872
FILLER_104_85,VPWR,li1,45.0800,296.4800,1.799889
FILLER_104_83,VPWR,li1,43.9300,296.4800,1.799889
FILLER_104_75,VPWR,li1,41.8600,296.4800,1.799897
FILLER_104_67,VPWR,li1,36.5700,296.4800,1.799913
FILLER_104_63,VPWR,li1,35.4200,296.4800,1.799913
FILLER_104_51,VPWR,li1,31.7400,296.4800,1.799925
FILLER_104_47,VPWR,li1,27.3700,296.4800,1.799944
FILLER_104_41,VPWR,li1,25.7600,296.4800,1.799944
FILLER_104_29,VPWR,li1,21.6200,296.4800,1.799963
FILLER_104_27,VPWR,li1,18.1700,296.4800,1.799963
FILLER_104_15,VPWR,li1,15.1800,296.4800,1.799963
FILLER_104_3,VPWR,li1,9.6600,296.4800,1.799963
FILLER_103_694,VPWR,li1,325.2200,291.0400,1.799245
FILLER_103_669,VPWR,li1,313.9500,291.0400,1.799253
FILLER_103_657,VPWR,li1,310.5000,291.0400,1.799259
FILLER_103_653,VPWR,li1,306.1300,291.0400,1.799264
FILLER_103_641,VPWR,li1,303.1400,291.0400,1.799270
FILLER_103_629,VPWR,li1,297.6200,291.0400,1.799286
FILLER_103_617,VPWR,li1,292.1000,291.0400,1.799298
FILLER_103_615,VPWR,li1,288.6500,291.0400,1.799305
FILLER_103_611,VPWR,li1,287.5000,291.0400,1.799305
FILLER_103_585,VPWR,li1,274.8500,291.0400,1.799343
FILLER_103_573,VPWR,li1,271.8600,291.0400,1.799353
FILLER_103_561,VPWR,li1,266.3400,291.0400,1.799372
FILLER_103_557,VPWR,li1,262.4300,291.0400,1.799388
FILLER_103_548,VPWR,li1,258.0600,291.0400,1.799404
FILLER_103_541,VPWR,li1,255.0700,291.0400,1.799413
FILLER_103_533,VPWR,li1,252.5400,291.0400,1.799422
FILLER_103_521,VPWR,li1,247.9400,291.0400,1.799446
FILLER_103_498,VPWR,li1,235.2900,291.0400,1.799505
FILLER_103_417,VPWR,li1,197.5700,291.0400,1.799714
FILLER_103_391,VPWR,li1,185.6100,291.0400,1.799813
FILLER_103_349,VPWR,li1,166.5200,291.0400,1.799863
FILLER_103_337,VPWR,li1,163.3000,291.0400,1.799858
FILLER_103_335,VPWR,li1,159.8500,291.0400,1.799850
FILLER_103_308,VPWR,li1,147.8900,291.0400,1.799825
FILLER_103_269,VPWR,li1,131.1000,291.0400,1.799807
FILLER_103_257,VPWR,li1,126.5000,291.0400,1.799803
FILLER_103_237,VPWR,li1,115.4600,291.0400,1.799794
FILLER_103_225,VPWR,li1,111.7800,291.0400,1.799792
FILLER_103_222,VPWR,li1,108.1000,291.0400,1.799791
FILLER_103_210,VPWR,li1,104.8800,291.0400,1.799791
FILLER_103_198,VPWR,li1,99.3600,291.0400,1.799791
FILLER_103_187,VPWR,li1,92.4600,291.0400,1.799793
FILLER_103_175,VPWR,li1,88.7800,291.0400,1.799794
FILLER_103_166,VPWR,li1,82.3400,291.0400,1.799797
FILLER_103_157,VPWR,li1,78.2000,291.0400,1.799800
FILLER_103_117,VPWR,li1,59.5700,291.0400,1.799835
FILLER_103_113,VPWR,li1,58.4200,291.0400,1.799835
FILLER_103_111,VPWR,li1,56.8100,291.0400,1.799843
FILLER_103_107,VPWR,li1,55.6600,291.0400,1.799843
FILLER_103_99,VPWR,li1,51.2900,291.0400,1.799856
FILLER_103_91,VPWR,li1,49.2200,291.0400,1.799863
FILLER_103_79,VPWR,li1,44.6200,291.0400,1.799882
FILLER_103_61,VPWR,li1,34.2700,291.0400,1.799911
FILLER_103_55,VPWR,li1,31.0500,291.0400,1.799926
FILLER_103_51,VPWR,li1,29.9000,291.0400,1.799926
FILLER_103_39,VPWR,li1,26.2200,291.0400,1.799940
FILLER_103_27,VPWR,li1,20.7000,291.0400,1.799961
FILLER_103_15,VPWR,li1,15.1800,291.0400,1.799961
FILLER_103_3,VPWR,li1,9.6600,291.0400,1.799961
FILLER_102_676,VPWR,li1,318.3200,291.0400,1.799248
FILLER_102_642,VPWR,li1,301.3000,291.0400,1.799274
FILLER_102_634,VPWR,li1,299.0000,291.0400,1.799280
FILLER_102_623,VPWR,li1,293.4800,291.0400,1.799292
FILLER_102_609,VPWR,li1,285.8900,291.0400,1.799310
FILLER_102_601,VPWR,li1,283.8200,291.0400,1.799317
FILLER_102_589,VPWR,li1,277.8400,291.0400,1.799336
FILLER_102_586,VPWR,li1,275.5400,291.0400,1.799343
FILLER_102_578,VPWR,li1,273.2400,291.0400,1.799353
FILLER_102_571,VPWR,li1,268.6400,291.0400,1.799364
FILLER_102_562,VPWR,li1,264.2700,291.0400,1.799379
FILLER_102_556,VPWR,li1,261.7400,291.0400,1.799388
FILLER_102_522,VPWR,li1,246.5600,291.0400,1.799446
FILLER_102_502,VPWR,li1,236.9000,291.0400,1.799494
FILLER_102_496,VPWR,li1,234.3700,291.0400,1.799505
FILLER_102_489,VPWR,li1,230.6900,291.0400,1.799526
FILLER_102_477,VPWR,li1,226.7800,291.0400,1.799540
FILLER_102_475,VPWR,li1,224.2500,291.0400,1.799554
FILLER_102_451,VPWR,li1,213.4400,291.0400,1.799626
FILLER_102_402,VPWR,li1,190.9000,291.0400,1.799773
FILLER_102_388,VPWR,li1,184.2300,291.0400,1.799813
FILLER_102_381,VPWR,li1,181.0100,291.0400,1.799839
FILLER_102_377,VPWR,li1,179.8600,291.0400,1.799862
FILLER_102_352,VPWR,li1,168.1300,291.0400,1.799868
FILLER_102_344,VPWR,li1,165.6000,291.0400,1.799863
FILLER_102_332,VPWR,li1,161.0000,291.0400,1.799850
FILLER_102_319,VPWR,li1,154.1000,291.0400,1.799838
FILLER_102_309,VPWR,li1,148.1200,291.0400,1.799828
FILLER_102_304,VPWR,li1,146.2800,291.0400,1.799825
FILLER_102_281,VPWR,li1,135.0100,291.0400,1.799810
FILLER_102_273,VPWR,li1,132.9400,291.0400,1.799808
FILLER_102_250,VPWR,li1,120.9800,291.0400,1.799797
FILLER_102_245,VPWR,li1,118.6800,291.0400,1.799795
FILLER_102_241,VPWR,li1,116.6100,291.0400,1.799794
FILLER_102_215,VPWR,li1,104.6500,291.0400,1.799791
FILLER_102_201,VPWR,li1,98.2100,291.0400,1.799791
FILLER_102_197,VPWR,li1,97.0600,291.0400,1.799791
FILLER_102_191,VPWR,li1,93.6100,291.0400,1.799792
FILLER_102_183,VPWR,li1,91.5400,291.0400,1.799793
FILLER_102_168,VPWR,li1,84.6400,291.0400,1.799796
FILLER_102_157,VPWR,li1,79.1200,291.0400,1.799800
FILLER_102_149,VPWR,li1,74.2900,291.0400,1.799805
FILLER_102_145,VPWR,li1,73.1400,291.0400,1.799805
FILLER_102_139,VPWR,li1,69.6900,291.0400,1.799809
FILLER_102_125,VPWR,li1,63.2500,291.0400,1.799822
FILLER_102_119,VPWR,li1,61.6400,291.0400,1.799827
FILLER_102_105,VPWR,li1,54.0500,291.0400,1.799850
FILLER_102_97,VPWR,li1,51.9800,291.0400,1.799856
FILLER_102_85,VPWR,li1,47.3800,291.0400,1.799868
FILLER_102_80,VPWR,li1,43.2400,291.0400,1.799882
FILLER_102_29,VPWR,li1,19.7800,291.0400,1.799961
FILLER_102_27,VPWR,li1,18.1700,291.0400,1.799961
FILLER_102_15,VPWR,li1,15.1800,291.0400,1.799961
FILLER_102_3,VPWR,li1,9.6600,291.0400,1.799961
FILLER_101_684,VPWR,li1,322.9200,285.6000,1.799579
FILLER_101_673,VPWR,li1,316.4800,285.6000,1.799582
FILLER_101_671,VPWR,li1,314.4100,285.6000,1.799583
FILLER_101_663,VPWR,li1,312.3400,285.6000,1.799585
FILLER_101_651,VPWR,li1,305.9000,285.6000,1.799589
FILLER_101_627,VPWR,li1,294.8600,285.6000,1.799600
FILLER_101_617,VPWR,li1,290.0300,285.6000,1.799607
FILLER_101_613,VPWR,li1,288.1900,285.6000,1.799610
FILLER_101_605,VPWR,li1,285.6600,285.6000,1.799614
FILLER_101_593,VPWR,li1,281.0600,285.6000,1.799621
FILLER_101_581,VPWR,li1,275.5400,285.6000,1.799632
FILLER_101_561,VPWR,li1,264.0400,285.6000,1.799651
FILLER_101_548,VPWR,li1,260.3600,285.6000,1.799656
FILLER_101_535,VPWR,li1,253.4600,285.6000,1.799671
FILLER_101_530,VPWR,li1,249.5500,285.6000,1.799676
FILLER_101_523,VPWR,li1,246.7900,285.6000,1.799680
FILLER_101_505,VPWR,li1,238.0500,285.6000,1.799699
FILLER_101_486,VPWR,li1,229.7700,285.6000,1.799717
FILLER_101_474,VPWR,li1,226.3200,285.6000,1.799728
FILLER_101_462,VPWR,li1,220.8000,285.6000,1.799744
FILLER_101_455,VPWR,li1,215.5100,285.6000,1.799758
FILLER_101_447,VPWR,li1,211.3700,285.6000,1.799770
FILLER_101_428,VPWR,li1,202.6300,285.6000,1.799796
FILLER_101_414,VPWR,li1,196.6500,285.6000,1.799819
FILLER_101_402,VPWR,li1,193.2000,285.6000,1.799830
FILLER_101_397,VPWR,li1,188.3700,285.6000,1.799852
FILLER_101_393,VPWR,li1,187.2200,285.6000,1.799852
FILLER_101_390,VPWR,li1,185.3800,285.6000,1.799860
FILLER_101_382,VPWR,li1,183.0800,285.6000,1.799869
FILLER_101_370,VPWR,li1,178.4800,285.6000,1.799889
FILLER_101_364,VPWR,li1,173.1900,285.6000,1.799887
FILLER_101_357,VPWR,li1,170.4300,285.6000,1.799874
FILLER_101_349,VPWR,li1,167.9000,285.6000,1.799859
FILLER_101_337,VPWR,li1,163.3000,285.6000,1.799837
FILLER_101_328,VPWR,li1,158.2400,285.6000,1.799807
FILLER_101_316,VPWR,li1,153.6400,285.6000,1.799781
FILLER_101_293,VPWR,li1,140.7600,285.6000,1.799721
FILLER_101_281,VPWR,li1,137.5400,285.6000,1.799714
FILLER_101_277,VPWR,li1,133.6300,285.6000,1.799706
FILLER_101_269,VPWR,li1,131.1000,285.6000,1.799700
FILLER_101_236,VPWR,li1,114.3100,285.6000,1.799682
FILLER_101_228,VPWR,li1,112.2400,285.6000,1.799680
FILLER_101_215,VPWR,li1,104.8800,285.6000,1.799679
FILLER_101_207,VPWR,li1,102.5800,285.6000,1.799679
FILLER_101_199,VPWR,li1,97.2900,285.6000,1.799680
FILLER_101_193,VPWR,li1,95.6800,285.6000,1.799681
FILLER_101_188,VPWR,li1,92.4600,285.6000,1.799682
FILLER_101_176,VPWR,li1,89.2400,285.6000,1.799683
FILLER_101_167,VPWR,li1,82.5700,285.6000,1.799689
FILLER_101_125,VPWR,li1,63.2500,285.6000,1.799713
FILLER_101_113,VPWR,li1,60.2600,285.6000,1.799731
FILLER_101_110,VPWR,li1,56.5800,285.6000,1.799745
FILLER_101_102,VPWR,li1,54.2800,285.6000,1.799756
FILLER_101_67,VPWR,li1,36.8000,285.6000,1.799847
FILLER_101_55,VPWR,li1,31.0500,285.6000,1.799879
FILLER_101_27,VPWR,li1,18.6300,285.6000,1.799941
FILLER_101_15,VPWR,li1,15.1800,285.6000,1.799941
FILLER_101_3,VPWR,li1,9.6600,285.6000,1.799941
FILLER_100_674,VPWR,li1,316.0200,285.6000,1.799583
FILLER_100_665,VPWR,li1,311.6500,285.6000,1.799585
FILLER_100_657,VPWR,li1,309.5800,285.6000,1.799587
FILLER_100_641,VPWR,li1,301.0700,285.6000,1.799594
FILLER_100_614,VPWR,li1,288.4200,285.6000,1.799610
FILLER_100_606,VPWR,li1,286.1200,285.6000,1.799614
FILLER_100_601,VPWR,li1,282.2100,285.6000,1.799621
FILLER_100_589,VPWR,li1,279.2200,285.6000,1.799624
FILLER_100_587,VPWR,li1,275.7700,285.6000,1.799632
FILLER_100_583,VPWR,li1,274.6200,285.6000,1.799632
FILLER_100_571,VPWR,li1,270.9400,285.6000,1.799638
FILLER_100_566,VPWR,li1,266.1100,285.6000,1.799647
FILLER_100_562,VPWR,li1,264.9600,285.6000,1.799651
FILLER_100_550,VPWR,li1,261.2800,285.6000,1.799656
FILLER_100_538,VPWR,li1,255.7600,285.6000,1.799664
FILLER_100_511,VPWR,li1,241.0400,285.6000,1.799692
FILLER_100_501,VPWR,li1,236.2100,285.6000,1.799704
FILLER_100_494,VPWR,li1,233.4500,285.6000,1.799711
FILLER_100_486,VPWR,li1,230.9200,285.6000,1.799717
FILLER_100_477,VPWR,li1,225.4000,285.6000,1.799728
FILLER_100_475,VPWR,li1,224.2500,285.6000,1.799734
FILLER_100_471,VPWR,li1,223.1000,285.6000,1.799734
FILLER_100_459,VPWR,li1,219.4200,285.6000,1.799744
FILLER_100_412,VPWR,li1,195.9600,285.6000,1.799819
FILLER_100_384,VPWR,li1,182.8500,285.6000,1.799869
FILLER_100_361,VPWR,li1,172.2700,285.6000,1.799887
FILLER_100_353,VPWR,li1,169.7400,285.6000,1.799874
FILLER_100_341,VPWR,li1,165.1400,285.6000,1.799847
FILLER_100_329,VPWR,li1,159.6200,285.6000,1.799807
FILLER_100_317,VPWR,li1,154.1000,285.6000,1.799781
FILLER_100_306,VPWR,li1,146.7400,285.6000,1.799734
FILLER_100_290,VPWR,li1,140.3000,285.6000,1.799721
FILLER_100_260,VPWR,li1,126.5000,285.6000,1.799691
FILLER_100_250,VPWR,li1,120.9800,285.6000,1.799687
FILLER_100_228,VPWR,li1,113.1600,285.6000,1.799680
FILLER_100_209,VPWR,li1,104.4200,285.6000,1.799679
FILLER_100_197,VPWR,li1,98.9000,285.6000,1.799680
FILLER_100_182,VPWR,li1,89.4700,285.6000,1.799683
FILLER_100_170,VPWR,li1,86.4800,285.6000,1.799686
FILLER_100_158,VPWR,li1,80.9600,285.6000,1.799689
FILLER_100_146,VPWR,li1,75.4400,285.6000,1.799693
FILLER_100_136,VPWR,li1,68.3100,285.6000,1.799700
FILLER_100_104,VPWR,li1,53.5900,285.6000,1.799765
FILLER_100_80,VPWR,li1,43.2400,285.6000,1.799813
FILLER_100_75,VPWR,li1,40.2500,285.6000,1.799828
FILLER_100_63,VPWR,li1,37.2600,285.6000,1.799847
FILLER_100_46,VPWR,li1,26.9100,285.6000,1.799911
FILLER_100_40,VPWR,li1,25.3000,285.6000,1.799911
FILLER_100_35,VPWR,li1,21.8500,285.6000,1.799941
FILLER_100_29,VPWR,li1,20.2400,285.6000,1.799941
FILLER_100_27,VPWR,li1,18.1700,285.6000,1.799941
FILLER_100_15,VPWR,li1,15.1800,285.6000,1.799941
FILLER_100_3,VPWR,li1,9.6600,285.6000,1.799941
FILLER_99_697,VPWR,li1,326.8300,280.1600,1.799260
FILLER_99_689,VPWR,li1,324.3000,280.1600,1.799260
FILLER_99_671,VPWR,li1,314.4100,280.1600,1.799263
FILLER_99_663,VPWR,li1,310.7300,280.1600,1.799266
FILLER_99_657,VPWR,li1,309.1200,280.1600,1.799266
FILLER_99_646,VPWR,li1,303.6000,280.1600,1.799276
FILLER_99_630,VPWR,li1,296.0100,280.1600,1.799289
FILLER_99_573,VPWR,li1,270.4800,280.1600,1.799369
FILLER_99_561,VPWR,li1,266.3400,280.1600,1.799384
FILLER_99_557,VPWR,li1,262.4300,280.1600,1.799402
FILLER_99_536,VPWR,li1,253.9200,280.1600,1.799434
FILLER_99_524,VPWR,li1,247.2500,280.1600,1.799468
FILLER_99_512,VPWR,li1,242.8800,280.1600,1.799480
FILLER_99_505,VPWR,li1,238.2800,280.1600,1.799504
FILLER_99_502,VPWR,li1,236.9000,280.1600,1.799513
FILLER_99_487,VPWR,li1,232.3000,280.1600,1.799528
FILLER_99_466,VPWR,li1,220.1100,280.1600,1.799592
FILLER_99_459,VPWR,li1,216.8900,280.1600,1.799602
FILLER_99_455,VPWR,li1,215.0500,280.1600,1.799611
FILLER_99_445,VPWR,li1,210.9100,280.1600,1.799635
FILLER_99_385,VPWR,li1,183.0800,280.1600,1.799808
FILLER_99_337,VPWR,li1,161.9200,280.1600,1.799819
FILLER_99_330,VPWR,li1,158.7000,280.1600,1.799808
FILLER_99_318,VPWR,li1,154.5600,280.1600,1.799792
FILLER_99_261,VPWR,li1,126.2700,280.1600,1.799729
FILLER_99_240,VPWR,li1,116.3800,280.1600,1.799738
FILLER_99_222,VPWR,li1,108.1000,280.1600,1.799750
FILLER_99_209,VPWR,li1,101.8900,280.1600,1.799757
FILLER_99_203,VPWR,li1,99.1300,280.1600,1.799763
FILLER_99_195,VPWR,li1,97.0600,280.1600,1.799767
FILLER_99_183,VPWR,li1,92.4600,280.1600,1.799776
FILLER_99_169,VPWR,li1,84.1800,280.1600,1.799793
FILLER_99_162,VPWR,li1,80.2700,280.1600,1.799798
FILLER_99_143,VPWR,li1,71.5300,280.1600,1.799818
FILLER_99_139,VPWR,li1,70.3800,280.1600,1.799823
FILLER_99_127,VPWR,li1,66.7000,280.1600,1.799830
FILLER_99_118,VPWR,li1,61.1800,280.1600,1.799843
FILLER_99_113,VPWR,li1,57.7300,280.1600,1.799851
FILLER_99_111,VPWR,li1,56.8100,280.1600,1.799857
FILLER_99_99,VPWR,li1,53.8200,280.1600,1.799861
FILLER_99_88,VPWR,li1,47.8400,280.1600,1.799877
FILLER_99_76,VPWR,li1,43.2400,280.1600,1.799890
FILLER_99_54,VPWR,li1,30.8200,280.1600,1.799926
FILLER_99_15,VPWR,li1,13.3400,280.1600,1.799957
FILLER_99_3,VPWR,li1,9.6600,280.1600,1.799957
FILLER_98_699,VPWR,li1,327.2900,280.1600,1.799260
FILLER_98_693,VPWR,li1,325.6800,280.1600,1.799260
FILLER_98_681,VPWR,li1,321.5400,280.1600,1.799260
FILLER_98_669,VPWR,li1,316.0200,280.1600,1.799263
FILLER_98_649,VPWR,li1,304.2900,280.1600,1.799272
FILLER_98_645,VPWR,li1,303.1400,280.1600,1.799276
FILLER_98_629,VPWR,li1,295.0900,280.1600,1.799289
FILLER_98_623,VPWR,li1,293.4800,280.1600,1.799295
FILLER_98_616,VPWR,li1,289.1100,280.1600,1.799303
FILLER_98_604,VPWR,li1,286.1200,280.1600,1.799311
FILLER_98_589,VPWR,li1,276.9200,280.1600,1.799342
FILLER_98_587,VPWR,li1,275.7700,280.1600,1.799348
FILLER_98_564,VPWR,li1,265.1900,280.1600,1.799384
FILLER_98_560,VPWR,li1,264.0400,280.1600,1.799392
FILLER_98_550,VPWR,li1,259.2100,280.1600,1.799410
FILLER_98_533,VPWR,li1,251.1600,280.1600,1.799443
FILLER_98_530,VPWR,li1,249.7800,280.1600,1.799453
FILLER_98_518,VPWR,li1,246.5600,280.1600,1.799468
FILLER_98_506,VPWR,li1,241.0400,280.1600,1.799494
FILLER_98_494,VPWR,li1,235.5200,280.1600,1.799513
FILLER_98_477,VPWR,li1,226.7800,280.1600,1.799560
FILLER_98_471,VPWR,li1,222.4100,280.1600,1.799580
FILLER_98_467,VPWR,li1,221.2600,280.1600,1.799580
FILLER_98_448,VPWR,li1,214.3600,280.1600,1.799623
FILLER_98_421,VPWR,li1,199.6400,280.1600,1.799696
FILLER_98_413,VPWR,li1,195.7300,280.1600,1.799731
FILLER_98_407,VPWR,li1,194.1200,280.1600,1.799731
FILLER_98_396,VPWR,li1,187.9100,280.1600,1.799772
FILLER_98_390,VPWR,li1,186.3000,280.1600,1.799786
FILLER_98_378,VPWR,li1,181.2400,280.1600,1.799821
FILLER_98_369,VPWR,li1,175.4900,280.1600,1.799874
FILLER_98_365,VPWR,li1,174.3400,280.1600,1.799874
FILLER_98_363,VPWR,li1,172.7300,280.1600,1.799865
FILLER_98_351,VPWR,li1,169.7400,280.1600,1.799853
FILLER_98_345,VPWR,li1,164.9100,280.1600,1.799833
FILLER_98_333,VPWR,li1,161.4600,280.1600,1.799819
FILLER_98_321,VPWR,li1,155.9400,280.1600,1.799792
FILLER_98_309,VPWR,li1,150.4200,280.1600,1.799776
FILLER_98_306,VPWR,li1,146.7400,280.1600,1.799762
FILLER_98_298,VPWR,li1,144.4400,280.1600,1.799752
FILLER_98_292,VPWR,li1,140.0700,280.1600,1.799735
FILLER_98_286,VPWR,li1,138.4600,280.1600,1.799735
FILLER_98_277,VPWR,li1,134.3200,280.1600,1.799727
FILLER_98_257,VPWR,li1,123.9700,280.1600,1.799731
FILLER_98_253,VPWR,li1,122.8200,280.1600,1.799734
FILLER_98_251,VPWR,li1,121.2100,280.1600,1.799734
FILLER_98_239,VPWR,li1,118.2200,280.1600,1.799736
FILLER_98_227,VPWR,li1,112.7000,280.1600,1.799742
FILLER_98_215,VPWR,li1,107.1800,280.1600,1.799750
FILLER_98_197,VPWR,li1,96.6000,280.1600,1.799767
FILLER_98_195,VPWR,li1,95.4500,280.1600,1.799770
FILLER_98_189,VPWR,li1,93.8400,280.1600,1.799770
FILLER_98_170,VPWR,li1,86.4800,280.1600,1.799785
FILLER_98_158,VPWR,li1,78.4300,280.1600,1.799803
FILLER_98_152,VPWR,li1,76.8200,280.1600,1.799807
FILLER_98_147,VPWR,li1,73.3700,280.1600,1.799814
FILLER_98_141,VPWR,li1,71.7600,280.1600,1.799818
FILLER_98_139,VPWR,li1,69.6900,280.1600,1.799823
FILLER_98_131,VPWR,li1,67.6200,280.1600,1.799830
FILLER_98_119,VPWR,li1,63.0200,280.1600,1.799839
FILLER_98_112,VPWR,li1,57.2700,280.1600,1.799857
FILLER_98_106,VPWR,li1,55.6600,280.1600,1.799857
FILLER_98_95,VPWR,li1,49.4500,280.1600,1.799877
FILLER_98_42,VPWR,li1,25.5300,280.1600,1.799942
FILLER_98_37,VPWR,li1,22.7700,280.1600,1.799951
FILLER_98_29,VPWR,li1,20.7000,280.1600,1.799959
FILLER_98_27,VPWR,li1,18.1700,280.1600,1.799957
FILLER_98_15,VPWR,li1,15.1800,280.1600,1.799957
FILLER_98_3,VPWR,li1,9.6600,280.1600,1.799957
FILLER_97_697,VPWR,li1,326.8300,274.7200,1.799453
FILLER_97_685,VPWR,li1,323.3800,274.7200,1.799453
FILLER_97_673,VPWR,li1,317.8600,274.7200,1.799453
FILLER_97_664,VPWR,li1,312.8000,274.7200,1.799453
FILLER_97_648,VPWR,li1,305.4400,274.7200,1.799454
FILLER_97_636,VPWR,li1,298.3100,274.7200,1.799454
FILLER_97_617,VPWR,li1,292.1000,274.7200,1.799458
FILLER_97_615,VPWR,li1,288.6500,274.7200,1.799459
FILLER_97_609,VPWR,li1,287.0400,274.7200,1.799461
FILLER_97_597,VPWR,li1,282.9000,274.7200,1.799464
FILLER_97_585,VPWR,li1,277.3800,274.7200,1.799467
FILLER_97_573,VPWR,li1,271.8600,274.7200,1.799472
FILLER_97_561,VPWR,li1,266.3400,274.7200,1.799478
FILLER_97_554,VPWR,li1,261.7400,274.7200,1.799482
FILLER_97_547,VPWR,li1,257.3700,274.7200,1.799490
FILLER_97_541,VPWR,li1,255.7600,274.7200,1.799490
FILLER_97_529,VPWR,li1,250.7000,274.7200,1.799498
FILLER_97_517,VPWR,li1,246.1000,274.7200,1.799505
FILLER_97_505,VPWR,li1,240.5800,274.7200,1.799519
FILLER_97_502,VPWR,li1,236.9000,274.7200,1.799525
FILLER_97_490,VPWR,li1,233.6800,274.7200,1.799531
FILLER_97_472,VPWR,li1,223.5600,274.7200,1.799557
FILLER_97_454,VPWR,li1,217.1200,274.7200,1.799576
FILLER_97_449,VPWR,li1,212.5200,274.7200,1.799591
FILLER_97_446,VPWR,li1,211.1400,274.7200,1.799597
FILLER_97_427,VPWR,li1,202.1700,274.7200,1.799630
FILLER_97_420,VPWR,li1,198.9500,274.7200,1.799639
FILLER_97_397,VPWR,li1,188.3700,274.7200,1.799712
FILLER_97_386,VPWR,li1,183.7700,274.7200,1.799766
FILLER_97_378,VPWR,li1,181.2400,274.7200,1.799796
FILLER_97_366,VPWR,li1,176.6400,274.7200,1.799851
FILLER_97_349,VPWR,li1,166.7500,274.7200,1.799871
FILLER_97_337,VPWR,li1,163.3000,274.7200,1.799869
FILLER_97_334,VPWR,li1,159.6200,274.7200,1.799868
FILLER_97_326,VPWR,li1,157.3200,274.7200,1.799866
FILLER_97_314,VPWR,li1,152.7200,274.7200,1.799864
FILLER_97_299,VPWR,li1,143.2900,274.7200,1.799860
FILLER_97_293,VPWR,li1,141.6800,274.7200,1.799859
FILLER_97_281,VPWR,li1,137.5400,274.7200,1.799857
FILLER_97_279,VPWR,li1,134.0900,274.7200,1.799857
FILLER_97_271,VPWR,li1,132.0200,274.7200,1.799856
FILLER_97_251,VPWR,li1,123.7400,274.7200,1.799853
FILLER_97_241,VPWR,li1,117.0700,274.7200,1.799852
FILLER_97_225,VPWR,li1,109.4800,274.7200,1.799853
FILLER_97_221,VPWR,li1,107.8700,274.7200,1.799853
FILLER_97_213,VPWR,li1,105.3400,274.7200,1.799854
FILLER_97_204,VPWR,li1,99.8200,274.7200,1.799855
FILLER_97_193,VPWR,li1,94.5300,274.7200,1.799857
FILLER_97_189,VPWR,li1,92.6900,274.7200,1.799858
FILLER_97_181,VPWR,li1,90.6200,274.7200,1.799859
FILLER_97_169,VPWR,li1,86.0200,274.7200,1.799861
FILLER_97_167,VPWR,li1,82.5700,274.7200,1.799865
FILLER_97_161,VPWR,li1,80.9600,274.7200,1.799865
FILLER_97_157,VPWR,li1,77.9700,274.7200,1.799867
FILLER_97_151,VPWR,li1,76.3600,274.7200,1.799869
FILLER_97_139,VPWR,li1,72.2200,274.7200,1.799872
FILLER_97_123,VPWR,li1,62.5600,274.7200,1.799884
FILLER_97_117,VPWR,li1,60.0300,274.7200,1.799888
FILLER_97_111,VPWR,li1,56.8100,274.7200,1.799894
FILLER_97_88,VPWR,li1,46.2300,274.7200,1.799912
FILLER_97_68,VPWR,li1,37.0300,274.7200,1.799931
FILLER_97_57,VPWR,li1,32.2000,274.7200,1.799944
FILLER_97_51,VPWR,li1,29.2100,274.7200,1.799949
FILLER_97_37,VPWR,li1,22.7700,274.7200,1.799968
FILLER_97_25,VPWR,li1,19.7800,274.7200,1.799966
FILLER_97_18,VPWR,li1,14.7200,274.7200,1.799964
FILLER_97_9,VPWR,li1,9.8900,274.7200,1.799962
FILLER_97_3,VPWR,li1,8.2800,274.7200,1.799962
FILLER_96_699,VPWR,li1,327.2900,274.7200,1.799453
FILLER_96_693,VPWR,li1,325.6800,274.7200,1.799453
FILLER_96_681,VPWR,li1,321.5400,274.7200,1.799453
FILLER_96_669,VPWR,li1,316.0200,274.7200,1.799453
FILLER_96_657,VPWR,li1,310.5000,274.7200,1.799453
FILLER_96_645,VPWR,li1,304.9800,274.7200,1.799454
FILLER_96_640,VPWR,li1,300.8400,274.7200,1.799454
FILLER_96_635,VPWR,li1,298.0800,274.7200,1.799454
FILLER_96_595,VPWR,li1,279.4500,274.7200,1.799466
FILLER_96_581,VPWR,li1,273.0100,274.7200,1.799472
FILLER_96_569,VPWR,li1,270.0200,274.7200,1.799474
FILLER_96_563,VPWR,li1,264.7300,274.7200,1.799480
FILLER_96_533,VPWR,li1,252.5400,274.7200,1.799495
FILLER_96_531,VPWR,li1,250.0100,274.7200,1.799501
FILLER_96_525,VPWR,li1,248.4000,274.7200,1.799501
FILLER_96_501,VPWR,li1,236.2100,274.7200,1.799525
FILLER_96_495,VPWR,li1,234.6000,274.7200,1.799531
FILLER_96_485,VPWR,li1,229.3100,274.7200,1.799543
FILLER_96_477,VPWR,li1,226.7800,274.7200,1.799550
FILLER_96_473,VPWR,li1,223.7900,274.7200,1.799557
FILLER_96_458,VPWR,li1,216.6600,274.7200,1.799576
FILLER_96_443,VPWR,li1,209.5300,274.7200,1.799604
FILLER_96_437,VPWR,li1,207.9200,274.7200,1.799604
FILLER_96_387,VPWR,li1,184.0000,274.7200,1.799766
FILLER_96_379,VPWR,li1,181.7000,274.7200,1.799796
FILLER_96_370,VPWR,li1,176.6400,274.7200,1.799851
FILLER_96_348,VPWR,li1,166.0600,274.7200,1.799871
FILLER_96_336,VPWR,li1,162.8400,274.7200,1.799869
FILLER_96_324,VPWR,li1,157.3200,274.7200,1.799866
FILLER_96_312,VPWR,li1,151.8000,274.7200,1.799864
FILLER_96_300,VPWR,li1,143.7500,274.7200,1.799860
FILLER_96_274,VPWR,li1,133.4000,274.7200,1.799856
FILLER_96_262,VPWR,li1,128.8000,274.7200,1.799855
FILLER_96_253,VPWR,li1,123.2800,274.7200,1.799853
FILLER_96_250,VPWR,li1,120.9800,274.7200,1.799853
FILLER_96_242,VPWR,li1,118.6800,274.7200,1.799852
FILLER_96_209,VPWR,li1,104.4200,274.7200,1.799854
FILLER_96_197,VPWR,li1,98.9000,274.7200,1.799855
FILLER_96_195,VPWR,li1,95.4500,274.7200,1.799857
FILLER_96_191,VPWR,li1,94.3000,274.7200,1.799857
FILLER_96_171,VPWR,li1,86.0200,274.7200,1.799861
FILLER_96_149,VPWR,li1,75.4400,274.7200,1.799869
FILLER_96_123,VPWR,li1,62.3300,274.7200,1.799884
FILLER_96_104,VPWR,li1,53.5900,274.7200,1.799900
FILLER_96_100,VPWR,li1,52.4400,274.7200,1.799900
FILLER_96_80,VPWR,li1,43.2400,274.7200,1.799918
FILLER_96_71,VPWR,li1,38.6400,274.7200,1.799931
FILLER_96_63,VPWR,li1,36.3400,274.7200,1.799937
FILLER_96_34,VPWR,li1,23.0000,274.7200,1.799968
FILLER_96_29,VPWR,li1,19.3200,274.7200,1.799966
FILLER_96_24,VPWR,li1,17.4800,274.7200,1.799965
FILLER_96_7,VPWR,li1,8.9700,274.7200,1.799962
FILLER_96_3,VPWR,li1,7.8200,274.7200,1.799962
FILLER_95_686,VPWR,li1,322.4600,269.2800,1.798733
FILLER_95_669,VPWR,li1,313.9500,269.2800,1.798738
FILLER_95_661,VPWR,li1,311.4200,269.2800,1.798741
FILLER_95_646,VPWR,li1,303.1400,269.2800,1.798754
FILLER_95_623,VPWR,li1,292.5600,269.2800,1.798775
FILLER_95_617,VPWR,li1,289.8000,269.2800,1.798779
FILLER_95_610,VPWR,li1,287.5000,269.2800,1.798784
FILLER_95_600,VPWR,li1,282.4400,269.2800,1.798794
FILLER_95_572,VPWR,li1,268.8700,269.2800,1.798829
FILLER_95_554,VPWR,li1,260.8200,269.2800,1.798850
FILLER_95_542,VPWR,li1,255.3000,269.2800,1.798904
FILLER_95_523,VPWR,li1,246.3300,269.2800,1.799001
FILLER_95_519,VPWR,li1,245.1800,269.2800,1.799001
FILLER_95_508,VPWR,li1,239.6600,269.2800,1.799060
FILLER_95_498,VPWR,li1,235.9800,269.2800,1.799117
FILLER_95_486,VPWR,li1,231.8400,269.2800,1.799144
FILLER_95_467,VPWR,li1,220.8000,269.2800,1.799283
FILLER_95_459,VPWR,li1,217.5800,269.2800,1.799304
FILLER_95_449,VPWR,li1,212.9800,269.2800,1.799370
FILLER_95_440,VPWR,li1,209.7600,269.2800,1.799402
FILLER_95_362,VPWR,li1,173.4200,269.2800,1.799834
FILLER_95_337,VPWR,li1,161.2300,269.2800,1.799815
FILLER_95_333,VPWR,li1,159.3900,269.2800,1.799812
FILLER_95_308,VPWR,li1,147.8900,269.2800,1.799802
FILLER_95_304,VPWR,li1,145.5900,269.2800,1.799801
FILLER_95_300,VPWR,li1,144.4400,269.2800,1.799801
FILLER_95_290,VPWR,li1,139.6100,269.2800,1.799799
FILLER_95_281,VPWR,li1,135.4700,269.2800,1.799798
FILLER_95_271,VPWR,li1,131.1000,269.2800,1.799797
FILLER_95_248,VPWR,li1,120.2900,269.2800,1.799795
FILLER_95_236,VPWR,li1,116.8400,269.2800,1.799795
FILLER_95_225,VPWR,li1,109.9400,269.2800,1.799795
FILLER_95_220,VPWR,li1,107.6400,269.2800,1.799795
FILLER_95_196,VPWR,li1,96.6000,269.2800,1.799799
FILLER_95_187,VPWR,li1,92.0000,269.2800,1.799804
FILLER_95_167,VPWR,li1,82.5700,269.2800,1.799813
FILLER_95_163,VPWR,li1,81.4200,269.2800,1.799813
FILLER_95_158,VPWR,li1,78.6600,269.2800,1.799817
FILLER_95_146,VPWR,li1,75.4400,269.2800,1.799822
FILLER_95_131,VPWR,li1,66.0100,269.2800,1.799839
FILLER_95_127,VPWR,li1,64.8600,269.2800,1.799839
FILLER_95_121,VPWR,li1,61.4100,269.2800,1.799847
FILLER_95_113,VPWR,li1,59.3400,269.2800,1.799852
FILLER_95_106,VPWR,li1,55.6600,269.2800,1.799861
FILLER_95_94,VPWR,li1,51.5200,269.2800,1.799872
FILLER_95_85,VPWR,li1,46.0000,269.2800,1.799887
FILLER_95_79,VPWR,li1,42.0900,269.2800,1.799902
FILLER_95_73,VPWR,li1,40.4800,269.2800,1.799902
FILLER_95_66,VPWR,li1,36.1100,269.2800,1.799915
FILLER_95_12,VPWR,li1,11.9600,269.2800,1.799958
FILLER_95_3,VPWR,li1,7.8200,269.2800,1.799958
FILLER_94_654,VPWR,li1,306.8200,269.2800,1.798748
FILLER_94_640,VPWR,li1,300.8400,269.2800,1.798758
FILLER_94_624,VPWR,li1,293.2500,269.2800,1.798771
FILLER_94_616,VPWR,li1,290.7200,269.2800,1.798779
FILLER_94_611,VPWR,li1,286.8100,269.2800,1.798784
FILLER_94_601,VPWR,li1,283.3600,269.2800,1.798794
FILLER_94_589,VPWR,li1,279.2200,269.2800,1.798803
FILLER_94_576,VPWR,li1,273.2400,269.2800,1.798817
FILLER_94_571,VPWR,li1,268.4100,269.2800,1.798829
FILLER_94_566,VPWR,li1,266.3400,269.2800,1.798835
FILLER_94_533,VPWR,li1,251.1600,269.2800,1.798949
FILLER_94_515,VPWR,li1,242.6500,269.2800,1.799040
FILLER_94_511,VPWR,li1,241.5000,269.2800,1.799040
FILLER_94_499,VPWR,li1,235.5200,269.2800,1.799117
FILLER_94_493,VPWR,li1,232.9900,269.2800,1.799144
FILLER_94_486,VPWR,li1,229.5400,269.2800,1.799169
FILLER_94_475,VPWR,li1,224.2500,269.2800,1.799246
FILLER_94_469,VPWR,li1,222.6400,269.2800,1.799246
FILLER_94_457,VPWR,li1,218.5000,269.2800,1.799304
FILLER_94_445,VPWR,li1,212.9800,269.2800,1.799370
FILLER_94_416,VPWR,li1,197.1100,269.2800,1.799544
FILLER_94_404,VPWR,li1,194.1200,269.2800,1.799582
FILLER_94_398,VPWR,li1,188.8300,269.2800,1.799650
FILLER_94_386,VPWR,li1,185.8400,269.2800,1.799706
FILLER_94_373,VPWR,li1,177.5600,269.2800,1.799805
FILLER_94_365,VPWR,li1,175.2600,269.2800,1.799838
FILLER_94_363,VPWR,li1,172.7300,269.2800,1.799830
FILLER_94_345,VPWR,li1,164.9100,269.2800,1.799819
FILLER_94_336,VPWR,li1,160.3100,269.2800,1.799812
FILLER_94_320,VPWR,li1,153.1800,269.2800,1.799805
FILLER_94_299,VPWR,li1,143.2900,269.2800,1.799800
FILLER_94_293,VPWR,li1,141.6800,269.2800,1.799800
FILLER_94_287,VPWR,li1,137.7700,269.2800,1.799799
FILLER_94_281,VPWR,li1,135.2400,269.2800,1.799798
FILLER_94_275,VPWR,li1,132.4800,269.2800,1.799797
FILLER_94_263,VPWR,li1,129.2600,269.2800,1.799796
FILLER_94_251,VPWR,li1,121.2100,269.2800,1.799795
FILLER_94_245,VPWR,li1,119.6000,269.2800,1.799795
FILLER_94_233,VPWR,li1,115.4600,269.2800,1.799795
FILLER_94_221,VPWR,li1,109.9400,269.2800,1.799795
FILLER_94_209,VPWR,li1,104.4200,269.2800,1.799795
FILLER_94_201,VPWR,li1,98.2100,269.2800,1.799798
FILLER_94_197,VPWR,li1,97.0600,269.2800,1.799799
FILLER_94_181,VPWR,li1,91.5400,269.2800,1.799804
FILLER_94_165,VPWR,li1,81.6500,269.2800,1.799813
FILLER_94_153,VPWR,li1,78.6600,269.2800,1.799817
FILLER_94_138,VPWR,li1,69.4600,269.2800,1.799832
FILLER_94_126,VPWR,li1,66.2400,269.2800,1.799839
FILLER_94_117,VPWR,li1,59.8000,269.2800,1.799852
FILLER_94_105,VPWR,li1,56.5800,269.2800,1.799861
FILLER_94_85,VPWR,li1,45.0800,269.2800,1.799894
FILLER_94_82,VPWR,li1,43.7000,269.2800,1.799894
FILLER_94_70,VPWR,li1,38.4100,269.2800,1.799908
FILLER_94_42,VPWR,li1,25.5300,269.2800,1.799947
FILLER_94_34,VPWR,li1,23.0000,269.2800,1.799959
FILLER_94_27,VPWR,li1,18.1700,269.2800,1.799958
FILLER_94_3,VPWR,li1,8.7400,269.2800,1.799958
FILLER_93_669,VPWR,li1,313.9500,263.8400,1.798903
FILLER_93_652,VPWR,li1,305.6700,263.8400,1.798940
FILLER_93_644,VPWR,li1,303.6000,263.8400,1.798960
FILLER_93_622,VPWR,li1,292.1000,263.8400,1.799017
FILLER_93_614,VPWR,li1,288.4200,263.8400,1.799039
FILLER_93_605,VPWR,li1,284.0500,263.8400,1.799073
FILLER_93_581,VPWR,li1,273.4700,263.8400,1.799134
FILLER_93_573,VPWR,li1,270.9400,263.8400,1.799151
FILLER_93_536,VPWR,li1,253.9200,263.8400,1.799268
FILLER_93_529,VPWR,li1,249.7800,263.8400,1.799301
FILLER_93_517,VPWR,li1,246.1000,263.8400,1.799324
FILLER_93_505,VPWR,li1,240.5800,263.8400,1.799370
FILLER_93_503,VPWR,li1,237.1300,263.8400,1.799388
FILLER_93_499,VPWR,li1,235.9800,263.8400,1.799401
FILLER_93_487,VPWR,li1,232.3000,263.8400,1.799434
FILLER_93_477,VPWR,li1,225.1700,263.8400,1.799487
FILLER_93_465,VPWR,li1,222.1800,263.8400,1.799507
FILLER_93_457,VPWR,li1,215.9700,263.8400,1.799555
FILLER_93_444,VPWR,li1,209.9900,263.8400,1.799600
FILLER_93_432,VPWR,li1,207.0000,263.8400,1.799632
FILLER_93_413,VPWR,li1,196.4200,263.8400,1.799709
FILLER_93_401,VPWR,li1,192.7400,263.8400,1.799735
FILLER_93_390,VPWR,li1,185.3800,263.8400,1.799805
FILLER_93_378,VPWR,li1,182.1600,263.8400,1.799836
FILLER_93_371,VPWR,li1,176.4100,263.8400,1.799893
FILLER_93_363,VPWR,li1,174.3400,263.8400,1.799889
FILLER_93_334,VPWR,li1,159.6200,263.8400,1.799870
FILLER_93_297,VPWR,li1,143.9800,263.8400,1.799851
FILLER_93_281,VPWR,li1,135.4700,263.8400,1.799841
FILLER_93_278,VPWR,li1,133.8600,263.8400,1.799839
FILLER_93_264,VPWR,li1,127.8800,263.8400,1.799835
FILLER_93_252,VPWR,li1,124.2000,263.8400,1.799832
FILLER_93_240,VPWR,li1,118.6800,263.8400,1.799828
FILLER_93_229,VPWR,li1,111.0900,263.8400,1.799824
FILLER_93_225,VPWR,li1,109.9400,263.8400,1.799824
FILLER_93_214,VPWR,li1,104.1900,263.8400,1.799823
FILLER_93_210,VPWR,li1,103.0400,263.8400,1.799823
FILLER_93_189,VPWR,li1,92.6900,263.8400,1.799826
FILLER_93_181,VPWR,li1,90.6200,263.8400,1.799828
FILLER_93_169,VPWR,li1,86.0200,263.8400,1.799831
FILLER_93_167,VPWR,li1,82.5700,263.8400,1.799833
FILLER_93_159,VPWR,li1,80.5000,263.8400,1.799835
FILLER_93_126,VPWR,li1,63.7100,263.8400,1.799852
FILLER_93_118,VPWR,li1,61.6400,263.8400,1.799856
FILLER_93_113,VPWR,li1,57.9600,263.8400,1.799860
FILLER_93_96,VPWR,li1,50.3700,263.8400,1.799874
FILLER_93_69,VPWR,li1,37.7200,263.8400,1.799905
FILLER_93_55,VPWR,li1,31.0500,263.8400,1.799927
FILLER_93_46,VPWR,li1,26.9100,263.8400,1.799940
FILLER_93_42,VPWR,li1,25.7600,263.8400,1.799940
FILLER_93_30,VPWR,li1,22.0800,263.8400,1.799951
FILLER_93_13,VPWR,li1,11.7300,263.8400,1.799942
FILLER_93_7,VPWR,li1,8.9700,263.8400,1.799940
FILLER_93_3,VPWR,li1,7.8200,263.8400,1.799940
FILLER_92_669,VPWR,li1,313.7200,263.8400,1.798903
FILLER_92_661,VPWR,li1,311.4200,263.8400,1.798913
FILLER_92_632,VPWR,li1,299.0000,263.8400,1.798977
FILLER_92_613,VPWR,li1,290.2600,263.8400,1.799028
FILLER_92_605,VPWR,li1,284.2800,263.8400,1.799073
FILLER_92_597,VPWR,li1,281.0600,263.8400,1.799084
FILLER_92_551,VPWR,li1,259.4400,263.8400,1.799229
FILLER_92_533,VPWR,li1,250.9300,263.8400,1.799301
FILLER_92_528,VPWR,li1,249.3200,263.8400,1.799301
FILLER_92_521,VPWR,li1,245.4100,263.8400,1.799340
FILLER_92_515,VPWR,li1,243.8000,263.8400,1.799340
FILLER_92_503,VPWR,li1,239.6600,263.8400,1.799370
FILLER_92_494,VPWR,li1,233.2200,263.8400,1.799417
FILLER_92_486,VPWR,li1,230.9200,263.8400,1.799434
FILLER_92_477,VPWR,li1,225.1700,263.8400,1.799487
FILLER_92_473,VPWR,li1,223.7900,263.8400,1.799487
FILLER_92_465,VPWR,li1,221.2600,263.8400,1.799507
FILLER_92_458,VPWR,li1,216.6600,263.8400,1.799555
FILLER_92_447,VPWR,li1,211.3700,263.8400,1.799584
FILLER_92_439,VPWR,li1,209.3000,263.8400,1.799600
FILLER_92_408,VPWR,li1,195.9600,263.8400,1.799709
FILLER_92_372,VPWR,li1,177.1000,263.8400,1.799874
FILLER_92_363,VPWR,li1,172.7300,263.8400,1.799889
FILLER_92_349,VPWR,li1,166.2900,263.8400,1.799880
FILLER_92_341,VPWR,li1,164.2200,263.8400,1.799877
FILLER_92_300,VPWR,li1,145.3600,263.8400,1.799851
FILLER_92_288,VPWR,li1,140.7600,263.8400,1.799848
FILLER_92_266,VPWR,li1,128.8000,263.8400,1.799835
FILLER_92_240,VPWR,li1,116.8400,263.8400,1.799827
FILLER_92_232,VPWR,li1,112.4700,263.8400,1.799824
FILLER_92_228,VPWR,li1,111.3200,263.8400,1.799824
FILLER_92_208,VPWR,li1,101.4300,263.8400,1.799823
FILLER_92_204,VPWR,li1,100.2800,263.8400,1.799823
FILLER_92_189,VPWR,li1,92.9200,263.8400,1.799826
FILLER_92_177,VPWR,li1,89.7000,263.8400,1.799828
FILLER_92_165,VPWR,li1,84.1800,263.8400,1.799833
FILLER_92_126,VPWR,li1,63.7100,263.8400,1.799852
FILLER_92_112,VPWR,li1,57.2700,263.8400,1.799864
FILLER_92_106,VPWR,li1,55.6600,263.8400,1.799864
FILLER_92_97,VPWR,li1,50.8300,263.8400,1.799874
FILLER_92_90,VPWR,li1,47.1500,263.8400,1.799884
FILLER_92_67,VPWR,li1,37.7200,263.8400,1.799905
FILLER_92_55,VPWR,li1,31.2800,263.8400,1.799927
FILLER_92_29,VPWR,li1,19.0900,263.8400,1.799947
FILLER_92_27,VPWR,li1,18.1700,263.8400,1.799947
FILLER_92_19,VPWR,li1,16.1000,263.8400,1.799944
FILLER_91_697,VPWR,li1,326.8300,258.4000,1.799559
FILLER_91_671,VPWR,li1,314.4100,258.4000,1.799567
FILLER_91_652,VPWR,li1,308.2000,258.4000,1.799574
FILLER_91_647,VPWR,li1,303.6000,258.4000,1.799580
FILLER_91_639,VPWR,li1,301.3000,258.4000,1.799583
FILLER_91_635,VPWR,li1,297.8500,258.4000,1.799588
FILLER_91_629,VPWR,li1,296.2400,258.4000,1.799592
FILLER_91_617,VPWR,li1,292.1000,258.4000,1.799598
FILLER_91_615,VPWR,li1,288.6500,258.4000,1.799602
FILLER_91_603,VPWR,li1,285.6600,258.4000,1.799608
FILLER_91_591,VPWR,li1,280.1400,258.4000,1.799614
FILLER_91_579,VPWR,li1,274.6200,258.4000,1.799624
FILLER_91_567,VPWR,li1,269.1000,258.4000,1.799634
FILLER_91_558,VPWR,li1,262.6600,258.4000,1.799645
FILLER_91_545,VPWR,li1,256.4500,258.4000,1.799655
FILLER_91_529,VPWR,li1,251.6200,258.4000,1.799664
FILLER_91_505,VPWR,li1,238.0500,258.4000,1.799693
FILLER_91_498,VPWR,li1,235.2900,258.4000,1.799698
FILLER_91_491,VPWR,li1,231.8400,258.4000,1.799710
FILLER_91_480,VPWR,li1,226.5500,258.4000,1.799720
FILLER_91_468,VPWR,li1,223.5600,258.4000,1.799732
FILLER_91_456,VPWR,li1,218.0400,258.4000,1.799748
FILLER_91_449,VPWR,li1,212.9800,258.4000,1.799765
FILLER_91_442,VPWR,li1,210.2200,258.4000,1.799770
FILLER_91_422,VPWR,li1,200.5600,258.4000,1.799803
FILLER_91_402,VPWR,li1,191.3600,258.4000,1.799840
FILLER_91_393,VPWR,li1,186.5300,258.4000,1.799866
FILLER_91_387,VPWR,li1,184.0000,258.4000,1.799875
FILLER_91_382,VPWR,li1,181.7000,258.4000,1.799886
FILLER_91_376,VPWR,li1,178.7100,258.4000,1.799899
FILLER_91_358,VPWR,li1,172.0400,258.4000,1.799892
FILLER_91_353,VPWR,li1,168.3600,258.4000,1.799871
FILLER_91_345,VPWR,li1,166.0600,258.4000,1.799862
FILLER_91_337,VPWR,li1,161.0000,258.4000,1.799841
FILLER_91_330,VPWR,li1,158.7000,258.4000,1.799823
FILLER_91_297,VPWR,li1,142.6000,258.4000,1.799773
FILLER_91_281,VPWR,li1,135.7000,258.4000,1.799774
FILLER_91_278,VPWR,li1,133.8600,258.4000,1.799774
FILLER_91_270,VPWR,li1,131.5600,258.4000,1.799774
FILLER_91_258,VPWR,li1,126.9600,258.4000,1.799776
FILLER_91_251,VPWR,li1,121.4400,258.4000,1.799778
FILLER_91_245,VPWR,li1,118.4500,258.4000,1.799779
FILLER_91_233,VPWR,li1,113.3900,258.4000,1.799780
FILLER_91_225,VPWR,li1,110.8600,258.4000,1.799782
FILLER_91_223,VPWR,li1,108.3300,258.4000,1.799783
FILLER_91_211,VPWR,li1,103.2700,258.4000,1.799786
FILLER_91_199,VPWR,li1,99.8200,258.4000,1.799788
FILLER_91_187,VPWR,li1,92.0000,258.4000,1.799796
FILLER_91_183,VPWR,li1,89.9300,258.4000,1.799798
FILLER_91_163,VPWR,li1,80.7300,258.4000,1.799809
FILLER_91_159,VPWR,li1,79.5800,258.4000,1.799809
FILLER_91_147,VPWR,li1,75.9000,258.4000,1.799815
FILLER_91_135,VPWR,li1,70.3800,258.4000,1.799828
FILLER_91_125,VPWR,li1,63.9400,258.4000,1.799839
FILLER_91_113,VPWR,li1,60.2600,258.4000,1.799846
FILLER_91_100,VPWR,li1,54.2800,258.4000,1.799860
FILLER_91_88,VPWR,li1,46.2300,258.4000,1.799882
FILLER_91_84,VPWR,li1,45.0800,258.4000,1.799882
FILLER_91_53,VPWR,li1,30.5900,258.4000,1.799924
FILLER_91_36,VPWR,li1,22.3100,258.4000,1.799954
FILLER_91_29,VPWR,li1,19.7800,258.4000,1.799951
FILLER_91_19,VPWR,li1,15.6400,258.4000,1.799945
FILLER_90_676,VPWR,li1,318.3200,258.4000,1.799562
FILLER_90_664,VPWR,li1,313.7200,258.4000,1.799569
FILLER_90_652,VPWR,li1,306.3600,258.4000,1.799576
FILLER_90_628,VPWR,li1,295.0900,258.4000,1.799592
FILLER_90_610,VPWR,li1,286.3500,258.4000,1.799605
FILLER_90_602,VPWR,li1,284.2800,258.4000,1.799608
FILLER_90_593,VPWR,li1,278.9900,258.4000,1.799618
FILLER_90_586,VPWR,li1,275.5400,258.4000,1.799621
FILLER_90_572,VPWR,li1,270.4800,258.4000,1.799629
FILLER_90_561,VPWR,li1,264.0400,258.4000,1.799641
FILLER_90_545,VPWR,li1,258.9800,258.4000,1.799649
FILLER_90_533,VPWR,li1,253.4600,258.4000,1.799659
FILLER_90_529,VPWR,li1,249.5500,258.4000,1.799668
FILLER_90_521,VPWR,li1,247.0200,258.4000,1.799672
FILLER_90_514,VPWR,li1,242.1900,258.4000,1.799680
FILLER_90_508,VPWR,li1,239.6600,258.4000,1.799686
FILLER_90_500,VPWR,li1,237.3600,258.4000,1.799693
FILLER_90_470,VPWR,li1,222.4100,258.4000,1.799732
FILLER_90_454,VPWR,li1,215.0500,258.4000,1.799756
FILLER_90_446,VPWR,li1,212.5200,258.4000,1.799765
FILLER_90_432,VPWR,li1,204.7000,258.4000,1.799791
FILLER_90_421,VPWR,li1,201.0200,258.4000,1.799803
FILLER_90_418,VPWR,li1,198.2600,258.4000,1.799813
FILLER_90_410,VPWR,li1,195.9600,258.4000,1.799822
FILLER_90_400,VPWR,li1,190.2100,258.4000,1.799851
FILLER_90_388,VPWR,li1,186.7600,258.4000,1.799866
FILLER_90_376,VPWR,li1,181.2400,258.4000,1.799886
FILLER_90_371,VPWR,li1,176.4100,258.4000,1.799908
FILLER_90_365,VPWR,li1,174.8000,258.4000,1.799908
FILLER_90_363,VPWR,li1,172.7300,258.4000,1.799892
FILLER_90_359,VPWR,li1,171.5800,258.4000,1.799892
FILLER_90_336,VPWR,li1,160.3100,258.4000,1.799832
FILLER_90_332,VPWR,li1,159.1600,258.4000,1.799832
FILLER_90_284,VPWR,li1,136.8500,258.4000,1.799773
FILLER_90_275,VPWR,li1,132.7100,258.4000,1.799774
FILLER_90_261,VPWR,li1,126.0400,258.4000,1.799776
FILLER_90_253,VPWR,li1,123.7400,258.4000,1.799777
FILLER_90_240,VPWR,li1,118.6800,258.4000,1.799779
FILLER_90_234,VPWR,li1,113.3900,258.4000,1.799780
FILLER_90_226,VPWR,li1,111.3200,258.4000,1.799782
FILLER_90_205,VPWR,li1,100.2800,258.4000,1.799788
FILLER_90_197,VPWR,li1,97.9800,258.4000,1.799790
FILLER_90_195,VPWR,li1,95.4500,258.4000,1.799792
FILLER_90_191,VPWR,li1,94.3000,258.4000,1.799794
FILLER_90_137,VPWR,li1,69.2300,258.4000,1.799828
FILLER_90_129,VPWR,li1,66.7000,258.4000,1.799834
FILLER_90_117,VPWR,li1,62.1000,258.4000,1.799843
FILLER_90_108,VPWR,li1,55.6600,258.4000,1.799856
FILLER_90_100,VPWR,li1,51.7500,258.4000,1.799865
FILLER_90_92,VPWR,li1,48.0700,258.4000,1.799875
FILLER_90_54,VPWR,li1,31.0500,258.4000,1.799924
FILLER_90_46,VPWR,li1,28.5200,258.4000,1.799931
FILLER_90_34,VPWR,li1,23.9200,258.4000,1.799946
FILLER_90_3,VPWR,li1,7.1300,258.4000,1.799942
FILLER_89_691,VPWR,li1,323.6100,252.9600,1.799558
FILLER_89_687,VPWR,li1,322.4600,252.9600,1.799558
FILLER_89_681,VPWR,li1,319.0100,252.9600,1.799558
FILLER_89_673,VPWR,li1,316.9400,252.9600,1.799558
FILLER_89_669,VPWR,li1,313.9500,252.9600,1.799558
FILLER_89_623,VPWR,li1,292.7900,252.9600,1.799570
FILLER_89_613,VPWR,li1,288.1900,252.9600,1.799575
FILLER_89_601,VPWR,li1,282.2100,252.9600,1.799583
FILLER_89_575,VPWR,li1,270.9400,252.9600,1.799602
FILLER_89_565,VPWR,li1,265.6500,252.9600,1.799614
FILLER_89_557,VPWR,li1,262.4300,252.9600,1.799619
FILLER_89_545,VPWR,li1,258.9800,252.9600,1.799625
FILLER_89_539,VPWR,li1,253.6900,252.9600,1.799637
FILLER_89_533,VPWR,li1,252.0800,252.9600,1.799641
FILLER_89_524,VPWR,li1,247.9400,252.9600,1.799652
FILLER_89_512,VPWR,li1,243.8000,252.9600,1.799664
FILLER_89_491,VPWR,li1,231.6100,252.9600,1.799699
FILLER_89_482,VPWR,li1,227.4700,252.9600,1.799718
FILLER_89_470,VPWR,li1,224.4800,252.9600,1.799728
FILLER_89_458,VPWR,li1,218.9600,252.9600,1.799744
FILLER_89_449,VPWR,li1,212.5200,252.9600,1.799769
FILLER_89_441,VPWR,li1,208.8400,252.9600,1.799788
FILLER_89_405,VPWR,li1,192.0500,252.9600,1.799859
FILLER_89_388,VPWR,li1,184.2300,252.9600,1.799888
FILLER_89_382,VPWR,li1,182.6200,252.9600,1.799896
FILLER_89_377,VPWR,li1,179.4000,252.9600,1.799918
FILLER_89_369,VPWR,li1,177.1000,252.9600,1.799929
FILLER_89_344,VPWR,li1,165.6000,252.9600,1.799906
FILLER_89_337,VPWR,li1,160.7700,252.9600,1.799893
FILLER_89_332,VPWR,li1,159.1600,252.9600,1.799893
FILLER_89_314,VPWR,li1,150.4200,252.9600,1.799875
FILLER_89_278,VPWR,li1,133.8600,252.9600,1.799861
FILLER_89_270,VPWR,li1,131.5600,252.9600,1.799858
FILLER_89_258,VPWR,li1,126.0400,252.9600,1.799855
FILLER_89_237,VPWR,li1,117.3000,252.9600,1.799850
FILLER_89_225,VPWR,li1,111.7800,252.9600,1.799848
FILLER_89_218,VPWR,li1,107.1800,252.9600,1.799847
FILLER_89_186,VPWR,li1,92.4600,252.9600,1.799845
FILLER_89_172,VPWR,li1,85.1000,252.9600,1.799846
FILLER_89_162,VPWR,li1,81.4200,252.9600,1.799847
FILLER_89_133,VPWR,li1,66.9300,252.9600,1.799855
FILLER_89_129,VPWR,li1,65.7800,252.9600,1.799855
FILLER_89_120,VPWR,li1,61.1800,252.9600,1.799859
FILLER_89_111,VPWR,li1,56.8100,252.9600,1.799865
FILLER_89_104,VPWR,li1,53.5900,252.9600,1.799869
FILLER_89_96,VPWR,li1,51.5200,252.9600,1.799872
FILLER_89_88,VPWR,li1,46.4600,252.9600,1.799880
FILLER_89_80,VPWR,li1,43.0100,252.9600,1.799886
FILLER_89_72,VPWR,li1,40.4800,252.9600,1.799890
FILLER_89_48,VPWR,li1,29.4400,252.9600,1.799907
FILLER_89_36,VPWR,li1,24.8400,252.9600,1.799916
FILLER_89_11,VPWR,li1,10.8100,252.9600,1.799915
FILLER_88_693,VPWR,li1,324.9900,252.9600,1.799558
FILLER_88_661,VPWR,li1,309.8100,252.9600,1.799558
FILLER_88_657,VPWR,li1,308.6600,252.9600,1.799558
FILLER_88_653,VPWR,li1,306.1300,252.9600,1.799560
FILLER_88_645,VPWR,li1,304.0600,252.9600,1.799561
FILLER_88_642,VPWR,li1,301.3000,252.9600,1.799563
FILLER_88_633,VPWR,li1,297.1600,252.9600,1.799567
FILLER_88_621,VPWR,li1,292.5600,252.9600,1.799570
FILLER_88_616,VPWR,li1,289.1100,252.9600,1.799575
FILLER_88_608,VPWR,li1,286.1200,252.9600,1.799578
FILLER_88_602,VPWR,li1,282.9000,252.9600,1.799583
FILLER_88_596,VPWR,li1,280.1400,252.9600,1.799586
FILLER_88_589,VPWR,li1,276.9200,252.9600,1.799594
FILLER_88_585,VPWR,li1,275.3100,252.9600,1.799594
FILLER_88_569,VPWR,li1,268.1800,252.9600,1.799607
FILLER_88_563,VPWR,li1,264.9600,252.9600,1.799614
FILLER_88_551,VPWR,li1,261.7400,252.9600,1.799619
FILLER_88_531,VPWR,li1,250.0100,252.9600,1.799646
FILLER_88_523,VPWR,li1,247.9400,252.9600,1.799652
FILLER_88_511,VPWR,li1,243.3400,252.9600,1.799664
FILLER_88_495,VPWR,li1,233.6800,252.9600,1.799692
FILLER_88_482,VPWR,li1,227.4700,252.9600,1.799718
FILLER_88_472,VPWR,li1,223.5600,252.9600,1.799728
FILLER_88_453,VPWR,li1,214.5900,252.9600,1.799761
FILLER_88_441,VPWR,li1,208.8400,252.9600,1.799788
FILLER_88_437,VPWR,li1,206.7700,252.9600,1.799797
FILLER_88_433,VPWR,li1,205.6200,252.9600,1.799797
FILLER_88_425,VPWR,li1,201.2500,252.9600,1.799815
FILLER_88_421,VPWR,li1,200.1000,252.9600,1.799824
FILLER_88_412,VPWR,li1,196.8800,252.9600,1.799837
FILLER_88_400,VPWR,li1,192.2800,252.9600,1.799859
FILLER_88_392,VPWR,li1,186.5300,252.9600,1.799879
FILLER_88_384,VPWR,li1,182.3900,252.9600,1.799896
FILLER_88_370,VPWR,li1,176.1800,252.9600,1.799929
FILLER_88_363,VPWR,li1,172.7300,252.9600,1.799920
FILLER_88_353,VPWR,li1,169.2800,252.9600,1.799915
FILLER_88_341,VPWR,li1,165.1400,252.9600,1.799906
FILLER_88_329,VPWR,li1,159.6200,252.9600,1.799893
FILLER_88_302,VPWR,li1,145.8200,252.9600,1.799870
FILLER_88_290,VPWR,li1,141.6800,252.9600,1.799866
FILLER_88_278,VPWR,li1,136.1600,252.9600,1.799862
FILLER_88_266,VPWR,li1,130.6400,252.9600,1.799858
FILLER_88_241,VPWR,li1,117.3000,252.9600,1.799850
FILLER_88_220,VPWR,li1,108.5600,252.9600,1.799847
FILLER_88_216,VPWR,li1,105.1100,252.9600,1.799846
FILLER_88_208,VPWR,li1,103.0400,252.9600,1.799845
FILLER_88_178,VPWR,li1,88.7800,252.9600,1.799845
FILLER_88_168,VPWR,li1,83.7200,252.9600,1.799846
FILLER_88_156,VPWR,li1,80.0400,252.9600,1.799848
FILLER_88_144,VPWR,li1,74.5200,252.9600,1.799850
FILLER_88_138,VPWR,li1,69.4600,252.9600,1.799852
FILLER_88_130,VPWR,li1,67.1600,252.9600,1.799855
FILLER_88_118,VPWR,li1,61.1800,252.9600,1.799859
FILLER_88_106,VPWR,li1,57.0400,252.9600,1.799865
FILLER_88_97,VPWR,li1,51.5200,252.9600,1.799872
FILLER_88_85,VPWR,li1,47.3800,252.9600,1.799880
FILLER_88_76,VPWR,li1,42.3200,252.9600,1.799886
FILLER_88_27,VPWR,li1,18.1700,252.9600,1.799919
FILLER_87_681,VPWR,li1,319.4700,247.5200,1.799465
FILLER_87_669,VPWR,li1,313.9500,247.5200,1.799468
FILLER_87_661,VPWR,li1,311.4200,247.5200,1.799470
FILLER_87_649,VPWR,li1,306.8200,247.5200,1.799473
FILLER_87_629,VPWR,li1,295.7800,247.5200,1.799489
FILLER_87_617,VPWR,li1,292.1000,247.5200,1.799496
FILLER_87_615,VPWR,li1,288.6500,247.5200,1.799503
FILLER_87_607,VPWR,li1,285.6600,247.5200,1.799508
FILLER_87_595,VPWR,li1,281.9800,247.5200,1.799513
FILLER_87_583,VPWR,li1,276.4600,247.5200,1.799526
FILLER_87_570,VPWR,li1,267.9500,247.5200,1.799542
FILLER_87_558,VPWR,li1,262.6600,247.5200,1.799554
FILLER_87_539,VPWR,li1,253.6900,247.5200,1.799582
FILLER_87_533,VPWR,li1,252.0800,247.5200,1.799582
FILLER_87_505,VPWR,li1,240.5800,247.5200,1.799620
FILLER_87_503,VPWR,li1,237.1300,247.5200,1.799630
FILLER_87_497,VPWR,li1,235.5200,247.5200,1.799641
FILLER_87_481,VPWR,li1,227.2400,247.5200,1.799666
FILLER_87_466,VPWR,li1,220.3400,247.5200,1.799692
FILLER_87_458,VPWR,li1,218.0400,247.5200,1.799701
FILLER_87_449,VPWR,li1,212.9800,247.5200,1.799722
FILLER_87_442,VPWR,li1,210.2200,247.5200,1.799733
FILLER_87_429,VPWR,li1,204.2400,247.5200,1.799757
FILLER_87_417,VPWR,li1,198.0300,247.5200,1.799789
FILLER_87_405,VPWR,li1,194.5800,247.5200,1.799803
FILLER_87_393,VPWR,li1,189.0600,247.5200,1.799822
FILLER_87_386,VPWR,li1,184.4600,247.5200,1.799847
FILLER_87_380,VPWR,li1,180.5500,247.5200,1.799871
FILLER_87_376,VPWR,li1,179.4000,247.5200,1.799871
FILLER_87_372,VPWR,li1,176.8700,247.5200,1.799884
FILLER_87_368,VPWR,li1,175.7200,247.5200,1.799893
FILLER_87_356,VPWR,li1,172.0400,247.5200,1.799876
FILLER_87_348,VPWR,li1,165.8300,247.5200,1.799841
FILLER_87_340,VPWR,li1,163.7600,247.5200,1.799825
FILLER_87_334,VPWR,li1,159.6200,247.5200,1.799806
FILLER_87_320,VPWR,li1,154.5600,247.5200,1.799783
FILLER_87_308,VPWR,li1,149.9600,247.5200,1.799755
FILLER_87_296,VPWR,li1,142.6000,247.5200,1.799721
FILLER_87_285,VPWR,li1,136.8500,247.5200,1.799684
FILLER_87_281,VPWR,li1,135.7000,247.5200,1.799684
FILLER_87_277,VPWR,li1,133.6300,247.5200,1.799673
FILLER_87_258,VPWR,li1,124.4300,247.5200,1.799631
FILLER_87_246,VPWR,li1,119.6000,247.5200,1.799608
FILLER_87_225,VPWR,li1,109.2500,247.5200,1.799577
FILLER_87_223,VPWR,li1,108.3300,247.5200,1.799577
FILLER_87_215,VPWR,li1,106.2600,247.5200,1.799585
FILLER_87_211,VPWR,li1,102.8100,247.5200,1.799597
FILLER_87_205,VPWR,li1,101.2000,247.5200,1.799597
FILLER_87_189,VPWR,li1,92.9200,247.5200,1.799623
FILLER_87_181,VPWR,li1,90.6200,247.5200,1.799630
FILLER_87_169,VPWR,li1,86.0200,247.5200,1.799645
FILLER_87_167,VPWR,li1,82.5700,247.5200,1.799656
FILLER_87_148,VPWR,li1,74.9800,247.5200,1.799687
FILLER_87_136,VPWR,li1,70.8400,247.5200,1.799701
FILLER_87_127,VPWR,li1,65.3200,247.5200,1.799720
FILLER_87_113,VPWR,li1,57.7300,247.5200,1.799757
FILLER_87_106,VPWR,li1,54.7400,247.5200,1.799766
FILLER_87_96,VPWR,li1,50.6000,247.5200,1.799789
FILLER_87_76,VPWR,li1,40.7100,247.5200,1.799837
FILLER_87_57,VPWR,li1,32.6600,247.5200,1.799872
FILLER_87_52,VPWR,li1,30.3600,247.5200,1.799884
FILLER_87_44,VPWR,li1,26.6800,247.5200,1.799911
FILLER_87_37,VPWR,li1,22.7700,247.5200,1.799923
FILLER_87_19,VPWR,li1,14.7200,247.5200,1.799928
FILLER_87_7,VPWR,li1,9.4300,247.5200,1.799926
FILLER_86_697,VPWR,li1,326.8300,247.5200,1.799463
FILLER_86_689,VPWR,li1,324.3000,247.5200,1.799463
FILLER_86_667,VPWR,li1,315.1000,247.5200,1.799468
FILLER_86_643,VPWR,li1,301.5300,247.5200,1.799482
FILLER_86_637,VPWR,li1,299.9200,247.5200,1.799482
FILLER_86_609,VPWR,li1,286.1200,247.5200,1.799508
FILLER_86_604,VPWR,li1,283.5900,247.5200,1.799513
FILLER_86_598,VPWR,li1,281.9800,247.5200,1.799513
FILLER_86_589,VPWR,li1,277.1500,247.5200,1.799522
FILLER_86_568,VPWR,li1,267.0300,247.5200,1.799547
FILLER_86_564,VPWR,li1,265.8800,247.5200,1.799547
FILLER_86_545,VPWR,li1,257.6000,247.5200,1.799570
FILLER_86_533,VPWR,li1,253.4600,247.5200,1.799582
FILLER_86_531,VPWR,li1,250.0100,247.5200,1.799590
FILLER_86_513,VPWR,li1,243.3400,247.5200,1.799608
FILLER_86_509,VPWR,li1,239.8900,247.5200,1.799620
FILLER_86_503,VPWR,li1,238.2800,247.5200,1.799630
FILLER_86_491,VPWR,li1,234.1400,247.5200,1.799641
FILLER_86_477,VPWR,li1,225.4000,247.5200,1.799679
FILLER_86_473,VPWR,li1,223.7900,247.5200,1.799679
FILLER_86_465,VPWR,li1,221.2600,247.5200,1.799692
FILLER_86_453,VPWR,li1,216.6600,247.5200,1.799713
FILLER_86_441,VPWR,li1,211.1400,247.5200,1.799733
FILLER_86_429,VPWR,li1,205.6200,247.5200,1.799757
FILLER_86_412,VPWR,li1,196.8800,247.5200,1.799789
FILLER_86_408,VPWR,li1,193.4300,247.5200,1.799803
FILLER_86_388,VPWR,li1,184.2300,247.5200,1.799847
FILLER_86_384,VPWR,li1,183.0800,247.5200,1.799858
FILLER_86_372,VPWR,li1,179.4000,247.5200,1.799871
FILLER_86_363,VPWR,li1,172.7300,247.5200,1.799876
FILLER_86_351,VPWR,li1,169.7400,247.5200,1.799864
FILLER_86_337,VPWR,li1,160.7700,247.5200,1.799815
FILLER_86_329,VPWR,li1,157.0900,247.5200,1.799796
FILLER_86_321,VPWR,li1,155.0200,247.5200,1.799783
FILLER_86_306,VPWR,li1,146.7400,247.5200,1.799739
FILLER_86_276,VPWR,li1,133.1700,247.5200,1.799673
FILLER_86_268,VPWR,li1,130.6400,247.5200,1.799657
FILLER_86_256,VPWR,li1,126.0400,247.5200,1.799631
FILLER_86_240,VPWR,li1,118.6800,247.5200,1.799599
FILLER_86_212,VPWR,li1,103.2700,247.5200,1.799591
FILLER_86_197,VPWR,li1,97.9800,247.5200,1.799607
FILLER_86_177,VPWR,li1,87.6300,247.5200,1.799645
FILLER_86_163,VPWR,li1,80.7300,247.5200,1.799666
FILLER_86_141,VPWR,li1,71.0700,247.5200,1.799701
FILLER_86_139,VPWR,li1,69.6900,247.5200,1.799701
FILLER_86_126,VPWR,li1,64.8600,247.5200,1.799720
FILLER_86_114,VPWR,li1,60.7200,247.5200,1.799743
FILLER_86_97,VPWR,li1,50.6000,247.5200,1.799789
FILLER_86_85,VPWR,li1,45.0800,247.5200,1.799812
FILLER_86_76,VPWR,li1,42.3200,247.5200,1.799823
FILLER_86_65,VPWR,li1,35.6500,247.5200,1.799862
FILLER_86_61,VPWR,li1,34.5000,247.5200,1.799862
FILLER_86_49,VPWR,li1,30.8200,247.5200,1.799884
FILLER_86_37,VPWR,li1,25.3000,247.5200,1.799911
FILLER_86_20,VPWR,li1,15.6400,247.5200,1.799929
FILLER_86_3,VPWR,li1,7.1300,247.5200,1.799926
FILLER_85_699,VPWR,li1,327.2900,242.0800,1.799405
FILLER_85_687,VPWR,li1,324.3000,242.0800,1.799405
FILLER_85_673,VPWR,li1,316.4800,242.0800,1.799405
FILLER_85_668,VPWR,li1,313.7200,242.0800,1.799405
FILLER_85_652,VPWR,li1,305.6700,242.0800,1.799405
FILLER_85_648,VPWR,li1,304.5200,242.0800,1.799405
FILLER_85_607,VPWR,li1,285.2000,242.0800,1.799418
FILLER_85_582,VPWR,li1,273.4700,242.0800,1.799430
FILLER_85_570,VPWR,li1,268.4100,242.0800,1.799437
FILLER_85_552,VPWR,li1,261.2800,242.0800,1.799448
FILLER_85_521,VPWR,li1,245.6400,242.0800,1.799484
FILLER_85_493,VPWR,li1,234.1400,242.0800,1.799520
FILLER_85_469,VPWR,li1,221.9500,242.0800,1.799564
FILLER_85_461,VPWR,li1,219.4200,242.0800,1.799574
FILLER_85_449,VPWR,li1,214.8200,242.0800,1.799591
FILLER_85_430,VPWR,li1,203.7800,242.0800,1.799641
FILLER_85_422,VPWR,li1,201.4800,242.0800,1.799653
FILLER_85_403,VPWR,li1,191.5900,242.0800,1.799739
FILLER_85_393,VPWR,li1,186.7600,242.0800,1.799787
FILLER_85_391,VPWR,li1,185.6100,242.0800,1.799787
FILLER_85_383,VPWR,li1,183.5400,242.0800,1.799806
FILLER_85_371,VPWR,li1,178.9400,242.0800,1.799852
FILLER_85_355,VPWR,li1,169.5100,242.0800,1.799872
FILLER_85_347,VPWR,li1,166.9800,242.0800,1.799866
FILLER_85_337,VPWR,li1,161.4600,242.0800,1.799855
FILLER_85_335,VPWR,li1,159.8500,242.0800,1.799855
FILLER_85_331,VPWR,li1,158.7000,242.0800,1.799850
FILLER_85_319,VPWR,li1,155.0200,242.0800,1.799846
FILLER_85_307,VPWR,li1,149.5000,242.0800,1.799837
FILLER_85_296,VPWR,li1,141.9100,242.0800,1.799823
FILLER_85_288,VPWR,li1,139.8400,242.0800,1.799818
FILLER_85_281,VPWR,li1,135.0100,242.0800,1.799810
FILLER_85_252,VPWR,li1,124.2000,242.0800,1.799797
FILLER_85_237,VPWR,li1,115.0000,242.0800,1.799785
FILLER_85_222,VPWR,li1,108.1000,242.0800,1.799781
FILLER_85_184,VPWR,li1,90.6200,242.0800,1.799787
FILLER_85_172,VPWR,li1,87.4000,242.0800,1.799792
FILLER_85_137,VPWR,li1,69.2300,242.0800,1.799823
FILLER_85_125,VPWR,li1,65.7800,242.0800,1.799831
FILLER_85_113,VPWR,li1,60.2600,242.0800,1.799846
FILLER_85_104,VPWR,li1,55.2000,242.0800,1.799861
FILLER_85_92,VPWR,li1,50.6000,242.0800,1.799869
FILLER_85_80,VPWR,li1,45.0800,242.0800,1.799887
FILLER_85_68,VPWR,li1,39.5600,242.0800,1.799901
FILLER_85_57,VPWR,li1,32.4300,242.0800,1.799920
FILLER_85_52,VPWR,li1,30.3600,242.0800,1.799926
FILLER_85_42,VPWR,li1,26.2200,242.0800,1.799939
FILLER_85_23,VPWR,li1,17.4800,242.0800,1.799953
FILLER_85_11,VPWR,li1,13.3400,242.0800,1.799951
FILLER_84_698,VPWR,li1,327.0600,242.0800,1.799405
FILLER_84_690,VPWR,li1,324.7600,242.0800,1.799405
FILLER_84_678,VPWR,li1,320.1600,242.0800,1.799405
FILLER_84_661,VPWR,li1,309.8100,242.0800,1.799405
FILLER_84_657,VPWR,li1,308.6600,242.0800,1.799405
FILLER_84_645,VPWR,li1,304.9800,242.0800,1.799405
FILLER_84_638,VPWR,li1,300.3800,242.0800,1.799405
FILLER_84_632,VPWR,li1,296.9300,242.0800,1.799408
FILLER_84_620,VPWR,li1,293.4800,242.0800,1.799410
FILLER_84_612,VPWR,li1,287.5000,242.0800,1.799415
FILLER_84_600,VPWR,li1,284.2800,242.0800,1.799419
FILLER_84_593,VPWR,li1,278.5300,242.0800,1.799425
FILLER_84_589,VPWR,li1,277.3800,242.0800,1.799428
FILLER_84_587,VPWR,li1,275.7700,242.0800,1.799428
FILLER_84_579,VPWR,li1,273.7000,242.0800,1.799430
FILLER_84_570,VPWR,li1,268.4100,242.0800,1.799437
FILLER_84_541,VPWR,li1,254.8400,242.0800,1.799461
FILLER_84_533,VPWR,li1,252.5400,242.0800,1.799466
FILLER_84_531,VPWR,li1,250.0100,242.0800,1.799475
FILLER_84_527,VPWR,li1,248.8600,242.0800,1.799475
FILLER_84_512,VPWR,li1,242.4200,242.0800,1.799495
FILLER_84_494,VPWR,li1,234.6000,242.0800,1.799520
FILLER_84_481,VPWR,li1,227.0100,242.0800,1.799546
FILLER_84_477,VPWR,li1,225.8600,242.0800,1.799556
FILLER_84_466,VPWR,li1,220.8000,242.0800,1.799574
FILLER_84_449,VPWR,li1,212.2900,242.0800,1.799609
FILLER_84_440,VPWR,li1,208.6100,242.0800,1.799619
FILLER_84_432,VPWR,li1,204.4700,242.0800,1.799641
FILLER_84_405,VPWR,li1,192.2800,242.0800,1.799739
FILLER_84_391,VPWR,li1,186.0700,242.0800,1.799787
FILLER_84_380,VPWR,li1,181.2400,242.0800,1.799828
FILLER_84_365,VPWR,li1,175.2600,242.0800,1.799885
FILLER_84_363,VPWR,li1,172.7300,242.0800,1.799877
FILLER_84_359,VPWR,li1,171.5800,242.0800,1.799877
FILLER_84_351,VPWR,li1,167.2100,242.0800,1.799866
FILLER_84_345,VPWR,li1,165.6000,242.0800,1.799866
FILLER_84_341,VPWR,li1,162.6100,242.0800,1.799860
FILLER_84_333,VPWR,li1,158.9300,242.0800,1.799850
FILLER_84_321,VPWR,li1,154.5600,242.0800,1.799846
FILLER_84_309,VPWR,li1,150.4200,242.0800,1.799837
FILLER_84_304,VPWR,li1,146.2800,242.0800,1.799831
FILLER_84_287,VPWR,li1,138.4600,242.0800,1.799818
FILLER_84_275,VPWR,li1,134.7800,242.0800,1.799810
FILLER_84_266,VPWR,li1,128.1100,242.0800,1.799802
FILLER_84_251,VPWR,li1,121.2100,242.0800,1.799791
FILLER_84_247,VPWR,li1,120.0600,242.0800,1.799791
FILLER_84_221,VPWR,li1,107.6400,242.0800,1.799781
FILLER_84_209,VPWR,li1,104.4200,242.0800,1.799781
FILLER_84_197,VPWR,li1,98.9000,242.0800,1.799782
FILLER_84_193,VPWR,li1,94.9900,242.0800,1.799783
FILLER_84_184,VPWR,li1,91.5400,242.0800,1.799787
FILLER_84_164,VPWR,li1,81.6500,242.0800,1.799797
FILLER_84_141,VPWR,li1,71.0700,242.0800,1.799818
FILLER_84_129,VPWR,li1,65.0900,242.0800,1.799836
FILLER_84_116,VPWR,li1,59.5700,242.0800,1.799846
FILLER_84_108,VPWR,li1,57.0400,242.0800,1.799853
FILLER_84_101,VPWR,li1,52.2100,242.0800,1.799869
FILLER_84_97,VPWR,li1,51.0600,242.0800,1.799869
FILLER_84_83,VPWR,li1,43.9300,242.0800,1.799887
FILLER_84_75,VPWR,li1,41.8600,242.0800,1.799893
FILLER_84_56,VPWR,li1,31.5100,242.0800,1.799926
FILLER_84_29,VPWR,li1,19.5500,242.0800,1.799954
FILLER_84_19,VPWR,li1,15.1800,242.0800,1.799952
FILLER_83_697,VPWR,li1,326.8300,236.6400,1.799412
FILLER_83_685,VPWR,li1,323.3800,236.6400,1.799412
FILLER_83_673,VPWR,li1,317.8600,236.6400,1.799412
FILLER_83_668,VPWR,li1,313.7200,236.6400,1.799412
FILLER_83_656,VPWR,li1,310.0400,236.6400,1.799412
FILLER_83_633,VPWR,li1,299.4600,236.6400,1.799423
FILLER_83_621,VPWR,li1,293.9400,236.6400,1.799437
FILLER_83_612,VPWR,li1,287.9600,236.6400,1.799452
FILLER_83_600,VPWR,li1,284.2800,236.6400,1.799462
FILLER_83_593,VPWR,li1,278.5300,236.6400,1.799478
FILLER_83_587,VPWR,li1,276.9200,236.6400,1.799487
FILLER_83_575,VPWR,li1,272.7800,236.6400,1.799497
FILLER_83_561,VPWR,li1,263.8100,236.6400,1.799520
FILLER_83_554,VPWR,li1,261.7400,236.6400,1.799527
FILLER_83_542,VPWR,li1,257.6000,236.6400,1.799540
FILLER_83_529,VPWR,li1,250.2400,236.6400,1.799565
FILLER_83_521,VPWR,li1,245.6400,236.6400,1.799582
FILLER_83_512,VPWR,li1,241.7300,236.6400,1.799597
FILLER_83_503,VPWR,li1,237.1300,236.6400,1.799620
FILLER_83_465,VPWR,li1,219.6500,236.6400,1.799692
FILLER_83_461,VPWR,li1,218.5000,236.6400,1.799692
FILLER_83_449,VPWR,li1,212.9800,236.6400,1.799715
FILLER_83_444,VPWR,li1,210.6800,236.6400,1.799725
FILLER_83_432,VPWR,li1,207.0000,236.6400,1.799748
FILLER_83_414,VPWR,li1,196.8800,236.6400,1.799796
FILLER_83_393,VPWR,li1,186.7600,236.6400,1.799851
FILLER_83_391,VPWR,li1,185.6100,236.6400,1.799865
FILLER_83_387,VPWR,li1,184.4600,236.6400,1.799865
FILLER_83_370,VPWR,li1,176.1800,236.6400,1.799922
FILLER_83_346,VPWR,li1,166.0600,236.6400,1.799909
FILLER_83_337,VPWR,li1,160.7700,236.6400,1.799903
FILLER_83_335,VPWR,li1,159.8500,236.6400,1.799901
FILLER_83_316,VPWR,li1,152.7200,236.6400,1.799894
FILLER_83_304,VPWR,li1,148.1200,236.6400,1.799887
FILLER_83_281,VPWR,li1,135.2400,236.6400,1.799876
FILLER_83_274,VPWR,li1,132.9400,236.6400,1.799874
FILLER_83_262,VPWR,li1,128.8000,236.6400,1.799870
FILLER_83_256,VPWR,li1,123.9700,236.6400,1.799866
FILLER_83_248,VPWR,li1,121.4400,236.6400,1.799865
FILLER_83_241,VPWR,li1,117.3000,236.6400,1.799862
FILLER_83_229,VPWR,li1,113.6200,236.6400,1.799861
FILLER_83_225,VPWR,li1,109.2500,236.6400,1.799857
FILLER_83_220,VPWR,li1,107.6400,236.6400,1.799857
FILLER_83_203,VPWR,li1,99.1300,236.6400,1.799855
FILLER_83_195,VPWR,li1,97.0600,236.6400,1.799855
FILLER_83_173,VPWR,li1,85.5600,236.6400,1.799855
FILLER_83_167,VPWR,li1,82.5700,236.6400,1.799855
FILLER_83_161,VPWR,li1,80.9600,236.6400,1.799855
FILLER_83_149,VPWR,li1,76.8200,236.6400,1.799858
FILLER_83_140,VPWR,li1,70.3800,236.6400,1.799863
FILLER_83_132,VPWR,li1,68.0800,236.6400,1.799865
FILLER_83_127,VPWR,li1,64.1700,236.6400,1.799872
FILLER_83_123,VPWR,li1,63.0200,236.6400,1.799872
FILLER_83_110,VPWR,li1,56.5800,236.6400,1.799884
FILLER_83_100,VPWR,li1,51.7500,236.6400,1.799892
FILLER_83_87,VPWR,li1,45.7700,236.6400,1.799903
FILLER_83_83,VPWR,li1,44.6200,236.6400,1.799903
FILLER_83_65,VPWR,li1,36.1100,236.6400,1.799921
FILLER_83_57,VPWR,li1,33.5800,236.6400,1.799926
FILLER_83_54,VPWR,li1,30.8200,236.6400,1.799933
FILLER_83_42,VPWR,li1,27.6000,236.6400,1.799940
FILLER_82_699,VPWR,li1,327.2900,236.6400,1.799412
FILLER_82_687,VPWR,li1,324.3000,236.6400,1.799412
FILLER_82_675,VPWR,li1,318.7800,236.6400,1.799412
FILLER_82_663,VPWR,li1,313.2600,236.6400,1.799412
FILLER_82_651,VPWR,li1,307.7400,236.6400,1.799412
FILLER_82_643,VPWR,li1,301.5300,236.6400,1.799418
FILLER_82_637,VPWR,li1,299.9200,236.6400,1.799423
FILLER_82_625,VPWR,li1,295.7800,236.6400,1.799432
FILLER_82_589,VPWR,li1,276.9200,236.6400,1.799487
FILLER_82_585,VPWR,li1,275.3100,236.6400,1.799487
FILLER_82_564,VPWR,li1,267.7200,236.6400,1.799513
FILLER_82_547,VPWR,li1,257.8300,236.6400,1.799540
FILLER_82_533,VPWR,li1,251.1600,236.6400,1.799565
FILLER_82_526,VPWR,li1,248.8600,236.6400,1.799575
FILLER_82_507,VPWR,li1,240.1200,236.6400,1.799606
FILLER_82_495,VPWR,li1,235.9800,236.6400,1.799620
FILLER_82_474,VPWR,li1,224.0200,236.6400,1.799668
FILLER_82_462,VPWR,li1,220.8000,236.6400,1.799682
FILLER_82_455,VPWR,li1,215.7400,236.6400,1.799704
FILLER_82_433,VPWR,li1,206.0800,236.6400,1.799748
FILLER_82_421,VPWR,li1,201.9400,236.6400,1.799775
FILLER_82_419,VPWR,li1,198.4900,236.6400,1.799786
FILLER_82_415,VPWR,li1,196.6500,236.6400,1.799796
FILLER_82_409,VPWR,li1,195.0400,236.6400,1.799811
FILLER_82_392,VPWR,li1,186.0700,236.6400,1.799865
FILLER_82_380,VPWR,li1,183.0800,236.6400,1.799880
FILLER_82_365,VPWR,li1,173.8800,236.6400,1.799919
FILLER_82_352,VPWR,li1,168.1300,236.6400,1.799912
FILLER_82_344,VPWR,li1,165.6000,236.6400,1.799909
FILLER_82_309,VPWR,li1,149.5000,236.6400,1.799890
FILLER_82_307,VPWR,li1,146.9700,236.6400,1.799887
FILLER_82_286,VPWR,li1,137.3100,236.6400,1.799878
FILLER_82_282,VPWR,li1,136.1600,236.6400,1.799876
FILLER_82_271,VPWR,li1,130.8700,236.6400,1.799872
FILLER_82_263,VPWR,li1,126.9600,236.6400,1.799868
FILLER_82_258,VPWR,li1,124.4300,236.6400,1.799866
FILLER_82_250,VPWR,li1,120.9800,236.6400,1.799865
FILLER_82_236,VPWR,li1,114.5400,236.6400,1.799861
FILLER_82_224,VPWR,li1,111.3200,236.6400,1.799859
FILLER_82_212,VPWR,li1,105.8000,236.6400,1.799856
FILLER_82_197,VPWR,li1,96.6000,236.6400,1.799855
FILLER_82_195,VPWR,li1,95.4500,236.6400,1.799855
FILLER_82_150,VPWR,li1,75.9000,236.6400,1.799858
FILLER_82_141,VPWR,li1,70.8400,236.6400,1.799863
FILLER_82_138,VPWR,li1,69.4600,236.6400,1.799863
FILLER_82_128,VPWR,li1,65.0900,236.6400,1.799869
FILLER_82_120,VPWR,li1,62.5600,236.6400,1.799874
FILLER_82_108,VPWR,li1,57.9600,236.6400,1.799880
FILLER_82_96,VPWR,li1,52.4400,236.6400,1.799889
FILLER_82_91,VPWR,li1,47.6100,236.6400,1.799897
FILLER_82_83,VPWR,li1,43.9300,236.6400,1.799907
FILLER_82_72,VPWR,li1,38.8700,236.6400,1.799916
FILLER_82_66,VPWR,li1,37.2600,236.6400,1.799921
FILLER_82_35,VPWR,li1,22.3100,236.6400,1.799953
FILLER_82_29,VPWR,li1,19.0900,236.6400,1.799954
FILLER_82_27,VPWR,li1,18.1700,236.6400,1.799954
FILLER_82_19,VPWR,li1,16.1000,236.6400,1.799951
FILLER_81_697,VPWR,li1,326.8300,231.2000,1.799456
FILLER_81_685,VPWR,li1,323.3800,231.2000,1.799456
FILLER_81_673,VPWR,li1,317.8600,231.2000,1.799456
FILLER_81_664,VPWR,li1,312.8000,231.2000,1.799468
FILLER_81_652,VPWR,li1,308.2000,231.2000,1.799479
FILLER_81_640,VPWR,li1,302.6800,231.2000,1.799493
FILLER_81_628,VPWR,li1,297.1600,231.2000,1.799504
FILLER_81_617,VPWR,li1,289.8000,231.2000,1.799524
FILLER_81_614,VPWR,li1,288.4200,231.2000,1.799524
FILLER_81_598,VPWR,li1,281.2900,231.2000,1.799541
FILLER_81_590,VPWR,li1,278.7600,231.2000,1.799549
FILLER_81_576,VPWR,li1,272.3200,231.2000,1.799563
FILLER_81_565,VPWR,li1,265.6500,231.2000,1.799584
FILLER_81_561,VPWR,li1,264.5000,231.2000,1.799584
FILLER_81_557,VPWR,li1,262.4300,231.2000,1.799592
FILLER_81_545,VPWR,li1,258.0600,231.2000,1.799603
FILLER_81_539,VPWR,li1,253.9200,231.2000,1.799616
FILLER_81_529,VPWR,li1,249.3200,231.2000,1.799630
FILLER_81_521,VPWR,li1,247.0200,231.2000,1.799637
FILLER_81_509,VPWR,li1,242.4200,231.2000,1.799653
FILLER_81_503,VPWR,li1,237.1300,231.2000,1.799673
FILLER_81_491,VPWR,li1,234.1400,231.2000,1.799679
FILLER_81_445,VPWR,li1,210.9100,231.2000,1.799767
FILLER_81_430,VPWR,li1,206.0800,231.2000,1.799780
FILLER_81_401,VPWR,li1,192.7400,231.2000,1.799835
FILLER_81_375,VPWR,li1,178.2500,231.2000,1.799909
FILLER_81_362,VPWR,li1,172.7300,231.2000,1.799919
FILLER_81_337,VPWR,li1,163.3000,231.2000,1.799900
FILLER_81_334,VPWR,li1,159.6200,231.2000,1.799895
FILLER_81_323,VPWR,li1,154.7900,231.2000,1.799887
FILLER_81_315,VPWR,li1,152.2600,231.2000,1.799884
FILLER_81_304,VPWR,li1,145.5900,231.2000,1.799873
FILLER_81_288,VPWR,li1,139.3800,231.2000,1.799864
FILLER_81_281,VPWR,li1,135.0100,231.2000,1.799858
FILLER_81_279,VPWR,li1,134.0900,231.2000,1.799856
FILLER_81_271,VPWR,li1,131.1000,231.2000,1.799853
FILLER_81_266,VPWR,li1,128.1100,231.2000,1.799847
FILLER_81_207,VPWR,li1,100.9700,231.2000,1.799824
FILLER_81_201,VPWR,li1,99.3600,231.2000,1.799823
FILLER_81_182,VPWR,li1,89.9300,231.2000,1.799824
FILLER_81_162,VPWR,li1,81.4200,231.2000,1.799833
FILLER_81_145,VPWR,li1,72.6800,231.2000,1.799845
FILLER_81_137,VPWR,li1,70.3800,231.2000,1.799850
FILLER_81_123,VPWR,li1,62.7900,231.2000,1.799860
FILLER_81_113,VPWR,li1,58.4200,231.2000,1.799868
FILLER_81_105,VPWR,li1,54.0500,231.2000,1.799878
FILLER_81_101,VPWR,li1,52.9000,231.2000,1.799878
FILLER_81_85,VPWR,li1,47.3800,231.2000,1.799891
FILLER_81_55,VPWR,li1,31.0500,231.2000,1.799928
FILLER_81_51,VPWR,li1,29.9000,231.2000,1.799928
FILLER_81_45,VPWR,li1,26.9100,231.2000,1.799938
FILLER_81_24,VPWR,li1,17.0200,231.2000,1.799953
FILLER_81_11,VPWR,li1,12.4200,231.2000,1.799951
FILLER_80_698,VPWR,li1,327.0600,231.2000,1.799456
FILLER_80_686,VPWR,li1,323.8400,231.2000,1.799456
FILLER_80_669,VPWR,li1,314.6400,231.2000,1.799464
FILLER_80_657,VPWR,li1,310.5000,231.2000,1.799473
FILLER_80_645,VPWR,li1,304.9800,231.2000,1.799486
FILLER_80_632,VPWR,li1,299.0000,231.2000,1.799500
FILLER_80_620,VPWR,li1,293.4800,231.2000,1.799513
FILLER_80_608,VPWR,li1,287.9600,231.2000,1.799529
FILLER_80_596,VPWR,li1,282.4400,231.2000,1.799541
FILLER_80_586,VPWR,li1,275.5400,231.2000,1.799556
FILLER_80_574,VPWR,li1,270.9400,231.2000,1.799571
FILLER_80_567,VPWR,li1,266.5700,231.2000,1.799578
FILLER_80_559,VPWR,li1,263.1200,231.2000,1.799592
FILLER_80_544,VPWR,li1,255.9900,231.2000,1.799609
FILLER_80_538,VPWR,li1,254.3800,231.2000,1.799616
FILLER_80_527,VPWR,li1,248.1700,231.2000,1.799637
FILLER_80_523,VPWR,li1,247.0200,231.2000,1.799637
FILLER_80_517,VPWR,li1,243.8000,231.2000,1.799648
FILLER_80_503,VPWR,li1,237.5900,231.2000,1.799673
FILLER_80_495,VPWR,li1,234.1400,231.2000,1.799679
FILLER_80_470,VPWR,li1,223.1000,231.2000,1.799717
FILLER_80_456,VPWR,li1,215.5100,231.2000,1.799750
FILLER_80_444,VPWR,li1,212.5200,231.2000,1.799758
FILLER_80_421,VPWR,li1,200.1000,231.2000,1.799810
FILLER_80_419,VPWR,li1,198.4900,231.2000,1.799810
FILLER_80_408,VPWR,li1,194.1200,231.2000,1.799835
FILLER_80_398,VPWR,li1,189.2900,231.2000,1.799857
FILLER_80_386,VPWR,li1,185.8400,231.2000,1.799868
FILLER_80_377,VPWR,li1,180.3200,231.2000,1.799896
FILLER_80_365,VPWR,li1,175.2600,231.2000,1.799924
FILLER_80_363,VPWR,li1,172.7300,231.2000,1.799919
FILLER_80_355,VPWR,li1,170.6600,231.2000,1.799915
FILLER_80_347,VPWR,li1,165.6000,231.2000,1.799905
FILLER_80_335,VPWR,li1,162.3800,231.2000,1.799900
FILLER_80_325,VPWR,li1,155.2500,231.2000,1.799887
FILLER_80_321,VPWR,li1,154.1000,231.2000,1.799887
FILLER_80_309,VPWR,li1,150.4200,231.2000,1.799880
FILLER_80_305,VPWR,li1,146.5100,231.2000,1.799873
FILLER_80_300,VPWR,li1,143.7500,231.2000,1.799868
FILLER_80_294,VPWR,li1,142.1400,231.2000,1.799868
FILLER_80_283,VPWR,li1,136.6200,231.2000,1.799861
FILLER_80_278,VPWR,li1,133.6300,231.2000,1.799856
FILLER_80_270,VPWR,li1,131.5600,231.2000,1.799853
FILLER_80_253,VPWR,li1,122.3600,231.2000,1.799840
FILLER_80_251,VPWR,li1,121.2100,231.2000,1.799840
FILLER_80_243,VPWR,li1,117.5300,231.2000,1.799834
FILLER_80_239,VPWR,li1,116.3800,231.2000,1.799834
FILLER_80_225,VPWR,li1,109.9400,231.2000,1.799829
FILLER_80_215,VPWR,li1,104.8800,231.2000,1.799826
FILLER_80_211,VPWR,li1,102.8100,231.2000,1.799825
FILLER_80_205,VPWR,li1,101.2000,231.2000,1.799824
FILLER_80_183,VPWR,li1,91.0800,231.2000,1.799823
FILLER_80_153,VPWR,li1,78.6600,231.2000,1.799838
FILLER_80_141,VPWR,li1,73.1400,231.2000,1.799845
FILLER_80_139,VPWR,li1,69.6900,231.2000,1.799850
FILLER_80_135,VPWR,li1,68.5400,231.2000,1.799853
FILLER_80_123,VPWR,li1,64.8600,231.2000,1.799857
FILLER_80_118,VPWR,li1,60.0300,231.2000,1.799868
FILLER_80_112,VPWR,li1,57.2700,231.2000,1.799873
FILLER_80_93,VPWR,li1,48.5300,231.2000,1.799886
FILLER_80_82,VPWR,li1,43.7000,231.2000,1.799896
FILLER_80_62,VPWR,li1,34.7300,231.2000,1.799916
FILLER_80_38,VPWR,li1,24.8400,231.2000,1.799944
FILLER_80_29,VPWR,li1,19.0900,231.2000,1.799955
FILLER_80_20,VPWR,li1,16.5600,231.2000,1.799953
FILLER_80_3,VPWR,li1,7.1300,231.2000,1.799950
FILLER_79_694,VPWR,li1,326.1400,225.7600,1.799760
FILLER_79_682,VPWR,li1,322.0000,225.7600,1.799760
FILLER_79_673,VPWR,li1,315.5600,225.7600,1.799760
FILLER_79_671,VPWR,li1,314.4100,225.7600,1.799761
FILLER_79_665,VPWR,li1,312.8000,225.7600,1.799761
FILLER_79_653,VPWR,li1,308.6600,225.7600,1.799762
FILLER_79_641,VPWR,li1,303.1400,225.7600,1.799763
FILLER_79_629,VPWR,li1,297.6200,225.7600,1.799764
FILLER_79_617,VPWR,li1,292.1000,225.7600,1.799766
FILLER_79_613,VPWR,li1,288.1900,225.7600,1.799767
FILLER_79_582,VPWR,li1,273.7000,225.7600,1.799774
FILLER_79_574,VPWR,li1,271.4000,225.7600,1.799775
FILLER_79_561,VPWR,li1,264.5000,225.7600,1.799780
FILLER_79_552,VPWR,li1,261.2800,225.7600,1.799782
FILLER_79_539,VPWR,li1,253.6900,225.7600,1.799789
FILLER_79_533,VPWR,li1,252.0800,225.7600,1.799791
FILLER_79_527,VPWR,li1,248.1700,225.7600,1.799794
FILLER_79_511,VPWR,li1,241.5000,225.7600,1.799802
FILLER_79_501,VPWR,li1,236.6700,225.7600,1.799808
FILLER_79_494,VPWR,li1,233.4500,225.7600,1.799812
FILLER_79_486,VPWR,li1,230.9200,225.7600,1.799816
FILLER_79_473,VPWR,li1,224.0200,225.7600,1.799827
FILLER_79_461,VPWR,li1,220.3400,225.7600,1.799835
FILLER_79_449,VPWR,li1,214.8200,225.7600,1.799844
FILLER_79_447,VPWR,li1,211.3700,225.7600,1.799848
FILLER_79_441,VPWR,li1,209.7600,225.7600,1.799853
FILLER_79_432,VPWR,li1,204.4700,225.7600,1.799861
FILLER_79_420,VPWR,li1,201.4800,225.7600,1.799866
FILLER_79_411,VPWR,li1,195.0400,225.7600,1.799881
FILLER_79_388,VPWR,li1,184.2300,225.7600,1.799909
FILLER_79_384,VPWR,li1,183.0800,225.7600,1.799909
FILLER_79_371,VPWR,li1,177.1000,225.7600,1.799927
FILLER_79_359,VPWR,li1,173.4200,225.7600,1.799924
FILLER_79_337,VPWR,li1,161.2300,225.7600,1.799880
FILLER_79_326,VPWR,li1,155.7100,225.7600,1.799860
FILLER_79_318,VPWR,li1,153.6400,225.7600,1.799852
FILLER_79_302,VPWR,li1,146.2800,225.7600,1.799831
FILLER_79_281,VPWR,li1,135.0100,225.7600,1.799793
FILLER_79_271,VPWR,li1,130.8700,225.7600,1.799779
FILLER_79_263,VPWR,li1,128.3400,225.7600,1.799772
FILLER_79_255,VPWR,li1,123.0500,225.7600,1.799760
FILLER_79_249,VPWR,li1,121.4400,225.7600,1.799752
FILLER_79_237,VPWR,li1,117.3000,225.7600,1.799740
FILLER_79_225,VPWR,li1,111.7800,225.7600,1.799725
FILLER_79_212,VPWR,li1,105.8000,225.7600,1.799713
FILLER_79_175,VPWR,li1,86.2500,225.7600,1.799723
FILLER_79_169,VPWR,li1,84.6400,225.7600,1.799729
FILLER_79_160,VPWR,li1,80.9600,225.7600,1.799733
FILLER_79_140,VPWR,li1,70.1500,225.7600,1.799765
FILLER_79_121,VPWR,li1,63.0200,225.7600,1.799786
FILLER_79_111,VPWR,li1,56.8100,225.7600,1.799806
FILLER_79_99,VPWR,li1,53.8200,225.7600,1.799817
FILLER_79_90,VPWR,li1,47.6100,225.7600,1.799840
FILLER_79_74,VPWR,li1,39.7900,225.7600,1.799872
FILLER_79_70,VPWR,li1,38.6400,225.7600,1.799872
FILLER_79_65,VPWR,li1,35.6500,225.7600,1.799884
FILLER_79_52,VPWR,li1,30.3600,225.7600,1.799910
FILLER_79_30,VPWR,li1,20.0100,225.7600,1.799940
FILLER_79_13,VPWR,li1,11.7300,225.7600,1.799931
FILLER_79_7,VPWR,li1,10.1200,225.7600,1.799931
FILLER_78_699,VPWR,li1,327.2900,225.7600,1.799760
FILLER_78_693,VPWR,li1,325.6800,225.7600,1.799760
FILLER_78_681,VPWR,li1,321.5400,225.7600,1.799760
FILLER_78_669,VPWR,li1,316.0200,225.7600,1.799760
FILLER_78_657,VPWR,li1,310.5000,225.7600,1.799761
FILLER_78_645,VPWR,li1,304.9800,225.7600,1.799763
FILLER_78_632,VPWR,li1,299.0000,225.7600,1.799764
FILLER_78_620,VPWR,li1,293.4800,225.7600,1.799766
FILLER_78_610,VPWR,li1,286.3500,225.7600,1.799767
FILLER_78_589,VPWR,li1,279.2200,225.7600,1.799771
FILLER_78_585,VPWR,li1,275.3100,225.7600,1.799774
FILLER_78_573,VPWR,li1,271.8600,225.7600,1.799775
FILLER_78_547,VPWR,li1,257.8300,225.7600,1.799784
FILLER_78_537,VPWR,li1,252.7700,225.7600,1.799789
FILLER_78_530,VPWR,li1,249.7800,225.7600,1.799794
FILLER_78_519,VPWR,li1,244.7200,225.7600,1.799798
FILLER_78_503,VPWR,li1,237.3600,225.7600,1.799808
FILLER_78_486,VPWR,li1,230.9200,225.7600,1.799816
FILLER_78_475,VPWR,li1,224.2500,225.7600,1.799827
FILLER_78_467,VPWR,li1,222.1800,225.7600,1.799830
FILLER_78_453,VPWR,li1,214.1300,225.7600,1.799844
FILLER_78_446,VPWR,li1,211.3700,225.7600,1.799848
FILLER_78_438,VPWR,li1,208.8400,225.7600,1.799853
FILLER_78_426,VPWR,li1,204.2400,225.7600,1.799861
FILLER_78_416,VPWR,li1,197.8000,225.7600,1.799874
FILLER_78_408,VPWR,li1,193.4300,225.7600,1.799881
FILLER_78_402,VPWR,li1,191.8200,225.7600,1.799887
FILLER_78_397,VPWR,li1,188.3700,225.7600,1.799895
FILLER_78_385,VPWR,li1,185.3800,225.7600,1.799903
FILLER_78_365,VPWR,li1,175.2600,225.7600,1.799932
FILLER_78_356,VPWR,li1,169.5100,225.7600,1.799906
FILLER_78_352,VPWR,li1,168.3600,225.7600,1.799906
FILLER_78_346,VPWR,li1,164.9100,225.7600,1.799888
FILLER_78_342,VPWR,li1,163.7600,225.7600,1.799888
FILLER_78_324,VPWR,li1,155.2500,225.7600,1.799860
FILLER_78_306,VPWR,li1,146.7400,225.7600,1.799831
FILLER_78_294,VPWR,li1,143.5200,225.7600,1.799822
FILLER_78_272,VPWR,li1,132.4800,225.7600,1.799787
FILLER_78_261,VPWR,li1,125.8100,225.7600,1.799764
FILLER_78_253,VPWR,li1,123.7400,225.7600,1.799760
FILLER_78_246,VPWR,li1,120.0600,225.7600,1.799752
FILLER_78_234,VPWR,li1,115.9200,225.7600,1.799740
FILLER_78_221,VPWR,li1,107.8700,225.7600,1.799719
FILLER_78_213,VPWR,li1,105.3400,225.7600,1.799713
FILLER_78_176,VPWR,li1,87.8600,225.7600,1.799723
FILLER_78_151,VPWR,li1,75.6700,225.7600,1.799750
FILLER_78_146,VPWR,li1,73.1400,225.7600,1.799758
FILLER_78_137,VPWR,li1,69.2300,225.7600,1.799765
FILLER_78_126,VPWR,li1,63.7100,225.7600,1.799786
FILLER_78_111,VPWR,li1,56.8100,225.7600,1.799806
FILLER_78_105,VPWR,li1,55.2000,225.7600,1.799817
FILLER_78_93,VPWR,li1,51.0600,225.7600,1.799831
FILLER_78_46,VPWR,li1,27.3700,225.7600,1.799917
FILLER_78_37,VPWR,li1,22.7700,225.7600,1.799942
FILLER_78_27,VPWR,li1,18.1700,225.7600,1.799937
FILLER_78_19,VPWR,li1,16.1000,225.7600,1.799934
FILLER_77_697,VPWR,li1,326.8300,220.3200,1.799070
FILLER_77_685,VPWR,li1,323.3800,220.3200,1.799070
FILLER_77_673,VPWR,li1,317.8600,220.3200,1.799070
FILLER_77_671,VPWR,li1,314.4100,220.3200,1.799070
FILLER_77_665,VPWR,li1,312.8000,220.3200,1.799070
FILLER_77_653,VPWR,li1,308.6600,220.3200,1.799070
FILLER_77_641,VPWR,li1,303.1400,220.3200,1.799070
FILLER_77_629,VPWR,li1,297.6200,220.3200,1.799070
FILLER_77_617,VPWR,li1,292.1000,220.3200,1.799071
FILLER_77_614,VPWR,li1,288.4200,220.3200,1.799071
FILLER_77_606,VPWR,li1,286.1200,220.3200,1.799071
FILLER_77_594,VPWR,li1,281.5200,220.3200,1.799071
FILLER_77_588,VPWR,li1,276.4600,220.3200,1.799071
FILLER_77_559,VPWR,li1,262.8900,220.3200,1.799113
FILLER_77_555,VPWR,li1,261.7400,220.3200,1.799127
FILLER_77_539,VPWR,li1,253.6900,220.3200,1.799193
FILLER_77_535,VPWR,li1,252.5400,220.3200,1.799193
FILLER_77_525,VPWR,li1,247.4800,220.3200,1.799232
FILLER_77_503,VPWR,li1,237.1300,220.3200,1.799317
FILLER_77_495,VPWR,li1,235.0600,220.3200,1.799334
FILLER_77_483,VPWR,li1,230.4600,220.3200,1.799373
FILLER_77_464,VPWR,li1,219.4200,220.3200,1.799473
FILLER_77_442,VPWR,li1,209.3000,220.3200,1.799581
FILLER_77_435,VPWR,li1,206.0800,220.3200,1.799598
FILLER_77_423,VPWR,li1,201.9400,220.3200,1.799646
FILLER_77_409,VPWR,li1,193.8900,220.3200,1.799718
FILLER_77_405,VPWR,li1,192.7400,220.3200,1.799737
FILLER_77_393,VPWR,li1,189.0600,220.3200,1.799766
FILLER_77_391,VPWR,li1,185.6100,220.3200,1.799803
FILLER_77_387,VPWR,li1,184.4600,220.3200,1.799803
FILLER_77_361,VPWR,li1,172.5000,220.3200,1.799887
FILLER_77_349,VPWR,li1,168.8200,220.3200,1.799880
FILLER_77_337,VPWR,li1,161.0000,220.3200,1.799871
FILLER_77_335,VPWR,li1,159.8500,220.3200,1.799871
FILLER_77_327,VPWR,li1,157.7800,220.3200,1.799868
FILLER_77_315,VPWR,li1,153.1800,220.3200,1.799864
FILLER_77_308,VPWR,li1,147.6600,220.3200,1.799857
FILLER_77_300,VPWR,li1,145.3600,220.3200,1.799855
FILLER_77_293,VPWR,li1,141.2200,220.3200,1.799850
FILLER_77_281,VPWR,li1,137.5400,220.3200,1.799848
FILLER_77_276,VPWR,li1,133.4000,220.3200,1.799844
FILLER_77_268,VPWR,li1,129.2600,220.3200,1.799842
FILLER_77_258,VPWR,li1,124.6600,220.3200,1.799839
FILLER_77_250,VPWR,li1,122.3600,220.3200,1.799837
FILLER_77_241,VPWR,li1,116.8400,220.3200,1.799835
FILLER_77_221,VPWR,li1,107.8700,220.3200,1.799836
FILLER_77_213,VPWR,li1,105.3400,220.3200,1.799836
FILLER_77_207,VPWR,li1,100.9700,220.3200,1.799837
FILLER_77_203,VPWR,li1,99.1300,220.3200,1.799838
FILLER_77_195,VPWR,li1,95.4500,220.3200,1.799840
FILLER_77_187,VPWR,li1,91.7700,220.3200,1.799842
FILLER_77_179,VPWR,li1,89.7000,220.3200,1.799844
FILLER_77_166,VPWR,li1,82.3400,220.3200,1.799848
FILLER_77_158,VPWR,li1,80.0400,220.3200,1.799850
FILLER_77_142,VPWR,li1,71.3000,220.3200,1.799858
FILLER_77_134,VPWR,li1,69.0000,220.3200,1.799860
FILLER_77_125,VPWR,li1,63.7100,220.3200,1.799866
FILLER_77_113,VPWR,li1,57.7300,220.3200,1.799875
FILLER_77_105,VPWR,li1,54.5100,220.3200,1.799880
FILLER_77_93,VPWR,li1,48.7600,220.3200,1.799887
FILLER_77_85,VPWR,li1,46.4600,220.3200,1.799891
FILLER_77_73,VPWR,li1,39.7900,220.3200,1.799904
FILLER_77_41,VPWR,li1,27.1400,220.3200,1.799941
FILLER_77_32,VPWR,li1,20.4700,220.3200,1.799959
FILLER_77_28,VPWR,li1,19.3200,220.3200,1.799958
FILLER_77_19,VPWR,li1,14.4900,220.3200,1.799956
FILLER_77_11,VPWR,li1,12.4200,220.3200,1.799956
FILLER_76_699,VPWR,li1,327.2900,220.3200,1.799070
FILLER_76_695,VPWR,li1,326.1400,220.3200,1.799070
FILLER_76_683,VPWR,li1,322.4600,220.3200,1.799070
FILLER_76_674,VPWR,li1,315.7900,220.3200,1.799070
FILLER_76_668,VPWR,li1,314.1800,220.3200,1.799070
FILLER_76_657,VPWR,li1,308.4300,220.3200,1.799070
FILLER_76_645,VPWR,li1,304.9800,220.3200,1.799070
FILLER_76_638,VPWR,li1,300.3800,220.3200,1.799070
FILLER_76_626,VPWR,li1,296.2400,220.3200,1.799070
FILLER_76_614,VPWR,li1,290.7200,220.3200,1.799071
FILLER_76_602,VPWR,li1,285.2000,220.3200,1.799071
FILLER_76_587,VPWR,li1,275.7700,220.3200,1.799071
FILLER_76_583,VPWR,li1,274.6200,220.3200,1.799071
FILLER_76_545,VPWR,li1,257.6000,220.3200,1.799153
FILLER_76_533,VPWR,li1,253.4600,220.3200,1.799193
FILLER_76_531,VPWR,li1,250.0100,220.3200,1.799214
FILLER_76_527,VPWR,li1,248.8600,220.3200,1.799232
FILLER_76_515,VPWR,li1,243.8000,220.3200,1.799271
FILLER_76_497,VPWR,li1,235.0600,220.3200,1.799334
FILLER_76_483,VPWR,li1,227.9300,220.3200,1.799396
FILLER_76_467,VPWR,li1,220.5700,220.3200,1.799473
FILLER_76_451,VPWR,li1,214.3600,220.3200,1.799523
FILLER_76_439,VPWR,li1,207.9200,220.3200,1.799581
FILLER_76_429,VPWR,li1,203.0900,220.3200,1.799626
FILLER_76_421,VPWR,li1,201.0200,220.3200,1.799646
FILLER_76_416,VPWR,li1,197.8000,220.3200,1.799683
FILLER_76_408,VPWR,li1,193.4300,220.3200,1.799718
FILLER_76_400,VPWR,li1,191.3600,220.3200,1.799737
FILLER_76_390,VPWR,li1,185.3800,220.3200,1.799803
FILLER_76_382,VPWR,li1,183.0800,220.3200,1.799820
FILLER_76_373,VPWR,li1,177.5600,220.3200,1.799869
FILLER_76_365,VPWR,li1,175.2600,220.3200,1.799891
FILLER_76_361,VPWR,li1,172.2700,220.3200,1.799887
FILLER_76_353,VPWR,li1,169.7400,220.3200,1.799884
FILLER_76_342,VPWR,li1,163.5300,220.3200,1.799875
FILLER_76_334,VPWR,li1,161.0000,220.3200,1.799871
FILLER_76_309,VPWR,li1,147.8900,220.3200,1.799857
FILLER_76_305,VPWR,li1,146.5100,220.3200,1.799857
FILLER_76_290,VPWR,li1,139.6100,220.3200,1.799850
FILLER_76_279,VPWR,li1,134.0900,220.3200,1.799844
FILLER_76_275,VPWR,li1,132.9400,220.3200,1.799844
FILLER_76_268,VPWR,li1,129.4900,220.3200,1.799842
FILLER_76_260,VPWR,li1,126.9600,220.3200,1.799840
FILLER_76_236,VPWR,li1,115.9200,220.3200,1.799835
FILLER_76_224,VPWR,li1,111.3200,220.3200,1.799835
FILLER_76_205,VPWR,li1,100.5100,220.3200,1.799838
FILLER_76_197,VPWR,li1,97.9800,220.3200,1.799838
FILLER_76_195,VPWR,li1,95.4500,220.3200,1.799840
FILLER_76_189,VPWR,li1,93.8400,220.3200,1.799841
FILLER_76_141,VPWR,li1,70.6100,220.3200,1.799858
FILLER_76_119,VPWR,li1,60.4900,220.3200,1.799871
FILLER_76_113,VPWR,li1,58.8800,220.3200,1.799871
FILLER_76_93,VPWR,li1,48.7600,220.3200,1.799887
FILLER_76_74,VPWR,li1,40.2500,220.3200,1.799904
FILLER_76_52,VPWR,li1,30.8200,220.3200,1.799926
FILLER_76_35,VPWR,li1,21.8500,220.3200,1.799959
FILLER_76_29,VPWR,li1,20.2400,220.3200,1.799958
FILLER_76_11,VPWR,li1,10.8100,220.3200,1.799956
FILLER_75_683,VPWR,li1,319.9300,214.8800,1.799081
FILLER_75_677,VPWR,li1,317.1700,214.8800,1.799083
FILLER_75_673,VPWR,li1,316.0200,214.8800,1.799084
FILLER_75_653,VPWR,li1,306.5900,214.8800,1.799092
FILLER_75_645,VPWR,li1,304.0600,214.8800,1.799096
FILLER_75_633,VPWR,li1,299.4600,214.8800,1.799106
FILLER_75_588,VPWR,li1,276.6900,214.8800,1.799184
FILLER_75_576,VPWR,li1,273.2400,214.8800,1.799201
FILLER_75_569,VPWR,li1,267.9500,214.8800,1.799230
FILLER_75_561,VPWR,li1,265.4200,214.8800,1.799245
FILLER_75_554,VPWR,li1,261.7400,214.8800,1.799274
FILLER_75_542,VPWR,li1,257.6000,214.8800,1.799296
FILLER_75_517,VPWR,li1,243.5700,214.8800,1.799386
FILLER_75_505,VPWR,li1,240.5800,214.8800,1.799418
FILLER_75_503,VPWR,li1,237.1300,214.8800,1.799434
FILLER_75_495,VPWR,li1,235.0600,214.8800,1.799450
FILLER_75_483,VPWR,li1,230.4600,214.8800,1.799485
FILLER_75_472,VPWR,li1,222.8700,214.8800,1.799533
FILLER_75_457,VPWR,li1,215.9700,214.8800,1.799582
FILLER_75_449,VPWR,li1,213.9000,214.8800,1.799597
FILLER_75_438,VPWR,li1,207.6900,214.8800,1.799655
FILLER_75_433,VPWR,li1,204.9300,214.8800,1.799674
FILLER_75_429,VPWR,li1,203.7800,214.8800,1.799674
FILLER_75_417,VPWR,li1,200.1000,214.8800,1.799699
FILLER_75_405,VPWR,li1,194.5800,214.8800,1.799742
FILLER_75_385,VPWR,li1,183.3100,214.8800,1.799833
FILLER_75_363,VPWR,li1,172.9600,214.8800,1.799901
FILLER_75_332,VPWR,li1,159.1600,214.8800,1.799886
FILLER_75_318,VPWR,li1,152.2600,214.8800,1.799880
FILLER_75_303,VPWR,li1,146.2800,214.8800,1.799874
FILLER_75_297,VPWR,li1,142.6000,214.8800,1.799873
FILLER_75_289,VPWR,li1,140.3000,214.8800,1.799870
FILLER_75_277,VPWR,li1,133.6300,214.8800,1.799867
FILLER_75_265,VPWR,li1,130.1800,214.8800,1.799866
FILLER_75_253,VPWR,li1,124.6600,214.8800,1.799863
FILLER_75_233,VPWR,li1,113.1600,214.8800,1.799861
FILLER_75_225,VPWR,li1,110.8600,214.8800,1.799861
FILLER_75_221,VPWR,li1,107.8700,214.8800,1.799861
FILLER_75_213,VPWR,li1,105.3400,214.8800,1.799861
FILLER_75_201,VPWR,li1,100.7400,214.8800,1.799861
FILLER_75_188,VPWR,li1,92.4600,214.8800,1.799864
FILLER_75_174,VPWR,li1,87.4000,214.8800,1.799867
FILLER_75_167,VPWR,li1,82.5700,214.8800,1.799872
FILLER_75_136,VPWR,li1,70.8400,214.8800,1.799883
FILLER_75_125,VPWR,li1,63.4800,214.8800,1.799889
FILLER_75_113,VPWR,li1,60.2600,214.8800,1.799892
FILLER_75_100,VPWR,li1,54.2800,214.8800,1.799897
FILLER_75_88,VPWR,li1,48.7600,214.8800,1.799904
FILLER_75_80,VPWR,li1,42.7800,214.8800,1.799910
FILLER_75_73,VPWR,li1,39.7900,214.8800,1.799913
FILLER_75_65,VPWR,li1,36.1100,214.8800,1.799917
FILLER_75_57,VPWR,li1,33.5800,214.8800,1.799920
FILLER_75_50,VPWR,li1,29.9000,214.8800,1.799926
FILLER_75_22,VPWR,li1,15.8700,214.8800,1.799931
FILLER_75_3,VPWR,li1,7.5900,214.8800,1.799925
FILLER_74_693,VPWR,li1,324.9900,214.8800,1.799080
FILLER_74_685,VPWR,li1,322.4600,214.8800,1.799080
FILLER_74_673,VPWR,li1,317.8600,214.8800,1.799083
FILLER_74_661,VPWR,li1,312.3400,214.8800,1.799086
FILLER_74_643,VPWR,li1,301.5300,214.8800,1.799102
FILLER_74_639,VPWR,li1,300.3800,214.8800,1.799102
FILLER_74_630,VPWR,li1,295.7800,214.8800,1.799110
FILLER_74_597,VPWR,li1,280.8300,214.8800,1.799161
FILLER_74_589,VPWR,li1,278.3000,214.8800,1.799173
FILLER_74_580,VPWR,li1,274.1600,214.8800,1.799201
FILLER_74_565,VPWR,li1,265.8800,214.8800,1.799245
FILLER_74_558,VPWR,li1,263.1200,214.8800,1.799258
FILLER_74_531,VPWR,li1,250.0100,214.8800,1.799350
FILLER_74_516,VPWR,li1,243.3400,214.8800,1.799398
FILLER_74_491,VPWR,li1,232.0700,214.8800,1.799467
FILLER_74_483,VPWR,li1,229.5400,214.8800,1.799485
FILLER_74_474,VPWR,li1,224.0200,214.8800,1.799533
FILLER_74_468,VPWR,li1,221.2600,214.8800,1.799546
FILLER_74_442,VPWR,li1,211.6000,214.8800,1.799626
FILLER_74_430,VPWR,li1,203.5500,214.8800,1.799674
FILLER_74_409,VPWR,li1,195.5000,214.8800,1.799742
FILLER_74_389,VPWR,li1,185.3800,214.8800,1.799816
FILLER_74_377,VPWR,li1,181.7000,214.8800,1.799857
FILLER_74_365,VPWR,li1,174.3400,214.8800,1.799901
FILLER_74_356,VPWR,li1,171.1200,214.8800,1.799898
FILLER_74_347,VPWR,li1,165.8300,214.8800,1.799890
FILLER_74_341,VPWR,li1,162.8400,214.8800,1.799888
FILLER_74_329,VPWR,li1,159.6200,214.8800,1.799886
FILLER_74_302,VPWR,li1,144.9000,214.8800,1.799874
FILLER_74_294,VPWR,li1,142.6000,214.8800,1.799873
FILLER_74_289,VPWR,li1,138.6900,214.8800,1.799870
FILLER_74_281,VPWR,li1,136.6200,214.8800,1.799869
FILLER_74_269,VPWR,li1,132.0200,214.8800,1.799867
FILLER_74_261,VPWR,li1,125.8100,214.8800,1.799864
FILLER_74_253,VPWR,li1,123.7400,214.8800,1.799863
FILLER_74_251,VPWR,li1,121.2100,214.8800,1.799862
FILLER_74_243,VPWR,li1,119.1400,214.8800,1.799862
FILLER_74_235,VPWR,li1,114.3100,214.8800,1.799861
FILLER_74_227,VPWR,li1,111.7800,214.8800,1.799861
FILLER_74_219,VPWR,li1,106.4900,214.8800,1.799861
FILLER_74_211,VPWR,li1,104.4200,214.8800,1.799861
FILLER_74_186,VPWR,li1,92.0000,214.8800,1.799864
FILLER_74_173,VPWR,li1,85.3300,214.8800,1.799870
FILLER_74_165,VPWR,li1,83.2600,214.8800,1.799872
FILLER_74_153,VPWR,li1,78.6600,214.8800,1.799875
FILLER_74_141,VPWR,li1,73.1400,214.8800,1.799880
FILLER_74_139,VPWR,li1,69.6900,214.8800,1.799883
FILLER_74_133,VPWR,li1,68.0800,214.8800,1.799885
FILLER_74_123,VPWR,li1,63.0200,214.8800,1.799889
FILLER_74_101,VPWR,li1,52.6700,214.8800,1.799900
FILLER_74_85,VPWR,li1,47.3800,214.8800,1.799904
FILLER_74_81,VPWR,li1,43.4700,214.8800,1.799910
FILLER_74_69,VPWR,li1,40.0200,214.8800,1.799913
FILLER_74_61,VPWR,li1,34.5000,214.8800,1.799920
FILLER_74_42,VPWR,li1,25.7600,214.8800,1.799930
FILLER_74_29,VPWR,li1,20.7000,214.8800,1.799937
FILLER_74_24,VPWR,li1,17.4800,214.8800,1.799933
FILLER_73_673,VPWR,li1,316.4800,209.4400,1.799447
FILLER_73_669,VPWR,li1,313.9500,209.4400,1.799448
FILLER_73_657,VPWR,li1,310.5000,209.4400,1.799452
FILLER_73_648,VPWR,li1,303.8300,209.4400,1.799463
FILLER_73_644,VPWR,li1,302.6800,209.4400,1.799467
FILLER_73_632,VPWR,li1,299.0000,209.4400,1.799471
FILLER_73_620,VPWR,li1,293.4800,209.4400,1.799481
FILLER_73_610,VPWR,li1,287.5000,209.4400,1.799491
FILLER_73_599,VPWR,li1,281.9800,209.4400,1.799502
FILLER_73_592,VPWR,li1,278.7600,209.4400,1.799509
FILLER_73_580,VPWR,li1,275.0800,209.4400,1.799522
FILLER_73_564,VPWR,li1,265.1900,209.4400,1.799554
FILLER_73_550,VPWR,li1,258.7500,209.4400,1.799574
FILLER_73_538,VPWR,li1,255.7600,209.4400,1.799584
FILLER_73_529,VPWR,li1,249.0900,209.4400,1.799608
FILLER_73_517,VPWR,li1,246.1000,209.4400,1.799619
FILLER_73_505,VPWR,li1,240.5800,209.4400,1.799640
FILLER_73_503,VPWR,li1,237.1300,209.4400,1.799653
FILLER_73_491,VPWR,li1,234.1400,209.4400,1.799665
FILLER_73_469,VPWR,li1,221.4900,209.4400,1.799717
FILLER_73_465,VPWR,li1,220.3400,209.4400,1.799717
FILLER_73_457,VPWR,li1,215.9700,209.4400,1.799734
FILLER_73_435,VPWR,li1,205.8500,209.4400,1.799779
FILLER_73_422,VPWR,li1,200.3300,209.4400,1.799797
FILLER_73_399,VPWR,li1,190.4400,209.4400,1.799841
FILLER_73_393,VPWR,li1,186.9900,209.4400,1.799865
FILLER_73_391,VPWR,li1,185.6100,209.4400,1.799865
FILLER_73_385,VPWR,li1,184.0000,209.4400,1.799875
FILLER_73_373,VPWR,li1,179.8600,209.4400,1.799893
FILLER_73_361,VPWR,li1,174.3400,209.4400,1.799923
FILLER_73_349,VPWR,li1,168.8200,209.4400,1.799906
FILLER_73_337,VPWR,li1,163.3000,209.4400,1.799895
FILLER_73_335,VPWR,li1,159.8500,209.4400,1.799886
FILLER_73_329,VPWR,li1,158.2400,209.4400,1.799886
FILLER_73_317,VPWR,li1,154.1000,209.4400,1.799876
FILLER_73_309,VPWR,li1,147.8900,209.4400,1.799862
FILLER_73_305,VPWR,li1,146.7400,209.4400,1.799858
FILLER_73_289,VPWR,li1,138.9200,209.4400,1.799844
FILLER_73_281,VPWR,li1,136.6200,209.4400,1.799839
FILLER_73_279,VPWR,li1,134.0900,209.4400,1.799831
FILLER_73_275,VPWR,li1,132.9400,209.4400,1.799831
FILLER_73_258,VPWR,li1,124.6600,209.4400,1.799818
FILLER_73_230,VPWR,li1,112.2400,209.4400,1.799801
FILLER_73_221,VPWR,li1,107.8700,209.4400,1.799796
FILLER_73_206,VPWR,li1,102.1200,209.4400,1.799790
FILLER_73_189,VPWR,li1,92.6900,209.4400,1.799786
FILLER_73_185,VPWR,li1,91.5400,209.4400,1.799786
FILLER_73_166,VPWR,li1,82.3400,209.4400,1.799792
FILLER_73_158,VPWR,li1,80.0400,209.4400,1.799794
FILLER_73_119,VPWR,li1,60.9500,209.4400,1.799827
FILLER_73_113,VPWR,li1,57.7300,209.4400,1.799834
FILLER_73_89,VPWR,li1,47.8400,209.4400,1.799861
FILLER_73_73,VPWR,li1,39.7900,209.4400,1.799879
FILLER_73_55,VPWR,li1,31.0500,209.4400,1.799906
FILLER_73_33,VPWR,li1,21.1600,209.4400,1.799945
FILLER_73_19,VPWR,li1,14.9500,209.4400,1.799937
FILLER_72_695,VPWR,li1,325.4500,209.4400,1.799443
FILLER_72_649,VPWR,li1,304.2900,209.4400,1.799463
FILLER_72_645,VPWR,li1,303.1400,209.4400,1.799467
FILLER_72_643,VPWR,li1,301.5300,209.4400,1.799467
FILLER_72_637,VPWR,li1,299.9200,209.4400,1.799471
FILLER_72_625,VPWR,li1,295.7800,209.4400,1.799477
FILLER_72_613,VPWR,li1,290.2600,209.4400,1.799487
FILLER_72_545,VPWR,li1,256.4500,209.4400,1.799584
FILLER_72_533,VPWR,li1,253.4600,209.4400,1.799592
FILLER_72_530,VPWR,li1,249.7800,209.4400,1.799608
FILLER_72_522,VPWR,li1,247.4800,209.4400,1.799619
FILLER_72_510,VPWR,li1,242.8800,209.4400,1.799631
FILLER_72_498,VPWR,li1,237.3600,209.4400,1.799653
FILLER_72_487,VPWR,li1,229.7700,209.4400,1.799685
FILLER_72_483,VPWR,li1,228.6200,209.4400,1.799685
FILLER_72_475,VPWR,li1,224.2500,209.4400,1.799702
FILLER_72_471,VPWR,li1,223.1000,209.4400,1.799709
FILLER_72_459,VPWR,li1,219.4200,209.4400,1.799727
FILLER_72_447,VPWR,li1,213.9000,209.4400,1.799742
FILLER_72_437,VPWR,li1,206.7700,209.4400,1.799770
FILLER_72_433,VPWR,li1,205.6200,209.4400,1.799779
FILLER_72_421,VPWR,li1,201.9400,209.4400,1.799797
FILLER_72_419,VPWR,li1,198.4900,209.4400,1.799804
FILLER_72_413,VPWR,li1,196.8800,209.4400,1.799812
FILLER_72_385,VPWR,li1,183.5400,209.4400,1.799875
FILLER_72_355,VPWR,li1,169.5100,209.4400,1.799911
FILLER_72_340,VPWR,li1,162.1500,209.4400,1.799895
FILLER_72_322,VPWR,li1,153.8700,209.4400,1.799876
FILLER_72_314,VPWR,li1,151.8000,209.4400,1.799872
FILLER_72_299,VPWR,li1,143.5200,209.4400,1.799854
FILLER_72_287,VPWR,li1,139.3800,209.4400,1.799844
FILLER_72_265,VPWR,li1,129.2600,209.4400,1.799823
FILLER_72_253,VPWR,li1,124.6600,209.4400,1.799818
FILLER_72_244,VPWR,li1,119.6000,209.4400,1.799808
FILLER_72_233,VPWR,li1,113.3900,209.4400,1.799801
FILLER_72_225,VPWR,li1,110.8600,209.4400,1.799798
FILLER_72_210,VPWR,li1,102.8100,209.4400,1.799790
FILLER_72_179,VPWR,li1,89.7000,209.4400,1.799787
FILLER_72_141,VPWR,li1,70.6100,209.4400,1.799807
FILLER_72_128,VPWR,li1,67.1600,209.4400,1.799813
FILLER_72_116,VPWR,li1,61.6400,209.4400,1.799827
FILLER_72_111,VPWR,li1,56.8100,209.4400,1.799838
FILLER_72_103,VPWR,li1,54.7400,209.4400,1.799844
FILLER_72_93,VPWR,li1,48.5300,209.4400,1.799856
FILLER_72_83,VPWR,li1,43.9300,209.4400,1.799868
FILLER_72_36,VPWR,li1,22.7700,209.4400,1.799937
FILLER_72_29,VPWR,li1,19.3200,209.4400,1.799942
FILLER_71_678,VPWR,li1,317.8600,204.0000,1.799242
FILLER_71_666,VPWR,li1,313.2600,204.0000,1.799252
FILLER_71_652,VPWR,li1,306.8200,204.0000,1.799276
FILLER_71_641,VPWR,li1,301.3000,204.0000,1.799300
FILLER_71_629,VPWR,li1,297.6200,204.0000,1.799309
FILLER_71_617,VPWR,li1,292.1000,204.0000,1.799329
FILLER_71_615,VPWR,li1,288.6500,204.0000,1.799347
FILLER_71_609,VPWR,li1,287.0400,204.0000,1.799347
FILLER_71_587,VPWR,li1,276.9200,204.0000,1.799394
FILLER_71_575,VPWR,li1,272.7800,204.0000,1.799405
FILLER_71_559,VPWR,li1,262.8900,204.0000,1.799449
FILLER_71_551,VPWR,li1,260.8200,204.0000,1.799459
FILLER_71_539,VPWR,li1,256.2200,204.0000,1.799481
FILLER_71_513,VPWR,li1,241.9600,204.0000,1.799551
FILLER_71_505,VPWR,li1,239.6600,204.0000,1.799564
FILLER_71_501,VPWR,li1,236.6700,204.0000,1.799577
FILLER_71_493,VPWR,li1,234.1400,204.0000,1.799590
FILLER_71_481,VPWR,li1,229.5400,204.0000,1.799620
FILLER_71_476,VPWR,li1,224.7100,204.0000,1.799643
FILLER_71_472,VPWR,li1,223.5600,204.0000,1.799643
FILLER_71_460,VPWR,li1,219.8800,204.0000,1.799662
FILLER_71_429,VPWR,li1,205.6200,204.0000,1.799742
FILLER_71_413,VPWR,li1,196.8800,204.0000,1.799791
FILLER_71_401,VPWR,li1,192.7400,204.0000,1.799807
FILLER_71_384,VPWR,li1,182.3900,204.0000,1.799875
FILLER_71_372,VPWR,li1,179.4000,204.0000,1.799889
FILLER_71_364,VPWR,li1,173.1900,204.0000,1.799912
FILLER_71_360,VPWR,li1,172.0400,204.0000,1.799912
FILLER_71_353,VPWR,li1,168.3600,204.0000,1.799904
FILLER_71_346,VPWR,li1,165.6000,204.0000,1.799900
FILLER_71_337,VPWR,li1,161.0000,204.0000,1.799893
FILLER_71_333,VPWR,li1,159.3900,204.0000,1.799893
FILLER_71_326,VPWR,li1,155.7100,204.0000,1.799887
FILLER_71_314,VPWR,li1,152.7200,204.0000,1.799884
FILLER_71_302,VPWR,li1,147.2000,204.0000,1.799877
FILLER_71_290,VPWR,li1,141.6800,204.0000,1.799871
FILLER_71_273,VPWR,li1,132.0200,204.0000,1.799858
FILLER_71_261,VPWR,li1,128.3400,204.0000,1.799854
FILLER_71_248,VPWR,li1,120.2900,204.0000,1.799848
FILLER_71_236,VPWR,li1,116.8400,204.0000,1.799847
FILLER_71_225,VPWR,li1,109.9400,204.0000,1.799843
FILLER_71_218,VPWR,li1,107.1800,204.0000,1.799842
FILLER_71_195,VPWR,li1,95.4500,204.0000,1.799844
FILLER_71_189,VPWR,li1,93.8400,204.0000,1.799844
FILLER_71_169,VPWR,li1,85.1000,204.0000,1.799850
FILLER_71_164,VPWR,li1,81.8800,204.0000,1.799855
FILLER_71_149,VPWR,li1,74.2900,204.0000,1.799862
FILLER_71_129,VPWR,li1,66.7000,204.0000,1.799875
FILLER_71_121,VPWR,li1,62.1000,204.0000,1.799883
FILLER_71_109,VPWR,li1,56.3500,204.0000,1.799896
FILLER_71_97,VPWR,li1,52.9000,204.0000,1.799901
FILLER_71_84,VPWR,li1,44.3900,204.0000,1.799918
FILLER_71_65,VPWR,li1,35.8800,204.0000,1.799937
FILLER_71_57,VPWR,li1,33.5800,204.0000,1.799942
FILLER_71_50,VPWR,li1,29.9000,204.0000,1.799952
FILLER_71_44,VPWR,li1,26.4500,204.0000,1.799959
FILLER_71_26,VPWR,li1,17.9400,204.0000,1.799969
FILLER_71_15,VPWR,li1,13.1100,204.0000,1.799969
FILLER_71_7,VPWR,li1,10.5800,204.0000,1.799968
FILLER_70_667,VPWR,li1,313.7200,204.0000,1.799252
FILLER_70_657,VPWR,li1,308.4300,204.0000,1.799276
FILLER_70_645,VPWR,li1,304.9800,204.0000,1.799286
FILLER_70_643,VPWR,li1,301.5300,204.0000,1.799300
FILLER_70_637,VPWR,li1,299.9200,204.0000,1.799300
FILLER_70_625,VPWR,li1,295.7800,204.0000,1.799315
FILLER_70_613,VPWR,li1,290.2600,204.0000,1.799339
FILLER_70_601,VPWR,li1,284.7400,204.0000,1.799355
FILLER_70_589,VPWR,li1,279.2200,204.0000,1.799377
FILLER_70_585,VPWR,li1,275.3100,204.0000,1.799394
FILLER_70_577,VPWR,li1,272.7800,204.0000,1.799405
FILLER_70_566,VPWR,li1,266.1100,204.0000,1.799438
FILLER_70_562,VPWR,li1,264.2700,204.0000,1.799449
FILLER_70_554,VPWR,li1,262.2000,204.0000,1.799459
FILLER_70_542,VPWR,li1,257.6000,204.0000,1.799481
FILLER_70_531,VPWR,li1,250.0100,204.0000,1.799511
FILLER_70_516,VPWR,li1,243.1100,204.0000,1.799551
FILLER_70_512,VPWR,li1,241.9600,204.0000,1.799551
FILLER_70_502,VPWR,li1,236.9000,204.0000,1.799577
FILLER_70_491,VPWR,li1,232.3000,204.0000,1.799599
FILLER_70_473,VPWR,li1,223.7900,204.0000,1.799643
FILLER_70_465,VPWR,li1,219.8800,204.0000,1.799662
FILLER_70_453,VPWR,li1,216.6600,204.0000,1.799680
FILLER_70_416,VPWR,li1,197.8000,204.0000,1.799779
FILLER_70_397,VPWR,li1,188.6000,204.0000,1.799835
FILLER_70_389,VPWR,li1,186.3000,204.0000,1.799847
FILLER_70_377,VPWR,li1,181.7000,204.0000,1.799875
FILLER_70_365,VPWR,li1,176.1800,204.0000,1.799917
FILLER_70_362,VPWR,li1,172.5000,204.0000,1.799912
FILLER_70_350,VPWR,li1,169.2800,204.0000,1.799908
FILLER_70_335,VPWR,li1,160.0800,204.0000,1.799893
FILLER_70_329,VPWR,li1,157.3200,204.0000,1.799890
FILLER_70_321,VPWR,li1,155.0200,204.0000,1.799887
FILLER_70_309,VPWR,li1,150.4200,204.0000,1.799882
FILLER_70_305,VPWR,li1,146.5100,204.0000,1.799877
FILLER_70_295,VPWR,li1,141.9100,204.0000,1.799871
FILLER_70_287,VPWR,li1,139.3800,204.0000,1.799867
FILLER_70_275,VPWR,li1,134.7800,204.0000,1.799862
FILLER_70_267,VPWR,li1,128.5700,204.0000,1.799854
FILLER_70_247,VPWR,li1,119.3700,204.0000,1.799848
FILLER_70_215,VPWR,li1,104.6500,204.0000,1.799842
FILLER_70_209,VPWR,li1,103.0400,204.0000,1.799841
FILLER_70_203,VPWR,li1,99.1300,204.0000,1.799843
FILLER_70_197,VPWR,li1,97.5200,204.0000,1.799843
FILLER_70_190,VPWR,li1,94.3000,204.0000,1.799844
FILLER_70_169,VPWR,li1,83.7200,204.0000,1.799852
FILLER_70_157,VPWR,li1,77.9700,204.0000,1.799858
FILLER_70_141,VPWR,li1,71.0700,204.0000,1.799867
FILLER_70_137,VPWR,li1,69.2300,204.0000,1.799870
FILLER_70_121,VPWR,li1,61.8700,204.0000,1.799883
FILLER_70_100,VPWR,li1,52.9000,204.0000,1.799901
FILLER_70_93,VPWR,li1,48.9900,204.0000,1.799909
FILLER_70_85,VPWR,li1,46.4600,204.0000,1.799914
FILLER_70_81,VPWR,li1,43.4700,204.0000,1.799922
FILLER_70_69,VPWR,li1,37.9500,204.0000,1.799932
FILLER_70_61,VPWR,li1,34.2700,204.0000,1.799942
FILLER_70_51,VPWR,li1,29.4400,204.0000,1.799952
FILLER_70_43,VPWR,li1,27.1400,204.0000,1.799959
FILLER_70_29,VPWR,li1,19.5500,204.0000,1.799969
FILLER_70_24,VPWR,li1,17.4800,204.0000,1.799969
FILLER_69_693,VPWR,li1,324.9900,198.5600,1.799734
FILLER_69_685,VPWR,li1,322.4600,198.5600,1.799734
FILLER_69_673,VPWR,li1,317.8600,198.5600,1.799734
FILLER_69_671,VPWR,li1,314.4100,198.5600,1.799734
FILLER_69_665,VPWR,li1,312.8000,198.5600,1.799734
FILLER_69_653,VPWR,li1,308.6600,198.5600,1.799734
FILLER_69_641,VPWR,li1,303.1400,198.5600,1.799734
FILLER_69_629,VPWR,li1,297.6200,198.5600,1.799734
FILLER_69_617,VPWR,li1,292.1000,198.5600,1.799734
FILLER_69_604,VPWR,li1,286.1200,198.5600,1.799734
FILLER_69_592,VPWR,li1,280.6000,198.5600,1.799734
FILLER_69_580,VPWR,li1,275.0800,198.5600,1.799734
FILLER_69_570,VPWR,li1,268.4100,198.5600,1.799734
FILLER_69_558,VPWR,li1,262.6600,198.5600,1.799737
FILLER_69_551,VPWR,li1,259.6700,198.5600,1.799738
FILLER_69_542,VPWR,li1,255.0700,198.5600,1.799739
FILLER_69_530,VPWR,li1,252.0800,198.5600,1.799741
FILLER_69_515,VPWR,li1,242.6500,198.5600,1.799751
FILLER_69_511,VPWR,li1,241.5000,198.5600,1.799751
FILLER_69_503,VPWR,li1,237.1300,198.5600,1.799759
FILLER_69_495,VPWR,li1,233.9100,198.5600,1.799761
FILLER_69_473,VPWR,li1,223.7900,198.5600,1.799781
FILLER_69_457,VPWR,li1,216.4300,198.5600,1.799799
FILLER_69_449,VPWR,li1,213.9000,198.5600,1.799806
FILLER_69_426,VPWR,li1,202.8600,198.5600,1.799840
FILLER_69_414,VPWR,li1,198.7200,198.5600,1.799850
FILLER_69_399,VPWR,li1,189.2900,198.5600,1.799888
FILLER_69_386,VPWR,li1,184.4600,198.5600,1.799902
FILLER_69_362,VPWR,li1,172.9600,198.5600,1.799939
FILLER_69_354,VPWR,li1,168.5900,198.5600,1.799933
FILLER_69_350,VPWR,li1,167.4400,198.5600,1.799933
FILLER_69_313,VPWR,li1,152.2600,198.5600,1.799917
FILLER_69_301,VPWR,li1,144.2100,198.5600,1.799911
FILLER_69_285,VPWR,li1,136.8500,198.5600,1.799904
FILLER_69_281,VPWR,li1,135.7000,198.5600,1.799904
FILLER_69_274,VPWR,li1,132.9400,198.5600,1.799902
FILLER_69_268,VPWR,li1,129.0300,198.5600,1.799899
FILLER_69_256,VPWR,li1,126.0400,198.5600,1.799897
FILLER_69_244,VPWR,li1,120.5200,198.5600,1.799893
FILLER_69_225,VPWR,li1,110.4000,198.5600,1.799888
FILLER_69_223,VPWR,li1,108.3300,198.5600,1.799887
FILLER_69_217,VPWR,li1,106.7200,198.5600,1.799887
FILLER_69_204,VPWR,li1,100.0500,198.5600,1.799884
FILLER_69_199,VPWR,li1,97.2900,198.5600,1.799883
FILLER_69_193,VPWR,li1,95.6800,198.5600,1.799883
FILLER_69_177,VPWR,li1,87.6300,198.5600,1.799881
FILLER_69_169,VPWR,li1,85.1000,198.5600,1.799881
FILLER_69_167,VPWR,li1,82.5700,198.5600,1.799881
FILLER_69_163,VPWR,li1,81.4200,198.5600,1.799882
FILLER_69_147,VPWR,li1,73.3700,198.5600,1.799886
FILLER_69_139,VPWR,li1,71.3000,198.5600,1.799887
FILLER_69_125,VPWR,li1,63.4800,198.5600,1.799893
FILLER_69_117,VPWR,li1,61.1800,198.5600,1.799896
FILLER_69_106,VPWR,li1,55.6600,198.5600,1.799902
FILLER_69_86,VPWR,li1,45.3100,198.5600,1.799917
FILLER_69_63,VPWR,li1,35.4200,198.5600,1.799930
FILLER_69_57,VPWR,li1,32.2000,198.5600,1.799938
FILLER_69_52,VPWR,li1,30.3600,198.5600,1.799942
FILLER_69_48,VPWR,li1,27.8300,198.5600,1.799947
FILLER_69_44,VPWR,li1,26.6800,198.5600,1.799947
FILLER_69_38,VPWR,li1,23.4600,198.5600,1.799956
FILLER_69_30,VPWR,li1,21.1600,198.5600,1.799962
FILLER_69_12,VPWR,li1,11.5000,198.5600,1.799955
FILLER_68_699,VPWR,li1,327.2900,198.5600,1.799734
FILLER_68_693,VPWR,li1,325.6800,198.5600,1.799734
FILLER_68_681,VPWR,li1,321.5400,198.5600,1.799734
FILLER_68_669,VPWR,li1,316.0200,198.5600,1.799734
FILLER_68_657,VPWR,li1,310.5000,198.5600,1.799734
FILLER_68_645,VPWR,li1,304.9800,198.5600,1.799734
FILLER_68_643,VPWR,li1,301.5300,198.5600,1.799734
FILLER_68_637,VPWR,li1,299.9200,198.5600,1.799734
FILLER_68_625,VPWR,li1,295.7800,198.5600,1.799734
FILLER_68_613,VPWR,li1,290.2600,198.5600,1.799734
FILLER_68_601,VPWR,li1,284.7400,198.5600,1.799734
FILLER_68_589,VPWR,li1,279.2200,198.5600,1.799734
FILLER_68_587,VPWR,li1,275.7700,198.5600,1.799734
FILLER_68_575,VPWR,li1,272.7800,198.5600,1.799734
FILLER_68_550,VPWR,li1,261.2800,198.5600,1.799737
FILLER_68_538,VPWR,li1,255.7600,198.5600,1.799739
FILLER_68_529,VPWR,li1,249.5500,198.5600,1.799743
FILLER_68_512,VPWR,li1,241.5000,198.5600,1.799751
FILLER_68_504,VPWR,li1,239.2000,198.5600,1.799756
FILLER_68_492,VPWR,li1,234.6000,198.5600,1.799761
FILLER_68_477,VPWR,li1,225.4000,198.5600,1.799777
FILLER_68_468,VPWR,li1,222.6400,198.5600,1.799781
FILLER_68_460,VPWR,li1,217.5800,198.5600,1.799793
FILLER_68_449,VPWR,li1,212.9800,198.5600,1.799806
FILLER_68_433,VPWR,li1,206.0800,198.5600,1.799828
FILLER_68_421,VPWR,li1,201.9400,198.5600,1.799840
FILLER_68_384,VPWR,li1,182.3900,198.5600,1.799911
FILLER_68_376,VPWR,li1,180.3200,198.5600,1.799920
FILLER_68_365,VPWR,li1,175.2600,198.5600,1.799942
FILLER_68_361,VPWR,li1,172.2700,198.5600,1.799939
FILLER_68_346,VPWR,li1,165.1400,198.5600,1.799931
FILLER_68_338,VPWR,li1,162.8400,198.5600,1.799928
FILLER_68_319,VPWR,li1,155.0200,198.5600,1.799921
FILLER_68_315,VPWR,li1,150.6500,198.5600,1.799917
FILLER_68_309,VPWR,li1,149.0400,198.5600,1.799915
FILLER_68_305,VPWR,li1,146.5100,198.5600,1.799913
FILLER_68_295,VPWR,li1,141.4500,198.5600,1.799909
FILLER_68_291,VPWR,li1,140.3000,198.5600,1.799907
FILLER_68_279,VPWR,li1,136.6200,198.5600,1.799904
FILLER_68_267,VPWR,li1,128.8000,198.5600,1.799899
FILLER_68_259,VPWR,li1,126.5000,198.5600,1.799897
FILLER_68_253,VPWR,li1,122.1300,198.5600,1.799895
FILLER_68_239,VPWR,li1,116.1500,198.5600,1.799891
FILLER_68_231,VPWR,li1,113.6200,198.5600,1.799890
FILLER_68_219,VPWR,li1,109.0200,198.5600,1.799888
FILLER_68_201,VPWR,li1,98.4400,198.5600,1.799883
FILLER_68_194,VPWR,li1,95.2200,198.5600,1.799883
FILLER_68_173,VPWR,li1,86.9400,198.5600,1.799881
FILLER_68_155,VPWR,li1,77.7400,198.5600,1.799882
FILLER_68_145,VPWR,li1,72.4500,198.5600,1.799886
FILLER_68_141,VPWR,li1,71.3000,198.5600,1.799887
FILLER_68_138,VPWR,li1,69.4600,198.5600,1.799888
FILLER_68_119,VPWR,li1,60.4900,198.5600,1.799896
FILLER_68_111,VPWR,li1,58.4200,198.5600,1.799898
FILLER_68_99,VPWR,li1,53.8200,198.5600,1.799905
FILLER_68_85,VPWR,li1,46.4600,198.5600,1.799913
FILLER_68_82,VPWR,li1,43.7000,198.5600,1.799917
FILLER_68_75,VPWR,li1,40.2500,198.5600,1.799923
FILLER_68_63,VPWR,li1,37.2600,198.5600,1.799927
FILLER_68_46,VPWR,li1,26.9100,198.5600,1.799947
FILLER_68_29,VPWR,li1,19.0900,198.5600,1.799959
FILLER_68_6,VPWR,li1,8.5100,198.5600,1.799955
FILLER_67_697,VPWR,li1,326.8300,193.1200,1.799804
FILLER_67_685,VPWR,li1,323.3800,193.1200,1.799804
FILLER_67_673,VPWR,li1,317.8600,193.1200,1.799804
FILLER_67_671,VPWR,li1,314.4100,193.1200,1.799804
FILLER_67_665,VPWR,li1,312.8000,193.1200,1.799804
FILLER_67_653,VPWR,li1,308.6600,193.1200,1.799804
FILLER_67_641,VPWR,li1,303.1400,193.1200,1.799804
FILLER_67_629,VPWR,li1,297.6200,193.1200,1.799804
FILLER_67_617,VPWR,li1,292.1000,193.1200,1.799804
FILLER_67_615,VPWR,li1,288.6500,193.1200,1.799804
FILLER_67_609,VPWR,li1,287.0400,193.1200,1.799804
FILLER_67_597,VPWR,li1,282.9000,193.1200,1.799804
FILLER_67_585,VPWR,li1,277.3800,193.1200,1.799804
FILLER_67_573,VPWR,li1,271.8600,193.1200,1.799804
FILLER_67_561,VPWR,li1,266.3400,193.1200,1.799804
FILLER_67_558,VPWR,li1,262.6600,193.1200,1.799804
FILLER_67_550,VPWR,li1,260.3600,193.1200,1.799804
FILLER_67_513,VPWR,li1,241.9600,193.1200,1.799813
FILLER_67_493,VPWR,li1,232.5300,193.1200,1.799824
FILLER_67_489,VPWR,li1,231.3800,193.1200,1.799827
FILLER_67_476,VPWR,li1,225.4000,193.1200,1.799833
FILLER_67_466,VPWR,li1,220.1100,193.1200,1.799843
FILLER_67_462,VPWR,li1,218.9600,193.1200,1.799843
FILLER_67_455,VPWR,li1,215.0500,193.1200,1.799852
FILLER_67_449,VPWR,li1,213.4400,193.1200,1.799852
FILLER_67_447,VPWR,li1,211.3700,193.1200,1.799856
FILLER_67_414,VPWR,li1,196.6500,193.1200,1.799891
FILLER_67_391,VPWR,li1,185.6100,193.1200,1.799923
FILLER_67_383,VPWR,li1,183.5400,193.1200,1.799929
FILLER_67_371,VPWR,li1,178.9400,193.1200,1.799946
FILLER_67_359,VPWR,li1,173.4200,193.1200,1.799948
FILLER_67_345,VPWR,li1,164.6800,193.1200,1.799933
FILLER_67_337,VPWR,li1,162.3800,193.1200,1.799929
FILLER_67_335,VPWR,li1,159.8500,193.1200,1.799922
FILLER_67_329,VPWR,li1,158.2400,193.1200,1.799922
FILLER_67_317,VPWR,li1,154.1000,193.1200,1.799915
FILLER_67_305,VPWR,li1,148.5800,193.1200,1.799905
FILLER_67_293,VPWR,li1,143.0600,193.1200,1.799894
FILLER_67_281,VPWR,li1,137.5400,193.1200,1.799886
FILLER_67_277,VPWR,li1,133.6300,193.1200,1.799877
FILLER_67_269,VPWR,li1,131.1000,193.1200,1.799873
FILLER_67_238,VPWR,li1,115.2300,193.1200,1.799849
FILLER_67_234,VPWR,li1,114.0800,193.1200,1.799849
FILLER_67_225,VPWR,li1,109.7100,193.1200,1.799843
FILLER_67_222,VPWR,li1,108.1000,193.1200,1.799841
FILLER_67_214,VPWR,li1,105.8000,193.1200,1.799838
FILLER_67_192,VPWR,li1,94.5300,193.1200,1.799828
FILLER_67_177,VPWR,li1,87.6300,193.1200,1.799823
FILLER_67_160,VPWR,li1,80.9600,193.1200,1.799820
FILLER_67_134,VPWR,li1,69.0000,193.1200,1.799820
FILLER_67_120,VPWR,li1,60.9500,193.1200,1.799824
FILLER_67_116,VPWR,li1,59.8000,193.1200,1.799824
FILLER_67_90,VPWR,li1,48.3000,193.1200,1.799836
FILLER_67_78,VPWR,li1,44.1600,193.1200,1.799842
FILLER_67_72,VPWR,li1,39.1000,193.1200,1.799849
FILLER_67_41,VPWR,li1,24.8400,193.1200,1.799907
FILLER_67_32,VPWR,li1,20.4700,193.1200,1.799936
FILLER_67_28,VPWR,li1,19.3200,193.1200,1.799936
FILLER_67_15,VPWR,li1,12.8800,193.1200,1.799936
FILLER_67_3,VPWR,li1,9.6600,193.1200,1.799936
FILLER_66_689,VPWR,li1,323.1500,193.1200,1.799804
FILLER_66_681,VPWR,li1,320.6200,193.1200,1.799804
FILLER_66_669,VPWR,li1,316.0200,193.1200,1.799804
FILLER_66_657,VPWR,li1,310.5000,193.1200,1.799804
FILLER_66_645,VPWR,li1,304.9800,193.1200,1.799804
FILLER_66_643,VPWR,li1,301.5300,193.1200,1.799804
FILLER_66_637,VPWR,li1,299.9200,193.1200,1.799804
FILLER_66_625,VPWR,li1,295.7800,193.1200,1.799804
FILLER_66_613,VPWR,li1,290.2600,193.1200,1.799804
FILLER_66_601,VPWR,li1,284.7400,193.1200,1.799804
FILLER_66_589,VPWR,li1,279.2200,193.1200,1.799804
FILLER_66_587,VPWR,li1,275.7700,193.1200,1.799804
FILLER_66_581,VPWR,li1,274.1600,193.1200,1.799804
FILLER_66_569,VPWR,li1,270.0200,193.1200,1.799804
FILLER_66_557,VPWR,li1,264.5000,193.1200,1.799804
FILLER_66_545,VPWR,li1,258.9800,193.1200,1.799804
FILLER_66_533,VPWR,li1,253.4600,193.1200,1.799805
FILLER_66_527,VPWR,li1,248.4000,193.1200,1.799808
FILLER_66_508,VPWR,li1,239.4300,193.1200,1.799815
FILLER_66_500,VPWR,li1,237.3600,193.1200,1.799818
FILLER_66_489,VPWR,li1,231.8400,193.1200,1.799824
FILLER_66_477,VPWR,li1,227.7000,193.1200,1.799830
FILLER_66_474,VPWR,li1,224.0200,193.1200,1.799836
FILLER_66_461,VPWR,li1,218.9600,193.1200,1.799843
FILLER_66_433,VPWR,li1,205.1600,193.1200,1.799869
FILLER_66_406,VPWR,li1,193.6600,193.1200,1.799899
FILLER_66_394,VPWR,li1,189.5200,193.1200,1.799912
FILLER_66_382,VPWR,li1,184.0000,193.1200,1.799929
FILLER_66_373,VPWR,li1,177.5600,193.1200,1.799946
FILLER_66_365,VPWR,li1,175.2600,193.1200,1.799953
FILLER_66_363,VPWR,li1,172.7300,193.1200,1.799948
FILLER_66_355,VPWR,li1,170.6600,193.1200,1.799943
FILLER_66_333,VPWR,li1,161.4600,193.1200,1.799926
FILLER_66_321,VPWR,li1,155.9400,193.1200,1.799918
FILLER_66_309,VPWR,li1,150.4200,193.1200,1.799908
FILLER_66_307,VPWR,li1,146.9700,193.1200,1.799900
FILLER_66_303,VPWR,li1,145.8200,193.1200,1.799900
FILLER_66_291,VPWR,li1,142.1400,193.1200,1.799894
FILLER_66_283,VPWR,li1,135.9300,193.1200,1.799880
FILLER_66_277,VPWR,li1,134.3200,193.1200,1.799880
FILLER_66_266,VPWR,li1,128.1100,193.1200,1.799870
FILLER_66_260,VPWR,li1,126.5000,193.1200,1.799865
FILLER_66_244,VPWR,li1,119.6000,193.1200,1.799857
FILLER_66_225,VPWR,li1,109.7100,193.1200,1.799843
FILLER_66_214,VPWR,li1,104.1900,193.1200,1.799836
FILLER_66_210,VPWR,li1,103.0400,193.1200,1.799836
FILLER_66_201,VPWR,li1,98.4400,193.1200,1.799830
FILLER_66_193,VPWR,li1,94.9900,193.1200,1.799828
FILLER_66_154,VPWR,li1,77.0500,193.1200,1.799819
FILLER_66_132,VPWR,li1,68.0800,193.1200,1.799820
FILLER_66_123,VPWR,li1,62.5600,193.1200,1.799823
FILLER_66_111,VPWR,li1,59.3400,193.1200,1.799824
FILLER_66_102,VPWR,li1,52.6700,193.1200,1.799829
FILLER_66_97,VPWR,li1,50.6000,193.1200,1.799832
FILLER_66_78,VPWR,li1,42.7800,193.1200,1.799842
FILLER_66_58,VPWR,li1,32.8900,193.1200,1.799868
FILLER_66_35,VPWR,li1,21.8500,193.1200,1.799936
FILLER_66_29,VPWR,li1,20.2400,193.1200,1.799936
FILLER_66_27,VPWR,li1,18.1700,193.1200,1.799936
FILLER_66_15,VPWR,li1,15.1800,193.1200,1.799936
FILLER_66_3,VPWR,li1,9.6600,193.1200,1.799936
FILLER_65_681,VPWR,li1,319.4700,187.6800,1.799335
FILLER_65_673,VPWR,li1,316.9400,187.6800,1.799338
FILLER_65_671,VPWR,li1,314.4100,187.6800,1.799343
FILLER_65_665,VPWR,li1,312.8000,187.6800,1.799343
FILLER_65_653,VPWR,li1,308.6600,187.6800,1.799348
FILLER_65_641,VPWR,li1,303.1400,187.6800,1.799356
FILLER_65_629,VPWR,li1,297.6200,187.6800,1.799361
FILLER_65_617,VPWR,li1,292.1000,187.6800,1.799367
FILLER_65_614,VPWR,li1,288.4200,187.6800,1.799371
FILLER_65_602,VPWR,li1,285.2000,187.6800,1.799376
FILLER_65_590,VPWR,li1,279.6800,187.6800,1.799382
FILLER_65_578,VPWR,li1,274.1600,187.6800,1.799388
FILLER_65_561,VPWR,li1,264.9600,187.6800,1.799406
FILLER_65_557,VPWR,li1,262.4300,187.6800,1.799415
FILLER_65_545,VPWR,li1,258.9800,187.6800,1.799428
FILLER_65_533,VPWR,li1,253.4600,187.6800,1.799448
FILLER_65_521,VPWR,li1,247.9400,187.6800,1.799469
FILLER_65_513,VPWR,li1,241.7300,187.6800,1.799496
FILLER_65_505,VPWR,li1,239.6600,187.6800,1.799509
FILLER_65_488,VPWR,li1,230.9200,187.6800,1.799570
FILLER_65_476,VPWR,li1,227.2400,187.6800,1.799586
FILLER_65_464,VPWR,li1,221.7200,187.6800,1.799620
FILLER_65_452,VPWR,li1,216.2000,187.6800,1.799657
FILLER_65_445,VPWR,li1,210.9100,187.6800,1.799688
FILLER_65_437,VPWR,li1,208.3800,187.6800,1.799708
FILLER_65_427,VPWR,li1,202.4000,187.6800,1.799744
FILLER_65_415,VPWR,li1,199.1800,187.6800,1.799763
FILLER_65_403,VPWR,li1,193.6600,187.6800,1.799797
FILLER_65_386,VPWR,li1,184.4600,187.6800,1.799857
FILLER_65_363,VPWR,li1,172.9600,187.6800,1.799921
FILLER_65_344,VPWR,li1,163.9900,187.6800,1.799914
FILLER_65_334,VPWR,li1,159.6200,187.6800,1.799911
FILLER_65_326,VPWR,li1,157.3200,187.6800,1.799908
FILLER_65_314,VPWR,li1,152.7200,187.6800,1.799906
FILLER_65_302,VPWR,li1,147.2000,187.6800,1.799901
FILLER_65_281,VPWR,li1,135.0100,187.6800,1.799893
FILLER_65_278,VPWR,li1,133.8600,187.6800,1.799893
FILLER_65_270,VPWR,li1,131.5600,187.6800,1.799891
FILLER_65_258,VPWR,li1,126.9600,187.6800,1.799888
FILLER_65_246,VPWR,li1,121.4400,187.6800,1.799884
FILLER_65_234,VPWR,li1,115.9200,187.6800,1.799882
FILLER_65_225,VPWR,li1,109.7100,187.6800,1.799880
FILLER_65_220,VPWR,li1,107.6400,187.6800,1.799880
FILLER_65_202,VPWR,li1,98.6700,187.6800,1.799882
FILLER_65_198,VPWR,li1,97.5200,187.6800,1.799882
FILLER_65_169,VPWR,li1,83.7200,187.6800,1.799889
FILLER_65_141,VPWR,li1,71.7600,187.6800,1.799897
FILLER_65_129,VPWR,li1,67.6200,187.6800,1.799901
FILLER_65_113,VPWR,li1,58.1900,187.6800,1.799911
FILLER_65_111,VPWR,li1,56.8100,187.6800,1.799913
FILLER_65_99,VPWR,li1,53.8200,187.6800,1.799916
FILLER_65_90,VPWR,li1,47.6100,187.6800,1.799926
FILLER_65_78,VPWR,li1,42.3200,187.6800,1.799932
FILLER_65_68,VPWR,li1,38.1800,187.6800,1.799938
FILLER_65_55,VPWR,li1,31.0500,187.6800,1.799954
FILLER_65_51,VPWR,li1,29.9000,187.6800,1.799954
FILLER_65_39,VPWR,li1,26.2200,187.6800,1.799963
FILLER_65_27,VPWR,li1,20.7000,187.6800,1.799976
FILLER_65_15,VPWR,li1,15.1800,187.6800,1.799976
FILLER_65_3,VPWR,li1,9.6600,187.6800,1.799976
FILLER_64_695,VPWR,li1,325.4500,187.6800,1.799332
FILLER_64_669,VPWR,li1,313.7200,187.6800,1.799343
FILLER_64_657,VPWR,li1,310.5000,187.6800,1.799346
FILLER_64_645,VPWR,li1,304.9800,187.6800,1.799352
FILLER_64_643,VPWR,li1,301.5300,187.6800,1.799358
FILLER_64_637,VPWR,li1,299.9200,187.6800,1.799358
FILLER_64_625,VPWR,li1,295.7800,187.6800,1.799363
FILLER_64_613,VPWR,li1,290.2600,187.6800,1.799369
FILLER_64_601,VPWR,li1,284.7400,187.6800,1.799376
FILLER_64_589,VPWR,li1,279.2200,187.6800,1.799382
FILLER_64_586,VPWR,li1,275.5400,187.6800,1.799388
FILLER_64_574,VPWR,li1,272.3200,187.6800,1.799390
FILLER_64_565,VPWR,li1,265.8800,187.6800,1.799406
FILLER_64_557,VPWR,li1,263.5800,187.6800,1.799415
FILLER_64_545,VPWR,li1,258.9800,187.6800,1.799428
FILLER_64_533,VPWR,li1,253.4600,187.6800,1.799448
FILLER_64_531,VPWR,li1,250.0100,187.6800,1.799461
FILLER_64_525,VPWR,li1,248.4000,187.6800,1.799469
FILLER_64_513,VPWR,li1,241.7300,187.6800,1.799496
FILLER_64_507,VPWR,li1,240.1200,187.6800,1.799509
FILLER_64_495,VPWR,li1,235.9800,187.6800,1.799532
FILLER_64_477,VPWR,li1,225.1700,187.6800,1.799601
FILLER_64_464,VPWR,li1,221.7200,187.6800,1.799620
FILLER_64_454,VPWR,li1,215.7400,187.6800,1.799657
FILLER_64_442,VPWR,li1,211.6000,187.6800,1.799688
FILLER_64_433,VPWR,li1,205.6200,187.6800,1.799721
FILLER_64_421,VPWR,li1,201.9400,187.6800,1.799744
FILLER_64_413,VPWR,li1,196.1900,187.6800,1.799781
FILLER_64_405,VPWR,li1,193.6600,187.6800,1.799797
FILLER_64_376,VPWR,li1,181.2400,187.6800,1.799880
FILLER_64_369,VPWR,li1,175.4900,187.6800,1.799924
FILLER_64_365,VPWR,li1,174.3400,187.6800,1.799924
FILLER_64_363,VPWR,li1,172.7300,187.6800,1.799921
FILLER_64_359,VPWR,li1,171.5800,187.6800,1.799921
FILLER_64_345,VPWR,li1,164.9100,187.6800,1.799914
FILLER_64_333,VPWR,li1,161.4600,187.6800,1.799913
FILLER_64_321,VPWR,li1,155.9400,187.6800,1.799908
FILLER_64_309,VPWR,li1,150.4200,187.6800,1.799904
FILLER_64_307,VPWR,li1,146.9700,187.6800,1.799901
FILLER_64_303,VPWR,li1,145.8200,187.6800,1.799901
FILLER_64_291,VPWR,li1,142.1400,187.6800,1.799898
FILLER_64_280,VPWR,li1,134.5500,187.6800,1.799893
FILLER_64_268,VPWR,li1,131.5600,187.6800,1.799891
FILLER_64_258,VPWR,li1,124.8900,187.6800,1.799886
FILLER_64_253,VPWR,li1,122.1300,187.6800,1.799884
FILLER_64_249,VPWR,li1,120.7500,187.6800,1.799884
FILLER_64_241,VPWR,li1,116.6100,187.6800,1.799882
FILLER_64_235,VPWR,li1,115.0000,187.6800,1.799882
FILLER_64_227,VPWR,li1,110.1700,187.6800,1.799880
FILLER_64_219,VPWR,li1,108.1000,187.6800,1.799880
FILLER_64_201,VPWR,li1,98.2100,187.6800,1.799882
FILLER_64_197,VPWR,li1,97.0600,187.6800,1.799882
FILLER_64_194,VPWR,li1,95.2200,187.6800,1.799883
FILLER_64_181,VPWR,li1,90.1600,187.6800,1.799885
FILLER_64_170,VPWR,li1,84.4100,187.6800,1.799889
FILLER_64_155,VPWR,li1,78.6600,187.6800,1.799893
FILLER_64_139,VPWR,li1,69.6900,187.6800,1.799899
FILLER_64_131,VPWR,li1,67.6200,187.6800,1.799901
FILLER_64_111,VPWR,li1,57.2700,187.6800,1.799913
FILLER_64_92,VPWR,li1,48.3000,187.6800,1.799923
FILLER_64_77,VPWR,li1,41.1700,187.6800,1.799934
FILLER_64_71,VPWR,li1,39.5600,187.6800,1.799938
FILLER_64_53,VPWR,li1,30.3600,187.6800,1.799954
FILLER_64_41,VPWR,li1,27.1400,187.6800,1.799963
FILLER_64_29,VPWR,li1,21.6200,187.6800,1.799976
FILLER_64_27,VPWR,li1,18.1700,187.6800,1.799976
FILLER_64_15,VPWR,li1,15.1800,187.6800,1.799976
FILLER_64_3,VPWR,li1,9.6600,187.6800,1.799976
FILLER_63_683,VPWR,li1,319.9300,182.2400,1.799456
FILLER_63_679,VPWR,li1,318.7800,182.2400,1.799457
FILLER_63_673,VPWR,li1,315.3300,182.2400,1.799459
FILLER_63_652,VPWR,li1,306.3600,182.2400,1.799467
FILLER_63_648,VPWR,li1,303.8300,182.2400,1.799469
FILLER_63_640,VPWR,li1,301.7600,182.2400,1.799472
FILLER_63_629,VPWR,li1,296.7000,182.2400,1.799480
FILLER_63_617,VPWR,li1,292.1000,182.2400,1.799484
FILLER_63_608,VPWR,li1,287.0400,182.2400,1.799490
FILLER_63_596,VPWR,li1,282.4400,182.2400,1.799496
FILLER_63_584,VPWR,li1,276.9200,182.2400,1.799508
FILLER_63_575,VPWR,li1,270.2500,182.2400,1.799520
FILLER_63_567,VPWR,li1,268.1800,182.2400,1.799525
FILLER_63_561,VPWR,li1,263.8100,182.2400,1.799535
FILLER_63_557,VPWR,li1,262.4300,182.2400,1.799541
FILLER_63_537,VPWR,li1,255.3000,182.2400,1.799557
FILLER_63_498,VPWR,li1,235.2900,182.2400,1.799631
FILLER_63_490,VPWR,li1,232.7600,182.2400,1.799642
FILLER_63_473,VPWR,li1,224.0200,182.2400,1.799681
FILLER_63_449,VPWR,li1,212.7500,182.2400,1.799732
FILLER_63_444,VPWR,li1,210.6800,182.2400,1.799742
FILLER_63_393,VPWR,li1,189.0600,182.2400,1.799848
FILLER_63_386,VPWR,li1,184.4600,182.2400,1.799865
FILLER_63_374,VPWR,li1,180.3200,182.2400,1.799885
FILLER_63_341,VPWR,li1,162.8400,182.2400,1.799874
FILLER_63_328,VPWR,li1,156.6300,182.2400,1.799858
FILLER_63_316,VPWR,li1,153.6400,182.2400,1.799855
FILLER_63_304,VPWR,li1,148.1200,182.2400,1.799843
FILLER_63_292,VPWR,li1,141.6800,182.2400,1.799837
FILLER_63_287,VPWR,li1,137.7700,182.2400,1.799834
FILLER_63_281,VPWR,li1,136.1600,182.2400,1.799832
FILLER_63_273,VPWR,li1,131.7900,182.2400,1.799833
FILLER_63_239,VPWR,li1,116.3800,182.2400,1.799836
FILLER_63_221,VPWR,li1,107.8700,182.2400,1.799839
FILLER_63_207,VPWR,li1,101.4300,182.2400,1.799844
FILLER_63_195,VPWR,li1,97.9800,182.2400,1.799846
FILLER_63_183,VPWR,li1,92.4600,182.2400,1.799850
FILLER_63_133,VPWR,li1,66.9300,182.2400,1.799882
FILLER_63_125,VPWR,li1,64.8600,182.2400,1.799886
FILLER_63_113,VPWR,li1,60.2600,182.2400,1.799895
FILLER_63_110,VPWR,li1,56.5800,182.2400,1.799901
FILLER_63_102,VPWR,li1,54.2800,182.2400,1.799905
FILLER_63_90,VPWR,li1,49.6800,182.2400,1.799914
FILLER_63_80,VPWR,li1,43.2400,182.2400,1.799927
FILLER_63_75,VPWR,li1,40.2500,182.2400,1.799933
FILLER_63_69,VPWR,li1,38.6400,182.2400,1.799937
FILLER_63_57,VPWR,li1,34.5000,182.2400,1.799946
FILLER_63_55,VPWR,li1,31.0500,182.2400,1.799956
FILLER_63_51,VPWR,li1,29.9000,182.2400,1.799956
FILLER_63_39,VPWR,li1,26.2200,182.2400,1.799964
FILLER_63_27,VPWR,li1,20.7000,182.2400,1.799976
FILLER_63_15,VPWR,li1,15.1800,182.2400,1.799976
FILLER_63_3,VPWR,li1,9.6600,182.2400,1.799975
FILLER_62_694,VPWR,li1,326.1400,182.2400,1.799454
FILLER_62_682,VPWR,li1,322.0000,182.2400,1.799455
FILLER_62_675,VPWR,li1,316.4800,182.2400,1.799459
FILLER_62_663,VPWR,li1,313.2600,182.2400,1.799460
FILLER_62_653,VPWR,li1,306.3600,182.2400,1.799467
FILLER_62_636,VPWR,li1,299.9200,182.2400,1.799475
FILLER_62_624,VPWR,li1,295.3200,182.2400,1.799480
FILLER_62_612,VPWR,li1,289.8000,182.2400,1.799488
FILLER_62_589,VPWR,li1,277.3800,182.2400,1.799508
FILLER_62_560,VPWR,li1,263.8100,182.2400,1.799535
FILLER_62_531,VPWR,li1,250.0100,182.2400,1.799578
FILLER_62_525,VPWR,li1,248.4000,182.2400,1.799578
FILLER_62_521,VPWR,li1,245.4100,182.2400,1.799593
FILLER_62_517,VPWR,li1,244.2600,182.2400,1.799593
FILLER_62_501,VPWR,li1,236.9000,182.2400,1.799631
FILLER_62_489,VPWR,li1,233.2200,182.2400,1.799642
FILLER_62_477,VPWR,li1,227.7000,182.2400,1.799670
FILLER_62_475,VPWR,li1,224.2500,182.2400,1.799681
FILLER_62_467,VPWR,li1,222.1800,182.2400,1.799690
FILLER_62_452,VPWR,li1,214.8200,182.2400,1.799723
FILLER_62_440,VPWR,li1,210.6800,182.2400,1.799742
FILLER_62_432,VPWR,li1,204.9300,182.2400,1.799768
FILLER_62_424,VPWR,li1,202.4000,182.2400,1.799783
FILLER_62_412,VPWR,li1,195.5000,182.2400,1.799816
FILLER_62_404,VPWR,li1,193.2000,182.2400,1.799826
FILLER_62_395,VPWR,li1,187.9100,182.2400,1.799848
FILLER_62_383,VPWR,li1,184.4600,182.2400,1.799865
FILLER_62_365,VPWR,li1,173.8800,182.2400,1.799902
FILLER_62_347,VPWR,li1,165.3700,182.2400,1.799879
FILLER_62_325,VPWR,li1,155.4800,182.2400,1.799858
FILLER_62_306,VPWR,li1,146.7400,182.2400,1.799843
FILLER_62_269,VPWR,li1,129.4900,182.2400,1.799833
FILLER_62_263,VPWR,li1,127.8800,182.2400,1.799833
FILLER_62_257,VPWR,li1,123.9700,182.2400,1.799834
FILLER_62_253,VPWR,li1,122.8200,182.2400,1.799834
FILLER_62_248,VPWR,li1,120.5200,182.2400,1.799835
FILLER_62_210,VPWR,li1,102.8100,182.2400,1.799842
FILLER_62_201,VPWR,li1,98.2100,182.2400,1.799846
FILLER_62_163,VPWR,li1,81.4200,182.2400,1.799861
FILLER_62_152,VPWR,li1,75.9000,182.2400,1.799869
FILLER_62_123,VPWR,li1,62.3300,182.2400,1.799890
FILLER_62_95,VPWR,li1,49.4500,182.2400,1.799917
FILLER_62_89,VPWR,li1,47.8400,182.2400,1.799917
FILLER_62_82,VPWR,li1,43.7000,182.2400,1.799927
FILLER_62_65,VPWR,li1,36.3400,182.2400,1.799942
FILLER_62_53,VPWR,li1,32.6600,182.2400,1.799950
FILLER_62_41,VPWR,li1,27.1400,182.2400,1.799964
FILLER_62_29,VPWR,li1,21.6200,182.2400,1.799976
FILLER_62_27,VPWR,li1,18.1700,182.2400,1.799976
FILLER_62_19,VPWR,li1,16.1000,182.2400,1.799976
FILLER_62_7,VPWR,li1,11.5000,182.2400,1.799975
FILLER_61_693,VPWR,li1,324.9900,176.8000,1.798765
FILLER_61_685,VPWR,li1,322.4600,176.8000,1.798765
FILLER_61_673,VPWR,li1,317.8600,176.8000,1.798768
FILLER_61_671,VPWR,li1,314.4100,176.8000,1.798771
FILLER_61_665,VPWR,li1,312.8000,176.8000,1.798771
FILLER_61_629,VPWR,li1,297.6200,176.8000,1.798824
FILLER_61_617,VPWR,li1,292.1000,176.8000,1.798862
FILLER_61_612,VPWR,li1,287.9600,176.8000,1.798890
FILLER_61_600,VPWR,li1,284.2800,176.8000,1.798915
FILLER_61_561,VPWR,li1,264.9600,176.8000,1.799057
FILLER_61_559,VPWR,li1,262.8900,176.8000,1.799073
FILLER_61_553,VPWR,li1,261.2800,176.8000,1.799088
FILLER_61_536,VPWR,li1,252.3100,176.8000,1.799156
FILLER_61_530,VPWR,li1,250.7000,176.8000,1.799177
FILLER_61_523,VPWR,li1,246.5600,176.8000,1.799197
FILLER_61_515,VPWR,li1,244.2600,176.8000,1.799220
FILLER_61_505,VPWR,li1,238.0500,176.8000,1.799277
FILLER_61_495,VPWR,li1,233.4500,176.8000,1.799310
FILLER_61_491,VPWR,li1,232.3000,176.8000,1.799310
FILLER_61_473,VPWR,li1,223.5600,176.8000,1.799385
FILLER_61_465,VPWR,li1,221.2600,176.8000,1.799400
FILLER_61_455,VPWR,li1,215.5100,176.8000,1.799447
FILLER_61_449,VPWR,li1,212.2900,176.8000,1.799484
FILLER_61_447,VPWR,li1,211.3700,176.8000,1.799484
FILLER_61_442,VPWR,li1,209.0700,176.8000,1.799501
FILLER_61_434,VPWR,li1,207.0000,176.8000,1.799519
FILLER_61_422,VPWR,li1,202.4000,176.8000,1.799569
FILLER_61_416,VPWR,li1,197.3400,176.8000,1.799600
FILLER_61_408,VPWR,li1,195.0400,176.8000,1.799626
FILLER_61_385,VPWR,li1,183.5400,176.8000,1.799731
FILLER_61_368,VPWR,li1,175.0300,176.8000,1.799830
FILLER_61_364,VPWR,li1,173.8800,176.8000,1.799830
FILLER_61_328,VPWR,li1,156.6300,176.8000,1.799749
FILLER_61_322,VPWR,li1,155.0200,176.8000,1.799739
FILLER_61_310,VPWR,li1,150.8800,176.8000,1.799723
FILLER_61_281,VPWR,li1,135.2400,176.8000,1.799700
FILLER_61_271,VPWR,li1,130.6400,176.8000,1.799701
FILLER_61_263,VPWR,li1,128.3400,176.8000,1.799701
FILLER_61_239,VPWR,li1,115.6900,176.8000,1.799716
FILLER_61_216,VPWR,li1,105.1100,176.8000,1.799728
FILLER_61_212,VPWR,li1,103.9600,176.8000,1.799731
FILLER_61_192,VPWR,li1,94.0700,176.8000,1.799748
FILLER_61_169,VPWR,li1,83.7200,176.8000,1.799767
FILLER_61_165,VPWR,li1,82.1100,176.8000,1.799772
FILLER_61_157,VPWR,li1,79.5800,176.8000,1.799776
FILLER_61_126,VPWR,li1,63.9400,176.8000,1.799819
FILLER_61_109,VPWR,li1,56.3500,176.8000,1.799841
FILLER_61_92,VPWR,li1,48.5300,176.8000,1.799869
FILLER_61_77,VPWR,li1,41.4000,176.8000,1.799891
FILLER_61_69,VPWR,li1,39.1000,176.8000,1.799903
FILLER_61_57,VPWR,li1,34.5000,176.8000,1.799916
FILLER_61_55,VPWR,li1,31.0500,176.8000,1.799929
FILLER_61_43,VPWR,li1,28.0600,176.8000,1.799943
FILLER_61_31,VPWR,li1,22.5400,176.8000,1.799963
FILLER_61_19,VPWR,li1,17.0200,176.8000,1.799962
FILLER_61_7,VPWR,li1,11.5000,176.8000,1.799961
FILLER_60_656,VPWR,li1,308.2000,176.8000,1.798774
FILLER_60_632,VPWR,li1,299.0000,176.8000,1.798824
FILLER_60_620,VPWR,li1,293.4800,176.8000,1.798862
FILLER_60_608,VPWR,li1,287.9600,176.8000,1.798890
FILLER_60_589,VPWR,li1,277.1500,176.8000,1.798973
FILLER_60_584,VPWR,li1,275.0800,176.8000,1.798992
FILLER_60_572,VPWR,li1,271.4000,176.8000,1.799014
FILLER_60_560,VPWR,li1,265.8800,176.8000,1.799057
FILLER_60_538,VPWR,li1,253.6900,176.8000,1.799142
FILLER_60_531,VPWR,li1,250.0100,176.8000,1.799177
FILLER_60_517,VPWR,li1,243.5700,176.8000,1.799220
FILLER_60_511,VPWR,li1,241.9600,176.8000,1.799237
FILLER_60_495,VPWR,li1,234.6000,176.8000,1.799291
FILLER_60_470,VPWR,li1,223.1000,176.8000,1.799385
FILLER_60_446,VPWR,li1,211.1400,176.8000,1.799484
FILLER_60_435,VPWR,li1,205.8500,176.8000,1.799542
FILLER_60_429,VPWR,li1,204.2400,176.8000,1.799542
FILLER_60_410,VPWR,li1,194.3500,176.8000,1.799626
FILLER_60_357,VPWR,li1,170.4300,176.8000,1.799804
FILLER_60_348,VPWR,li1,165.8300,176.8000,1.799781
FILLER_60_344,VPWR,li1,164.6800,176.8000,1.799781
FILLER_60_336,VPWR,li1,160.3100,176.8000,1.799764
FILLER_60_329,VPWR,li1,157.3200,176.8000,1.799749
FILLER_60_317,VPWR,li1,154.1000,176.8000,1.799739
FILLER_60_287,VPWR,li1,138.2300,176.8000,1.799700
FILLER_60_209,VPWR,li1,103.0400,176.8000,1.799731
FILLER_60_205,VPWR,li1,100.0500,176.8000,1.799735
FILLER_60_197,VPWR,li1,97.9800,176.8000,1.799739
FILLER_60_193,VPWR,li1,94.9900,176.8000,1.799744
FILLER_60_179,VPWR,li1,88.0900,176.8000,1.799757
FILLER_60_175,VPWR,li1,86.9400,176.8000,1.799763
FILLER_60_168,VPWR,li1,83.0300,176.8000,1.799772
FILLER_60_162,VPWR,li1,81.4200,176.8000,1.799772
FILLER_60_147,VPWR,li1,73.3700,176.8000,1.799791
FILLER_60_117,VPWR,li1,59.8000,176.8000,1.799834
FILLER_60_110,VPWR,li1,56.8100,176.8000,1.799841
FILLER_60_85,VPWR,li1,45.3100,176.8000,1.799882
FILLER_60_83,VPWR,li1,43.9300,176.8000,1.799882
FILLER_60_77,VPWR,li1,42.3200,176.8000,1.799891
FILLER_60_65,VPWR,li1,38.1800,176.8000,1.799903
FILLER_60_53,VPWR,li1,32.6600,176.8000,1.799929
FILLER_60_41,VPWR,li1,27.1400,176.8000,1.799943
FILLER_60_29,VPWR,li1,21.6200,176.8000,1.799963
FILLER_60_27,VPWR,li1,18.1700,176.8000,1.799962
FILLER_60_19,VPWR,li1,16.1000,176.8000,1.799962
FILLER_60_7,VPWR,li1,11.5000,176.8000,1.799961
FILLER_59_696,VPWR,li1,326.6000,171.3600,1.799710
FILLER_59_684,VPWR,li1,322.9200,171.3600,1.799710
FILLER_59_673,VPWR,li1,316.4800,171.3600,1.799710
FILLER_59_660,VPWR,li1,311.8800,171.3600,1.799710
FILLER_59_649,VPWR,li1,304.7500,171.3600,1.799710
FILLER_59_641,VPWR,li1,302.2200,171.3600,1.799710
FILLER_59_629,VPWR,li1,297.6200,171.3600,1.799710
FILLER_59_617,VPWR,li1,292.1000,171.3600,1.799710
FILLER_59_591,VPWR,li1,277.8400,171.3600,1.799713
FILLER_59_579,VPWR,li1,274.6200,171.3600,1.799714
FILLER_59_575,VPWR,li1,270.2500,171.3600,1.799715
FILLER_59_558,VPWR,li1,262.6600,171.3600,1.799719
FILLER_59_534,VPWR,li1,251.8500,171.3600,1.799730
FILLER_59_526,VPWR,li1,249.3200,171.3600,1.799733
FILLER_59_521,VPWR,li1,245.6400,171.3600,1.799738
FILLER_59_493,VPWR,li1,234.1400,171.3600,1.799752
FILLER_59_484,VPWR,li1,228.3900,171.3600,1.799760
FILLER_59_472,VPWR,li1,223.3300,171.3600,1.799766
FILLER_59_464,VPWR,li1,220.8000,171.3600,1.799769
FILLER_59_449,VPWR,li1,212.7500,171.3600,1.799782
FILLER_59_446,VPWR,li1,211.1400,171.3600,1.799782
FILLER_59_405,VPWR,li1,194.5800,171.3600,1.799809
FILLER_59_393,VPWR,li1,189.0600,171.3600,1.799818
FILLER_59_391,VPWR,li1,185.6100,171.3600,1.799823
FILLER_59_385,VPWR,li1,184.0000,171.3600,1.799827
FILLER_59_366,VPWR,li1,174.5700,171.3600,1.799817
FILLER_59_337,VPWR,li1,161.0000,171.3600,1.799748
FILLER_59_321,VPWR,li1,154.1000,171.3600,1.799737
FILLER_59_288,VPWR,li1,138.2300,171.3600,1.799726
FILLER_59_274,VPWR,li1,132.0200,171.3600,1.799730
FILLER_59_261,VPWR,li1,125.8100,171.3600,1.799735
FILLER_59_240,VPWR,li1,116.6100,171.3600,1.799743
FILLER_59_223,VPWR,li1,108.3300,171.3600,1.799752
FILLER_59_192,VPWR,li1,94.5300,171.3600,1.799770
FILLER_59_169,VPWR,li1,83.9500,171.3600,1.799790
FILLER_59_164,VPWR,li1,81.8800,171.3600,1.799795
FILLER_59_125,VPWR,li1,63.7100,171.3600,1.799844
FILLER_59_113,VPWR,li1,60.2600,171.3600,1.799852
FILLER_59_111,VPWR,li1,56.8100,171.3600,1.799865
FILLER_59_107,VPWR,li1,55.6600,171.3600,1.799865
FILLER_59_95,VPWR,li1,51.9800,171.3600,1.799876
FILLER_59_81,VPWR,li1,44.6200,171.3600,1.799899
FILLER_59_69,VPWR,li1,40.0200,171.3600,1.799913
FILLER_59_57,VPWR,li1,34.5000,171.3600,1.799929
FILLER_59_55,VPWR,li1,31.0500,171.3600,1.799940
FILLER_59_43,VPWR,li1,28.0600,171.3600,1.799952
FILLER_59_31,VPWR,li1,22.5400,171.3600,1.799968
FILLER_59_19,VPWR,li1,17.0200,171.3600,1.799968
FILLER_59_7,VPWR,li1,11.5000,171.3600,1.799967
FILLER_58_699,VPWR,li1,327.2900,171.3600,1.799710
FILLER_58_693,VPWR,li1,325.6800,171.3600,1.799710
FILLER_58_681,VPWR,li1,321.5400,171.3600,1.799710
FILLER_58_669,VPWR,li1,316.0200,171.3600,1.799710
FILLER_58_657,VPWR,li1,310.5000,171.3600,1.799710
FILLER_58_645,VPWR,li1,304.9800,171.3600,1.799710
FILLER_58_642,VPWR,li1,301.3000,171.3600,1.799710
FILLER_58_634,VPWR,li1,299.0000,171.3600,1.799710
FILLER_58_622,VPWR,li1,294.4000,171.3600,1.799710
FILLER_58_610,VPWR,li1,286.5800,171.3600,1.799711
FILLER_58_552,VPWR,li1,259.9000,171.3600,1.799723
FILLER_58_541,VPWR,li1,255.0700,171.3600,1.799727
FILLER_58_533,VPWR,li1,252.5400,171.3600,1.799730
FILLER_58_529,VPWR,li1,249.5500,171.3600,1.799733
FILLER_58_517,VPWR,li1,246.1000,171.3600,1.799738
FILLER_58_513,VPWR,li1,241.7300,171.3600,1.799743
FILLER_58_509,VPWR,li1,240.5800,171.3600,1.799743
FILLER_58_501,VPWR,li1,236.2100,171.3600,1.799748
FILLER_58_489,VPWR,li1,233.2200,171.3600,1.799752
FILLER_58_477,VPWR,li1,227.7000,171.3600,1.799760
FILLER_58_475,VPWR,li1,224.2500,171.3600,1.799766
FILLER_58_469,VPWR,li1,222.6400,171.3600,1.799766
FILLER_58_457,VPWR,li1,218.5000,171.3600,1.799772
FILLER_58_445,VPWR,li1,212.9800,171.3600,1.799780
FILLER_58_433,VPWR,li1,207.4600,171.3600,1.799788
FILLER_58_421,VPWR,li1,201.9400,171.3600,1.799797
FILLER_58_419,VPWR,li1,198.4900,171.3600,1.799802
FILLER_58_407,VPWR,li1,195.5000,171.3600,1.799809
FILLER_58_403,VPWR,li1,191.1300,171.3600,1.799814
FILLER_58_395,VPWR,li1,189.0600,171.3600,1.799818
FILLER_58_365,VPWR,li1,174.1100,171.3600,1.799817
FILLER_58_329,VPWR,li1,157.5500,171.3600,1.799740
FILLER_58_316,VPWR,li1,151.3400,171.3600,1.799733
FILLER_58_303,VPWR,li1,145.1300,171.3600,1.799727
FILLER_58_299,VPWR,li1,143.9800,171.3600,1.799727
FILLER_58_265,VPWR,li1,127.8800,171.3600,1.799733
FILLER_58_253,VPWR,li1,124.6600,171.3600,1.799737
FILLER_58_251,VPWR,li1,121.2100,171.3600,1.799739
FILLER_58_239,VPWR,li1,118.2200,171.3600,1.799743
FILLER_58_233,VPWR,li1,112.9300,171.3600,1.799746
FILLER_58_224,VPWR,li1,109.0200,171.3600,1.799750
FILLER_58_197,VPWR,li1,96.8300,171.3600,1.799766
FILLER_58_194,VPWR,li1,95.2200,171.3600,1.799770
FILLER_58_173,VPWR,li1,85.5600,171.3600,1.799790
FILLER_58_168,VPWR,li1,83.0300,171.3600,1.799795
FILLER_58_164,VPWR,li1,81.8800,171.3600,1.799795
FILLER_58_154,VPWR,li1,76.8200,171.3600,1.799806
FILLER_58_146,VPWR,li1,74.5200,171.3600,1.799812
FILLER_58_138,VPWR,li1,69.4600,171.3600,1.799829
FILLER_58_126,VPWR,li1,63.7100,171.3600,1.799844
FILLER_58_109,VPWR,li1,57.0400,171.3600,1.799865
FILLER_58_97,VPWR,li1,52.9000,171.3600,1.799876
FILLER_58_85,VPWR,li1,47.3800,171.3600,1.799890
FILLER_58_83,VPWR,li1,43.9300,171.3600,1.799906
FILLER_58_77,VPWR,li1,42.3200,171.3600,1.799906
FILLER_58_65,VPWR,li1,38.1800,171.3600,1.799918
FILLER_58_53,VPWR,li1,32.6600,171.3600,1.799940
FILLER_58_41,VPWR,li1,27.1400,171.3600,1.799952
FILLER_58_29,VPWR,li1,21.6200,171.3600,1.799968
FILLER_58_27,VPWR,li1,18.1700,171.3600,1.799968
FILLER_58_15,VPWR,li1,15.1800,171.3600,1.799968
FILLER_58_3,VPWR,li1,9.6600,171.3600,1.799967
FILLER_57_697,VPWR,li1,326.8300,165.9200,1.799645
FILLER_57_685,VPWR,li1,323.3800,165.9200,1.799645
FILLER_57_673,VPWR,li1,317.8600,165.9200,1.799645
FILLER_57_669,VPWR,li1,313.9500,165.9200,1.799645
FILLER_57_657,VPWR,li1,310.5000,165.9200,1.799645
FILLER_57_645,VPWR,li1,304.9800,165.9200,1.799645
FILLER_57_633,VPWR,li1,299.4600,165.9200,1.799645
FILLER_57_607,VPWR,li1,285.4300,165.9200,1.799650
FILLER_57_577,VPWR,li1,271.1700,165.9200,1.799666
FILLER_57_573,VPWR,li1,270.0200,165.9200,1.799666
FILLER_57_561,VPWR,li1,266.3400,165.9200,1.799674
FILLER_57_548,VPWR,li1,260.3600,165.9200,1.799681
FILLER_57_505,VPWR,li1,238.5100,165.9200,1.799728
FILLER_57_496,VPWR,li1,235.5200,165.9200,1.799736
FILLER_57_488,VPWR,li1,230.2300,165.9200,1.799748
FILLER_57_476,VPWR,li1,225.8600,165.9200,1.799763
FILLER_57_465,VPWR,li1,219.8800,165.9200,1.799776
FILLER_57_449,VPWR,li1,212.5200,165.9200,1.799800
FILLER_57_447,VPWR,li1,211.3700,165.9200,1.799807
FILLER_57_438,VPWR,li1,207.6900,165.9200,1.799814
FILLER_57_423,VPWR,li1,200.3300,165.9200,1.799837
FILLER_57_415,VPWR,li1,198.2600,165.9200,1.799845
FILLER_57_400,VPWR,li1,189.7500,165.9200,1.799873
FILLER_57_388,VPWR,li1,184.9200,165.9200,1.799890
FILLER_57_377,VPWR,li1,180.7800,165.9200,1.799905
FILLER_57_354,VPWR,li1,170.2000,165.9200,1.799904
FILLER_57_337,VPWR,li1,160.7700,165.9200,1.799870
FILLER_57_314,VPWR,li1,150.1900,165.9200,1.799840
FILLER_57_302,VPWR,li1,147.2000,165.9200,1.799833
FILLER_57_290,VPWR,li1,141.6800,165.9200,1.799829
FILLER_57_274,VPWR,li1,132.9400,165.9200,1.799834
FILLER_57_264,VPWR,li1,127.6500,165.9200,1.799839
FILLER_57_252,VPWR,li1,124.2000,165.9200,1.799841
FILLER_57_238,VPWR,li1,115.2300,165.9200,1.799848
FILLER_57_225,VPWR,li1,109.9400,165.9200,1.799853
FILLER_57_216,VPWR,li1,106.7200,165.9200,1.799855
FILLER_57_204,VPWR,li1,102.1200,165.9200,1.799860
FILLER_57_196,VPWR,li1,96.3700,165.9200,1.799866
FILLER_57_185,VPWR,li1,91.0800,165.9200,1.799871
FILLER_57_177,VPWR,li1,87.4000,165.9200,1.799876
FILLER_57_169,VPWR,li1,85.1000,165.9200,1.799879
FILLER_57_167,VPWR,li1,82.5700,165.9200,1.799882
FILLER_57_159,VPWR,li1,80.5000,165.9200,1.799885
FILLER_57_147,VPWR,li1,75.9000,165.9200,1.799893
FILLER_57_141,VPWR,li1,70.8400,165.9200,1.799900
FILLER_57_129,VPWR,li1,67.6200,165.9200,1.799904
FILLER_57_113,VPWR,li1,57.9600,165.9200,1.799921
FILLER_57_105,VPWR,li1,54.7400,165.9200,1.799926
FILLER_57_93,VPWR,li1,51.0600,165.9200,1.799932
FILLER_57_81,VPWR,li1,45.5400,165.9200,1.799943
FILLER_57_69,VPWR,li1,40.0200,165.9200,1.799951
FILLER_57_57,VPWR,li1,34.5000,165.9200,1.799960
FILLER_57_55,VPWR,li1,31.0500,165.9200,1.799966
FILLER_57_43,VPWR,li1,28.0600,165.9200,1.799973
FILLER_57_31,VPWR,li1,22.5400,165.9200,1.799982
FILLER_57_19,VPWR,li1,17.0200,165.9200,1.799981
FILLER_57_7,VPWR,li1,11.5000,165.9200,1.799981
FILLER_56_699,VPWR,li1,327.2900,165.9200,1.799645
FILLER_56_693,VPWR,li1,325.6800,165.9200,1.799645
FILLER_56_681,VPWR,li1,321.5400,165.9200,1.799645
FILLER_56_669,VPWR,li1,316.0200,165.9200,1.799645
FILLER_56_657,VPWR,li1,310.5000,165.9200,1.799645
FILLER_56_645,VPWR,li1,304.9800,165.9200,1.799645
FILLER_56_636,VPWR,li1,299.9200,165.9200,1.799645
FILLER_56_624,VPWR,li1,293.4800,165.9200,1.799645
FILLER_56_614,VPWR,li1,288.4200,165.9200,1.799648
FILLER_56_604,VPWR,li1,283.5900,165.9200,1.799652
FILLER_56_589,VPWR,li1,278.3000,165.9200,1.799656
FILLER_56_587,VPWR,li1,275.7700,165.9200,1.799660
FILLER_56_581,VPWR,li1,274.1600,165.9200,1.799660
FILLER_56_569,VPWR,li1,270.0200,165.9200,1.799666
FILLER_56_564,VPWR,li1,265.1900,165.9200,1.799674
FILLER_56_558,VPWR,li1,263.5800,165.9200,1.799676
FILLER_56_553,VPWR,li1,260.1300,165.9200,1.799684
FILLER_56_547,VPWR,li1,258.5200,165.9200,1.799684
FILLER_56_541,VPWR,li1,255.0700,165.9200,1.799690
FILLER_56_533,VPWR,li1,252.5400,165.9200,1.799694
FILLER_56_530,VPWR,li1,249.7800,165.9200,1.799701
FILLER_56_521,VPWR,li1,246.5600,165.9200,1.799706
FILLER_56_512,VPWR,li1,241.9600,165.9200,1.799717
FILLER_56_504,VPWR,li1,238.2800,165.9200,1.799728
FILLER_56_492,VPWR,li1,234.6000,165.9200,1.799736
FILLER_56_460,VPWR,li1,218.5000,165.9200,1.799781
FILLER_56_446,VPWR,li1,210.9100,165.9200,1.799807
FILLER_56_436,VPWR,li1,207.4600,165.9200,1.799814
FILLER_56_393,VPWR,li1,186.5300,165.9200,1.799890
FILLER_56_377,VPWR,li1,179.4000,165.9200,1.799915
FILLER_56_365,VPWR,li1,176.1800,165.9200,1.799924
FILLER_56_358,VPWR,li1,170.6600,165.9200,1.799904
FILLER_56_346,VPWR,li1,167.4400,165.9200,1.799893
FILLER_56_334,VPWR,li1,159.3900,165.9200,1.799864
FILLER_56_296,VPWR,li1,141.9100,165.9200,1.799829
FILLER_56_292,VPWR,li1,140.7600,165.9200,1.799829
FILLER_56_287,VPWR,li1,137.7700,165.9200,1.799832
FILLER_56_281,VPWR,li1,136.1600,165.9200,1.799832
FILLER_56_261,VPWR,li1,126.2700,165.9200,1.799839
FILLER_56_253,VPWR,li1,123.7400,165.9200,1.799841
FILLER_56_251,VPWR,li1,121.2100,165.9200,1.799844
FILLER_56_245,VPWR,li1,119.6000,165.9200,1.799844
FILLER_56_213,VPWR,li1,104.4200,165.9200,1.799857
FILLER_56_197,VPWR,li1,96.8300,165.9200,1.799866
FILLER_56_178,VPWR,li1,87.6300,165.9200,1.799876
FILLER_56_172,VPWR,li1,86.0200,165.9200,1.799879
FILLER_56_123,VPWR,li1,64.8600,165.9200,1.799910
FILLER_56_109,VPWR,li1,57.5000,165.9200,1.799921
FILLER_56_97,VPWR,li1,52.9000,165.9200,1.799929
FILLER_56_85,VPWR,li1,47.3800,165.9200,1.799938
FILLER_56_83,VPWR,li1,43.9300,165.9200,1.799947
FILLER_56_77,VPWR,li1,42.3200,165.9200,1.799947
FILLER_56_65,VPWR,li1,38.1800,165.9200,1.799954
FILLER_56_53,VPWR,li1,32.6600,165.9200,1.799966
FILLER_56_41,VPWR,li1,27.1400,165.9200,1.799973
FILLER_56_29,VPWR,li1,21.6200,165.9200,1.799982
FILLER_56_27,VPWR,li1,18.1700,165.9200,1.799982
FILLER_56_19,VPWR,li1,16.1000,165.9200,1.799981
FILLER_56_7,VPWR,li1,11.5000,165.9200,1.799981
FILLER_55_683,VPWR,li1,319.9300,160.4800,1.799172
FILLER_55_677,VPWR,li1,317.1700,160.4800,1.799173
FILLER_55_673,VPWR,li1,316.0200,160.4800,1.799175
FILLER_55_671,VPWR,li1,314.4100,160.4800,1.799176
FILLER_55_665,VPWR,li1,312.8000,160.4800,1.799176
FILLER_55_653,VPWR,li1,308.6600,160.4800,1.799178
FILLER_55_641,VPWR,li1,303.1400,160.4800,1.799182
FILLER_55_629,VPWR,li1,297.6200,160.4800,1.799185
FILLER_55_617,VPWR,li1,292.1000,160.4800,1.799189
FILLER_55_610,VPWR,li1,287.5000,160.4800,1.799192
FILLER_55_600,VPWR,li1,282.4400,160.4800,1.799197
FILLER_55_588,VPWR,li1,278.7600,160.4800,1.799202
FILLER_55_529,VPWR,li1,251.6200,160.4800,1.799348
FILLER_55_517,VPWR,li1,246.1000,160.4800,1.799389
FILLER_55_505,VPWR,li1,240.5800,160.4800,1.799424
FILLER_55_492,VPWR,li1,234.6000,160.4800,1.799457
FILLER_55_483,VPWR,li1,228.1600,160.4800,1.799502
FILLER_55_475,VPWR,li1,225.8600,160.4800,1.799518
FILLER_55_470,VPWR,li1,221.9500,160.4800,1.799546
FILLER_55_466,VPWR,li1,220.8000,160.4800,1.799563
FILLER_55_454,VPWR,li1,217.1200,160.4800,1.799585
FILLER_55_449,VPWR,li1,212.5200,160.4800,1.799615
FILLER_55_442,VPWR,li1,210.2200,160.4800,1.799632
FILLER_55_430,VPWR,li1,206.0800,160.4800,1.799665
FILLER_55_418,VPWR,li1,200.5600,160.4800,1.799702
FILLER_55_393,VPWR,li1,187.6800,160.4800,1.799796
FILLER_55_391,VPWR,li1,185.6100,160.4800,1.799818
FILLER_55_380,VPWR,li1,180.5500,160.4800,1.799849
FILLER_55_344,VPWR,li1,164.6800,160.4800,1.799861
FILLER_55_334,VPWR,li1,159.6200,160.4800,1.799850
FILLER_55_326,VPWR,li1,157.3200,160.4800,1.799846
FILLER_55_317,VPWR,li1,151.8000,160.4800,1.799837
FILLER_55_307,VPWR,li1,147.2000,160.4800,1.799831
FILLER_55_281,VPWR,li1,135.4700,160.4800,1.799829
FILLER_55_275,VPWR,li1,132.2500,160.4800,1.799830
FILLER_55_258,VPWR,li1,124.4300,160.4800,1.799835
FILLER_55_254,VPWR,li1,123.2800,160.4800,1.799837
FILLER_55_242,VPWR,li1,119.6000,160.4800,1.799840
FILLER_55_225,VPWR,li1,109.4800,160.4800,1.799852
FILLER_55_223,VPWR,li1,108.3300,160.4800,1.799852
FILLER_55_211,VPWR,li1,105.3400,160.4800,1.799857
FILLER_55_205,VPWR,li1,100.0500,160.4800,1.799862
FILLER_55_196,VPWR,li1,96.1400,160.4800,1.799867
FILLER_55_160,VPWR,li1,80.9600,160.4800,1.799887
FILLER_55_153,VPWR,li1,76.3600,160.4800,1.799896
FILLER_55_138,VPWR,li1,69.6900,160.4800,1.799904
FILLER_55_125,VPWR,li1,64.4000,160.4800,1.799912
FILLER_55_113,VPWR,li1,60.2600,160.4800,1.799919
FILLER_55_111,VPWR,li1,56.8100,160.4800,1.799926
FILLER_55_105,VPWR,li1,55.2000,160.4800,1.799926
FILLER_55_93,VPWR,li1,51.0600,160.4800,1.799933
FILLER_55_81,VPWR,li1,45.5400,160.4800,1.799944
FILLER_55_69,VPWR,li1,40.0200,160.4800,1.799952
FILLER_55_57,VPWR,li1,34.5000,160.4800,1.799961
FILLER_55_55,VPWR,li1,31.0500,160.4800,1.799966
FILLER_55_43,VPWR,li1,28.0600,160.4800,1.799973
FILLER_55_31,VPWR,li1,22.5400,160.4800,1.799982
FILLER_55_19,VPWR,li1,17.0200,160.4800,1.799982
FILLER_55_7,VPWR,li1,11.5000,160.4800,1.799981
FILLER_54_688,VPWR,li1,322.9200,160.4800,1.799170
FILLER_54_676,VPWR,li1,319.2400,160.4800,1.799172
FILLER_54_664,VPWR,li1,313.7200,160.4800,1.799176
FILLER_54_653,VPWR,li1,306.5900,160.4800,1.799180
FILLER_54_645,VPWR,li1,304.0600,160.4800,1.799182
FILLER_54_642,VPWR,li1,301.3000,160.4800,1.799183
FILLER_54_634,VPWR,li1,299.0000,160.4800,1.799185
FILLER_54_622,VPWR,li1,294.4000,160.4800,1.799187
FILLER_54_617,VPWR,li1,289.5700,160.4800,1.799191
FILLER_54_613,VPWR,li1,288.4200,160.4800,1.799191
FILLER_54_589,VPWR,li1,276.6900,160.4800,1.799206
FILLER_54_582,VPWR,li1,274.6200,160.4800,1.799211
FILLER_54_554,VPWR,li1,261.0500,160.4800,1.799280
FILLER_54_543,VPWR,li1,255.9900,160.4800,1.799311
FILLER_54_530,VPWR,li1,249.7800,160.4800,1.799361
FILLER_54_526,VPWR,li1,247.7100,160.4800,1.799373
FILLER_54_515,VPWR,li1,242.6500,160.4800,1.799411
FILLER_54_495,VPWR,li1,235.9800,160.4800,1.799457
FILLER_54_484,VPWR,li1,230.0000,160.4800,1.799489
FILLER_54_474,VPWR,li1,224.0200,160.4800,1.799532
FILLER_54_465,VPWR,li1,219.6500,160.4800,1.799563
FILLER_54_453,VPWR,li1,216.6600,160.4800,1.799585
FILLER_54_441,VPWR,li1,211.1400,160.4800,1.799632
FILLER_54_429,VPWR,li1,205.6200,160.4800,1.799665
FILLER_54_419,VPWR,li1,198.4900,160.4800,1.799717
FILLER_54_414,VPWR,li1,196.1900,160.4800,1.799734
FILLER_54_402,VPWR,li1,193.2000,160.4800,1.799755
FILLER_54_390,VPWR,li1,187.6800,160.4800,1.799796
FILLER_54_380,VPWR,li1,181.0100,160.4800,1.799849
FILLER_54_372,VPWR,li1,178.4800,160.4800,1.799864
FILLER_54_362,VPWR,li1,172.5000,160.4800,1.799882
FILLER_54_352,VPWR,li1,168.1300,160.4800,1.799867
FILLER_54_335,VPWR,li1,159.8500,160.4800,1.799850
FILLER_54_329,VPWR,li1,158.2400,160.4800,1.799846
FILLER_54_307,VPWR,li1,146.9700,160.4800,1.799831
FILLER_54_303,VPWR,li1,145.8200,160.4800,1.799831
FILLER_54_286,VPWR,li1,137.3100,160.4800,1.799828
FILLER_54_261,VPWR,li1,126.0400,160.4800,1.799833
FILLER_54_253,VPWR,li1,123.7400,160.4800,1.799835
FILLER_54_233,VPWR,li1,115.4600,160.4800,1.799846
FILLER_54_221,VPWR,li1,109.9400,160.4800,1.799852
FILLER_54_209,VPWR,li1,104.4200,160.4800,1.799857
FILLER_54_197,VPWR,li1,98.9000,160.4800,1.799864
FILLER_54_194,VPWR,li1,95.2200,160.4800,1.799870
FILLER_54_184,VPWR,li1,91.5400,160.4800,1.799873
FILLER_54_177,VPWR,li1,87.1700,160.4800,1.799879
FILLER_54_171,VPWR,li1,85.5600,160.4800,1.799882
FILLER_54_159,VPWR,li1,81.4200,160.4800,1.799887
FILLER_54_147,VPWR,li1,75.9000,160.4800,1.799896
FILLER_54_138,VPWR,li1,69.4600,160.4800,1.799904
FILLER_54_130,VPWR,li1,67.1600,160.4800,1.799908
FILLER_54_122,VPWR,li1,62.1000,160.4800,1.799915
FILLER_54_117,VPWR,li1,59.5700,160.4800,1.799919
FILLER_54_109,VPWR,li1,57.5000,160.4800,1.799923
FILLER_54_97,VPWR,li1,52.9000,160.4800,1.799930
FILLER_54_85,VPWR,li1,47.3800,160.4800,1.799939
FILLER_54_83,VPWR,li1,43.9300,160.4800,1.799948
FILLER_54_77,VPWR,li1,42.3200,160.4800,1.799948
FILLER_54_65,VPWR,li1,38.1800,160.4800,1.799955
FILLER_54_53,VPWR,li1,32.6600,160.4800,1.799966
FILLER_54_41,VPWR,li1,27.1400,160.4800,1.799973
FILLER_54_29,VPWR,li1,21.6200,160.4800,1.799982
FILLER_54_27,VPWR,li1,18.1700,160.4800,1.799982
FILLER_54_19,VPWR,li1,16.1000,160.4800,1.799982
FILLER_54_7,VPWR,li1,11.5000,160.4800,1.799981
FILLER_53_697,VPWR,li1,326.8300,155.0400,1.798857
FILLER_53_689,VPWR,li1,324.3000,155.0400,1.798857
FILLER_53_665,VPWR,li1,311.6500,155.0400,1.798877
FILLER_53_659,VPWR,li1,308.8900,155.0400,1.798889
FILLER_53_651,VPWR,li1,306.8200,155.0400,1.798899
FILLER_53_633,VPWR,li1,297.1600,155.0400,1.798946
FILLER_53_614,VPWR,li1,288.4200,155.0400,1.798995
FILLER_53_608,VPWR,li1,285.8900,155.0400,1.799011
FILLER_53_598,VPWR,li1,280.8300,155.0400,1.799042
FILLER_53_594,VPWR,li1,279.6800,155.0400,1.799054
FILLER_53_576,VPWR,li1,270.9400,155.0400,1.799107
FILLER_53_561,VPWR,li1,264.5000,155.0400,1.799159
FILLER_53_559,VPWR,li1,262.8900,155.0400,1.799159
FILLER_53_551,VPWR,li1,260.8200,155.0400,1.799175
FILLER_53_539,VPWR,li1,256.2200,155.0400,1.799206
FILLER_53_525,VPWR,li1,247.7100,155.0400,1.799275
FILLER_53_505,VPWR,li1,238.7400,155.0400,1.799338
FILLER_53_484,VPWR,li1,229.0800,155.0400,1.799403
FILLER_53_472,VPWR,li1,225.4000,155.0400,1.799442
FILLER_53_449,VPWR,li1,212.5200,155.0400,1.799540
FILLER_53_443,VPWR,li1,209.5300,155.0400,1.799580
FILLER_53_439,VPWR,li1,208.3800,155.0400,1.799580
FILLER_53_428,VPWR,li1,202.6300,155.0400,1.799627
FILLER_53_407,VPWR,li1,192.9700,155.0400,1.799728
FILLER_53_401,VPWR,li1,191.3600,155.0400,1.799728
FILLER_53_393,VPWR,li1,186.7600,155.0400,1.799770
FILLER_53_386,VPWR,li1,184.4600,155.0400,1.799792
FILLER_53_377,VPWR,li1,179.4000,155.0400,1.799839
FILLER_53_369,VPWR,li1,177.1000,155.0400,1.799861
FILLER_53_344,VPWR,li1,164.4500,155.0400,1.799868
FILLER_53_331,VPWR,li1,158.0100,155.0400,1.799858
FILLER_53_325,VPWR,li1,156.4000,155.0400,1.799858
FILLER_53_291,VPWR,li1,141.2200,155.0400,1.799850
FILLER_53_281,VPWR,li1,135.4700,155.0400,1.799849
FILLER_53_272,VPWR,li1,132.4800,155.0400,1.799848
FILLER_53_266,VPWR,li1,128.3400,155.0400,1.799850
FILLER_53_258,VPWR,li1,126.0400,155.0400,1.799852
FILLER_53_233,VPWR,li1,113.3900,155.0400,1.799860
FILLER_53_225,VPWR,li1,110.8600,155.0400,1.799862
FILLER_53_222,VPWR,li1,108.1000,155.0400,1.799864
FILLER_53_203,VPWR,li1,100.2800,155.0400,1.799870
FILLER_53_194,VPWR,li1,94.9900,155.0400,1.799875
FILLER_53_189,VPWR,li1,92.9200,155.0400,1.799877
FILLER_53_181,VPWR,li1,90.6200,155.0400,1.799879
FILLER_53_169,VPWR,li1,86.0200,155.0400,1.799884
FILLER_53_165,VPWR,li1,82.1100,155.0400,1.799888
FILLER_53_157,VPWR,li1,78.6600,155.0400,1.799893
FILLER_53_145,VPWR,li1,74.9800,155.0400,1.799896
FILLER_53_138,VPWR,li1,69.6900,155.0400,1.799903
FILLER_53_111,VPWR,li1,56.8100,155.0400,1.799921
FILLER_53_105,VPWR,li1,55.2000,155.0400,1.799924
FILLER_53_93,VPWR,li1,51.0600,155.0400,1.799930
FILLER_53_81,VPWR,li1,45.5400,155.0400,1.799941
FILLER_53_69,VPWR,li1,40.0200,155.0400,1.799949
FILLER_53_57,VPWR,li1,34.5000,155.0400,1.799958
FILLER_53_55,VPWR,li1,31.0500,155.0400,1.799966
FILLER_53_51,VPWR,li1,29.9000,155.0400,1.799966
FILLER_53_39,VPWR,li1,26.2200,155.0400,1.799972
FILLER_53_27,VPWR,li1,20.7000,155.0400,1.799982
FILLER_53_15,VPWR,li1,15.1800,155.0400,1.799981
FILLER_53_3,VPWR,li1,9.6600,155.0400,1.799980
FILLER_52_682,VPWR,li1,319.7000,155.0400,1.798860
FILLER_52_665,VPWR,li1,311.6500,155.0400,1.798877
FILLER_52_657,VPWR,li1,309.5800,155.0400,1.798889
FILLER_52_645,VPWR,li1,304.9800,155.0400,1.798907
FILLER_52_635,VPWR,li1,297.8500,155.0400,1.798946
FILLER_52_615,VPWR,li1,288.6500,155.0400,1.798995
FILLER_52_609,VPWR,li1,287.0400,155.0400,1.799011
FILLER_52_597,VPWR,li1,282.9000,155.0400,1.799029
FILLER_52_589,VPWR,li1,277.1500,155.0400,1.799065
FILLER_52_584,VPWR,li1,275.0800,155.0400,1.799078
FILLER_52_559,VPWR,li1,262.8900,155.0400,1.799159
FILLER_52_553,VPWR,li1,260.5900,155.0400,1.799175
FILLER_52_545,VPWR,li1,258.0600,155.0400,1.799193
FILLER_52_533,VPWR,li1,253.4600,155.0400,1.799233
FILLER_52_531,VPWR,li1,250.0100,155.0400,1.799257
FILLER_52_527,VPWR,li1,248.8600,155.0400,1.799257
FILLER_52_515,VPWR,li1,245.1800,155.0400,1.799292
FILLER_52_503,VPWR,li1,239.6600,155.0400,1.799323
FILLER_52_494,VPWR,li1,232.9900,155.0400,1.799371
FILLER_52_485,VPWR,li1,229.0800,155.0400,1.799403
FILLER_52_477,VPWR,li1,226.7800,155.0400,1.799421
FILLER_52_475,VPWR,li1,224.2500,155.0400,1.799442
FILLER_52_454,VPWR,li1,214.5900,155.0400,1.799523
FILLER_52_434,VPWR,li1,205.8500,155.0400,1.799604
FILLER_52_408,VPWR,li1,194.1200,155.0400,1.799703
FILLER_52_360,VPWR,li1,172.0400,155.0400,1.799882
FILLER_52_352,VPWR,li1,167.6700,155.0400,1.799873
FILLER_52_332,VPWR,li1,159.1600,155.0400,1.799861
FILLER_52_298,VPWR,li1,142.8300,155.0400,1.799850
FILLER_52_251,VPWR,li1,121.2100,155.0400,1.799855
FILLER_52_244,VPWR,li1,117.9900,155.0400,1.799857
FILLER_52_238,VPWR,li1,116.3800,155.0400,1.799858
FILLER_52_217,VPWR,li1,105.8000,155.0400,1.799866
FILLER_52_207,VPWR,li1,101.4300,155.0400,1.799870
FILLER_52_177,VPWR,li1,88.7800,155.0400,1.799881
FILLER_52_154,VPWR,li1,77.2800,155.0400,1.799893
FILLER_52_122,VPWR,li1,61.8700,155.0400,1.799912
FILLER_52_105,VPWR,li1,54.2800,155.0400,1.799924
FILLER_52_97,VPWR,li1,51.9800,155.0400,1.799930
FILLER_52_85,VPWR,li1,47.3800,155.0400,1.799936
FILLER_52_83,VPWR,li1,43.9300,155.0400,1.799945
FILLER_52_77,VPWR,li1,42.3200,155.0400,1.799945
FILLER_52_65,VPWR,li1,38.1800,155.0400,1.799952
FILLER_52_53,VPWR,li1,32.6600,155.0400,1.799961
FILLER_52_41,VPWR,li1,27.1400,155.0400,1.799972
FILLER_52_29,VPWR,li1,21.6200,155.0400,1.799982
FILLER_52_27,VPWR,li1,18.1700,155.0400,1.799981
FILLER_52_19,VPWR,li1,16.1000,155.0400,1.799981
FILLER_52_7,VPWR,li1,11.5000,155.0400,1.799980
FILLER_51_695,VPWR,li1,325.4500,149.6000,1.799003
FILLER_51_678,VPWR,li1,317.6300,149.6000,1.799011
FILLER_51_671,VPWR,li1,314.4100,149.6000,1.799013
FILLER_51_654,VPWR,li1,306.5900,149.6000,1.799025
FILLER_51_650,VPWR,li1,305.4400,149.6000,1.799029
FILLER_51_643,VPWR,li1,302.2200,149.6000,1.799036
FILLER_51_630,VPWR,li1,295.7800,149.6000,1.799048
FILLER_51_613,VPWR,li1,288.1900,149.6000,1.799071
FILLER_51_605,VPWR,li1,285.6600,149.6000,1.799081
FILLER_51_597,VPWR,li1,280.3700,149.6000,1.799098
FILLER_51_589,VPWR,li1,278.3000,149.6000,1.799107
FILLER_51_568,VPWR,li1,268.1800,149.6000,1.799152
FILLER_51_554,VPWR,li1,261.7400,149.6000,1.799177
FILLER_51_529,VPWR,li1,249.7800,149.6000,1.799234
FILLER_51_520,VPWR,li1,245.1800,149.6000,1.799262
FILLER_51_505,VPWR,li1,238.2800,149.6000,1.799313
FILLER_51_500,VPWR,li1,236.4400,149.6000,1.799330
FILLER_51_488,VPWR,li1,232.7600,149.6000,1.799352
FILLER_51_472,VPWR,li1,223.1000,149.6000,1.799444
FILLER_51_464,VPWR,li1,220.8000,149.6000,1.799462
FILLER_51_452,VPWR,li1,216.2000,149.6000,1.799504
FILLER_51_447,VPWR,li1,211.3700,149.6000,1.799560
FILLER_51_436,VPWR,li1,206.7700,149.6000,1.799592
FILLER_51_424,VPWR,li1,203.3200,149.6000,1.799638
FILLER_51_412,VPWR,li1,197.8000,149.6000,1.799681
FILLER_51_400,VPWR,li1,192.2800,149.6000,1.799728
FILLER_51_374,VPWR,li1,177.7900,149.6000,1.799871
FILLER_51_349,VPWR,li1,166.9800,149.6000,1.799883
FILLER_51_343,VPWR,li1,163.5300,149.6000,1.799879
FILLER_51_337,VPWR,li1,161.9200,149.6000,1.799879
FILLER_51_318,VPWR,li1,152.0300,149.6000,1.799875
FILLER_51_310,VPWR,li1,148.3500,149.6000,1.799876
FILLER_51_305,VPWR,li1,146.2800,149.6000,1.799876
FILLER_51_281,VPWR,li1,135.7000,149.6000,1.799881
FILLER_51_279,VPWR,li1,134.0900,149.6000,1.799881
FILLER_51_273,VPWR,li1,132.4800,149.6000,1.799882
FILLER_51_265,VPWR,li1,127.6500,149.6000,1.799885
FILLER_51_261,VPWR,li1,126.5000,149.6000,1.799886
FILLER_51_249,VPWR,li1,122.8200,149.6000,1.799888
FILLER_51_237,VPWR,li1,117.3000,149.6000,1.799891
FILLER_51_225,VPWR,li1,111.7800,149.6000,1.799894
FILLER_51_220,VPWR,li1,107.6400,149.6000,1.799897
FILLER_51_208,VPWR,li1,103.9600,149.6000,1.799900
FILLER_51_196,VPWR,li1,98.4400,149.6000,1.799903
FILLER_51_186,VPWR,li1,92.0000,149.6000,1.799910
FILLER_51_181,VPWR,li1,89.2400,149.6000,1.799911
FILLER_51_169,VPWR,li1,86.0200,149.6000,1.799914
FILLER_51_155,VPWR,li1,77.5100,149.6000,1.799921
FILLER_51_147,VPWR,li1,74.9800,149.6000,1.799923
FILLER_51_139,VPWR,li1,69.6900,149.6000,1.799928
FILLER_51_131,VPWR,li1,67.6200,149.6000,1.799930
FILLER_51_101,VPWR,li1,52.4400,149.6000,1.799946
FILLER_51_93,VPWR,li1,50.1400,149.6000,1.799949
FILLER_51_81,VPWR,li1,45.5400,149.6000,1.799956
FILLER_51_69,VPWR,li1,40.0200,149.6000,1.799962
FILLER_51_57,VPWR,li1,34.5000,149.6000,1.799969
FILLER_51_55,VPWR,li1,31.0500,149.6000,1.799975
FILLER_51_51,VPWR,li1,29.9000,149.6000,1.799975
FILLER_51_39,VPWR,li1,26.2200,149.6000,1.799980
FILLER_51_27,VPWR,li1,20.7000,149.6000,1.799987
FILLER_51_15,VPWR,li1,15.1800,149.6000,1.799987
FILLER_51_3,VPWR,li1,9.6600,149.6000,1.799987
FILLER_50_669,VPWR,li1,313.9500,149.6000,1.799013
FILLER_50_625,VPWR,li1,293.7100,149.6000,1.799058
FILLER_50_613,VPWR,li1,290.2600,149.6000,1.799064
FILLER_50_596,VPWR,li1,280.6000,149.6000,1.799098
FILLER_50_575,VPWR,li1,270.9400,149.6000,1.799136
FILLER_50_563,VPWR,li1,267.2600,149.6000,1.799152
FILLER_50_551,VPWR,li1,261.7400,149.6000,1.799177
FILLER_50_539,VPWR,li1,256.2200,149.6000,1.799206
FILLER_50_518,VPWR,li1,244.2600,149.6000,1.799262
FILLER_50_499,VPWR,li1,235.2900,149.6000,1.799330
FILLER_50_477,VPWR,li1,225.4000,149.6000,1.799425
FILLER_50_475,VPWR,li1,224.2500,149.6000,1.799444
FILLER_50_469,VPWR,li1,222.6400,149.6000,1.799444
FILLER_50_457,VPWR,li1,218.5000,149.6000,1.799483
FILLER_50_445,VPWR,li1,212.9800,149.6000,1.799537
FILLER_50_433,VPWR,li1,207.4600,149.6000,1.799592
FILLER_50_421,VPWR,li1,201.9400,149.6000,1.799638
FILLER_50_419,VPWR,li1,198.4900,149.6000,1.799681
FILLER_50_415,VPWR,li1,197.3400,149.6000,1.799681
FILLER_50_403,VPWR,li1,193.6600,149.6000,1.799728
FILLER_50_391,VPWR,li1,188.1400,149.6000,1.799769
FILLER_50_381,VPWR,li1,181.2400,149.6000,1.799832
FILLER_50_372,VPWR,li1,177.1000,149.6000,1.799871
FILLER_50_363,VPWR,li1,172.7300,149.6000,1.799886
FILLER_50_351,VPWR,li1,169.7400,149.6000,1.799885
FILLER_50_339,VPWR,li1,164.2200,149.6000,1.799881
FILLER_50_327,VPWR,li1,158.7000,149.6000,1.799877
FILLER_50_321,VPWR,li1,153.6400,149.6000,1.799875
FILLER_50_309,VPWR,li1,148.1200,149.6000,1.799876
FILLER_50_297,VPWR,li1,142.8300,149.6000,1.799877
FILLER_50_293,VPWR,li1,140.5300,149.6000,1.799878
FILLER_50_285,VPWR,li1,136.8500,149.6000,1.799880
FILLER_50_279,VPWR,li1,135.2400,149.6000,1.799881
FILLER_50_270,VPWR,li1,130.1800,149.6000,1.799884
FILLER_50_257,VPWR,li1,123.9700,149.6000,1.799887
FILLER_50_253,VPWR,li1,122.8200,149.6000,1.799888
FILLER_50_251,VPWR,li1,121.2100,149.6000,1.799888
FILLER_50_247,VPWR,li1,120.0600,149.6000,1.799890
FILLER_50_243,VPWR,li1,117.5300,149.6000,1.799891
FILLER_50_239,VPWR,li1,116.3800,149.6000,1.799891
FILLER_50_227,VPWR,li1,112.7000,149.6000,1.799894
FILLER_50_209,VPWR,li1,103.0400,149.6000,1.799900
FILLER_50_197,VPWR,li1,98.9000,149.6000,1.799903
FILLER_50_194,VPWR,li1,95.2200,149.6000,1.799907
FILLER_50_172,VPWR,li1,85.1000,149.6000,1.799914
FILLER_50_160,VPWR,li1,81.8800,149.6000,1.799917
FILLER_50_148,VPWR,li1,76.3600,149.6000,1.799923
FILLER_50_136,VPWR,li1,69.0000,149.6000,1.799930
FILLER_50_124,VPWR,li1,65.3200,149.6000,1.799932
FILLER_50_85,VPWR,li1,47.3800,149.6000,1.799952
FILLER_50_83,VPWR,li1,43.9300,149.6000,1.799959
FILLER_50_77,VPWR,li1,42.3200,149.6000,1.799959
FILLER_50_65,VPWR,li1,38.1800,149.6000,1.799964
FILLER_50_53,VPWR,li1,32.6600,149.6000,1.799972
FILLER_50_41,VPWR,li1,27.1400,149.6000,1.799980
FILLER_50_29,VPWR,li1,21.6200,149.6000,1.799987
FILLER_50_27,VPWR,li1,18.1700,149.6000,1.799987
FILLER_50_15,VPWR,li1,15.1800,149.6000,1.799987
FILLER_50_3,VPWR,li1,9.6600,149.6000,1.799987
FILLER_49_699,VPWR,li1,327.2900,144.1600,1.799344
FILLER_49_689,VPWR,li1,322.9200,144.1600,1.799344
FILLER_49_669,VPWR,li1,313.9500,144.1600,1.799352
FILLER_49_660,VPWR,li1,309.3500,144.1600,1.799358
FILLER_49_652,VPWR,li1,307.2800,144.1600,1.799360
FILLER_49_631,VPWR,li1,297.6200,144.1600,1.799378
FILLER_49_617,VPWR,li1,289.5700,144.1600,1.799401
FILLER_49_615,VPWR,li1,288.6500,144.1600,1.799401
FILLER_49_607,VPWR,li1,286.5800,144.1600,1.799407
FILLER_49_599,VPWR,li1,281.7500,144.1600,1.799421
FILLER_49_587,VPWR,li1,278.3000,144.1600,1.799431
FILLER_49_545,VPWR,li1,258.9800,144.1600,1.799488
FILLER_49_538,VPWR,li1,253.9200,144.1600,1.799506
FILLER_49_503,VPWR,li1,237.1300,144.1600,1.799570
FILLER_49_494,VPWR,li1,233.4500,144.1600,1.799582
FILLER_49_486,VPWR,li1,230.9200,144.1600,1.799594
FILLER_49_479,VPWR,li1,226.3200,144.1600,1.799624
FILLER_49_445,VPWR,li1,210.9100,144.1600,1.799697
FILLER_49_389,VPWR,li1,185.1500,144.1600,1.799857
FILLER_49_384,VPWR,li1,182.6200,144.1600,1.799875
FILLER_49_349,VPWR,li1,167.9000,144.1600,1.799923
FILLER_49_337,VPWR,li1,163.3000,144.1600,1.799922
FILLER_49_334,VPWR,li1,159.6200,144.1600,1.799921
FILLER_49_326,VPWR,li1,157.3200,144.1600,1.799921
FILLER_49_296,VPWR,li1,142.3700,144.1600,1.799922
FILLER_49_284,VPWR,li1,138.9200,144.1600,1.799922
FILLER_49_279,VPWR,li1,134.0900,144.1600,1.799923
FILLER_49_273,VPWR,li1,132.4800,144.1600,1.799924
FILLER_49_261,VPWR,li1,128.3400,144.1600,1.799924
FILLER_49_237,VPWR,li1,115.2300,144.1600,1.799929
FILLER_49_222,VPWR,li1,108.1000,144.1600,1.799931
FILLER_49_197,VPWR,li1,96.3700,144.1600,1.799937
FILLER_49_176,VPWR,li1,86.9400,144.1600,1.799941
FILLER_49_147,VPWR,li1,74.0600,144.1600,1.799949
FILLER_49_135,VPWR,li1,70.3800,144.1600,1.799951
FILLER_49_113,VPWR,li1,58.1900,144.1600,1.799960
FILLER_49_81,VPWR,li1,44.1600,144.1600,1.799970
FILLER_49_69,VPWR,li1,40.0200,144.1600,1.799974
FILLER_49_57,VPWR,li1,34.5000,144.1600,1.799979
FILLER_49_55,VPWR,li1,31.0500,144.1600,1.799983
FILLER_49_51,VPWR,li1,29.9000,144.1600,1.799983
FILLER_49_39,VPWR,li1,26.2200,144.1600,1.799986
FILLER_49_27,VPWR,li1,20.7000,144.1600,1.799991
FILLER_49_15,VPWR,li1,15.1800,144.1600,1.799991
FILLER_49_3,VPWR,li1,9.6600,144.1600,1.799991
FILLER_48_667,VPWR,li1,315.1000,144.1600,1.799352
FILLER_48_661,VPWR,li1,310.0400,144.1600,1.799358
FILLER_48_641,VPWR,li1,301.0700,144.1600,1.799372
FILLER_48_629,VPWR,li1,295.0900,144.1600,1.799387
FILLER_48_625,VPWR,li1,293.9400,144.1600,1.799387
FILLER_48_613,VPWR,li1,290.2600,144.1600,1.799401
FILLER_48_601,VPWR,li1,284.7400,144.1600,1.799416
FILLER_48_589,VPWR,li1,279.2200,144.1600,1.799431
FILLER_48_587,VPWR,li1,275.7700,144.1600,1.799441
FILLER_48_583,VPWR,li1,274.6200,144.1600,1.799441
FILLER_48_577,VPWR,li1,271.6300,144.1600,1.799450
FILLER_48_565,VPWR,li1,268.1800,144.1600,1.799460
FILLER_48_555,VPWR,li1,261.0500,144.1600,1.799482
FILLER_48_533,VPWR,li1,252.0800,144.1600,1.799517
FILLER_48_523,VPWR,li1,246.5600,144.1600,1.799535
FILLER_48_511,VPWR,li1,241.0400,144.1600,1.799556
FILLER_48_489,VPWR,li1,231.8400,144.1600,1.799594
FILLER_48_477,VPWR,li1,227.7000,144.1600,1.799609
FILLER_48_460,VPWR,li1,217.8100,144.1600,1.799659
FILLER_48_454,VPWR,li1,215.0500,144.1600,1.799674
FILLER_48_442,VPWR,li1,211.6000,144.1600,1.799697
FILLER_48_430,VPWR,li1,203.5500,144.1600,1.799748
FILLER_48_424,VPWR,li1,201.9400,144.1600,1.799748
FILLER_48_419,VPWR,li1,198.4900,144.1600,1.799776
FILLER_48_415,VPWR,li1,197.3400,144.1600,1.799776
FILLER_48_405,VPWR,li1,192.7400,144.1600,1.799806
FILLER_48_400,VPWR,li1,189.9800,144.1600,1.799824
FILLER_48_380,VPWR,li1,180.5500,144.1600,1.799888
FILLER_48_356,VPWR,li1,169.7400,144.1600,1.799923
FILLER_48_348,VPWR,li1,166.5200,144.1600,1.799923
FILLER_48_336,VPWR,li1,162.8400,144.1600,1.799922
FILLER_48_320,VPWR,li1,152.9500,144.1600,1.799921
FILLER_48_316,VPWR,li1,151.8000,144.1600,1.799921
FILLER_48_312,VPWR,li1,149.2700,144.1600,1.799921
FILLER_48_307,VPWR,li1,146.9700,144.1600,1.799921
FILLER_48_299,VPWR,li1,144.9000,144.1600,1.799922
FILLER_48_291,VPWR,li1,139.6100,144.1600,1.799922
FILLER_48_256,VPWR,li1,123.5100,144.1600,1.799925
FILLER_48_248,VPWR,li1,120.5200,144.1600,1.799926
FILLER_48_240,VPWR,li1,116.3800,144.1600,1.799928
FILLER_48_229,VPWR,li1,111.7800,144.1600,1.799930
FILLER_48_212,VPWR,li1,104.8800,144.1600,1.799932
FILLER_48_205,VPWR,li1,100.2800,144.1600,1.799935
FILLER_48_197,VPWR,li1,97.9800,144.1600,1.799936
FILLER_48_195,VPWR,li1,95.4500,144.1600,1.799937
FILLER_48_187,VPWR,li1,93.3800,144.1600,1.799938
FILLER_48_163,VPWR,li1,82.3400,144.1600,1.799944
FILLER_48_157,VPWR,li1,77.9700,144.1600,1.799947
FILLER_48_153,VPWR,li1,76.8200,144.1600,1.799947
FILLER_48_141,VPWR,li1,73.1400,144.1600,1.799949
FILLER_48_139,VPWR,li1,69.6900,144.1600,1.799951
FILLER_48_131,VPWR,li1,66.0100,144.1600,1.799954
FILLER_48_123,VPWR,li1,63.9400,144.1600,1.799956
FILLER_48_119,VPWR,li1,60.4900,144.1600,1.799958
FILLER_48_107,VPWR,li1,57.5000,144.1600,1.799960
FILLER_48_93,VPWR,li1,48.5300,144.1600,1.799966
FILLER_48_85,VPWR,li1,46.4600,144.1600,1.799968
FILLER_48_83,VPWR,li1,43.9300,144.1600,1.799972
FILLER_48_77,VPWR,li1,42.3200,144.1600,1.799972
FILLER_48_65,VPWR,li1,38.1800,144.1600,1.799976
FILLER_48_53,VPWR,li1,32.6600,144.1600,1.799981
FILLER_48_41,VPWR,li1,27.1400,144.1600,1.799986
FILLER_48_29,VPWR,li1,21.6200,144.1600,1.799991
FILLER_48_27,VPWR,li1,18.1700,144.1600,1.799991
FILLER_48_15,VPWR,li1,15.1800,144.1600,1.799991
FILLER_48_3,VPWR,li1,9.6600,144.1600,1.799991
FILLER_47_697,VPWR,li1,326.8300,138.7200,1.799311
FILLER_47_645,VPWR,li1,303.1400,138.7200,1.799338
FILLER_47_626,VPWR,li1,293.9400,138.7200,1.799364
FILLER_47_615,VPWR,li1,288.6500,138.7200,1.799382
FILLER_47_611,VPWR,li1,287.5000,138.7200,1.799382
FILLER_47_603,VPWR,li1,283.1300,138.7200,1.799394
FILLER_47_590,VPWR,li1,277.6100,138.7200,1.799418
FILLER_47_582,VPWR,li1,273.4700,138.7200,1.799434
FILLER_47_573,VPWR,li1,270.0200,138.7200,1.799444
FILLER_47_561,VPWR,li1,266.3400,138.7200,1.799456
FILLER_47_557,VPWR,li1,262.4300,138.7200,1.799477
FILLER_47_545,VPWR,li1,258.9800,138.7200,1.799492
FILLER_47_535,VPWR,li1,251.8500,138.7200,1.799522
FILLER_47_531,VPWR,li1,250.7000,138.7200,1.799522
FILLER_47_523,VPWR,li1,246.3300,138.7200,1.799541
FILLER_47_515,VPWR,li1,244.2600,138.7200,1.799550
FILLER_47_505,VPWR,li1,238.5100,138.7200,1.799576
FILLER_47_500,VPWR,li1,236.4400,138.7200,1.799588
FILLER_47_488,VPWR,li1,232.7600,138.7200,1.799607
FILLER_47_473,VPWR,li1,224.9400,138.7200,1.799646
FILLER_47_461,VPWR,li1,220.3400,138.7200,1.799663
FILLER_47_447,VPWR,li1,211.3700,138.7200,1.799711
FILLER_47_443,VPWR,li1,210.2200,138.7200,1.799726
FILLER_47_432,VPWR,li1,204.4700,138.7200,1.799749
FILLER_47_421,VPWR,li1,200.1000,138.7200,1.799774
FILLER_47_409,VPWR,li1,196.4200,138.7200,1.799805
FILLER_47_401,VPWR,li1,190.6700,138.7200,1.799839
FILLER_47_393,VPWR,li1,188.1400,138.7200,1.799853
FILLER_47_389,VPWR,li1,185.1500,138.7200,1.799867
FILLER_47_377,VPWR,li1,181.7000,138.7200,1.799889
FILLER_47_365,VPWR,li1,176.1800,138.7200,1.799929
FILLER_47_359,VPWR,li1,171.3500,138.7200,1.799926
FILLER_47_344,VPWR,li1,165.6000,138.7200,1.799922
FILLER_47_337,VPWR,li1,160.7700,138.7200,1.799918
FILLER_47_334,VPWR,li1,159.6200,138.7200,1.799917
FILLER_47_316,VPWR,li1,151.3400,138.7200,1.799912
FILLER_47_304,VPWR,li1,148.1200,138.7200,1.799910
FILLER_47_292,VPWR,li1,142.6000,138.7200,1.799908
FILLER_47_281,VPWR,li1,136.1600,138.7200,1.799907
FILLER_47_279,VPWR,li1,134.0900,138.7200,1.799907
FILLER_47_267,VPWR,li1,131.1000,138.7200,1.799907
FILLER_47_255,VPWR,li1,125.5800,138.7200,1.799907
FILLER_47_250,VPWR,li1,120.9800,138.7200,1.799907
FILLER_47_242,VPWR,li1,118.6800,138.7200,1.799907
FILLER_47_229,VPWR,li1,111.0900,138.7200,1.799907
FILLER_47_225,VPWR,li1,109.9400,138.7200,1.799907
FILLER_47_223,VPWR,li1,108.3300,138.7200,1.799907
FILLER_47_215,VPWR,li1,106.2600,138.7200,1.799907
FILLER_47_199,VPWR,li1,97.5200,138.7200,1.799910
FILLER_47_191,VPWR,li1,95.2200,138.7200,1.799912
FILLER_47_177,VPWR,li1,87.6300,138.7200,1.799916
FILLER_47_169,VPWR,li1,85.1000,138.7200,1.799918
FILLER_47_167,VPWR,li1,82.5700,138.7200,1.799919
FILLER_47_161,VPWR,li1,80.9600,138.7200,1.799922
FILLER_47_149,VPWR,li1,76.8200,138.7200,1.799924
FILLER_47_131,VPWR,li1,66.0100,138.7200,1.799933
FILLER_47_123,VPWR,li1,63.9400,138.7200,1.799936
FILLER_47_108,VPWR,li1,56.1200,138.7200,1.799943
FILLER_47_93,VPWR,li1,48.5300,138.7200,1.799951
FILLER_47_81,VPWR,li1,45.5400,138.7200,1.799956
FILLER_47_69,VPWR,li1,40.0200,138.7200,1.799961
FILLER_47_57,VPWR,li1,34.5000,138.7200,1.799968
FILLER_47_55,VPWR,li1,31.0500,138.7200,1.799972
FILLER_47_43,VPWR,li1,28.0600,138.7200,1.799976
FILLER_47_31,VPWR,li1,22.5400,138.7200,1.799983
FILLER_47_19,VPWR,li1,17.0200,138.7200,1.799979
FILLER_47_7,VPWR,li1,11.5000,138.7200,1.799976
FILLER_46_675,VPWR,li1,316.9400,138.7200,1.799316
FILLER_46_645,VPWR,li1,303.6000,138.7200,1.799338
FILLER_46_640,VPWR,li1,300.8400,138.7200,1.799344
FILLER_46_625,VPWR,li1,293.2500,138.7200,1.799364
FILLER_46_619,VPWR,li1,291.6400,138.7200,1.799370
FILLER_46_611,VPWR,li1,287.0400,138.7200,1.799382
FILLER_46_603,VPWR,li1,284.7400,138.7200,1.799394
FILLER_46_597,VPWR,li1,280.8300,138.7200,1.799402
FILLER_46_593,VPWR,li1,278.5300,138.7200,1.799410
FILLER_46_589,VPWR,li1,277.3800,138.7200,1.799418
FILLER_46_587,VPWR,li1,275.7700,138.7200,1.799426
FILLER_46_581,VPWR,li1,274.1600,138.7200,1.799426
FILLER_46_567,VPWR,li1,267.2600,138.7200,1.799456
FILLER_46_559,VPWR,li1,262.8900,138.7200,1.799477
FILLER_46_553,VPWR,li1,261.2800,138.7200,1.799477
FILLER_46_546,VPWR,li1,257.6000,138.7200,1.799492
FILLER_46_525,VPWR,li1,247.2500,138.7200,1.799541
FILLER_46_519,VPWR,li1,245.6400,138.7200,1.799550
FILLER_46_507,VPWR,li1,241.5000,138.7200,1.799565
FILLER_46_495,VPWR,li1,235.9800,138.7200,1.799588
FILLER_46_473,VPWR,li1,223.7900,138.7200,1.799646
FILLER_46_465,VPWR,li1,219.6500,138.7200,1.799673
FILLER_46_461,VPWR,li1,218.5000,138.7200,1.799673
FILLER_46_449,VPWR,li1,214.8200,138.7200,1.799698
FILLER_46_437,VPWR,li1,209.3000,138.7200,1.799726
FILLER_46_421,VPWR,li1,201.0200,138.7200,1.799774
FILLER_46_392,VPWR,li1,187.2200,138.7200,1.799853
FILLER_46_380,VPWR,li1,183.0800,138.7200,1.799889
FILLER_46_368,VPWR,li1,177.5600,138.7200,1.799915
FILLER_46_363,VPWR,li1,172.7300,138.7200,1.799926
FILLER_46_359,VPWR,li1,171.5800,138.7200,1.799926
FILLER_46_347,VPWR,li1,167.9000,138.7200,1.799923
FILLER_46_335,VPWR,li1,162.3800,138.7200,1.799920
FILLER_46_327,VPWR,li1,156.6300,138.7200,1.799916
FILLER_46_315,VPWR,li1,153.1800,138.7200,1.799913
FILLER_46_289,VPWR,li1,139.1500,138.7200,1.799907
FILLER_46_277,VPWR,li1,135.7000,138.7200,1.799907
FILLER_46_259,VPWR,li1,124.8900,138.7200,1.799907
FILLER_46_253,VPWR,li1,123.2800,138.7200,1.799907
FILLER_46_249,VPWR,li1,120.7500,138.7200,1.799907
FILLER_46_238,VPWR,li1,115.4600,138.7200,1.799907
FILLER_46_230,VPWR,li1,113.1600,138.7200,1.799907
FILLER_46_221,VPWR,li1,107.4100,138.7200,1.799907
FILLER_46_217,VPWR,li1,106.2600,138.7200,1.799907
FILLER_46_197,VPWR,li1,97.5200,138.7200,1.799910
FILLER_46_193,VPWR,li1,94.9900,138.7200,1.799912
FILLER_46_188,VPWR,li1,92.4600,138.7200,1.799913
FILLER_46_171,VPWR,li1,84.8700,138.7200,1.799918
FILLER_46_151,VPWR,li1,76.3600,138.7200,1.799924
FILLER_46_145,VPWR,li1,72.4500,138.7200,1.799928
FILLER_46_141,VPWR,li1,71.3000,138.7200,1.799930
FILLER_46_139,VPWR,li1,69.6900,138.7200,1.799930
FILLER_46_127,VPWR,li1,66.7000,138.7200,1.799933
FILLER_46_108,VPWR,li1,55.6600,138.7200,1.799943
FILLER_46_89,VPWR,li1,46.6900,138.7200,1.799954
FILLER_46_85,VPWR,li1,45.5400,138.7200,1.799956
FILLER_46_83,VPWR,li1,43.9300,138.7200,1.799959
FILLER_46_77,VPWR,li1,42.3200,138.7200,1.799959
FILLER_46_65,VPWR,li1,38.1800,138.7200,1.799963
FILLER_46_53,VPWR,li1,32.6600,138.7200,1.799972
FILLER_46_41,VPWR,li1,27.1400,138.7200,1.799976
FILLER_46_29,VPWR,li1,21.6200,138.7200,1.799983
FILLER_46_27,VPWR,li1,18.1700,138.7200,1.799981
FILLER_46_19,VPWR,li1,16.1000,138.7200,1.799979
FILLER_45_673,VPWR,li1,315.7900,133.2800,1.799438
FILLER_45_661,VPWR,li1,310.0400,133.2800,1.799445
FILLER_45_653,VPWR,li1,307.7400,133.2800,1.799448
FILLER_45_641,VPWR,li1,301.0700,133.2800,1.799458
FILLER_45_629,VPWR,li1,297.6200,133.2800,1.799465
FILLER_45_617,VPWR,li1,292.1000,133.2800,1.799476
FILLER_45_612,VPWR,li1,287.9600,133.2800,1.799481
FILLER_45_600,VPWR,li1,284.2800,133.2800,1.799491
FILLER_45_588,VPWR,li1,278.7600,133.2800,1.799504
FILLER_45_576,VPWR,li1,273.2400,133.2800,1.799517
FILLER_45_561,VPWR,li1,266.3400,133.2800,1.799533
FILLER_45_554,VPWR,li1,261.0500,133.2800,1.799545
FILLER_45_545,VPWR,li1,256.6800,133.2800,1.799558
FILLER_45_537,VPWR,li1,254.3800,133.2800,1.799564
FILLER_45_529,VPWR,li1,249.3200,133.2800,1.799580
FILLER_45_521,VPWR,li1,247.0200,133.2800,1.799585
FILLER_45_502,VPWR,li1,236.9000,133.2800,1.799623
FILLER_45_471,VPWR,li1,222.4100,133.2800,1.799690
FILLER_45_465,VPWR,li1,220.8000,133.2800,1.799690
FILLER_45_453,VPWR,li1,214.3600,133.2800,1.799725
FILLER_45_449,VPWR,li1,212.2900,133.2800,1.799735
FILLER_45_447,VPWR,li1,211.3700,133.2800,1.799735
FILLER_45_443,VPWR,li1,210.2200,133.2800,1.799748
FILLER_45_431,VPWR,li1,206.5400,133.2800,1.799758
FILLER_45_424,VPWR,li1,200.7900,133.2800,1.799793
FILLER_45_420,VPWR,li1,199.6400,133.2800,1.799793
FILLER_45_405,VPWR,li1,192.5100,133.2800,1.799831
FILLER_45_393,VPWR,li1,189.0600,133.2800,1.799852
FILLER_45_391,VPWR,li1,185.6100,133.2800,1.799870
FILLER_45_377,VPWR,li1,179.4000,133.2800,1.799901
FILLER_45_349,VPWR,li1,167.4400,133.2800,1.799910
FILLER_45_337,VPWR,li1,163.3000,133.2800,1.799903
FILLER_45_335,VPWR,li1,159.8500,133.2800,1.799897
FILLER_45_329,VPWR,li1,158.2400,133.2800,1.799894
FILLER_45_281,VPWR,li1,136.1600,133.2800,1.799861
FILLER_45_268,VPWR,li1,129.2600,133.2800,1.799854
FILLER_45_214,VPWR,li1,104.4200,133.2800,1.799843
FILLER_45_178,VPWR,li1,87.8600,133.2800,1.799853
FILLER_45_169,VPWR,li1,84.1800,133.2800,1.799855
FILLER_45_165,VPWR,li1,82.1100,133.2800,1.799857
FILLER_45_148,VPWR,li1,74.0600,133.2800,1.799864
FILLER_45_139,VPWR,li1,69.6900,133.2800,1.799869
FILLER_45_128,VPWR,li1,65.0900,133.2800,1.799876
FILLER_45_116,VPWR,li1,61.6400,133.2800,1.799882
FILLER_45_111,VPWR,li1,56.8100,133.2800,1.799894
FILLER_45_107,VPWR,li1,55.6600,133.2800,1.799894
FILLER_45_93,VPWR,li1,48.7600,133.2800,1.799913
FILLER_45_81,VPWR,li1,45.5400,133.2800,1.799920
FILLER_45_69,VPWR,li1,40.0200,133.2800,1.799930
FILLER_45_57,VPWR,li1,34.5000,133.2800,1.799944
FILLER_45_55,VPWR,li1,31.0500,133.2800,1.799954
FILLER_45_51,VPWR,li1,29.9000,133.2800,1.799954
FILLER_45_39,VPWR,li1,26.2200,133.2800,1.799963
FILLER_45_27,VPWR,li1,20.7000,133.2800,1.799976
FILLER_45_15,VPWR,li1,15.1800,133.2800,1.799976
FILLER_45_3,VPWR,li1,9.6600,133.2800,1.799976
FILLER_44_652,VPWR,li1,305.6700,133.2800,1.799451
FILLER_44_648,VPWR,li1,304.5200,133.2800,1.799453
FILLER_44_636,VPWR,li1,298.3100,133.2800,1.799465
FILLER_44_630,VPWR,li1,296.7000,133.2800,1.799465
FILLER_44_624,VPWR,li1,293.2500,133.2800,1.799471
FILLER_44_616,VPWR,li1,290.7200,133.2800,1.799476
FILLER_44_589,VPWR,li1,277.1500,133.2800,1.799504
FILLER_44_582,VPWR,li1,274.6200,133.2800,1.799510
FILLER_44_574,VPWR,li1,269.7900,133.2800,1.799526
FILLER_44_561,VPWR,li1,263.8100,133.2800,1.799539
FILLER_44_552,VPWR,li1,259.9000,133.2800,1.799552
FILLER_44_541,VPWR,li1,255.0700,133.2800,1.799564
FILLER_44_533,VPWR,li1,252.5400,133.2800,1.799573
FILLER_44_526,VPWR,li1,248.8600,133.2800,1.799580
FILLER_44_519,VPWR,li1,245.1800,133.2800,1.799591
FILLER_44_501,VPWR,li1,236.2100,133.2800,1.799623
FILLER_44_489,VPWR,li1,233.2200,133.2800,1.799641
FILLER_44_477,VPWR,li1,227.7000,133.2800,1.799659
FILLER_44_474,VPWR,li1,224.0200,133.2800,1.799680
FILLER_44_463,VPWR,li1,220.3400,133.2800,1.799699
FILLER_44_441,VPWR,li1,208.6100,133.2800,1.799748
FILLER_44_416,VPWR,li1,197.8000,133.2800,1.799805
FILLER_44_404,VPWR,li1,194.1200,133.2800,1.799831
FILLER_44_392,VPWR,li1,188.6000,133.2800,1.799852
FILLER_44_376,VPWR,li1,178.7100,133.2800,1.799913
FILLER_44_372,VPWR,li1,177.5600,133.2800,1.799913
FILLER_44_363,VPWR,li1,172.7300,133.2800,1.799921
FILLER_44_330,VPWR,li1,158.0100,133.2800,1.799894
FILLER_44_316,VPWR,li1,151.1100,133.2800,1.799882
FILLER_44_305,VPWR,li1,146.5100,133.2800,1.799876
FILLER_44_290,VPWR,li1,139.1500,133.2800,1.799865
FILLER_44_282,VPWR,li1,137.0800,133.2800,1.799861
FILLER_44_262,VPWR,li1,126.5000,133.2800,1.799852
FILLER_44_249,VPWR,li1,120.7500,133.2800,1.799847
FILLER_44_233,VPWR,li1,113.1600,133.2800,1.799843
FILLER_44_222,VPWR,li1,108.3300,133.2800,1.799842
FILLER_44_215,VPWR,li1,104.6500,133.2800,1.799843
FILLER_44_211,VPWR,li1,103.5000,133.2800,1.799843
FILLER_44_203,VPWR,li1,99.1300,133.2800,1.799844
FILLER_44_197,VPWR,li1,97.5200,133.2800,1.799846
FILLER_44_194,VPWR,li1,95.2200,133.2800,1.799847
FILLER_44_182,VPWR,li1,91.0800,133.2800,1.799849
FILLER_44_170,VPWR,li1,86.4800,133.2800,1.799853
FILLER_44_164,VPWR,li1,81.4200,133.2800,1.799857
FILLER_44_157,VPWR,li1,77.9700,133.2800,1.799860
FILLER_44_153,VPWR,li1,76.8200,133.2800,1.799861
FILLER_44_109,VPWR,li1,55.8900,133.2800,1.799894
FILLER_44_97,VPWR,li1,52.9000,133.2800,1.799902
FILLER_44_85,VPWR,li1,47.3800,133.2800,1.799913
FILLER_44_83,VPWR,li1,43.9300,133.2800,1.799925
FILLER_44_77,VPWR,li1,42.3200,133.2800,1.799925
FILLER_44_65,VPWR,li1,38.1800,133.2800,1.799935
FILLER_44_53,VPWR,li1,32.6600,133.2800,1.799948
FILLER_44_41,VPWR,li1,27.1400,133.2800,1.799963
FILLER_44_29,VPWR,li1,21.6200,133.2800,1.799976
FILLER_44_27,VPWR,li1,18.1700,133.2800,1.799976
FILLER_44_15,VPWR,li1,15.1800,133.2800,1.799976
FILLER_44_3,VPWR,li1,9.6600,133.2800,1.799976
FILLER_43_699,VPWR,li1,327.2900,127.8400,1.798824
FILLER_43_689,VPWR,li1,322.9200,127.8400,1.798824
FILLER_43_657,VPWR,li1,308.6600,127.8400,1.798867
FILLER_43_640,VPWR,li1,300.1500,127.8400,1.798920
FILLER_43_617,VPWR,li1,289.5700,127.8400,1.798987
FILLER_43_614,VPWR,li1,288.4200,127.8400,1.798987
FILLER_43_595,VPWR,li1,281.9800,127.8400,1.799031
FILLER_43_589,VPWR,li1,276.6900,127.8400,1.799078
FILLER_43_576,VPWR,li1,271.1700,127.8400,1.799115
FILLER_43_551,VPWR,li1,259.4400,127.8400,1.799190
FILLER_43_538,VPWR,li1,253.6900,127.8400,1.799232
FILLER_43_530,VPWR,li1,251.1600,127.8400,1.799256
FILLER_43_505,VPWR,li1,238.0500,127.8400,1.799352
FILLER_43_496,VPWR,li1,235.5200,127.8400,1.799368
FILLER_43_484,VPWR,li1,230.9200,127.8400,1.799404
FILLER_43_475,VPWR,li1,224.2500,127.8400,1.799457
FILLER_43_445,VPWR,li1,210.9100,127.8400,1.799577
FILLER_43_435,VPWR,li1,206.0800,127.8400,1.799613
FILLER_43_413,VPWR,li1,198.2600,127.8400,1.799684
FILLER_43_401,VPWR,li1,192.7400,127.8400,1.799734
FILLER_43_397,VPWR,li1,188.3700,127.8400,1.799773
FILLER_43_393,VPWR,li1,187.2200,127.8400,1.799794
FILLER_43_390,VPWR,li1,185.3800,127.8400,1.799813
FILLER_43_378,VPWR,li1,182.1600,127.8400,1.799830
FILLER_43_366,VPWR,li1,176.6400,127.8400,1.799893
FILLER_43_337,VPWR,li1,161.2300,127.8400,1.799871
FILLER_43_333,VPWR,li1,159.3900,127.8400,1.799869
FILLER_43_322,VPWR,li1,153.8700,127.8400,1.799862
FILLER_43_307,VPWR,li1,146.9700,127.8400,1.799854
FILLER_43_303,VPWR,li1,145.8200,127.8400,1.799851
FILLER_43_281,VPWR,li1,135.2400,127.8400,1.799843
FILLER_43_279,VPWR,li1,134.0900,127.8400,1.799842
FILLER_43_269,VPWR,li1,129.4900,127.8400,1.799840
FILLER_43_261,VPWR,li1,127.4200,127.8400,1.799839
FILLER_43_239,VPWR,li1,115.6900,127.8400,1.799833
FILLER_43_233,VPWR,li1,113.3900,127.8400,1.799832
FILLER_43_225,VPWR,li1,110.8600,127.8400,1.799832
FILLER_43_223,VPWR,li1,108.3300,127.8400,1.799833
FILLER_43_214,VPWR,li1,104.4200,127.8400,1.799834
FILLER_43_201,VPWR,li1,98.9000,127.8400,1.799837
FILLER_43_176,VPWR,li1,86.7100,127.8400,1.799846
FILLER_43_169,VPWR,li1,83.7200,127.8400,1.799851
FILLER_43_167,VPWR,li1,82.5700,127.8400,1.799851
FILLER_43_158,VPWR,li1,78.6600,127.8400,1.799856
FILLER_43_150,VPWR,li1,76.3600,127.8400,1.799860
FILLER_43_122,VPWR,li1,62.3300,127.8400,1.799880
FILLER_43_106,VPWR,li1,55.6600,127.8400,1.799893
FILLER_43_85,VPWR,li1,44.8500,127.8400,1.799917
FILLER_43_81,VPWR,li1,43.7000,127.8400,1.799923
FILLER_43_69,VPWR,li1,40.0200,127.8400,1.799928
FILLER_43_57,VPWR,li1,34.5000,127.8400,1.799942
FILLER_43_55,VPWR,li1,31.0500,127.8400,1.799953
FILLER_43_51,VPWR,li1,29.9000,127.8400,1.799953
FILLER_43_39,VPWR,li1,26.2200,127.8400,1.799962
FILLER_43_27,VPWR,li1,20.7000,127.8400,1.799976
FILLER_43_15,VPWR,li1,15.1800,127.8400,1.799976
FILLER_43_3,VPWR,li1,9.6600,127.8400,1.799976
FILLER_42_682,VPWR,li1,319.7000,127.8400,1.798826
FILLER_42_661,VPWR,li1,310.9600,127.8400,1.798856
FILLER_42_641,VPWR,li1,301.0700,127.8400,1.798907
FILLER_42_635,VPWR,li1,297.8500,127.8400,1.798935
FILLER_42_613,VPWR,li1,288.8800,127.8400,1.798987
FILLER_42_601,VPWR,li1,284.7400,127.8400,1.799012
FILLER_42_589,VPWR,li1,279.2200,127.8400,1.799057
FILLER_42_584,VPWR,li1,275.0800,127.8400,1.799078
FILLER_42_575,VPWR,li1,271.4000,127.8400,1.799115
FILLER_42_568,VPWR,li1,267.2600,127.8400,1.799133
FILLER_42_550,VPWR,li1,259.4400,127.8400,1.799190
FILLER_42_539,VPWR,li1,255.3000,127.8400,1.799232
FILLER_42_514,VPWR,li1,242.4200,127.8400,1.799316
FILLER_42_466,VPWR,li1,220.1100,127.8400,1.799492
FILLER_42_425,VPWR,li1,201.2500,127.8400,1.799667
FILLER_42_421,VPWR,li1,200.1000,127.8400,1.799667
FILLER_42_419,VPWR,li1,198.4900,127.8400,1.799684
FILLER_42_411,VPWR,li1,196.4200,127.8400,1.799700
FILLER_42_394,VPWR,li1,187.2200,127.8400,1.799794
FILLER_42_381,VPWR,li1,181.0100,127.8400,1.799856
FILLER_42_375,VPWR,li1,179.4000,127.8400,1.799856
FILLER_42_371,VPWR,li1,176.4100,127.8400,1.799893
FILLER_42_365,VPWR,li1,174.8000,127.8400,1.799889
FILLER_42_356,VPWR,li1,171.1200,127.8400,1.799886
FILLER_42_338,VPWR,li1,162.8400,127.8400,1.799875
FILLER_42_326,VPWR,li1,158.2400,127.8400,1.799869
FILLER_42_317,VPWR,li1,151.5700,127.8400,1.799860
FILLER_42_309,VPWR,li1,149.5000,127.8400,1.799856
FILLER_42_306,VPWR,li1,146.7400,127.8400,1.799854
FILLER_42_297,VPWR,li1,142.3700,127.8400,1.799849
FILLER_42_287,VPWR,li1,137.7700,127.8400,1.799845
FILLER_42_283,VPWR,li1,136.6200,127.8400,1.799843
FILLER_42_265,VPWR,li1,127.8800,127.8400,1.799839
FILLER_42_253,VPWR,li1,124.6600,127.8400,1.799837
FILLER_42_240,VPWR,li1,118.6800,127.8400,1.799833
FILLER_42_221,VPWR,li1,107.6400,127.8400,1.799833
FILLER_42_161,VPWR,li1,79.8100,127.8400,1.799856
FILLER_42_141,VPWR,li1,71.3000,127.8400,1.799867
FILLER_42_136,VPWR,li1,69.0000,127.8400,1.799869
FILLER_42_100,VPWR,li1,52.2100,127.8400,1.799899
FILLER_42_85,VPWR,li1,45.0800,127.8400,1.799917
FILLER_42_83,VPWR,li1,43.9300,127.8400,1.799923
FILLER_42_77,VPWR,li1,42.3200,127.8400,1.799923
FILLER_42_65,VPWR,li1,38.1800,127.8400,1.799933
FILLER_42_53,VPWR,li1,32.6600,127.8400,1.799946
FILLER_42_41,VPWR,li1,27.1400,127.8400,1.799962
FILLER_42_29,VPWR,li1,21.6200,127.8400,1.799976
FILLER_42_27,VPWR,li1,18.1700,127.8400,1.799976
FILLER_42_15,VPWR,li1,15.1800,127.8400,1.799976
FILLER_42_3,VPWR,li1,9.6600,127.8400,1.799976
FILLER_41_689,VPWR,li1,322.6900,122.4000,1.799291
FILLER_41_673,VPWR,li1,315.7900,122.4000,1.799297
FILLER_41_666,VPWR,li1,312.1100,122.4000,1.799300
FILLER_41_660,VPWR,li1,309.3500,122.4000,1.799304
FILLER_41_648,VPWR,li1,306.3600,122.4000,1.799308
FILLER_41_641,VPWR,li1,301.3000,122.4000,1.799318
FILLER_41_629,VPWR,li1,297.6200,122.4000,1.799326
FILLER_41_617,VPWR,li1,292.1000,122.4000,1.799344
FILLER_41_615,VPWR,li1,288.6500,122.4000,1.799352
FILLER_41_609,VPWR,li1,287.0400,122.4000,1.799357
FILLER_41_597,VPWR,li1,282.9000,122.4000,1.799370
FILLER_41_593,VPWR,li1,278.5300,122.4000,1.799386
FILLER_41_587,VPWR,li1,276.9200,122.4000,1.799392
FILLER_41_575,VPWR,li1,272.7800,122.4000,1.799407
FILLER_41_545,VPWR,li1,257.1400,122.4000,1.799466
FILLER_41_528,VPWR,li1,248.8600,122.4000,1.799508
FILLER_41_480,VPWR,li1,226.7800,122.4000,1.799599
FILLER_41_457,VPWR,li1,217.5800,122.4000,1.799647
FILLER_41_430,VPWR,li1,204.0100,122.4000,1.799732
FILLER_41_418,VPWR,li1,200.5600,122.4000,1.799749
FILLER_41_409,VPWR,li1,194.1200,122.4000,1.799800
FILLER_41_391,VPWR,li1,185.6100,122.4000,1.799846
FILLER_41_387,VPWR,li1,184.4600,122.4000,1.799862
FILLER_41_360,VPWR,li1,172.5000,122.4000,1.799914
FILLER_41_337,VPWR,li1,161.2300,122.4000,1.799892
FILLER_41_327,VPWR,li1,156.1700,122.4000,1.799885
FILLER_41_312,VPWR,li1,149.7300,122.4000,1.799873
FILLER_41_304,VPWR,li1,147.2000,122.4000,1.799870
FILLER_41_289,VPWR,li1,139.1500,122.4000,1.799860
FILLER_41_281,VPWR,li1,136.6200,122.4000,1.799857
FILLER_41_274,VPWR,li1,132.9400,122.4000,1.799853
FILLER_41_257,VPWR,li1,123.9700,122.4000,1.799845
FILLER_41_251,VPWR,li1,122.3600,122.4000,1.799843
FILLER_41_236,VPWR,li1,114.3100,122.4000,1.799840
FILLER_41_230,VPWR,li1,112.7000,122.4000,1.799840
FILLER_41_225,VPWR,li1,109.4800,122.4000,1.799839
FILLER_41_222,VPWR,li1,108.1000,122.4000,1.799839
FILLER_41_203,VPWR,li1,99.1300,122.4000,1.799838
FILLER_41_191,VPWR,li1,96.1400,122.4000,1.799837
FILLER_41_181,VPWR,li1,89.2400,122.4000,1.799837
FILLER_41_169,VPWR,li1,86.0200,122.4000,1.799838
FILLER_41_165,VPWR,li1,82.1100,122.4000,1.799838
FILLER_41_135,VPWR,li1,68.5400,122.4000,1.799849
FILLER_41_113,VPWR,li1,58.8800,122.4000,1.799868
FILLER_41_93,VPWR,li1,48.5300,122.4000,1.799893
FILLER_41_87,VPWR,li1,46.9200,122.4000,1.799893
FILLER_41_81,VPWR,li1,43.2400,122.4000,1.799904
FILLER_41_69,VPWR,li1,40.0200,122.4000,1.799914
FILLER_41_57,VPWR,li1,34.5000,122.4000,1.799929
FILLER_41_55,VPWR,li1,31.0500,122.4000,1.799942
FILLER_41_51,VPWR,li1,29.9000,122.4000,1.799942
FILLER_41_39,VPWR,li1,26.2200,122.4000,1.799956
FILLER_41_27,VPWR,li1,20.7000,122.4000,1.799970
FILLER_41_15,VPWR,li1,15.1800,122.4000,1.799970
FILLER_41_3,VPWR,li1,9.6600,122.4000,1.799970
FILLER_40_681,VPWR,li1,319.4700,122.4000,1.799293
FILLER_40_661,VPWR,li1,310.5000,122.4000,1.799304
FILLER_40_624,VPWR,li1,293.4800,122.4000,1.799338
FILLER_40_615,VPWR,li1,289.1100,122.4000,1.799352
FILLER_40_606,VPWR,li1,284.7400,122.4000,1.799364
FILLER_40_583,VPWR,li1,273.9300,122.4000,1.799401
FILLER_40_570,VPWR,li1,269.1000,122.4000,1.799421
FILLER_40_549,VPWR,li1,258.5200,122.4000,1.799466
FILLER_40_537,VPWR,li1,255.3000,122.4000,1.799475
FILLER_40_533,VPWR,li1,250.9300,122.4000,1.799492
FILLER_40_531,VPWR,li1,250.0100,122.4000,1.799500
FILLER_40_526,VPWR,li1,247.9400,122.4000,1.799508
FILLER_40_518,VPWR,li1,245.6400,122.4000,1.799518
FILLER_40_499,VPWR,li1,235.2900,122.4000,1.799560
FILLER_40_487,VPWR,li1,232.3000,122.4000,1.799573
FILLER_40_473,VPWR,li1,223.7900,122.4000,1.799613
FILLER_40_464,VPWR,li1,219.4200,122.4000,1.799637
FILLER_40_447,VPWR,li1,211.3700,122.4000,1.799687
FILLER_40_429,VPWR,li1,203.3200,122.4000,1.799732
FILLER_40_421,VPWR,li1,201.0200,122.4000,1.799749
FILLER_40_417,VPWR,li1,198.0300,122.4000,1.799765
FILLER_40_409,VPWR,li1,194.3500,122.4000,1.799789
FILLER_40_395,VPWR,li1,187.6800,122.4000,1.799831
FILLER_40_387,VPWR,li1,185.3800,122.4000,1.799846
FILLER_40_375,VPWR,li1,180.7800,122.4000,1.799875
FILLER_40_365,VPWR,li1,174.3400,122.4000,1.799917
FILLER_40_362,VPWR,li1,172.5000,122.4000,1.799914
FILLER_40_350,VPWR,li1,169.2800,122.4000,1.799908
FILLER_40_342,VPWR,li1,163.0700,122.4000,1.799897
FILLER_40_326,VPWR,li1,156.8600,122.4000,1.799885
FILLER_40_309,VPWR,li1,148.3500,122.4000,1.799873
FILLER_40_289,VPWR,li1,139.1500,122.4000,1.799860
FILLER_40_281,VPWR,li1,136.6200,122.4000,1.799857
FILLER_40_269,VPWR,li1,129.9500,122.4000,1.799848
FILLER_40_253,VPWR,li1,122.5900,122.4000,1.799843
FILLER_40_250,VPWR,li1,120.9800,122.4000,1.799843
FILLER_40_241,VPWR,li1,116.6100,122.4000,1.799841
FILLER_40_237,VPWR,li1,115.4600,122.4000,1.799841
FILLER_40_222,VPWR,li1,108.1000,122.4000,1.799839
FILLER_40_210,VPWR,li1,104.8800,122.4000,1.799838
FILLER_40_192,VPWR,li1,94.7600,122.4000,1.799837
FILLER_40_179,VPWR,li1,88.5500,122.4000,1.799837
FILLER_40_172,VPWR,li1,85.1000,122.4000,1.799838
FILLER_40_141,VPWR,li1,71.0700,122.4000,1.799846
FILLER_40_115,VPWR,li1,59.1100,122.4000,1.799864
FILLER_40_100,VPWR,li1,51.9800,122.4000,1.799881
FILLER_40_91,VPWR,li1,47.6100,122.4000,1.799893
FILLER_40_73,VPWR,li1,39.3300,122.4000,1.799914
FILLER_40_61,VPWR,li1,36.3400,122.4000,1.799923
FILLER_40_49,VPWR,li1,30.8200,122.4000,1.799942
FILLER_40_37,VPWR,li1,25.3000,122.4000,1.799956
FILLER_40_20,VPWR,li1,16.5600,122.4000,1.799970
FILLER_40_11,VPWR,li1,11.0400,122.4000,1.799970
FILLER_40_3,VPWR,li1,8.7400,122.4000,1.799970
FILLER_39_699,VPWR,li1,327.2900,116.9600,1.799443
FILLER_39_689,VPWR,li1,322.9200,116.9600,1.799443
FILLER_39_669,VPWR,li1,313.9500,116.9600,1.799450
FILLER_39_635,VPWR,li1,298.0800,116.9600,1.799475
FILLER_39_624,VPWR,li1,294.4000,116.9600,1.799479
FILLER_39_613,VPWR,li1,288.1900,116.9600,1.799494
FILLER_39_608,VPWR,li1,285.4300,116.9600,1.799498
FILLER_39_601,VPWR,li1,282.2100,116.9600,1.799504
FILLER_39_594,VPWR,li1,278.9900,116.9600,1.799514
FILLER_39_588,VPWR,li1,277.3800,116.9600,1.799514
FILLER_39_576,VPWR,li1,273.2400,116.9600,1.799525
FILLER_39_564,VPWR,li1,267.7200,116.9600,1.799536
FILLER_39_559,VPWR,li1,262.8900,116.9600,1.799549
FILLER_39_551,VPWR,li1,260.8200,116.9600,1.799555
FILLER_39_546,VPWR,li1,256.9100,116.9600,1.799567
FILLER_39_542,VPWR,li1,255.7600,116.9600,1.799567
FILLER_39_528,VPWR,li1,248.8600,116.9600,1.799587
FILLER_39_514,VPWR,li1,243.3400,116.9600,1.799606
FILLER_39_496,VPWR,li1,233.9100,116.9600,1.799643
FILLER_39_488,VPWR,li1,231.8400,116.9600,1.799654
FILLER_39_453,VPWR,li1,214.1300,116.9600,1.799728
FILLER_39_449,VPWR,li1,212.9800,116.9600,1.799740
FILLER_39_430,VPWR,li1,204.2400,116.9600,1.799780
FILLER_39_418,VPWR,li1,200.5600,116.9600,1.799796
FILLER_39_401,VPWR,li1,190.2100,116.9600,1.799855
FILLER_39_393,VPWR,li1,188.1400,116.9600,1.799866
FILLER_39_381,VPWR,li1,181.4700,116.9600,1.799906
FILLER_39_373,VPWR,li1,178.9400,116.9600,1.799916
FILLER_39_366,VPWR,li1,174.8000,116.9600,1.799933
FILLER_39_332,VPWR,li1,159.1600,116.9600,1.799916
FILLER_39_293,VPWR,li1,141.6800,116.9600,1.799900
FILLER_39_281,VPWR,li1,137.5400,116.9600,1.799896
FILLER_39_278,VPWR,li1,133.8600,116.9600,1.799893
FILLER_39_262,VPWR,li1,126.5000,116.9600,1.799888
FILLER_39_250,VPWR,li1,123.2800,116.9600,1.799886
FILLER_39_223,VPWR,li1,108.3300,116.9600,1.799880
FILLER_39_215,VPWR,li1,104.8800,116.9600,1.799880
FILLER_39_211,VPWR,li1,102.8100,116.9600,1.799881
FILLER_39_204,VPWR,li1,100.2800,116.9600,1.799881
FILLER_39_169,VPWR,li1,84.1800,116.9600,1.799888
FILLER_39_113,VPWR,li1,57.7300,116.9600,1.799914
FILLER_39_99,VPWR,li1,51.9800,116.9600,1.799921
FILLER_39_90,VPWR,li1,47.6100,116.9600,1.799928
FILLER_39_69,VPWR,li1,37.7200,116.9600,1.799946
FILLER_39_57,VPWR,li1,34.5000,116.9600,1.799951
FILLER_39_52,VPWR,li1,30.3600,116.9600,1.799958
FILLER_39_40,VPWR,li1,26.6800,116.9600,1.799965
FILLER_39_28,VPWR,li1,21.1600,116.9600,1.799975
FILLER_39_11,VPWR,li1,10.8100,116.9600,1.799971
FILLER_39_3,VPWR,li1,8.7400,116.9600,1.799971
FILLER_38_678,VPWR,li1,317.8600,116.9600,1.799445
FILLER_38_661,VPWR,li1,309.8100,116.9600,1.799456
FILLER_38_657,VPWR,li1,308.6600,116.9600,1.799456
FILLER_38_645,VPWR,li1,304.9800,116.9600,1.799462
FILLER_38_643,VPWR,li1,301.5300,116.9600,1.799470
FILLER_38_637,VPWR,li1,299.9200,116.9600,1.799470
FILLER_38_625,VPWR,li1,295.7800,116.9600,1.799479
FILLER_38_613,VPWR,li1,290.2600,116.9600,1.799489
FILLER_38_601,VPWR,li1,284.7400,116.9600,1.799498
FILLER_38_589,VPWR,li1,279.2200,116.9600,1.799510
FILLER_38_585,VPWR,li1,275.3100,116.9600,1.799519
FILLER_38_577,VPWR,li1,272.7800,116.9600,1.799525
FILLER_38_557,VPWR,li1,262.4300,116.9600,1.799549
FILLER_38_531,VPWR,li1,250.0100,116.9600,1.799587
FILLER_38_511,VPWR,li1,241.5000,116.9600,1.799620
FILLER_38_489,VPWR,li1,231.1500,116.9600,1.799654
FILLER_38_456,VPWR,li1,216.2000,116.9600,1.799718
FILLER_38_434,VPWR,li1,206.5400,116.9600,1.799765
FILLER_38_417,VPWR,li1,198.0300,116.9600,1.799809
FILLER_38_407,VPWR,li1,193.2000,116.9600,1.799842
FILLER_38_394,VPWR,li1,187.2200,116.9600,1.799866
FILLER_38_378,VPWR,li1,179.8600,116.9600,1.799906
FILLER_38_363,VPWR,li1,172.7300,116.9600,1.799930
FILLER_38_359,VPWR,li1,171.5800,116.9600,1.799930
FILLER_38_347,VPWR,li1,167.9000,116.9600,1.799925
FILLER_38_342,VPWR,li1,163.0700,116.9600,1.799919
FILLER_38_338,VPWR,li1,161.9200,116.9600,1.799919
FILLER_38_321,VPWR,li1,154.5600,116.9600,1.799912
FILLER_38_309,VPWR,li1,150.4200,116.9600,1.799907
FILLER_38_306,VPWR,li1,146.7400,116.9600,1.799904
FILLER_38_287,VPWR,li1,139.3800,116.9600,1.799898
FILLER_38_263,VPWR,li1,127.4200,116.9600,1.799888
FILLER_38_251,VPWR,li1,121.2100,116.9600,1.799885
FILLER_38_242,VPWR,li1,117.3000,116.9600,1.799882
FILLER_38_234,VPWR,li1,115.0000,116.9600,1.799882
FILLER_38_169,VPWR,li1,84.6400,116.9600,1.799888
FILLER_38_157,VPWR,li1,80.5000,116.9600,1.799889
FILLER_38_107,VPWR,li1,55.6600,116.9600,1.799917
FILLER_38_101,VPWR,li1,52.2100,116.9600,1.799921
FILLER_38_97,VPWR,li1,51.0600,116.9600,1.799924
FILLER_38_85,VPWR,li1,47.3800,116.9600,1.799928
FILLER_38_80,VPWR,li1,43.2400,116.9600,1.799935
FILLER_38_57,VPWR,li1,31.9700,116.9600,1.799958
FILLER_38_53,VPWR,li1,30.8200,116.9600,1.799958
FILLER_38_41,VPWR,li1,27.1400,116.9600,1.799965
FILLER_38_29,VPWR,li1,21.6200,116.9600,1.799975
FILLER_38_24,VPWR,li1,17.4800,116.9600,1.799973
FILLER_38_15,VPWR,li1,12.6500,116.9600,1.799971
FILLER_38_3,VPWR,li1,9.6600,116.9600,1.799971
FILLER_37_694,VPWR,li1,325.2200,111.5200,1.799143
FILLER_37_684,VPWR,li1,320.3900,111.5200,1.799145
FILLER_37_673,VPWR,li1,315.7900,111.5200,1.799148
FILLER_37_654,VPWR,li1,306.8200,111.5200,1.799160
FILLER_37_650,VPWR,li1,304.7500,111.5200,1.799163
FILLER_37_636,VPWR,li1,298.3100,111.5200,1.799179
FILLER_37_630,VPWR,li1,296.7000,111.5200,1.799179
FILLER_37_617,VPWR,li1,290.0300,111.5200,1.799199
FILLER_37_614,VPWR,li1,288.4200,111.5200,1.799199
FILLER_37_606,VPWR,li1,286.1200,111.5200,1.799206
FILLER_37_595,VPWR,li1,279.4500,111.5200,1.799227
FILLER_37_591,VPWR,li1,278.3000,111.5200,1.799234
FILLER_37_579,VPWR,li1,274.6200,111.5200,1.799244
FILLER_37_569,VPWR,li1,267.9500,111.5200,1.799268
FILLER_37_561,VPWR,li1,265.4200,111.5200,1.799278
FILLER_37_548,VPWR,li1,260.3600,111.5200,1.799301
FILLER_37_536,VPWR,li1,254.8400,111.5200,1.799321
FILLER_37_524,VPWR,li1,249.3200,111.5200,1.799340
FILLER_37_488,VPWR,li1,230.6900,111.5200,1.799473
FILLER_37_475,VPWR,li1,224.4800,111.5200,1.799511
FILLER_37_464,VPWR,li1,219.1900,111.5200,1.799548
FILLER_37_460,VPWR,li1,218.0400,111.5200,1.799564
FILLER_37_449,VPWR,li1,212.2900,111.5200,1.799610
FILLER_37_442,VPWR,li1,209.5300,111.5200,1.799632
FILLER_37_434,VPWR,li1,207.0000,111.5200,1.799652
FILLER_37_422,VPWR,li1,202.4000,111.5200,1.799678
FILLER_37_410,VPWR,li1,194.3500,111.5200,1.799744
FILLER_37_397,VPWR,li1,188.3700,111.5200,1.799800
FILLER_37_393,VPWR,li1,187.2200,111.5200,1.799800
FILLER_37_382,VPWR,li1,181.4700,111.5200,1.799847
FILLER_37_370,VPWR,li1,178.4800,111.5200,1.799878
FILLER_37_359,VPWR,li1,172.0400,111.5200,1.799901
FILLER_37_332,VPWR,li1,159.1600,111.5200,1.799885
FILLER_37_324,VPWR,li1,155.0200,111.5200,1.799880
FILLER_37_314,VPWR,li1,150.6500,111.5200,1.799875
FILLER_37_293,VPWR,li1,140.5300,111.5200,1.799865
FILLER_37_281,VPWR,li1,135.4700,111.5200,1.799861
FILLER_37_276,VPWR,li1,133.4000,111.5200,1.799859
FILLER_37_265,VPWR,li1,128.3400,111.5200,1.799855
FILLER_37_253,VPWR,li1,124.6600,111.5200,1.799852
FILLER_37_245,VPWR,li1,118.9100,111.5200,1.799849
FILLER_37_237,VPWR,li1,116.3800,111.5200,1.799848
FILLER_37_225,VPWR,li1,111.7800,111.5200,1.799846
FILLER_37_223,VPWR,li1,108.3300,111.5200,1.799844
FILLER_37_219,VPWR,li1,107.1800,111.5200,1.799844
FILLER_37_199,VPWR,li1,99.8200,111.5200,1.799842
FILLER_37_188,VPWR,li1,92.2300,111.5200,1.799840
FILLER_37_169,VPWR,li1,84.6400,111.5200,1.799842
FILLER_37_162,VPWR,li1,81.4200,111.5200,1.799843
FILLER_37_134,VPWR,li1,69.0000,111.5200,1.799850
FILLER_37_117,VPWR,li1,59.5700,111.5200,1.799860
FILLER_37_113,VPWR,li1,58.4200,111.5200,1.799864
FILLER_37_111,VPWR,li1,56.8100,111.5200,1.799864
FILLER_37_103,VPWR,li1,54.7400,111.5200,1.799870
FILLER_37_69,VPWR,li1,40.0200,111.5200,1.799895
FILLER_37_57,VPWR,li1,34.5000,111.5200,1.799906
FILLER_37_48,VPWR,li1,28.2900,111.5200,1.799921
FILLER_37_28,VPWR,li1,18.6300,111.5200,1.799935
FILLER_37_24,VPWR,li1,17.4800,111.5200,1.799934
FILLER_37_15,VPWR,li1,13.8000,111.5200,1.799933
FILLER_37_3,VPWR,li1,9.6600,111.5200,1.799930
FILLER_36_680,VPWR,li1,319.2400,111.5200,1.799146
FILLER_36_625,VPWR,li1,293.2500,111.5200,1.799190
FILLER_36_612,VPWR,li1,287.2700,111.5200,1.799206
FILLER_36_608,VPWR,li1,286.1200,111.5200,1.799206
FILLER_36_600,VPWR,li1,281.7500,111.5200,1.799219
FILLER_36_587,VPWR,li1,275.7700,111.5200,1.799244
FILLER_36_580,VPWR,li1,272.5500,111.5200,1.799251
FILLER_36_568,VPWR,li1,269.5600,111.5200,1.799268
FILLER_36_558,VPWR,li1,262.8900,111.5200,1.799287
FILLER_36_546,VPWR,li1,259.4400,111.5200,1.799301
FILLER_36_540,VPWR,li1,254.1500,111.5200,1.799321
FILLER_36_536,VPWR,li1,253.0000,111.5200,1.799332
FILLER_36_530,VPWR,li1,249.7800,111.5200,1.799340
FILLER_36_475,VPWR,li1,224.2500,111.5200,1.799511
FILLER_36_467,VPWR,li1,222.1800,111.5200,1.799529
FILLER_36_452,VPWR,li1,213.6700,111.5200,1.799589
FILLER_36_434,VPWR,li1,205.6200,111.5200,1.799652
FILLER_36_421,VPWR,li1,200.5600,111.5200,1.799705
FILLER_36_416,VPWR,li1,197.8000,111.5200,1.799726
FILLER_36_404,VPWR,li1,194.1200,111.5200,1.799744
FILLER_36_392,VPWR,li1,188.6000,111.5200,1.799800
FILLER_36_365,VPWR,li1,174.8000,111.5200,1.799904
FILLER_36_363,VPWR,li1,172.7300,111.5200,1.799901
FILLER_36_351,VPWR,li1,169.7400,111.5200,1.799897
FILLER_36_344,VPWR,li1,164.4500,111.5200,1.799890
FILLER_36_336,VPWR,li1,161.9200,111.5200,1.799888
FILLER_36_309,VPWR,li1,150.4200,111.5200,1.799875
FILLER_36_307,VPWR,li1,146.9700,111.5200,1.799870
FILLER_36_301,VPWR,li1,145.3600,111.5200,1.799870
FILLER_36_290,VPWR,li1,140.3000,111.5200,1.799865
FILLER_36_266,VPWR,li1,128.1100,111.5200,1.799854
FILLER_36_250,VPWR,li1,120.9800,111.5200,1.799850
FILLER_36_232,VPWR,li1,112.4700,111.5200,1.799846
FILLER_36_214,VPWR,li1,104.1900,111.5200,1.799843
FILLER_36_197,VPWR,li1,97.9800,111.5200,1.799841
FILLER_36_193,VPWR,li1,94.9900,111.5200,1.799841
FILLER_36_184,VPWR,li1,90.3900,111.5200,1.799841
FILLER_36_159,VPWR,li1,78.8900,111.5200,1.799844
FILLER_36_141,VPWR,li1,71.3000,111.5200,1.799848
FILLER_36_132,VPWR,li1,68.0800,111.5200,1.799852
FILLER_36_120,VPWR,li1,63.4800,111.5200,1.799856
FILLER_36_99,VPWR,li1,51.5200,111.5200,1.799873
FILLER_36_89,VPWR,li1,46.6900,111.5200,1.799884
FILLER_36_85,VPWR,li1,45.5400,111.5200,1.799884
FILLER_36_82,VPWR,li1,43.7000,111.5200,1.799887
FILLER_36_74,VPWR,li1,41.4000,111.5200,1.799895
FILLER_36_27,VPWR,li1,18.1700,111.5200,1.799935
FILLER_35_677,VPWR,li1,317.1700,106.0800,1.798638
FILLER_35_673,VPWR,li1,316.0200,106.0800,1.798638
FILLER_35_669,VPWR,li1,313.9500,106.0800,1.798640
FILLER_35_661,VPWR,li1,311.4200,106.0800,1.798641
FILLER_35_643,VPWR,li1,301.7600,106.0800,1.798654
FILLER_35_634,VPWR,li1,297.6200,106.0800,1.798663
FILLER_35_626,VPWR,li1,295.3200,106.0800,1.798670
FILLER_35_621,VPWR,li1,291.4100,106.0800,1.798680
FILLER_35_617,VPWR,li1,290.2600,106.0800,1.798680
FILLER_35_610,VPWR,li1,287.5000,106.0800,1.798687
FILLER_35_592,VPWR,li1,280.6000,106.0800,1.798705
FILLER_35_534,VPWR,li1,251.6200,106.0800,1.798914
FILLER_35_487,VPWR,li1,230.4600,106.0800,1.799152
FILLER_35_440,VPWR,li1,209.7600,106.0800,1.799401
FILLER_35_427,VPWR,li1,202.1700,106.0800,1.799516
FILLER_35_423,VPWR,li1,201.0200,106.0800,1.799516
FILLER_35_410,VPWR,li1,194.3500,106.0800,1.799618
FILLER_35_404,VPWR,li1,192.7400,106.0800,1.799618
FILLER_35_393,VPWR,li1,186.5300,106.0800,1.799710
FILLER_35_391,VPWR,li1,185.6100,106.0800,1.799710
FILLER_35_385,VPWR,li1,184.0000,106.0800,1.799733
FILLER_35_373,VPWR,li1,179.8600,106.0800,1.799793
FILLER_35_358,VPWR,li1,171.5800,106.0800,1.799853
FILLER_35_337,VPWR,li1,162.3800,106.0800,1.799844
FILLER_35_333,VPWR,li1,159.3900,106.0800,1.799841
FILLER_35_325,VPWR,li1,156.8600,106.0800,1.799837
FILLER_35_310,VPWR,li1,149.9600,106.0800,1.799830
FILLER_35_299,VPWR,li1,143.2900,106.0800,1.799823
FILLER_35_293,VPWR,li1,141.6800,106.0800,1.799823
FILLER_35_281,VPWR,li1,137.5400,106.0800,1.799820
FILLER_35_279,VPWR,li1,134.0900,106.0800,1.799818
FILLER_35_273,VPWR,li1,132.4800,106.0800,1.799817
FILLER_35_261,VPWR,li1,128.3400,106.0800,1.799816
FILLER_35_249,VPWR,li1,122.8200,106.0800,1.799815
FILLER_35_233,VPWR,li1,113.1600,106.0800,1.799815
FILLER_35_225,VPWR,li1,110.8600,106.0800,1.799816
FILLER_35_223,VPWR,li1,108.3300,106.0800,1.799816
FILLER_35_219,VPWR,li1,107.1800,106.0800,1.799817
FILLER_35_188,VPWR,li1,92.9200,106.0800,1.799823
FILLER_35_169,VPWR,li1,83.4900,106.0800,1.799830
FILLER_35_144,VPWR,li1,71.9900,106.0800,1.799847
FILLER_35_111,VPWR,li1,56.8100,106.0800,1.799875
FILLER_35_105,VPWR,li1,55.2000,106.0800,1.799879
FILLER_35_94,VPWR,li1,49.2200,106.0800,1.799891
FILLER_35_83,VPWR,li1,44.3900,106.0800,1.799906
FILLER_35_53,VPWR,li1,30.5900,106.0800,1.799938
FILLER_35_46,VPWR,li1,27.3700,106.0800,1.799946
FILLER_35_21,VPWR,li1,15.6400,106.0800,1.799961
FILLER_35_16,VPWR,li1,13.3400,106.0800,1.799961
FILLER_35_7,VPWR,li1,8.9700,106.0800,1.799961
FILLER_35_3,VPWR,li1,7.8200,106.0800,1.799961
FILLER_34_678,VPWR,li1,317.8600,106.0800,1.798637
FILLER_34_665,VPWR,li1,312.1100,106.0800,1.798641
FILLER_34_643,VPWR,li1,301.5300,106.0800,1.798654
FILLER_34_622,VPWR,li1,294.4000,106.0800,1.798670
FILLER_34_610,VPWR,li1,288.8800,106.0800,1.798687
FILLER_34_598,VPWR,li1,283.3600,106.0800,1.798696
FILLER_34_589,VPWR,li1,277.8400,106.0800,1.798710
FILLER_34_586,VPWR,li1,275.5400,106.0800,1.798716
FILLER_34_575,VPWR,li1,270.9400,106.0800,1.798729
FILLER_34_566,VPWR,li1,266.3400,106.0800,1.798755
FILLER_34_549,VPWR,li1,258.5200,106.0800,1.798832
FILLER_34_533,VPWR,li1,250.9300,106.0800,1.798914
FILLER_34_492,VPWR,li1,232.0700,106.0800,1.799127
FILLER_34_484,VPWR,li1,230.0000,106.0800,1.799152
FILLER_34_473,VPWR,li1,223.7900,106.0800,1.799227
FILLER_34_465,VPWR,li1,221.2600,106.0800,1.799272
FILLER_34_458,VPWR,li1,216.4300,106.0800,1.799331
FILLER_34_454,VPWR,li1,215.2800,106.0800,1.799331
FILLER_34_439,VPWR,li1,207.6900,106.0800,1.799442
FILLER_34_435,VPWR,li1,206.5400,106.0800,1.799442
FILLER_34_407,VPWR,li1,194.1200,106.0800,1.799618
FILLER_34_387,VPWR,li1,183.7700,106.0800,1.799733
FILLER_34_379,VPWR,li1,181.7000,106.0800,1.799760
FILLER_34_370,VPWR,li1,177.1000,106.0800,1.799831
FILLER_34_356,VPWR,li1,170.2000,106.0800,1.799853
FILLER_34_342,VPWR,li1,163.0700,106.0800,1.799844
FILLER_34_330,VPWR,li1,160.0800,106.0800,1.799841
FILLER_34_321,VPWR,li1,153.8700,106.0800,1.799834
FILLER_34_309,VPWR,li1,150.4200,106.0800,1.799830
FILLER_34_302,VPWR,li1,145.8200,106.0800,1.799826
FILLER_34_269,VPWR,li1,129.4900,106.0800,1.799817
FILLER_34_261,VPWR,li1,127.4200,106.0800,1.799816
FILLER_34_253,VPWR,li1,122.1300,106.0800,1.799815
FILLER_34_245,VPWR,li1,118.4500,106.0800,1.799815
FILLER_34_237,VPWR,li1,116.3800,106.0800,1.799815
FILLER_34_216,VPWR,li1,105.8000,106.0800,1.799817
FILLER_34_197,VPWR,li1,97.0600,106.0800,1.799821
FILLER_34_178,VPWR,li1,87.6300,106.0800,1.799827
FILLER_34_145,VPWR,li1,72.4500,106.0800,1.799847
FILLER_34_141,VPWR,li1,71.3000,106.0800,1.799847
FILLER_34_132,VPWR,li1,66.7000,106.0800,1.799855
FILLER_34_120,VPWR,li1,63.4800,106.0800,1.799861
FILLER_34_112,VPWR,li1,57.5000,106.0800,1.799875
FILLER_34_101,VPWR,li1,52.6700,106.0800,1.799885
FILLER_34_92,VPWR,li1,48.3000,106.0800,1.799896
FILLER_34_85,VPWR,li1,44.8500,106.0800,1.799901
FILLER_34_83,VPWR,li1,43.9300,106.0800,1.799906
FILLER_34_75,VPWR,li1,40.9400,106.0800,1.799911
FILLER_34_60,VPWR,li1,35.8800,106.0800,1.799924
FILLER_34_50,VPWR,li1,28.7500,106.0800,1.799946
FILLER_34_25,VPWR,li1,17.7100,106.0800,1.799961
FILLER_34_13,VPWR,li1,14.2600,106.0800,1.799961
FILLER_34_7,VPWR,li1,8.9700,106.0800,1.799961
FILLER_34_3,VPWR,li1,7.8200,106.0800,1.799961
FILLER_33_645,VPWR,li1,302.9100,100.6400,1.799025
FILLER_33_626,VPWR,li1,293.9400,100.6400,1.799077
FILLER_33_614,VPWR,li1,288.4200,100.6400,1.799101
FILLER_33_606,VPWR,li1,284.5100,100.6400,1.799124
FILLER_33_598,VPWR,li1,280.8300,100.6400,1.799146
FILLER_33_585,VPWR,li1,275.3100,100.6400,1.799188
FILLER_33_573,VPWR,li1,271.8600,100.6400,1.799203
FILLER_33_561,VPWR,li1,266.3400,100.6400,1.799241
FILLER_33_554,VPWR,li1,261.7400,100.6400,1.799267
FILLER_33_539,VPWR,li1,255.3000,100.6400,1.799309
FILLER_33_527,VPWR,li1,250.7000,100.6400,1.799349
FILLER_33_515,VPWR,li1,243.3400,100.6400,1.799389
FILLER_33_463,VPWR,li1,219.1900,100.6400,1.799563
FILLER_33_455,VPWR,li1,216.6600,100.6400,1.799582
FILLER_33_445,VPWR,li1,210.9100,100.6400,1.799631
FILLER_33_433,VPWR,li1,207.4600,100.6400,1.799653
FILLER_33_425,VPWR,li1,201.2500,100.6400,1.799705
FILLER_33_419,VPWR,li1,199.6400,100.6400,1.799719
FILLER_33_410,VPWR,li1,194.8100,100.6400,1.799752
FILLER_33_398,VPWR,li1,191.3600,100.6400,1.799779
FILLER_33_393,VPWR,li1,186.5300,100.6400,1.799830
FILLER_33_380,VPWR,li1,183.0800,100.6400,1.799844
FILLER_33_364,VPWR,li1,173.6500,100.6400,1.799901
FILLER_33_356,VPWR,li1,171.1200,100.6400,1.799897
FILLER_33_345,VPWR,li1,164.6800,100.6400,1.799887
FILLER_33_337,VPWR,li1,162.3800,100.6400,1.799884
FILLER_33_312,VPWR,li1,149.9600,100.6400,1.799867
FILLER_33_286,VPWR,li1,137.3100,100.6400,1.799852
FILLER_33_278,VPWR,li1,133.8600,100.6400,1.799851
FILLER_33_258,VPWR,li1,124.6600,100.6400,1.799846
FILLER_33_237,VPWR,li1,115.0000,100.6400,1.799846
FILLER_33_200,VPWR,li1,97.7500,100.6400,1.799855
FILLER_33_178,VPWR,li1,87.6300,100.6400,1.799863
FILLER_33_166,VPWR,li1,82.3400,100.6400,1.799868
FILLER_33_158,VPWR,li1,80.0400,100.6400,1.799871
FILLER_33_142,VPWR,li1,71.0700,100.6400,1.799883
FILLER_33_136,VPWR,li1,69.4600,100.6400,1.799883
FILLER_33_109,VPWR,li1,56.3500,100.6400,1.799900
FILLER_33_93,VPWR,li1,48.9900,100.6400,1.799911
FILLER_33_81,VPWR,li1,45.5400,100.6400,1.799917
FILLER_33_69,VPWR,li1,40.0200,100.6400,1.799929
FILLER_33_57,VPWR,li1,34.5000,100.6400,1.799937
FILLER_33_48,VPWR,li1,29.4400,100.6400,1.799947
FILLER_33_41,VPWR,li1,25.0700,100.6400,1.799960
FILLER_33_31,VPWR,li1,21.1600,100.6400,1.799966
FILLER_33_19,VPWR,li1,17.0200,100.6400,1.799961
FILLER_32_663,VPWR,li1,311.8800,100.6400,1.798983
FILLER_32_657,VPWR,li1,307.9700,100.6400,1.799004
FILLER_32_645,VPWR,li1,304.9800,100.6400,1.799015
FILLER_32_642,VPWR,li1,301.3000,100.6400,1.799034
FILLER_32_633,VPWR,li1,296.9300,100.6400,1.799055
FILLER_32_625,VPWR,li1,294.8600,100.6400,1.799066
FILLER_32_617,VPWR,li1,289.5700,100.6400,1.799101
FILLER_32_613,VPWR,li1,288.4200,100.6400,1.799101
FILLER_32_601,VPWR,li1,284.7400,100.6400,1.799124
FILLER_32_596,VPWR,li1,279.9100,100.6400,1.799159
FILLER_32_592,VPWR,li1,278.7600,100.6400,1.799159
FILLER_32_587,VPWR,li1,275.7700,100.6400,1.799188
FILLER_32_581,VPWR,li1,274.1600,100.6400,1.799188
FILLER_32_569,VPWR,li1,270.0200,100.6400,1.799215
FILLER_32_561,VPWR,li1,264.0400,100.6400,1.799253
FILLER_32_553,VPWR,li1,261.7400,100.6400,1.799267
FILLER_32_545,VPWR,li1,257.1400,100.6400,1.799297
FILLER_32_533,VPWR,li1,253.4600,100.6400,1.799321
FILLER_32_515,VPWR,li1,242.6500,100.6400,1.799402
FILLER_32_499,VPWR,li1,235.2900,100.6400,1.799445
FILLER_32_473,VPWR,li1,223.7900,100.6400,1.799529
FILLER_32_465,VPWR,li1,221.2600,100.6400,1.799548
FILLER_32_448,VPWR,li1,211.8300,100.6400,1.799631
FILLER_32_442,VPWR,li1,210.2200,100.6400,1.799631
FILLER_32_433,VPWR,li1,205.3900,100.6400,1.799669
FILLER_32_419,VPWR,li1,198.4900,100.6400,1.799736
FILLER_32_413,VPWR,li1,196.8800,100.6400,1.799736
FILLER_32_401,VPWR,li1,192.7400,100.6400,1.799779
FILLER_32_396,VPWR,li1,188.1400,100.6400,1.799808
FILLER_32_384,VPWR,li1,184.9200,100.6400,1.799830
FILLER_32_372,VPWR,li1,179.4000,100.6400,1.799873
FILLER_32_365,VPWR,li1,174.3400,100.6400,1.799901
FILLER_32_360,VPWR,li1,172.0400,100.6400,1.799897
FILLER_32_340,VPWR,li1,162.1500,100.6400,1.799884
FILLER_32_334,VPWR,li1,160.5400,100.6400,1.799881
FILLER_32_321,VPWR,li1,154.5600,100.6400,1.799873
FILLER_32_309,VPWR,li1,150.4200,100.6400,1.799867
FILLER_32_307,VPWR,li1,146.9700,100.6400,1.799864
FILLER_32_299,VPWR,li1,144.9000,100.6400,1.799861
FILLER_32_288,VPWR,li1,138.2300,100.6400,1.799854
FILLER_32_282,VPWR,li1,136.6200,100.6400,1.799852
FILLER_32_269,VPWR,li1,129.7200,100.6400,1.799848
FILLER_32_260,VPWR,li1,126.0400,100.6400,1.799847
FILLER_32_253,VPWR,li1,122.5900,100.6400,1.799846
FILLER_32_243,VPWR,li1,117.7600,100.6400,1.799845
FILLER_32_218,VPWR,li1,106.2600,100.6400,1.799850
FILLER_32_210,VPWR,li1,103.9600,100.6400,1.799851
FILLER_32_193,VPWR,li1,94.9900,100.6400,1.799856
FILLER_32_161,VPWR,li1,80.2700,100.6400,1.799871
FILLER_32_153,VPWR,li1,76.3600,100.6400,1.799874
FILLER_32_141,VPWR,li1,73.1400,100.6400,1.799878
FILLER_32_139,VPWR,li1,69.6900,100.6400,1.799883
FILLER_32_127,VPWR,li1,66.7000,100.6400,1.799887
FILLER_32_120,VPWR,li1,61.4100,100.6400,1.799893
FILLER_32_112,VPWR,li1,57.2700,100.6400,1.799900
FILLER_32_108,VPWR,li1,56.1200,100.6400,1.799900
FILLER_32_101,VPWR,li1,52.6700,100.6400,1.799907
FILLER_32_89,VPWR,li1,49.2200,100.6400,1.799911
FILLER_32_63,VPWR,li1,34.9600,100.6400,1.799937
FILLER_32_41,VPWR,li1,24.6100,100.6400,1.799960
FILLER_32_29,VPWR,li1,21.6200,100.6400,1.799966
FILLER_32_3,VPWR,li1,8.2800,100.6400,1.799955
FILLER_31_699,VPWR,li1,327.2900,95.2000,1.799383
FILLER_31_689,VPWR,li1,322.9200,95.2000,1.799383
FILLER_31_670,VPWR,li1,314.1800,95.2000,1.799390
FILLER_31_661,VPWR,li1,309.8100,95.2000,1.799397
FILLER_31_655,VPWR,li1,308.2000,95.2000,1.799397
FILLER_31_648,VPWR,li1,304.2900,95.2000,1.799402
FILLER_31_617,VPWR,li1,292.1000,95.2000,1.799421
FILLER_31_612,VPWR,li1,287.9600,95.2000,1.799428
FILLER_31_600,VPWR,li1,284.2800,95.2000,1.799434
FILLER_31_588,VPWR,li1,278.7600,95.2000,1.799446
FILLER_31_558,VPWR,li1,262.6600,95.2000,1.799481
FILLER_31_543,VPWR,li1,255.9900,95.2000,1.799500
FILLER_31_487,VPWR,li1,230.4600,95.2000,1.799581
FILLER_31_469,VPWR,li1,222.1800,95.2000,1.799616
FILLER_31_457,VPWR,li1,218.5000,95.2000,1.799639
FILLER_31_449,VPWR,li1,212.2900,95.2000,1.799663
FILLER_31_428,VPWR,li1,203.0900,95.2000,1.799706
FILLER_31_420,VPWR,li1,200.5600,95.2000,1.799719
FILLER_31_408,VPWR,li1,193.6600,95.2000,1.799760
FILLER_31_397,VPWR,li1,188.3700,95.2000,1.799780
FILLER_31_393,VPWR,li1,187.2200,95.2000,1.799792
FILLER_31_384,VPWR,li1,184.0000,95.2000,1.799802
FILLER_31_373,VPWR,li1,177.3300,95.2000,1.799844
FILLER_31_363,VPWR,li1,172.7300,95.2000,1.799833
FILLER_31_359,VPWR,li1,171.5800,95.2000,1.799833
FILLER_31_337,VPWR,li1,162.3800,95.2000,1.799740
FILLER_31_334,VPWR,li1,159.6200,95.2000,1.799724
FILLER_31_330,VPWR,li1,157.5500,95.2000,1.799705
FILLER_31_318,VPWR,li1,154.5600,95.2000,1.799678
FILLER_31_296,VPWR,li1,143.0600,95.2000,1.799585
FILLER_31_284,VPWR,li1,138.9200,95.2000,1.799553
FILLER_31_268,VPWR,li1,129.0300,95.2000,1.799492
FILLER_31_256,VPWR,li1,126.0400,95.2000,1.799481
FILLER_31_244,VPWR,li1,120.5200,95.2000,1.799460
FILLER_31_232,VPWR,li1,115.0000,95.2000,1.799440
FILLER_31_225,VPWR,li1,109.2500,95.2000,1.799459
FILLER_31_212,VPWR,li1,105.8000,95.2000,1.799471
FILLER_31_199,VPWR,li1,98.4400,95.2000,1.799501
FILLER_31_182,VPWR,li1,90.1600,95.2000,1.799536
FILLER_31_162,VPWR,li1,80.5000,95.2000,1.799582
FILLER_31_136,VPWR,li1,68.5400,95.2000,1.799641
FILLER_31_130,VPWR,li1,65.5500,95.2000,1.799657
FILLER_31_125,VPWR,li1,63.2500,95.2000,1.799668
FILLER_31_113,VPWR,li1,60.2600,95.2000,1.799686
FILLER_31_104,VPWR,li1,55.2000,95.2000,1.799723
FILLER_31_83,VPWR,li1,44.3900,95.2000,1.799782
FILLER_31_71,VPWR,li1,38.4100,95.2000,1.799826
FILLER_31_67,VPWR,li1,37.2600,95.2000,1.799826
FILLER_31_57,VPWR,li1,32.4300,95.2000,1.799856
FILLER_31_53,VPWR,li1,30.5900,95.2000,1.799867
FILLER_31_46,VPWR,li1,26.9100,95.2000,1.799897
FILLER_31_33,VPWR,li1,20.9300,95.2000,1.799928
FILLER_31_27,VPWR,li1,19.3200,95.2000,1.799928
FILLER_31_3,VPWR,li1,7.5900,95.2000,1.799928
FILLER_30_673,VPWR,li1,315.3300,95.2000,1.799390
FILLER_30_661,VPWR,li1,312.3400,95.2000,1.799393
FILLER_30_642,VPWR,li1,301.3000,95.2000,1.799408
FILLER_30_623,VPWR,li1,293.9400,95.2000,1.799418
FILLER_30_611,VPWR,li1,289.3400,95.2000,1.799428
FILLER_30_596,VPWR,li1,281.5200,95.2000,1.799439
FILLER_30_580,VPWR,li1,274.1600,95.2000,1.799454
FILLER_30_568,VPWR,li1,269.5600,95.2000,1.799465
FILLER_30_561,VPWR,li1,263.8100,95.2000,1.799481
FILLER_30_555,VPWR,li1,262.2000,95.2000,1.799481
FILLER_30_542,VPWR,li1,256.6800,95.2000,1.799495
FILLER_30_530,VPWR,li1,249.7800,95.2000,1.799518
FILLER_30_515,VPWR,li1,242.6500,95.2000,1.799538
FILLER_30_500,VPWR,li1,236.4400,95.2000,1.799559
FILLER_30_474,VPWR,li1,224.0200,95.2000,1.799607
FILLER_30_459,VPWR,li1,216.8900,95.2000,1.799639
FILLER_30_447,VPWR,li1,213.9000,95.2000,1.799653
FILLER_30_433,VPWR,li1,206.0800,95.2000,1.799695
FILLER_30_421,VPWR,li1,201.9400,95.2000,1.799719
FILLER_30_408,VPWR,li1,195.9600,95.2000,1.799743
FILLER_30_385,VPWR,li1,184.0000,95.2000,1.799802
FILLER_30_373,VPWR,li1,179.8600,95.2000,1.799827
FILLER_30_365,VPWR,li1,174.1100,95.2000,1.799855
FILLER_30_355,VPWR,li1,169.7400,95.2000,1.799810
FILLER_30_343,VPWR,li1,166.0600,95.2000,1.799780
FILLER_30_317,VPWR,li1,151.8000,95.2000,1.799655
FILLER_30_303,VPWR,li1,145.3600,95.2000,1.799602
FILLER_30_280,VPWR,li1,134.5500,95.2000,1.799523
FILLER_30_246,VPWR,li1,120.0600,95.2000,1.799460
FILLER_30_209,VPWR,li1,101.8900,95.2000,1.799486
FILLER_30_201,VPWR,li1,98.2100,95.2000,1.799501
FILLER_30_188,VPWR,li1,93.8400,95.2000,1.799527
FILLER_30_177,VPWR,li1,87.8600,95.2000,1.799547
FILLER_30_159,VPWR,li1,78.8900,95.2000,1.799592
FILLER_30_152,VPWR,li1,76.1300,95.2000,1.799603
FILLER_30_145,VPWR,li1,72.4500,95.2000,1.799628
FILLER_30_139,VPWR,li1,69.6900,95.2000,1.799641
FILLER_30_135,VPWR,li1,68.5400,95.2000,1.799641
FILLER_30_104,VPWR,li1,54.0500,95.2000,1.799723
FILLER_30_93,VPWR,li1,48.5300,95.2000,1.799756
FILLER_30_85,VPWR,li1,46.4600,95.2000,1.799769
FILLER_30_83,VPWR,li1,43.9300,95.2000,1.799794
FILLER_30_77,VPWR,li1,42.3200,95.2000,1.799794
FILLER_30_65,VPWR,li1,38.1800,95.2000,1.799826
FILLER_30_58,VPWR,li1,32.4300,95.2000,1.799856
FILLER_30_54,VPWR,li1,31.2800,95.2000,1.799867
FILLER_30_23,VPWR,li1,16.5600,95.2000,1.799928
FILLER_30_11,VPWR,li1,13.3400,95.2000,1.799928
FILLER_29_699,VPWR,li1,327.2900,89.7600,1.799344
FILLER_29_689,VPWR,li1,322.9200,89.7600,1.799344
FILLER_29_671,VPWR,li1,314.4100,89.7600,1.799353
FILLER_29_656,VPWR,li1,307.7400,89.7600,1.799361
FILLER_29_644,VPWR,li1,302.6800,89.7600,1.799370
FILLER_29_639,VPWR,li1,299.9200,89.7600,1.799373
FILLER_29_630,VPWR,li1,295.7800,89.7600,1.799378
FILLER_29_614,VPWR,li1,288.4200,89.7600,1.799393
FILLER_29_606,VPWR,li1,284.5100,89.7600,1.799405
FILLER_29_593,VPWR,li1,278.9900,89.7600,1.799417
FILLER_29_585,VPWR,li1,276.4600,89.7600,1.799424
FILLER_29_573,VPWR,li1,271.8600,89.7600,1.799441
FILLER_29_561,VPWR,li1,266.3400,89.7600,1.799453
FILLER_29_559,VPWR,li1,262.8900,89.7600,1.799467
FILLER_29_555,VPWR,li1,261.7400,89.7600,1.799467
FILLER_29_539,VPWR,li1,256.2200,89.7600,1.799484
FILLER_29_517,VPWR,li1,243.8000,89.7600,1.799529
FILLER_29_501,VPWR,li1,236.6700,89.7600,1.799559
FILLER_29_470,VPWR,li1,221.9500,89.7600,1.799634
FILLER_29_466,VPWR,li1,220.8000,89.7600,1.799634
FILLER_29_452,VPWR,li1,215.2800,89.7600,1.799662
FILLER_29_446,VPWR,li1,211.1400,89.7600,1.799691
FILLER_29_430,VPWR,li1,204.0100,89.7600,1.799727
FILLER_29_422,VPWR,li1,201.4800,89.7600,1.799744
FILLER_29_413,VPWR,li1,195.9600,89.7600,1.799768
FILLER_29_405,VPWR,li1,193.6600,89.7600,1.799781
FILLER_29_393,VPWR,li1,189.0600,89.7600,1.799814
FILLER_29_390,VPWR,li1,185.3800,89.7600,1.799829
FILLER_29_378,VPWR,li1,182.1600,89.7600,1.799850
FILLER_29_368,VPWR,li1,175.4900,89.7600,1.799893
FILLER_29_362,VPWR,li1,172.2700,89.7600,1.799882
FILLER_29_357,VPWR,li1,169.9700,89.7600,1.799870
FILLER_29_332,VPWR,li1,158.4700,89.7600,1.799814
FILLER_29_326,VPWR,li1,156.8600,89.7600,1.799814
FILLER_29_317,VPWR,li1,152.7200,89.7600,1.799798
FILLER_29_289,VPWR,li1,138.6900,89.7600,1.799746
FILLER_29_281,VPWR,li1,136.6200,89.7600,1.799739
FILLER_29_279,VPWR,li1,134.0900,89.7600,1.799730
FILLER_29_265,VPWR,li1,128.8000,89.7600,1.799711
FILLER_29_261,VPWR,li1,125.8100,89.7600,1.799695
FILLER_29_255,VPWR,li1,124.2000,89.7600,1.799695
FILLER_29_225,VPWR,li1,109.7100,89.7600,1.799647
FILLER_29_223,VPWR,li1,108.3300,89.7600,1.799647
FILLER_29_219,VPWR,li1,107.1800,89.7600,1.799640
FILLER_29_201,VPWR,li1,99.8200,89.7600,1.799625
FILLER_29_174,VPWR,li1,86.2500,89.7600,1.799597
FILLER_29_169,VPWR,li1,83.4900,89.7600,1.799600
FILLER_29_152,VPWR,li1,78.2000,89.7600,1.799610
FILLER_29_123,VPWR,li1,62.5600,89.7600,1.799673
FILLER_29_113,VPWR,li1,57.9600,89.7600,1.799694
FILLER_29_111,VPWR,li1,56.8100,89.7600,1.799706
FILLER_29_105,VPWR,li1,55.2000,89.7600,1.799706
FILLER_29_92,VPWR,li1,49.6800,89.7600,1.799744
FILLER_29_85,VPWR,li1,44.8500,89.7600,1.799777
FILLER_29_79,VPWR,li1,43.2400,89.7600,1.799777
FILLER_29_69,VPWR,li1,37.4900,89.7600,1.799822
FILLER_29_63,VPWR,li1,35.8800,89.7600,1.799822
FILLER_29_57,VPWR,li1,32.2000,89.7600,1.799854
FILLER_29_55,VPWR,li1,31.0500,89.7600,1.799854
FILLER_29_27,VPWR,li1,18.4000,89.7600,1.799922
FILLER_29_19,VPWR,li1,16.1000,89.7600,1.799921
FILLER_28_683,VPWR,li1,319.9300,89.7600,1.799347
FILLER_28_677,VPWR,li1,318.3200,89.7600,1.799347
FILLER_28_664,VPWR,li1,311.1900,89.7600,1.799355
FILLER_28_632,VPWR,li1,299.0000,89.7600,1.799373
FILLER_28_613,VPWR,li1,290.2600,89.7600,1.799389
FILLER_28_601,VPWR,li1,284.7400,89.7600,1.799405
FILLER_28_595,VPWR,li1,279.9100,89.7600,1.799417
FILLER_28_582,VPWR,li1,274.6200,89.7600,1.799429
FILLER_28_565,VPWR,li1,265.6500,89.7600,1.799458
FILLER_28_554,VPWR,li1,260.8200,89.7600,1.799474
FILLER_28_519,VPWR,li1,244.4900,89.7600,1.799529
FILLER_28_501,VPWR,li1,236.6700,89.7600,1.799559
FILLER_28_491,VPWR,li1,231.6100,89.7600,1.799582
FILLER_28_475,VPWR,li1,224.2500,89.7600,1.799623
FILLER_28_471,VPWR,li1,223.1000,89.7600,1.799623
FILLER_28_461,VPWR,li1,218.9600,89.7600,1.799646
FILLER_28_445,VPWR,li1,210.9100,89.7600,1.799691
FILLER_28_434,VPWR,li1,205.8500,89.7600,1.799714
FILLER_28_426,VPWR,li1,203.3200,89.7600,1.799727
FILLER_28_419,VPWR,li1,198.4900,89.7600,1.799757
FILLER_28_415,VPWR,li1,197.3400,89.7600,1.799768
FILLER_28_407,VPWR,li1,192.9700,89.7600,1.799795
FILLER_28_401,VPWR,li1,191.3600,89.7600,1.799795
FILLER_28_389,VPWR,li1,185.8400,89.7600,1.799829
FILLER_28_377,VPWR,li1,181.7000,89.7600,1.799850
FILLER_28_369,VPWR,li1,175.4900,89.7600,1.799893
FILLER_28_365,VPWR,li1,174.3400,89.7600,1.799893
FILLER_28_363,VPWR,li1,172.7300,89.7600,1.799882
FILLER_28_351,VPWR,li1,169.7400,89.7600,1.799870
FILLER_28_341,VPWR,li1,162.8400,89.7600,1.799832
FILLER_28_333,VPWR,li1,159.6200,89.7600,1.799824
FILLER_28_321,VPWR,li1,154.1000,89.7600,1.799798
FILLER_28_309,VPWR,li1,150.4200,89.7600,1.799789
FILLER_28_307,VPWR,li1,146.9700,89.7600,1.799772
FILLER_28_303,VPWR,li1,145.8200,89.7600,1.799772
FILLER_28_289,VPWR,li1,138.9200,89.7600,1.799746
FILLER_28_277,VPWR,li1,135.7000,89.7600,1.799730
FILLER_28_265,VPWR,li1,130.1800,89.7600,1.799711
FILLER_28_253,VPWR,li1,124.6600,89.7600,1.799695
FILLER_28_244,VPWR,li1,119.6000,89.7600,1.799679
FILLER_28_233,VPWR,li1,114.5400,89.7600,1.799663
FILLER_28_222,VPWR,li1,109.4800,89.7600,1.799647
FILLER_28_210,VPWR,li1,104.8800,89.7600,1.799634
FILLER_28_205,VPWR,li1,100.2800,89.7600,1.799625
FILLER_28_197,VPWR,li1,97.9800,89.7600,1.799621
FILLER_28_195,VPWR,li1,95.4500,89.7600,1.799613
FILLER_28_156,VPWR,li1,77.5100,89.7600,1.799610
FILLER_28_136,VPWR,li1,68.3100,89.7600,1.799638
FILLER_28_131,VPWR,li1,66.2400,89.7600,1.799648
FILLER_28_119,VPWR,li1,63.0200,89.7600,1.799673
FILLER_28_112,VPWR,li1,57.2700,89.7600,1.799694
FILLER_28_104,VPWR,li1,55.2000,89.7600,1.799706
FILLER_28_85,VPWR,li1,44.8500,89.7600,1.799777
FILLER_28_57,VPWR,li1,32.2000,89.7600,1.799854
FILLER_28_50,VPWR,li1,28.7500,89.7600,1.799869
FILLER_28_42,VPWR,li1,26.6800,89.7600,1.799883
FILLER_28_29,VPWR,li1,20.7000,89.7600,1.799924
FILLER_28_27,VPWR,li1,18.1700,89.7600,1.799922
FILLER_28_3,VPWR,li1,7.1300,89.7600,1.799918
FILLER_27_673,VPWR,li1,315.5600,84.3200,1.798982
FILLER_27_671,VPWR,li1,314.4100,84.3200,1.798984
FILLER_27_663,VPWR,li1,311.1900,84.3200,1.798987
FILLER_27_646,VPWR,li1,302.9100,84.3200,1.799000
FILLER_27_642,VPWR,li1,301.7600,84.3200,1.799000
FILLER_27_630,VPWR,li1,298.0800,84.3200,1.799007
FILLER_27_608,VPWR,li1,287.0400,84.3200,1.799047
FILLER_27_600,VPWR,li1,281.7500,84.3200,1.799068
FILLER_27_589,VPWR,li1,277.8400,84.3200,1.799094
FILLER_27_581,VPWR,li1,273.0100,84.3200,1.799131
FILLER_27_575,VPWR,li1,271.4000,84.3200,1.799131
FILLER_27_558,VPWR,li1,262.6600,84.3200,1.799196
FILLER_27_548,VPWR,li1,257.8300,84.3200,1.799217
FILLER_27_505,VPWR,li1,238.2800,84.3200,1.799358
FILLER_27_501,VPWR,li1,236.6700,84.3200,1.799358
FILLER_27_494,VPWR,li1,232.9900,84.3200,1.799384
FILLER_27_482,VPWR,li1,230.0000,84.3200,1.799405
FILLER_27_467,VPWR,li1,221.0300,84.3200,1.799473
FILLER_27_461,VPWR,li1,217.8100,84.3200,1.799508
FILLER_27_449,VPWR,li1,212.9800,84.3200,1.799542
FILLER_27_444,VPWR,li1,210.6800,84.3200,1.799557
FILLER_27_428,VPWR,li1,203.7800,84.3200,1.799613
FILLER_27_416,VPWR,li1,199.6400,84.3200,1.799653
FILLER_27_407,VPWR,li1,194.1200,84.3200,1.799692
FILLER_27_385,VPWR,li1,182.8500,84.3200,1.799785
FILLER_27_348,VPWR,li1,166.0600,84.3200,1.799795
FILLER_27_309,VPWR,li1,147.8900,84.3200,1.799746
FILLER_27_303,VPWR,li1,145.1300,84.3200,1.799742
FILLER_27_292,VPWR,li1,140.7600,84.3200,1.799735
FILLER_27_262,VPWR,li1,127.4200,84.3200,1.799722
FILLER_27_240,VPWR,li1,116.6100,84.3200,1.799714
FILLER_27_232,VPWR,li1,112.4700,84.3200,1.799712
FILLER_27_217,VPWR,li1,105.5700,84.3200,1.799708
FILLER_27_211,VPWR,li1,103.9600,84.3200,1.799708
FILLER_27_191,VPWR,li1,93.6100,84.3200,1.799712
FILLER_27_169,VPWR,li1,83.4900,84.3200,1.799723
FILLER_27_164,VPWR,li1,81.1900,84.3200,1.799727
FILLER_27_160,VPWR,li1,79.3500,84.3200,1.799731
FILLER_27_156,VPWR,li1,78.2000,84.3200,1.799736
FILLER_27_139,VPWR,li1,69.6900,84.3200,1.799760
FILLER_27_133,VPWR,li1,68.0800,84.3200,1.799760
FILLER_27_113,VPWR,li1,57.7300,84.3200,1.799795
FILLER_27_110,VPWR,li1,56.5800,84.3200,1.799802
FILLER_27_103,VPWR,li1,53.1300,84.3200,1.799810
FILLER_27_87,VPWR,li1,46.2300,84.3200,1.799837
FILLER_27_79,VPWR,li1,43.7000,84.3200,1.799847
FILLER_27_74,VPWR,li1,39.7900,84.3200,1.799869
FILLER_27_64,VPWR,li1,35.8800,84.3200,1.799879
FILLER_27_54,VPWR,li1,30.8200,84.3200,1.799904
FILLER_27_38,VPWR,li1,23.2300,84.3200,1.799930
FILLER_27_26,VPWR,li1,20.2400,84.3200,1.799943
FILLER_27_3,VPWR,li1,7.3600,84.3200,1.799932
FILLER_26_681,VPWR,li1,319.4700,84.3200,1.798976
FILLER_26_672,VPWR,li1,314.8700,84.3200,1.798982
FILLER_26_666,VPWR,li1,313.2600,84.3200,1.798984
FILLER_26_655,VPWR,li1,307.5100,84.3200,1.798991
FILLER_26_624,VPWR,li1,293.4800,84.3200,1.799017
FILLER_26_612,VPWR,li1,287.2700,84.3200,1.799036
FILLER_26_608,VPWR,li1,285.4300,84.3200,1.799047
FILLER_26_600,VPWR,li1,281.7500,84.3200,1.799068
FILLER_26_589,VPWR,li1,277.3800,84.3200,1.799094
FILLER_26_586,VPWR,li1,275.5400,84.3200,1.799109
FILLER_26_574,VPWR,li1,272.3200,84.3200,1.799131
FILLER_26_562,VPWR,li1,266.8000,84.3200,1.799169
FILLER_26_557,VPWR,li1,261.9700,84.3200,1.799196
FILLER_26_545,VPWR,li1,258.9800,84.3200,1.799217
FILLER_26_533,VPWR,li1,253.4600,84.3200,1.799245
FILLER_26_529,VPWR,li1,249.5500,84.3200,1.799272
FILLER_26_521,VPWR,li1,247.0200,84.3200,1.799288
FILLER_26_505,VPWR,li1,240.5800,84.3200,1.799337
FILLER_26_477,VPWR,li1,225.4000,84.3200,1.799452
FILLER_26_462,VPWR,li1,218.2700,84.3200,1.799508
FILLER_26_456,VPWR,li1,216.6600,84.3200,1.799508
FILLER_26_444,VPWR,li1,212.5200,84.3200,1.799542
FILLER_26_433,VPWR,li1,204.9300,84.3200,1.799613
FILLER_26_421,VPWR,li1,201.9400,84.3200,1.799628
FILLER_26_412,VPWR,li1,196.8800,84.3200,1.799675
FILLER_26_400,VPWR,li1,192.2800,84.3200,1.799717
FILLER_26_395,VPWR,li1,187.4500,84.3200,1.799759
FILLER_26_383,VPWR,li1,184.4600,84.3200,1.799785
FILLER_26_379,VPWR,li1,180.0900,84.3200,1.799821
FILLER_26_373,VPWR,li1,178.4800,84.3200,1.799821
FILLER_26_363,VPWR,li1,172.7300,84.3200,1.799824
FILLER_26_357,VPWR,li1,171.1200,84.3200,1.799824
FILLER_26_329,VPWR,li1,157.0900,84.3200,1.799763
FILLER_26_317,VPWR,li1,152.0300,84.3200,1.799752
FILLER_26_309,VPWR,li1,149.5000,84.3200,1.799748
FILLER_26_305,VPWR,li1,146.5100,84.3200,1.799742
FILLER_26_300,VPWR,li1,143.9800,84.3200,1.799740
FILLER_26_294,VPWR,li1,141.4500,84.3200,1.799737
FILLER_26_286,VPWR,li1,137.7700,84.3200,1.799733
FILLER_26_280,VPWR,li1,134.5500,84.3200,1.799729
FILLER_26_274,VPWR,li1,131.7900,84.3200,1.799726
FILLER_26_256,VPWR,li1,123.9700,84.3200,1.799718
FILLER_26_236,VPWR,li1,116.8400,84.3200,1.799714
FILLER_26_224,VPWR,li1,109.4800,84.3200,1.799710
FILLER_26_197,VPWR,li1,96.8300,84.3200,1.799708
FILLER_26_193,VPWR,li1,94.9900,84.3200,1.799710
FILLER_26_181,VPWR,li1,89.2400,84.3200,1.799714
FILLER_26_157,VPWR,li1,78.2000,84.3200,1.799736
FILLER_26_141,VPWR,li1,71.0700,84.3200,1.799753
FILLER_26_139,VPWR,li1,69.6900,84.3200,1.799760
FILLER_26_135,VPWR,li1,68.5400,84.3200,1.799760
FILLER_26_111,VPWR,li1,57.5000,84.3200,1.799795
FILLER_26_105,VPWR,li1,54.0500,84.3200,1.799810
FILLER_26_97,VPWR,li1,51.9800,84.3200,1.799817
FILLER_26_85,VPWR,li1,47.3800,84.3200,1.799837
FILLER_26_82,VPWR,li1,43.7000,84.3200,1.799847
FILLER_26_74,VPWR,li1,41.4000,84.3200,1.799858
FILLER_26_62,VPWR,li1,36.8000,84.3200,1.799879
FILLER_26_55,VPWR,li1,31.0500,84.3200,1.799904
FILLER_26_37,VPWR,li1,23.2300,84.3200,1.799930
FILLER_26_29,VPWR,li1,20.7000,84.3200,1.799943
FILLER_26_26,VPWR,li1,17.9400,84.3200,1.799940
FILLER_25_699,VPWR,li1,327.2900,78.8800,1.799388
FILLER_25_673,VPWR,li1,315.3300,78.8800,1.799392
FILLER_25_654,VPWR,li1,306.8200,78.8800,1.799400
FILLER_25_650,VPWR,li1,304.7500,78.8800,1.799404
FILLER_25_646,VPWR,li1,303.6000,78.8800,1.799408
FILLER_25_624,VPWR,li1,293.2500,78.8800,1.799424
FILLER_25_615,VPWR,li1,288.6500,78.8800,1.799434
FILLER_25_611,VPWR,li1,287.5000,78.8800,1.799440
FILLER_25_599,VPWR,li1,283.8200,78.8800,1.799445
FILLER_25_587,VPWR,li1,278.3000,78.8800,1.799461
FILLER_25_574,VPWR,li1,270.2500,78.8800,1.799479
FILLER_25_559,VPWR,li1,262.8900,78.8800,1.799505
FILLER_25_553,VPWR,li1,261.2800,78.8800,1.799505
FILLER_25_527,VPWR,li1,250.7000,78.8800,1.799539
FILLER_25_515,VPWR,li1,245.1800,78.8800,1.799558
FILLER_25_503,VPWR,li1,237.1300,78.8800,1.799598
FILLER_25_495,VPWR,li1,233.6800,78.8800,1.799606
FILLER_25_461,VPWR,li1,219.4200,78.8800,1.799673
FILLER_25_449,VPWR,li1,214.8200,78.8800,1.799695
FILLER_25_447,VPWR,li1,211.3700,78.8800,1.799719
FILLER_25_422,VPWR,li1,201.4800,78.8800,1.799762
FILLER_25_405,VPWR,li1,192.5100,78.8800,1.799813
FILLER_25_393,VPWR,li1,189.0600,78.8800,1.799828
FILLER_25_391,VPWR,li1,185.6100,78.8800,1.799855
FILLER_25_385,VPWR,li1,184.0000,78.8800,1.799855
FILLER_25_373,VPWR,li1,179.8600,78.8800,1.799877
FILLER_25_356,VPWR,li1,170.6600,78.8800,1.799887
FILLER_25_326,VPWR,li1,156.1700,78.8800,1.799875
FILLER_25_314,VPWR,li1,152.7200,78.8800,1.799872
FILLER_25_307,VPWR,li1,147.6600,78.8800,1.799868
FILLER_25_301,VPWR,li1,144.2100,78.8800,1.799866
FILLER_25_293,VPWR,li1,142.1400,78.8800,1.799864
FILLER_25_281,VPWR,li1,137.5400,78.8800,1.799863
FILLER_25_278,VPWR,li1,133.8600,78.8800,1.799861
FILLER_25_266,VPWR,li1,130.6400,78.8800,1.799860
FILLER_25_261,VPWR,li1,126.0400,78.8800,1.799858
FILLER_25_249,VPWR,li1,122.8200,78.8800,1.799858
FILLER_25_237,VPWR,li1,117.3000,78.8800,1.799857
FILLER_25_225,VPWR,li1,111.7800,78.8800,1.799856
FILLER_25_221,VPWR,li1,107.8700,78.8800,1.799857
FILLER_25_211,VPWR,li1,102.8100,78.8800,1.799857
FILLER_25_207,VPWR,li1,101.6600,78.8800,1.799857
FILLER_25_200,VPWR,li1,98.4400,78.8800,1.799858
FILLER_25_172,VPWR,li1,85.5600,78.8800,1.799862
FILLER_25_167,VPWR,li1,82.5700,78.8800,1.799864
FILLER_25_159,VPWR,li1,80.5000,78.8800,1.799865
FILLER_25_150,VPWR,li1,75.9000,78.8800,1.799868
FILLER_25_142,VPWR,li1,71.0700,78.8800,1.799871
FILLER_25_135,VPWR,li1,68.5400,78.8800,1.799873
FILLER_25_122,VPWR,li1,63.0200,78.8800,1.799877
FILLER_25_111,VPWR,li1,56.8100,78.8800,1.799882
FILLER_25_99,VPWR,li1,53.8200,78.8800,1.799884
FILLER_25_95,VPWR,li1,49.4500,78.8800,1.799891
FILLER_25_81,VPWR,li1,43.0100,78.8800,1.799901
FILLER_25_69,VPWR,li1,40.0200,78.8800,1.799909
FILLER_25_57,VPWR,li1,34.5000,78.8800,1.799919
FILLER_25_55,VPWR,li1,31.0500,78.8800,1.799930
FILLER_25_51,VPWR,li1,29.9000,78.8800,1.799930
FILLER_25_28,VPWR,li1,18.8600,78.8800,1.799943
FILLER_25_15,VPWR,li1,12.8800,78.8800,1.799938
FILLER_25_3,VPWR,li1,9.6600,78.8800,1.799938
FILLER_24_685,VPWR,li1,321.3100,78.8800,1.799388
FILLER_24_670,VPWR,li1,314.1800,78.8800,1.799392
FILLER_24_645,VPWR,li1,302.4500,78.8800,1.799408
FILLER_24_631,VPWR,li1,297.6200,78.8800,1.799416
FILLER_24_616,VPWR,li1,289.3400,78.8800,1.799434
FILLER_24_604,VPWR,li1,286.1200,78.8800,1.799440
FILLER_24_592,VPWR,li1,280.6000,78.8800,1.799453
FILLER_24_586,VPWR,li1,275.5400,78.8800,1.799467
FILLER_24_566,VPWR,li1,266.3400,78.8800,1.799491
FILLER_24_556,VPWR,li1,261.5100,78.8800,1.799505
FILLER_24_548,VPWR,li1,259.4400,78.8800,1.799514
FILLER_24_514,VPWR,li1,242.4200,78.8800,1.799573
FILLER_24_502,VPWR,li1,237.3600,78.8800,1.799591
FILLER_24_485,VPWR,li1,229.0800,78.8800,1.799627
FILLER_24_477,VPWR,li1,226.7800,78.8800,1.799638
FILLER_24_474,VPWR,li1,224.0200,78.8800,1.799653
FILLER_24_465,VPWR,li1,219.6500,78.8800,1.799673
FILLER_24_453,VPWR,li1,216.6600,78.8800,1.799686
FILLER_24_441,VPWR,li1,211.1400,78.8800,1.799719
FILLER_24_421,VPWR,li1,201.9400,78.8800,1.799762
FILLER_24_417,VPWR,li1,198.0300,78.8800,1.799780
FILLER_24_409,VPWR,li1,194.1200,78.8800,1.799801
FILLER_24_401,VPWR,li1,191.8200,78.8800,1.799813
FILLER_24_378,VPWR,li1,180.3200,78.8800,1.799877
FILLER_24_355,VPWR,li1,169.0500,78.8800,1.799887
FILLER_24_344,VPWR,li1,163.9900,78.8800,1.799880
FILLER_24_333,VPWR,li1,160.0800,78.8800,1.799878
FILLER_24_321,VPWR,li1,155.9400,78.8800,1.799875
FILLER_24_302,VPWR,li1,144.9000,78.8800,1.799866
FILLER_24_282,VPWR,li1,135.9300,78.8800,1.799862
FILLER_24_270,VPWR,li1,132.4800,78.8800,1.799861
FILLER_24_250,VPWR,li1,120.9800,78.8800,1.799857
FILLER_24_235,VPWR,li1,113.8500,78.8800,1.799857
FILLER_24_220,VPWR,li1,107.4100,78.8800,1.799857
FILLER_24_213,VPWR,li1,103.9600,78.8800,1.799857
FILLER_24_197,VPWR,li1,96.6000,78.8800,1.799858
FILLER_24_195,VPWR,li1,95.4500,78.8800,1.799859
FILLER_24_190,VPWR,li1,93.1500,78.8800,1.799859
FILLER_24_173,VPWR,li1,86.9400,78.8800,1.799862
FILLER_24_161,VPWR,li1,82.3400,78.8800,1.799864
FILLER_24_153,VPWR,li1,76.8200,78.8800,1.799868
FILLER_24_141,VPWR,li1,73.1400,78.8800,1.799870
FILLER_24_125,VPWR,li1,63.2500,78.8800,1.799877
FILLER_24_89,VPWR,li1,47.1500,78.8800,1.799896
FILLER_24_76,VPWR,li1,40.9400,78.8800,1.799905
FILLER_24_62,VPWR,li1,35.8800,78.8800,1.799919
FILLER_24_57,VPWR,li1,31.9700,78.8800,1.799925
FILLER_24_45,VPWR,li1,28.9800,78.8800,1.799935
FILLER_24_40,VPWR,li1,24.1500,78.8800,1.799946
FILLER_24_36,VPWR,li1,23.0000,78.8800,1.799946
FILLER_24_29,VPWR,li1,19.5500,78.8800,1.799943
FILLER_24_27,VPWR,li1,18.1700,78.8800,1.799943
FILLER_24_23,VPWR,li1,16.3300,78.8800,1.799938
FILLER_24_15,VPWR,li1,14.2600,78.8800,1.799938
FILLER_24_3,VPWR,li1,9.6600,78.8800,1.799938
FILLER_23_698,VPWR,li1,327.0600,73.4400,1.798206
FILLER_23_673,VPWR,li1,315.3300,73.4400,1.798228
FILLER_23_663,VPWR,li1,310.7300,73.4400,1.798246
FILLER_23_657,VPWR,li1,309.1200,73.4400,1.798256
FILLER_23_633,VPWR,li1,297.1600,73.4400,1.798310
FILLER_23_625,VPWR,li1,293.2500,73.4400,1.798332
FILLER_23_617,VPWR,li1,291.1800,73.4400,1.798343
FILLER_23_614,VPWR,li1,288.4200,73.4400,1.798366
FILLER_23_604,VPWR,li1,284.7400,73.4400,1.798378
FILLER_23_592,VPWR,li1,278.0700,73.4400,1.798418
FILLER_23_582,VPWR,li1,273.9300,73.4400,1.798445
FILLER_23_576,VPWR,li1,270.9400,73.4400,1.798464
FILLER_23_568,VPWR,li1,268.6400,73.4400,1.798479
FILLER_23_561,VPWR,li1,264.0400,73.4400,1.798508
FILLER_23_528,VPWR,li1,251.1600,73.4400,1.798666
FILLER_23_524,VPWR,li1,246.7900,73.4400,1.798717
FILLER_23_512,VPWR,li1,243.8000,73.4400,1.798747
FILLER_23_501,VPWR,li1,236.6700,73.4400,1.798849
FILLER_23_489,VPWR,li1,233.2200,73.4400,1.798919
FILLER_23_477,VPWR,li1,227.7000,73.4400,1.798979
FILLER_23_444,VPWR,li1,210.6800,73.4400,1.799257
FILLER_23_437,VPWR,li1,206.7700,73.4400,1.799331
FILLER_23_431,VPWR,li1,205.1600,73.4400,1.799331
FILLER_23_425,VPWR,li1,201.7100,73.4400,1.799402
FILLER_23_417,VPWR,li1,199.1800,73.4400,1.799439
FILLER_23_410,VPWR,li1,194.3500,73.4400,1.799529
FILLER_23_388,VPWR,li1,184.9200,73.4400,1.799660
FILLER_23_376,VPWR,li1,181.2400,73.4400,1.799720
FILLER_23_352,VPWR,li1,167.9000,73.4400,1.799801
FILLER_23_343,VPWR,li1,163.5300,73.4400,1.799794
FILLER_23_325,VPWR,li1,155.2500,73.4400,1.799789
FILLER_23_319,VPWR,li1,153.6400,73.4400,1.799789
FILLER_23_309,VPWR,li1,147.8900,73.4400,1.799788
FILLER_23_301,VPWR,li1,145.8200,73.4400,1.799788
FILLER_23_288,VPWR,li1,138.2300,73.4400,1.799787
FILLER_23_274,VPWR,li1,132.9400,73.4400,1.799788
FILLER_23_257,VPWR,li1,123.9700,73.4400,1.799791
FILLER_23_251,VPWR,li1,122.3600,73.4400,1.799791
FILLER_23_237,VPWR,li1,115.2300,73.4400,1.799794
FILLER_23_225,VPWR,li1,111.7800,73.4400,1.799797
FILLER_23_223,VPWR,li1,108.3300,73.4400,1.799799
FILLER_23_215,VPWR,li1,106.2600,73.4400,1.799800
FILLER_23_200,VPWR,li1,99.3600,73.4400,1.799806
FILLER_23_196,VPWR,li1,95.9100,73.4400,1.799809
FILLER_23_192,VPWR,li1,94.7600,73.4400,1.799811
FILLER_23_177,VPWR,li1,87.1700,73.4400,1.799821
FILLER_23_173,VPWR,li1,86.0200,73.4400,1.799821
FILLER_23_167,VPWR,li1,82.5700,73.4400,1.799827
FILLER_23_147,VPWR,li1,74.5200,73.4400,1.799836
FILLER_23_135,VPWR,li1,70.3800,73.4400,1.799843
FILLER_23_113,VPWR,li1,58.4200,73.4400,1.799863
FILLER_23_110,VPWR,li1,56.5800,73.4400,1.799867
FILLER_23_83,VPWR,li1,46.4600,73.4400,1.799894
FILLER_23_68,VPWR,li1,37.0300,73.4400,1.799924
FILLER_23_55,VPWR,li1,31.0500,73.4400,1.799937
FILLER_23_41,VPWR,li1,24.6100,73.4400,1.799955
FILLER_23_35,VPWR,li1,23.0000,73.4400,1.799964
FILLER_23_15,VPWR,li1,13.3400,73.4400,1.799961
FILLER_23_3,VPWR,li1,9.6600,73.4400,1.799961
FILLER_22_682,VPWR,li1,319.7000,73.4400,1.798209
FILLER_22_657,VPWR,li1,307.9700,73.4400,1.798256
FILLER_22_645,VPWR,li1,304.9800,73.4400,1.798270
FILLER_22_642,VPWR,li1,301.3000,73.4400,1.798287
FILLER_22_634,VPWR,li1,299.0000,73.4400,1.798300
FILLER_22_628,VPWR,li1,295.0900,73.4400,1.798322
FILLER_22_620,VPWR,li1,292.5600,73.4400,1.798343
FILLER_22_595,VPWR,li1,280.6000,73.4400,1.798407
FILLER_22_586,VPWR,li1,275.5400,73.4400,1.798445
FILLER_22_574,VPWR,li1,272.3200,73.4400,1.798464
FILLER_22_566,VPWR,li1,266.8000,73.4400,1.798490
FILLER_22_533,VPWR,li1,250.9300,73.4400,1.798666
FILLER_22_529,VPWR,li1,249.5500,73.4400,1.798666
FILLER_22_510,VPWR,li1,241.5000,73.4400,1.798779
FILLER_22_498,VPWR,li1,235.2900,73.4400,1.798892
FILLER_22_490,VPWR,li1,231.8400,73.4400,1.798919
FILLER_22_465,VPWR,li1,219.6500,73.4400,1.799119
FILLER_22_446,VPWR,li1,212.0600,73.4400,1.799224
FILLER_22_435,VPWR,li1,206.0800,73.4400,1.799331
FILLER_22_419,VPWR,li1,198.4900,73.4400,1.799439
FILLER_22_405,VPWR,li1,192.0500,73.4400,1.799566
FILLER_22_401,VPWR,li1,190.9000,73.4400,1.799566
FILLER_22_389,VPWR,li1,187.2200,73.4400,1.799622
FILLER_22_377,VPWR,li1,181.7000,73.4400,1.799720
FILLER_22_365,VPWR,li1,176.1800,73.4400,1.799815
FILLER_22_358,VPWR,li1,171.5800,73.4400,1.799807
FILLER_22_321,VPWR,li1,153.6400,73.4400,1.799789
FILLER_22_309,VPWR,li1,150.4200,73.4400,1.799789
FILLER_22_305,VPWR,li1,146.5100,73.4400,1.799788
FILLER_22_293,VPWR,li1,143.0600,73.4400,1.799788
FILLER_22_281,VPWR,li1,137.5400,73.4400,1.799787
FILLER_22_265,VPWR,li1,128.1100,73.4400,1.799789
FILLER_22_253,VPWR,li1,124.6600,73.4400,1.799790
FILLER_22_249,VPWR,li1,120.7500,73.4400,1.799792
FILLER_22_241,VPWR,li1,118.2200,73.4400,1.799793
FILLER_22_235,VPWR,li1,113.8500,73.4400,1.799796
FILLER_22_231,VPWR,li1,112.7000,73.4400,1.799796
FILLER_22_218,VPWR,li1,107.1800,73.4400,1.799800
FILLER_22_206,VPWR,li1,103.0400,73.4400,1.799804
FILLER_22_197,VPWR,li1,96.6000,73.4400,1.799809
FILLER_22_188,VPWR,li1,93.8400,73.4400,1.799811
FILLER_22_180,VPWR,li1,88.5500,73.4400,1.799818
FILLER_22_176,VPWR,li1,87.4000,73.4400,1.799821
FILLER_22_164,VPWR,li1,83.7200,73.4400,1.799825
FILLER_22_145,VPWR,li1,72.6800,73.4400,1.799838
FILLER_22_139,VPWR,li1,69.6900,73.4400,1.799843
FILLER_22_85,VPWR,li1,45.3100,73.4400,1.799899
FILLER_22_82,VPWR,li1,43.7000,73.4400,1.799904
FILLER_22_74,VPWR,li1,41.4000,73.4400,1.799911
FILLER_22_67,VPWR,li1,36.5700,73.4400,1.799924
FILLER_22_63,VPWR,li1,35.4200,73.4400,1.799924
FILLER_22_54,VPWR,li1,30.8200,73.4400,1.799937
FILLER_22_45,VPWR,li1,26.4500,73.4400,1.799950
FILLER_22_41,VPWR,li1,25.3000,73.4400,1.799955
FILLER_22_29,VPWR,li1,21.6200,73.4400,1.799964
FILLER_22_27,VPWR,li1,18.1700,73.4400,1.799961
FILLER_22_15,VPWR,li1,15.1800,73.4400,1.799961
FILLER_22_3,VPWR,li1,9.6600,73.4400,1.799961
FILLER_21_681,VPWR,li1,319.4700,68.0000,1.799114
FILLER_21_673,VPWR,li1,316.9400,68.0000,1.799116
FILLER_21_671,VPWR,li1,314.4100,68.0000,1.799117
FILLER_21_667,VPWR,li1,313.2600,68.0000,1.799119
FILLER_21_647,VPWR,li1,303.3700,68.0000,1.799129
FILLER_21_625,VPWR,li1,293.2500,68.0000,1.799145
FILLER_21_617,VPWR,li1,291.1800,68.0000,1.799149
FILLER_21_599,VPWR,li1,281.9800,68.0000,1.799169
FILLER_21_587,VPWR,li1,278.3000,68.0000,1.799178
FILLER_21_572,VPWR,li1,271.4000,68.0000,1.799196
FILLER_21_557,VPWR,li1,262.4300,68.0000,1.799237
FILLER_21_550,VPWR,li1,258.7500,68.0000,1.799264
FILLER_21_534,VPWR,li1,251.8500,68.0000,1.799303
FILLER_21_526,VPWR,li1,247.7100,68.0000,1.799336
FILLER_21_513,VPWR,li1,241.7300,68.0000,1.799364
FILLER_21_505,VPWR,li1,239.6600,68.0000,1.799381
FILLER_21_478,VPWR,li1,225.8600,68.0000,1.799476
FILLER_21_461,VPWR,li1,218.5000,68.0000,1.799537
FILLER_21_449,VPWR,li1,214.8200,68.0000,1.799564
FILLER_21_446,VPWR,li1,211.1400,68.0000,1.799594
FILLER_21_433,VPWR,li1,205.1600,68.0000,1.799643
FILLER_21_405,VPWR,li1,192.5100,68.0000,1.799750
FILLER_21_393,VPWR,li1,189.0600,68.0000,1.799779
FILLER_21_390,VPWR,li1,185.3800,68.0000,1.799810
FILLER_21_382,VPWR,li1,183.0800,68.0000,1.799830
FILLER_21_364,VPWR,li1,174.3400,68.0000,1.799894
FILLER_21_352,VPWR,li1,170.2000,68.0000,1.799890
FILLER_21_327,VPWR,li1,156.1700,68.0000,1.799874
FILLER_21_315,VPWR,li1,153.1800,68.0000,1.799871
FILLER_21_304,VPWR,li1,146.2800,68.0000,1.799864
FILLER_21_288,VPWR,li1,138.4600,68.0000,1.799858
FILLER_21_276,VPWR,li1,133.4000,68.0000,1.799855
FILLER_21_264,VPWR,li1,129.7200,68.0000,1.799854
FILLER_21_252,VPWR,li1,124.2000,68.0000,1.799852
FILLER_21_241,VPWR,li1,116.6100,68.0000,1.799852
FILLER_21_237,VPWR,li1,115.4600,68.0000,1.799852
FILLER_21_225,VPWR,li1,111.7800,68.0000,1.799852
FILLER_21_222,VPWR,li1,108.1000,68.0000,1.799853
FILLER_21_210,VPWR,li1,104.8800,68.0000,1.799854
FILLER_21_196,VPWR,li1,95.9100,68.0000,1.799857
FILLER_21_192,VPWR,li1,94.7600,68.0000,1.799857
FILLER_21_180,VPWR,li1,91.0800,68.0000,1.799858
FILLER_21_169,VPWR,li1,84.1800,68.0000,1.799863
FILLER_21_160,VPWR,li1,80.9600,68.0000,1.799865
FILLER_21_148,VPWR,li1,75.4400,68.0000,1.799869
FILLER_21_135,VPWR,li1,68.3100,68.0000,1.799877
FILLER_21_104,VPWR,li1,55.2000,68.0000,1.799890
FILLER_21_83,VPWR,li1,43.9300,68.0000,1.799909
FILLER_21_75,VPWR,li1,41.8600,68.0000,1.799914
FILLER_21_63,VPWR,li1,37.2600,68.0000,1.799925
FILLER_21_52,VPWR,li1,30.3600,68.0000,1.799941
FILLER_21_15,VPWR,li1,12.6500,68.0000,1.799959
FILLER_21_3,VPWR,li1,9.6600,68.0000,1.799959
FILLER_20_699,VPWR,li1,327.2900,68.0000,1.799113
FILLER_20_682,VPWR,li1,319.4700,68.0000,1.799114
FILLER_20_678,VPWR,li1,318.3200,68.0000,1.799116
FILLER_20_666,VPWR,li1,314.6400,68.0000,1.799117
FILLER_20_648,VPWR,li1,304.0600,68.0000,1.799129
FILLER_20_611,VPWR,li1,286.8100,68.0000,1.799160
FILLER_20_607,VPWR,li1,285.6600,68.0000,1.799160
FILLER_20_595,VPWR,li1,281.9800,68.0000,1.799169
FILLER_20_586,VPWR,li1,275.5400,68.0000,1.799189
FILLER_20_542,VPWR,li1,255.5300,68.0000,1.799278
FILLER_20_533,VPWR,li1,251.3900,68.0000,1.799303
FILLER_20_525,VPWR,li1,247.7100,68.0000,1.799336
FILLER_20_511,VPWR,li1,240.8100,68.0000,1.799381
FILLER_20_505,VPWR,li1,239.2000,68.0000,1.799381
FILLER_20_477,VPWR,li1,227.7000,68.0000,1.799462
FILLER_20_473,VPWR,li1,223.7900,68.0000,1.799492
FILLER_20_465,VPWR,li1,221.2600,68.0000,1.799511
FILLER_20_448,VPWR,li1,212.2900,68.0000,1.799594
FILLER_20_436,VPWR,li1,208.8400,68.0000,1.799613
FILLER_20_431,VPWR,li1,204.0100,68.0000,1.799664
FILLER_20_418,VPWR,li1,198.2600,68.0000,1.799701
FILLER_20_406,VPWR,li1,195.0400,68.0000,1.799728
FILLER_20_394,VPWR,li1,189.5200,68.0000,1.799779
FILLER_20_382,VPWR,li1,184.0000,68.0000,1.799830
FILLER_20_365,VPWR,li1,173.6500,68.0000,1.799894
FILLER_20_352,VPWR,li1,170.2000,68.0000,1.799890
FILLER_20_340,VPWR,li1,164.6800,68.0000,1.799884
FILLER_20_328,VPWR,li1,159.1600,68.0000,1.799877
FILLER_20_316,VPWR,li1,153.6400,68.0000,1.799871
FILLER_20_305,VPWR,li1,146.5100,68.0000,1.799864
FILLER_20_293,VPWR,li1,143.0600,68.0000,1.799861
FILLER_20_282,VPWR,li1,135.4700,68.0000,1.799856
FILLER_20_278,VPWR,li1,134.3200,68.0000,1.799855
FILLER_20_266,VPWR,li1,130.6400,68.0000,1.799854
FILLER_20_249,VPWR,li1,120.7500,68.0000,1.799852
FILLER_20_243,VPWR,li1,117.5300,68.0000,1.799851
FILLER_20_222,VPWR,li1,108.3300,68.0000,1.799853
FILLER_20_210,VPWR,li1,104.8800,68.0000,1.799854
FILLER_20_205,VPWR,li1,100.2800,68.0000,1.799855
FILLER_20_197,VPWR,li1,97.9800,68.0000,1.799855
FILLER_20_193,VPWR,li1,94.9900,68.0000,1.799857
FILLER_20_185,VPWR,li1,92.4600,68.0000,1.799858
FILLER_20_169,VPWR,li1,83.9500,68.0000,1.799863
FILLER_20_157,VPWR,li1,80.5000,68.0000,1.799865
FILLER_20_149,VPWR,li1,74.2900,68.0000,1.799871
FILLER_20_145,VPWR,li1,73.1400,68.0000,1.799871
FILLER_20_138,VPWR,li1,69.4600,68.0000,1.799874
FILLER_20_132,VPWR,li1,66.7000,68.0000,1.799877
FILLER_20_124,VPWR,li1,64.4000,68.0000,1.799879
FILLER_20_117,VPWR,li1,59.5700,68.0000,1.799884
FILLER_20_109,VPWR,li1,57.5000,68.0000,1.799888
FILLER_20_92,VPWR,li1,48.7600,68.0000,1.799900
FILLER_20_77,VPWR,li1,41.1700,68.0000,1.799919
FILLER_20_67,VPWR,li1,37.2600,68.0000,1.799925
FILLER_20_49,VPWR,li1,28.9800,68.0000,1.799946
FILLER_20_29,VPWR,li1,19.3200,68.0000,1.799961
FILLER_20_25,VPWR,li1,17.7100,68.0000,1.799961
FILLER_20_21,VPWR,li1,15.4100,68.0000,1.799959
FILLER_20_15,VPWR,li1,13.8000,68.0000,1.799959
FILLER_20_3,VPWR,li1,9.6600,68.0000,1.799959
FILLER_19_694,VPWR,li1,325.2200,62.5600,1.799519
FILLER_19_671,VPWR,li1,314.4100,62.5600,1.799527
FILLER_19_661,VPWR,li1,310.0400,62.5600,1.799532
FILLER_19_638,VPWR,li1,299.6900,62.5600,1.799548
FILLER_19_621,VPWR,li1,291.4100,62.5600,1.799560
FILLER_19_617,VPWR,li1,290.2600,62.5600,1.799566
FILLER_19_615,VPWR,li1,288.6500,62.5600,1.799566
FILLER_19_603,VPWR,li1,285.6600,62.5600,1.799572
FILLER_19_593,VPWR,li1,279.6800,62.5600,1.799585
FILLER_19_585,VPWR,li1,274.8500,62.5600,1.799600
FILLER_19_559,VPWR,li1,262.8900,62.5600,1.799634
FILLER_19_553,VPWR,li1,261.2800,62.5600,1.799634
FILLER_19_541,VPWR,li1,257.1400,62.5600,1.799647
FILLER_19_529,VPWR,li1,251.6200,62.5600,1.799669
FILLER_19_517,VPWR,li1,246.1000,62.5600,1.799685
FILLER_19_505,VPWR,li1,240.5800,62.5600,1.799700
FILLER_19_503,VPWR,li1,237.1300,62.5600,1.799712
FILLER_19_499,VPWR,li1,235.9800,62.5600,1.799718
FILLER_19_487,VPWR,li1,232.3000,62.5600,1.799729
FILLER_19_475,VPWR,li1,226.7800,62.5600,1.799747
FILLER_19_465,VPWR,li1,220.3400,62.5600,1.799768
FILLER_19_449,VPWR,li1,212.5200,62.5600,1.799797
FILLER_19_444,VPWR,li1,210.6800,62.5600,1.799804
FILLER_19_431,VPWR,li1,204.4700,62.5600,1.799828
FILLER_19_423,VPWR,li1,201.9400,62.5600,1.799838
FILLER_19_417,VPWR,li1,197.5700,62.5600,1.799858
FILLER_19_405,VPWR,li1,194.5800,62.5600,1.799867
FILLER_19_393,VPWR,li1,189.0600,62.5600,1.799889
FILLER_19_391,VPWR,li1,185.6100,62.5600,1.799909
FILLER_19_385,VPWR,li1,184.0000,62.5600,1.799909
FILLER_19_373,VPWR,li1,179.8600,62.5600,1.799925
FILLER_19_361,VPWR,li1,174.3400,62.5600,1.799947
FILLER_19_349,VPWR,li1,168.8200,62.5600,1.799938
FILLER_19_337,VPWR,li1,163.3000,62.5600,1.799932
FILLER_19_335,VPWR,li1,159.8500,62.5600,1.799928
FILLER_19_323,VPWR,li1,156.8600,62.5600,1.799924
FILLER_19_311,VPWR,li1,151.3400,62.5600,1.799915
FILLER_19_299,VPWR,li1,145.8200,62.5600,1.799910
FILLER_19_289,VPWR,li1,139.1500,62.5600,1.799901
FILLER_19_281,VPWR,li1,136.6200,62.5600,1.799898
FILLER_19_276,VPWR,li1,133.4000,62.5600,1.799896
FILLER_19_254,VPWR,li1,125.1200,62.5600,1.799891
FILLER_19_244,VPWR,li1,118.4500,62.5600,1.799887
FILLER_19_232,VPWR,li1,115.0000,62.5600,1.799886
FILLER_19_221,VPWR,li1,107.8700,62.5600,1.799884
FILLER_19_208,VPWR,li1,101.8900,62.5600,1.799883
FILLER_19_200,VPWR,li1,99.3600,62.5600,1.799884
FILLER_19_176,VPWR,li1,88.3200,62.5600,1.799887
FILLER_19_166,VPWR,li1,82.3400,62.5600,1.799892
FILLER_19_158,VPWR,li1,80.0400,62.5600,1.799893
FILLER_19_146,VPWR,li1,75.4400,62.5600,1.799897
FILLER_19_119,VPWR,li1,60.9500,62.5600,1.799913
FILLER_19_113,VPWR,li1,57.9600,62.5600,1.799916
FILLER_19_110,VPWR,li1,56.5800,62.5600,1.799919
FILLER_19_99,VPWR,li1,51.5200,62.5600,1.799927
FILLER_19_87,VPWR,li1,48.3000,62.5600,1.799932
FILLER_19_50,VPWR,li1,28.7500,62.5600,1.799966
FILLER_19_46,VPWR,li1,27.6000,62.5600,1.799966
FILLER_19_35,VPWR,li1,22.3100,62.5600,1.799976
FILLER_19_27,VPWR,li1,19.7800,62.5600,1.799980
FILLER_19_15,VPWR,li1,15.1800,62.5600,1.799980
FILLER_19_3,VPWR,li1,9.6600,62.5600,1.799980
FILLER_18_673,VPWR,li1,316.4800,62.5600,1.799524
FILLER_18_661,VPWR,li1,312.3400,62.5600,1.799529
FILLER_18_657,VPWR,li1,307.9700,62.5600,1.799534
FILLER_18_645,VPWR,li1,304.9800,62.5600,1.799540
FILLER_18_642,VPWR,li1,301.3000,62.5600,1.799543
FILLER_18_630,VPWR,li1,298.0800,62.5600,1.799548
FILLER_18_618,VPWR,li1,292.5600,62.5600,1.799560
FILLER_18_606,VPWR,li1,287.0400,62.5600,1.799572
FILLER_18_589,VPWR,li1,277.3800,62.5600,1.799591
FILLER_18_586,VPWR,li1,275.5400,62.5600,1.799595
FILLER_18_578,VPWR,li1,271.8600,62.5600,1.799605
FILLER_18_573,VPWR,li1,269.3300,62.5600,1.799612
FILLER_18_565,VPWR,li1,267.2600,62.5600,1.799619
FILLER_18_533,VPWR,li1,251.6200,62.5600,1.799669
FILLER_18_531,VPWR,li1,250.0100,62.5600,1.799669
FILLER_18_523,VPWR,li1,246.3300,62.5600,1.799685
FILLER_18_519,VPWR,li1,245.1800,62.5600,1.799685
FILLER_18_506,VPWR,li1,238.7400,62.5600,1.799712
FILLER_18_484,VPWR,li1,229.0800,62.5600,1.799738
FILLER_18_475,VPWR,li1,224.2500,62.5600,1.799760
FILLER_18_470,VPWR,li1,221.9500,62.5600,1.799768
FILLER_18_466,VPWR,li1,220.8000,62.5600,1.799768
FILLER_18_454,VPWR,li1,217.1200,62.5600,1.799780
FILLER_18_444,VPWR,li1,211.1400,62.5600,1.799804
FILLER_18_433,VPWR,li1,205.3900,62.5600,1.799828
FILLER_18_421,VPWR,li1,201.9400,62.5600,1.799838
FILLER_18_419,VPWR,li1,198.4900,62.5600,1.799858
FILLER_18_413,VPWR,li1,196.8800,62.5600,1.799858
FILLER_18_401,VPWR,li1,192.7400,62.5600,1.799874
FILLER_18_389,VPWR,li1,187.2200,62.5600,1.799901
FILLER_18_377,VPWR,li1,181.7000,62.5600,1.799918
FILLER_18_365,VPWR,li1,176.1800,62.5600,1.799940
FILLER_18_361,VPWR,li1,172.2700,62.5600,1.799944
FILLER_18_353,VPWR,li1,169.7400,62.5600,1.799941
FILLER_18_341,VPWR,li1,165.1400,62.5600,1.799935
FILLER_18_329,VPWR,li1,159.6200,62.5600,1.799928
FILLER_18_317,VPWR,li1,154.1000,62.5600,1.799920
FILLER_18_309,VPWR,li1,147.8900,62.5600,1.799912
FILLER_18_304,VPWR,li1,146.2800,62.5600,1.799910
FILLER_18_292,VPWR,li1,142.6000,62.5600,1.799904
FILLER_18_279,VPWR,li1,135.2400,62.5600,1.799898
FILLER_18_265,VPWR,li1,128.3400,62.5600,1.799893
FILLER_18_253,VPWR,li1,124.6600,62.5600,1.799891
FILLER_18_250,VPWR,li1,120.9800,62.5600,1.799888
FILLER_18_244,VPWR,li1,118.4500,62.5600,1.799887
FILLER_18_232,VPWR,li1,115.0000,62.5600,1.799886
FILLER_18_220,VPWR,li1,109.4800,62.5600,1.799884
FILLER_18_212,VPWR,li1,103.2700,62.5600,1.799883
FILLER_18_200,VPWR,li1,100.2800,62.5600,1.799884
FILLER_18_194,VPWR,li1,95.2200,62.5600,1.799884
FILLER_18_184,VPWR,li1,91.5400,62.5600,1.799886
FILLER_18_172,VPWR,li1,87.4000,62.5600,1.799887
FILLER_18_165,VPWR,li1,82.1100,62.5600,1.799892
FILLER_18_149,VPWR,li1,74.2900,62.5600,1.799897
FILLER_18_141,VPWR,li1,72.2200,62.5600,1.799900
FILLER_18_137,VPWR,li1,69.2300,62.5600,1.799903
FILLER_18_115,VPWR,li1,58.8800,62.5600,1.799916
FILLER_18_109,VPWR,li1,56.1200,62.5600,1.799919
FILLER_18_97,VPWR,li1,50.8300,62.5600,1.799927
FILLER_18_85,VPWR,li1,47.3800,62.5600,1.799932
FILLER_18_83,VPWR,li1,43.9300,62.5600,1.799940
FILLER_18_71,VPWR,li1,40.9400,62.5600,1.799944
FILLER_18_66,VPWR,li1,36.1100,62.5600,1.799953
FILLER_18_60,VPWR,li1,34.5000,62.5600,1.799953
FILLER_18_50,VPWR,li1,28.7500,62.5600,1.799966
FILLER_18_46,VPWR,li1,27.6000,62.5600,1.799966
FILLER_18_35,VPWR,li1,21.8500,62.5600,1.799980
FILLER_18_29,VPWR,li1,20.2400,62.5600,1.799980
FILLER_18_27,VPWR,li1,18.1700,62.5600,1.799980
FILLER_18_15,VPWR,li1,15.1800,62.5600,1.799980
FILLER_18_3,VPWR,li1,9.6600,62.5600,1.799980
FILLER_17_673,VPWR,li1,315.7900,57.1200,1.799323
FILLER_17_668,VPWR,li1,313.7200,57.1200,1.799324
FILLER_17_659,VPWR,li1,308.8900,57.1200,1.799330
FILLER_17_655,VPWR,li1,307.0500,57.1200,1.799332
FILLER_17_649,VPWR,li1,305.4400,57.1200,1.799335
FILLER_17_624,VPWR,li1,294.4000,57.1200,1.799351
FILLER_17_617,VPWR,li1,289.8000,57.1200,1.799362
FILLER_17_612,VPWR,li1,287.9600,57.1200,1.799366
FILLER_17_606,VPWR,li1,284.7400,57.1200,1.799373
FILLER_17_598,VPWR,li1,282.4400,57.1200,1.799380
FILLER_17_586,VPWR,li1,277.8400,57.1200,1.799400
FILLER_17_574,VPWR,li1,272.3200,57.1200,1.799412
FILLER_17_558,VPWR,li1,262.6600,57.1200,1.799450
FILLER_17_540,VPWR,li1,254.1500,57.1200,1.799482
FILLER_17_528,VPWR,li1,251.1600,57.1200,1.799498
FILLER_17_520,VPWR,li1,244.9500,57.1200,1.799519
FILLER_17_512,VPWR,li1,242.8800,57.1200,1.799528
FILLER_17_505,VPWR,li1,238.5100,57.1200,1.799549
FILLER_17_501,VPWR,li1,236.6700,57.1200,1.799557
FILLER_17_493,VPWR,li1,234.1400,57.1200,1.799570
FILLER_17_484,VPWR,li1,228.6200,57.1200,1.799597
FILLER_17_466,VPWR,li1,221.2600,57.1200,1.799633
FILLER_17_459,VPWR,li1,216.8900,57.1200,1.799665
FILLER_17_447,VPWR,li1,211.3700,57.1200,1.799696
FILLER_17_441,VPWR,li1,209.7600,57.1200,1.799696
FILLER_17_429,VPWR,li1,205.6200,57.1200,1.799719
FILLER_17_417,VPWR,li1,200.1000,57.1200,1.799756
FILLER_17_405,VPWR,li1,194.5800,57.1200,1.799781
FILLER_17_393,VPWR,li1,189.0600,57.1200,1.799812
FILLER_17_391,VPWR,li1,185.6100,57.1200,1.799840
FILLER_17_385,VPWR,li1,184.0000,57.1200,1.799840
FILLER_17_373,VPWR,li1,179.8600,57.1200,1.799863
FILLER_17_361,VPWR,li1,174.3400,57.1200,1.799875
FILLER_17_349,VPWR,li1,168.8200,57.1200,1.799851
FILLER_17_337,VPWR,li1,163.3000,57.1200,1.799820
FILLER_17_335,VPWR,li1,159.8500,57.1200,1.799801
FILLER_17_327,VPWR,li1,157.7800,57.1200,1.799789
FILLER_17_299,VPWR,li1,144.4400,57.1200,1.799715
FILLER_17_281,VPWR,li1,136.6200,57.1200,1.799675
FILLER_17_279,VPWR,li1,134.0900,57.1200,1.799655
FILLER_17_275,VPWR,li1,132.9400,57.1200,1.799655
FILLER_17_271,VPWR,li1,130.4100,57.1200,1.799644
FILLER_17_259,VPWR,li1,127.4200,57.1200,1.799626
FILLER_17_246,VPWR,li1,119.3700,57.1200,1.799640
FILLER_17_238,VPWR,li1,116.8400,57.1200,1.799645
FILLER_17_225,VPWR,li1,110.4000,57.1200,1.799657
FILLER_17_223,VPWR,li1,108.3300,57.1200,1.799662
FILLER_17_215,VPWR,li1,106.2600,57.1200,1.799667
FILLER_17_207,VPWR,li1,100.9700,57.1200,1.799679
FILLER_17_199,VPWR,li1,98.9000,57.1200,1.799685
FILLER_17_186,VPWR,li1,91.7700,57.1200,1.799704
FILLER_17_178,VPWR,li1,89.2400,57.1200,1.799711
FILLER_17_166,VPWR,li1,82.3400,57.1200,1.799732
FILLER_17_154,VPWR,li1,79.1200,57.1200,1.799743
FILLER_17_144,VPWR,li1,72.4500,57.1200,1.799762
FILLER_17_136,VPWR,li1,69.9200,57.1200,1.799771
FILLER_17_125,VPWR,li1,64.4000,57.1200,1.799789
FILLER_17_113,VPWR,li1,60.2600,57.1200,1.799805
FILLER_17_84,VPWR,li1,44.8500,57.1200,1.799863
FILLER_17_77,VPWR,li1,41.4000,57.1200,1.799872
FILLER_17_69,VPWR,li1,38.1800,57.1200,1.799891
FILLER_17_57,VPWR,li1,34.5000,57.1200,1.799902
FILLER_17_55,VPWR,li1,31.0500,57.1200,1.799914
FILLER_17_47,VPWR,li1,28.9800,57.1200,1.799926
FILLER_17_15,VPWR,li1,15.1800,57.1200,1.799956
FILLER_17_3,VPWR,li1,9.6600,57.1200,1.799956
FILLER_16_694,VPWR,li1,325.2200,57.1200,1.799319
FILLER_16_679,VPWR,li1,318.3200,57.1200,1.799321
FILLER_16_660,VPWR,li1,309.8100,57.1200,1.799330
FILLER_16_652,VPWR,li1,307.2800,57.1200,1.799332
FILLER_16_637,VPWR,li1,298.7700,57.1200,1.799346
FILLER_16_616,VPWR,li1,289.3400,57.1200,1.799362
FILLER_16_608,VPWR,li1,285.4300,57.1200,1.799373
FILLER_16_593,VPWR,li1,278.5300,57.1200,1.799392
FILLER_16_589,VPWR,li1,277.3800,57.1200,1.799400
FILLER_16_571,VPWR,li1,268.4100,57.1200,1.799425
FILLER_16_559,VPWR,li1,265.4200,57.1200,1.799435
FILLER_16_545,VPWR,li1,258.0600,57.1200,1.799462
FILLER_16_533,VPWR,li1,253.4600,57.1200,1.799482
FILLER_16_530,VPWR,li1,249.7800,57.1200,1.799498
FILLER_16_518,VPWR,li1,246.5600,57.1200,1.799519
FILLER_16_514,VPWR,li1,242.1900,57.1200,1.799537
FILLER_16_503,VPWR,li1,237.1300,57.1200,1.799557
FILLER_16_477,VPWR,li1,226.7800,57.1200,1.799606
FILLER_16_472,VPWR,li1,223.5600,57.1200,1.799622
FILLER_16_445,VPWR,li1,211.1400,57.1200,1.799696
FILLER_16_433,VPWR,li1,207.4600,57.1200,1.799709
FILLER_16_421,VPWR,li1,201.9400,57.1200,1.799740
FILLER_16_419,VPWR,li1,198.4900,57.1200,1.799768
FILLER_16_413,VPWR,li1,196.8800,57.1200,1.799768
FILLER_16_401,VPWR,li1,192.7400,57.1200,1.799791
FILLER_16_389,VPWR,li1,187.2200,57.1200,1.799828
FILLER_16_377,VPWR,li1,181.7000,57.1200,1.799853
FILLER_16_365,VPWR,li1,176.1800,57.1200,1.799888
FILLER_16_363,VPWR,li1,172.7300,57.1200,1.799864
FILLER_16_357,VPWR,li1,171.1200,57.1200,1.799864
FILLER_16_345,VPWR,li1,166.9800,57.1200,1.799841
FILLER_16_333,VPWR,li1,161.4600,57.1200,1.799801
FILLER_16_321,VPWR,li1,155.9400,57.1200,1.799775
FILLER_16_309,VPWR,li1,150.4200,57.1200,1.799747
FILLER_16_302,VPWR,li1,145.8200,57.1200,1.799715
FILLER_16_291,VPWR,li1,139.6100,57.1200,1.799690
FILLER_16_285,VPWR,li1,138.0000,57.1200,1.799675
FILLER_16_223,VPWR,li1,109.9400,57.1200,1.799662
FILLER_16_209,VPWR,li1,101.8900,57.1200,1.799679
FILLER_16_197,VPWR,li1,98.9000,57.1200,1.799685
FILLER_16_194,VPWR,li1,95.2200,57.1200,1.799698
FILLER_16_184,VPWR,li1,90.8500,57.1200,1.799711
FILLER_16_176,VPWR,li1,88.3200,57.1200,1.799718
FILLER_16_171,VPWR,li1,84.4100,57.1200,1.799725
FILLER_16_165,VPWR,li1,82.8000,57.1200,1.799732
FILLER_16_153,VPWR,li1,78.6600,57.1200,1.799743
FILLER_16_141,VPWR,li1,73.1400,57.1200,1.799762
FILLER_16_139,VPWR,li1,69.6900,57.1200,1.799771
FILLER_16_122,VPWR,li1,61.8700,57.1200,1.799798
FILLER_16_114,VPWR,li1,59.8000,57.1200,1.799805
FILLER_16_102,VPWR,li1,55.2000,57.1200,1.799821
FILLER_16_97,VPWR,li1,50.3700,57.1200,1.799845
FILLER_16_85,VPWR,li1,47.3800,57.1200,1.799853
FILLER_16_83,VPWR,li1,43.9300,57.1200,1.799863
FILLER_16_74,VPWR,li1,40.0200,57.1200,1.799883
FILLER_16_64,VPWR,li1,35.1900,57.1200,1.799902
FILLER_16_60,VPWR,li1,34.0400,57.1200,1.799902
FILLER_16_44,VPWR,li1,25.9900,57.1200,1.799939
FILLER_16_29,VPWR,li1,19.3200,57.1200,1.799956
FILLER_16_27,VPWR,li1,18.1700,57.1200,1.799956
FILLER_16_15,VPWR,li1,15.1800,57.1200,1.799956
FILLER_16_3,VPWR,li1,9.6600,57.1200,1.799956
FILLER_15_695,VPWR,li1,325.4500,51.6800,1.799564
FILLER_15_689,VPWR,li1,323.8400,51.6800,1.799564
FILLER_15_661,VPWR,li1,310.2700,51.6800,1.799569
FILLER_15_654,VPWR,li1,307.2800,51.6800,1.799570
FILLER_15_629,VPWR,li1,297.6200,51.6800,1.799578
FILLER_15_617,VPWR,li1,292.1000,51.6800,1.799587
FILLER_15_615,VPWR,li1,288.6500,51.6800,1.799595
FILLER_15_609,VPWR,li1,287.0400,51.6800,1.799595
FILLER_15_595,VPWR,li1,281.0600,51.6800,1.799605
FILLER_15_573,VPWR,li1,269.7900,51.6800,1.799625
FILLER_15_565,VPWR,li1,267.2600,51.6800,1.799630
FILLER_15_557,VPWR,li1,262.4300,51.6800,1.799643
FILLER_15_547,VPWR,li1,258.5200,51.6800,1.799649
FILLER_15_530,VPWR,li1,249.5500,51.6800,1.799676
FILLER_15_503,VPWR,li1,237.1300,51.6800,1.799711
FILLER_15_495,VPWR,li1,235.0600,51.6800,1.799718
FILLER_15_483,VPWR,li1,228.1600,51.6800,1.799741
FILLER_15_475,VPWR,li1,225.8600,51.6800,1.799749
FILLER_15_465,VPWR,li1,219.6500,51.6800,1.799775
FILLER_15_461,VPWR,li1,218.5000,51.6800,1.799775
FILLER_15_449,VPWR,li1,214.8200,51.6800,1.799788
FILLER_15_447,VPWR,li1,211.3700,51.6800,1.799806
FILLER_15_441,VPWR,li1,209.7600,51.6800,1.799806
FILLER_15_429,VPWR,li1,205.6200,51.6800,1.799821
FILLER_15_417,VPWR,li1,200.1000,51.6800,1.799845
FILLER_15_405,VPWR,li1,194.5800,51.6800,1.799861
FILLER_15_393,VPWR,li1,189.0600,51.6800,1.799881
FILLER_15_391,VPWR,li1,185.6100,51.6800,1.799899
FILLER_15_385,VPWR,li1,184.0000,51.6800,1.799899
FILLER_15_373,VPWR,li1,179.8600,51.6800,1.799914
FILLER_15_361,VPWR,li1,174.3400,51.6800,1.799933
FILLER_15_349,VPWR,li1,168.8200,51.6800,1.799917
FILLER_15_337,VPWR,li1,163.3000,51.6800,1.799900
FILLER_15_335,VPWR,li1,159.8500,51.6800,1.799884
FILLER_15_329,VPWR,li1,158.2400,51.6800,1.799884
FILLER_15_299,VPWR,li1,145.8200,51.6800,1.799854
FILLER_15_287,VPWR,li1,140.3000,51.6800,1.799844
FILLER_15_279,VPWR,li1,134.0900,51.6800,1.799834
FILLER_15_270,VPWR,li1,130.4100,51.6800,1.799832
FILLER_15_262,VPWR,li1,127.8800,51.6800,1.799829
FILLER_15_244,VPWR,li1,119.6000,51.6800,1.799821
FILLER_15_237,VPWR,li1,115.2300,51.6800,1.799818
FILLER_15_225,VPWR,li1,111.7800,51.6800,1.799816
FILLER_15_209,VPWR,li1,102.3500,51.6800,1.799811
FILLER_15_201,VPWR,li1,99.8200,51.6800,1.799811
FILLER_15_176,VPWR,li1,89.2400,51.6800,1.799812
FILLER_15_164,VPWR,li1,81.8800,51.6800,1.799816
FILLER_15_145,VPWR,li1,72.9100,51.6800,1.799826
FILLER_15_137,VPWR,li1,70.3800,51.6800,1.799828
FILLER_15_129,VPWR,li1,65.0900,51.6800,1.799833
FILLER_15_98,VPWR,li1,52.4400,51.6800,1.799861
FILLER_15_86,VPWR,li1,47.8400,51.6800,1.799877
FILLER_15_75,VPWR,li1,41.8600,51.6800,1.799894
FILLER_15_63,VPWR,li1,37.2600,51.6800,1.799905
FILLER_15_51,VPWR,li1,29.2100,51.6800,1.799930
FILLER_15_39,VPWR,li1,26.2200,51.6800,1.799940
FILLER_15_27,VPWR,li1,20.7000,51.6800,1.799959
FILLER_15_15,VPWR,li1,15.1800,51.6800,1.799959
FILLER_15_3,VPWR,li1,9.6600,51.6800,1.799959
FILLER_14_672,VPWR,li1,315.5600,51.6800,1.799566
FILLER_14_663,VPWR,li1,310.7300,51.6800,1.799569
FILLER_14_657,VPWR,li1,309.1200,51.6800,1.799569
FILLER_14_645,VPWR,li1,304.9800,51.6800,1.799571
FILLER_14_625,VPWR,li1,293.7100,51.6800,1.799587
FILLER_14_613,VPWR,li1,290.2600,51.6800,1.799592
FILLER_14_601,VPWR,li1,284.7400,51.6800,1.799600
FILLER_14_589,VPWR,li1,279.2200,51.6800,1.799608
FILLER_14_587,VPWR,li1,275.7700,51.6800,1.799614
FILLER_14_582,VPWR,li1,273.4700,51.6800,1.799618
FILLER_14_574,VPWR,li1,271.4000,51.6800,1.799625
FILLER_14_546,VPWR,li1,258.5200,51.6800,1.799649
FILLER_14_533,VPWR,li1,250.9300,51.6800,1.799670
FILLER_14_531,VPWR,li1,250.0100,51.6800,1.799676
FILLER_14_525,VPWR,li1,248.4000,51.6800,1.799676
FILLER_14_509,VPWR,li1,241.0400,51.6800,1.799702
FILLER_14_500,VPWR,li1,236.2100,51.6800,1.799718
FILLER_14_492,VPWR,li1,233.6800,51.6800,1.799727
FILLER_14_469,VPWR,li1,221.4900,51.6800,1.799766
FILLER_14_457,VPWR,li1,218.5000,51.6800,1.799775
FILLER_14_445,VPWR,li1,212.9800,51.6800,1.799799
FILLER_14_433,VPWR,li1,207.4600,51.6800,1.799814
FILLER_14_421,VPWR,li1,201.9400,51.6800,1.799834
FILLER_14_419,VPWR,li1,198.4900,51.6800,1.799852
FILLER_14_413,VPWR,li1,196.8800,51.6800,1.799852
FILLER_14_401,VPWR,li1,192.7400,51.6800,1.799867
FILLER_14_389,VPWR,li1,187.2200,51.6800,1.799891
FILLER_14_377,VPWR,li1,181.7000,51.6800,1.799907
FILLER_14_365,VPWR,li1,176.1800,51.6800,1.799927
FILLER_14_362,VPWR,li1,172.5000,51.6800,1.799928
FILLER_14_354,VPWR,li1,170.2000,51.6800,1.799917
FILLER_14_342,VPWR,li1,165.6000,51.6800,1.799907
FILLER_14_330,VPWR,li1,160.0800,51.6800,1.799890
FILLER_14_309,VPWR,li1,148.1200,51.6800,1.799857
FILLER_14_280,VPWR,li1,136.1600,51.6800,1.799837
FILLER_14_265,VPWR,li1,130.1800,51.6800,1.799832
FILLER_14_253,VPWR,li1,124.6600,51.6800,1.799824
FILLER_14_251,VPWR,li1,121.2100,51.6800,1.799823
FILLER_14_243,VPWR,li1,119.1400,51.6800,1.799821
FILLER_14_228,VPWR,li1,112.2400,51.6800,1.799816
FILLER_14_216,VPWR,li1,107.6400,51.6800,1.799814
FILLER_14_204,VPWR,li1,102.1200,51.6800,1.799811
FILLER_14_193,VPWR,li1,94.9900,51.6800,1.799811
FILLER_14_181,VPWR,li1,91.5400,51.6800,1.799812
FILLER_14_167,VPWR,li1,82.5700,51.6800,1.799816
FILLER_14_159,VPWR,li1,80.5000,51.6800,1.799818
FILLER_14_147,VPWR,li1,75.9000,51.6800,1.799822
FILLER_14_139,VPWR,li1,69.6900,51.6800,1.799828
FILLER_14_128,VPWR,li1,65.3200,51.6800,1.799833
FILLER_14_97,VPWR,li1,52.9000,51.6800,1.799861
FILLER_14_85,VPWR,li1,44.8500,51.6800,1.799883
FILLER_14_76,VPWR,li1,40.7100,51.6800,1.799894
FILLER_14_68,VPWR,li1,38.6400,51.6800,1.799905
FILLER_14_56,VPWR,li1,34.0400,51.6800,1.799915
FILLER_14_45,VPWR,li1,27.1400,51.6800,1.799940
FILLER_14_23,VPWR,li1,16.5600,51.6800,1.799959
FILLER_14_15,VPWR,li1,14.2600,51.6800,1.799959
FILLER_14_3,VPWR,li1,9.6600,51.6800,1.799959
FILLER_13_694,VPWR,li1,326.1400,46.2400,1.798900
FILLER_13_666,VPWR,li1,313.2600,46.2400,1.798909
FILLER_13_608,VPWR,li1,285.4300,46.2400,1.799053
FILLER_13_602,VPWR,li1,283.8200,46.2400,1.799067
FILLER_13_596,VPWR,li1,280.1400,46.2400,1.799093
FILLER_13_584,VPWR,li1,276.9200,46.2400,1.799111
FILLER_13_573,VPWR,li1,270.0200,46.2400,1.799159
FILLER_13_561,VPWR,li1,265.4200,46.2400,1.799194
FILLER_13_557,VPWR,li1,262.4300,46.2400,1.799216
FILLER_13_545,VPWR,li1,258.9800,46.2400,1.799236
FILLER_13_532,VPWR,li1,250.9300,46.2400,1.799307
FILLER_13_520,VPWR,li1,247.4800,46.2400,1.799322
FILLER_13_515,VPWR,li1,242.6500,46.2400,1.799371
FILLER_13_509,VPWR,li1,241.0400,46.2400,1.799371
FILLER_13_503,VPWR,li1,237.1300,46.2400,1.799412
FILLER_13_492,VPWR,li1,233.2200,46.2400,1.799432
FILLER_13_461,VPWR,li1,220.3400,46.2400,1.799537
FILLER_13_449,VPWR,li1,214.8200,46.2400,1.799578
FILLER_13_447,VPWR,li1,211.3700,46.2400,1.799619
FILLER_13_441,VPWR,li1,209.7600,46.2400,1.799619
FILLER_13_429,VPWR,li1,205.6200,46.2400,1.799652
FILLER_13_417,VPWR,li1,200.1000,46.2400,1.799706
FILLER_13_405,VPWR,li1,194.5800,46.2400,1.799741
FILLER_13_393,VPWR,li1,189.0600,46.2400,1.799786
FILLER_13_391,VPWR,li1,185.6100,46.2400,1.799814
FILLER_13_379,VPWR,li1,182.6200,46.2400,1.799842
FILLER_13_367,VPWR,li1,177.1000,46.2400,1.799896
FILLER_13_355,VPWR,li1,171.5800,46.2400,1.799885
FILLER_13_344,VPWR,li1,165.6000,46.2400,1.799872
FILLER_13_334,VPWR,li1,159.6200,46.2400,1.799859
FILLER_13_325,VPWR,li1,155.2500,46.2400,1.799851
FILLER_13_313,VPWR,li1,149.7300,46.2400,1.799844
FILLER_13_301,VPWR,li1,146.7400,46.2400,1.799839
FILLER_13_289,VPWR,li1,141.2200,46.2400,1.799831
FILLER_13_278,VPWR,li1,133.8600,46.2400,1.799821
FILLER_13_270,VPWR,li1,131.5600,46.2400,1.799817
FILLER_13_249,VPWR,li1,121.9000,46.2400,1.799811
FILLER_13_233,VPWR,li1,113.3900,46.2400,1.799806
FILLER_13_225,VPWR,li1,110.8600,46.2400,1.799805
FILLER_13_223,VPWR,li1,108.3300,46.2400,1.799805
FILLER_13_219,VPWR,li1,106.4900,46.2400,1.799804
FILLER_13_211,VPWR,li1,104.4200,46.2400,1.799805
FILLER_13_199,VPWR,li1,99.8200,46.2400,1.799805
FILLER_13_195,VPWR,li1,95.4500,46.2400,1.799806
FILLER_13_189,VPWR,li1,93.8400,46.2400,1.799806
FILLER_13_181,VPWR,li1,89.7000,46.2400,1.799808
FILLER_13_169,VPWR,li1,86.0200,46.2400,1.799811
FILLER_13_166,VPWR,li1,82.3400,46.2400,1.799813
FILLER_13_158,VPWR,li1,80.0400,46.2400,1.799815
FILLER_13_150,VPWR,li1,74.7500,46.2400,1.799825
FILLER_13_144,VPWR,li1,73.1400,46.2400,1.799825
FILLER_13_139,VPWR,li1,69.6900,46.2400,1.799835
FILLER_13_133,VPWR,li1,68.0800,46.2400,1.799835
FILLER_13_121,VPWR,li1,63.9400,46.2400,1.799844
FILLER_13_113,VPWR,li1,57.7300,46.2400,1.799860
FILLER_13_111,VPWR,li1,56.8100,46.2400,1.799860
FILLER_13_103,VPWR,li1,54.7400,46.2400,1.799865
FILLER_13_90,VPWR,li1,47.1500,46.2400,1.799885
FILLER_13_78,VPWR,li1,44.1600,46.2400,1.799895
FILLER_13_64,VPWR,li1,35.1900,46.2400,1.799919
FILLER_13_50,VPWR,li1,29.9000,46.2400,1.799936
FILLER_13_33,VPWR,li1,20.9300,46.2400,1.799966
FILLER_13_27,VPWR,li1,19.3200,46.2400,1.799966
FILLER_13_15,VPWR,li1,15.1800,46.2400,1.799966
FILLER_13_3,VPWR,li1,9.6600,46.2400,1.799966
FILLER_12_661,VPWR,li1,310.5000,46.2400,1.798926
FILLER_12_639,VPWR,li1,299.9200,46.2400,1.798970
FILLER_12_631,VPWR,li1,297.6200,46.2400,1.798982
FILLER_12_624,VPWR,li1,292.7900,46.2400,1.799019
FILLER_12_603,VPWR,li1,283.3600,46.2400,1.799067
FILLER_12_595,VPWR,li1,279.4500,46.2400,1.799093
FILLER_12_589,VPWR,li1,277.8400,46.2400,1.799111
FILLER_12_584,VPWR,li1,275.0800,46.2400,1.799124
FILLER_12_560,VPWR,li1,264.9600,46.2400,1.799194
FILLER_12_524,VPWR,li1,247.4800,46.2400,1.799322
FILLER_12_517,VPWR,li1,243.5700,46.2400,1.799352
FILLER_12_513,VPWR,li1,242.4200,46.2400,1.799371
FILLER_12_501,VPWR,li1,238.7400,46.2400,1.799398
FILLER_12_489,VPWR,li1,233.2200,46.2400,1.799432
FILLER_12_477,VPWR,li1,225.1700,46.2400,1.799495
FILLER_12_475,VPWR,li1,224.2500,46.2400,1.799511
FILLER_12_465,VPWR,li1,219.8800,46.2400,1.799537
FILLER_12_457,VPWR,li1,217.5800,46.2400,1.799555
FILLER_12_445,VPWR,li1,212.9800,46.2400,1.799602
FILLER_12_433,VPWR,li1,207.4600,46.2400,1.799637
FILLER_12_421,VPWR,li1,201.9400,46.2400,1.799682
FILLER_12_412,VPWR,li1,196.8800,46.2400,1.799723
FILLER_12_400,VPWR,li1,192.2800,46.2400,1.799760
FILLER_12_388,VPWR,li1,186.7600,46.2400,1.799814
FILLER_12_377,VPWR,li1,179.6300,46.2400,1.799862
FILLER_12_365,VPWR,li1,176.1800,46.2400,1.799896
FILLER_12_363,VPWR,li1,172.7300,46.2400,1.799890
FILLER_12_355,VPWR,li1,170.6600,46.2400,1.799885
FILLER_12_325,VPWR,li1,155.2500,46.2400,1.799851
FILLER_12_321,VPWR,li1,154.1000,46.2400,1.799851
FILLER_12_309,VPWR,li1,150.4200,46.2400,1.799844
FILLER_12_306,VPWR,li1,146.7400,46.2400,1.799839
FILLER_12_298,VPWR,li1,144.4400,46.2400,1.799836
FILLER_12_278,VPWR,li1,133.6300,46.2400,1.799819
FILLER_12_272,VPWR,li1,132.0200,46.2400,1.799819
FILLER_12_253,VPWR,li1,122.8200,46.2400,1.799811
FILLER_12_246,VPWR,li1,120.0600,46.2400,1.799809
FILLER_12_234,VPWR,li1,115.9200,46.2400,1.799807
FILLER_12_211,VPWR,li1,103.2700,46.2400,1.799805
FILLER_12_197,VPWR,li1,96.6000,46.2400,1.799806
FILLER_12_171,VPWR,li1,84.4100,46.2400,1.799811
FILLER_12_141,VPWR,li1,71.3000,46.2400,1.799831
FILLER_12_138,VPWR,li1,69.4600,46.2400,1.799835
FILLER_12_126,VPWR,li1,66.2400,46.2400,1.799839
FILLER_12_111,VPWR,li1,57.0400,46.2400,1.799860
FILLER_12_103,VPWR,li1,54.7400,46.2400,1.799865
FILLER_12_97,VPWR,li1,50.6000,46.2400,1.799880
FILLER_12_85,VPWR,li1,47.3800,46.2400,1.799885
FILLER_12_81,VPWR,li1,43.4700,46.2400,1.799895
FILLER_12_63,VPWR,li1,37.2600,46.2400,1.799913
FILLER_12_59,VPWR,li1,32.8900,46.2400,1.799926
FILLER_12_53,VPWR,li1,31.2800,46.2400,1.799936
FILLER_12_41,VPWR,li1,27.1400,46.2400,1.799945
FILLER_12_29,VPWR,li1,21.6200,46.2400,1.799966
FILLER_12_27,VPWR,li1,18.1700,46.2400,1.799966
FILLER_12_15,VPWR,li1,15.1800,46.2400,1.799966
FILLER_12_3,VPWR,li1,9.6600,46.2400,1.799966
FILLER_11_695,VPWR,li1,325.4500,40.8000,1.799457
FILLER_11_689,VPWR,li1,323.8400,40.8000,1.799457
FILLER_11_662,VPWR,li1,310.2700,40.8000,1.799464
FILLER_11_658,VPWR,li1,309.1200,40.8000,1.799464
FILLER_11_653,VPWR,li1,306.3600,40.8000,1.799467
FILLER_11_641,VPWR,li1,303.1400,40.8000,1.799470
FILLER_11_629,VPWR,li1,297.6200,40.8000,1.799479
FILLER_11_617,VPWR,li1,292.1000,40.8000,1.799488
FILLER_11_615,VPWR,li1,288.6500,40.8000,1.799496
FILLER_11_607,VPWR,li1,286.5800,40.8000,1.799500
FILLER_11_593,VPWR,li1,278.5300,40.8000,1.799519
FILLER_11_581,VPWR,li1,275.5400,40.8000,1.799525
FILLER_11_567,VPWR,li1,266.5700,40.8000,1.799549
FILLER_11_561,VPWR,li1,264.9600,40.8000,1.799549
FILLER_11_558,VPWR,li1,262.6600,40.8000,1.799557
FILLER_11_546,VPWR,li1,259.4400,40.8000,1.799564
FILLER_11_529,VPWR,li1,251.6200,40.8000,1.799585
FILLER_11_503,VPWR,li1,237.1300,40.8000,1.799634
FILLER_11_497,VPWR,li1,235.5200,40.8000,1.799634
FILLER_11_488,VPWR,li1,230.6900,40.8000,1.799652
FILLER_11_455,VPWR,li1,215.0500,40.8000,1.799707
FILLER_11_449,VPWR,li1,213.4400,40.8000,1.799721
FILLER_11_447,VPWR,li1,211.3700,40.8000,1.799730
FILLER_11_441,VPWR,li1,209.7600,40.8000,1.799730
FILLER_11_429,VPWR,li1,205.6200,40.8000,1.799748
FILLER_11_417,VPWR,li1,200.1000,40.8000,1.799776
FILLER_11_405,VPWR,li1,194.5800,40.8000,1.799795
FILLER_11_393,VPWR,li1,189.0600,40.8000,1.799819
FILLER_11_391,VPWR,li1,185.6100,40.8000,1.799841
FILLER_11_385,VPWR,li1,184.0000,40.8000,1.799841
FILLER_11_373,VPWR,li1,179.8600,40.8000,1.799859
FILLER_11_361,VPWR,li1,174.3400,40.8000,1.799883
FILLER_11_349,VPWR,li1,168.8200,40.8000,1.799830
FILLER_11_337,VPWR,li1,163.3000,40.8000,1.799798
FILLER_11_332,VPWR,li1,159.1600,40.8000,1.799771
FILLER_11_322,VPWR,li1,153.8700,40.8000,1.799740
FILLER_11_281,VPWR,li1,135.4700,40.8000,1.799688
FILLER_11_265,VPWR,li1,128.8000,40.8000,1.799678
FILLER_11_256,VPWR,li1,123.7400,40.8000,1.799669
FILLER_11_235,VPWR,li1,114.3100,40.8000,1.799657
FILLER_11_221,VPWR,li1,107.8700,40.8000,1.799651
FILLER_11_189,VPWR,li1,93.1500,40.8000,1.799646
FILLER_11_175,VPWR,li1,86.2500,40.8000,1.799645
FILLER_11_169,VPWR,li1,84.6400,40.8000,1.799645
FILLER_11_167,VPWR,li1,82.5700,40.8000,1.799645
FILLER_11_159,VPWR,li1,80.5000,40.8000,1.799646
FILLER_11_144,VPWR,li1,71.9900,40.8000,1.799656
FILLER_11_125,VPWR,li1,65.7800,40.8000,1.799679
FILLER_11_113,VPWR,li1,60.2600,40.8000,1.799702
FILLER_11_111,VPWR,li1,56.8100,40.8000,1.799720
FILLER_11_99,VPWR,li1,53.8200,40.8000,1.799731
FILLER_11_88,VPWR,li1,46.9200,40.8000,1.799768
FILLER_11_65,VPWR,li1,36.1100,40.8000,1.799832
FILLER_11_57,VPWR,li1,33.5800,40.8000,1.799844
FILLER_11_55,VPWR,li1,31.0500,40.8000,1.799867
FILLER_11_51,VPWR,li1,29.9000,40.8000,1.799867
FILLER_11_39,VPWR,li1,26.2200,40.8000,1.799896
FILLER_11_27,VPWR,li1,20.7000,40.8000,1.799931
FILLER_11_15,VPWR,li1,15.1800,40.8000,1.799931
FILLER_11_3,VPWR,li1,9.6600,40.8000,1.799931
FILLER_10_696,VPWR,li1,326.6000,40.8000,1.799457
FILLER_10_684,VPWR,li1,322.9200,40.8000,1.799457
FILLER_10_678,VPWR,li1,317.6300,40.8000,1.799457
FILLER_10_670,VPWR,li1,315.5600,40.8000,1.799459
FILLER_10_661,VPWR,li1,309.8100,40.8000,1.799464
FILLER_10_641,VPWR,li1,301.0700,40.8000,1.799473
FILLER_10_621,VPWR,li1,292.1000,40.8000,1.799488
FILLER_10_609,VPWR,li1,288.4200,40.8000,1.799496
FILLER_10_597,VPWR,li1,282.9000,40.8000,1.799507
FILLER_10_582,VPWR,li1,273.4700,40.8000,1.799531
FILLER_10_578,VPWR,li1,272.3200,40.8000,1.799531
FILLER_10_556,VPWR,li1,261.7400,40.8000,1.799557
FILLER_10_533,VPWR,li1,250.9300,40.8000,1.799591
FILLER_10_530,VPWR,li1,249.7800,40.8000,1.799591
FILLER_10_510,VPWR,li1,240.3500,40.8000,1.799620
FILLER_10_502,VPWR,li1,238.2800,40.8000,1.799628
FILLER_10_490,VPWR,li1,233.6800,40.8000,1.799643
FILLER_10_475,VPWR,li1,224.2500,40.8000,1.799672
FILLER_10_463,VPWR,li1,221.2600,40.8000,1.799682
FILLER_10_457,VPWR,li1,216.4300,40.8000,1.799707
FILLER_10_445,VPWR,li1,212.9800,40.8000,1.799721
FILLER_10_433,VPWR,li1,207.4600,40.8000,1.799740
FILLER_10_421,VPWR,li1,201.9400,40.8000,1.799764
FILLER_10_419,VPWR,li1,198.4900,40.8000,1.799785
FILLER_10_413,VPWR,li1,196.8800,40.8000,1.799785
FILLER_10_401,VPWR,li1,192.7400,40.8000,1.799803
FILLER_10_389,VPWR,li1,187.2200,40.8000,1.799832
FILLER_10_377,VPWR,li1,181.7000,40.8000,1.799851
FILLER_10_365,VPWR,li1,176.1800,40.8000,1.799875
FILLER_10_360,VPWR,li1,172.0400,40.8000,1.799866
FILLER_10_348,VPWR,li1,168.3600,40.8000,1.799830
FILLER_10_336,VPWR,li1,162.8400,40.8000,1.799798
FILLER_10_307,VPWR,li1,146.9700,40.8000,1.799712
FILLER_10_289,VPWR,li1,140.3000,40.8000,1.799698
FILLER_10_277,VPWR,li1,135.7000,40.8000,1.799688
FILLER_10_265,VPWR,li1,130.1800,40.8000,1.799678
FILLER_10_253,VPWR,li1,124.6600,40.8000,1.799669
FILLER_10_249,VPWR,li1,120.7500,40.8000,1.799665
FILLER_10_241,VPWR,li1,118.2200,40.8000,1.799662
FILLER_10_226,VPWR,li1,109.9400,40.8000,1.799653
FILLER_10_216,VPWR,li1,105.5700,40.8000,1.799649
FILLER_10_203,VPWR,li1,99.1300,40.8000,1.799647
FILLER_10_197,VPWR,li1,97.5200,40.8000,1.799647
FILLER_10_177,VPWR,li1,87.1700,40.8000,1.799645
FILLER_10_173,VPWR,li1,86.0200,40.8000,1.799645
FILLER_10_160,VPWR,li1,80.9600,40.8000,1.799646
FILLER_10_153,VPWR,li1,76.5900,40.8000,1.799646
FILLER_10_139,VPWR,li1,69.6900,40.8000,1.799668
FILLER_10_135,VPWR,li1,68.5400,40.8000,1.799668
FILLER_10_113,VPWR,li1,58.4200,40.8000,1.799710
FILLER_10_93,VPWR,li1,48.5300,40.8000,1.799757
FILLER_10_85,VPWR,li1,46.4600,40.8000,1.799768
FILLER_10_69,VPWR,li1,37.7200,40.8000,1.799818
FILLER_10_61,VPWR,li1,35.4200,40.8000,1.799832
FILLER_10_47,VPWR,li1,27.3700,40.8000,1.799896
FILLER_10_41,VPWR,li1,25.7600,40.8000,1.799896
FILLER_10_29,VPWR,li1,21.6200,40.8000,1.799931
FILLER_10_27,VPWR,li1,18.1700,40.8000,1.799931
FILLER_10_15,VPWR,li1,15.1800,40.8000,1.799931
FILLER_10_3,VPWR,li1,9.6600,40.8000,1.799931
FILLER_9_697,VPWR,li1,326.8300,35.3600,1.799856
FILLER_9_685,VPWR,li1,323.3800,35.3600,1.799856
FILLER_9_673,VPWR,li1,317.8600,35.3600,1.799856
FILLER_9_668,VPWR,li1,313.7200,35.3600,1.799856
FILLER_9_656,VPWR,li1,310.0400,35.3600,1.799856
FILLER_9_644,VPWR,li1,304.5200,35.3600,1.799856
FILLER_9_632,VPWR,li1,299.0000,35.3600,1.799856
FILLER_9_617,VPWR,li1,292.1000,35.3600,1.799856
FILLER_9_615,VPWR,li1,288.6500,35.3600,1.799856
FILLER_9_609,VPWR,li1,287.0400,35.3600,1.799856
FILLER_9_594,VPWR,li1,279.2200,35.3600,1.799857
FILLER_9_584,VPWR,li1,274.3900,35.3600,1.799859
FILLER_9_578,VPWR,li1,272.7800,35.3600,1.799859
FILLER_9_566,VPWR,li1,268.6400,35.3600,1.799861
FILLER_9_561,VPWR,li1,263.8100,35.3600,1.799863
FILLER_9_552,VPWR,li1,261.2800,35.3600,1.799864
FILLER_9_545,VPWR,li1,257.1400,35.3600,1.799865
FILLER_9_537,VPWR,li1,253.0000,35.3600,1.799867
FILLER_9_529,VPWR,li1,250.7000,35.3600,1.799868
FILLER_9_517,VPWR,li1,246.1000,35.3600,1.799872
FILLER_9_505,VPWR,li1,240.5800,35.3600,1.799875
FILLER_9_503,VPWR,li1,237.1300,35.3600,1.799877
FILLER_9_488,VPWR,li1,230.2300,35.3600,1.799883
FILLER_9_481,VPWR,li1,227.4700,35.3600,1.799884
FILLER_9_473,VPWR,li1,224.9400,35.3600,1.799887
FILLER_9_461,VPWR,li1,220.3400,35.3600,1.799891
FILLER_9_449,VPWR,li1,214.8200,35.3600,1.799896
FILLER_9_447,VPWR,li1,211.3700,35.3600,1.799900
FILLER_9_441,VPWR,li1,209.7600,35.3600,1.799900
FILLER_9_429,VPWR,li1,205.6200,35.3600,1.799904
FILLER_9_417,VPWR,li1,200.1000,35.3600,1.799908
FILLER_9_405,VPWR,li1,194.5800,35.3600,1.799914
FILLER_9_393,VPWR,li1,189.0600,35.3600,1.799919
FILLER_9_388,VPWR,li1,184.9200,35.3600,1.799922
FILLER_9_358,VPWR,li1,171.5800,35.3600,1.799907
FILLER_9_337,VPWR,li1,161.0000,35.3600,1.799847
FILLER_9_334,VPWR,li1,159.6200,35.3600,1.799847
FILLER_9_317,VPWR,li1,151.5700,35.3600,1.799810
FILLER_9_305,VPWR,li1,148.5800,35.3600,1.799797
FILLER_9_293,VPWR,li1,143.0600,35.3600,1.799773
FILLER_9_281,VPWR,li1,137.5400,35.3600,1.799752
FILLER_9_276,VPWR,li1,133.4000,35.3600,1.799737
FILLER_9_254,VPWR,li1,123.0500,35.3600,1.799703
FILLER_9_233,VPWR,li1,113.1600,35.3600,1.799686
FILLER_9_225,VPWR,li1,110.8600,35.3600,1.799683
FILLER_9_223,VPWR,li1,108.3300,35.3600,1.799679
FILLER_9_216,VPWR,li1,105.5700,35.3600,1.799677
FILLER_9_208,VPWR,li1,103.0400,35.3600,1.799675
FILLER_9_200,VPWR,li1,98.2100,35.3600,1.799673
FILLER_9_167,VPWR,li1,82.5700,35.3600,1.799678
FILLER_9_147,VPWR,li1,73.3700,35.3600,1.799694
FILLER_9_111,VPWR,li1,56.8100,35.3600,1.799745
FILLER_9_107,VPWR,li1,55.6600,35.3600,1.799745
FILLER_9_95,VPWR,li1,51.9800,35.3600,1.799762
FILLER_9_84,VPWR,li1,46.0000,35.3600,1.799788
FILLER_9_72,VPWR,li1,41.4000,35.3600,1.799800
FILLER_9_57,VPWR,li1,32.6600,35.3600,1.799846
FILLER_9_55,VPWR,li1,31.0500,35.3600,1.799865
FILLER_9_51,VPWR,li1,29.9000,35.3600,1.799865
FILLER_9_39,VPWR,li1,26.2200,35.3600,1.799891
FILLER_9_27,VPWR,li1,20.7000,35.3600,1.799930
FILLER_9_15,VPWR,li1,15.1800,35.3600,1.799930
FILLER_9_3,VPWR,li1,9.6600,35.3600,1.799930
FILLER_8_699,VPWR,li1,327.2900,35.3600,1.799856
FILLER_8_693,VPWR,li1,325.6800,35.3600,1.799856
FILLER_8_681,VPWR,li1,321.5400,35.3600,1.799856
FILLER_8_669,VPWR,li1,316.0200,35.3600,1.799856
FILLER_8_657,VPWR,li1,310.5000,35.3600,1.799856
FILLER_8_645,VPWR,li1,304.9800,35.3600,1.799856
FILLER_8_641,VPWR,li1,301.0700,35.3600,1.799856
FILLER_8_633,VPWR,li1,298.5400,35.3600,1.799856
FILLER_8_621,VPWR,li1,293.9400,35.3600,1.799856
FILLER_8_609,VPWR,li1,288.4200,35.3600,1.799856
FILLER_8_597,VPWR,li1,282.9000,35.3600,1.799856
FILLER_8_587,VPWR,li1,275.7700,35.3600,1.799858
FILLER_8_581,VPWR,li1,274.1600,35.3600,1.799859
FILLER_8_569,VPWR,li1,270.0200,35.3600,1.799861
FILLER_8_557,VPWR,li1,264.5000,35.3600,1.799863
FILLER_8_545,VPWR,li1,258.9800,35.3600,1.799864
FILLER_8_533,VPWR,li1,253.4600,35.3600,1.799867
FILLER_8_513,VPWR,li1,242.4200,35.3600,1.799873
FILLER_8_501,VPWR,li1,238.7400,35.3600,1.799877
FILLER_8_493,VPWR,li1,232.5300,35.3600,1.799881
FILLER_8_489,VPWR,li1,231.3800,35.3600,1.799881
FILLER_8_477,VPWR,li1,225.6300,35.3600,1.799887
FILLER_8_475,VPWR,li1,224.2500,35.3600,1.799889
FILLER_8_469,VPWR,li1,222.6400,35.3600,1.799889
FILLER_8_457,VPWR,li1,218.5000,35.3600,1.799892
FILLER_8_445,VPWR,li1,212.9800,35.3600,1.799898
FILLER_8_433,VPWR,li1,207.4600,35.3600,1.799902
FILLER_8_421,VPWR,li1,201.9400,35.3600,1.799907
FILLER_8_419,VPWR,li1,198.4900,35.3600,1.799911
FILLER_8_415,VPWR,li1,197.3400,35.3600,1.799911
FILLER_8_403,VPWR,li1,193.6600,35.3600,1.799914
FILLER_8_391,VPWR,li1,188.1400,35.3600,1.799919
FILLER_8_379,VPWR,li1,182.6200,35.3600,1.799924
FILLER_8_365,VPWR,li1,173.6500,35.3600,1.799917
FILLER_8_363,VPWR,li1,172.7300,35.3600,1.799907
FILLER_8_341,VPWR,li1,162.6100,35.3600,1.799859
FILLER_8_325,VPWR,li1,155.7100,35.3600,1.799827
FILLER_8_309,VPWR,li1,149.5000,35.3600,1.799797
FILLER_8_302,VPWR,li1,145.8200,35.3600,1.799785
FILLER_8_285,VPWR,li1,136.8500,35.3600,1.799744
FILLER_8_279,VPWR,li1,135.2400,35.3600,1.799744
FILLER_8_257,VPWR,li1,123.9700,35.3600,1.799709
FILLER_8_253,VPWR,li1,122.8200,35.3600,1.799703
FILLER_8_232,VPWR,li1,113.1600,35.3600,1.799686
FILLER_8_215,VPWR,li1,104.6500,35.3600,1.799675
FILLER_8_197,VPWR,li1,96.6000,35.3600,1.799673
FILLER_8_179,VPWR,li1,88.0900,35.3600,1.799674
FILLER_8_141,VPWR,li1,70.6100,35.3600,1.799702
FILLER_8_126,VPWR,li1,63.7100,35.3600,1.799719
FILLER_8_98,VPWR,li1,51.0600,35.3600,1.799762
FILLER_8_65,VPWR,li1,38.1800,35.3600,1.799813
FILLER_8_53,VPWR,li1,32.6600,35.3600,1.799846
FILLER_8_41,VPWR,li1,27.1400,35.3600,1.799891
FILLER_8_29,VPWR,li1,21.6200,35.3600,1.799930
FILLER_8_27,VPWR,li1,18.1700,35.3600,1.799930
FILLER_8_15,VPWR,li1,15.1800,35.3600,1.799930
FILLER_8_3,VPWR,li1,9.6600,35.3600,1.799930
FILLER_7_697,VPWR,li1,326.8300,29.9200,1.799820
FILLER_7_685,VPWR,li1,323.3800,29.9200,1.799820
FILLER_7_673,VPWR,li1,317.8600,29.9200,1.799820
FILLER_7_671,VPWR,li1,314.4100,29.9200,1.799820
FILLER_7_665,VPWR,li1,312.8000,29.9200,1.799820
FILLER_7_653,VPWR,li1,308.6600,29.9200,1.799820
FILLER_7_641,VPWR,li1,303.1400,29.9200,1.799820
FILLER_7_629,VPWR,li1,297.6200,29.9200,1.799820
FILLER_7_617,VPWR,li1,292.1000,29.9200,1.799820
FILLER_7_610,VPWR,li1,287.5000,29.9200,1.799820
FILLER_7_598,VPWR,li1,283.3600,29.9200,1.799820
FILLER_7_576,VPWR,li1,270.9400,29.9200,1.799821
FILLER_7_561,VPWR,li1,263.8100,29.9200,1.799825
FILLER_7_557,VPWR,li1,262.4300,29.9200,1.799825
FILLER_7_532,VPWR,li1,250.4700,29.9200,1.799834
FILLER_7_522,VPWR,li1,245.8700,29.9200,1.799838
FILLER_7_513,VPWR,li1,242.1900,29.9200,1.799840
FILLER_7_503,VPWR,li1,237.1300,29.9200,1.799844
FILLER_7_499,VPWR,li1,235.9800,29.9200,1.799847
FILLER_7_461,VPWR,li1,218.9600,29.9200,1.799868
FILLER_7_449,VPWR,li1,214.8200,29.9200,1.799875
FILLER_7_447,VPWR,li1,211.3700,29.9200,1.799884
FILLER_7_441,VPWR,li1,209.7600,29.9200,1.799884
FILLER_7_429,VPWR,li1,205.6200,29.9200,1.799891
FILLER_7_417,VPWR,li1,200.1000,29.9200,1.799904
FILLER_7_405,VPWR,li1,194.5800,29.9200,1.799911
FILLER_7_393,VPWR,li1,189.0600,29.9200,1.799921
FILLER_7_384,VPWR,li1,184.0000,29.9200,1.799930
FILLER_7_372,VPWR,li1,179.4000,29.9200,1.799938
FILLER_7_366,VPWR,li1,174.5700,29.9200,1.799950
FILLER_7_357,VPWR,li1,169.9700,29.9200,1.799938
FILLER_7_349,VPWR,li1,167.9000,29.9200,1.799930
FILLER_7_337,VPWR,li1,163.3000,29.9200,1.799919
FILLER_7_333,VPWR,li1,159.3900,29.9200,1.799910
FILLER_7_325,VPWR,li1,156.8600,29.9200,1.799900
FILLER_7_313,VPWR,li1,152.2600,29.9200,1.799893
FILLER_7_292,VPWR,li1,140.3000,29.9200,1.799867
FILLER_7_281,VPWR,li1,136.6200,29.9200,1.799862
FILLER_7_277,VPWR,li1,133.6300,29.9200,1.799855
FILLER_7_265,VPWR,li1,130.1800,29.9200,1.799851
FILLER_7_256,VPWR,li1,123.5100,29.9200,1.799839
FILLER_7_252,VPWR,li1,122.3600,29.9200,1.799837
FILLER_7_222,VPWR,li1,108.1000,29.9200,1.799828
FILLER_7_210,VPWR,li1,102.3500,29.9200,1.799826
FILLER_7_192,VPWR,li1,94.3000,29.9200,1.799825
FILLER_7_183,VPWR,li1,89.9300,29.9200,1.799825
FILLER_7_177,VPWR,li1,88.3200,29.9200,1.799825
FILLER_7_166,VPWR,li1,82.3400,29.9200,1.799826
FILLER_7_158,VPWR,li1,80.0400,29.9200,1.799826
FILLER_7_146,VPWR,li1,75.4400,29.9200,1.799826
FILLER_7_134,VPWR,li1,69.9200,29.9200,1.799827
FILLER_7_113,VPWR,li1,57.7300,29.9200,1.799838
FILLER_7_108,VPWR,li1,56.1200,29.9200,1.799842
FILLER_7_77,VPWR,li1,41.4000,29.9200,1.799877
FILLER_7_69,VPWR,li1,39.1000,29.9200,1.799885
FILLER_7_57,VPWR,li1,34.5000,29.9200,1.799903
FILLER_7_55,VPWR,li1,31.0500,29.9200,1.799922
FILLER_7_51,VPWR,li1,29.9000,29.9200,1.799922
FILLER_7_39,VPWR,li1,26.2200,29.9200,1.799937
FILLER_7_27,VPWR,li1,20.7000,29.9200,1.799959
FILLER_7_15,VPWR,li1,15.1800,29.9200,1.799959
FILLER_7_3,VPWR,li1,9.6600,29.9200,1.799959
FILLER_6_699,VPWR,li1,327.2900,29.9200,1.799820
FILLER_6_693,VPWR,li1,325.6800,29.9200,1.799820
FILLER_6_681,VPWR,li1,321.5400,29.9200,1.799820
FILLER_6_669,VPWR,li1,316.0200,29.9200,1.799820
FILLER_6_657,VPWR,li1,310.5000,29.9200,1.799820
FILLER_6_645,VPWR,li1,304.9800,29.9200,1.799820
FILLER_6_641,VPWR,li1,301.0700,29.9200,1.799820
FILLER_6_629,VPWR,li1,297.6200,29.9200,1.799820
FILLER_6_617,VPWR,li1,292.1000,29.9200,1.799820
FILLER_6_605,VPWR,li1,286.5800,29.9200,1.799820
FILLER_6_593,VPWR,li1,281.0600,29.9200,1.799820
FILLER_6_582,VPWR,li1,274.6200,29.9200,1.799821
FILLER_6_563,VPWR,li1,265.1900,29.9200,1.799823
FILLER_6_556,VPWR,li1,261.9700,29.9200,1.799826
FILLER_6_531,VPWR,li1,250.0100,29.9200,1.799834
FILLER_6_520,VPWR,li1,245.1800,29.9200,1.799838
FILLER_6_512,VPWR,li1,242.8800,29.9200,1.799840
FILLER_6_507,VPWR,li1,238.9700,29.9200,1.799843
FILLER_6_503,VPWR,li1,237.8200,29.9200,1.799844
FILLER_6_488,VPWR,li1,231.3800,29.9200,1.799851
FILLER_6_477,VPWR,li1,226.7800,29.9200,1.799856
FILLER_6_473,VPWR,li1,223.7900,29.9200,1.799859
FILLER_6_469,VPWR,li1,221.4900,29.9200,1.799863
FILLER_6_457,VPWR,li1,218.5000,29.9200,1.799868
FILLER_6_445,VPWR,li1,212.9800,29.9200,1.799880
FILLER_6_433,VPWR,li1,207.4600,29.9200,1.799888
FILLER_6_421,VPWR,li1,201.9400,29.9200,1.799898
FILLER_6_419,VPWR,li1,198.4900,29.9200,1.799904
FILLER_6_407,VPWR,li1,195.5000,29.9200,1.799911
FILLER_6_395,VPWR,li1,189.9800,29.9200,1.799921
FILLER_6_365,VPWR,li1,174.8000,29.9200,1.799950
FILLER_6_358,VPWR,li1,171.5800,29.9200,1.799938
FILLER_6_346,VPWR,li1,167.4400,29.9200,1.799930
FILLER_6_335,VPWR,li1,160.3100,29.9200,1.799910
FILLER_6_309,VPWR,li1,148.1200,29.9200,1.799881
FILLER_6_305,VPWR,li1,146.5100,29.9200,1.799881
FILLER_6_297,VPWR,li1,143.9800,29.9200,1.799876
FILLER_6_285,VPWR,li1,139.3800,29.9200,1.799867
FILLER_6_280,VPWR,li1,134.5500,29.9200,1.799859
FILLER_6_250,VPWR,li1,120.9800,29.9200,1.799837
FILLER_6_233,VPWR,li1,112.9300,29.9200,1.799829
FILLER_6_227,VPWR,li1,111.3200,29.9200,1.799829
FILLER_6_219,VPWR,li1,106.9500,29.9200,1.799828
FILLER_6_197,VPWR,li1,96.6000,29.9200,1.799825
FILLER_6_190,VPWR,li1,93.1500,29.9200,1.799825
FILLER_6_182,VPWR,li1,91.0800,29.9200,1.799825
FILLER_6_162,VPWR,li1,81.8800,29.9200,1.799826
FILLER_6_138,VPWR,li1,69.4600,29.9200,1.799827
FILLER_6_121,VPWR,li1,61.4100,29.9200,1.799833
FILLER_6_107,VPWR,li1,54.9700,29.9200,1.799842
FILLER_6_82,VPWR,li1,43.7000,29.9200,1.799869
FILLER_6_65,VPWR,li1,35.6500,29.9200,1.799903
FILLER_6_53,VPWR,li1,32.6600,29.9200,1.799911
FILLER_6_41,VPWR,li1,27.1400,29.9200,1.799937
FILLER_6_29,VPWR,li1,21.6200,29.9200,1.799959
FILLER_6_27,VPWR,li1,18.1700,29.9200,1.799959
FILLER_6_15,VPWR,li1,15.1800,29.9200,1.799959
FILLER_6_3,VPWR,li1,9.6600,29.9200,1.799959
FILLER_5_697,VPWR,li1,326.8300,24.4800,1.799615
FILLER_5_685,VPWR,li1,323.3800,24.4800,1.799615
FILLER_5_673,VPWR,li1,317.8600,24.4800,1.799615
FILLER_5_671,VPWR,li1,314.4100,24.4800,1.799615
FILLER_5_665,VPWR,li1,312.8000,24.4800,1.799615
FILLER_5_653,VPWR,li1,308.6600,24.4800,1.799615
FILLER_5_641,VPWR,li1,303.1400,24.4800,1.799615
FILLER_5_629,VPWR,li1,297.6200,24.4800,1.799615
FILLER_5_617,VPWR,li1,292.1000,24.4800,1.799615
FILLER_5_610,VPWR,li1,287.5000,24.4800,1.799615
FILLER_5_598,VPWR,li1,283.3600,24.4800,1.799615
FILLER_5_586,VPWR,li1,277.8400,24.4800,1.799615
FILLER_5_569,VPWR,li1,269.1000,24.4800,1.799615
FILLER_5_552,VPWR,li1,261.2800,24.4800,1.799617
FILLER_5_534,VPWR,li1,251.6200,24.4800,1.799630
FILLER_5_530,VPWR,li1,249.5500,24.4800,1.799633
FILLER_5_526,VPWR,li1,248.4000,24.4800,1.799633
FILLER_5_514,VPWR,li1,244.7200,24.4800,1.799642
FILLER_5_498,VPWR,li1,234.8300,24.4800,1.799664
FILLER_5_489,VPWR,li1,230.6900,24.4800,1.799683
FILLER_5_483,VPWR,li1,229.0800,24.4800,1.799683
FILLER_5_479,VPWR,li1,226.0900,24.4800,1.799698
FILLER_5_473,VPWR,li1,224.4800,24.4800,1.799698
FILLER_5_461,VPWR,li1,220.3400,24.4800,1.799712
FILLER_5_449,VPWR,li1,214.8200,24.4800,1.799730
FILLER_5_447,VPWR,li1,211.3700,24.4800,1.799747
FILLER_5_441,VPWR,li1,209.7600,24.4800,1.799747
FILLER_5_429,VPWR,li1,205.6200,24.4800,1.799761
FILLER_5_417,VPWR,li1,200.1000,24.4800,1.799780
FILLER_5_405,VPWR,li1,194.5800,24.4800,1.799798
FILLER_5_393,VPWR,li1,189.0600,24.4800,1.799816
FILLER_5_389,VPWR,li1,185.1500,24.4800,1.799830
FILLER_5_351,VPWR,li1,167.2100,24.4800,1.799815
FILLER_5_345,VPWR,li1,165.6000,24.4800,1.799815
FILLER_5_337,VPWR,li1,161.2300,24.4800,1.799781
FILLER_5_335,VPWR,li1,159.8500,24.4800,1.799781
FILLER_5_327,VPWR,li1,157.7800,24.4800,1.799769
FILLER_5_317,VPWR,li1,152.7200,24.4800,1.799739
FILLER_5_289,VPWR,li1,139.3800,24.4800,1.799664
FILLER_5_268,VPWR,li1,131.5600,24.4800,1.799625
FILLER_5_241,VPWR,li1,116.6100,24.4800,1.799572
FILLER_5_221,VPWR,li1,107.8700,24.4800,1.799564
FILLER_5_204,VPWR,li1,99.5900,24.4800,1.799562
FILLER_5_187,VPWR,li1,91.7700,24.4800,1.799594
FILLER_5_169,VPWR,li1,83.7200,24.4800,1.799619
FILLER_5_164,VPWR,li1,81.8800,24.4800,1.799627
FILLER_5_152,VPWR,li1,76.3600,24.4800,1.799650
FILLER_5_140,VPWR,li1,70.1500,24.4800,1.799684
FILLER_5_128,VPWR,li1,67.1600,24.4800,1.799693
FILLER_5_123,VPWR,li1,62.5600,24.4800,1.799720
FILLER_5_119,VPWR,li1,60.4900,24.4800,1.799732
FILLER_5_113,VPWR,li1,58.8800,24.4800,1.799732
FILLER_5_109,VPWR,li1,56.3500,24.4800,1.799745
FILLER_5_101,VPWR,li1,53.8200,24.4800,1.799757
FILLER_5_79,VPWR,li1,42.0900,24.4800,1.799830
FILLER_5_73,VPWR,li1,40.4800,24.4800,1.799830
FILLER_5_69,VPWR,li1,37.4900,24.4800,1.799847
FILLER_5_57,VPWR,li1,34.5000,24.4800,1.799864
FILLER_5_55,VPWR,li1,31.0500,24.4800,1.799890
FILLER_5_51,VPWR,li1,29.9000,24.4800,1.799890
FILLER_5_39,VPWR,li1,26.2200,24.4800,1.799911
FILLER_5_27,VPWR,li1,20.7000,24.4800,1.799943
FILLER_5_15,VPWR,li1,15.1800,24.4800,1.799943
FILLER_5_3,VPWR,li1,9.6600,24.4800,1.799943
FILLER_4_699,VPWR,li1,327.2900,24.4800,1.799615
FILLER_4_693,VPWR,li1,325.6800,24.4800,1.799615
FILLER_4_681,VPWR,li1,321.5400,24.4800,1.799615
FILLER_4_669,VPWR,li1,316.0200,24.4800,1.799615
FILLER_4_657,VPWR,li1,310.5000,24.4800,1.799615
FILLER_4_645,VPWR,li1,304.9800,24.4800,1.799615
FILLER_4_643,VPWR,li1,301.5300,24.4800,1.799615
FILLER_4_637,VPWR,li1,299.9200,24.4800,1.799615
FILLER_4_625,VPWR,li1,295.7800,24.4800,1.799615
FILLER_4_613,VPWR,li1,290.2600,24.4800,1.799615
FILLER_4_601,VPWR,li1,284.7400,24.4800,1.799615
FILLER_4_589,VPWR,li1,279.2200,24.4800,1.799615
FILLER_4_587,VPWR,li1,275.7700,24.4800,1.799615
FILLER_4_581,VPWR,li1,274.1600,24.4800,1.799615
FILLER_4_569,VPWR,li1,270.0200,24.4800,1.799615
FILLER_4_549,VPWR,li1,258.9800,24.4800,1.799619
FILLER_4_531,VPWR,li1,250.0100,24.4800,1.799633
FILLER_4_525,VPWR,li1,248.4000,24.4800,1.799633
FILLER_4_508,VPWR,li1,239.4300,24.4800,1.799651
FILLER_4_490,VPWR,li1,231.3800,24.4800,1.799675
FILLER_4_481,VPWR,li1,227.0100,24.4800,1.799690
FILLER_4_477,VPWR,li1,225.8600,24.4800,1.799698
FILLER_4_475,VPWR,li1,224.2500,24.4800,1.799704
FILLER_4_469,VPWR,li1,222.6400,24.4800,1.799704
FILLER_4_457,VPWR,li1,218.5000,24.4800,1.799718
FILLER_4_445,VPWR,li1,212.9800,24.4800,1.799740
FILLER_4_433,VPWR,li1,207.4600,24.4800,1.799755
FILLER_4_421,VPWR,li1,201.9400,24.4800,1.799773
FILLER_4_417,VPWR,li1,198.0300,24.4800,1.799787
FILLER_4_405,VPWR,li1,194.5800,24.4800,1.799798
FILLER_4_393,VPWR,li1,189.0600,24.4800,1.799816
FILLER_4_381,VPWR,li1,183.5400,24.4800,1.799836
FILLER_4_361,VPWR,li1,172.2700,24.4800,1.799856
FILLER_4_345,VPWR,li1,166.0600,24.4800,1.799815
FILLER_4_333,VPWR,li1,161.4600,24.4800,1.799781
FILLER_4_321,VPWR,li1,155.9400,24.4800,1.799753
FILLER_4_309,VPWR,li1,150.4200,24.4800,1.799721
FILLER_4_304,VPWR,li1,146.2800,24.4800,1.799702
FILLER_4_290,VPWR,li1,140.3000,24.4800,1.799664
FILLER_4_257,VPWR,li1,123.9700,24.4800,1.799590
FILLER_4_253,VPWR,li1,122.8200,24.4800,1.799579
FILLER_4_219,VPWR,li1,106.4900,24.4800,1.799564
FILLER_4_197,VPWR,li1,96.8300,24.4800,1.799575
FILLER_4_194,VPWR,li1,95.2200,24.4800,1.799575
FILLER_4_182,VPWR,li1,90.1600,24.4800,1.799594
FILLER_4_141,VPWR,li1,70.6100,24.4800,1.799684
FILLER_4_136,VPWR,li1,69.0000,24.4800,1.799684
FILLER_4_124,VPWR,li1,65.3200,24.4800,1.799709
FILLER_4_109,VPWR,li1,56.5800,24.4800,1.799745
FILLER_4_85,VPWR,li1,46.4600,24.4800,1.799796
FILLER_4_83,VPWR,li1,43.9300,24.4800,1.799820
FILLER_4_77,VPWR,li1,42.3200,24.4800,1.799820
FILLER_4_65,VPWR,li1,38.1800,24.4800,1.799847
FILLER_4_53,VPWR,li1,32.6600,24.4800,1.799875
FILLER_4_41,VPWR,li1,27.1400,24.4800,1.799911
FILLER_4_29,VPWR,li1,21.6200,24.4800,1.799943
FILLER_4_27,VPWR,li1,18.1700,24.4800,1.799943
FILLER_4_15,VPWR,li1,15.1800,24.4800,1.799943
FILLER_4_3,VPWR,li1,9.6600,24.4800,1.799943
FILLER_3_697,VPWR,li1,326.8300,19.0400,1.799312
FILLER_3_685,VPWR,li1,323.3800,19.0400,1.799312
FILLER_3_673,VPWR,li1,317.8600,19.0400,1.799312
FILLER_3_671,VPWR,li1,314.4100,19.0400,1.799312
FILLER_3_665,VPWR,li1,312.8000,19.0400,1.799312
FILLER_3_653,VPWR,li1,308.6600,19.0400,1.799312
FILLER_3_641,VPWR,li1,303.1400,19.0400,1.799312
FILLER_3_629,VPWR,li1,297.6200,19.0400,1.799312
FILLER_3_617,VPWR,li1,292.1000,19.0400,1.799312
FILLER_3_615,VPWR,li1,288.6500,19.0400,1.799312
FILLER_3_609,VPWR,li1,287.0400,19.0400,1.799312
FILLER_3_597,VPWR,li1,282.9000,19.0400,1.799312
FILLER_3_585,VPWR,li1,277.3800,19.0400,1.799312
FILLER_3_573,VPWR,li1,271.8600,19.0400,1.799312
FILLER_3_561,VPWR,li1,266.3400,19.0400,1.799312
FILLER_3_559,VPWR,li1,262.8900,19.0400,1.799312
FILLER_3_555,VPWR,li1,261.0500,19.0400,1.799312
FILLER_3_540,VPWR,li1,254.3800,19.0400,1.799323
FILLER_3_503,VPWR,li1,237.1300,19.0400,1.799407
FILLER_3_497,VPWR,li1,235.5200,19.0400,1.799407
FILLER_3_473,VPWR,li1,224.9400,19.0400,1.799483
FILLER_3_461,VPWR,li1,220.3400,19.0400,1.799515
FILLER_3_449,VPWR,li1,214.8200,19.0400,1.799555
FILLER_3_447,VPWR,li1,211.3700,19.0400,1.799592
FILLER_3_441,VPWR,li1,209.7600,19.0400,1.799592
FILLER_3_429,VPWR,li1,205.6200,19.0400,1.799622
FILLER_3_417,VPWR,li1,200.1000,19.0400,1.799662
FILLER_3_405,VPWR,li1,194.5800,19.0400,1.799702
FILLER_3_393,VPWR,li1,189.0600,19.0400,1.799742
FILLER_3_391,VPWR,li1,185.6100,19.0400,1.799767
FILLER_3_383,VPWR,li1,183.5400,19.0400,1.799782
FILLER_3_377,VPWR,li1,179.1700,19.0400,1.799817
FILLER_3_369,VPWR,li1,175.4900,19.0400,1.799847
FILLER_3_357,VPWR,li1,172.5000,19.0400,1.799827
FILLER_3_345,VPWR,li1,166.9800,19.0400,1.799791
FILLER_3_330,VPWR,li1,158.7000,19.0400,1.799731
FILLER_3_308,VPWR,li1,148.5800,19.0400,1.799680
FILLER_3_302,VPWR,li1,144.6700,19.0400,1.799670
FILLER_3_294,VPWR,li1,142.6000,19.0400,1.799664
FILLER_3_279,VPWR,li1,134.0900,19.0400,1.799649
FILLER_3_260,VPWR,li1,125.8100,19.0400,1.799636
FILLER_3_238,VPWR,li1,116.3800,19.0400,1.799625
FILLER_3_220,VPWR,li1,107.6400,19.0400,1.799618
FILLER_3_214,VPWR,li1,104.1900,19.0400,1.799617
FILLER_3_210,VPWR,li1,103.0400,19.0400,1.799617
FILLER_3_194,VPWR,li1,95.4500,19.0400,1.799617
FILLER_3_186,VPWR,li1,92.9200,19.0400,1.799617
FILLER_3_179,VPWR,li1,88.3200,19.0400,1.799620
FILLER_3_173,VPWR,li1,85.3300,19.0400,1.799622
FILLER_3_165,VPWR,li1,82.1100,19.0400,1.799624
FILLER_3_154,VPWR,li1,77.0500,19.0400,1.799631
FILLER_3_113,VPWR,li1,58.8800,19.0400,1.799722
FILLER_3_103,VPWR,li1,53.1300,19.0400,1.799753
FILLER_3_89,VPWR,li1,47.1500,19.0400,1.799787
FILLER_3_81,VPWR,li1,44.6200,19.0400,1.799799
FILLER_3_69,VPWR,li1,40.0200,19.0400,1.799825
FILLER_3_57,VPWR,li1,34.5000,19.0400,1.799858
FILLER_3_55,VPWR,li1,31.0500,19.0400,1.799886
FILLER_3_51,VPWR,li1,29.9000,19.0400,1.799886
FILLER_3_39,VPWR,li1,26.2200,19.0400,1.799907
FILLER_3_27,VPWR,li1,20.7000,19.0400,1.799940
FILLER_3_15,VPWR,li1,15.1800,19.0400,1.799940
FILLER_3_3,VPWR,li1,9.6600,19.0400,1.799940
FILLER_2_699,VPWR,li1,327.2900,19.0400,1.799312
FILLER_2_693,VPWR,li1,325.6800,19.0400,1.799312
FILLER_2_681,VPWR,li1,321.5400,19.0400,1.799312
FILLER_2_669,VPWR,li1,316.0200,19.0400,1.799312
FILLER_2_657,VPWR,li1,310.5000,19.0400,1.799312
FILLER_2_645,VPWR,li1,304.9800,19.0400,1.799312
FILLER_2_643,VPWR,li1,301.5300,19.0400,1.799312
FILLER_2_637,VPWR,li1,299.9200,19.0400,1.799312
FILLER_2_625,VPWR,li1,295.7800,19.0400,1.799312
FILLER_2_613,VPWR,li1,290.2600,19.0400,1.799312
FILLER_2_601,VPWR,li1,284.7400,19.0400,1.799312
FILLER_2_589,VPWR,li1,279.2200,19.0400,1.799312
FILLER_2_585,VPWR,li1,275.3100,19.0400,1.799312
FILLER_2_577,VPWR,li1,272.7800,19.0400,1.799312
FILLER_2_565,VPWR,li1,268.1800,19.0400,1.799312
FILLER_2_553,VPWR,li1,262.6600,19.0400,1.799312
FILLER_2_541,VPWR,li1,254.6100,19.0400,1.799323
FILLER_2_533,VPWR,li1,252.5400,19.0400,1.799330
FILLER_2_528,VPWR,li1,249.3200,19.0400,1.799345
FILLER_2_515,VPWR,li1,243.8000,19.0400,1.799362
FILLER_2_489,VPWR,li1,232.3000,19.0400,1.799429
FILLER_2_477,VPWR,li1,227.7000,19.0400,1.799461
FILLER_2_475,VPWR,li1,224.2500,19.0400,1.799498
FILLER_2_469,VPWR,li1,222.6400,19.0400,1.799498
FILLER_2_457,VPWR,li1,218.5000,19.0400,1.799528
FILLER_2_445,VPWR,li1,212.9800,19.0400,1.799576
FILLER_2_433,VPWR,li1,207.4600,19.0400,1.799608
FILLER_2_421,VPWR,li1,201.9400,19.0400,1.799648
FILLER_2_417,VPWR,li1,198.0300,19.0400,1.799677
FILLER_2_409,VPWR,li1,195.5000,19.0400,1.799702
FILLER_2_397,VPWR,li1,190.9000,19.0400,1.799729
FILLER_2_362,VPWR,li1,172.5000,19.0400,1.799827
FILLER_2_350,VPWR,li1,169.2800,19.0400,1.799806
FILLER_2_333,VPWR,li1,158.9300,19.0400,1.799731
FILLER_2_301,VPWR,li1,144.2100,19.0400,1.799670
FILLER_2_289,VPWR,li1,141.2200,19.0400,1.799664
FILLER_2_266,VPWR,li1,128.3400,19.0400,1.799640
FILLER_2_244,VPWR,li1,119.6000,19.0400,1.799628
FILLER_2_222,VPWR,li1,107.8700,19.0400,1.799618
FILLER_2_214,VPWR,li1,105.8000,19.0400,1.799618
FILLER_2_197,VPWR,li1,96.3700,19.0400,1.799617
FILLER_2_195,VPWR,li1,95.4500,19.0400,1.799617
FILLER_2_174,VPWR,li1,85.7900,19.0400,1.799622
FILLER_2_138,VPWR,li1,69.4600,19.0400,1.799656
FILLER_2_129,VPWR,li1,65.0900,19.0400,1.799678
FILLER_2_107,VPWR,li1,54.9700,19.0400,1.799736
FILLER_2_101,VPWR,li1,53.3600,19.0400,1.799753
FILLER_2_85,VPWR,li1,46.4600,19.0400,1.799787
FILLER_2_83,VPWR,li1,43.9300,19.0400,1.799812
FILLER_2_77,VPWR,li1,42.3200,19.0400,1.799812
FILLER_2_65,VPWR,li1,38.1800,19.0400,1.799836
FILLER_2_53,VPWR,li1,32.6600,19.0400,1.799869
FILLER_2_41,VPWR,li1,27.1400,19.0400,1.799907
FILLER_2_29,VPWR,li1,21.6200,19.0400,1.799940
FILLER_2_27,VPWR,li1,18.1700,19.0400,1.799940
FILLER_2_15,VPWR,li1,15.1800,19.0400,1.799940
FILLER_2_3,VPWR,li1,9.6600,19.0400,1.799940
FILLER_1_697,VPWR,li1,326.8300,13.6000,1.799769
FILLER_1_685,VPWR,li1,323.3800,13.6000,1.799769
FILLER_1_673,VPWR,li1,317.8600,13.6000,1.799769
FILLER_1_671,VPWR,li1,314.4100,13.6000,1.799769
FILLER_1_665,VPWR,li1,312.8000,13.6000,1.799769
FILLER_1_653,VPWR,li1,308.6600,13.6000,1.799769
FILLER_1_641,VPWR,li1,303.1400,13.6000,1.799769
FILLER_1_629,VPWR,li1,297.6200,13.6000,1.799769
FILLER_1_617,VPWR,li1,292.1000,13.6000,1.799769
FILLER_1_615,VPWR,li1,288.6500,13.6000,1.799769
FILLER_1_609,VPWR,li1,287.0400,13.6000,1.799769
FILLER_1_597,VPWR,li1,282.9000,13.6000,1.799769
FILLER_1_585,VPWR,li1,277.3800,13.6000,1.799769
FILLER_1_573,VPWR,li1,271.8600,13.6000,1.799769
FILLER_1_561,VPWR,li1,266.3400,13.6000,1.799769
FILLER_1_559,VPWR,li1,262.8900,13.6000,1.799769
FILLER_1_553,VPWR,li1,261.2800,13.6000,1.799769
FILLER_1_503,VPWR,li1,237.1300,13.6000,1.799791
FILLER_1_497,VPWR,li1,235.5200,13.6000,1.799791
FILLER_1_485,VPWR,li1,231.3800,13.6000,1.799798
FILLER_1_473,VPWR,li1,225.8600,13.6000,1.799808
FILLER_1_461,VPWR,li1,220.3400,13.6000,1.799817
FILLER_1_449,VPWR,li1,214.8200,13.6000,1.799827
FILLER_1_445,VPWR,li1,210.9100,13.6000,1.799833
FILLER_1_433,VPWR,li1,207.4600,13.6000,1.799839
FILLER_1_421,VPWR,li1,201.9400,13.6000,1.799849
FILLER_1_409,VPWR,li1,196.4200,13.6000,1.799861
FILLER_1_389,VPWR,li1,185.1500,13.6000,1.799881
FILLER_1_337,VPWR,li1,161.4600,13.6000,1.799831
FILLER_1_319,VPWR,li1,152.4900,13.6000,1.799789
FILLER_1_302,VPWR,li1,144.6700,13.6000,1.799760
FILLER_1_298,VPWR,li1,143.5200,13.6000,1.799760
FILLER_1_281,VPWR,li1,135.0100,13.6000,1.799733
FILLER_1_278,VPWR,li1,133.8600,13.6000,1.799727
FILLER_1_266,VPWR,li1,130.6400,13.6000,1.799721
FILLER_1_247,VPWR,li1,119.8300,13.6000,1.799698
FILLER_1_229,VPWR,li1,111.3200,13.6000,1.799686
FILLER_1_207,VPWR,li1,100.9700,13.6000,1.799681
FILLER_1_169,VPWR,li1,83.7200,13.6000,1.799697
FILLER_1_129,VPWR,li1,65.3200,13.6000,1.799748
FILLER_1_109,VPWR,li1,56.3500,13.6000,1.799783
FILLER_1_81,VPWR,li1,45.5400,13.6000,1.799833
FILLER_1_69,VPWR,li1,40.0200,13.6000,1.799859
FILLER_1_57,VPWR,li1,34.5000,13.6000,1.799886
FILLER_1_55,VPWR,li1,31.0500,13.6000,1.799908
FILLER_1_51,VPWR,li1,29.9000,13.6000,1.799908
FILLER_1_39,VPWR,li1,26.2200,13.6000,1.799925
FILLER_1_27,VPWR,li1,20.7000,13.6000,1.799952
FILLER_1_15,VPWR,li1,15.1800,13.6000,1.799952
FILLER_1_3,VPWR,li1,9.6600,13.6000,1.799952
FILLER_0_697,VPWR,li1,326.8300,13.6000,1.799769
FILLER_0_685,VPWR,li1,323.3800,13.6000,1.799769
FILLER_0_673,VPWR,li1,317.8600,13.6000,1.799769
FILLER_0_669,VPWR,li1,313.9500,13.6000,1.799769
FILLER_0_657,VPWR,li1,310.5000,13.6000,1.799769
FILLER_0_645,VPWR,li1,304.9800,13.6000,1.799769
FILLER_0_641,VPWR,li1,301.0700,13.6000,1.799769
FILLER_0_629,VPWR,li1,297.6200,13.6000,1.799769
FILLER_0_617,VPWR,li1,292.1000,13.6000,1.799769
FILLER_0_613,VPWR,li1,288.1900,13.6000,1.799769
FILLER_0_601,VPWR,li1,284.7400,13.6000,1.799769
FILLER_0_589,VPWR,li1,279.2200,13.6000,1.799769
FILLER_0_585,VPWR,li1,275.3100,13.6000,1.799769
FILLER_0_573,VPWR,li1,271.8600,13.6000,1.799769
FILLER_0_561,VPWR,li1,266.3400,13.6000,1.799769
FILLER_0_558,VPWR,li1,262.6600,13.6000,1.799769
FILLER_0_546,VPWR,li1,259.4400,13.6000,1.799769
FILLER_0_539,VPWR,li1,254.1500,13.6000,1.799771
FILLER_0_533,VPWR,li1,251.1600,13.6000,1.799772
FILLER_0_531,VPWR,li1,250.0100,13.6000,1.799773
FILLER_0_525,VPWR,li1,248.4000,13.6000,1.799773
FILLER_0_517,VPWR,li1,244.2600,13.6000,1.799778
FILLER_0_505,VPWR,li1,240.5800,13.6000,1.799782
FILLER_0_501,VPWR,li1,236.6700,13.6000,1.799791
FILLER_0_489,VPWR,li1,233.2200,13.6000,1.799795
FILLER_0_477,VPWR,li1,227.7000,13.6000,1.799804
FILLER_0_473,VPWR,li1,223.7900,13.6000,1.799811
FILLER_0_461,VPWR,li1,220.3400,13.6000,1.799817
FILLER_0_449,VPWR,li1,214.8200,13.6000,1.799827
FILLER_0_445,VPWR,li1,210.9100,13.6000,1.799833
FILLER_0_433,VPWR,li1,207.4600,13.6000,1.799839
FILLER_0_421,VPWR,li1,201.9400,13.6000,1.799849
FILLER_0_418,VPWR,li1,198.2600,13.6000,1.799855
FILLER_0_406,VPWR,li1,195.0400,13.6000,1.799861
FILLER_0_399,VPWR,li1,189.7500,13.6000,1.799874
FILLER_0_393,VPWR,li1,186.7600,13.6000,1.799881
FILLER_0_385,VPWR,li1,183.3100,13.6000,1.799885
FILLER_0_379,VPWR,li1,180.3200,13.6000,1.799896
FILLER_0_365,VPWR,li1,173.8800,13.6000,1.799894
FILLER_0_337,VPWR,li1,161.2300,13.6000,1.799831
FILLER_0_322,VPWR,li1,155.0200,13.6000,1.799802
FILLER_0_317,VPWR,li1,151.5700,13.6000,1.799789
FILLER_0_309,VPWR,li1,149.5000,13.6000,1.799781
FILLER_0_307,VPWR,li1,146.9700,13.6000,1.799766
FILLER_0_301,VPWR,li1,145.3600,13.6000,1.799766
FILLER_0_294,VPWR,li1,141.4500,13.6000,1.799753
FILLER_0_289,VPWR,li1,138.6900,13.6000,1.799744
FILLER_0_281,VPWR,li1,136.6200,13.6000,1.799739
FILLER_0_279,VPWR,li1,134.0900,13.6000,1.799727
FILLER_0_273,VPWR,li1,132.4800,13.6000,1.799727
FILLER_0_245,VPWR,li1,118.9100,13.6000,1.799694
FILLER_0_238,VPWR,li1,115.6900,13.6000,1.799689
FILLER_0_231,VPWR,li1,112.4700,13.6000,1.799686
FILLER_0_225,VPWR,li1,109.4800,13.6000,1.799684
FILLER_0_223,VPWR,li1,108.3300,13.6000,1.799684
FILLER_0_197,VPWR,li1,96.6000,13.6000,1.799681
FILLER_0_187,VPWR,li1,91.7700,13.6000,1.799685
FILLER_0_169,VPWR,li1,83.7200,13.6000,1.799697
FILLER_0_162,VPWR,li1,80.5000,13.6000,1.799706
FILLER_0_134,VPWR,li1,67.6200,13.6000,1.799739
FILLER_0_126,VPWR,li1,65.3200,13.6000,1.799748
FILLER_0_109,VPWR,li1,56.3500,13.6000,1.799783
FILLER_0_97,VPWR,li1,52.9000,13.6000,1.799802
FILLER_0_85,VPWR,li1,47.3800,13.6000,1.799824
FILLER_0_81,VPWR,li1,43.4700,13.6000,1.799843
FILLER_0_69,VPWR,li1,40.0200,13.6000,1.799859
FILLER_0_57,VPWR,li1,34.5000,13.6000,1.799886
FILLER_0_53,VPWR,li1,30.5900,13.6000,1.799908
FILLER_0_41,VPWR,li1,27.1400,13.6000,1.799925
FILLER_0_29,VPWR,li1,21.6200,13.6000,1.799952
FILLER_0_27,VPWR,li1,18.1700,13.6000,1.799952
FILLER_0_15,VPWR,li1,15.1800,13.6000,1.799952
FILLER_0_3,VPWR,li1,9.6600,13.6000,1.799952
ANTENNA_11,VPWR,li1,245.6400,19.0400,1.799355
ANTENNA_10,VPWR,li1,87.4000,204.0000,1.799847
ANTENNA_9,VPWR,li1,316.9400,307.3600,1.799384
ANTENNA_8,VPWR,li1,98.9000,236.6400,1.799855
ANTENNA_7,VPWR,li1,11.9600,122.4000,1.799970
ANTENNA_6,VPWR,li1,83.2600,40.8000,1.799645
ANTENNA_5,VPWR,li1,138.4600,165.9200,1.799831
ANTENNA_4,VPWR,li1,150.8800,51.6800,1.799861
ANTENNA_3,VPWR,li1,161.0000,204.0000,1.799893
ANTENNA_2,VPWR,li1,92.4600,100.6400,1.799858
ANTENNA_1,VPWR,li1,236.9000,242.0800,1.799512
hold521,VPWR,li1,129.7200,171.3600,1.799732
hold520,VPWR,li1,137.5400,155.0400,1.799849
hold519,VPWR,li1,180.3200,285.6000,1.799879
hold518,VPWR,li1,110.8600,280.1600,1.799745
hold517,VPWR,li1,176.1800,291.0400,1.799886
hold516,VPWR,li1,290.7200,165.9200,1.799647
hold515,VPWR,li1,187.2200,285.6000,1.799852
hold514,VPWR,li1,195.5000,291.0400,1.799731
hold513,VPWR,li1,165.6000,73.4400,1.799797
hold512,VPWR,li1,162.3800,269.2800,1.799815
hold511,VPWR,li1,175.2600,285.6000,1.799902
hold510,VPWR,li1,203.3200,296.4800,1.799628
hold509,VPWR,li1,278.3000,171.3600,1.799713
hold508,VPWR,li1,296.2400,165.9200,1.799645
hold507,VPWR,li1,151.3400,263.8400,1.799860
hold506,VPWR,li1,299.9200,155.0400,1.798931
hold505,VPWR,li1,186.3000,291.0400,1.799799
hold504,VPWR,li1,17.4800,198.5600,1.799959
hold503,VPWR,li1,162.3800,68.0000,1.799881
hold502,VPWR,li1,281.9800,171.3600,1.799712
hold501,VPWR,li1,271.4000,149.6000,1.799136
hold500,VPWR,li1,182.1600,46.2400,1.799842
hold499,VPWR,li1,157.7800,291.0400,1.799845
hold498,VPWR,li1,166.5200,84.3200,1.799795
hold497,VPWR,li1,258.0600,176.8000,1.799116
hold496,VPWR,li1,157.3200,263.8400,1.799867
hold495,VPWR,li1,222.1800,280.1600,1.799580
hold494,VPWR,li1,304.0600,182.2400,1.799469
hold493,VPWR,li1,318.3200,111.5200,1.799146
hold492,VPWR,li1,55.2000,19.0400,1.799736
hold491,VPWR,li1,214.8200,285.6000,1.799758
hold490,VPWR,li1,18.8600,209.4400,1.799942
hold489,VPWR,li1,149.5000,296.4800,1.799843
hold488,VPWR,li1,321.5400,106.0800,1.798635
hold487,VPWR,li1,132.0200,301.9200,1.799724
hold486,VPWR,li1,20.7000,225.7600,1.799940
hold485,VPWR,li1,164.6800,46.2400,1.799872
hold484,VPWR,li1,206.5400,301.9200,1.799752
hold483,VPWR,li1,130.6400,307.3600,1.799831
hold482,VPWR,li1,157.7800,323.6800,1.799686
hold481,VPWR,li1,33.5800,225.7600,1.799892
hold480,VPWR,li1,318.3200,57.1200,1.799321
hold479,VPWR,li1,24.8400,236.6400,1.799949
hold478,VPWR,li1,172.0400,29.9200,1.799943
hold477,VPWR,li1,92.4600,35.3600,1.799672
hold476,VPWR,li1,104.4200,29.9200,1.799827
hold475,VPWR,li1,28.5200,214.8800,1.799926
hold474,VPWR,li1,132.4800,29.9200,1.799855
hold473,VPWR,li1,182.1600,35.3600,1.799924
hold472,VPWR,li1,25.3000,209.4400,1.799927
hold471,VPWR,li1,162.8400,29.9200,1.799919
hold470,VPWR,li1,244.7200,19.0400,1.799362
hold469,VPWR,li1,11.9600,274.7200,1.799962
hold468,VPWR,li1,119.6000,24.4800,1.799575
hold467,VPWR,li1,96.6000,29.9200,1.799825
hold466,VPWR,li1,309.1200,160.4800,1.799178
hold465,VPWR,li1,74.5200,19.0400,1.799635
hold464,VPWR,li1,322.4600,73.4400,1.798206
hold463,VPWR,li1,325.2200,116.9600,1.799443
hold462,VPWR,li1,92.9200,24.4800,1.799584
hold461,VPWR,li1,318.3200,100.6400,1.798955
hold460,VPWR,li1,16.1000,252.9600,1.799918
hold459,VPWR,li1,325.2200,95.2000,1.799383
hold458,VPWR,li1,185.3800,29.9200,1.799930
hold457,VPWR,li1,325.2200,127.8400,1.798824
hold456,VPWR,li1,59.3400,13.6000,1.799771
hold455,VPWR,li1,86.4800,329.1200,1.799797
hold454,VPWR,li1,12.4200,269.2800,1.799958
hold453,VPWR,li1,129.2600,323.6800,1.799524
hold452,VPWR,li1,93.8400,323.6800,1.799507
hold451,VPWR,li1,318.3200,133.2800,1.799437
hold450,VPWR,li1,67.1600,19.0400,1.799667
hold449,VPWR,li1,325.2200,144.1600,1.799344
hold448,VPWR,li1,22.5400,220.3200,1.799952
hold447,VPWR,li1,252.0800,19.0400,1.799338
hold446,VPWR,li1,325.2200,89.7600,1.799344
hold445,VPWR,li1,325.2200,68.0000,1.799113
hold444,VPWR,li1,205.1600,307.3600,1.799678
hold443,VPWR,li1,316.4800,78.8800,1.799391
hold442,VPWR,li1,79.5800,19.0400,1.799627
hold441,VPWR,li1,320.6200,122.4000,1.799293
hold440,VPWR,li1,316.4800,149.6000,1.799011
hold439,VPWR,li1,20.7000,122.4000,1.799970
hold438,VPWR,li1,123.7400,323.6800,1.799511
hold437,VPWR,li1,160.5400,35.3600,1.799847
hold436,VPWR,li1,318.3200,46.2400,1.798903
hold435,VPWR,li1,100.2800,329.1200,1.799775
hold434,VPWR,li1,322.9200,57.1200,1.799319
hold433,VPWR,li1,316.9400,84.3200,1.798979
hold432,VPWR,li1,87.4000,24.4800,1.799604
hold431,VPWR,li1,142.6000,323.6800,1.799584
hold430,VPWR,li1,178.0200,312.8000,1.799939
hold429,VPWR,li1,149.5000,24.4800,1.799721
hold428,VPWR,li1,108.5600,24.4800,1.799565
hold427,VPWR,li1,186.3000,307.3600,1.799799
hold426,VPWR,li1,325.2200,296.4800,1.798903
hold425,VPWR,li1,235.9800,19.0400,1.799407
hold424,VPWR,li1,12.4200,95.2000,1.799928
hold423,VPWR,li1,313.2600,89.7600,1.799353
hold422,VPWR,li1,22.0800,242.0800,1.799955
hold421,VPWR,li1,113.1600,312.8000,1.799854
hold420,VPWR,li1,13.8000,198.5600,1.799956
hold419,VPWR,li1,138.9200,19.0400,1.799659
hold418,VPWR,li1,102.1200,29.9200,1.799826
hold417,VPWR,li1,324.3000,138.7200,1.799311
hold416,VPWR,li1,59.8000,323.6800,1.799672
hold415,VPWR,li1,126.0400,19.0400,1.799636
hold414,VPWR,li1,11.0400,106.0800,1.799961
hold413,VPWR,li1,97.9800,318.2400,1.799722
hold412,VPWR,li1,162.3800,19.0400,1.799760
hold411,VPWR,li1,316.4800,307.3600,1.799386
hold410,VPWR,li1,9.2000,258.4000,1.799942
hold409,VPWR,li1,324.3000,258.4000,1.799559
hold408,VPWR,li1,176.6400,24.4800,1.799858
hold407,VPWR,li1,318.3200,51.6800,1.799564
hold406,VPWR,li1,72.6800,329.1200,1.799825
hold405,VPWR,li1,203.3200,312.8000,1.799858
hold404,VPWR,li1,112.2400,24.4800,1.799568
hold403,VPWR,li1,106.7200,312.8000,1.799848
hold402,VPWR,li1,132.0200,19.0400,1.799646
hold401,VPWR,li1,85.1000,329.1200,1.799797
hold400,VPWR,li1,208.8400,307.3600,1.799661
hold399,VPWR,li1,318.3200,285.6000,1.799581
hold398,VPWR,li1,188.1400,312.8000,1.799904
hold397,VPWR,li1,194.1200,312.8000,1.799889
hold396,VPWR,li1,316.0200,187.6800,1.799341
hold395,VPWR,li1,221.2600,318.2400,1.799519
hold394,VPWR,li1,256.6800,323.6800,1.799532
hold393,VPWR,li1,239.6600,323.6800,1.799540
hold392,VPWR,li1,305.9000,209.4400,1.799459
hold391,VPWR,li1,317.4000,296.4800,1.798903
hold390,VPWR,li1,11.0400,89.7600,1.799918
hold389,VPWR,li1,316.9400,269.2800,1.798736
hold388,VPWR,li1,318.3200,176.8000,1.798768
hold387,VPWR,li1,322.4600,252.9600,1.799558
hold386,VPWR,li1,191.8200,307.3600,1.799754
hold385,VPWR,li1,175.2600,307.3600,1.799882
hold384,VPWR,li1,176.6400,323.6800,1.799826
hold383,VPWR,li1,177.5600,296.4800,1.799857
hold382,VPWR,li1,191.8200,296.4800,1.799730
hold381,VPWR,li1,316.9400,247.5200,1.799467
hold380,VPWR,li1,310.0400,204.0000,1.799264
hold379,VPWR,li1,321.0800,209.4400,1.799444
hold378,VPWR,li1,317.8600,220.3200,1.799070
hold377,VPWR,li1,319.7000,242.0800,1.799405
hold376,VPWR,li1,183.5400,318.2400,1.799814
rebuffer360,VPWR,li1,189.2900,116.9600,1.799855
rebuffer359,VPWR,li1,150.8800,149.6000,1.799875
rebuffer358,VPWR,li1,154.3300,220.3200,1.799864
rebuffer357,VPWR,li1,225.4000,214.8800,1.799519
rebuffer356,VPWR,li1,157.5500,220.3200,1.799868
rebuffer354,VPWR,li1,90.3900,176.8000,1.799753
rebuffer353,VPWR,li1,90.1600,171.3600,1.799777
rebuffer352,VPWR,li1,93.3800,176.8000,1.799748
rebuffer319,VPWR,li1,81.4200,111.5200,1.799843
rebuffer313,VPWR,li1,149.2700,247.5200,1.799755
rebuffer312,VPWR,li1,100.9700,176.8000,1.799735
rebuffer311,VPWR,li1,85.5600,182.2400,1.799856
rebuffer310,VPWR,li1,82.1100,187.6800,1.799891
rebuffer253,VPWR,li1,230.2300,89.7600,1.799590
clone233,VPWR,li1,96.8300,73.4400,1.799809
rebuffer232,VPWR,li1,90.3900,149.6000,1.799910
rebuffer231,VPWR,li1,93.8400,149.6000,1.799907
clone230,VPWR,li1,67.3900,89.7600,1.799648
clone229,VPWR,li1,39.3300,106.0800,1.799917
clone228,VPWR,li1,130.8700,84.3200,1.799724
rebuffer227,VPWR,li1,89.9300,138.7200,1.799915
rebuffer226,VPWR,li1,92.4600,138.7200,1.799913
rebuffer225,VPWR,li1,86.2500,149.6000,1.799914
rebuffer215,VPWR,li1,221.0300,214.8800,1.799546
clone192,VPWR,li1,235.7500,280.1600,1.799513
clone191,VPWR,li1,261.5100,258.4000,1.799645
rebuffer190,VPWR,li1,209.5300,291.0400,1.799639
rebuffer189,VPWR,li1,261.7400,263.8400,1.799213
rebuffer177,VPWR,li1,62.7900,116.9600,1.799906
rebuffer176,VPWR,li1,65.5500,68.0000,1.799879
rebuffer175,VPWR,li1,118.9100,78.8800,1.799857
rebuffer174,VPWR,li1,90.3900,95.2000,1.799536
clone173,VPWR,li1,61.4100,89.7600,1.799673
rebuffer172,VPWR,li1,65.0900,127.8400,1.799875
rebuffer171,VPWR,li1,75.4400,122.4000,1.799844
clone169,VPWR,li1,43.4700,225.7600,1.799854
clone168,VPWR,li1,49.4500,193.1200,1.799832
rebuffer167,VPWR,li1,95.4500,247.5200,1.799615
rebuffer166,VPWR,li1,100.9700,187.6800,1.799881
rebuffer165,VPWR,li1,92.6900,198.5600,1.799882
clone164,VPWR,li1,58.1900,193.1200,1.799826
rebuffer163,VPWR,li1,66.4700,176.8000,1.799810
rebuffer162,VPWR,li1,77.0500,176.8000,1.799786
rebuffer161,VPWR,li1,68.3100,176.8000,1.799805
rebuffer160,VPWR,li1,66.4700,171.3600,1.799836
rebuffer144,VPWR,li1,271.4000,269.2800,1.798822
rebuffer143,VPWR,li1,207.2300,193.1200,1.799864
clone142,VPWR,li1,234.8300,258.4000,1.799698
clone141,VPWR,li1,261.7400,231.2000,1.799592
rebuffer140,VPWR,li1,228.8500,242.0800,1.799539
clone139,VPWR,li1,235.7500,291.0400,1.799494
clone138,VPWR,li1,100.0500,78.8800,1.799858
rebuffer137,VPWR,li1,77.0500,116.9600,1.799891
clone134,VPWR,li1,256.4500,133.2800,1.799558
rebuffer131,VPWR,li1,93.3800,106.0800,1.799823
rebuffer130,VPWR,li1,104.8800,127.8400,1.799834
rebuffer129,VPWR,li1,205.3900,263.8400,1.799632
rebuffer128,VPWR,li1,218.2700,291.0400,1.799593
clone127,VPWR,li1,240.8100,247.5200,1.799620
rebuffer126,VPWR,li1,214.1300,291.0400,1.799612
rebuffer125,VPWR,li1,211.3700,296.4800,1.799562
rebuffer124,VPWR,li1,42.0900,225.7600,1.799864
rebuffer116,VPWR,li1,34.0400,68.0000,1.799935
clone115,VPWR,li1,143.2900,73.4400,1.799788
clone114,VPWR,li1,127.1900,78.8800,1.799858
rebuffer113,VPWR,li1,91.5400,46.2400,1.799806
rebuffer112,VPWR,li1,63.0200,138.7200,1.799936
rebuffer111,VPWR,li1,302.9100,111.5200,1.799166
rebuffer100,VPWR,li1,210.9100,291.0400,1.799639
clone99,VPWR,li1,207.6900,252.9600,1.799788
rebuffer98,VPWR,li1,198.0300,214.8800,1.799715
clone97,VPWR,li1,208.6100,274.7200,1.799604
rebuffer96,VPWR,li1,207.2300,296.4800,1.799595
rebuffer95,VPWR,li1,294.1700,301.9200,1.799469
rebuffer94,VPWR,li1,199.8700,193.1200,1.799884
rebuffer93,VPWR,li1,206.7700,291.0400,1.799660
rebuffer92,VPWR,li1,210.6800,280.1600,1.799635
rebuffer91,VPWR,li1,267.4900,269.2800,1.798835
rebuffer90,VPWR,li1,190.9000,231.2000,1.799844
rebuffer89,VPWR,li1,50.3700,280.1600,1.799870
rebuffer87,VPWR,li1,59.5700,155.0400,1.799916
rebuffer86,VPWR,li1,32.6600,280.1600,1.799920
rebuffer85,VPWR,li1,38.1800,280.1600,1.799908
rebuffer84,VPWR,li1,48.0700,269.2800,1.799881
rebuffer83,VPWR,li1,43.2400,263.8400,1.799890
rebuffer82,VPWR,li1,35.4200,269.2800,1.799922
rebuffer81,VPWR,li1,37.4900,291.0400,1.799902
rebuffer79,VPWR,li1,93.6100,138.7200,1.799913
rebuffer78,VPWR,li1,265.1900,171.3600,1.799716
clone77,VPWR,li1,176.4100,116.9600,1.799933
clone76,VPWR,li1,244.4900,171.3600,1.799738
rebuffer75,VPWR,li1,126.2700,155.0400,1.799852
rebuffer74,VPWR,li1,175.0300,149.6000,1.799891
rebuffer73,VPWR,li1,187.9100,165.9200,1.799879
rebuffer72,VPWR,li1,179.1700,149.6000,1.799851
rebuffer71,VPWR,li1,74.0600,116.9600,1.799894
rebuffer70,VPWR,li1,104.4200,138.7200,1.799908
rebuffer69,VPWR,li1,170.8900,133.2800,1.799915
rebuffer68,VPWR,li1,200.7900,165.9200,1.799837
rebuffer67,VPWR,li1,168.8200,100.6400,1.799893
rebuffer66,VPWR,li1,76.8200,84.3200,1.799736
rebuffer65,VPWR,li1,190.6700,160.4800,1.799774
rebuffer64,VPWR,li1,166.9800,127.8400,1.799880
rebuffer63,VPWR,li1,91.5400,149.6000,1.799910
rebuffer62,VPWR,li1,135.2400,116.9600,1.799893
rebuffer60,VPWR,li1,47.3800,225.7600,1.799840
rebuffer59,VPWR,li1,46.9200,274.7200,1.799912
clone58,VPWR,li1,39.7900,280.1600,1.799899
rebuffer57,VPWR,li1,51.9800,280.1600,1.799870
rebuffer56,VPWR,li1,43.7000,274.7200,1.799918
rebuffer48,VPWR,li1,41.4000,258.4000,1.799895
rebuffer47,VPWR,li1,75.9000,198.5600,1.799884
rebuffer46,VPWR,li1,84.4100,193.1200,1.799821
rebuffer45,VPWR,li1,106.9500,176.8000,1.799726
rebuffer44,VPWR,li1,111.0900,171.3600,1.799747
rebuffer43,VPWR,li1,261.9700,133.2800,1.799545
rebuffer42,VPWR,li1,265.1900,127.8400,1.799148
rebuffer41,VPWR,li1,261.5100,127.8400,1.799175
rebuffer40,VPWR,li1,261.9700,127.8400,1.799175
rebuffer39,VPWR,li1,265.1900,127.8400,1.799148
rebuffer38,VPWR,li1,265.1900,122.4000,1.799434
rebuffer37,VPWR,li1,261.5100,122.4000,1.799448
clone36,VPWR,li1,245.8700,111.5200,1.799354
rebuffer35,VPWR,li1,248.6300,144.1600,1.799528
rebuffer34,VPWR,li1,239.8900,116.9600,1.799620
rebuffer33,VPWR,li1,239.8900,111.5200,1.799396
rebuffer32,VPWR,li1,229.3100,111.5200,1.799473
rebuffer31,VPWR,li1,240.5800,111.5200,1.799396
rebuffer30,VPWR,li1,143.9800,138.7200,1.799908
rebuffer29,VPWR,li1,229.5400,116.9600,1.799663
rebuffer28,VPWR,li1,244.4900,84.3200,1.799306
rebuffer27,VPWR,li1,249.5500,89.7600,1.799513
rebuffer26,VPWR,li1,245.1800,95.2000,1.799529
rebuffer25,VPWR,li1,244.2600,95.2000,1.799538
rebuffer24,VPWR,li1,243.5700,100.6400,1.799389
rebuffer23,VPWR,li1,221.7200,111.5200,1.799529
rebuffer22,VPWR,li1,227.2400,122.4000,1.799599
rebuffer21,VPWR,li1,149.9600,116.9600,1.799907
rebuffer20,VPWR,li1,128.1100,138.7200,1.799907
rebuffer19,VPWR,li1,101.8900,116.9600,1.799881
rebuffer18,VPWR,li1,94.7600,116.9600,1.799882
rebuffer17,VPWR,li1,90.3900,116.9600,1.799884
rebuffer16,VPWR,li1,90.8500,122.4000,1.799837
rebuffer15,VPWR,li1,203.0900,100.6400,1.799687
rebuffer14,VPWR,li1,200.7900,106.0800,1.799516
rebuffer13,VPWR,li1,240.8100,95.2000,1.799544
rebuffer12,VPWR,li1,258.7500,35.3600,1.799865
rebuffer11,VPWR,li1,241.9600,106.0800,1.799009
rebuffer10,VPWR,li1,241.5000,100.6400,1.799402
rebuffer9,VPWR,li1,240.3500,122.4000,1.799537
rebuffer8,VPWR,li1,209.5300,133.2800,1.799748
rebuffer6,VPWR,li1,144.4400,122.4000,1.799866
rebuffer5,VPWR,li1,219.4200,116.9600,1.799708
rebuffer4,VPWR,li1,226.5500,106.0800,1.799193
rebuffer3,VPWR,li1,210.2200,127.8400,1.799577
rebuffer2,VPWR,li1,131.3300,106.0800,1.799817
rebuffer1,VPWR,li1,242.4200,144.1600,1.799546
rebuffer7,VPWR,li1,213.2100,133.2800,1.799725
clkload57,VPWR,li1,317.1700,263.8400,1.798888
clkload56,VPWR,li1,311.1900,296.4800,1.798920
clkload55,VPWR,li1,254.3800,329.1200,1.799283
clkload54,VPWR,li1,241.5000,318.2400,1.799399
clkload53,VPWR,li1,186.5300,176.8000,1.799706
clkload52,VPWR,li1,243.5700,187.6800,1.799485
clkload51,VPWR,li1,284.5100,209.4400,1.799496
clkload50,VPWR,li1,267.9500,187.6800,1.799395
clkload49,VPWR,li1,305.9000,176.8000,1.798776
clkload48,VPWR,li1,317.6300,225.7600,1.799760
clkload47,VPWR,li1,303.6000,236.6400,1.799412
clkload46,VPWR,li1,194.1200,242.0800,1.799710
clkload45,VPWR,li1,193.2000,274.7200,1.799663
clkload44,VPWR,li1,129.9500,280.1600,1.799726
clkload43,VPWR,li1,142.8300,285.6000,1.799727
clkload42,VPWR,li1,163.5300,323.6800,1.799731
clkload41,VPWR,li1,136.3900,323.6800,1.799544
clkload40,VPWR,li1,105.5700,301.9200,1.799638
clkload39,VPWR,li1,66.4700,291.0400,1.799813
clkload38,VPWR,li1,73.3700,318.2400,1.799735
clkload37,VPWR,li1,169.5100,182.2400,1.799889
clkload36,VPWR,li1,150.6500,258.4000,1.799794
clkload35,VPWR,li1,20.2400,252.9600,1.799928
clkload34,VPWR,li1,28.2900,193.1200,1.799885
clkload33,VPWR,li1,94.9900,225.7600,1.799707
clkload32,VPWR,li1,145.1300,176.8000,1.799700
clkload31,VPWR,li1,314.8700,100.6400,1.798969
clkload30,VPWR,li1,313.2600,155.0400,1.798877
clkload29,VPWR,li1,271.1700,160.4800,1.799223
clkload28,VPWR,li1,247.2500,106.0800,1.798960
clkload27,VPWR,li1,241.7300,149.6000,1.799278
clkload26,VPWR,li1,239.8900,24.4800,1.799651
clkload25,VPWR,li1,262.4300,68.0000,1.799237
clkload24,VPWR,li1,257.8300,19.0400,1.799312
clkload23,VPWR,li1,312.5700,40.8000,1.799461
clkload22,VPWR,li1,292.3300,84.3200,1.799017
clkload21,VPWR,li1,17.0200,106.0800,1.799961
clkload20,VPWR,li1,71.9900,89.7600,1.799621
clkload19,VPWR,li1,15.8700,84.3200,1.799937
clkload18,VPWR,li1,85.7900,84.3200,1.799718
clkload17,VPWR,li1,158.4700,84.3200,1.799763
clkload16,VPWR,li1,131.5600,100.6400,1.799849
clkload15,VPWR,li1,174.3400,155.0400,1.799886
clkload14,VPWR,li1,30.5900,40.8000,1.799867
clkload13,VPWR,li1,75.2100,46.2400,1.799821
clkload12,VPWR,li1,98.6700,29.9200,1.799825
clkload11,VPWR,li1,118.2200,24.4800,1.799575
clkload10,VPWR,li1,145.8200,19.0400,1.799670
clkload9,VPWR,li1,156.1700,40.8000,1.799749
clkload8,VPWR,li1,176.4100,78.8800,1.799901
clkload7,VPWR,li1,177.3300,19.0400,1.799831
clkload6,VPWR,li1,260.5900,274.7200,1.799485
clkload5,VPWR,li1,264.0400,220.3200,1.799113
clkload4,VPWR,li1,105.1100,247.5200,1.799585
clkload3,VPWR,li1,263.8100,106.0800,1.798794
clkload2,VPWR,li1,258.7500,73.4400,1.798544
clkload1,VPWR,li1,110.8600,95.2000,1.799451
clkload0,VPWR,li1,118.6800,57.1200,1.799640
clkbuf_3_7__f_clk,VPWR,li1,261.2800,269.2800,1.798850
clkbuf_3_6__f_clk,VPWR,li1,268.1800,220.3200,1.799072
clkbuf_3_5__f_clk,VPWR,li1,126.5000,291.0400,1.799803
clkbuf_3_4__f_clk,VPWR,li1,111.3200,247.5200,1.799569
clkbuf_3_3__f_clk,VPWR,li1,268.1800,106.0800,1.798737
clkbuf_3_2__f_clk,VPWR,li1,258.5200,73.4400,1.798544
clkbuf_3_1__f_clk,VPWR,li1,114.0800,95.2000,1.799440
clkbuf_3_0__f_clk,VPWR,li1,126.5000,57.1200,1.799626
clkbuf_0_clk,VPWR,li1,169.2800,171.3600,1.799768
clkbuf_leaf_68_clk,VPWR,li1,21.3900,111.5200,1.799937
clkbuf_leaf_67_clk,VPWR,li1,72.9100,89.7600,1.799621
clkbuf_leaf_66_clk,VPWR,li1,15.8700,78.8800,1.799938
clkbuf_leaf_65_clk,VPWR,li1,36.1100,35.3600,1.799822
clkbuf_leaf_64_clk,VPWR,li1,73.8300,19.0400,1.799635
clkbuf_leaf_63_clk,VPWR,li1,74.7500,40.8000,1.799647
clkbuf_leaf_62_clk,VPWR,li1,87.6300,89.7600,1.799597
clkbuf_leaf_61_clk,VPWR,li1,100.0500,24.4800,1.799562
clkbuf_leaf_60_clk,VPWR,li1,122.1300,24.4800,1.799579
clkbuf_leaf_59_clk,VPWR,li1,150.1900,19.0400,1.799680
clkbuf_leaf_58_clk,VPWR,li1,157.5500,40.8000,1.799749
clkbuf_leaf_57_clk,VPWR,li1,163.0700,84.3200,1.799778
clkbuf_leaf_55_clk,VPWR,li1,131.7900,95.2000,1.799503
clkbuf_leaf_54_clk,VPWR,li1,167.6700,155.0400,1.799873
clkbuf_leaf_53_clk,VPWR,li1,174.5700,78.8800,1.799892
clkbuf_leaf_52_clk,VPWR,li1,178.2500,24.4800,1.799858
clkbuf_leaf_50_clk,VPWR,li1,240.3500,19.0400,1.799375
clkbuf_leaf_48_clk,VPWR,li1,267.9500,68.0000,1.799205
clkbuf_leaf_47_clk,VPWR,li1,257.3700,19.0400,1.799312
clkbuf_leaf_46_clk,VPWR,li1,313.9500,46.2400,1.798909
clkbuf_leaf_45_clk,VPWR,li1,318.0900,73.4400,1.798209
clkbuf_leaf_44_clk,VPWR,li1,290.0300,84.3200,1.799025
clkbuf_leaf_42_clk,VPWR,li1,324.9900,100.6400,1.798934
clkbuf_leaf_41_clk,VPWR,li1,316.7100,127.8400,1.798828
clkbuf_leaf_40_clk,VPWR,li1,314.4100,155.0400,1.798864
clkbuf_leaf_39_clk,VPWR,li1,273.4700,160.4800,1.799211
clkbuf_leaf_38_clk,VPWR,li1,246.7900,111.5200,1.799354
clkbuf_leaf_37_clk,VPWR,li1,241.2700,149.6000,1.799278
clkbuf_leaf_36_clk,VPWR,li1,182.3900,176.8000,1.799731
clkbuf_leaf_35_clk,VPWR,li1,244.4900,187.6800,1.799485
clkbuf_leaf_33_clk,VPWR,li1,285.4300,214.8800,1.799135
clkbuf_leaf_32_clk,VPWR,li1,268.8700,187.6800,1.799395
clkbuf_leaf_31_clk,VPWR,li1,304.7500,176.8000,1.798776
clkbuf_leaf_30_clk,VPWR,li1,317.6300,204.0000,1.799242
clkbuf_leaf_29_clk,VPWR,li1,318.5500,231.2000,1.799456
clkbuf_leaf_28_clk,VPWR,li1,304.7500,236.6400,1.799412
clkbuf_leaf_27_clk,VPWR,li1,317.6300,263.8400,1.798887
clkbuf_leaf_26_clk,VPWR,li1,315.7900,296.4800,1.798903
clkbuf_leaf_25_clk,VPWR,li1,260.5900,329.1200,1.799266
clkbuf_leaf_23_clk,VPWR,li1,239.4300,318.2400,1.799403
clkbuf_leaf_22_clk,VPWR,li1,204.4700,323.6800,1.799598
clkbuf_leaf_21_clk,VPWR,li1,181.0100,307.3600,1.799824
clkbuf_leaf_20_clk,VPWR,li1,191.1300,274.7200,1.799680
clkbuf_leaf_18_clk,VPWR,li1,201.7100,242.0800,1.799653
clkbuf_leaf_17_clk,VPWR,li1,170.4300,176.8000,1.799804
clkbuf_leaf_15_clk,VPWR,li1,137.3100,280.1600,1.799728
clkbuf_leaf_14_clk,VPWR,li1,144.6700,258.4000,1.799773
clkbuf_leaf_13_clk,VPWR,li1,146.9700,285.6000,1.799734
clkbuf_leaf_12_clk,VPWR,li1,163.0700,329.1200,1.799789
clkbuf_leaf_11_clk,VPWR,li1,137.3100,323.6800,1.799544
clkbuf_leaf_10_clk,VPWR,li1,105.1100,323.6800,1.799477
clkbuf_leaf_9_clk,VPWR,li1,106.4900,301.9200,1.799638
clkbuf_leaf_8_clk,VPWR,li1,66.0100,285.6000,1.799702
clkbuf_leaf_7_clk,VPWR,li1,74.2900,318.2400,1.799735
clkbuf_leaf_5_clk,VPWR,li1,19.5500,252.9600,1.799919
clkbuf_leaf_4_clk,VPWR,li1,22.3100,214.8800,1.799937
clkbuf_leaf_3_clk,VPWR,li1,34.2700,193.1200,1.799854
clkbuf_leaf_2_clk,VPWR,li1,100.5100,225.7600,1.799700
clkbuf_leaf_1_clk,VPWR,li1,144.6700,176.8000,1.799700
clkbuf_leaf_0_clk,VPWR,li1,144.6700,165.9200,1.799827
fanout515,VPWR,li1,193.6600,225.7600,1.799881
fanout514,VPWR,li1,181.2400,263.8400,1.799836
fanout513,VPWR,li1,176.6400,291.0400,1.799886
fanout512,VPWR,li1,139.8400,214.8800,1.799870
fanout511,VPWR,li1,273.9300,182.2400,1.799513
fanout510,VPWR,li1,190.9000,144.1600,1.799824
fanout509,VPWR,li1,181.4700,111.5200,1.799847
fanout508,VPWR,li1,205.6200,274.7200,1.799612
fanout507,VPWR,li1,284.7400,160.4800,1.799194
fanout506,VPWR,li1,171.5800,209.4400,1.799916
fanout505,VPWR,li1,161.4600,236.6400,1.799903
fanout504,VPWR,li1,144.4400,247.5200,1.799730
fanout503,VPWR,li1,257.1400,176.8000,1.799116
fanout502,VPWR,li1,173.8800,144.1600,1.799924
fanout501,VPWR,li1,179.4000,144.1600,1.799901
fanout500,VPWR,li1,184.0000,127.8400,1.799813
fanout499,VPWR,li1,168.1300,269.2800,1.799822
fanout498,VPWR,li1,171.1200,269.2800,1.799830
fanout497,VPWR,li1,163.9900,269.2800,1.799819
fanout496,VPWR,li1,168.8200,269.2800,1.799826
fanout495,VPWR,li1,238.7400,182.2400,1.799620
fanout494,VPWR,li1,236.4400,176.8000,1.799277
fanout493,VPWR,li1,166.5200,187.6800,1.799916
fanout492,VPWR,li1,168.3600,144.1600,1.799923
fanout491,VPWR,li1,158.7000,204.0000,1.799890
fanout490,VPWR,li1,155.9400,198.5600,1.799921
fanout489,VPWR,li1,192.2800,176.8000,1.799643
fanout488,VPWR,li1,190.6700,182.2400,1.799835
fanout487,VPWR,li1,159.1600,144.1600,1.799921
fanout486,VPWR,li1,92.9200,165.9200,1.799869
fanout485,VPWR,li1,123.2800,187.6800,1.799886
fanout484,VPWR,li1,138.2300,111.5200,1.799863
fanout483,VPWR,li1,93.8400,160.4800,1.799870
fanout482,VPWR,li1,162.3800,204.0000,1.799897
fanout481,VPWR,li1,198.7200,176.8000,1.799600
fanout480,VPWR,li1,164.2200,204.0000,1.799900
fanout479,VPWR,li1,155.0200,149.6000,1.799875
fanout478,VPWR,li1,74.9800,165.9200,1.799893
fanout477,VPWR,li1,114.0800,165.9200,1.799848
fanout476,VPWR,li1,72.2200,165.9200,1.799897
fanout475,VPWR,li1,155.4800,214.8800,1.799882
fanout474,VPWR,li1,149.7300,214.8800,1.799877
fanout473,VPWR,li1,190.9000,214.8800,1.799775
fanout472,VPWR,li1,144.4400,149.6000,1.799877
fanout471,VPWR,li1,62.5600,171.3600,1.799844
fanout470,VPWR,li1,68.0800,171.3600,1.799829
fanout469,VPWR,li1,71.3000,155.0400,1.799901
fanout468,VPWR,li1,65.3200,198.5600,1.799891
fanout467,VPWR,li1,146.2800,214.8800,1.799874
fanout466,VPWR,li1,204.7000,209.4400,1.799779
fanout465,VPWR,li1,210.6800,155.0400,1.799556
fanout464,VPWR,li1,171.1200,133.2800,1.799915
fanout463,VPWR,li1,66.2400,198.5600,1.799891
fanout462,VPWR,li1,63.4800,198.5600,1.799893
fanout461,VPWR,li1,119.1400,160.4800,1.799840
fanout460,VPWR,li1,60.7200,160.4800,1.799919
fanout459,VPWR,li1,31.7400,291.0400,1.799919
fanout458,VPWR,li1,238.7400,291.0400,1.799485
fanout457,VPWR,li1,244.0300,285.6000,1.799687
fanout456,VPWR,li1,241.0400,285.6000,1.799692
fanout455,VPWR,li1,223.1000,242.0800,1.799564
fanout454,VPWR,li1,206.0800,291.0400,1.799660
fanout453,VPWR,li1,200.5600,291.0400,1.799695
fanout452,VPWR,li1,192.0500,111.5200,1.799761
fanout451,VPWR,li1,247.4800,149.6000,1.799247
fanout450,VPWR,li1,247.4800,144.1600,1.799528
fanout449,VPWR,li1,241.0400,127.8400,1.799335
fanout448,VPWR,li1,249.7800,89.7600,1.799505
fanout447,VPWR,li1,265.6500,78.8800,1.799491
fanout446,VPWR,li1,244.2600,84.3200,1.799306
fanout445,VPWR,li1,24.3800,291.0400,1.799947
fanout444,VPWR,li1,122.8200,280.1600,1.799734
fanout443,VPWR,li1,92.2300,193.1200,1.799825
fanout442,VPWR,li1,23.2300,285.6000,1.799924
fanout441,VPWR,li1,34.5000,280.1600,1.799914
fanout440,VPWR,li1,36.5700,225.7600,1.799884
fanout439,VPWR,li1,40.7100,225.7600,1.799864
fanout438,VPWR,li1,107.1800,149.6000,1.799897
fanout437,VPWR,li1,90.6200,84.3200,1.799714
fanout436,VPWR,li1,58.8800,155.0400,1.799916
fanout435,VPWR,li1,65.5500,155.0400,1.799907
fanout434,VPWR,li1,86.0200,95.2000,1.799559
fanout433,VPWR,li1,23.9200,95.2000,1.799909
fanout432,VPWR,li1,288.4200,171.3600,1.799711
fanout431,VPWR,li1,303.6000,247.5200,1.799479
fanout430,VPWR,li1,287.5000,165.9200,1.799648
fanout429,VPWR,li1,188.1400,236.6400,1.799851
fanout428,VPWR,li1,193.6600,236.6400,1.799811
fanout427,VPWR,li1,309.1200,46.2400,1.798926
fanout426,VPWR,li1,298.0800,106.0800,1.798663
fanout425,VPWR,li1,302.6800,46.2400,1.798960
fanout424,VPWR,li1,306.8200,106.0800,1.798645
fanout423,VPWR,li1,152.7200,51.6800,1.799867
fanout422,VPWR,li1,155.4800,171.3600,1.799737
fanout421,VPWR,li1,155.0200,258.4000,1.799813
fanout420,VPWR,li1,81.8800,301.9200,1.799677
fanout419,VPWR,li1,89.2400,204.0000,1.799845
fanout418,VPWR,li1,155.4800,51.6800,1.799876
fanout417,VPWR,li1,149.5000,51.6800,1.799861
fanout416,VPWR,li1,161.9200,73.4400,1.799794
fanout415,VPWR,li1,78.2000,40.8000,1.799646
fanout414,VPWR,li1,55.6600,51.6800,1.799852
fanout413,VPWR,li1,271.4000,182.2400,1.799520
fanout412,VPWR,li1,273.2400,182.2400,1.799514
fanout411,VPWR,li1,303.1400,247.5200,1.799479
fanout410,VPWR,li1,189.0600,242.0800,1.799770
fanout409,VPWR,li1,190.9000,242.0800,1.799739
fanout408,VPWR,li1,300.8400,144.1600,1.799372
fanout407,VPWR,li1,305.9000,95.2000,1.799402
fanout406,VPWR,li1,290.7200,160.4800,1.799189
fanout405,VPWR,li1,149.0400,263.8400,1.799855
fanout404,VPWR,li1,139.8400,258.4000,1.799773
fanout403,VPWR,li1,151.3400,263.8400,1.799860
fanout402,VPWR,li1,28.5200,242.0800,1.799931
fanout401,VPWR,li1,91.5400,204.0000,1.799844
fanout400,VPWR,li1,158.4700,95.2000,1.799705
fanout399,VPWR,li1,168.8200,89.7600,1.799858
fanout398,VPWR,li1,84.6400,89.7600,1.799600
fanout397,VPWR,li1,81.8800,89.7600,1.799602
fanout396,VPWR,li1,154.5600,165.9200,1.799852
fanout395,VPWR,li1,189.0600,280.1600,1.799772
fanout394,VPWR,li1,194.5800,274.7200,1.799663
fanout393,VPWR,li1,172.0400,307.3600,1.799878
fanout392,VPWR,li1,170.2000,307.3600,1.799875
fanout391,VPWR,li1,260.8200,182.2400,1.799541
fanout390,VPWR,li1,258.9800,182.2400,1.799545
fanout389,VPWR,li1,157.3200,269.2800,1.799808
fanout388,VPWR,li1,155.9400,269.2800,1.799808
fanout387,VPWR,li1,152.7200,296.4800,1.799846
fanout386,VPWR,li1,131.1000,307.3600,1.799831
fanout385,VPWR,li1,118.6800,312.8000,1.799862
fanout384,VPWR,li1,85.7900,323.6800,1.799542
fanout383,VPWR,li1,17.4800,247.5200,1.799930
fanout382,VPWR,li1,24.8400,198.5600,1.799952
fanout381,VPWR,li1,32.8900,214.8800,1.799923
fanout380,VPWR,li1,31.2800,214.8800,1.799923
fanout379,VPWR,li1,266.3400,165.9200,1.799674
fanout378,VPWR,li1,266.3400,155.0400,1.799145
fanout377,VPWR,li1,313.9500,127.8400,1.798845
fanout376,VPWR,li1,311.4200,133.2800,1.799445
fanout375,VPWR,li1,308.6600,89.7600,1.799359
fanout374,VPWR,li1,310.2700,89.7600,1.799359
fanout373,VPWR,li1,316.0200,89.7600,1.799349
fanout372,VPWR,li1,180.3200,68.0000,1.799853
fanout371,VPWR,li1,167.4400,35.3600,1.799880
fanout370,VPWR,li1,151.8000,165.9200,1.799840
fanout369,VPWR,li1,165.6000,78.8800,1.799883
fanout368,VPWR,li1,163.0700,46.2400,1.799864
fanout367,VPWR,li1,155.0200,24.4800,1.799753
fanout366,VPWR,li1,122.5900,29.9200,1.799839
fanout365,VPWR,li1,127.8800,24.4800,1.799608
fanout364,VPWR,li1,84.4100,40.8000,1.799645
fanout363,VPWR,li1,88.3200,29.9200,1.799825
fanout362,VPWR,li1,172.0400,176.8000,1.799820
fanout361,VPWR,li1,238.7400,231.2000,1.799664
fanout360,VPWR,li1,267.7200,258.4000,1.799634
fanout359,VPWR,li1,252.0800,263.8400,1.799286
fanout358,VPWR,li1,176.1800,165.9200,1.799924
fanout357,VPWR,li1,177.5600,236.6400,1.799909
fanout356,VPWR,li1,179.4000,236.6400,1.799897
fanout355,VPWR,li1,176.6400,182.2400,1.799910
fanout354,VPWR,li1,178.0200,231.2000,1.799909
fanout353,VPWR,li1,169.7400,187.6800,1.799918
fanout352,VPWR,li1,168.8200,176.8000,1.799804
fanout351,VPWR,li1,161.4600,182.2400,1.799869
fanout350,VPWR,li1,156.8600,182.2400,1.799858
fanout349,VPWR,li1,197.8000,187.6800,1.799781
fanout348,VPWR,li1,171.5800,187.6800,1.799921
fanout347,VPWR,li1,222.1800,182.2400,1.799690
fanout346,VPWR,li1,158.7000,171.3600,1.799744
fanout345,VPWR,li1,222.4100,209.4400,1.799709
fanout344,VPWR,li1,166.9800,176.8000,1.799795
fanout343,VPWR,li1,178.0200,165.9200,1.799915
fanout342,VPWR,li1,234.6000,176.8000,1.799291
fanout341,VPWR,li1,255.7600,138.7200,1.799502
fanout340,VPWR,li1,247.4800,100.6400,1.799361
fanout339,VPWR,li1,249.3200,100.6400,1.799349
fanout338,VPWR,li1,221.2600,46.2400,1.799537
fanout337,VPWR,li1,218.0400,171.3600,1.799772
fanout336,VPWR,li1,172.0400,165.9200,1.799911
fanout335,VPWR,li1,185.3800,165.9200,1.799890
fanout334,VPWR,li1,180.7800,165.9200,1.799905
fanout333,VPWR,li1,195.5000,165.9200,1.799853
fanout332,VPWR,li1,159.1600,155.0400,1.799861
fanout331,VPWR,li1,186.3000,171.3600,1.799823
fanout330,VPWR,li1,158.7000,165.9200,1.799864
fanout329,VPWR,li1,163.7600,165.9200,1.799880
fanout328,VPWR,li1,183.0800,116.9600,1.799894
fanout327,VPWR,li1,183.0800,155.0400,1.799820
fanout326,VPWR,li1,191.8200,116.9600,1.799842
fanout325,VPWR,li1,148.5800,176.8000,1.799711
fanout324,VPWR,li1,146.2800,171.3600,1.799728
fanout323,VPWR,li1,123.7400,231.2000,1.799843
fanout322,VPWR,li1,144.4400,182.2400,1.799840
fanout321,VPWR,li1,138.9200,182.2400,1.799834
fanout320,VPWR,li1,144.9000,231.2000,1.799873
fanout319,VPWR,li1,133.4000,182.2400,1.799832
fanout318,VPWR,li1,144.4400,242.0800,1.799828
fanout317,VPWR,li1,130.6400,182.2400,1.799833
fanout316,VPWR,li1,83.2600,274.7200,1.799863
fanout315,VPWR,li1,34.0400,242.0800,1.799920
fanout314,VPWR,li1,59.8000,182.2400,1.799895
fanout313,VPWR,li1,41.4000,182.2400,1.799933
fanout312,VPWR,li1,150.4200,176.8000,1.799723
fanout311,VPWR,li1,136.1600,176.8000,1.799700
fanout310,VPWR,li1,133.4000,171.3600,1.799730
fanout309,VPWR,li1,126.9600,171.3600,1.799735
fanout308,VPWR,li1,115.9200,160.4800,1.799843
fanout307,VPWR,li1,143.9800,155.0400,1.799850
fanout306,VPWR,li1,154.1000,144.1600,1.799921
fanout305,VPWR,li1,146.2800,149.6000,1.799876
fanout304,VPWR,li1,133.4000,160.4800,1.799830
fanout303,VPWR,li1,148.5800,160.4800,1.799833
fanout302,VPWR,li1,154.5600,122.4000,1.799880
fanout301,VPWR,li1,150.1900,155.0400,1.799852
fanout300,VPWR,li1,153.6400,155.0400,1.799854
fanout299,VPWR,li1,145.1300,155.0400,1.799851
fanout298,VPWR,li1,95.2200,100.6400,1.799856
fanout297,VPWR,li1,94.3000,95.2000,1.799518
fanout296,VPWR,li1,97.0600,100.6400,1.799855
fanout295,VPWR,li1,54.2800,106.0800,1.799879
fanout294,VPWR,li1,138.9200,165.9200,1.799831
fanout293,VPWR,li1,124.2000,144.1600,1.799925
fanout292,VPWR,li1,129.7200,155.0400,1.799850
fanout291,VPWR,li1,96.1400,155.0400,1.799875
fanout290,VPWR,li1,129.2600,165.9200,1.799836
fanout289,VPWR,li1,97.9800,155.0400,1.799872
fanout288,VPWR,li1,142.1400,89.7600,1.799753
fanout287,VPWR,li1,109.4800,106.0800,1.799816
fanout286,VPWR,li1,78.2000,100.6400,1.799872
fanout285,VPWR,li1,81.8800,95.2000,1.799582
fanout284,VPWR,li1,51.7500,106.0800,1.799885
fanout283,VPWR,li1,27.6000,89.7600,1.799883
fanout282,VPWR,li1,54.0500,62.5600,1.799922
fanout281,VPWR,li1,203.7800,269.2800,1.799481
fanout280,VPWR,li1,260.3600,263.8400,1.799229
fanout279,VPWR,li1,249.3200,285.6000,1.799676
fanout278,VPWR,li1,245.1800,225.7600,1.799798
fanout277,VPWR,li1,295.7800,247.5200,1.799489
fanout276,VPWR,li1,202.4000,269.2800,1.799481
fanout275,VPWR,li1,200.1000,252.9600,1.799824
fanout274,VPWR,li1,205.6200,252.9600,1.799797
fanout273,VPWR,li1,246.5600,127.8400,1.799285
fanout272,VPWR,li1,244.7200,122.4000,1.799518
fanout271,VPWR,li1,257.3700,106.0800,1.798860
fanout270,VPWR,li1,252.0800,116.9600,1.799577
fanout269,VPWR,li1,246.7900,89.7600,1.799522
fanout268,VPWR,li1,247.9400,89.7600,1.799513
fanout267,VPWR,li1,234.8300,57.1200,1.799570
fanout266,VPWR,li1,230.0000,51.6800,1.799734
fanout265,VPWR,li1,98.4400,252.9600,1.799845
fanout264,VPWR,li1,97.5200,252.9600,1.799845
fanout263,VPWR,li1,39.5600,247.5200,1.799837
fanout262,VPWR,li1,34.5000,263.8400,1.799918
fanout261,VPWR,li1,91.0800,193.1200,1.799825
fanout260,VPWR,li1,41.8600,231.2000,1.799901
fanout259,VPWR,li1,47.3800,204.0000,1.799914
fanout258,VPWR,li1,157.7800,89.7600,1.799814
fanout257,VPWR,li1,155.9400,89.7600,1.799806
fanout256,VPWR,li1,92.0000,84.3200,1.799712
fanout255,VPWR,li1,97.0600,95.2000,1.799510
fanout254,VPWR,li1,156.4000,73.4400,1.799790
fanout253,VPWR,li1,158.7000,73.4400,1.799792
fanout252,VPWR,li1,161.4600,46.2400,1.799864
fanout251,VPWR,li1,169.2800,35.3600,1.799896
fanout250,VPWR,li1,135.7000,29.9200,1.799859
fanout249,VPWR,li1,80.0400,84.3200,1.799731
fanout248,VPWR,li1,93.3800,40.8000,1.799646
fanout247,VPWR,li1,88.0900,40.8000,1.799645
fanout246,VPWR,li1,95.2200,35.3600,1.799673
fanout245,VPWR,li1,200.1000,285.6000,1.799803
fanout244,VPWR,li1,314.6400,285.6000,1.799583
fanout243,VPWR,li1,197.8000,285.6000,1.799812
fanout242,VPWR,li1,200.5600,274.7200,1.799639
fanout241,VPWR,li1,203.7800,274.7200,1.799620
fanout240,VPWR,li1,252.5400,269.2800,1.798929
fanout239,VPWR,li1,187.2200,274.7200,1.799739
fanout238,VPWR,li1,197.8000,274.7200,1.799650
fanout237,VPWR,li1,203.7800,291.0400,1.799674
fanout236,VPWR,li1,312.8000,285.6000,1.799585
fanout235,VPWR,li1,201.9400,285.6000,1.799796
fanout234,VPWR,li1,204.7000,280.1600,1.799676
fanout233,VPWR,li1,184.9200,301.9200,1.799849
fanout232,VPWR,li1,286.5800,160.4800,1.799192
fanout231,VPWR,li1,261.2800,165.9200,1.799681
fanout230,VPWR,li1,304.5200,84.3200,1.798995
fanout229,VPWR,li1,310.5000,106.0800,1.798643
fanout228,VPWR,li1,279.2200,171.3600,1.799713
fanout227,VPWR,li1,284.7400,171.3600,1.799711
fanout226,VPWR,li1,281.0600,165.9200,1.799654
fanout225,VPWR,li1,311.4200,144.1600,1.799355
fanout224,VPWR,li1,268.1800,155.0400,1.799123
fanout223,VPWR,li1,314.1800,106.0800,1.798640
fanout222,VPWR,li1,316.4800,106.0800,1.798638
fanout221,VPWR,li1,306.8200,89.7600,1.799361
fanout220,VPWR,li1,152.7200,258.4000,1.799803
fanout219,VPWR,li1,157.3200,258.4000,1.799823
fanout218,VPWR,li1,91.5400,301.9200,1.799653
fanout217,VPWR,li1,90.1600,214.8800,1.799865
fanout216,VPWR,li1,144.4400,269.2800,1.799801
fanout215,VPWR,li1,146.2800,269.2800,1.799802
fanout214,VPWR,li1,143.5200,296.4800,1.799830
fanout213,VPWR,li1,114.5400,307.3600,1.799820
fanout212,VPWR,li1,81.8800,323.6800,1.799559
fanout211,VPWR,li1,17.9400,258.4000,1.799949
fanout210,VPWR,li1,28.7500,225.7600,1.799917
fanout209,VPWR,li1,29.9000,209.4400,1.799914
fanout208,VPWR,li1,84.6400,106.0800,1.799830
fanout207,VPWR,li1,80.0400,106.0800,1.799834
fanout206,VPWR,li1,60.2600,106.0800,1.799868
fanout205,VPWR,li1,63.7100,62.5600,1.799910
fanout204,VPWR,li1,86.4800,106.0800,1.799827
fanout203,VPWR,li1,245.6400,220.3200,1.799247
fanout202,VPWR,li1,225.8600,269.2800,1.799223
fanout201,VPWR,li1,234.8300,225.7600,1.799812
fanout200,VPWR,li1,260.5900,225.7600,1.799782
fanout199,VPWR,li1,224.7100,247.5200,1.799679
fanout198,VPWR,li1,226.7800,263.8400,1.799466
fanout197,VPWR,li1,233.4500,100.6400,1.799461
fanout196,VPWR,li1,274.6200,78.8800,1.799467
fanout195,VPWR,li1,236.9000,84.3200,1.799358
fanout194,VPWR,li1,233.4500,95.2000,1.799570
fanout193,VPWR,li1,241.9600,89.7600,1.799536
fanout192,VPWR,li1,105.8000,258.4000,1.799784
fanout191,VPWR,li1,48.7600,242.0800,1.799874
fanout190,VPWR,li1,88.7800,182.2400,1.799855
fanout189,VPWR,li1,58.4200,176.8000,1.799834
fanout188,VPWR,li1,106.4900,263.8400,1.799823
fanout187,VPWR,li1,92.4600,176.8000,1.799748
fanout186,VPWR,li1,51.9800,133.2800,1.799902
fanout185,VPWR,li1,46.0000,122.4000,1.799899
fanout184,VPWR,li1,40.4800,122.4000,1.799914
fanout183,VPWR,li1,36.3400,89.7600,1.799822
fanout182,VPWR,li1,49.6800,138.7200,1.799951
fanout181,VPWR,li1,93.8400,57.1200,1.799698
fanout180,VPWR,li1,52.9000,138.7200,1.799947
fanout179,VPWR,li1,46.0000,89.7600,1.799760
fanout178,VPWR,li1,51.9800,89.7600,1.799725
fanout177,VPWR,li1,247.4800,236.6400,1.799575
fanout176,VPWR,li1,68.5400,220.3200,1.799860
fanout175,VPWR,li1,234.6000,252.9600,1.799692
fanout174,VPWR,li1,230.4600,252.9600,1.799706
fanout173,VPWR,li1,270.9400,247.5200,1.799535
fanout172,VPWR,li1,221.2600,274.7200,1.799563
fanout171,VPWR,li1,291.1800,258.4000,1.799598
fanout170,VPWR,li1,200.5600,68.0000,1.799681
fanout169,VPWR,li1,202.8600,68.0000,1.799664
fanout168,VPWR,li1,248.4000,51.6800,1.799676
fanout167,VPWR,li1,218.5000,57.1200,1.799648
fanout166,VPWR,li1,261.7400,46.2400,1.799216
fanout165,VPWR,li1,221.7200,57.1200,1.799633
fanout164,VPWR,li1,60.2600,225.7600,1.799794
fanout163,VPWR,li1,97.0600,263.8400,1.799824
fanout162,VPWR,li1,49.6800,269.2800,1.799881
fanout161,VPWR,li1,62.5600,225.7600,1.799786
fanout160,VPWR,li1,65.7800,220.3200,1.799863
fanout159,VPWR,li1,98.9000,269.2800,1.799798
fanout158,VPWR,li1,283.3600,285.6000,1.799618
fanout157,VPWR,li1,247.0200,263.8400,1.799324
fanout156,VPWR,li1,281.0600,111.5200,1.799227
fanout155,VPWR,li1,103.0400,280.1600,1.799757
max_cap154,VPWR,li1,79.8100,247.5200,1.799666
max_cap153,VPWR,li1,100.5100,111.5200,1.799842
wire151,VPWR,li1,217.5800,220.3200,1.799492
output150,VPWR,li1,190.4400,329.1200,1.799699
output149,VPWR,li1,230.0000,329.1200,1.799417
output148,VPWR,li1,181.7000,13.6000,1.799891
output147,VPWR,li1,191.3600,13.6000,1.799870
output146,VPWR,li1,188.1400,13.6000,1.799874
output145,VPWR,li1,184.9200,13.6000,1.799885
output144,VPWR,li1,136.6200,329.1200,1.799767
output143,VPWR,li1,139.8400,329.1200,1.799769
output142,VPWR,li1,114.0800,329.1200,1.799762
output141,VPWR,li1,104.4200,329.1200,1.799770
output140,VPWR,li1,101.2000,329.1200,1.799775
output139,VPWR,li1,94.7600,329.1200,1.799783
output138,VPWR,li1,220.3400,329.1200,1.799470
output137,VPWR,li1,80.0400,329.1200,1.799809
output136,VPWR,li1,81.8800,329.1200,1.799804
output135,VPWR,li1,9.6600,252.9600,1.799915
output134,VPWR,li1,7.8200,252.9600,1.799915
output133,VPWR,li1,72.2200,329.1200,1.799825
output132,VPWR,li1,13.3400,247.5200,1.799928
output131,VPWR,li1,7.8200,247.5200,1.799926
output130,VPWR,li1,9.6600,242.0800,1.799948
output129,VPWR,li1,7.8200,236.6400,1.799946
output128,VPWR,li1,7.8200,225.7600,1.799931
output127,VPWR,li1,217.1200,329.1200,1.799502
output126,VPWR,li1,9.6600,220.3200,1.799956
output125,VPWR,li1,9.6600,220.3200,1.799956
output124,VPWR,li1,7.8200,220.3200,1.799956
output123,VPWR,li1,9.6600,231.2000,1.799950
output122,VPWR,li1,7.8200,231.2000,1.799950
output121,VPWR,li1,7.8200,242.0800,1.799948
output120,VPWR,li1,7.8200,220.3200,1.799956
output119,VPWR,li1,120.5200,329.1200,1.799761
output118,VPWR,li1,110.8600,329.1200,1.799764
output117,VPWR,li1,107.6400,329.1200,1.799767
output116,VPWR,li1,223.5600,329.1200,1.799455
output115,VPWR,li1,117.3000,329.1200,1.799761
output114,VPWR,li1,166.5200,329.1200,1.799804
output113,VPWR,li1,130.1800,329.1200,1.799763
output112,VPWR,li1,143.0600,329.1200,1.799770
output111,VPWR,li1,159.1600,329.1200,1.799782
output110,VPWR,li1,155.9400,329.1200,1.799779
output109,VPWR,li1,324.7600,160.4800,1.799170
output108,VPWR,li1,326.6000,133.2800,1.799433
output107,VPWR,li1,326.6000,122.4000,1.799291
output106,VPWR,li1,313.2600,127.8400,1.798845
output105,VPWR,li1,204.2400,329.1200,1.799585
output104,VPWR,li1,319.2400,106.0800,1.798637
output103,VPWR,li1,319.2400,116.9600,1.799445
output102,VPWR,li1,326.6000,84.3200,1.798974
output101,VPWR,li1,324.7600,78.8800,1.799388
output100,VPWR,li1,326.6000,62.5600,1.799519
output99,VPWR,li1,320.6200,68.0000,1.799114
output98,VPWR,li1,326.6000,51.6800,1.799564
output97,VPWR,li1,326.6000,57.1200,1.799319
output96,VPWR,li1,322.9200,78.8800,1.799388
output95,VPWR,li1,322.4600,68.0000,1.799113
output94,VPWR,li1,201.9400,329.1200,1.799602
output93,VPWR,li1,311.8800,73.4400,1.798237
output92,VPWR,li1,313.7200,73.4400,1.798228
output91,VPWR,li1,252.5400,13.6000,1.799771
output90,VPWR,li1,246.1000,13.6000,1.799776
output89,VPWR,li1,255.7600,13.6000,1.799769
output88,VPWR,li1,326.1400,78.8800,1.799388
output87,VPWR,li1,326.6000,78.8800,1.799388
output86,VPWR,li1,326.6000,106.0800,1.798634
output85,VPWR,li1,321.5400,111.5200,1.799145
output84,VPWR,li1,326.6000,111.5200,1.799143
output83,VPWR,li1,196.4200,329.1200,1.799659
output82,VPWR,li1,319.2400,133.2800,1.799437
output81,VPWR,li1,319.2400,149.6000,1.799007
output80,VPWR,li1,326.6000,149.6000,1.799003
output79,VPWR,li1,326.6000,160.4800,1.799170
output78,VPWR,li1,326.6000,193.1200,1.799804
output77,VPWR,li1,324.7600,193.1200,1.799804
output76,VPWR,li1,326.6000,176.8000,1.798765
output75,VPWR,li1,326.6000,187.6800,1.799332
output74,VPWR,li1,213.9000,329.1200,1.799523
output73,VPWR,li1,188.1400,329.1200,1.799720
output72,VPWR,li1,184.9200,329.1200,1.799765
output71,VPWR,li1,210.6800,329.1200,1.799540
output70,VPWR,li1,207.4600,329.1200,1.799560
output69,VPWR,li1,200.1000,329.1200,1.799617
output68,VPWR,li1,181.7000,329.1200,1.799797
output67,VPWR,li1,226.7800,329.1200,1.799429
output66,VPWR,li1,247.0200,329.1200,1.799323
output65,VPWR,li1,326.6000,312.8000,1.799731
output64,VPWR,li1,326.6000,301.9200,1.799440
output63,VPWR,li1,326.6000,291.0400,1.799245
output62,VPWR,li1,326.6000,285.6000,1.799579
output61,VPWR,li1,172.0400,329.1200,1.799830
output60,VPWR,li1,259.4400,329.1200,1.799266
output59,VPWR,li1,326.6000,269.2800,1.798733
output58,VPWR,li1,324.7600,269.2800,1.798733
output57,VPWR,li1,326.6000,252.9600,1.799558
output56,VPWR,li1,326.6000,214.8800,1.799080
output55,VPWR,li1,326.6000,209.4400,1.799443
output54,VPWR,li1,326.6000,204.0000,1.799234
output53,VPWR,li1,326.6000,198.5600,1.799734
output52,VPWR,li1,177.1000,13.6000,1.799902
output51,VPWR,li1,164.6800,13.6000,1.799847
output50,VPWR,li1,175.2600,13.6000,1.799907
output49,VPWR,li1,120.5200,13.6000,1.799698
output48,VPWR,li1,117.3000,13.6000,1.799694
output47,VPWR,li1,114.0800,13.6000,1.799689
output46,VPWR,li1,109.9400,13.6000,1.799684
output45,VPWR,li1,97.9800,13.6000,1.799681
output44,VPWR,li1,326.6000,252.9600,1.799558
output43,VPWR,li1,94.7600,13.6000,1.799683
output42,VPWR,li1,81.8800,13.6000,1.799700
output41,VPWR,li1,85.1000,13.6000,1.799697
output40,VPWR,li1,84.1800,19.0400,1.799622
output39,VPWR,li1,69.0000,13.6000,1.799739
output38,VPWR,li1,92.9200,13.6000,1.799685
output37,VPWR,li1,77.2800,19.0400,1.799631
output36,VPWR,li1,8.2800,89.7600,1.799918
output35,VPWR,li1,7.8200,138.7200,1.799976
output34,VPWR,li1,7.8200,95.2000,1.799928
output33,VPWR,li1,324.7600,252.9600,1.799558
output32,VPWR,li1,94.3000,19.0400,1.799617
output31,VPWR,li1,9.6600,95.2000,1.799928
output30,VPWR,li1,99.8200,13.6000,1.799681
output29,VPWR,li1,110.8600,13.6000,1.799686
output28,VPWR,li1,130.1800,13.6000,1.799721
output27,VPWR,li1,139.8400,13.6000,1.799744
output26,VPWR,li1,143.0600,13.6000,1.799753
output25,VPWR,li1,152.7200,13.6000,1.799789
output24,VPWR,li1,162.8400,13.6000,1.799831
output23,VPWR,li1,178.9400,13.6000,1.799896
output22,VPWR,li1,178.4800,329.1200,1.799827
input21,VPWR,li1,7.8200,165.9200,1.799980
input20,VPWR,li1,7.8200,182.2400,1.799975
input19,VPWR,li1,7.8200,160.4800,1.799980
input18,VPWR,li1,7.8200,171.3600,1.799967
input17,VPWR,li1,7.8200,176.8000,1.799961
input16,VPWR,li1,7.8200,155.0400,1.799980
input15,VPWR,li1,7.8200,176.8000,1.799961
input14,VPWR,li1,7.8200,160.4800,1.799980
input13,VPWR,li1,157.3200,13.6000,1.799813
input12,VPWR,li1,7.8200,165.9200,1.799980
input11,VPWR,li1,159.1600,13.6000,1.799821
input10,VPWR,li1,313.7200,138.7200,1.799322
input9,VPWR,li1,326.6000,40.8000,1.799457
input8,VPWR,li1,9.6600,301.9200,1.799950
input7,VPWR,li1,7.5900,198.5600,1.799955
input6,VPWR,li1,8.9700,209.4400,1.799933
input5,VPWR,li1,7.8200,204.0000,1.799968
input4,VPWR,li1,8.9700,198.5600,1.799955
input3,VPWR,li1,243.8000,329.1200,1.799332
input2,VPWR,li1,322.9200,133.2800,1.799433
input1,VPWR,li1,324.3000,122.4000,1.799291
TAP_TAPCELL_ROW_117_1675,VPWR,li1,314.8700,329.4260,1.799266
TAP_TAPCELL_ROW_117_1674,VPWR,li1,301.9900,329.4260,1.799266
TAP_TAPCELL_ROW_117_1673,VPWR,li1,289.1100,329.4260,1.799266
TAP_TAPCELL_ROW_117_1672,VPWR,li1,276.2300,329.4260,1.799266
TAP_TAPCELL_ROW_117_1671,VPWR,li1,263.3500,329.4260,1.799266
TAP_TAPCELL_ROW_117_1670,VPWR,li1,250.4700,329.4260,1.799307
TAP_TAPCELL_ROW_117_1669,VPWR,li1,237.5900,329.4260,1.799369
TAP_TAPCELL_ROW_117_1668,VPWR,li1,224.7100,329.4260,1.799442
TAP_TAPCELL_ROW_117_1667,VPWR,li1,211.8300,329.4260,1.799540
TAP_TAPCELL_ROW_117_1666,VPWR,li1,198.9500,329.4260,1.799634
TAP_TAPCELL_ROW_117_1665,VPWR,li1,186.0700,329.4260,1.799740
TAP_TAPCELL_ROW_117_1664,VPWR,li1,173.1900,329.4260,1.799830
TAP_TAPCELL_ROW_117_1663,VPWR,li1,160.3100,329.4260,1.799782
TAP_TAPCELL_ROW_117_1662,VPWR,li1,147.4300,329.4260,1.799773
TAP_TAPCELL_ROW_117_1661,VPWR,li1,134.5500,329.4260,1.799766
TAP_TAPCELL_ROW_117_1660,VPWR,li1,121.6700,329.4260,1.799761
TAP_TAPCELL_ROW_117_1659,VPWR,li1,108.7900,329.4260,1.799766
TAP_TAPCELL_ROW_117_1658,VPWR,li1,95.9100,329.4260,1.799780
TAP_TAPCELL_ROW_117_1657,VPWR,li1,83.0300,329.4260,1.799800
TAP_TAPCELL_ROW_117_1656,VPWR,li1,70.1500,329.4260,1.799832
TAP_TAPCELL_ROW_117_1655,VPWR,li1,57.2700,329.4260,1.799868
TAP_TAPCELL_ROW_117_1654,VPWR,li1,44.3900,329.4260,1.799903
TAP_TAPCELL_ROW_117_1653,VPWR,li1,31.5100,329.4260,1.799944
TAP_TAPCELL_ROW_117_1652,VPWR,li1,18.6300,329.4260,1.799970
TAP_TAPCELL_ROW_116_1651,VPWR,li1,301.9900,328.8130,1.799266
TAP_TAPCELL_ROW_116_1650,VPWR,li1,276.2300,328.8130,1.799266
TAP_TAPCELL_ROW_116_1649,VPWR,li1,250.4700,328.8130,1.799307
TAP_TAPCELL_ROW_116_1648,VPWR,li1,224.7100,328.8130,1.799442
TAP_TAPCELL_ROW_116_1647,VPWR,li1,198.9500,328.8130,1.799634
TAP_TAPCELL_ROW_116_1646,VPWR,li1,173.1900,328.8130,1.799830
TAP_TAPCELL_ROW_116_1645,VPWR,li1,147.4300,328.8130,1.799773
TAP_TAPCELL_ROW_116_1644,VPWR,li1,121.6700,328.8130,1.799761
TAP_TAPCELL_ROW_116_1643,VPWR,li1,95.9100,328.8130,1.799780
TAP_TAPCELL_ROW_116_1642,VPWR,li1,70.1500,328.8130,1.799832
TAP_TAPCELL_ROW_116_1641,VPWR,li1,44.3900,328.8130,1.799903
TAP_TAPCELL_ROW_116_1640,VPWR,li1,18.6300,328.8130,1.799970
TAP_TAPCELL_ROW_115_1639,VPWR,li1,314.8700,323.9860,1.799532
TAP_TAPCELL_ROW_115_1638,VPWR,li1,289.1100,323.9860,1.799532
TAP_TAPCELL_ROW_115_1637,VPWR,li1,263.3500,323.9860,1.799532
TAP_TAPCELL_ROW_115_1636,VPWR,li1,237.5900,323.9860,1.799542
TAP_TAPCELL_ROW_115_1635,VPWR,li1,211.8300,323.9860,1.799581
TAP_TAPCELL_ROW_115_1634,VPWR,li1,186.0700,323.9860,1.799741
TAP_TAPCELL_ROW_115_1633,VPWR,li1,160.3100,323.9860,1.799703
TAP_TAPCELL_ROW_115_1632,VPWR,li1,134.5500,323.9860,1.799534
TAP_TAPCELL_ROW_115_1631,VPWR,li1,108.7900,323.9860,1.799481
TAP_TAPCELL_ROW_115_1630,VPWR,li1,83.0300,323.9860,1.799550
TAP_TAPCELL_ROW_115_1629,VPWR,li1,57.2700,323.9860,1.799687
TAP_TAPCELL_ROW_115_1628,VPWR,li1,31.5100,323.9860,1.799871
TAP_TAPCELL_ROW_114_1627,VPWR,li1,301.9900,323.3730,1.799532
TAP_TAPCELL_ROW_114_1626,VPWR,li1,276.2300,323.3730,1.799532
TAP_TAPCELL_ROW_114_1625,VPWR,li1,250.4700,323.3730,1.799534
TAP_TAPCELL_ROW_114_1624,VPWR,li1,224.7100,323.3730,1.799557
TAP_TAPCELL_ROW_114_1623,VPWR,li1,198.9500,323.3730,1.799639
TAP_TAPCELL_ROW_114_1622,VPWR,li1,173.1900,323.3730,1.799808
TAP_TAPCELL_ROW_114_1621,VPWR,li1,147.4300,323.3730,1.799605
TAP_TAPCELL_ROW_114_1620,VPWR,li1,121.6700,323.3730,1.799505
TAP_TAPCELL_ROW_114_1619,VPWR,li1,95.9100,323.3730,1.799500
TAP_TAPCELL_ROW_114_1618,VPWR,li1,70.1500,323.3730,1.799611
TAP_TAPCELL_ROW_114_1617,VPWR,li1,44.3900,323.3730,1.799774
TAP_TAPCELL_ROW_114_1616,VPWR,li1,18.6300,323.3730,1.799933
TAP_TAPCELL_ROW_113_1615,VPWR,li1,314.8700,318.5460,1.799386
TAP_TAPCELL_ROW_113_1614,VPWR,li1,289.1100,318.5460,1.799386
TAP_TAPCELL_ROW_113_1613,VPWR,li1,263.3500,318.5460,1.799386
TAP_TAPCELL_ROW_113_1612,VPWR,li1,237.5900,318.5460,1.799413
TAP_TAPCELL_ROW_113_1611,VPWR,li1,211.8300,318.5460,1.799584
TAP_TAPCELL_ROW_113_1610,VPWR,li1,186.0700,318.5460,1.799794
TAP_TAPCELL_ROW_113_1609,VPWR,li1,160.3100,318.5460,1.799836
TAP_TAPCELL_ROW_113_1608,VPWR,li1,134.5500,318.5460,1.799770
TAP_TAPCELL_ROW_113_1607,VPWR,li1,108.7900,318.5460,1.799729
TAP_TAPCELL_ROW_113_1606,VPWR,li1,83.0300,318.5460,1.799727
TAP_TAPCELL_ROW_113_1605,VPWR,li1,57.2700,318.5460,1.799803
TAP_TAPCELL_ROW_113_1604,VPWR,li1,31.5100,318.5460,1.799919
TAP_TAPCELL_ROW_112_1603,VPWR,li1,301.9900,317.9330,1.799386
TAP_TAPCELL_ROW_112_1602,VPWR,li1,276.2300,317.9330,1.799386
TAP_TAPCELL_ROW_112_1601,VPWR,li1,250.4700,317.9330,1.799391
TAP_TAPCELL_ROW_112_1600,VPWR,li1,224.7100,317.9330,1.799500
TAP_TAPCELL_ROW_112_1599,VPWR,li1,198.9500,317.9330,1.799684
TAP_TAPCELL_ROW_112_1598,VPWR,li1,173.1900,317.9330,1.799875
TAP_TAPCELL_ROW_112_1597,VPWR,li1,147.4300,317.9330,1.799802
TAP_TAPCELL_ROW_112_1596,VPWR,li1,121.6700,317.9330,1.799745
TAP_TAPCELL_ROW_112_1595,VPWR,li1,95.9100,317.9330,1.799722
TAP_TAPCELL_ROW_112_1594,VPWR,li1,70.1500,317.9330,1.799751
TAP_TAPCELL_ROW_112_1593,VPWR,li1,44.3900,317.9330,1.799858
TAP_TAPCELL_ROW_112_1592,VPWR,li1,18.6300,317.9330,1.799958
TAP_TAPCELL_ROW_111_1591,VPWR,li1,314.8700,313.1060,1.799731
TAP_TAPCELL_ROW_111_1590,VPWR,li1,289.1100,313.1060,1.799732
TAP_TAPCELL_ROW_111_1589,VPWR,li1,263.3500,313.1060,1.799742
TAP_TAPCELL_ROW_111_1588,VPWR,li1,237.5900,313.1060,1.799774
TAP_TAPCELL_ROW_111_1587,VPWR,li1,211.8300,313.1060,1.799833
TAP_TAPCELL_ROW_111_1586,VPWR,li1,186.0700,313.1060,1.799912
TAP_TAPCELL_ROW_111_1585,VPWR,li1,160.3100,313.1060,1.799924
TAP_TAPCELL_ROW_111_1584,VPWR,li1,134.5500,313.1060,1.799885
TAP_TAPCELL_ROW_111_1583,VPWR,li1,108.7900,313.1060,1.799850
TAP_TAPCELL_ROW_111_1582,VPWR,li1,83.0300,313.1060,1.799843
TAP_TAPCELL_ROW_111_1581,VPWR,li1,57.2700,313.1060,1.799872
TAP_TAPCELL_ROW_111_1580,VPWR,li1,31.5100,313.1060,1.799945
TAP_TAPCELL_ROW_110_1579,VPWR,li1,301.9900,312.4930,1.799732
TAP_TAPCELL_ROW_110_1578,VPWR,li1,276.2300,312.4930,1.799733
TAP_TAPCELL_ROW_110_1577,VPWR,li1,250.4700,312.4930,1.799755
TAP_TAPCELL_ROW_110_1576,VPWR,li1,224.7100,312.4930,1.799801
TAP_TAPCELL_ROW_110_1575,VPWR,li1,198.9500,312.4930,1.799871
TAP_TAPCELL_ROW_110_1574,VPWR,li1,173.1900,312.4930,1.799945
TAP_TAPCELL_ROW_110_1573,VPWR,li1,147.4300,312.4930,1.799905
TAP_TAPCELL_ROW_110_1572,VPWR,li1,121.6700,312.4930,1.799865
TAP_TAPCELL_ROW_110_1571,VPWR,li1,95.9100,312.4930,1.799845
TAP_TAPCELL_ROW_110_1570,VPWR,li1,70.1500,312.4930,1.799850
TAP_TAPCELL_ROW_110_1569,VPWR,li1,44.3900,312.4930,1.799903
TAP_TAPCELL_ROW_110_1568,VPWR,li1,18.6300,312.4930,1.799971
TAP_TAPCELL_ROW_109_1567,VPWR,li1,314.8700,307.6660,1.799386
TAP_TAPCELL_ROW_109_1566,VPWR,li1,289.1100,307.6660,1.799421
TAP_TAPCELL_ROW_109_1565,VPWR,li1,263.3500,307.6660,1.799475
TAP_TAPCELL_ROW_109_1564,VPWR,li1,237.5900,307.6660,1.799552
TAP_TAPCELL_ROW_109_1563,VPWR,li1,211.8300,307.6660,1.799650
TAP_TAPCELL_ROW_109_1562,VPWR,li1,186.0700,307.6660,1.799799
TAP_TAPCELL_ROW_109_1561,VPWR,li1,160.3100,307.6660,1.799864
TAP_TAPCELL_ROW_109_1560,VPWR,li1,134.5500,307.6660,1.799834
TAP_TAPCELL_ROW_109_1559,VPWR,li1,108.7900,307.6660,1.799817
TAP_TAPCELL_ROW_109_1558,VPWR,li1,83.0300,307.6660,1.799833
TAP_TAPCELL_ROW_109_1557,VPWR,li1,57.2700,307.6660,1.799888
TAP_TAPCELL_ROW_109_1556,VPWR,li1,31.5100,307.6660,1.799951
TAP_TAPCELL_ROW_108_1555,VPWR,li1,301.9900,307.0530,1.799398
TAP_TAPCELL_ROW_108_1554,VPWR,li1,276.2300,307.0530,1.799447
TAP_TAPCELL_ROW_108_1553,VPWR,li1,250.4700,307.0530,1.799512
TAP_TAPCELL_ROW_108_1552,VPWR,li1,224.7100,307.0530,1.799597
TAP_TAPCELL_ROW_108_1551,VPWR,li1,198.9500,307.0530,1.799714
TAP_TAPCELL_ROW_108_1550,VPWR,li1,173.1900,307.0530,1.799878
TAP_TAPCELL_ROW_108_1549,VPWR,li1,147.4300,307.0530,1.799849
TAP_TAPCELL_ROW_108_1548,VPWR,li1,121.6700,307.0530,1.799823
TAP_TAPCELL_ROW_108_1547,VPWR,li1,95.9100,307.0530,1.799817
TAP_TAPCELL_ROW_108_1546,VPWR,li1,70.1500,307.0530,1.799858
TAP_TAPCELL_ROW_108_1545,VPWR,li1,44.3900,307.0530,1.799915
TAP_TAPCELL_ROW_108_1544,VPWR,li1,18.6300,307.0530,1.799975
TAP_TAPCELL_ROW_107_1543,VPWR,li1,314.8700,302.2260,1.799445
TAP_TAPCELL_ROW_107_1542,VPWR,li1,289.1100,302.2260,1.799481
TAP_TAPCELL_ROW_107_1541,VPWR,li1,263.3500,302.2260,1.799547
TAP_TAPCELL_ROW_107_1540,VPWR,li1,237.5900,302.2260,1.799624
TAP_TAPCELL_ROW_107_1539,VPWR,li1,211.8300,302.2260,1.799724
TAP_TAPCELL_ROW_107_1538,VPWR,li1,186.0700,302.2260,1.799849
TAP_TAPCELL_ROW_107_1537,VPWR,li1,160.3100,302.2260,1.799837
TAP_TAPCELL_ROW_107_1536,VPWR,li1,134.5500,302.2260,1.799732
TAP_TAPCELL_ROW_107_1535,VPWR,li1,108.7900,302.2260,1.799646
TAP_TAPCELL_ROW_107_1534,VPWR,li1,83.0300,302.2260,1.799677
TAP_TAPCELL_ROW_107_1533,VPWR,li1,57.2700,302.2260,1.799775
TAP_TAPCELL_ROW_107_1532,VPWR,li1,31.5100,302.2260,1.799904
TAP_TAPCELL_ROW_106_1531,VPWR,li1,301.9900,301.6130,1.799458
TAP_TAPCELL_ROW_106_1530,VPWR,li1,276.2300,301.6130,1.799512
TAP_TAPCELL_ROW_106_1529,VPWR,li1,250.4700,301.6130,1.799588
TAP_TAPCELL_ROW_106_1528,VPWR,li1,224.7100,301.6130,1.799672
TAP_TAPCELL_ROW_106_1527,VPWR,li1,198.9500,301.6130,1.799783
TAP_TAPCELL_ROW_106_1526,VPWR,li1,173.1900,301.6130,1.799884
TAP_TAPCELL_ROW_106_1525,VPWR,li1,147.4300,301.6130,1.799786
TAP_TAPCELL_ROW_106_1524,VPWR,li1,121.6700,301.6130,1.799680
TAP_TAPCELL_ROW_106_1523,VPWR,li1,95.9100,301.6130,1.799649
TAP_TAPCELL_ROW_106_1522,VPWR,li1,70.1500,301.6130,1.799719
TAP_TAPCELL_ROW_106_1521,VPWR,li1,44.3900,301.6130,1.799832
TAP_TAPCELL_ROW_106_1520,VPWR,li1,18.6300,301.6130,1.799950
TAP_TAPCELL_ROW_105_1519,VPWR,li1,314.8700,296.7860,1.798910
TAP_TAPCELL_ROW_105_1518,VPWR,li1,289.1100,296.7860,1.799039
TAP_TAPCELL_ROW_105_1517,VPWR,li1,263.3500,296.7860,1.799192
TAP_TAPCELL_ROW_105_1516,VPWR,li1,237.5900,296.7860,1.799380
TAP_TAPCELL_ROW_105_1515,VPWR,li1,211.8300,296.7860,1.799562
TAP_TAPCELL_ROW_105_1514,VPWR,li1,186.0700,296.7860,1.799785
TAP_TAPCELL_ROW_105_1513,VPWR,li1,160.3100,296.7860,1.799862
TAP_TAPCELL_ROW_105_1512,VPWR,li1,134.5500,296.7860,1.799820
TAP_TAPCELL_ROW_105_1511,VPWR,li1,108.7900,296.7860,1.799799
TAP_TAPCELL_ROW_105_1510,VPWR,li1,83.0300,296.7860,1.799813
TAP_TAPCELL_ROW_105_1509,VPWR,li1,57.2700,296.7860,1.799859
TAP_TAPCELL_ROW_105_1508,VPWR,li1,31.5100,296.7860,1.799925
TAP_TAPCELL_ROW_104_1507,VPWR,li1,301.9900,296.1730,1.798963
TAP_TAPCELL_ROW_104_1506,VPWR,li1,276.2300,296.1730,1.799116
TAP_TAPCELL_ROW_104_1505,VPWR,li1,250.4700,296.1730,1.799285
TAP_TAPCELL_ROW_104_1504,VPWR,li1,224.7100,296.1730,1.799466
TAP_TAPCELL_ROW_104_1503,VPWR,li1,198.9500,296.1730,1.799666
TAP_TAPCELL_ROW_104_1502,VPWR,li1,173.1900,296.1730,1.799882
TAP_TAPCELL_ROW_104_1501,VPWR,li1,147.4300,296.1730,1.799836
TAP_TAPCELL_ROW_104_1500,VPWR,li1,121.6700,296.1730,1.799807
TAP_TAPCELL_ROW_104_1499,VPWR,li1,95.9100,296.1730,1.799803
TAP_TAPCELL_ROW_104_1498,VPWR,li1,70.1500,296.1730,1.799833
TAP_TAPCELL_ROW_104_1497,VPWR,li1,44.3900,296.1730,1.799889
TAP_TAPCELL_ROW_104_1496,VPWR,li1,18.6300,296.1730,1.799963
TAP_TAPCELL_ROW_103_1495,VPWR,li1,314.8700,291.3460,1.799253
TAP_TAPCELL_ROW_103_1494,VPWR,li1,289.1100,291.3460,1.799305
TAP_TAPCELL_ROW_103_1493,VPWR,li1,263.3500,291.3460,1.799388
TAP_TAPCELL_ROW_103_1492,VPWR,li1,237.5900,291.3460,1.799485
TAP_TAPCELL_ROW_103_1491,VPWR,li1,211.8300,291.3460,1.799626
TAP_TAPCELL_ROW_103_1490,VPWR,li1,186.0700,291.3460,1.799799
TAP_TAPCELL_ROW_103_1489,VPWR,li1,160.3100,291.3460,1.799850
TAP_TAPCELL_ROW_103_1488,VPWR,li1,134.5500,291.3460,1.799808
TAP_TAPCELL_ROW_103_1487,VPWR,li1,108.7900,291.3460,1.799791
TAP_TAPCELL_ROW_103_1486,VPWR,li1,83.0300,291.3460,1.799797
TAP_TAPCELL_ROW_103_1485,VPWR,li1,57.2700,291.3460,1.799843
TAP_TAPCELL_ROW_103_1484,VPWR,li1,31.5100,291.3460,1.799926
TAP_TAPCELL_ROW_102_1483,VPWR,li1,301.9900,290.7330,1.799274
TAP_TAPCELL_ROW_102_1482,VPWR,li1,276.2300,290.7330,1.799343
TAP_TAPCELL_ROW_102_1481,VPWR,li1,250.4700,290.7330,1.799437
TAP_TAPCELL_ROW_102_1480,VPWR,li1,224.7100,290.7330,1.799554
TAP_TAPCELL_ROW_102_1479,VPWR,li1,198.9500,290.7330,1.799714
TAP_TAPCELL_ROW_102_1478,VPWR,li1,173.1900,290.7330,1.799880
TAP_TAPCELL_ROW_102_1477,VPWR,li1,147.4300,290.7330,1.799825
TAP_TAPCELL_ROW_102_1476,VPWR,li1,121.6700,290.7330,1.799798
TAP_TAPCELL_ROW_102_1475,VPWR,li1,95.9100,290.7330,1.799791
TAP_TAPCELL_ROW_102_1474,VPWR,li1,70.1500,290.7330,1.799809
TAP_TAPCELL_ROW_102_1473,VPWR,li1,44.3900,290.7330,1.799882
TAP_TAPCELL_ROW_102_1472,VPWR,li1,18.6300,290.7330,1.799961
TAP_TAPCELL_ROW_101_1471,VPWR,li1,314.8700,285.9060,1.799583
TAP_TAPCELL_ROW_101_1470,VPWR,li1,289.1100,285.9060,1.799610
TAP_TAPCELL_ROW_101_1469,VPWR,li1,263.3500,285.9060,1.799651
TAP_TAPCELL_ROW_101_1468,VPWR,li1,237.5900,285.9060,1.799699
TAP_TAPCELL_ROW_101_1467,VPWR,li1,211.8300,285.9060,1.799764
TAP_TAPCELL_ROW_101_1466,VPWR,li1,186.0700,285.9060,1.799860
TAP_TAPCELL_ROW_101_1465,VPWR,li1,160.3100,285.9060,1.799819
TAP_TAPCELL_ROW_101_1464,VPWR,li1,134.5500,285.9060,1.799706
TAP_TAPCELL_ROW_101_1463,VPWR,li1,108.7900,285.9060,1.799678
TAP_TAPCELL_ROW_101_1462,VPWR,li1,83.0300,285.9060,1.799687
TAP_TAPCELL_ROW_101_1461,VPWR,li1,57.2700,285.9060,1.799745
TAP_TAPCELL_ROW_101_1460,VPWR,li1,31.5100,285.9060,1.799879
TAP_TAPCELL_ROW_100_1459,VPWR,li1,301.9900,285.2930,1.799594
TAP_TAPCELL_ROW_100_1458,VPWR,li1,276.2300,285.2930,1.799632
TAP_TAPCELL_ROW_100_1457,VPWR,li1,250.4700,285.2930,1.799676
TAP_TAPCELL_ROW_100_1456,VPWR,li1,224.7100,285.2930,1.799734
TAP_TAPCELL_ROW_100_1455,VPWR,li1,198.9500,285.2930,1.799812
TAP_TAPCELL_ROW_100_1454,VPWR,li1,173.1900,285.2930,1.799887
TAP_TAPCELL_ROW_100_1453,VPWR,li1,147.4300,285.2930,1.799745
TAP_TAPCELL_ROW_100_1452,VPWR,li1,121.6700,285.2930,1.799687
TAP_TAPCELL_ROW_100_1451,VPWR,li1,95.9100,285.2930,1.799681
TAP_TAPCELL_ROW_100_1450,VPWR,li1,70.1500,285.2930,1.799698
TAP_TAPCELL_ROW_100_1449,VPWR,li1,44.3900,285.2930,1.799813
TAP_TAPCELL_ROW_100_1448,VPWR,li1,18.6300,285.2930,1.799941
TAP_TAPCELL_ROW_99_1447,VPWR,li1,314.8700,280.4660,1.799263
TAP_TAPCELL_ROW_99_1446,VPWR,li1,289.1100,280.4660,1.799303
TAP_TAPCELL_ROW_99_1445,VPWR,li1,263.3500,280.4660,1.799392
TAP_TAPCELL_ROW_99_1444,VPWR,li1,237.5900,280.4660,1.799504
TAP_TAPCELL_ROW_99_1443,VPWR,li1,211.8300,280.4660,1.799635
TAP_TAPCELL_ROW_99_1442,VPWR,li1,186.0700,280.4660,1.799786
TAP_TAPCELL_ROW_99_1441,VPWR,li1,160.3100,280.4660,1.799808
TAP_TAPCELL_ROW_99_1440,VPWR,li1,134.5500,280.4660,1.799727
TAP_TAPCELL_ROW_99_1439,VPWR,li1,108.7900,280.4660,1.799747
TAP_TAPCELL_ROW_99_1438,VPWR,li1,83.0300,280.4660,1.799793
TAP_TAPCELL_ROW_99_1437,VPWR,li1,57.2700,280.4660,1.799857
TAP_TAPCELL_ROW_99_1436,VPWR,li1,31.5100,280.4660,1.799926
TAP_TAPCELL_ROW_98_1435,VPWR,li1,301.9900,279.8530,1.799276
TAP_TAPCELL_ROW_98_1434,VPWR,li1,276.2300,279.8530,1.799342
TAP_TAPCELL_ROW_98_1433,VPWR,li1,250.4700,279.8530,1.799453
TAP_TAPCELL_ROW_98_1432,VPWR,li1,224.7100,279.8530,1.799569
TAP_TAPCELL_ROW_98_1431,VPWR,li1,198.9500,279.8530,1.799710
TAP_TAPCELL_ROW_98_1430,VPWR,li1,173.1900,279.8530,1.799865
TAP_TAPCELL_ROW_98_1429,VPWR,li1,147.4300,279.8530,1.799762
TAP_TAPCELL_ROW_98_1428,VPWR,li1,121.6700,279.8530,1.799734
TAP_TAPCELL_ROW_98_1427,VPWR,li1,95.9100,279.8530,1.799767
TAP_TAPCELL_ROW_98_1426,VPWR,li1,70.1500,279.8530,1.799823
TAP_TAPCELL_ROW_98_1425,VPWR,li1,44.3900,279.8530,1.799890
TAP_TAPCELL_ROW_98_1424,VPWR,li1,18.6300,279.8530,1.799957
TAP_TAPCELL_ROW_97_1423,VPWR,li1,314.8700,275.0260,1.799453
TAP_TAPCELL_ROW_97_1422,VPWR,li1,289.1100,275.0260,1.799459
TAP_TAPCELL_ROW_97_1421,VPWR,li1,263.3500,275.0260,1.799482
TAP_TAPCELL_ROW_97_1420,VPWR,li1,237.5900,275.0260,1.799525
TAP_TAPCELL_ROW_97_1419,VPWR,li1,211.8300,275.0260,1.799591
TAP_TAPCELL_ROW_97_1418,VPWR,li1,186.0700,275.0260,1.799739
TAP_TAPCELL_ROW_97_1417,VPWR,li1,160.3100,275.0260,1.799868
TAP_TAPCELL_ROW_97_1416,VPWR,li1,134.5500,275.0260,1.799857
TAP_TAPCELL_ROW_97_1415,VPWR,li1,108.7900,275.0260,1.799853
TAP_TAPCELL_ROW_97_1414,VPWR,li1,83.0300,275.0260,1.799863
TAP_TAPCELL_ROW_97_1413,VPWR,li1,57.2700,275.0260,1.799891
TAP_TAPCELL_ROW_97_1412,VPWR,li1,31.5100,275.0260,1.799944
TAP_TAPCELL_ROW_96_1411,VPWR,li1,301.9900,274.4130,1.799454
TAP_TAPCELL_ROW_96_1410,VPWR,li1,276.2300,274.4130,1.799470
TAP_TAPCELL_ROW_96_1409,VPWR,li1,250.4700,274.4130,1.799498
TAP_TAPCELL_ROW_96_1408,VPWR,li1,224.7100,274.4130,1.799557
TAP_TAPCELL_ROW_96_1407,VPWR,li1,198.9500,274.4130,1.799639
TAP_TAPCELL_ROW_96_1406,VPWR,li1,173.1900,274.4130,1.799874
TAP_TAPCELL_ROW_96_1405,VPWR,li1,147.4300,274.4130,1.799862
TAP_TAPCELL_ROW_96_1404,VPWR,li1,121.6700,274.4130,1.799853
TAP_TAPCELL_ROW_96_1403,VPWR,li1,95.9100,274.4130,1.799857
TAP_TAPCELL_ROW_96_1402,VPWR,li1,70.1500,274.4130,1.799874
TAP_TAPCELL_ROW_96_1401,VPWR,li1,44.3900,274.4130,1.799918
TAP_TAPCELL_ROW_96_1400,VPWR,li1,18.6300,274.4130,1.799965
TAP_TAPCELL_ROW_95_1399,VPWR,li1,314.8700,269.5860,1.798738
TAP_TAPCELL_ROW_95_1398,VPWR,li1,289.1100,269.5860,1.798779
TAP_TAPCELL_ROW_95_1397,VPWR,li1,263.3500,269.5860,1.798843
TAP_TAPCELL_ROW_95_1396,VPWR,li1,237.5900,269.5860,1.799084
TAP_TAPCELL_ROW_95_1395,VPWR,li1,211.8300,269.5860,1.799370
TAP_TAPCELL_ROW_95_1394,VPWR,li1,186.0700,269.5860,1.799706
TAP_TAPCELL_ROW_95_1393,VPWR,li1,160.3100,269.5860,1.799812
TAP_TAPCELL_ROW_95_1392,VPWR,li1,134.5500,269.5860,1.799797
TAP_TAPCELL_ROW_95_1391,VPWR,li1,108.7900,269.5860,1.799795
TAP_TAPCELL_ROW_95_1390,VPWR,li1,83.0300,269.5860,1.799813
TAP_TAPCELL_ROW_95_1389,VPWR,li1,57.2700,269.5860,1.799861
TAP_TAPCELL_ROW_95_1388,VPWR,li1,31.5100,269.5860,1.799929
TAP_TAPCELL_ROW_94_1387,VPWR,li1,301.9900,268.9730,1.798754
TAP_TAPCELL_ROW_94_1386,VPWR,li1,276.2300,268.9730,1.798810
TAP_TAPCELL_ROW_94_1385,VPWR,li1,250.4700,268.9730,1.798949
TAP_TAPCELL_ROW_94_1384,VPWR,li1,224.7100,268.9730,1.799223
TAP_TAPCELL_ROW_94_1383,VPWR,li1,198.9500,268.9730,1.799522
TAP_TAPCELL_ROW_94_1382,VPWR,li1,173.1900,268.9730,1.799834
TAP_TAPCELL_ROW_94_1381,VPWR,li1,147.4300,268.9730,1.799802
TAP_TAPCELL_ROW_94_1380,VPWR,li1,121.6700,268.9730,1.799795
TAP_TAPCELL_ROW_94_1379,VPWR,li1,95.9100,268.9730,1.799799
TAP_TAPCELL_ROW_94_1378,VPWR,li1,70.1500,268.9730,1.799828
TAP_TAPCELL_ROW_94_1377,VPWR,li1,44.3900,268.9730,1.799894
TAP_TAPCELL_ROW_94_1376,VPWR,li1,18.6300,268.9730,1.799958
TAP_TAPCELL_ROW_93_1375,VPWR,li1,314.8700,264.1460,1.798903
TAP_TAPCELL_ROW_93_1374,VPWR,li1,289.1100,264.1460,1.799039
TAP_TAPCELL_ROW_93_1373,VPWR,li1,263.3500,264.1460,1.799213
TAP_TAPCELL_ROW_93_1372,VPWR,li1,237.5900,264.1460,1.799388
TAP_TAPCELL_ROW_93_1371,VPWR,li1,211.8300,264.1460,1.799584
TAP_TAPCELL_ROW_93_1370,VPWR,li1,186.0700,264.1460,1.799805
TAP_TAPCELL_ROW_93_1369,VPWR,li1,160.3100,264.1460,1.799870
TAP_TAPCELL_ROW_93_1368,VPWR,li1,134.5500,264.1460,1.799841
TAP_TAPCELL_ROW_93_1367,VPWR,li1,108.7900,264.1460,1.799824
TAP_TAPCELL_ROW_93_1366,VPWR,li1,83.0300,264.1460,1.799833
TAP_TAPCELL_ROW_93_1365,VPWR,li1,57.2700,264.1460,1.799864
TAP_TAPCELL_ROW_93_1364,VPWR,li1,31.5100,264.1460,1.799927
TAP_TAPCELL_ROW_92_1363,VPWR,li1,301.9900,263.5330,1.798960
TAP_TAPCELL_ROW_92_1362,VPWR,li1,276.2300,263.5330,1.799120
TAP_TAPCELL_ROW_92_1361,VPWR,li1,250.4700,263.5330,1.799301
TAP_TAPCELL_ROW_92_1360,VPWR,li1,224.7100,263.5330,1.799487
TAP_TAPCELL_ROW_92_1359,VPWR,li1,198.9500,263.5330,1.799690
TAP_TAPCELL_ROW_92_1358,VPWR,li1,173.1900,263.5330,1.799889
TAP_TAPCELL_ROW_92_1357,VPWR,li1,147.4300,263.5330,1.799855
TAP_TAPCELL_ROW_92_1356,VPWR,li1,121.6700,263.5330,1.799830
TAP_TAPCELL_ROW_92_1355,VPWR,li1,95.9100,263.5330,1.799825
TAP_TAPCELL_ROW_92_1354,VPWR,li1,70.1500,263.5330,1.799843
TAP_TAPCELL_ROW_92_1353,VPWR,li1,44.3900,263.5330,1.799890
TAP_TAPCELL_ROW_92_1352,VPWR,li1,18.6300,263.5330,1.799947
TAP_TAPCELL_ROW_91_1351,VPWR,li1,314.8700,258.7060,1.799567
TAP_TAPCELL_ROW_91_1350,VPWR,li1,289.1100,258.7060,1.799602
TAP_TAPCELL_ROW_91_1349,VPWR,li1,263.3500,258.7060,1.799641
TAP_TAPCELL_ROW_91_1348,VPWR,li1,237.5900,258.7060,1.799693
TAP_TAPCELL_ROW_91_1347,VPWR,li1,211.8300,258.7060,1.799765
TAP_TAPCELL_ROW_91_1346,VPWR,li1,186.0700,258.7060,1.799866
TAP_TAPCELL_ROW_91_1345,VPWR,li1,160.3100,258.7060,1.799832
TAP_TAPCELL_ROW_91_1344,VPWR,li1,134.5500,258.7060,1.799774
TAP_TAPCELL_ROW_91_1343,VPWR,li1,108.7900,258.7060,1.799783
TAP_TAPCELL_ROW_91_1342,VPWR,li1,83.0300,258.7060,1.799806
TAP_TAPCELL_ROW_91_1341,VPWR,li1,57.2700,258.7060,1.799856
TAP_TAPCELL_ROW_91_1340,VPWR,li1,31.5100,258.7060,1.799924
TAP_TAPCELL_ROW_90_1339,VPWR,li1,301.9900,258.0930,1.799583
TAP_TAPCELL_ROW_90_1338,VPWR,li1,276.2300,258.0930,1.799621
TAP_TAPCELL_ROW_90_1337,VPWR,li1,250.4700,258.0930,1.799664
TAP_TAPCELL_ROW_90_1336,VPWR,li1,224.7100,258.0930,1.799726
TAP_TAPCELL_ROW_90_1335,VPWR,li1,198.9500,258.0930,1.799813
TAP_TAPCELL_ROW_90_1334,VPWR,li1,173.1900,258.0930,1.799892
TAP_TAPCELL_ROW_90_1333,VPWR,li1,147.4300,258.0930,1.799780
TAP_TAPCELL_ROW_90_1332,VPWR,li1,121.6700,258.0930,1.799777
TAP_TAPCELL_ROW_90_1331,VPWR,li1,95.9100,258.0930,1.799792
TAP_TAPCELL_ROW_90_1330,VPWR,li1,70.1500,258.0930,1.799828
TAP_TAPCELL_ROW_90_1329,VPWR,li1,44.3900,258.0930,1.799888
TAP_TAPCELL_ROW_90_1328,VPWR,li1,18.6300,258.0930,1.799949
TAP_TAPCELL_ROW_89_1327,VPWR,li1,314.8700,253.2660,1.799558
TAP_TAPCELL_ROW_89_1326,VPWR,li1,289.1100,253.2660,1.799575
TAP_TAPCELL_ROW_89_1325,VPWR,li1,263.3500,253.2660,1.799619
TAP_TAPCELL_ROW_89_1324,VPWR,li1,237.5900,253.2660,1.799680
TAP_TAPCELL_ROW_89_1323,VPWR,li1,211.8300,253.2660,1.799778
TAP_TAPCELL_ROW_89_1322,VPWR,li1,186.0700,253.2660,1.799879
TAP_TAPCELL_ROW_89_1321,VPWR,li1,160.3100,253.2660,1.799893
TAP_TAPCELL_ROW_89_1320,VPWR,li1,134.5500,253.2660,1.799861
TAP_TAPCELL_ROW_89_1319,VPWR,li1,108.7900,253.2660,1.799847
TAP_TAPCELL_ROW_89_1318,VPWR,li1,83.0300,253.2660,1.799847
TAP_TAPCELL_ROW_89_1317,VPWR,li1,57.2700,253.2660,1.799865
TAP_TAPCELL_ROW_89_1316,VPWR,li1,31.5100,253.2660,1.799903
TAP_TAPCELL_ROW_88_1315,VPWR,li1,301.9900,252.6530,1.799563
TAP_TAPCELL_ROW_88_1314,VPWR,li1,276.2300,252.6530,1.799594
TAP_TAPCELL_ROW_88_1313,VPWR,li1,250.4700,252.6530,1.799646
TAP_TAPCELL_ROW_88_1312,VPWR,li1,224.7100,252.6530,1.799728
TAP_TAPCELL_ROW_88_1311,VPWR,li1,198.9500,252.6530,1.799824
TAP_TAPCELL_ROW_88_1310,VPWR,li1,173.1900,252.6530,1.799920
TAP_TAPCELL_ROW_88_1309,VPWR,li1,147.4300,252.6530,1.799870
TAP_TAPCELL_ROW_88_1308,VPWR,li1,121.6700,252.6530,1.799852
TAP_TAPCELL_ROW_88_1307,VPWR,li1,95.9100,252.6530,1.799844
TAP_TAPCELL_ROW_88_1306,VPWR,li1,70.1500,252.6530,1.799852
TAP_TAPCELL_ROW_88_1305,VPWR,li1,44.3900,252.6530,1.799883
TAP_TAPCELL_ROW_88_1304,VPWR,li1,18.6300,252.6530,1.799919
TAP_TAPCELL_ROW_87_1303,VPWR,li1,314.8700,247.8260,1.799468
TAP_TAPCELL_ROW_87_1302,VPWR,li1,289.1100,247.8260,1.799503
TAP_TAPCELL_ROW_87_1301,VPWR,li1,263.3500,247.8260,1.799554
TAP_TAPCELL_ROW_87_1300,VPWR,li1,237.5900,247.8260,1.799630
TAP_TAPCELL_ROW_87_1299,VPWR,li1,211.8300,247.8260,1.799733
TAP_TAPCELL_ROW_87_1298,VPWR,li1,186.0700,247.8260,1.799837
TAP_TAPCELL_ROW_87_1297,VPWR,li1,160.3100,247.8260,1.799806
TAP_TAPCELL_ROW_87_1296,VPWR,li1,134.5500,247.8260,1.799673
TAP_TAPCELL_ROW_87_1295,VPWR,li1,108.7900,247.8260,1.799577
TAP_TAPCELL_ROW_87_1294,VPWR,li1,83.0300,247.8260,1.799656
TAP_TAPCELL_ROW_87_1293,VPWR,li1,57.2700,247.8260,1.799757
TAP_TAPCELL_ROW_87_1292,VPWR,li1,31.5100,247.8260,1.799884
TAP_TAPCELL_ROW_86_1291,VPWR,li1,301.9900,247.2130,1.799479
TAP_TAPCELL_ROW_86_1290,VPWR,li1,276.2300,247.2130,1.799526
TAP_TAPCELL_ROW_86_1289,VPWR,li1,250.4700,247.2130,1.799590
TAP_TAPCELL_ROW_86_1288,VPWR,li1,224.7100,247.2130,1.799679
TAP_TAPCELL_ROW_86_1287,VPWR,li1,198.9500,247.2130,1.799780
TAP_TAPCELL_ROW_86_1286,VPWR,li1,173.1900,247.2130,1.799876
TAP_TAPCELL_ROW_86_1285,VPWR,li1,147.4300,247.2130,1.799739
TAP_TAPCELL_ROW_86_1284,VPWR,li1,121.6700,247.2130,1.799618
TAP_TAPCELL_ROW_86_1283,VPWR,li1,95.9100,247.2130,1.799615
TAP_TAPCELL_ROW_86_1282,VPWR,li1,70.1500,247.2130,1.799701
TAP_TAPCELL_ROW_86_1281,VPWR,li1,44.3900,247.2130,1.799812
TAP_TAPCELL_ROW_86_1280,VPWR,li1,18.6300,247.2130,1.799930
TAP_TAPCELL_ROW_85_1279,VPWR,li1,314.8700,242.3860,1.799405
TAP_TAPCELL_ROW_85_1278,VPWR,li1,289.1100,242.3860,1.799414
TAP_TAPCELL_ROW_85_1277,VPWR,li1,263.3500,242.3860,1.799445
TAP_TAPCELL_ROW_85_1276,VPWR,li1,237.5900,242.3860,1.799512
TAP_TAPCELL_ROW_85_1275,VPWR,li1,211.8300,242.3860,1.799609
TAP_TAPCELL_ROW_85_1274,VPWR,li1,186.0700,242.3860,1.799787
TAP_TAPCELL_ROW_85_1273,VPWR,li1,160.3100,242.3860,1.799855
TAP_TAPCELL_ROW_85_1272,VPWR,li1,134.5500,242.3860,1.799810
TAP_TAPCELL_ROW_85_1271,VPWR,li1,108.7900,242.3860,1.799781
TAP_TAPCELL_ROW_85_1270,VPWR,li1,83.0300,242.3860,1.799797
TAP_TAPCELL_ROW_85_1269,VPWR,li1,57.2700,242.3860,1.799853
TAP_TAPCELL_ROW_85_1268,VPWR,li1,31.5100,242.3860,1.799926
TAP_TAPCELL_ROW_84_1267,VPWR,li1,301.9900,241.7730,1.799405
TAP_TAPCELL_ROW_84_1266,VPWR,li1,276.2300,241.7730,1.799428
TAP_TAPCELL_ROW_84_1265,VPWR,li1,250.4700,241.7730,1.799475
TAP_TAPCELL_ROW_84_1264,VPWR,li1,224.7100,241.7730,1.799556
TAP_TAPCELL_ROW_84_1263,VPWR,li1,198.9500,241.7730,1.799672
TAP_TAPCELL_ROW_84_1262,VPWR,li1,173.1900,241.7730,1.799877
TAP_TAPCELL_ROW_84_1261,VPWR,li1,147.4300,241.7730,1.799831
TAP_TAPCELL_ROW_84_1260,VPWR,li1,121.6700,241.7730,1.799791
TAP_TAPCELL_ROW_84_1259,VPWR,li1,95.9100,241.7730,1.799783
TAP_TAPCELL_ROW_84_1258,VPWR,li1,70.1500,241.7730,1.799823
TAP_TAPCELL_ROW_84_1257,VPWR,li1,44.3900,241.7730,1.799887
TAP_TAPCELL_ROW_84_1256,VPWR,li1,18.6300,241.7730,1.799953
TAP_TAPCELL_ROW_83_1255,VPWR,li1,314.8700,236.9460,1.799412
TAP_TAPCELL_ROW_83_1254,VPWR,li1,289.1100,236.9460,1.799452
TAP_TAPCELL_ROW_83_1253,VPWR,li1,263.3500,236.9460,1.799527
TAP_TAPCELL_ROW_83_1252,VPWR,li1,237.5900,236.9460,1.799620
TAP_TAPCELL_ROW_83_1251,VPWR,li1,211.8300,236.9460,1.799725
TAP_TAPCELL_ROW_83_1250,VPWR,li1,186.0700,236.9460,1.799865
TAP_TAPCELL_ROW_83_1249,VPWR,li1,160.3100,236.9460,1.799901
TAP_TAPCELL_ROW_83_1248,VPWR,li1,134.5500,236.9460,1.799874
TAP_TAPCELL_ROW_83_1247,VPWR,li1,108.7900,236.9460,1.799857
TAP_TAPCELL_ROW_83_1246,VPWR,li1,83.0300,236.9460,1.799855
TAP_TAPCELL_ROW_83_1245,VPWR,li1,57.2700,236.9460,1.799880
TAP_TAPCELL_ROW_83_1244,VPWR,li1,31.5100,236.9460,1.799933
TAP_TAPCELL_ROW_82_1243,VPWR,li1,301.9900,236.3330,1.799418
TAP_TAPCELL_ROW_82_1242,VPWR,li1,276.2300,236.3330,1.799487
TAP_TAPCELL_ROW_82_1241,VPWR,li1,250.4700,236.3330,1.799565
TAP_TAPCELL_ROW_82_1240,VPWR,li1,224.7100,236.3330,1.799668
TAP_TAPCELL_ROW_82_1239,VPWR,li1,198.9500,236.3330,1.799786
TAP_TAPCELL_ROW_82_1238,VPWR,li1,173.1900,236.3330,1.799919
TAP_TAPCELL_ROW_82_1237,VPWR,li1,147.4300,236.3330,1.799887
TAP_TAPCELL_ROW_82_1236,VPWR,li1,121.6700,236.3330,1.799865
TAP_TAPCELL_ROW_82_1235,VPWR,li1,95.9100,236.3330,1.799855
TAP_TAPCELL_ROW_82_1234,VPWR,li1,70.1500,236.3330,1.799863
TAP_TAPCELL_ROW_82_1233,VPWR,li1,44.3900,236.3330,1.799907
TAP_TAPCELL_ROW_82_1232,VPWR,li1,18.6300,236.3330,1.799954
TAP_TAPCELL_ROW_81_1231,VPWR,li1,314.8700,231.5060,1.799464
TAP_TAPCELL_ROW_81_1230,VPWR,li1,289.1100,231.5060,1.799524
TAP_TAPCELL_ROW_81_1229,VPWR,li1,263.3500,231.5060,1.799592
TAP_TAPCELL_ROW_81_1228,VPWR,li1,237.5900,231.5060,1.799673
TAP_TAPCELL_ROW_81_1227,VPWR,li1,211.8300,231.5060,1.799758
TAP_TAPCELL_ROW_81_1226,VPWR,li1,186.0700,231.5060,1.799868
TAP_TAPCELL_ROW_81_1225,VPWR,li1,160.3100,231.5060,1.799895
TAP_TAPCELL_ROW_81_1224,VPWR,li1,134.5500,231.5060,1.799856
TAP_TAPCELL_ROW_81_1223,VPWR,li1,108.7900,231.5060,1.799827
TAP_TAPCELL_ROW_81_1222,VPWR,li1,83.0300,231.5060,1.799833
TAP_TAPCELL_ROW_81_1221,VPWR,li1,57.2700,231.5060,1.799873
TAP_TAPCELL_ROW_81_1220,VPWR,li1,31.5100,231.5060,1.799928
TAP_TAPCELL_ROW_80_1219,VPWR,li1,301.9900,230.8930,1.799493
TAP_TAPCELL_ROW_80_1218,VPWR,li1,276.2300,230.8930,1.799556
TAP_TAPCELL_ROW_80_1217,VPWR,li1,250.4700,230.8930,1.799630
TAP_TAPCELL_ROW_80_1216,VPWR,li1,224.7100,230.8930,1.799717
TAP_TAPCELL_ROW_80_1215,VPWR,li1,198.9500,230.8930,1.799810
TAP_TAPCELL_ROW_80_1214,VPWR,li1,173.1900,230.8930,1.799919
TAP_TAPCELL_ROW_80_1213,VPWR,li1,147.4300,230.8930,1.799876
TAP_TAPCELL_ROW_80_1212,VPWR,li1,121.6700,230.8930,1.799840
TAP_TAPCELL_ROW_80_1211,VPWR,li1,95.9100,230.8930,1.799822
TAP_TAPCELL_ROW_80_1210,VPWR,li1,70.1500,230.8930,1.799850
TAP_TAPCELL_ROW_80_1209,VPWR,li1,44.3900,230.8930,1.799896
TAP_TAPCELL_ROW_80_1208,VPWR,li1,18.6300,230.8930,1.799955
TAP_TAPCELL_ROW_79_1207,VPWR,li1,314.8700,226.0660,1.799760
TAP_TAPCELL_ROW_79_1206,VPWR,li1,289.1100,226.0660,1.799767
TAP_TAPCELL_ROW_79_1205,VPWR,li1,263.3500,226.0660,1.799780
TAP_TAPCELL_ROW_79_1204,VPWR,li1,237.5900,226.0660,1.799808
TAP_TAPCELL_ROW_79_1203,VPWR,li1,211.8300,226.0660,1.799848
TAP_TAPCELL_ROW_79_1202,VPWR,li1,186.0700,226.0660,1.799903
TAP_TAPCELL_ROW_79_1201,VPWR,li1,160.3100,226.0660,1.799872
TAP_TAPCELL_ROW_79_1200,VPWR,li1,134.5500,226.0660,1.799793
TAP_TAPCELL_ROW_79_1199,VPWR,li1,108.7900,226.0660,1.799719
TAP_TAPCELL_ROW_79_1198,VPWR,li1,83.0300,226.0660,1.799729
TAP_TAPCELL_ROW_79_1197,VPWR,li1,57.2700,226.0660,1.799806
TAP_TAPCELL_ROW_79_1196,VPWR,li1,31.5100,226.0660,1.799901
TAP_TAPCELL_ROW_78_1195,VPWR,li1,301.9900,225.4530,1.799763
TAP_TAPCELL_ROW_78_1194,VPWR,li1,276.2300,225.4530,1.799773
TAP_TAPCELL_ROW_78_1193,VPWR,li1,250.4700,225.4530,1.799791
TAP_TAPCELL_ROW_78_1192,VPWR,li1,224.7100,225.4530,1.799827
TAP_TAPCELL_ROW_78_1191,VPWR,li1,198.9500,225.4530,1.799871
TAP_TAPCELL_ROW_78_1190,VPWR,li1,173.1900,225.4530,1.799924
TAP_TAPCELL_ROW_78_1189,VPWR,li1,147.4300,225.4530,1.799831
TAP_TAPCELL_ROW_78_1188,VPWR,li1,121.6700,225.4530,1.799752
TAP_TAPCELL_ROW_78_1187,VPWR,li1,95.9100,225.4530,1.799707
TAP_TAPCELL_ROW_78_1186,VPWR,li1,70.1500,225.4530,1.799765
TAP_TAPCELL_ROW_78_1185,VPWR,li1,44.3900,225.4530,1.799854
TAP_TAPCELL_ROW_78_1184,VPWR,li1,18.6300,225.4530,1.799937
TAP_TAPCELL_ROW_77_1183,VPWR,li1,314.8700,220.6260,1.799070
TAP_TAPCELL_ROW_77_1182,VPWR,li1,289.1100,220.6260,1.799071
TAP_TAPCELL_ROW_77_1181,VPWR,li1,263.3500,220.6260,1.799113
TAP_TAPCELL_ROW_77_1180,VPWR,li1,237.5900,220.6260,1.799317
TAP_TAPCELL_ROW_77_1179,VPWR,li1,211.8300,220.6260,1.799555
TAP_TAPCELL_ROW_77_1178,VPWR,li1,186.0700,220.6260,1.799803
TAP_TAPCELL_ROW_77_1177,VPWR,li1,160.3100,220.6260,1.799871
TAP_TAPCELL_ROW_77_1176,VPWR,li1,134.5500,220.6260,1.799844
TAP_TAPCELL_ROW_77_1175,VPWR,li1,108.7900,220.6260,1.799836
TAP_TAPCELL_ROW_77_1174,VPWR,li1,83.0300,220.6260,1.799848
TAP_TAPCELL_ROW_77_1173,VPWR,li1,57.2700,220.6260,1.799875
TAP_TAPCELL_ROW_77_1172,VPWR,li1,31.5100,220.6260,1.799926
TAP_TAPCELL_ROW_76_1171,VPWR,li1,301.9900,220.0130,1.799070
TAP_TAPCELL_ROW_76_1170,VPWR,li1,276.2300,220.0130,1.799071
TAP_TAPCELL_ROW_76_1169,VPWR,li1,250.4700,220.0130,1.799214
TAP_TAPCELL_ROW_76_1168,VPWR,li1,224.7100,220.0130,1.799425
TAP_TAPCELL_ROW_76_1167,VPWR,li1,198.9500,220.0130,1.799665
TAP_TAPCELL_ROW_76_1166,VPWR,li1,173.1900,220.0130,1.799887
TAP_TAPCELL_ROW_76_1165,VPWR,li1,147.4300,220.0130,1.799857
TAP_TAPCELL_ROW_76_1164,VPWR,li1,121.6700,220.0130,1.799836
TAP_TAPCELL_ROW_76_1163,VPWR,li1,95.9100,220.0130,1.799840
TAP_TAPCELL_ROW_76_1162,VPWR,li1,70.1500,220.0130,1.799860
TAP_TAPCELL_ROW_76_1161,VPWR,li1,44.3900,220.0130,1.799896
TAP_TAPCELL_ROW_76_1160,VPWR,li1,18.6300,220.0130,1.799958
TAP_TAPCELL_ROW_75_1159,VPWR,li1,314.8700,215.1860,1.799084
TAP_TAPCELL_ROW_75_1158,VPWR,li1,289.1100,215.1860,1.799125
TAP_TAPCELL_ROW_75_1157,VPWR,li1,263.3500,215.1860,1.799258
TAP_TAPCELL_ROW_75_1156,VPWR,li1,237.5900,215.1860,1.799434
TAP_TAPCELL_ROW_75_1155,VPWR,li1,211.8300,215.1860,1.799613
TAP_TAPCELL_ROW_75_1154,VPWR,li1,186.0700,215.1860,1.799816
TAP_TAPCELL_ROW_75_1153,VPWR,li1,160.3100,215.1860,1.799886
TAP_TAPCELL_ROW_75_1152,VPWR,li1,134.5500,215.1860,1.799868
TAP_TAPCELL_ROW_75_1151,VPWR,li1,108.7900,215.1860,1.799861
TAP_TAPCELL_ROW_75_1150,VPWR,li1,83.0300,215.1860,1.799872
TAP_TAPCELL_ROW_75_1149,VPWR,li1,57.2700,215.1860,1.799895
TAP_TAPCELL_ROW_75_1148,VPWR,li1,31.5100,215.1860,1.799923
TAP_TAPCELL_ROW_74_1147,VPWR,li1,301.9900,214.5730,1.799102
TAP_TAPCELL_ROW_74_1146,VPWR,li1,276.2300,214.5730,1.799184
TAP_TAPCELL_ROW_74_1145,VPWR,li1,250.4700,214.5730,1.799350
TAP_TAPCELL_ROW_74_1144,VPWR,li1,224.7100,214.5730,1.799519
TAP_TAPCELL_ROW_74_1143,VPWR,li1,198.9500,214.5730,1.799715
TAP_TAPCELL_ROW_74_1142,VPWR,li1,173.1900,214.5730,1.799901
TAP_TAPCELL_ROW_74_1141,VPWR,li1,147.4300,214.5730,1.799876
TAP_TAPCELL_ROW_74_1140,VPWR,li1,121.6700,214.5730,1.799862
TAP_TAPCELL_ROW_74_1139,VPWR,li1,95.9100,214.5730,1.799862
TAP_TAPCELL_ROW_74_1138,VPWR,li1,70.1500,214.5730,1.799883
TAP_TAPCELL_ROW_74_1137,VPWR,li1,44.3900,214.5730,1.799910
TAP_TAPCELL_ROW_74_1136,VPWR,li1,18.6300,214.5730,1.799933
TAP_TAPCELL_ROW_73_1135,VPWR,li1,314.8700,209.7460,1.799448
TAP_TAPCELL_ROW_73_1134,VPWR,li1,289.1100,209.7460,1.799491
TAP_TAPCELL_ROW_73_1133,VPWR,li1,263.3500,209.7460,1.799561
TAP_TAPCELL_ROW_73_1132,VPWR,li1,237.5900,209.7460,1.799653
TAP_TAPCELL_ROW_73_1131,VPWR,li1,211.8300,209.7460,1.799750
TAP_TAPCELL_ROW_73_1130,VPWR,li1,186.0700,209.7460,1.799865
TAP_TAPCELL_ROW_73_1129,VPWR,li1,160.3100,209.7460,1.799890
TAP_TAPCELL_ROW_73_1128,VPWR,li1,134.5500,209.7460,1.799835
TAP_TAPCELL_ROW_73_1127,VPWR,li1,108.7900,209.7460,1.799796
TAP_TAPCELL_ROW_73_1126,VPWR,li1,83.0300,209.7460,1.799792
TAP_TAPCELL_ROW_73_1125,VPWR,li1,57.2700,209.7460,1.799838
TAP_TAPCELL_ROW_73_1124,VPWR,li1,31.5100,209.7460,1.799906
TAP_TAPCELL_ROW_72_1123,VPWR,li1,301.9900,209.1330,1.799467
TAP_TAPCELL_ROW_72_1122,VPWR,li1,276.2300,209.1330,1.799516
TAP_TAPCELL_ROW_72_1121,VPWR,li1,250.4700,209.1330,1.799608
TAP_TAPCELL_ROW_72_1120,VPWR,li1,224.7100,209.1330,1.799702
TAP_TAPCELL_ROW_72_1119,VPWR,li1,198.9500,209.1330,1.799804
TAP_TAPCELL_ROW_72_1118,VPWR,li1,173.1900,209.1330,1.799916
TAP_TAPCELL_ROW_72_1117,VPWR,li1,147.4300,209.1330,1.799862
TAP_TAPCELL_ROW_72_1116,VPWR,li1,121.6700,209.1330,1.799813
TAP_TAPCELL_ROW_72_1115,VPWR,li1,95.9100,209.1330,1.799787
TAP_TAPCELL_ROW_72_1114,VPWR,li1,70.1500,209.1330,1.799807
TAP_TAPCELL_ROW_72_1113,VPWR,li1,44.3900,209.1330,1.799868
TAP_TAPCELL_ROW_72_1112,VPWR,li1,18.6300,209.1330,1.799942
TAP_TAPCELL_ROW_71_1111,VPWR,li1,314.8700,204.3060,1.799252
TAP_TAPCELL_ROW_71_1110,VPWR,li1,289.1100,204.3060,1.799339
TAP_TAPCELL_ROW_71_1109,VPWR,li1,263.3500,204.3060,1.799449
TAP_TAPCELL_ROW_71_1108,VPWR,li1,237.5900,204.3060,1.799577
TAP_TAPCELL_ROW_71_1107,VPWR,li1,211.8300,204.3060,1.799704
TAP_TAPCELL_ROW_71_1106,VPWR,li1,186.0700,204.3060,1.799847
TAP_TAPCELL_ROW_71_1105,VPWR,li1,160.3100,204.3060,1.799893
TAP_TAPCELL_ROW_71_1104,VPWR,li1,134.5500,204.3060,1.799862
TAP_TAPCELL_ROW_71_1103,VPWR,li1,108.7900,204.3060,1.799843
TAP_TAPCELL_ROW_71_1102,VPWR,li1,83.0300,204.3060,1.799852
TAP_TAPCELL_ROW_71_1101,VPWR,li1,57.2700,204.3060,1.799892
TAP_TAPCELL_ROW_71_1100,VPWR,li1,31.5100,204.3060,1.799947
TAP_TAPCELL_ROW_70_1099,VPWR,li1,301.9900,203.6930,1.799293
TAP_TAPCELL_ROW_70_1098,VPWR,li1,276.2300,203.6930,1.799394
TAP_TAPCELL_ROW_70_1097,VPWR,li1,250.4700,203.6930,1.799511
TAP_TAPCELL_ROW_70_1096,VPWR,li1,224.7100,203.6930,1.799643
TAP_TAPCELL_ROW_70_1095,VPWR,li1,198.9500,203.6930,1.799779
TAP_TAPCELL_ROW_70_1094,VPWR,li1,173.1900,203.6930,1.799912
TAP_TAPCELL_ROW_70_1093,VPWR,li1,147.4300,203.6930,1.799877
TAP_TAPCELL_ROW_70_1092,VPWR,li1,121.6700,203.6930,1.799850
TAP_TAPCELL_ROW_70_1091,VPWR,li1,95.9100,203.6930,1.799843
TAP_TAPCELL_ROW_70_1090,VPWR,li1,70.1500,203.6930,1.799870
TAP_TAPCELL_ROW_70_1089,VPWR,li1,44.3900,203.6930,1.799918
TAP_TAPCELL_ROW_70_1088,VPWR,li1,18.6300,203.6930,1.799969
TAP_TAPCELL_ROW_69_1087,VPWR,li1,314.8700,198.8660,1.799734
TAP_TAPCELL_ROW_69_1086,VPWR,li1,289.1100,198.8660,1.799734
TAP_TAPCELL_ROW_69_1085,VPWR,li1,263.3500,198.8660,1.799736
TAP_TAPCELL_ROW_69_1084,VPWR,li1,237.5900,198.8660,1.799756
TAP_TAPCELL_ROW_69_1083,VPWR,li1,211.8300,198.8660,1.799813
TAP_TAPCELL_ROW_69_1082,VPWR,li1,186.0700,198.8660,1.799902
TAP_TAPCELL_ROW_69_1081,VPWR,li1,160.3100,198.8660,1.799926
TAP_TAPCELL_ROW_69_1080,VPWR,li1,134.5500,198.8660,1.799902
TAP_TAPCELL_ROW_69_1079,VPWR,li1,108.7900,198.8660,1.799888
TAP_TAPCELL_ROW_69_1078,VPWR,li1,83.0300,198.8660,1.799881
TAP_TAPCELL_ROW_69_1077,VPWR,li1,57.2700,198.8660,1.799902
TAP_TAPCELL_ROW_69_1076,VPWR,li1,31.5100,198.8660,1.799938
TAP_TAPCELL_ROW_68_1075,VPWR,li1,301.9900,198.2530,1.799734
TAP_TAPCELL_ROW_68_1074,VPWR,li1,276.2300,198.2530,1.799734
TAP_TAPCELL_ROW_68_1073,VPWR,li1,250.4700,198.2530,1.799743
TAP_TAPCELL_ROW_68_1072,VPWR,li1,224.7100,198.2530,1.799777
TAP_TAPCELL_ROW_68_1071,VPWR,li1,198.9500,198.2530,1.799850
TAP_TAPCELL_ROW_68_1070,VPWR,li1,173.1900,198.2530,1.799939
TAP_TAPCELL_ROW_68_1069,VPWR,li1,147.4300,198.2530,1.799913
TAP_TAPCELL_ROW_68_1068,VPWR,li1,121.6700,198.2530,1.799893
TAP_TAPCELL_ROW_68_1067,VPWR,li1,95.9100,198.2530,1.799883
TAP_TAPCELL_ROW_68_1066,VPWR,li1,70.1500,198.2530,1.799887
TAP_TAPCELL_ROW_68_1065,VPWR,li1,44.3900,198.2530,1.799917
TAP_TAPCELL_ROW_68_1064,VPWR,li1,18.6300,198.2530,1.799959
TAP_TAPCELL_ROW_67_1063,VPWR,li1,314.8700,193.4260,1.799804
TAP_TAPCELL_ROW_67_1062,VPWR,li1,289.1100,193.4260,1.799804
TAP_TAPCELL_ROW_67_1061,VPWR,li1,263.3500,193.4260,1.799804
TAP_TAPCELL_ROW_67_1060,VPWR,li1,237.5900,193.4260,1.799818
TAP_TAPCELL_ROW_67_1059,VPWR,li1,211.8300,193.4260,1.799856
TAP_TAPCELL_ROW_67_1058,VPWR,li1,186.0700,193.4260,1.799923
TAP_TAPCELL_ROW_67_1057,VPWR,li1,160.3100,193.4260,1.799926
TAP_TAPCELL_ROW_67_1056,VPWR,li1,134.5500,193.4260,1.799880
TAP_TAPCELL_ROW_67_1055,VPWR,li1,108.7900,193.4260,1.799841
TAP_TAPCELL_ROW_67_1054,VPWR,li1,83.0300,193.4260,1.799821
TAP_TAPCELL_ROW_67_1053,VPWR,li1,57.2700,193.4260,1.799826
TAP_TAPCELL_ROW_67_1052,VPWR,li1,31.5100,193.4260,1.799868
TAP_TAPCELL_ROW_66_1051,VPWR,li1,301.9900,192.8130,1.799804
TAP_TAPCELL_ROW_66_1050,VPWR,li1,276.2300,192.8130,1.799804
TAP_TAPCELL_ROW_66_1049,VPWR,li1,250.4700,192.8130,1.799807
TAP_TAPCELL_ROW_66_1048,VPWR,li1,224.7100,192.8130,1.799836
TAP_TAPCELL_ROW_66_1047,VPWR,li1,198.9500,192.8130,1.799884
TAP_TAPCELL_ROW_66_1046,VPWR,li1,173.1900,192.8130,1.799948
TAP_TAPCELL_ROW_66_1045,VPWR,li1,147.4300,192.8130,1.799900
TAP_TAPCELL_ROW_66_1044,VPWR,li1,121.6700,192.8130,1.799859
TAP_TAPCELL_ROW_66_1043,VPWR,li1,95.9100,192.8130,1.799828
TAP_TAPCELL_ROW_66_1042,VPWR,li1,70.1500,192.8130,1.799819
TAP_TAPCELL_ROW_66_1041,VPWR,li1,44.3900,192.8130,1.799842
TAP_TAPCELL_ROW_66_1040,VPWR,li1,18.6300,192.8130,1.799936
TAP_TAPCELL_ROW_65_1039,VPWR,li1,314.8700,187.9860,1.799341
TAP_TAPCELL_ROW_65_1038,VPWR,li1,289.1100,187.9860,1.799371
TAP_TAPCELL_ROW_65_1037,VPWR,li1,263.3500,187.9860,1.799415
TAP_TAPCELL_ROW_65_1036,VPWR,li1,237.5900,187.9860,1.799532
TAP_TAPCELL_ROW_65_1035,VPWR,li1,211.8300,187.9860,1.799688
TAP_TAPCELL_ROW_65_1034,VPWR,li1,186.0700,187.9860,1.799857
TAP_TAPCELL_ROW_65_1033,VPWR,li1,160.3100,187.9860,1.799911
TAP_TAPCELL_ROW_65_1032,VPWR,li1,134.5500,187.9860,1.799893
TAP_TAPCELL_ROW_65_1031,VPWR,li1,108.7900,187.9860,1.799880
TAP_TAPCELL_ROW_65_1030,VPWR,li1,83.0300,187.9860,1.799889
TAP_TAPCELL_ROW_65_1029,VPWR,li1,57.2700,187.9860,1.799913
TAP_TAPCELL_ROW_65_1028,VPWR,li1,31.5100,187.9860,1.799954
TAP_TAPCELL_ROW_64_1027,VPWR,li1,301.9900,187.3730,1.799356
TAP_TAPCELL_ROW_64_1026,VPWR,li1,276.2300,187.3730,1.799385
TAP_TAPCELL_ROW_64_1025,VPWR,li1,250.4700,187.3730,1.799461
TAP_TAPCELL_ROW_64_1024,VPWR,li1,224.7100,187.3730,1.799601
TAP_TAPCELL_ROW_64_1023,VPWR,li1,198.9500,187.3730,1.799763
TAP_TAPCELL_ROW_64_1022,VPWR,li1,173.1900,187.3730,1.799921
TAP_TAPCELL_ROW_64_1021,VPWR,li1,147.4300,187.3730,1.799901
TAP_TAPCELL_ROW_64_1020,VPWR,li1,121.6700,187.3730,1.799884
TAP_TAPCELL_ROW_64_1019,VPWR,li1,95.9100,187.3730,1.799883
TAP_TAPCELL_ROW_64_1018,VPWR,li1,70.1500,187.3730,1.799899
TAP_TAPCELL_ROW_64_1017,VPWR,li1,44.3900,187.3730,1.799928
TAP_TAPCELL_ROW_64_1016,VPWR,li1,18.6300,187.3730,1.799976
TAP_TAPCELL_ROW_63_1015,VPWR,li1,314.8700,182.5460,1.799460
TAP_TAPCELL_ROW_63_1014,VPWR,li1,289.1100,182.5460,1.799488
TAP_TAPCELL_ROW_63_1013,VPWR,li1,263.3500,182.5460,1.799535
TAP_TAPCELL_ROW_63_1012,VPWR,li1,237.5900,182.5460,1.799620
TAP_TAPCELL_ROW_63_1011,VPWR,li1,211.8300,182.5460,1.799742
TAP_TAPCELL_ROW_63_1010,VPWR,li1,186.0700,182.5460,1.799865
TAP_TAPCELL_ROW_63_1009,VPWR,li1,160.3100,182.5460,1.799869
TAP_TAPCELL_ROW_63_1008,VPWR,li1,134.5500,182.5460,1.799832
TAP_TAPCELL_ROW_63_1007,VPWR,li1,108.7900,182.5460,1.799839
TAP_TAPCELL_ROW_63_1006,VPWR,li1,83.0300,182.5460,1.799859
TAP_TAPCELL_ROW_63_1005,VPWR,li1,57.2700,182.5460,1.799901
TAP_TAPCELL_ROW_63_1004,VPWR,li1,31.5100,182.5460,1.799956
TAP_TAPCELL_ROW_62_1003,VPWR,li1,301.9900,181.9330,1.799472
TAP_TAPCELL_ROW_62_1002,VPWR,li1,276.2300,181.9330,1.799508
TAP_TAPCELL_ROW_62_1001,VPWR,li1,250.4700,181.9330,1.799571
TAP_TAPCELL_ROW_62_1000,VPWR,li1,224.7100,181.9330,1.799681
TAP_TAPCELL_ROW_62_999,VPWR,li1,198.9500,181.9330,1.799804
TAP_TAPCELL_ROW_62_998,VPWR,li1,173.1900,181.9330,1.799902
TAP_TAPCELL_ROW_62_997,VPWR,li1,147.4300,181.9330,1.799843
TAP_TAPCELL_ROW_62_996,VPWR,li1,121.6700,181.9330,1.799835
TAP_TAPCELL_ROW_62_995,VPWR,li1,95.9100,181.9330,1.799847
TAP_TAPCELL_ROW_62_994,VPWR,li1,70.1500,181.9330,1.799876
TAP_TAPCELL_ROW_62_993,VPWR,li1,44.3900,181.9330,1.799927
TAP_TAPCELL_ROW_62_992,VPWR,li1,18.6300,181.9330,1.799976
TAP_TAPCELL_ROW_61_991,VPWR,li1,314.8700,177.1060,1.798770
TAP_TAPCELL_ROW_61_990,VPWR,li1,289.1100,177.1060,1.798890
TAP_TAPCELL_ROW_61_989,VPWR,li1,263.3500,177.1060,1.799073
TAP_TAPCELL_ROW_61_988,VPWR,li1,237.5900,177.1060,1.799277
TAP_TAPCELL_ROW_61_987,VPWR,li1,211.8300,177.1060,1.799484
TAP_TAPCELL_ROW_61_986,VPWR,li1,186.0700,177.1060,1.799706
TAP_TAPCELL_ROW_61_985,VPWR,li1,160.3100,177.1060,1.799764
TAP_TAPCELL_ROW_61_984,VPWR,li1,134.5500,177.1060,1.799700
TAP_TAPCELL_ROW_61_983,VPWR,li1,108.7900,177.1060,1.799723
TAP_TAPCELL_ROW_61_982,VPWR,li1,83.0300,177.1060,1.799772
TAP_TAPCELL_ROW_61_981,VPWR,li1,57.2700,177.1060,1.799841
TAP_TAPCELL_ROW_61_980,VPWR,li1,31.5100,177.1060,1.799929
TAP_TAPCELL_ROW_60_979,VPWR,li1,301.9900,176.4930,1.798794
TAP_TAPCELL_ROW_60_978,VPWR,li1,276.2300,176.4930,1.798973
TAP_TAPCELL_ROW_60_977,VPWR,li1,250.4700,176.4930,1.799177
TAP_TAPCELL_ROW_60_976,VPWR,li1,224.7100,176.4930,1.799385
TAP_TAPCELL_ROW_60_975,VPWR,li1,198.9500,176.4930,1.799600
TAP_TAPCELL_ROW_60_974,VPWR,li1,173.1900,176.4930,1.799820
TAP_TAPCELL_ROW_60_973,VPWR,li1,147.4300,176.4930,1.799711
TAP_TAPCELL_ROW_60_972,VPWR,li1,121.6700,176.4930,1.799708
TAP_TAPCELL_ROW_60_971,VPWR,li1,95.9100,176.4930,1.799744
TAP_TAPCELL_ROW_60_970,VPWR,li1,70.1500,176.4930,1.799799
TAP_TAPCELL_ROW_60_969,VPWR,li1,44.3900,176.4930,1.799882
TAP_TAPCELL_ROW_60_968,VPWR,li1,18.6300,176.4930,1.799962
TAP_TAPCELL_ROW_59_967,VPWR,li1,314.8700,171.6660,1.799710
TAP_TAPCELL_ROW_59_966,VPWR,li1,289.1100,171.6660,1.799711
TAP_TAPCELL_ROW_59_965,VPWR,li1,263.3500,171.6660,1.799719
TAP_TAPCELL_ROW_59_964,VPWR,li1,237.5900,171.6660,1.799748
TAP_TAPCELL_ROW_59_963,VPWR,li1,211.8300,171.6660,1.799782
TAP_TAPCELL_ROW_59_962,VPWR,li1,186.0700,171.6660,1.799823
TAP_TAPCELL_ROW_59_961,VPWR,li1,160.3100,171.6660,1.799744
TAP_TAPCELL_ROW_59_960,VPWR,li1,134.5500,171.6660,1.799728
TAP_TAPCELL_ROW_59_959,VPWR,li1,108.7900,171.6660,1.799750
TAP_TAPCELL_ROW_59_958,VPWR,li1,83.0300,171.6660,1.799795
TAP_TAPCELL_ROW_59_957,VPWR,li1,57.2700,171.6660,1.799865
TAP_TAPCELL_ROW_59_956,VPWR,li1,31.5100,171.6660,1.799940
TAP_TAPCELL_ROW_58_955,VPWR,li1,301.9900,171.0530,1.799710
TAP_TAPCELL_ROW_58_954,VPWR,li1,276.2300,171.0530,1.799713
TAP_TAPCELL_ROW_58_953,VPWR,li1,250.4700,171.0530,1.799733
TAP_TAPCELL_ROW_58_952,VPWR,li1,224.7100,171.0530,1.799764
TAP_TAPCELL_ROW_58_951,VPWR,li1,198.9500,171.0530,1.799802
TAP_TAPCELL_ROW_58_950,VPWR,li1,173.1900,171.0530,1.799817
TAP_TAPCELL_ROW_58_949,VPWR,li1,147.4300,171.0530,1.799728
TAP_TAPCELL_ROW_58_948,VPWR,li1,121.6700,171.0530,1.799739
TAP_TAPCELL_ROW_58_947,VPWR,li1,95.9100,171.0530,1.799770
TAP_TAPCELL_ROW_58_946,VPWR,li1,70.1500,171.0530,1.799823
TAP_TAPCELL_ROW_58_945,VPWR,li1,44.3900,171.0530,1.799899
TAP_TAPCELL_ROW_58_944,VPWR,li1,18.6300,171.0530,1.799968
TAP_TAPCELL_ROW_57_943,VPWR,li1,314.8700,166.2260,1.799645
TAP_TAPCELL_ROW_57_942,VPWR,li1,289.1100,166.2260,1.799647
TAP_TAPCELL_ROW_57_941,VPWR,li1,263.3500,166.2260,1.799676
TAP_TAPCELL_ROW_57_940,VPWR,li1,237.5900,166.2260,1.799728
TAP_TAPCELL_ROW_57_939,VPWR,li1,211.8300,166.2260,1.799800
TAP_TAPCELL_ROW_57_938,VPWR,li1,186.0700,166.2260,1.799890
TAP_TAPCELL_ROW_57_937,VPWR,li1,160.3100,166.2260,1.799864
TAP_TAPCELL_ROW_57_936,VPWR,li1,134.5500,166.2260,1.799834
TAP_TAPCELL_ROW_57_935,VPWR,li1,108.7900,166.2260,1.799853
TAP_TAPCELL_ROW_57_934,VPWR,li1,83.0300,166.2260,1.799882
TAP_TAPCELL_ROW_57_933,VPWR,li1,57.2700,166.2260,1.799921
TAP_TAPCELL_ROW_57_932,VPWR,li1,31.5100,166.2260,1.799966
TAP_TAPCELL_ROW_56_931,VPWR,li1,301.9900,165.6130,1.799645
TAP_TAPCELL_ROW_56_930,VPWR,li1,276.2300,165.6130,1.799658
TAP_TAPCELL_ROW_56_929,VPWR,li1,250.4700,165.6130,1.799698
TAP_TAPCELL_ROW_56_928,VPWR,li1,224.7100,165.6130,1.799763
TAP_TAPCELL_ROW_56_927,VPWR,li1,198.9500,165.6130,1.799845
TAP_TAPCELL_ROW_56_926,VPWR,li1,173.1900,165.6130,1.799911
TAP_TAPCELL_ROW_56_925,VPWR,li1,147.4300,165.6130,1.799833
TAP_TAPCELL_ROW_56_924,VPWR,li1,121.6700,165.6130,1.799842
TAP_TAPCELL_ROW_56_923,VPWR,li1,95.9100,165.6130,1.799866
TAP_TAPCELL_ROW_56_922,VPWR,li1,70.1500,165.6130,1.799900
TAP_TAPCELL_ROW_56_921,VPWR,li1,44.3900,165.6130,1.799943
TAP_TAPCELL_ROW_56_920,VPWR,li1,18.6300,165.6130,1.799982
TAP_TAPCELL_ROW_55_919,VPWR,li1,314.8700,160.7860,1.799175
TAP_TAPCELL_ROW_55_918,VPWR,li1,289.1100,160.7860,1.799191
TAP_TAPCELL_ROW_55_917,VPWR,li1,263.3500,160.7860,1.799266
TAP_TAPCELL_ROW_55_916,VPWR,li1,237.5900,160.7860,1.799437
TAP_TAPCELL_ROW_55_915,VPWR,li1,211.8300,160.7860,1.799632
TAP_TAPCELL_ROW_55_914,VPWR,li1,186.0700,160.7860,1.799818
TAP_TAPCELL_ROW_55_913,VPWR,li1,160.3100,160.7860,1.799850
TAP_TAPCELL_ROW_55_912,VPWR,li1,134.5500,160.7860,1.799829
TAP_TAPCELL_ROW_55_911,VPWR,li1,108.7900,160.7860,1.799852
TAP_TAPCELL_ROW_55_910,VPWR,li1,83.0300,160.7860,1.799885
TAP_TAPCELL_ROW_55_909,VPWR,li1,57.2700,160.7860,1.799923
TAP_TAPCELL_ROW_55_908,VPWR,li1,31.5100,160.7860,1.799966
TAP_TAPCELL_ROW_54_907,VPWR,li1,301.9900,160.1730,1.799183
TAP_TAPCELL_ROW_54_906,VPWR,li1,276.2300,160.1730,1.799206
TAP_TAPCELL_ROW_54_905,VPWR,li1,250.4700,160.1730,1.799348
TAP_TAPCELL_ROW_54_904,VPWR,li1,224.7100,160.1730,1.799532
TAP_TAPCELL_ROW_54_903,VPWR,li1,198.9500,160.1730,1.799717
TAP_TAPCELL_ROW_54_902,VPWR,li1,173.1900,160.1730,1.799882
TAP_TAPCELL_ROW_54_901,VPWR,li1,147.4300,160.1730,1.799831
TAP_TAPCELL_ROW_54_900,VPWR,li1,121.6700,160.1730,1.799837
TAP_TAPCELL_ROW_54_899,VPWR,li1,95.9100,160.1730,1.799867
TAP_TAPCELL_ROW_54_898,VPWR,li1,70.1500,160.1730,1.799904
TAP_TAPCELL_ROW_54_897,VPWR,li1,44.3900,160.1730,1.799944
TAP_TAPCELL_ROW_54_896,VPWR,li1,18.6300,160.1730,1.799982
TAP_TAPCELL_ROW_53_895,VPWR,li1,314.8700,155.3460,1.798864
TAP_TAPCELL_ROW_53_894,VPWR,li1,289.1100,155.3460,1.798995
TAP_TAPCELL_ROW_53_893,VPWR,li1,263.3500,155.3460,1.799159
TAP_TAPCELL_ROW_53_892,VPWR,li1,237.5900,155.3460,1.799338
TAP_TAPCELL_ROW_53_891,VPWR,li1,211.8300,155.3460,1.799556
TAP_TAPCELL_ROW_53_890,VPWR,li1,186.0700,155.3460,1.799792
TAP_TAPCELL_ROW_53_889,VPWR,li1,160.3100,155.3460,1.799861
TAP_TAPCELL_ROW_53_888,VPWR,li1,134.5500,155.3460,1.799849
TAP_TAPCELL_ROW_53_887,VPWR,li1,108.7900,155.3460,1.799864
TAP_TAPCELL_ROW_53_886,VPWR,li1,83.0300,155.3460,1.799888
TAP_TAPCELL_ROW_53_885,VPWR,li1,57.2700,155.3460,1.799921
TAP_TAPCELL_ROW_53_884,VPWR,li1,31.5100,155.3460,1.799966
TAP_TAPCELL_ROW_52_883,VPWR,li1,301.9900,154.7330,1.798921
TAP_TAPCELL_ROW_52_882,VPWR,li1,276.2300,154.7330,1.799078
TAP_TAPCELL_ROW_52_881,VPWR,li1,250.4700,154.7330,1.799257
TAP_TAPCELL_ROW_52_880,VPWR,li1,224.7100,154.7330,1.799442
TAP_TAPCELL_ROW_52_879,VPWR,li1,198.9500,154.7330,1.799659
TAP_TAPCELL_ROW_52_878,VPWR,li1,173.1900,154.7330,1.799882
TAP_TAPCELL_ROW_52_877,VPWR,li1,147.4300,154.7330,1.799852
TAP_TAPCELL_ROW_52_876,VPWR,li1,121.6700,154.7330,1.799855
TAP_TAPCELL_ROW_52_875,VPWR,li1,95.9100,154.7330,1.799875
TAP_TAPCELL_ROW_52_874,VPWR,li1,70.1500,154.7330,1.799901
TAP_TAPCELL_ROW_52_873,VPWR,li1,44.3900,154.7330,1.799941
TAP_TAPCELL_ROW_52_872,VPWR,li1,18.6300,154.7330,1.799981
TAP_TAPCELL_ROW_51_871,VPWR,li1,314.8700,149.9060,1.799013
TAP_TAPCELL_ROW_51_870,VPWR,li1,289.1100,149.9060,1.799071
TAP_TAPCELL_ROW_51_869,VPWR,li1,263.3500,149.9060,1.799177
TAP_TAPCELL_ROW_51_868,VPWR,li1,237.5900,149.9060,1.799313
TAP_TAPCELL_ROW_51_867,VPWR,li1,211.8300,149.9060,1.799560
TAP_TAPCELL_ROW_51_866,VPWR,li1,186.0700,149.9060,1.799787
TAP_TAPCELL_ROW_51_865,VPWR,li1,160.3100,149.9060,1.799877
TAP_TAPCELL_ROW_51_864,VPWR,li1,134.5500,149.9060,1.799881
TAP_TAPCELL_ROW_51_863,VPWR,li1,108.7900,149.9060,1.799897
TAP_TAPCELL_ROW_51_862,VPWR,li1,83.0300,149.9060,1.799917
TAP_TAPCELL_ROW_51_861,VPWR,li1,57.2700,149.9060,1.799940
TAP_TAPCELL_ROW_51_860,VPWR,li1,31.5100,149.9060,1.799975
TAP_TAPCELL_ROW_50_859,VPWR,li1,301.9900,149.2930,1.799036
TAP_TAPCELL_ROW_50_858,VPWR,li1,276.2300,149.2930,1.799118
TAP_TAPCELL_ROW_50_857,VPWR,li1,250.4700,149.2930,1.799234
TAP_TAPCELL_ROW_50_856,VPWR,li1,224.7100,149.2930,1.799425
TAP_TAPCELL_ROW_50_855,VPWR,li1,198.9500,149.2930,1.799681
TAP_TAPCELL_ROW_50_854,VPWR,li1,173.1900,149.2930,1.799886
TAP_TAPCELL_ROW_50_853,VPWR,li1,147.4300,149.2930,1.799876
TAP_TAPCELL_ROW_50_852,VPWR,li1,121.6700,149.2930,1.799888
TAP_TAPCELL_ROW_50_851,VPWR,li1,95.9100,149.2930,1.799905
TAP_TAPCELL_ROW_50_850,VPWR,li1,70.1500,149.2930,1.799928
TAP_TAPCELL_ROW_50_849,VPWR,li1,44.3900,149.2930,1.799956
TAP_TAPCELL_ROW_50_848,VPWR,li1,18.6300,149.2930,1.799987
TAP_TAPCELL_ROW_49_847,VPWR,li1,314.8700,144.4660,1.799352
TAP_TAPCELL_ROW_49_846,VPWR,li1,289.1100,144.4660,1.799401
TAP_TAPCELL_ROW_49_845,VPWR,li1,263.3500,144.4660,1.799475
TAP_TAPCELL_ROW_49_844,VPWR,li1,237.5900,144.4660,1.799570
TAP_TAPCELL_ROW_49_843,VPWR,li1,211.8300,144.4660,1.799697
TAP_TAPCELL_ROW_49_842,VPWR,li1,186.0700,144.4660,1.799857
TAP_TAPCELL_ROW_49_841,VPWR,li1,160.3100,144.4660,1.799921
TAP_TAPCELL_ROW_49_840,VPWR,li1,134.5500,144.4660,1.799923
TAP_TAPCELL_ROW_49_839,VPWR,li1,108.7900,144.4660,1.799931
TAP_TAPCELL_ROW_49_838,VPWR,li1,83.0300,144.4660,1.799944
TAP_TAPCELL_ROW_49_837,VPWR,li1,57.2700,144.4660,1.799960
TAP_TAPCELL_ROW_49_836,VPWR,li1,31.5100,144.4660,1.799983
TAP_TAPCELL_ROW_48_835,VPWR,li1,301.9900,143.8530,1.799368
TAP_TAPCELL_ROW_48_834,VPWR,li1,276.2300,143.8530,1.799441
TAP_TAPCELL_ROW_48_833,VPWR,li1,250.4700,143.8530,1.799517
TAP_TAPCELL_ROW_48_832,VPWR,li1,224.7100,143.8530,1.799624
TAP_TAPCELL_ROW_48_831,VPWR,li1,198.9500,143.8530,1.799776
TAP_TAPCELL_ROW_48_830,VPWR,li1,173.1900,143.8530,1.799924
TAP_TAPCELL_ROW_48_829,VPWR,li1,147.4300,143.8530,1.799921
TAP_TAPCELL_ROW_48_828,VPWR,li1,121.6700,143.8530,1.799926
TAP_TAPCELL_ROW_48_827,VPWR,li1,95.9100,143.8530,1.799937
TAP_TAPCELL_ROW_48_826,VPWR,li1,70.1500,143.8530,1.799951
TAP_TAPCELL_ROW_48_825,VPWR,li1,44.3900,143.8530,1.799970
TAP_TAPCELL_ROW_48_824,VPWR,li1,18.6300,143.8530,1.799991
TAP_TAPCELL_ROW_47_823,VPWR,li1,314.8700,139.0260,1.799319
TAP_TAPCELL_ROW_47_822,VPWR,li1,289.1100,139.0260,1.799376
TAP_TAPCELL_ROW_47_821,VPWR,li1,263.3500,139.0260,1.799468
TAP_TAPCELL_ROW_47_820,VPWR,li1,237.5900,139.0260,1.799588
TAP_TAPCELL_ROW_47_819,VPWR,li1,211.8300,139.0260,1.799711
TAP_TAPCELL_ROW_47_818,VPWR,li1,186.0700,139.0260,1.799867
TAP_TAPCELL_ROW_47_817,VPWR,li1,160.3100,139.0260,1.799918
TAP_TAPCELL_ROW_47_816,VPWR,li1,134.5500,139.0260,1.799907
TAP_TAPCELL_ROW_47_815,VPWR,li1,108.7900,139.0260,1.799907
TAP_TAPCELL_ROW_47_814,VPWR,li1,83.0300,139.0260,1.799919
TAP_TAPCELL_ROW_47_813,VPWR,li1,57.2700,139.0260,1.799943
TAP_TAPCELL_ROW_47_812,VPWR,li1,31.5100,139.0260,1.799972
TAP_TAPCELL_ROW_46_811,VPWR,li1,301.9900,138.4130,1.799344
TAP_TAPCELL_ROW_46_810,VPWR,li1,276.2300,138.4130,1.799418
TAP_TAPCELL_ROW_46_809,VPWR,li1,250.4700,138.4130,1.799522
TAP_TAPCELL_ROW_46_808,VPWR,li1,224.7100,138.4130,1.799646
TAP_TAPCELL_ROW_46_807,VPWR,li1,198.9500,138.4130,1.799789
TAP_TAPCELL_ROW_46_806,VPWR,li1,173.1900,138.4130,1.799927
TAP_TAPCELL_ROW_46_805,VPWR,li1,147.4300,138.4130,1.799909
TAP_TAPCELL_ROW_46_804,VPWR,li1,121.6700,138.4130,1.799907
TAP_TAPCELL_ROW_46_803,VPWR,li1,95.9100,138.4130,1.799912
TAP_TAPCELL_ROW_46_802,VPWR,li1,70.1500,138.4130,1.799930
TAP_TAPCELL_ROW_46_801,VPWR,li1,44.3900,138.4130,1.799956
TAP_TAPCELL_ROW_46_800,VPWR,li1,18.6300,138.4130,1.799981
TAP_TAPCELL_ROW_45_799,VPWR,li1,314.8700,133.5860,1.799440
TAP_TAPCELL_ROW_45_798,VPWR,li1,289.1100,133.5860,1.799481
TAP_TAPCELL_ROW_45_797,VPWR,li1,263.3500,133.5860,1.799539
TAP_TAPCELL_ROW_45_796,VPWR,li1,237.5900,133.5860,1.799623
TAP_TAPCELL_ROW_45_795,VPWR,li1,211.8300,133.5860,1.799735
TAP_TAPCELL_ROW_45_794,VPWR,li1,186.0700,133.5860,1.799870
TAP_TAPCELL_ROW_45_793,VPWR,li1,160.3100,133.5860,1.799897
TAP_TAPCELL_ROW_45_792,VPWR,li1,134.5500,133.5860,1.799859
TAP_TAPCELL_ROW_45_791,VPWR,li1,108.7900,133.5860,1.799842
TAP_TAPCELL_ROW_45_790,VPWR,li1,83.0300,133.5860,1.799857
TAP_TAPCELL_ROW_45_789,VPWR,li1,57.2700,133.5860,1.799894
TAP_TAPCELL_ROW_45_788,VPWR,li1,31.5100,133.5860,1.799954
TAP_TAPCELL_ROW_44_787,VPWR,li1,301.9900,132.9730,1.799456
TAP_TAPCELL_ROW_44_786,VPWR,li1,276.2300,132.9730,1.799510
TAP_TAPCELL_ROW_44_785,VPWR,li1,250.4700,132.9730,1.799580
TAP_TAPCELL_ROW_44_784,VPWR,li1,224.7100,132.9730,1.799672
TAP_TAPCELL_ROW_44_783,VPWR,li1,198.9500,132.9730,1.799805
TAP_TAPCELL_ROW_44_782,VPWR,li1,173.1900,132.9730,1.799921
TAP_TAPCELL_ROW_44_781,VPWR,li1,147.4300,132.9730,1.799876
TAP_TAPCELL_ROW_44_780,VPWR,li1,121.6700,132.9730,1.799847
TAP_TAPCELL_ROW_44_779,VPWR,li1,95.9100,132.9730,1.799846
TAP_TAPCELL_ROW_44_778,VPWR,li1,70.1500,132.9730,1.799869
TAP_TAPCELL_ROW_44_777,VPWR,li1,44.3900,132.9730,1.799920
TAP_TAPCELL_ROW_44_776,VPWR,li1,18.6300,132.9730,1.799976
TAP_TAPCELL_ROW_43_775,VPWR,li1,314.8700,128.1460,1.798845
TAP_TAPCELL_ROW_43_774,VPWR,li1,289.1100,128.1460,1.798987
TAP_TAPCELL_ROW_43_773,VPWR,li1,263.3500,128.1460,1.799161
TAP_TAPCELL_ROW_43_772,VPWR,li1,237.5900,128.1460,1.799352
TAP_TAPCELL_ROW_43_771,VPWR,li1,211.8300,128.1460,1.799577
TAP_TAPCELL_ROW_43_770,VPWR,li1,186.0700,128.1460,1.799794
TAP_TAPCELL_ROW_43_769,VPWR,li1,160.3100,128.1460,1.799871
TAP_TAPCELL_ROW_43_768,VPWR,li1,134.5500,128.1460,1.799842
TAP_TAPCELL_ROW_43_767,VPWR,li1,108.7900,128.1460,1.799833
TAP_TAPCELL_ROW_43_766,VPWR,li1,83.0300,128.1460,1.799851
TAP_TAPCELL_ROW_43_765,VPWR,li1,57.2700,128.1460,1.799893
TAP_TAPCELL_ROW_43_764,VPWR,li1,31.5100,128.1460,1.799953
TAP_TAPCELL_ROW_42_763,VPWR,li1,301.9900,127.5330,1.798907
TAP_TAPCELL_ROW_42_762,VPWR,li1,276.2300,127.5330,1.799078
TAP_TAPCELL_ROW_42_761,VPWR,li1,250.4700,127.5330,1.799256
TAP_TAPCELL_ROW_42_760,VPWR,li1,224.7100,127.5330,1.799457
TAP_TAPCELL_ROW_42_759,VPWR,li1,198.9500,127.5330,1.799684
TAP_TAPCELL_ROW_42_758,VPWR,li1,173.1900,127.5330,1.799889
TAP_TAPCELL_ROW_42_757,VPWR,li1,147.4300,127.5330,1.799854
TAP_TAPCELL_ROW_42_756,VPWR,li1,121.6700,127.5330,1.799835
TAP_TAPCELL_ROW_42_755,VPWR,li1,95.9100,127.5330,1.799839
TAP_TAPCELL_ROW_42_754,VPWR,li1,70.1500,127.5330,1.799869
TAP_TAPCELL_ROW_42_753,VPWR,li1,44.3900,127.5330,1.799917
TAP_TAPCELL_ROW_42_752,VPWR,li1,18.6300,127.5330,1.799976
TAP_TAPCELL_ROW_41_751,VPWR,li1,314.8700,122.7060,1.799297
TAP_TAPCELL_ROW_41_750,VPWR,li1,289.1100,122.7060,1.799352
TAP_TAPCELL_ROW_41_749,VPWR,li1,263.3500,122.7060,1.799441
TAP_TAPCELL_ROW_41_748,VPWR,li1,237.5900,122.7060,1.799551
TAP_TAPCELL_ROW_41_747,VPWR,li1,211.8300,122.7060,1.799687
TAP_TAPCELL_ROW_41_746,VPWR,li1,186.0700,122.7060,1.799846
TAP_TAPCELL_ROW_41_745,VPWR,li1,160.3100,122.7060,1.799892
TAP_TAPCELL_ROW_41_744,VPWR,li1,134.5500,122.7060,1.799853
TAP_TAPCELL_ROW_41_743,VPWR,li1,108.7900,122.7060,1.799839
TAP_TAPCELL_ROW_41_742,VPWR,li1,83.0300,122.7060,1.799838
TAP_TAPCELL_ROW_41_741,VPWR,li1,57.2700,122.7060,1.799868
TAP_TAPCELL_ROW_41_740,VPWR,li1,31.5100,122.7060,1.799942
TAP_TAPCELL_ROW_40_739,VPWR,li1,301.9900,122.0930,1.799318
TAP_TAPCELL_ROW_40_738,VPWR,li1,276.2300,122.0930,1.799392
TAP_TAPCELL_ROW_40_737,VPWR,li1,250.4700,122.0930,1.799500
TAP_TAPCELL_ROW_40_736,VPWR,li1,224.7100,122.0930,1.799613
TAP_TAPCELL_ROW_40_735,VPWR,li1,198.9500,122.0930,1.799765
TAP_TAPCELL_ROW_40_734,VPWR,li1,173.1900,122.0930,1.799914
TAP_TAPCELL_ROW_40_733,VPWR,li1,147.4300,122.0930,1.799870
TAP_TAPCELL_ROW_40_732,VPWR,li1,121.6700,122.0930,1.799843
TAP_TAPCELL_ROW_40_731,VPWR,li1,95.9100,122.0930,1.799837
TAP_TAPCELL_ROW_40_730,VPWR,li1,70.1500,122.0930,1.799849
TAP_TAPCELL_ROW_40_729,VPWR,li1,44.3900,122.0930,1.799904
TAP_TAPCELL_ROW_40_728,VPWR,li1,18.6300,122.0930,1.799970
TAP_TAPCELL_ROW_39_727,VPWR,li1,314.8700,117.2660,1.799450
TAP_TAPCELL_ROW_39_726,VPWR,li1,289.1100,117.2660,1.799489
TAP_TAPCELL_ROW_39_725,VPWR,li1,263.3500,117.2660,1.799549
TAP_TAPCELL_ROW_39_724,VPWR,li1,237.5900,117.2660,1.799629
TAP_TAPCELL_ROW_39_723,VPWR,li1,211.8300,117.2660,1.799740
TAP_TAPCELL_ROW_39_722,VPWR,li1,186.0700,117.2660,1.799878
TAP_TAPCELL_ROW_39_721,VPWR,li1,160.3100,117.2660,1.799916
TAP_TAPCELL_ROW_39_720,VPWR,li1,134.5500,117.2660,1.799893
TAP_TAPCELL_ROW_39_719,VPWR,li1,108.7900,117.2660,1.799881
TAP_TAPCELL_ROW_39_718,VPWR,li1,83.0300,117.2660,1.799888
TAP_TAPCELL_ROW_39_717,VPWR,li1,57.2700,117.2660,1.799914
TAP_TAPCELL_ROW_39_716,VPWR,li1,31.5100,117.2660,1.799958
TAP_TAPCELL_ROW_38_715,VPWR,li1,301.9900,116.6530,1.799466
TAP_TAPCELL_ROW_38_714,VPWR,li1,276.2300,116.6530,1.799519
TAP_TAPCELL_ROW_38_713,VPWR,li1,250.4700,116.6530,1.799587
TAP_TAPCELL_ROW_38_712,VPWR,li1,224.7100,116.6530,1.799687
TAP_TAPCELL_ROW_38_711,VPWR,li1,198.9500,116.6530,1.799809
TAP_TAPCELL_ROW_38_710,VPWR,li1,173.1900,116.6530,1.799930
TAP_TAPCELL_ROW_38_709,VPWR,li1,147.4300,116.6530,1.799904
TAP_TAPCELL_ROW_38_708,VPWR,li1,121.6700,116.6530,1.799885
TAP_TAPCELL_ROW_38_707,VPWR,li1,95.9100,116.6530,1.799882
TAP_TAPCELL_ROW_38_706,VPWR,li1,70.1500,116.6530,1.799898
TAP_TAPCELL_ROW_38_705,VPWR,li1,44.3900,116.6530,1.799935
TAP_TAPCELL_ROW_38_704,VPWR,li1,18.6300,116.6530,1.799973
TAP_TAPCELL_ROW_37_703,VPWR,li1,314.8700,111.8260,1.799148
TAP_TAPCELL_ROW_37_702,VPWR,li1,289.1100,111.8260,1.799199
TAP_TAPCELL_ROW_37_701,VPWR,li1,263.3500,111.8260,1.799287
TAP_TAPCELL_ROW_37_700,VPWR,li1,237.5900,111.8260,1.799413
TAP_TAPCELL_ROW_37_699,VPWR,li1,211.8300,111.8260,1.799610
TAP_TAPCELL_ROW_37_698,VPWR,li1,186.0700,111.8260,1.799821
TAP_TAPCELL_ROW_37_697,VPWR,li1,160.3100,111.8260,1.799885
TAP_TAPCELL_ROW_37_696,VPWR,li1,134.5500,111.8260,1.799859
TAP_TAPCELL_ROW_37_695,VPWR,li1,108.7900,111.8260,1.799844
TAP_TAPCELL_ROW_37_694,VPWR,li1,83.0300,111.8260,1.799843
TAP_TAPCELL_ROW_37_693,VPWR,li1,57.2700,111.8260,1.799864
TAP_TAPCELL_ROW_37_692,VPWR,li1,31.5100,111.8260,1.799915
TAP_TAPCELL_ROW_36_691,VPWR,li1,301.9900,111.2130,1.799170
TAP_TAPCELL_ROW_36_690,VPWR,li1,276.2300,111.2130,1.799244
TAP_TAPCELL_ROW_36_689,VPWR,li1,250.4700,111.2130,1.799340
TAP_TAPCELL_ROW_36_688,VPWR,li1,224.7100,111.2130,1.799511
TAP_TAPCELL_ROW_36_687,VPWR,li1,198.9500,111.2130,1.799705
TAP_TAPCELL_ROW_36_686,VPWR,li1,173.1900,111.2130,1.799901
TAP_TAPCELL_ROW_36_685,VPWR,li1,147.4300,111.2130,1.799872
TAP_TAPCELL_ROW_36_684,VPWR,li1,121.6700,111.2130,1.799850
TAP_TAPCELL_ROW_36_683,VPWR,li1,95.9100,111.2130,1.799841
TAP_TAPCELL_ROW_36_682,VPWR,li1,70.1500,111.2130,1.799850
TAP_TAPCELL_ROW_36_681,VPWR,li1,44.3900,111.2130,1.799887
TAP_TAPCELL_ROW_36_680,VPWR,li1,18.6300,111.2130,1.799935
TAP_TAPCELL_ROW_35_679,VPWR,li1,314.8700,106.3860,1.798640
TAP_TAPCELL_ROW_35_678,VPWR,li1,289.1100,106.3860,1.798687
TAP_TAPCELL_ROW_35_677,VPWR,li1,263.3500,106.3860,1.798794
TAP_TAPCELL_ROW_35_676,VPWR,li1,237.5900,106.3860,1.799061
TAP_TAPCELL_ROW_35_675,VPWR,li1,211.8300,106.3860,1.799375
TAP_TAPCELL_ROW_35_674,VPWR,li1,186.0700,106.3860,1.799710
TAP_TAPCELL_ROW_35_673,VPWR,li1,160.3100,106.3860,1.799841
TAP_TAPCELL_ROW_35_672,VPWR,li1,134.5500,106.3860,1.799818
TAP_TAPCELL_ROW_35_671,VPWR,li1,108.7900,106.3860,1.799816
TAP_TAPCELL_ROW_35_670,VPWR,li1,83.0300,106.3860,1.799830
TAP_TAPCELL_ROW_35_669,VPWR,li1,57.2700,106.3860,1.799875
TAP_TAPCELL_ROW_35_668,VPWR,li1,31.5100,106.3860,1.799938
TAP_TAPCELL_ROW_34_667,VPWR,li1,301.9900,105.7730,1.798654
TAP_TAPCELL_ROW_34_666,VPWR,li1,276.2300,105.7730,1.798716
TAP_TAPCELL_ROW_34_665,VPWR,li1,250.4700,105.7730,1.798914
TAP_TAPCELL_ROW_34_664,VPWR,li1,224.7100,105.7730,1.799227
TAP_TAPCELL_ROW_34_663,VPWR,li1,198.9500,105.7730,1.799539
TAP_TAPCELL_ROW_34_662,VPWR,li1,173.1900,105.7730,1.799855
TAP_TAPCELL_ROW_34_661,VPWR,li1,147.4300,105.7730,1.799828
TAP_TAPCELL_ROW_34_660,VPWR,li1,121.6700,105.7730,1.799815
TAP_TAPCELL_ROW_34_659,VPWR,li1,95.9100,105.7730,1.799821
TAP_TAPCELL_ROW_34_658,VPWR,li1,70.1500,105.7730,1.799851
TAP_TAPCELL_ROW_34_657,VPWR,li1,44.3900,105.7730,1.799906
TAP_TAPCELL_ROW_34_656,VPWR,li1,18.6300,105.7730,1.799961
TAP_TAPCELL_ROW_33_655,VPWR,li1,314.8700,100.9460,1.798969
TAP_TAPCELL_ROW_33_654,VPWR,li1,289.1100,100.9460,1.799101
TAP_TAPCELL_ROW_33_653,VPWR,li1,263.3500,100.9460,1.799267
TAP_TAPCELL_ROW_33_652,VPWR,li1,237.5900,100.9460,1.799430
TAP_TAPCELL_ROW_33_651,VPWR,li1,211.8300,100.9460,1.799631
TAP_TAPCELL_ROW_33_650,VPWR,li1,186.0700,100.9460,1.799830
TAP_TAPCELL_ROW_33_649,VPWR,li1,160.3100,100.9460,1.799881
TAP_TAPCELL_ROW_33_648,VPWR,li1,134.5500,100.9460,1.799851
TAP_TAPCELL_ROW_33_647,VPWR,li1,108.7900,100.9460,1.799848
TAP_TAPCELL_ROW_33_646,VPWR,li1,83.0300,100.9460,1.799868
TAP_TAPCELL_ROW_33_645,VPWR,li1,57.2700,100.9460,1.799900
TAP_TAPCELL_ROW_33_644,VPWR,li1,31.5100,100.9460,1.799943
TAP_TAPCELL_ROW_32_643,VPWR,li1,301.9900,100.3330,1.799034
TAP_TAPCELL_ROW_32_642,VPWR,li1,276.2300,100.3330,1.799175
TAP_TAPCELL_ROW_32_641,VPWR,li1,250.4700,100.3330,1.799349
TAP_TAPCELL_ROW_32_640,VPWR,li1,224.7100,100.3330,1.799529
TAP_TAPCELL_ROW_32_639,VPWR,li1,198.9500,100.3330,1.799719
TAP_TAPCELL_ROW_32_638,VPWR,li1,173.1900,100.3330,1.799901
TAP_TAPCELL_ROW_32_637,VPWR,li1,147.4300,100.3330,1.799864
TAP_TAPCELL_ROW_32_636,VPWR,li1,121.6700,100.3330,1.799846
TAP_TAPCELL_ROW_32_635,VPWR,li1,95.9100,100.3330,1.799856
TAP_TAPCELL_ROW_32_634,VPWR,li1,70.1500,100.3330,1.799883
TAP_TAPCELL_ROW_32_633,VPWR,li1,44.3900,100.3330,1.799921
TAP_TAPCELL_ROW_32_632,VPWR,li1,18.6300,100.3330,1.799961
TAP_TAPCELL_ROW_31_631,VPWR,li1,314.8700,95.5060,1.799390
TAP_TAPCELL_ROW_31_630,VPWR,li1,289.1100,95.5060,1.799428
TAP_TAPCELL_ROW_31_629,VPWR,li1,263.3500,95.5060,1.799481
TAP_TAPCELL_ROW_31_628,VPWR,li1,237.5900,95.5060,1.799559
TAP_TAPCELL_ROW_31_627,VPWR,li1,211.8300,95.5060,1.799663
TAP_TAPCELL_ROW_31_626,VPWR,li1,186.0700,95.5060,1.799792
TAP_TAPCELL_ROW_31_625,VPWR,li1,160.3100,95.5060,1.799724
TAP_TAPCELL_ROW_31_624,VPWR,li1,134.5500,95.5060,1.799523
TAP_TAPCELL_ROW_31_623,VPWR,li1,108.7900,95.5060,1.799459
TAP_TAPCELL_ROW_31_622,VPWR,li1,83.0300,95.5060,1.799570
TAP_TAPCELL_ROW_31_621,VPWR,li1,57.2700,95.5060,1.799712
TAP_TAPCELL_ROW_31_620,VPWR,li1,31.5100,95.5060,1.799867
TAP_TAPCELL_ROW_30_619,VPWR,li1,301.9900,94.8930,1.799405
TAP_TAPCELL_ROW_30_618,VPWR,li1,276.2300,94.8930,1.799449
TAP_TAPCELL_ROW_30_617,VPWR,li1,250.4700,94.8930,1.799512
TAP_TAPCELL_ROW_30_616,VPWR,li1,224.7100,94.8930,1.799607
TAP_TAPCELL_ROW_30_615,VPWR,li1,198.9500,94.8930,1.799731
TAP_TAPCELL_ROW_30_614,VPWR,li1,173.1900,94.8930,1.799833
TAP_TAPCELL_ROW_30_613,VPWR,li1,147.4300,94.8930,1.799618
TAP_TAPCELL_ROW_30_612,VPWR,li1,121.6700,94.8930,1.799460
TAP_TAPCELL_ROW_30_611,VPWR,li1,95.9100,94.8930,1.799518
TAP_TAPCELL_ROW_30_610,VPWR,li1,70.1500,94.8930,1.799641
TAP_TAPCELL_ROW_30_609,VPWR,li1,44.3900,94.8930,1.799782
TAP_TAPCELL_ROW_30_608,VPWR,li1,18.6300,94.8930,1.799928
TAP_TAPCELL_ROW_29_607,VPWR,li1,314.8700,90.0660,1.799353
TAP_TAPCELL_ROW_29_606,VPWR,li1,289.1100,90.0660,1.799393
TAP_TAPCELL_ROW_29_605,VPWR,li1,263.3500,90.0660,1.799467
TAP_TAPCELL_ROW_29_604,VPWR,li1,237.5900,90.0660,1.799559
TAP_TAPCELL_ROW_29_603,VPWR,li1,211.8300,90.0660,1.799680
TAP_TAPCELL_ROW_29_602,VPWR,li1,186.0700,90.0660,1.799829
TAP_TAPCELL_ROW_29_601,VPWR,li1,160.3100,90.0660,1.799824
TAP_TAPCELL_ROW_29_600,VPWR,li1,134.5500,90.0660,1.799730
TAP_TAPCELL_ROW_29_599,VPWR,li1,108.7900,90.0660,1.799647
TAP_TAPCELL_ROW_29_598,VPWR,li1,83.0300,90.0660,1.799602
TAP_TAPCELL_ROW_29_597,VPWR,li1,57.2700,90.0660,1.799694
TAP_TAPCELL_ROW_29_596,VPWR,li1,31.5100,90.0660,1.799854
TAP_TAPCELL_ROW_28_595,VPWR,li1,301.9900,89.4530,1.799370
TAP_TAPCELL_ROW_28_594,VPWR,li1,276.2300,89.4530,1.799429
TAP_TAPCELL_ROW_28_593,VPWR,li1,250.4700,89.4530,1.799505
TAP_TAPCELL_ROW_28_592,VPWR,li1,224.7100,89.4530,1.799623
TAP_TAPCELL_ROW_28_591,VPWR,li1,198.9500,89.4530,1.799757
TAP_TAPCELL_ROW_28_590,VPWR,li1,173.1900,89.4530,1.799882
TAP_TAPCELL_ROW_28_589,VPWR,li1,147.4300,89.4530,1.799772
TAP_TAPCELL_ROW_28_588,VPWR,li1,121.6700,89.4530,1.799686
TAP_TAPCELL_ROW_28_587,VPWR,li1,95.9100,89.4530,1.799613
TAP_TAPCELL_ROW_28_586,VPWR,li1,70.1500,89.4530,1.799630
TAP_TAPCELL_ROW_28_585,VPWR,li1,44.3900,89.4530,1.799777
TAP_TAPCELL_ROW_28_584,VPWR,li1,18.6300,89.4530,1.799922
TAP_TAPCELL_ROW_27_583,VPWR,li1,314.8700,84.6260,1.798982
TAP_TAPCELL_ROW_27_582,VPWR,li1,289.1100,84.6260,1.799025
TAP_TAPCELL_ROW_27_581,VPWR,li1,263.3500,84.6260,1.799183
TAP_TAPCELL_ROW_27_580,VPWR,li1,237.5900,84.6260,1.799358
TAP_TAPCELL_ROW_27_579,VPWR,li1,211.8300,84.6260,1.799557
TAP_TAPCELL_ROW_27_578,VPWR,li1,186.0700,84.6260,1.799759
TAP_TAPCELL_ROW_27_577,VPWR,li1,160.3100,84.6260,1.799770
TAP_TAPCELL_ROW_27_576,VPWR,li1,134.5500,84.6260,1.799729
TAP_TAPCELL_ROW_27_575,VPWR,li1,108.7900,84.6260,1.799710
TAP_TAPCELL_ROW_27_574,VPWR,li1,83.0300,84.6260,1.799723
TAP_TAPCELL_ROW_27_573,VPWR,li1,57.2700,84.6260,1.799795
TAP_TAPCELL_ROW_27_572,VPWR,li1,31.5100,84.6260,1.799896
TAP_TAPCELL_ROW_26_571,VPWR,li1,301.9900,84.0130,1.799000
TAP_TAPCELL_ROW_26_570,VPWR,li1,276.2300,84.0130,1.799109
TAP_TAPCELL_ROW_26_569,VPWR,li1,250.4700,84.0130,1.799272
TAP_TAPCELL_ROW_26_568,VPWR,li1,224.7100,84.0130,1.799452
TAP_TAPCELL_ROW_26_567,VPWR,li1,198.9500,84.0130,1.799653
TAP_TAPCELL_ROW_26_566,VPWR,li1,173.1900,84.0130,1.799837
TAP_TAPCELL_ROW_26_565,VPWR,li1,147.4300,84.0130,1.799746
TAP_TAPCELL_ROW_26_564,VPWR,li1,121.6700,84.0130,1.799717
TAP_TAPCELL_ROW_26_563,VPWR,li1,95.9100,84.0130,1.799710
TAP_TAPCELL_ROW_26_562,VPWR,li1,70.1500,84.0130,1.799753
TAP_TAPCELL_ROW_26_561,VPWR,li1,44.3900,84.0130,1.799847
TAP_TAPCELL_ROW_26_560,VPWR,li1,18.6300,84.0130,1.799940
TAP_TAPCELL_ROW_25_559,VPWR,li1,314.8700,79.1860,1.799392
TAP_TAPCELL_ROW_25_558,VPWR,li1,289.1100,79.1860,1.799434
TAP_TAPCELL_ROW_25_557,VPWR,li1,263.3500,79.1860,1.799498
TAP_TAPCELL_ROW_25_556,VPWR,li1,237.5900,79.1860,1.799591
TAP_TAPCELL_ROW_25_555,VPWR,li1,211.8300,79.1860,1.799710
TAP_TAPCELL_ROW_25_554,VPWR,li1,186.0700,79.1860,1.799844
TAP_TAPCELL_ROW_25_553,VPWR,li1,160.3100,79.1860,1.799878
TAP_TAPCELL_ROW_25_552,VPWR,li1,134.5500,79.1860,1.799862
TAP_TAPCELL_ROW_25_551,VPWR,li1,108.7900,79.1860,1.799856
TAP_TAPCELL_ROW_25_550,VPWR,li1,83.0300,79.1860,1.799864
TAP_TAPCELL_ROW_25_549,VPWR,li1,57.2700,79.1860,1.799882
TAP_TAPCELL_ROW_25_548,VPWR,li1,31.5100,79.1860,1.799930
TAP_TAPCELL_ROW_24_547,VPWR,li1,301.9900,78.5730,1.799411
TAP_TAPCELL_ROW_24_546,VPWR,li1,276.2300,78.5730,1.799467
TAP_TAPCELL_ROW_24_545,VPWR,li1,250.4700,78.5730,1.799539
TAP_TAPCELL_ROW_24_544,VPWR,li1,224.7100,78.5730,1.799653
TAP_TAPCELL_ROW_24_543,VPWR,li1,198.9500,78.5730,1.799780
TAP_TAPCELL_ROW_24_542,VPWR,li1,173.1900,78.5730,1.799892
TAP_TAPCELL_ROW_24_541,VPWR,li1,147.4300,78.5730,1.799868
TAP_TAPCELL_ROW_24_540,VPWR,li1,121.6700,78.5730,1.799857
TAP_TAPCELL_ROW_24_539,VPWR,li1,95.9100,78.5730,1.799859
TAP_TAPCELL_ROW_24_538,VPWR,li1,70.1500,78.5730,1.799873
TAP_TAPCELL_ROW_24_537,VPWR,li1,44.3900,78.5730,1.799901
TAP_TAPCELL_ROW_24_536,VPWR,li1,18.6300,78.5730,1.799943
TAP_TAPCELL_ROW_23_535,VPWR,li1,314.8700,73.7460,1.798228
TAP_TAPCELL_ROW_23_534,VPWR,li1,289.1100,73.7460,1.798354
TAP_TAPCELL_ROW_23_533,VPWR,li1,263.3500,73.7460,1.798521
TAP_TAPCELL_ROW_23_532,VPWR,li1,237.5900,73.7460,1.798849
TAP_TAPCELL_ROW_23_531,VPWR,li1,211.8300,73.7460,1.799224
TAP_TAPCELL_ROW_23_530,VPWR,li1,186.0700,73.7460,1.799660
TAP_TAPCELL_ROW_23_529,VPWR,li1,160.3100,73.7460,1.799792
TAP_TAPCELL_ROW_23_528,VPWR,li1,134.5500,73.7460,1.799788
TAP_TAPCELL_ROW_23_527,VPWR,li1,108.7900,73.7460,1.799799
TAP_TAPCELL_ROW_23_526,VPWR,li1,83.0300,73.7460,1.799825
TAP_TAPCELL_ROW_23_525,VPWR,li1,57.2700,73.7460,1.799867
TAP_TAPCELL_ROW_23_524,VPWR,li1,31.5100,73.7460,1.799937
TAP_TAPCELL_ROW_22_523,VPWR,li1,301.9900,73.1330,1.798287
TAP_TAPCELL_ROW_22_522,VPWR,li1,276.2300,73.1330,1.798430
TAP_TAPCELL_ROW_22_521,VPWR,li1,250.4700,73.1330,1.798666
TAP_TAPCELL_ROW_22_520,VPWR,li1,224.7100,73.1330,1.799024
TAP_TAPCELL_ROW_22_519,VPWR,li1,198.9500,73.1330,1.799439
TAP_TAPCELL_ROW_22_518,VPWR,li1,173.1900,73.1330,1.799807
TAP_TAPCELL_ROW_22_517,VPWR,li1,147.4300,73.1330,1.799788
TAP_TAPCELL_ROW_22_516,VPWR,li1,121.6700,73.1330,1.799792
TAP_TAPCELL_ROW_22_515,VPWR,li1,95.9100,73.1330,1.799809
TAP_TAPCELL_ROW_22_514,VPWR,li1,70.1500,73.1330,1.799843
TAP_TAPCELL_ROW_22_513,VPWR,li1,44.3900,73.1330,1.799899
TAP_TAPCELL_ROW_22_512,VPWR,li1,18.6300,73.1330,1.799961
TAP_TAPCELL_ROW_21_511,VPWR,li1,314.8700,68.3060,1.799117
TAP_TAPCELL_ROW_21_510,VPWR,li1,289.1100,68.3060,1.799152
TAP_TAPCELL_ROW_21_509,VPWR,li1,263.3500,68.3060,1.799237
TAP_TAPCELL_ROW_21_508,VPWR,li1,237.5900,68.3060,1.799401
TAP_TAPCELL_ROW_21_507,VPWR,li1,211.8300,68.3060,1.799594
TAP_TAPCELL_ROW_21_506,VPWR,li1,186.0700,68.3060,1.799810
TAP_TAPCELL_ROW_21_505,VPWR,li1,160.3100,68.3060,1.799879
TAP_TAPCELL_ROW_21_504,VPWR,li1,134.5500,68.3060,1.799855
TAP_TAPCELL_ROW_21_503,VPWR,li1,108.7900,68.3060,1.799853
TAP_TAPCELL_ROW_21_502,VPWR,li1,83.0300,68.3060,1.799863
TAP_TAPCELL_ROW_21_501,VPWR,li1,57.2700,68.3060,1.799888
TAP_TAPCELL_ROW_21_500,VPWR,li1,31.5100,68.3060,1.799941
TAP_TAPCELL_ROW_20_499,VPWR,li1,301.9900,67.6930,1.799132
TAP_TAPCELL_ROW_20_498,VPWR,li1,276.2300,67.6930,1.799183
TAP_TAPCELL_ROW_20_497,VPWR,li1,250.4700,67.6930,1.799315
TAP_TAPCELL_ROW_20_496,VPWR,li1,224.7100,67.6930,1.799492
TAP_TAPCELL_ROW_20_495,VPWR,li1,198.9500,67.6930,1.799701
TAP_TAPCELL_ROW_20_494,VPWR,li1,173.1900,67.6930,1.799894
TAP_TAPCELL_ROW_20_493,VPWR,li1,147.4300,67.6930,1.799864
TAP_TAPCELL_ROW_20_492,VPWR,li1,121.6700,67.6930,1.799852
TAP_TAPCELL_ROW_20_491,VPWR,li1,95.9100,67.6930,1.799857
TAP_TAPCELL_ROW_20_490,VPWR,li1,70.1500,67.6930,1.799874
TAP_TAPCELL_ROW_20_489,VPWR,li1,44.3900,67.6930,1.799909
TAP_TAPCELL_ROW_20_488,VPWR,li1,18.6300,67.6930,1.799961
TAP_TAPCELL_ROW_19_487,VPWR,li1,314.8700,62.8660,1.799527
TAP_TAPCELL_ROW_19_486,VPWR,li1,289.1100,62.8660,1.799566
TAP_TAPCELL_ROW_19_485,VPWR,li1,263.3500,62.8660,1.799628
TAP_TAPCELL_ROW_19_484,VPWR,li1,237.5900,62.8660,1.799712
TAP_TAPCELL_ROW_19_483,VPWR,li1,211.8300,62.8660,1.799804
TAP_TAPCELL_ROW_19_482,VPWR,li1,186.0700,62.8660,1.799901
TAP_TAPCELL_ROW_19_481,VPWR,li1,160.3100,62.8660,1.799928
TAP_TAPCELL_ROW_19_480,VPWR,li1,134.5500,62.8660,1.799896
TAP_TAPCELL_ROW_19_479,VPWR,li1,108.7900,62.8660,1.799884
TAP_TAPCELL_ROW_19_478,VPWR,li1,83.0300,62.8660,1.799890
TAP_TAPCELL_ROW_19_477,VPWR,li1,57.2700,62.8660,1.799919
TAP_TAPCELL_ROW_19_476,VPWR,li1,31.5100,62.8660,1.799962
TAP_TAPCELL_ROW_18_475,VPWR,li1,301.9900,62.2530,1.799543
TAP_TAPCELL_ROW_18_474,VPWR,li1,276.2300,62.2530,1.799595
TAP_TAPCELL_ROW_18_473,VPWR,li1,250.4700,62.2530,1.799669
TAP_TAPCELL_ROW_18_472,VPWR,li1,224.7100,62.2530,1.799753
TAP_TAPCELL_ROW_18_471,VPWR,li1,198.9500,62.2530,1.799850
TAP_TAPCELL_ROW_18_470,VPWR,li1,173.1900,62.2530,1.799944
TAP_TAPCELL_ROW_18_469,VPWR,li1,147.4300,62.2530,1.799910
TAP_TAPCELL_ROW_18_468,VPWR,li1,121.6700,62.2530,1.799888
TAP_TAPCELL_ROW_18_467,VPWR,li1,95.9100,62.2530,1.799884
TAP_TAPCELL_ROW_18_466,VPWR,li1,70.1500,62.2530,1.799903
TAP_TAPCELL_ROW_18_465,VPWR,li1,44.3900,62.2530,1.799937
TAP_TAPCELL_ROW_18_464,VPWR,li1,18.6300,62.2530,1.799980
TAP_TAPCELL_ROW_17_463,VPWR,li1,314.8700,57.4260,1.799324
TAP_TAPCELL_ROW_17_462,VPWR,li1,289.1100,57.4260,1.799362
TAP_TAPCELL_ROW_17_461,VPWR,li1,263.3500,57.4260,1.799442
TAP_TAPCELL_ROW_17_460,VPWR,li1,237.5900,57.4260,1.799557
TAP_TAPCELL_ROW_17_459,VPWR,li1,211.8300,57.4260,1.799684
TAP_TAPCELL_ROW_17_458,VPWR,li1,186.0700,57.4260,1.799828
TAP_TAPCELL_ROW_17_457,VPWR,li1,160.3100,57.4260,1.799801
TAP_TAPCELL_ROW_17_456,VPWR,li1,134.5500,57.4260,1.799665
TAP_TAPCELL_ROW_17_455,VPWR,li1,108.7900,57.4260,1.799662
TAP_TAPCELL_ROW_17_454,VPWR,li1,83.0300,57.4260,1.799732
TAP_TAPCELL_ROW_17_453,VPWR,li1,57.2700,57.4260,1.799814
TAP_TAPCELL_ROW_17_452,VPWR,li1,31.5100,57.4260,1.799914
TAP_TAPCELL_ROW_16_451,VPWR,li1,301.9900,56.8130,1.799338
TAP_TAPCELL_ROW_16_450,VPWR,li1,276.2300,56.8130,1.799400
TAP_TAPCELL_ROW_16_449,VPWR,li1,250.4700,56.8130,1.799498
TAP_TAPCELL_ROW_16_448,VPWR,li1,224.7100,56.8130,1.799622
TAP_TAPCELL_ROW_16_447,VPWR,li1,198.9500,56.8130,1.799756
TAP_TAPCELL_ROW_16_446,VPWR,li1,173.1900,56.8130,1.799875
TAP_TAPCELL_ROW_16_445,VPWR,li1,147.4300,56.8130,1.799730
TAP_TAPCELL_ROW_16_444,VPWR,li1,121.6700,56.8130,1.799637
TAP_TAPCELL_ROW_16_443,VPWR,li1,95.9100,56.8130,1.799693
TAP_TAPCELL_ROW_16_442,VPWR,li1,70.1500,56.8130,1.799771
TAP_TAPCELL_ROW_16_441,VPWR,li1,44.3900,56.8130,1.799863
TAP_TAPCELL_ROW_16_440,VPWR,li1,18.6300,56.8130,1.799956
TAP_TAPCELL_ROW_15_439,VPWR,li1,314.8700,51.9860,1.799566
TAP_TAPCELL_ROW_15_438,VPWR,li1,289.1100,51.9860,1.799592
TAP_TAPCELL_ROW_15_437,VPWR,li1,263.3500,51.9860,1.799638
TAP_TAPCELL_ROW_15_436,VPWR,li1,237.5900,51.9860,1.799711
TAP_TAPCELL_ROW_15_435,VPWR,li1,211.8300,51.9860,1.799799
TAP_TAPCELL_ROW_15_434,VPWR,li1,186.0700,51.9860,1.799891
TAP_TAPCELL_ROW_15_433,VPWR,li1,160.3100,51.9860,1.799890
TAP_TAPCELL_ROW_15_432,VPWR,li1,134.5500,51.9860,1.799837
TAP_TAPCELL_ROW_15_431,VPWR,li1,108.7900,51.9860,1.799814
TAP_TAPCELL_ROW_15_430,VPWR,li1,83.0300,51.9860,1.799816
TAP_TAPCELL_ROW_15_429,VPWR,li1,57.2700,51.9860,1.799852
TAP_TAPCELL_ROW_15_428,VPWR,li1,31.5100,51.9860,1.799923
TAP_TAPCELL_ROW_14_427,VPWR,li1,301.9900,51.3730,1.799573
TAP_TAPCELL_ROW_14_426,VPWR,li1,276.2300,51.3730,1.799614
TAP_TAPCELL_ROW_14_425,VPWR,li1,250.4700,51.3730,1.799670
TAP_TAPCELL_ROW_14_424,VPWR,li1,224.7100,51.3730,1.799758
TAP_TAPCELL_ROW_14_423,VPWR,li1,198.9500,51.3730,1.799845
TAP_TAPCELL_ROW_14_422,VPWR,li1,173.1900,51.3730,1.799928
TAP_TAPCELL_ROW_14_421,VPWR,li1,147.4300,51.3730,1.799857
TAP_TAPCELL_ROW_14_420,VPWR,li1,121.6700,51.3730,1.799823
TAP_TAPCELL_ROW_14_419,VPWR,li1,95.9100,51.3730,1.799810
TAP_TAPCELL_ROW_14_418,VPWR,li1,70.1500,51.3730,1.799828
TAP_TAPCELL_ROW_14_417,VPWR,li1,44.3900,51.3730,1.799883
TAP_TAPCELL_ROW_14_416,VPWR,li1,18.6300,51.3730,1.799959
TAP_TAPCELL_ROW_13_415,VPWR,li1,314.8700,46.5460,1.798909
TAP_TAPCELL_ROW_13_414,VPWR,li1,289.1100,46.5460,1.799031
TAP_TAPCELL_ROW_13_413,VPWR,li1,263.3500,46.5460,1.799216
TAP_TAPCELL_ROW_13_412,VPWR,li1,237.5900,46.5460,1.799398
TAP_TAPCELL_ROW_13_411,VPWR,li1,211.8300,46.5460,1.799602
TAP_TAPCELL_ROW_13_410,VPWR,li1,186.0700,46.5460,1.799814
TAP_TAPCELL_ROW_13_409,VPWR,li1,160.3100,46.5460,1.799859
TAP_TAPCELL_ROW_13_408,VPWR,li1,134.5500,46.5460,1.799821
TAP_TAPCELL_ROW_13_407,VPWR,li1,108.7900,46.5460,1.799805
TAP_TAPCELL_ROW_13_406,VPWR,li1,83.0300,46.5460,1.799813
TAP_TAPCELL_ROW_13_405,VPWR,li1,57.2700,46.5460,1.799860
TAP_TAPCELL_ROW_13_404,VPWR,li1,31.5100,46.5460,1.799936
TAP_TAPCELL_ROW_12_403,VPWR,li1,301.9900,45.9330,1.798960
TAP_TAPCELL_ROW_12_402,VPWR,li1,276.2300,45.9330,1.799124
TAP_TAPCELL_ROW_12_401,VPWR,li1,250.4700,45.9330,1.799307
TAP_TAPCELL_ROW_12_400,VPWR,li1,224.7100,45.9330,1.799511
TAP_TAPCELL_ROW_12_399,VPWR,li1,198.9500,45.9330,1.799706
TAP_TAPCELL_ROW_12_398,VPWR,li1,173.1900,45.9330,1.799890
TAP_TAPCELL_ROW_12_397,VPWR,li1,147.4300,45.9330,1.799839
TAP_TAPCELL_ROW_12_396,VPWR,li1,121.6700,45.9330,1.799811
TAP_TAPCELL_ROW_12_395,VPWR,li1,95.9100,45.9330,1.799806
TAP_TAPCELL_ROW_12_394,VPWR,li1,70.1500,45.9330,1.799831
TAP_TAPCELL_ROW_12_393,VPWR,li1,44.3900,45.9330,1.799895
TAP_TAPCELL_ROW_12_392,VPWR,li1,18.6300,45.9330,1.799966
TAP_TAPCELL_ROW_11_391,VPWR,li1,314.8700,41.1060,1.799459
TAP_TAPCELL_ROW_11_390,VPWR,li1,289.1100,41.1060,1.799496
TAP_TAPCELL_ROW_11_389,VPWR,li1,263.3500,41.1060,1.799557
TAP_TAPCELL_ROW_11_388,VPWR,li1,237.5900,41.1060,1.799628
TAP_TAPCELL_ROW_11_387,VPWR,li1,211.8300,41.1060,1.799721
TAP_TAPCELL_ROW_11_386,VPWR,li1,186.0700,41.1060,1.799832
TAP_TAPCELL_ROW_11_385,VPWR,li1,160.3100,41.1060,1.799771
TAP_TAPCELL_ROW_11_384,VPWR,li1,134.5500,41.1060,1.799688
TAP_TAPCELL_ROW_11_383,VPWR,li1,108.7900,41.1060,1.799651
TAP_TAPCELL_ROW_11_382,VPWR,li1,83.0300,41.1060,1.799645
TAP_TAPCELL_ROW_11_381,VPWR,li1,57.2700,41.1060,1.799720
TAP_TAPCELL_ROW_11_380,VPWR,li1,31.5100,41.1060,1.799867
TAP_TAPCELL_ROW_10_379,VPWR,li1,301.9900,40.4930,1.799473
TAP_TAPCELL_ROW_10_378,VPWR,li1,276.2300,40.4930,1.799525
TAP_TAPCELL_ROW_10_377,VPWR,li1,250.4700,40.4930,1.799591
TAP_TAPCELL_ROW_10_376,VPWR,li1,224.7100,40.4930,1.799672
TAP_TAPCELL_ROW_10_375,VPWR,li1,198.9500,40.4930,1.799776
TAP_TAPCELL_ROW_10_374,VPWR,li1,173.1900,40.4930,1.799866
TAP_TAPCELL_ROW_10_373,VPWR,li1,147.4300,40.4930,1.799712
TAP_TAPCELL_ROW_10_372,VPWR,li1,121.6700,40.4930,1.799665
TAP_TAPCELL_ROW_10_371,VPWR,li1,95.9100,40.4930,1.799646
TAP_TAPCELL_ROW_10_370,VPWR,li1,70.1500,40.4930,1.799668
TAP_TAPCELL_ROW_10_369,VPWR,li1,44.3900,40.4930,1.799780
TAP_TAPCELL_ROW_10_368,VPWR,li1,18.6300,40.4930,1.799931
TAP_TAPCELL_ROW_9_367,VPWR,li1,314.8700,35.6660,1.799856
TAP_TAPCELL_ROW_9_366,VPWR,li1,289.1100,35.6660,1.799856
TAP_TAPCELL_ROW_9_365,VPWR,li1,263.3500,35.6660,1.799863
TAP_TAPCELL_ROW_9_364,VPWR,li1,237.5900,35.6660,1.799877
TAP_TAPCELL_ROW_9_363,VPWR,li1,211.8300,35.6660,1.799898
TAP_TAPCELL_ROW_9_362,VPWR,li1,186.0700,35.6660,1.799922
TAP_TAPCELL_ROW_9_361,VPWR,li1,160.3100,35.6660,1.799847
TAP_TAPCELL_ROW_9_360,VPWR,li1,134.5500,35.6660,1.799737
TAP_TAPCELL_ROW_9_359,VPWR,li1,108.7900,35.6660,1.799679
TAP_TAPCELL_ROW_9_358,VPWR,li1,83.0300,35.6660,1.799678
TAP_TAPCELL_ROW_9_357,VPWR,li1,57.2700,35.6660,1.799745
TAP_TAPCELL_ROW_9_356,VPWR,li1,31.5100,35.6660,1.799865
TAP_TAPCELL_ROW_8_355,VPWR,li1,301.9900,35.0530,1.799856
TAP_TAPCELL_ROW_8_354,VPWR,li1,276.2300,35.0530,1.799858
TAP_TAPCELL_ROW_8_353,VPWR,li1,250.4700,35.0530,1.799868
TAP_TAPCELL_ROW_8_352,VPWR,li1,224.7100,35.0530,1.799887
TAP_TAPCELL_ROW_8_351,VPWR,li1,198.9500,35.0530,1.799911
TAP_TAPCELL_ROW_8_350,VPWR,li1,173.1900,35.0530,1.799917
TAP_TAPCELL_ROW_8_349,VPWR,li1,147.4300,35.0530,1.799785
TAP_TAPCELL_ROW_8_348,VPWR,li1,121.6700,35.0530,1.799703
TAP_TAPCELL_ROW_8_347,VPWR,li1,95.9100,35.0530,1.799673
TAP_TAPCELL_ROW_8_346,VPWR,li1,70.1500,35.0530,1.799702
TAP_TAPCELL_ROW_8_345,VPWR,li1,44.3900,35.0530,1.799788
TAP_TAPCELL_ROW_8_344,VPWR,li1,18.6300,35.0530,1.799930
TAP_TAPCELL_ROW_7_343,VPWR,li1,314.8700,30.2260,1.799820
TAP_TAPCELL_ROW_7_342,VPWR,li1,289.1100,30.2260,1.799820
TAP_TAPCELL_ROW_7_341,VPWR,li1,263.3500,30.2260,1.799825
TAP_TAPCELL_ROW_7_340,VPWR,li1,237.5900,30.2260,1.799844
TAP_TAPCELL_ROW_7_339,VPWR,li1,211.8300,30.2260,1.799880
TAP_TAPCELL_ROW_7_338,VPWR,li1,186.0700,30.2260,1.799926
TAP_TAPCELL_ROW_7_337,VPWR,li1,160.3100,30.2260,1.799910
TAP_TAPCELL_ROW_7_336,VPWR,li1,134.5500,30.2260,1.799859
TAP_TAPCELL_ROW_7_335,VPWR,li1,108.7900,30.2260,1.799828
TAP_TAPCELL_ROW_7_334,VPWR,li1,83.0300,30.2260,1.799826
TAP_TAPCELL_ROW_7_333,VPWR,li1,57.2700,30.2260,1.799838
TAP_TAPCELL_ROW_7_332,VPWR,li1,31.5100,30.2260,1.799922
TAP_TAPCELL_ROW_6_331,VPWR,li1,301.9900,29.6130,1.799820
TAP_TAPCELL_ROW_6_330,VPWR,li1,276.2300,29.6130,1.799820
TAP_TAPCELL_ROW_6_329,VPWR,li1,250.4700,29.6130,1.799834
TAP_TAPCELL_ROW_6_328,VPWR,li1,224.7100,29.6130,1.799859
TAP_TAPCELL_ROW_6_327,VPWR,li1,198.9500,29.6130,1.799904
TAP_TAPCELL_ROW_6_326,VPWR,li1,173.1900,29.6130,1.799943
TAP_TAPCELL_ROW_6_325,VPWR,li1,147.4300,29.6130,1.799881
TAP_TAPCELL_ROW_6_324,VPWR,li1,121.6700,29.6130,1.799837
TAP_TAPCELL_ROW_6_323,VPWR,li1,95.9100,29.6130,1.799825
TAP_TAPCELL_ROW_6_322,VPWR,li1,70.1500,29.6130,1.799827
TAP_TAPCELL_ROW_6_321,VPWR,li1,44.3900,29.6130,1.799869
TAP_TAPCELL_ROW_6_320,VPWR,li1,18.6300,29.6130,1.799959
TAP_TAPCELL_ROW_5_319,VPWR,li1,314.8700,24.7860,1.799615
TAP_TAPCELL_ROW_5_318,VPWR,li1,289.1100,24.7860,1.799615
TAP_TAPCELL_ROW_5_317,VPWR,li1,263.3500,24.7860,1.799616
TAP_TAPCELL_ROW_5_316,VPWR,li1,237.5900,24.7860,1.799656
TAP_TAPCELL_ROW_5_315,VPWR,li1,211.8300,24.7860,1.799740
TAP_TAPCELL_ROW_5_314,VPWR,li1,186.0700,24.7860,1.799830
TAP_TAPCELL_ROW_5_313,VPWR,li1,160.3100,24.7860,1.799781
TAP_TAPCELL_ROW_5_312,VPWR,li1,134.5500,24.7860,1.799639
TAP_TAPCELL_ROW_5_311,VPWR,li1,108.7900,24.7860,1.799565
TAP_TAPCELL_ROW_5_310,VPWR,li1,83.0300,24.7860,1.799627
TAP_TAPCELL_ROW_5_309,VPWR,li1,57.2700,24.7860,1.799745
TAP_TAPCELL_ROW_5_308,VPWR,li1,31.5100,24.7860,1.799890
TAP_TAPCELL_ROW_4_307,VPWR,li1,301.9900,24.1730,1.799615
TAP_TAPCELL_ROW_4_306,VPWR,li1,276.2300,24.1730,1.799615
TAP_TAPCELL_ROW_4_305,VPWR,li1,250.4700,24.1730,1.799630
TAP_TAPCELL_ROW_4_304,VPWR,li1,224.7100,24.1730,1.799698
TAP_TAPCELL_ROW_4_303,VPWR,li1,198.9500,24.1730,1.799787
TAP_TAPCELL_ROW_4_302,VPWR,li1,173.1900,24.1730,1.799856
TAP_TAPCELL_ROW_4_301,VPWR,li1,147.4300,24.1730,1.799702
TAP_TAPCELL_ROW_4_300,VPWR,li1,121.6700,24.1730,1.799579
TAP_TAPCELL_ROW_4_299,VPWR,li1,95.9100,24.1730,1.799575
TAP_TAPCELL_ROW_4_298,VPWR,li1,70.1500,24.1730,1.799684
TAP_TAPCELL_ROW_4_297,VPWR,li1,44.3900,24.1730,1.799808
TAP_TAPCELL_ROW_4_296,VPWR,li1,18.6300,24.1730,1.799943
TAP_TAPCELL_ROW_3_295,VPWR,li1,314.8700,19.3460,1.799312
TAP_TAPCELL_ROW_3_294,VPWR,li1,289.1100,19.3460,1.799312
TAP_TAPCELL_ROW_3_293,VPWR,li1,263.3500,19.3460,1.799312
TAP_TAPCELL_ROW_3_292,VPWR,li1,237.5900,19.3460,1.799393
TAP_TAPCELL_ROW_3_291,VPWR,li1,211.8300,19.3460,1.799576
TAP_TAPCELL_ROW_3_290,VPWR,li1,186.0700,19.3460,1.799767
TAP_TAPCELL_ROW_3_289,VPWR,li1,160.3100,19.3460,1.799748
TAP_TAPCELL_ROW_3_288,VPWR,li1,134.5500,19.3460,1.799649
TAP_TAPCELL_ROW_3_287,VPWR,li1,108.7900,19.3460,1.799618
TAP_TAPCELL_ROW_3_286,VPWR,li1,83.0300,19.3460,1.799624
TAP_TAPCELL_ROW_3_285,VPWR,li1,57.2700,19.3460,1.799722
TAP_TAPCELL_ROW_3_284,VPWR,li1,31.5100,19.3460,1.799886
TAP_TAPCELL_ROW_2_283,VPWR,li1,301.9900,18.7330,1.799312
TAP_TAPCELL_ROW_2_282,VPWR,li1,276.2300,18.7330,1.799312
TAP_TAPCELL_ROW_2_281,VPWR,li1,250.4700,18.7330,1.799338
TAP_TAPCELL_ROW_2_280,VPWR,li1,224.7100,18.7330,1.799483
TAP_TAPCELL_ROW_2_279,VPWR,li1,198.9500,18.7330,1.799677
TAP_TAPCELL_ROW_2_278,VPWR,li1,173.1900,18.7330,1.799827
TAP_TAPCELL_ROW_2_277,VPWR,li1,147.4300,18.7330,1.799675
TAP_TAPCELL_ROW_2_276,VPWR,li1,121.6700,18.7330,1.799630
TAP_TAPCELL_ROW_2_275,VPWR,li1,95.9100,18.7330,1.799617
TAP_TAPCELL_ROW_2_274,VPWR,li1,70.1500,18.7330,1.799656
TAP_TAPCELL_ROW_2_273,VPWR,li1,44.3900,18.7330,1.799799
TAP_TAPCELL_ROW_2_272,VPWR,li1,18.6300,18.7330,1.799940
TAP_TAPCELL_ROW_1_271,VPWR,li1,314.8700,13.9060,1.799769
TAP_TAPCELL_ROW_1_270,VPWR,li1,289.1100,13.9060,1.799769
TAP_TAPCELL_ROW_1_269,VPWR,li1,263.3500,13.9060,1.799769
TAP_TAPCELL_ROW_1_268,VPWR,li1,237.5900,13.9060,1.799787
TAP_TAPCELL_ROW_1_267,VPWR,li1,211.8300,13.9060,1.799833
TAP_TAPCELL_ROW_1_266,VPWR,li1,186.0700,13.9060,1.799881
TAP_TAPCELL_ROW_1_265,VPWR,li1,160.3100,13.9060,1.799821
TAP_TAPCELL_ROW_1_264,VPWR,li1,134.5500,13.9060,1.799733
TAP_TAPCELL_ROW_1_263,VPWR,li1,108.7900,13.9060,1.799684
TAP_TAPCELL_ROW_1_262,VPWR,li1,83.0300,13.9060,1.799700
TAP_TAPCELL_ROW_1_261,VPWR,li1,57.2700,13.9060,1.799783
TAP_TAPCELL_ROW_1_260,VPWR,li1,31.5100,13.9060,1.799908
TAP_TAPCELL_ROW_0_259,VPWR,li1,314.8700,13.2930,1.799769
TAP_TAPCELL_ROW_0_258,VPWR,li1,301.9900,13.2930,1.799769
TAP_TAPCELL_ROW_0_257,VPWR,li1,289.1100,13.2930,1.799769
TAP_TAPCELL_ROW_0_256,VPWR,li1,276.2300,13.2930,1.799769
TAP_TAPCELL_ROW_0_255,VPWR,li1,263.3500,13.2930,1.799769
TAP_TAPCELL_ROW_0_254,VPWR,li1,250.4700,13.2930,1.799772
TAP_TAPCELL_ROW_0_253,VPWR,li1,237.5900,13.2930,1.799787
TAP_TAPCELL_ROW_0_252,VPWR,li1,224.7100,13.2930,1.799811
TAP_TAPCELL_ROW_0_251,VPWR,li1,211.8300,13.2930,1.799833
TAP_TAPCELL_ROW_0_250,VPWR,li1,198.9500,13.2930,1.799855
TAP_TAPCELL_ROW_0_249,VPWR,li1,186.0700,13.2930,1.799881
TAP_TAPCELL_ROW_0_248,VPWR,li1,173.1900,13.2930,1.799894
TAP_TAPCELL_ROW_0_247,VPWR,li1,160.3100,13.2930,1.799821
TAP_TAPCELL_ROW_0_246,VPWR,li1,147.4300,13.2930,1.799773
TAP_TAPCELL_ROW_0_245,VPWR,li1,134.5500,13.2930,1.799733
TAP_TAPCELL_ROW_0_244,VPWR,li1,121.6700,13.2930,1.799701
TAP_TAPCELL_ROW_0_243,VPWR,li1,108.7900,13.2930,1.799684
TAP_TAPCELL_ROW_0_242,VPWR,li1,95.9100,13.2930,1.799683
TAP_TAPCELL_ROW_0_241,VPWR,li1,83.0300,13.2930,1.799700
TAP_TAPCELL_ROW_0_240,VPWR,li1,70.1500,13.2930,1.799730
TAP_TAPCELL_ROW_0_239,VPWR,li1,57.2700,13.2930,1.799783
TAP_TAPCELL_ROW_0_238,VPWR,li1,44.3900,13.2930,1.799843
TAP_TAPCELL_ROW_0_237,VPWR,li1,31.5100,13.2930,1.799908
TAP_TAPCELL_ROW_0_236,VPWR,li1,18.6300,13.2930,1.799952
PHY_EDGE_ROW_117_Left_235,VPWR,li1,6.2100,329.1200,1.799970
PHY_EDGE_ROW_116_Left_234,VPWR,li1,6.2100,329.1200,1.799970
PHY_EDGE_ROW_115_Left_233,VPWR,li1,6.2100,323.6800,1.799933
PHY_EDGE_ROW_114_Left_232,VPWR,li1,6.2100,323.6800,1.799933
PHY_EDGE_ROW_113_Left_231,VPWR,li1,6.2100,318.2400,1.799958
PHY_EDGE_ROW_112_Left_230,VPWR,li1,6.2100,318.2400,1.799958
PHY_EDGE_ROW_111_Left_229,VPWR,li1,6.2100,312.8000,1.799971
PHY_EDGE_ROW_110_Left_228,VPWR,li1,6.2100,312.8000,1.799971
PHY_EDGE_ROW_109_Left_227,VPWR,li1,6.2100,307.3600,1.799975
PHY_EDGE_ROW_108_Left_226,VPWR,li1,6.2100,307.3600,1.799975
PHY_EDGE_ROW_107_Left_225,VPWR,li1,6.2100,301.9200,1.799950
PHY_EDGE_ROW_106_Left_224,VPWR,li1,6.2100,301.9200,1.799950
PHY_EDGE_ROW_105_Left_223,VPWR,li1,6.2100,296.4800,1.799963
PHY_EDGE_ROW_104_Left_222,VPWR,li1,6.2100,296.4800,1.799963
PHY_EDGE_ROW_103_Left_221,VPWR,li1,6.2100,291.0400,1.799961
PHY_EDGE_ROW_102_Left_220,VPWR,li1,6.2100,291.0400,1.799961
PHY_EDGE_ROW_101_Left_219,VPWR,li1,6.2100,285.6000,1.799941
PHY_EDGE_ROW_100_Left_218,VPWR,li1,6.2100,285.6000,1.799941
PHY_EDGE_ROW_99_Left_217,VPWR,li1,6.2100,280.1600,1.799957
PHY_EDGE_ROW_98_Left_216,VPWR,li1,6.2100,280.1600,1.799957
PHY_EDGE_ROW_97_Left_215,VPWR,li1,6.2100,274.7200,1.799962
PHY_EDGE_ROW_96_Left_214,VPWR,li1,6.2100,274.7200,1.799962
PHY_EDGE_ROW_95_Left_213,VPWR,li1,6.2100,269.2800,1.799958
PHY_EDGE_ROW_94_Left_212,VPWR,li1,6.2100,269.2800,1.799958
PHY_EDGE_ROW_93_Left_211,VPWR,li1,6.2100,263.8400,1.799940
PHY_EDGE_ROW_92_Left_210,VPWR,li1,6.2100,263.8400,1.799940
PHY_EDGE_ROW_91_Left_209,VPWR,li1,6.2100,258.4000,1.799942
PHY_EDGE_ROW_90_Left_208,VPWR,li1,6.2100,258.4000,1.799942
PHY_EDGE_ROW_89_Left_207,VPWR,li1,6.2100,252.9600,1.799915
PHY_EDGE_ROW_88_Left_206,VPWR,li1,6.2100,252.9600,1.799915
PHY_EDGE_ROW_87_Left_205,VPWR,li1,6.2100,247.5200,1.799926
PHY_EDGE_ROW_86_Left_204,VPWR,li1,6.2100,247.5200,1.799926
PHY_EDGE_ROW_85_Left_203,VPWR,li1,6.2100,242.0800,1.799948
PHY_EDGE_ROW_84_Left_202,VPWR,li1,6.2100,242.0800,1.799948
PHY_EDGE_ROW_83_Left_201,VPWR,li1,6.2100,236.6400,1.799946
PHY_EDGE_ROW_82_Left_200,VPWR,li1,6.2100,236.6400,1.799946
PHY_EDGE_ROW_81_Left_199,VPWR,li1,6.2100,231.2000,1.799950
PHY_EDGE_ROW_80_Left_198,VPWR,li1,6.2100,231.2000,1.799950
PHY_EDGE_ROW_79_Left_197,VPWR,li1,6.2100,225.7600,1.799931
PHY_EDGE_ROW_78_Left_196,VPWR,li1,6.2100,225.7600,1.799931
PHY_EDGE_ROW_77_Left_195,VPWR,li1,6.2100,220.3200,1.799956
PHY_EDGE_ROW_76_Left_194,VPWR,li1,6.2100,220.3200,1.799956
PHY_EDGE_ROW_75_Left_193,VPWR,li1,6.2100,214.8800,1.799925
PHY_EDGE_ROW_74_Left_192,VPWR,li1,6.2100,214.8800,1.799925
PHY_EDGE_ROW_73_Left_191,VPWR,li1,6.2100,209.4400,1.799933
PHY_EDGE_ROW_72_Left_190,VPWR,li1,6.2100,209.4400,1.799933
PHY_EDGE_ROW_71_Left_189,VPWR,li1,6.2100,204.0000,1.799968
PHY_EDGE_ROW_70_Left_188,VPWR,li1,6.2100,204.0000,1.799968
PHY_EDGE_ROW_69_Left_187,VPWR,li1,6.2100,198.5600,1.799955
PHY_EDGE_ROW_68_Left_186,VPWR,li1,6.2100,198.5600,1.799955
PHY_EDGE_ROW_67_Left_185,VPWR,li1,6.2100,193.1200,1.799936
PHY_EDGE_ROW_66_Left_184,VPWR,li1,6.2100,193.1200,1.799936
PHY_EDGE_ROW_65_Left_183,VPWR,li1,6.2100,187.6800,1.799976
PHY_EDGE_ROW_64_Left_182,VPWR,li1,6.2100,187.6800,1.799976
PHY_EDGE_ROW_63_Left_181,VPWR,li1,6.2100,182.2400,1.799975
PHY_EDGE_ROW_62_Left_180,VPWR,li1,6.2100,182.2400,1.799975
PHY_EDGE_ROW_61_Left_179,VPWR,li1,6.2100,176.8000,1.799961
PHY_EDGE_ROW_60_Left_178,VPWR,li1,6.2100,176.8000,1.799961
PHY_EDGE_ROW_59_Left_177,VPWR,li1,6.2100,171.3600,1.799967
PHY_EDGE_ROW_58_Left_176,VPWR,li1,6.2100,171.3600,1.799967
PHY_EDGE_ROW_57_Left_175,VPWR,li1,6.2100,165.9200,1.799980
PHY_EDGE_ROW_56_Left_174,VPWR,li1,6.2100,165.9200,1.799980
PHY_EDGE_ROW_55_Left_173,VPWR,li1,6.2100,160.4800,1.799980
PHY_EDGE_ROW_54_Left_172,VPWR,li1,6.2100,160.4800,1.799980
PHY_EDGE_ROW_53_Left_171,VPWR,li1,6.2100,155.0400,1.799980
PHY_EDGE_ROW_52_Left_170,VPWR,li1,6.2100,155.0400,1.799980
PHY_EDGE_ROW_51_Left_169,VPWR,li1,6.2100,149.6000,1.799987
PHY_EDGE_ROW_50_Left_168,VPWR,li1,6.2100,149.6000,1.799987
PHY_EDGE_ROW_49_Left_167,VPWR,li1,6.2100,144.1600,1.799991
PHY_EDGE_ROW_48_Left_166,VPWR,li1,6.2100,144.1600,1.799991
PHY_EDGE_ROW_47_Left_165,VPWR,li1,6.2100,138.7200,1.799976
PHY_EDGE_ROW_46_Left_164,VPWR,li1,6.2100,138.7200,1.799976
PHY_EDGE_ROW_45_Left_163,VPWR,li1,6.2100,133.2800,1.799976
PHY_EDGE_ROW_44_Left_162,VPWR,li1,6.2100,133.2800,1.799976
PHY_EDGE_ROW_43_Left_161,VPWR,li1,6.2100,127.8400,1.799976
PHY_EDGE_ROW_42_Left_160,VPWR,li1,6.2100,127.8400,1.799976
PHY_EDGE_ROW_41_Left_159,VPWR,li1,6.2100,122.4000,1.799970
PHY_EDGE_ROW_40_Left_158,VPWR,li1,6.2100,122.4000,1.799970
PHY_EDGE_ROW_39_Left_157,VPWR,li1,6.2100,116.9600,1.799971
PHY_EDGE_ROW_38_Left_156,VPWR,li1,6.2100,116.9600,1.799971
PHY_EDGE_ROW_37_Left_155,VPWR,li1,6.2100,111.5200,1.799930
PHY_EDGE_ROW_36_Left_154,VPWR,li1,6.2100,111.5200,1.799930
PHY_EDGE_ROW_35_Left_153,VPWR,li1,6.2100,106.0800,1.799961
PHY_EDGE_ROW_34_Left_152,VPWR,li1,6.2100,106.0800,1.799961
PHY_EDGE_ROW_33_Left_151,VPWR,li1,6.2100,100.6400,1.799955
PHY_EDGE_ROW_32_Left_150,VPWR,li1,6.2100,100.6400,1.799955
PHY_EDGE_ROW_31_Left_149,VPWR,li1,6.2100,95.2000,1.799928
PHY_EDGE_ROW_30_Left_148,VPWR,li1,6.2100,95.2000,1.799928
PHY_EDGE_ROW_29_Left_147,VPWR,li1,6.2100,89.7600,1.799918
PHY_EDGE_ROW_28_Left_146,VPWR,li1,6.2100,89.7600,1.799918
PHY_EDGE_ROW_27_Left_145,VPWR,li1,6.2100,84.3200,1.799932
PHY_EDGE_ROW_26_Left_144,VPWR,li1,6.2100,84.3200,1.799932
PHY_EDGE_ROW_25_Left_143,VPWR,li1,6.2100,78.8800,1.799938
PHY_EDGE_ROW_24_Left_142,VPWR,li1,6.2100,78.8800,1.799938
PHY_EDGE_ROW_23_Left_141,VPWR,li1,6.2100,73.4400,1.799961
PHY_EDGE_ROW_22_Left_140,VPWR,li1,6.2100,73.4400,1.799961
PHY_EDGE_ROW_21_Left_139,VPWR,li1,6.2100,68.0000,1.799959
PHY_EDGE_ROW_20_Left_138,VPWR,li1,6.2100,68.0000,1.799959
PHY_EDGE_ROW_19_Left_137,VPWR,li1,6.2100,62.5600,1.799980
PHY_EDGE_ROW_18_Left_136,VPWR,li1,6.2100,62.5600,1.799980
PHY_EDGE_ROW_17_Left_135,VPWR,li1,6.2100,57.1200,1.799956
PHY_EDGE_ROW_16_Left_134,VPWR,li1,6.2100,57.1200,1.799956
PHY_EDGE_ROW_15_Left_133,VPWR,li1,6.2100,51.6800,1.799959
PHY_EDGE_ROW_14_Left_132,VPWR,li1,6.2100,51.6800,1.799959
PHY_EDGE_ROW_13_Left_131,VPWR,li1,6.2100,46.2400,1.799966
PHY_EDGE_ROW_12_Left_130,VPWR,li1,6.2100,46.2400,1.799966
PHY_EDGE_ROW_11_Left_129,VPWR,li1,6.2100,40.8000,1.799931
PHY_EDGE_ROW_10_Left_128,VPWR,li1,6.2100,40.8000,1.799931
PHY_EDGE_ROW_9_Left_127,VPWR,li1,6.2100,35.3600,1.799930
PHY_EDGE_ROW_8_Left_126,VPWR,li1,6.2100,35.3600,1.799930
PHY_EDGE_ROW_7_Left_125,VPWR,li1,6.2100,29.9200,1.799959
PHY_EDGE_ROW_6_Left_124,VPWR,li1,6.2100,29.9200,1.799959
PHY_EDGE_ROW_5_Left_123,VPWR,li1,6.2100,24.4800,1.799943
PHY_EDGE_ROW_4_Left_122,VPWR,li1,6.2100,24.4800,1.799943
PHY_EDGE_ROW_3_Left_121,VPWR,li1,6.2100,19.0400,1.799940
PHY_EDGE_ROW_2_Left_120,VPWR,li1,6.2100,19.0400,1.799940
PHY_EDGE_ROW_1_Left_119,VPWR,li1,6.2100,13.6000,1.799952
PHY_EDGE_ROW_0_Left_118,VPWR,li1,6.2100,13.6000,1.799952
PHY_EDGE_ROW_117_Right_117,VPWR,li1,328.2100,329.1200,1.799266
PHY_EDGE_ROW_116_Right_116,VPWR,li1,328.2100,329.1200,1.799266
PHY_EDGE_ROW_115_Right_115,VPWR,li1,328.2100,323.6800,1.799532
PHY_EDGE_ROW_114_Right_114,VPWR,li1,328.2100,323.6800,1.799532
PHY_EDGE_ROW_113_Right_113,VPWR,li1,328.2100,318.2400,1.799386
PHY_EDGE_ROW_112_Right_112,VPWR,li1,328.2100,318.2400,1.799386
PHY_EDGE_ROW_111_Right_111,VPWR,li1,328.2100,312.8000,1.799731
PHY_EDGE_ROW_110_Right_110,VPWR,li1,328.2100,312.8000,1.799731
PHY_EDGE_ROW_109_Right_109,VPWR,li1,328.2100,307.3600,1.799380
PHY_EDGE_ROW_108_Right_108,VPWR,li1,328.2100,307.3600,1.799380
PHY_EDGE_ROW_107_Right_107,VPWR,li1,328.2100,301.9200,1.799440
PHY_EDGE_ROW_106_Right_106,VPWR,li1,328.2100,301.9200,1.799440
PHY_EDGE_ROW_105_Right_105,VPWR,li1,328.2100,296.4800,1.798903
PHY_EDGE_ROW_104_Right_104,VPWR,li1,328.2100,296.4800,1.798903
PHY_EDGE_ROW_103_Right_103,VPWR,li1,328.2100,291.0400,1.799245
PHY_EDGE_ROW_102_Right_102,VPWR,li1,328.2100,291.0400,1.799245
PHY_EDGE_ROW_101_Right_101,VPWR,li1,328.2100,285.6000,1.799579
PHY_EDGE_ROW_100_Right_100,VPWR,li1,328.2100,285.6000,1.799579
PHY_EDGE_ROW_99_Right_99,VPWR,li1,328.2100,280.1600,1.799260
PHY_EDGE_ROW_98_Right_98,VPWR,li1,328.2100,280.1600,1.799260
PHY_EDGE_ROW_97_Right_97,VPWR,li1,328.2100,274.7200,1.799453
PHY_EDGE_ROW_96_Right_96,VPWR,li1,328.2100,274.7200,1.799453
PHY_EDGE_ROW_95_Right_95,VPWR,li1,328.2100,269.2800,1.798733
PHY_EDGE_ROW_94_Right_94,VPWR,li1,328.2100,269.2800,1.798733
PHY_EDGE_ROW_93_Right_93,VPWR,li1,328.2100,263.8400,1.798884
PHY_EDGE_ROW_92_Right_92,VPWR,li1,328.2100,263.8400,1.798884
PHY_EDGE_ROW_91_Right_91,VPWR,li1,328.2100,258.4000,1.799559
PHY_EDGE_ROW_90_Right_90,VPWR,li1,328.2100,258.4000,1.799559
PHY_EDGE_ROW_89_Right_89,VPWR,li1,328.2100,252.9600,1.799558
PHY_EDGE_ROW_88_Right_88,VPWR,li1,328.2100,252.9600,1.799558
PHY_EDGE_ROW_87_Right_87,VPWR,li1,328.2100,247.5200,1.799463
PHY_EDGE_ROW_86_Right_86,VPWR,li1,328.2100,247.5200,1.799463
PHY_EDGE_ROW_85_Right_85,VPWR,li1,328.2100,242.0800,1.799405
PHY_EDGE_ROW_84_Right_84,VPWR,li1,328.2100,242.0800,1.799405
PHY_EDGE_ROW_83_Right_83,VPWR,li1,328.2100,236.6400,1.799412
PHY_EDGE_ROW_82_Right_82,VPWR,li1,328.2100,236.6400,1.799412
PHY_EDGE_ROW_81_Right_81,VPWR,li1,328.2100,231.2000,1.799456
PHY_EDGE_ROW_80_Right_80,VPWR,li1,328.2100,231.2000,1.799456
PHY_EDGE_ROW_79_Right_79,VPWR,li1,328.2100,225.7600,1.799760
PHY_EDGE_ROW_78_Right_78,VPWR,li1,328.2100,225.7600,1.799760
PHY_EDGE_ROW_77_Right_77,VPWR,li1,328.2100,220.3200,1.799070
PHY_EDGE_ROW_76_Right_76,VPWR,li1,328.2100,220.3200,1.799070
PHY_EDGE_ROW_75_Right_75,VPWR,li1,328.2100,214.8800,1.799080
PHY_EDGE_ROW_74_Right_74,VPWR,li1,328.2100,214.8800,1.799080
PHY_EDGE_ROW_73_Right_73,VPWR,li1,328.2100,209.4400,1.799443
PHY_EDGE_ROW_72_Right_72,VPWR,li1,328.2100,209.4400,1.799443
PHY_EDGE_ROW_71_Right_71,VPWR,li1,328.2100,204.0000,1.799234
PHY_EDGE_ROW_70_Right_70,VPWR,li1,328.2100,204.0000,1.799234
PHY_EDGE_ROW_69_Right_69,VPWR,li1,328.2100,198.5600,1.799734
PHY_EDGE_ROW_68_Right_68,VPWR,li1,328.2100,198.5600,1.799734
PHY_EDGE_ROW_67_Right_67,VPWR,li1,328.2100,193.1200,1.799804
PHY_EDGE_ROW_66_Right_66,VPWR,li1,328.2100,193.1200,1.799804
PHY_EDGE_ROW_65_Right_65,VPWR,li1,328.2100,187.6800,1.799332
PHY_EDGE_ROW_64_Right_64,VPWR,li1,328.2100,187.6800,1.799332
PHY_EDGE_ROW_63_Right_63,VPWR,li1,328.2100,182.2400,1.799454
PHY_EDGE_ROW_62_Right_62,VPWR,li1,328.2100,182.2400,1.799454
PHY_EDGE_ROW_61_Right_61,VPWR,li1,328.2100,176.8000,1.798765
PHY_EDGE_ROW_60_Right_60,VPWR,li1,328.2100,176.8000,1.798765
PHY_EDGE_ROW_59_Right_59,VPWR,li1,328.2100,171.3600,1.799710
PHY_EDGE_ROW_58_Right_58,VPWR,li1,328.2100,171.3600,1.799710
PHY_EDGE_ROW_57_Right_57,VPWR,li1,328.2100,165.9200,1.799645
PHY_EDGE_ROW_56_Right_56,VPWR,li1,328.2100,165.9200,1.799645
PHY_EDGE_ROW_55_Right_55,VPWR,li1,328.2100,160.4800,1.799170
PHY_EDGE_ROW_54_Right_54,VPWR,li1,328.2100,160.4800,1.799170
PHY_EDGE_ROW_53_Right_53,VPWR,li1,328.2100,155.0400,1.798857
PHY_EDGE_ROW_52_Right_52,VPWR,li1,328.2100,155.0400,1.798857
PHY_EDGE_ROW_51_Right_51,VPWR,li1,328.2100,149.6000,1.799003
PHY_EDGE_ROW_50_Right_50,VPWR,li1,328.2100,149.6000,1.799003
PHY_EDGE_ROW_49_Right_49,VPWR,li1,328.2100,144.1600,1.799344
PHY_EDGE_ROW_48_Right_48,VPWR,li1,328.2100,144.1600,1.799344
PHY_EDGE_ROW_47_Right_47,VPWR,li1,328.2100,138.7200,1.799311
PHY_EDGE_ROW_46_Right_46,VPWR,li1,328.2100,138.7200,1.799311
PHY_EDGE_ROW_45_Right_45,VPWR,li1,328.2100,133.2800,1.799433
PHY_EDGE_ROW_44_Right_44,VPWR,li1,328.2100,133.2800,1.799433
PHY_EDGE_ROW_43_Right_43,VPWR,li1,328.2100,127.8400,1.798824
PHY_EDGE_ROW_42_Right_42,VPWR,li1,328.2100,127.8400,1.798824
PHY_EDGE_ROW_41_Right_41,VPWR,li1,328.2100,122.4000,1.799291
PHY_EDGE_ROW_40_Right_40,VPWR,li1,328.2100,122.4000,1.799291
PHY_EDGE_ROW_39_Right_39,VPWR,li1,328.2100,116.9600,1.799443
PHY_EDGE_ROW_38_Right_38,VPWR,li1,328.2100,116.9600,1.799443
PHY_EDGE_ROW_37_Right_37,VPWR,li1,328.2100,111.5200,1.799143
PHY_EDGE_ROW_36_Right_36,VPWR,li1,328.2100,111.5200,1.799143
PHY_EDGE_ROW_35_Right_35,VPWR,li1,328.2100,106.0800,1.798634
PHY_EDGE_ROW_34_Right_34,VPWR,li1,328.2100,106.0800,1.798634
PHY_EDGE_ROW_33_Right_33,VPWR,li1,328.2100,100.6400,1.798934
PHY_EDGE_ROW_32_Right_32,VPWR,li1,328.2100,100.6400,1.798934
PHY_EDGE_ROW_31_Right_31,VPWR,li1,328.2100,95.2000,1.799383
PHY_EDGE_ROW_30_Right_30,VPWR,li1,328.2100,95.2000,1.799383
PHY_EDGE_ROW_29_Right_29,VPWR,li1,328.2100,89.7600,1.799344
PHY_EDGE_ROW_28_Right_28,VPWR,li1,328.2100,89.7600,1.799344
PHY_EDGE_ROW_27_Right_27,VPWR,li1,328.2100,84.3200,1.798974
PHY_EDGE_ROW_26_Right_26,VPWR,li1,328.2100,84.3200,1.798974
PHY_EDGE_ROW_25_Right_25,VPWR,li1,328.2100,78.8800,1.799388
PHY_EDGE_ROW_24_Right_24,VPWR,li1,328.2100,78.8800,1.799388
PHY_EDGE_ROW_23_Right_23,VPWR,li1,328.2100,73.4400,1.798206
PHY_EDGE_ROW_22_Right_22,VPWR,li1,328.2100,73.4400,1.798206
PHY_EDGE_ROW_21_Right_21,VPWR,li1,328.2100,68.0000,1.799113
PHY_EDGE_ROW_20_Right_20,VPWR,li1,328.2100,68.0000,1.799113
PHY_EDGE_ROW_19_Right_19,VPWR,li1,328.2100,62.5600,1.799519
PHY_EDGE_ROW_18_Right_18,VPWR,li1,328.2100,62.5600,1.799519
PHY_EDGE_ROW_17_Right_17,VPWR,li1,328.2100,57.1200,1.799319
PHY_EDGE_ROW_16_Right_16,VPWR,li1,328.2100,57.1200,1.799319
PHY_EDGE_ROW_15_Right_15,VPWR,li1,328.2100,51.6800,1.799564
PHY_EDGE_ROW_14_Right_14,VPWR,li1,328.2100,51.6800,1.799564
PHY_EDGE_ROW_13_Right_13,VPWR,li1,328.2100,46.2400,1.798900
PHY_EDGE_ROW_12_Right_12,VPWR,li1,328.2100,46.2400,1.798900
PHY_EDGE_ROW_11_Right_11,VPWR,li1,328.2100,40.8000,1.799457
PHY_EDGE_ROW_10_Right_10,VPWR,li1,328.2100,40.8000,1.799457
PHY_EDGE_ROW_9_Right_9,VPWR,li1,328.2100,35.3600,1.799856
PHY_EDGE_ROW_8_Right_8,VPWR,li1,328.2100,35.3600,1.799856
PHY_EDGE_ROW_7_Right_7,VPWR,li1,328.2100,29.9200,1.799820
PHY_EDGE_ROW_6_Right_6,VPWR,li1,328.2100,29.9200,1.799820
PHY_EDGE_ROW_5_Right_5,VPWR,li1,328.2100,24.4800,1.799615
PHY_EDGE_ROW_4_Right_4,VPWR,li1,328.2100,24.4800,1.799615
PHY_EDGE_ROW_3_Right_3,VPWR,li1,328.2100,19.0400,1.799312
PHY_EDGE_ROW_2_Right_2,VPWR,li1,328.2100,19.0400,1.799312
PHY_EDGE_ROW_1_Right_1,VPWR,li1,328.2100,13.6000,1.799769
PHY_EDGE_ROW_0_Right_0,VPWR,li1,328.2100,13.6000,1.799769
_9321_,VPWR,li1,126.9600,301.9200,1.799703
_9320_,VPWR,li1,125.1200,307.3600,1.799824
_9319_,VPWR,li1,114.0800,312.8000,1.799854
_9318_,VPWR,li1,99.8200,318.2400,1.799722
_9317_,VPWR,li1,90.6200,318.2400,1.799723
_9316_,VPWR,li1,86.4800,323.6800,1.799532
_9315_,VPWR,li1,67.6200,323.6800,1.799634
_9314_,VPWR,li1,76.3600,323.6800,1.799579
_9313_,VPWR,li1,12.8800,274.7200,1.799962
_9312_,VPWR,li1,15.6400,263.8400,1.799944
_9311_,VPWR,li1,58.4200,323.6800,1.799687
_9310_,VPWR,li1,14.7200,258.4000,1.799945
_9309_,VPWR,li1,18.8600,247.5200,1.799930
_9308_,VPWR,li1,19.7800,236.6400,1.799954
_9307_,VPWR,li1,21.1600,231.2000,1.799956
_9306_,VPWR,li1,24.3800,225.7600,1.799930
_9305_,VPWR,li1,25.3000,209.4400,1.799927
_9304_,VPWR,li1,22.0800,204.0000,1.799970
_9303_,VPWR,li1,14.7200,198.5600,1.799956
_9302_,VPWR,li1,23.0000,198.5600,1.799956
_9301_,VPWR,li1,14.7200,209.4400,1.799937
_9300_,VPWR,li1,14.7200,220.3200,1.799956
_9299_,VPWR,li1,25.7600,220.3200,1.799941
_9298_,VPWR,li1,103.0400,236.6400,1.799855
_9297_,VPWR,li1,103.5000,318.2400,1.799723
_9296_,VPWR,li1,105.8000,312.8000,1.799848
_9295_,VPWR,li1,117.7600,318.2400,1.799737
_9294_,VPWR,li1,152.7200,323.6800,1.799650
_9293_,VPWR,li1,126.0400,318.2400,1.799751
_9292_,VPWR,li1,138.4600,318.2400,1.799780
_9291_,VPWR,li1,152.2600,291.0400,1.799834
_9290_,VPWR,li1,143.5200,296.4800,1.799830
_9289_,VPWR,li1,125.5800,285.6000,1.799691
_9288_,VPWR,li1,117.7600,296.4800,1.799801
_9287_,VPWR,li1,113.6200,301.9200,1.799657
_9286_,VPWR,li1,92.0000,301.9200,1.799653
_9285_,VPWR,li1,83.7200,301.9200,1.799671
_9284_,VPWR,li1,76.8200,296.4800,1.799818
_9283_,VPWR,li1,66.7000,291.0400,1.799813
_9282_,VPWR,li1,64.4000,285.6000,1.799713
_9281_,VPWR,li1,19.3200,280.1600,1.799957
_9280_,VPWR,li1,20.2400,269.2800,1.799958
_9279_,VPWR,li1,27.6000,296.4800,1.799937
_9278_,VPWR,li1,23.0000,263.8400,1.799951
_9277_,VPWR,li1,25.3000,252.9600,1.799916
_9276_,VPWR,li1,27.6000,242.0800,1.799939
_9275_,VPWR,li1,30.3600,231.2000,1.799928
_9274_,VPWR,li1,35.4200,220.3200,1.799912
_9273_,VPWR,li1,35.4200,209.4400,1.799890
_9272_,VPWR,li1,30.8200,198.5600,1.799937
_9271_,VPWR,li1,28.5200,193.1200,1.799885
_9270_,VPWR,li1,34.5000,187.6800,1.799945
_9269_,VPWR,li1,53.3600,193.1200,1.799829
_9268_,VPWR,li1,86.9400,209.4400,1.799788
_9267_,VPWR,li1,89.2400,204.0000,1.799845
_9266_,VPWR,li1,94.3000,231.2000,1.799822
_9265_,VPWR,li1,94.7600,242.0800,1.799783
_9264_,VPWR,li1,104.8800,231.2000,1.799826
_9263_,VPWR,li1,111.7800,242.0800,1.799781
_9262_,VPWR,li1,146.2800,252.9600,1.799870
_9261_,VPWR,li1,129.2600,280.1600,1.799726
_9260_,VPWR,li1,131.5600,285.6000,1.799700
_9259_,VPWR,li1,148.1200,280.1600,1.799762
_9258_,VPWR,li1,138.4600,291.0400,1.799813
_9257_,VPWR,li1,146.7400,258.4000,1.799780
_9256_,VPWR,li1,152.2600,269.2800,1.799803
_9255_,VPWR,li1,164.2200,263.8400,1.799877
_9254_,VPWR,li1,154.5600,252.9600,1.799883
_9253_,VPWR,li1,131.7900,155.0400,1.799848
_9252_,VPWR,li1,128.3400,160.4800,1.799831
_9251_,VPWR,li1,133.4000,160.4800,1.799830
_9250_,VPWR,li1,143.0600,160.4800,1.799828
_9249_,VPWR,li1,156.1700,149.6000,1.799875
_9248_,VPWR,li1,153.1800,160.4800,1.799837
_9247_,VPWR,li1,141.2200,160.4800,1.799827
_9246_,VPWR,li1,154.5600,155.0400,1.799854
_9245_,VPWR,li1,301.3000,155.0400,1.798931
_9244_,VPWR,li1,310.5000,149.6000,1.799017
_9243_,VPWR,li1,318.7800,138.7200,1.799314
_9242_,VPWR,li1,314.6400,133.2800,1.799440
_9241_,VPWR,li1,310.9600,111.5200,1.799153
_9240_,VPWR,li1,315.1000,122.4000,1.799297
_9239_,VPWR,li1,318.7800,100.6400,1.798955
_9238_,VPWR,li1,318.7800,89.7600,1.799347
_9237_,VPWR,li1,310.0400,78.8800,1.799394
_9236_,VPWR,li1,318.7800,62.5600,1.799522
_9235_,VPWR,li1,318.7800,46.2400,1.798903
_9234_,VPWR,li1,318.7800,40.8000,1.799457
_9233_,VPWR,li1,314.1800,57.1200,1.799324
_9232_,VPWR,li1,318.7800,51.6800,1.799564
_9231_,VPWR,li1,315.5600,73.4400,1.798219
_9230_,VPWR,li1,310.9600,78.8800,1.799394
_9229_,VPWR,li1,235.5200,24.4800,1.799664
_9228_,VPWR,li1,230.4600,19.0400,1.799441
_9227_,VPWR,li1,243.3400,24.4800,1.799642
_9226_,VPWR,li1,306.8200,84.3200,1.798991
_9225_,VPWR,li1,318.7800,95.2000,1.799385
_9224_,VPWR,li1,314.6400,111.5200,1.799148
_9223_,VPWR,li1,318.7800,116.9600,1.799445
_9222_,VPWR,li1,318.7800,127.8400,1.798826
_9221_,VPWR,li1,318.7800,144.1600,1.799347
_9220_,VPWR,li1,270.4800,155.0400,1.799107
_9219_,VPWR,li1,275.0800,155.0400,1.799078
_9218_,VPWR,li1,267.2600,160.4800,1.799243
_9217_,VPWR,li1,259.4400,182.2400,1.799545
_9216_,VPWR,li1,310.9600,182.2400,1.799461
_9215_,VPWR,li1,312.8000,176.8000,1.798771
_9214_,VPWR,li1,283.3600,182.2400,1.799496
_9213_,VPWR,li1,293.0200,155.0400,1.798969
_9212_,VPWR,li1,298.0800,149.6000,1.799041
_9211_,VPWR,li1,307.7400,138.7200,1.799327
_9210_,VPWR,li1,304.0600,127.8400,1.798889
_9209_,VPWR,li1,298.0800,122.4000,1.799326
_9208_,VPWR,li1,305.9000,122.4000,1.799308
_9207_,VPWR,li1,305.9000,106.0800,1.798645
_9206_,VPWR,li1,305.9000,95.2000,1.799402
_9205_,VPWR,li1,298.0800,84.3200,1.799007
_9204_,VPWR,li1,307.2800,68.0000,1.799121
_9203_,VPWR,li1,305.9000,46.2400,1.798940
_9202_,VPWR,li1,296.7000,40.8000,1.799479
_9201_,VPWR,li1,272.3200,57.1200,1.799412
_9200_,VPWR,li1,263.5800,24.4800,1.799616
_9199_,VPWR,li1,254.3800,24.4800,1.799623
_9198_,VPWR,li1,246.5600,78.8800,1.799558
_9197_,VPWR,li1,224.0200,29.9200,1.799859
_9196_,VPWR,li1,218.9600,40.8000,1.799695
_9195_,VPWR,li1,231.3800,68.0000,1.799434
_9194_,VPWR,li1,254.3800,89.7600,1.799494
_9193_,VPWR,li1,250.2400,95.2000,1.799512
_9192_,VPWR,li1,246.1000,106.0800,1.798960
_9191_,VPWR,li1,246.1000,116.9600,1.799596
_9190_,VPWR,li1,241.5000,133.2800,1.799602
_9189_,VPWR,li1,236.9000,144.1600,1.799570
_9188_,VPWR,li1,233.6800,155.0400,1.799371
_9187_,VPWR,li1,258.0600,160.4800,1.799297
_9186_,VPWR,li1,250.2400,165.9200,1.799701
_9185_,VPWR,li1,248.8600,182.2400,1.799578
_9184_,VPWR,li1,241.5000,182.2400,1.799603
_9183_,VPWR,li1,265.4200,171.3600,1.799716
_9182_,VPWR,li1,268.1800,182.2400,1.799525
_9181_,VPWR,li1,275.0800,165.9200,1.799660
_9180_,VPWR,li1,281.5200,176.8000,1.798934
_9179_,VPWR,li1,293.0200,165.9200,1.799645
_9178_,VPWR,li1,281.9800,160.4800,1.799197
_9177_,VPWR,li1,198.7200,280.1600,1.799710
_9176_,VPWR,li1,180.7800,307.3600,1.799824
_9175_,VPWR,li1,202.8600,318.2400,1.799650
_9174_,VPWR,li1,205.6200,307.3600,1.799678
_9173_,VPWR,li1,194.5800,318.2400,1.799711
_9172_,VPWR,li1,174.3400,318.2400,1.799875
_9171_,VPWR,li1,215.7400,318.2400,1.799559
_9170_,VPWR,li1,238.2800,329.1200,1.799369
_9169_,VPWR,li1,310.9600,307.3600,1.799388
_9168_,VPWR,li1,315.1000,301.9200,1.799445
_9167_,VPWR,li1,318.7800,291.0400,1.799248
_9166_,VPWR,li1,318.7800,280.1600,1.799260
_9165_,VPWR,li1,251.1600,323.6800,1.799532
_9164_,VPWR,li1,314.1800,269.2800,1.798738
_9163_,VPWR,li1,318.7800,258.4000,1.799562
_9162_,VPWR,li1,316.9400,252.9600,1.799558
_9161_,VPWR,li1,310.9600,214.8800,1.799086
_9160_,VPWR,li1,305.9000,214.8800,1.799092
_9159_,VPWR,li1,308.2000,209.4400,1.799455
_9158_,VPWR,li1,315.5600,209.4400,1.799448
_9157_,VPWR,li1,308.6600,247.5200,1.799471
_9156_,VPWR,li1,313.7200,242.0800,1.799405
_9155_,VPWR,li1,216.2000,242.0800,1.799591
_9154_,VPWR,li1,207.9200,242.0800,1.799629
_9153_,VPWR,li1,199.6400,307.3600,1.799714
_9152_,VPWR,li1,195.9600,258.4000,1.799822
_9151_,VPWR,li1,190.4400,307.3600,1.799770
_9150_,VPWR,li1,187.6800,301.9200,1.799835
_9149_,VPWR,li1,185.3800,312.8000,1.799912
_9148_,VPWR,li1,178.0200,296.4800,1.799857
_9147_,VPWR,li1,170.2000,301.9200,1.799874
_9146_,VPWR,li1,172.0400,307.3600,1.799878
_9145_,VPWR,li1,197.3400,269.2800,1.799544
_9144_,VPWR,li1,189.9800,269.2800,1.799650
_9143_,VPWR,li1,205.1600,258.4000,1.799791
_9142_,VPWR,li1,205.1600,296.4800,1.799612
_9141_,VPWR,li1,195.0400,301.9200,1.799801
_9140_,VPWR,li1,195.0400,291.0400,1.799731
_9139_,VPWR,li1,212.9800,307.3600,1.799641
_9138_,VPWR,li1,241.5000,291.0400,1.799466
_9137_,VPWR,li1,298.0800,307.3600,1.799403
_9136_,VPWR,li1,306.3600,296.4800,1.798940
_9135_,VPWR,li1,309.1200,291.0400,1.799259
_9134_,VPWR,li1,309.5800,280.1600,1.799266
_9133_,VPWR,li1,246.5600,269.2800,1.799001
_9132_,VPWR,li1,305.9000,263.8400,1.798940
_9131_,VPWR,li1,309.5800,252.9600,1.799558
_9130_,VPWR,li1,299.9200,242.0800,1.799405
_9129_,VPWR,li1,293.0200,214.8800,1.799115
_9128_,VPWR,li1,285.2000,214.8800,1.799135
_9127_,VPWR,li1,281.9800,204.0000,1.799365
_9126_,VPWR,li1,280.1400,209.4400,1.799509
_9125_,VPWR,li1,247.0200,247.5200,1.799597
_9124_,VPWR,li1,241.5000,242.0800,1.799495
_9123_,VPWR,li1,211.1400,236.6400,1.799725
_9122_,VPWR,li1,206.0800,231.2000,1.799780
_9121_,VPWR,li1,195.9600,242.0800,1.799694
_9120_,VPWR,li1,189.9800,236.6400,1.799831
_9119_,VPWR,li1,182.1600,231.2000,1.799886
_9118_,VPWR,li1,189.5200,247.5200,1.799822
_9117_,VPWR,li1,189.5200,263.8400,1.799764
_9116_,VPWR,li1,179.8600,269.2800,1.799772
_9115_,VPWR,li1,166.9800,280.1600,1.799841
_9114_,VPWR,li1,170.6600,291.0400,1.799873
_9113_,VPWR,li1,181.7000,291.0400,1.799839
_9112_,VPWR,li1,189.9800,291.0400,1.799773
_9111_,VPWR,li1,189.9800,280.1600,1.799757
_9110_,VPWR,li1,178.9400,280.1600,1.799848
_9109_,VPWR,li1,128.8000,176.8000,1.799701
_9108_,VPWR,li1,132.0200,171.3600,1.799730
_9107_,VPWR,li1,139.3800,171.3600,1.799726
_9106_,VPWR,li1,142.1400,171.3600,1.799726
_9105_,VPWR,li1,135.2400,182.2400,1.799832
_9104_,VPWR,li1,142.6000,182.2400,1.799837
_9103_,VPWR,li1,151.3400,182.2400,1.799850
_9102_,VPWR,li1,149.5000,171.3600,1.799730
_9101_,VPWR,li1,166.0600,13.6000,1.799847
_9100_,VPWR,li1,162.8400,19.0400,1.799760
_9099_,VPWR,li1,169.2800,13.6000,1.799871
_9098_,VPWR,li1,125.5800,13.6000,1.799705
_9097_,VPWR,li1,115.4600,13.6000,1.799689
_9096_,VPWR,li1,111.7800,19.0400,1.799620
_9095_,VPWR,li1,104.4200,13.6000,1.799680
_9094_,VPWR,li1,97.0600,13.6000,1.799681
_9093_,VPWR,li1,89.7000,13.6000,1.799687
_9092_,VPWR,li1,79.1200,13.6000,1.799706
_9091_,VPWR,li1,81.8800,19.0400,1.799624
_9090_,VPWR,li1,74.0600,13.6000,1.799718
_9089_,VPWR,li1,61.1800,13.6000,1.799763
_9088_,VPWR,li1,89.7000,19.0400,1.799618
_9087_,VPWR,li1,71.7600,13.6000,1.799730
_9086_,VPWR,li1,10.5800,84.3200,1.799932
_9085_,VPWR,li1,10.5800,138.7200,1.799976
_9084_,VPWR,li1,10.5800,100.6400,1.799955
_9083_,VPWR,li1,87.8600,13.6000,1.799689
_9082_,VPWR,li1,10.5800,89.7600,1.799918
_9081_,VPWR,li1,100.2800,19.0400,1.799616
_9080_,VPWR,li1,104.8800,13.6000,1.799680
_9079_,VPWR,li1,124.2000,13.6000,1.799705
_9078_,VPWR,li1,134.7800,19.0400,1.799649
_9077_,VPWR,li1,138.9200,13.6000,1.799744
_9076_,VPWR,li1,148.5800,13.6000,1.799773
_9075_,VPWR,li1,156.4000,13.6000,1.799802
_9074_,VPWR,li1,173.4200,13.6000,1.799894
_9073_,VPWR,li1,177.1000,19.0400,1.799847
_9072_,VPWR,li1,189.9800,13.6000,1.799870
_9071_,VPWR,li1,184.4600,19.0400,1.799782
_9070_,VPWR,li1,180.7800,13.6000,1.799891
_9069_,VPWR,li1,130.6400,323.6800,1.799524
_9068_,VPWR,li1,132.4800,329.1200,1.799765
_9067_,VPWR,li1,111.3200,323.6800,1.799484
_9066_,VPWR,li1,97.5200,323.6800,1.799500
_9065_,VPWR,li1,92.0000,329.1200,1.799786
_9064_,VPWR,li1,90.1600,323.6800,1.799518
_9063_,VPWR,li1,75.9000,323.6800,1.799579
_9062_,VPWR,li1,80.9600,329.1200,1.799804
_9061_,VPWR,li1,10.5800,263.8400,1.799940
_9060_,VPWR,li1,10.5800,258.4000,1.799942
_9059_,VPWR,li1,66.2400,329.1200,1.799840
_9058_,VPWR,li1,10.5800,252.9600,1.799915
_9057_,VPWR,li1,11.0400,247.5200,1.799926
_9056_,VPWR,li1,10.5800,242.0800,1.799948
_9055_,VPWR,li1,10.5800,236.6400,1.799946
_9054_,VPWR,li1,10.5800,225.7600,1.799931
_9053_,VPWR,li1,10.5800,214.8800,1.799925
_9052_,VPWR,li1,10.5800,209.4400,1.799933
_9051_,VPWR,li1,10.5800,204.0000,1.799968
_9050_,VPWR,li1,11.0400,231.2000,1.799950
_9049_,VPWR,li1,15.6400,225.7600,1.799934
_9048_,VPWR,li1,12.4200,236.6400,1.799947
_9047_,VPWR,li1,11.9600,214.8800,1.799925
_9046_,VPWR,li1,115.0000,323.6800,1.799491
_9045_,VPWR,li1,106.7200,329.1200,1.799767
_9044_,VPWR,li1,104.8800,323.6800,1.799477
_9043_,VPWR,li1,116.3800,329.1200,1.799761
_9042_,VPWR,li1,160.5400,329.1200,1.799782
_9041_,VPWR,li1,125.5800,329.1200,1.799761
_9040_,VPWR,li1,139.8400,329.1200,1.799769
_9039_,VPWR,li1,153.1800,329.1200,1.799776
_9038_,VPWR,li1,150.8800,323.6800,1.799637
_9037_,VPWR,li1,318.7800,155.0400,1.798860
_9036_,VPWR,li1,321.5400,149.6000,1.799005
_9035_,VPWR,li1,323.8400,138.7200,1.799311
_9034_,VPWR,li1,323.8400,133.2800,1.799433
_9033_,VPWR,li1,323.8400,111.5200,1.799143
_9032_,VPWR,li1,323.8400,122.4000,1.799291
_9031_,VPWR,li1,323.8400,100.6400,1.798934
_9030_,VPWR,li1,323.8400,89.7600,1.799344
_9029_,VPWR,li1,321.5400,78.8800,1.799388
_9028_,VPWR,li1,323.8400,62.5600,1.799519
_9027_,VPWR,li1,323.8400,51.6800,1.799564
_9026_,VPWR,li1,323.8400,46.2400,1.798900
_9025_,VPWR,li1,323.8400,73.4400,1.798206
_9024_,VPWR,li1,323.8400,57.1200,1.799319
_9023_,VPWR,li1,323.8400,68.0000,1.799113
_9022_,VPWR,li1,323.8400,84.3200,1.798974
_9021_,VPWR,li1,248.8600,13.6000,1.799773
_9020_,VPWR,li1,241.5000,13.6000,1.799782
_9019_,VPWR,li1,256.2200,13.6000,1.799769
_9018_,VPWR,li1,319.7000,84.3200,1.798976
_9017_,VPWR,li1,323.8400,95.2000,1.799383
_9016_,VPWR,li1,323.8400,106.0800,1.798634
_9015_,VPWR,li1,323.8400,116.9600,1.799443
_9014_,VPWR,li1,323.8400,127.8400,1.798824
_9013_,VPWR,li1,323.8400,144.1600,1.799344
_9012_,VPWR,li1,323.8400,149.6000,1.799003
_9011_,VPWR,li1,323.8400,155.0400,1.798857
_9010_,VPWR,li1,323.8400,160.4800,1.799170
_9009_,VPWR,li1,321.5400,187.6800,1.799333
_9008_,VPWR,li1,323.8400,187.6800,1.799332
_9007_,VPWR,li1,323.8400,176.8000,1.798765
_9006_,VPWR,li1,323.8400,182.2400,1.799454
_9005_,VPWR,li1,210.2200,329.1200,1.799540
_9004_,VPWR,li1,191.8200,329.1200,1.799699
_9003_,VPWR,li1,207.0000,318.2400,1.799610
_9002_,VPWR,li1,204.2400,323.6800,1.799598
_9001_,VPWR,li1,194.5800,323.6800,1.799666
_9000_,VPWR,li1,177.1000,323.6800,1.799826
_8999_,VPWR,li1,224.9400,323.6800,1.799557
_8998_,VPWR,li1,245.6400,329.1200,1.799323
_8997_,VPWR,li1,323.8400,307.3600,1.799380
_8996_,VPWR,li1,323.8400,301.9200,1.799440
_8995_,VPWR,li1,323.8400,291.0400,1.799245
_8994_,VPWR,li1,323.8400,285.6000,1.799579
_8993_,VPWR,li1,254.8400,329.1200,1.799283
_8992_,VPWR,li1,323.8400,269.2800,1.798733
_8991_,VPWR,li1,323.8400,263.8400,1.798884
_8990_,VPWR,li1,323.8400,258.4000,1.799559
_8989_,VPWR,li1,323.8400,214.8800,1.799080
_8988_,VPWR,li1,323.8400,209.4400,1.799443
_8987_,VPWR,li1,322.0000,204.0000,1.799235
_8986_,VPWR,li1,323.8400,204.0000,1.799234
_8985_,VPWR,li1,323.8400,247.5200,1.799463
_8984_,VPWR,li1,323.8400,263.8400,1.798884
_8983_,VPWR,li1,228.6200,329.1200,1.799417
_8982_,VPWR,li1,217.5800,329.1200,1.799488
_8981_,VPWR,li1,215.7400,312.8000,1.799820
_8980_,VPWR,li1,217.5800,323.6800,1.799568
_8979_,VPWR,li1,202.8600,329.1200,1.799602
_8978_,VPWR,li1,195.0400,329.1200,1.799659
_8977_,VPWR,li1,189.9800,323.6800,1.799702
_8976_,VPWR,li1,184.4600,329.1200,1.799765
_8975_,VPWR,li1,168.3600,329.1200,1.799812
_8974_,VPWR,li1,177.1000,329.1200,1.799827
_8973_,VPWR,li1,178.0200,312.8000,1.799939
_8972_,VPWR,li1,171.5800,149.6000,1.799886
_8971_,VPWR,li1,177.1000,155.0400,1.799861
_8970_,VPWR,li1,163.7600,160.4800,1.799855
_8969_,VPWR,li1,164.6800,165.9200,1.799880
_8968_,VPWR,li1,163.7600,155.0400,1.799864
_8967_,VPWR,li1,169.2800,160.4800,1.799872
_8966_,VPWR,li1,176.6400,160.4800,1.799889
_8965_,VPWR,li1,178.4800,171.3600,1.799836
_8964_,VPWR,li1,186.3000,323.6800,1.799741
_8963_,VPWR,li1,159.1600,46.2400,1.799859
_8962_,VPWR,li1,155.4800,35.3600,1.799827
_8961_,VPWR,li1,155.9400,29.9200,1.799900
_8960_,VPWR,li1,126.9600,29.9200,1.799843
_8959_,VPWR,li1,116.8400,29.9200,1.799832
_8958_,VPWR,li1,112.7000,24.4800,1.799568
_8957_,VPWR,li1,100.7400,35.3600,1.799673
_8956_,VPWR,li1,92.0000,35.3600,1.799672
_8955_,VPWR,li1,87.8600,24.4800,1.799604
_8954_,VPWR,li1,74.5200,24.4800,1.799662
_8953_,VPWR,li1,67.6200,19.0400,1.799667
_8952_,VPWR,li1,51.9800,24.4800,1.799766
_8951_,VPWR,li1,51.9800,13.6000,1.799802
_8950_,VPWR,li1,81.8800,24.4800,1.799627
_8949_,VPWR,li1,61.1800,19.0400,1.799699
_8948_,VPWR,li1,13.8000,84.3200,1.799935
_8947_,VPWR,li1,14.7200,116.9600,1.799971
_8946_,VPWR,li1,10.5800,111.5200,1.799930
_8945_,VPWR,li1,86.9400,35.3600,1.799675
_8944_,VPWR,li1,13.3400,100.6400,1.799957
_8943_,VPWR,li1,95.6800,24.4800,1.799575
_8942_,VPWR,li1,103.5000,24.4800,1.799562
_8941_,VPWR,li1,121.4400,19.0400,1.799630
_8940_,VPWR,li1,127.8800,24.4800,1.799608
_8939_,VPWR,li1,135.2400,24.4800,1.799639
_8938_,VPWR,li1,143.9800,24.4800,1.799686
_8937_,VPWR,li1,153.6400,19.0400,1.799708
_8936_,VPWR,li1,166.5200,35.3600,1.799880
_8935_,VPWR,li1,171.1200,24.4800,1.799840
_8934_,VPWR,li1,179.8600,29.9200,1.799938
_8933_,VPWR,li1,177.5600,68.0000,1.799877
_8932_,VPWR,li1,176.6400,35.3600,1.799930
_8931_,VPWR,li1,152.2600,51.6800,1.799867
_8930_,VPWR,li1,148.5800,40.8000,1.799720
_8929_,VPWR,li1,140.7600,35.3600,1.799763
_8928_,VPWR,li1,128.8000,35.3600,1.799721
_8927_,VPWR,li1,118.6800,35.3600,1.799693
_8926_,VPWR,li1,108.5600,35.3600,1.799679
_8925_,VPWR,li1,98.9000,84.3200,1.799707
_8924_,VPWR,li1,85.1000,84.3200,1.799718
_8923_,VPWR,li1,78.6600,35.3600,1.799683
_8922_,VPWR,li1,65.3200,29.9200,1.799828
_8921_,VPWR,li1,61.1800,51.6800,1.799840
_8920_,VPWR,li1,39.5600,29.9200,1.799885
_8919_,VPWR,li1,22.5400,51.6800,1.799952
_8918_,VPWR,li1,16.5600,68.0000,1.799959
_8917_,VPWR,li1,17.9400,73.4400,1.799961
_8916_,VPWR,li1,22.5400,95.2000,1.799928
_8915_,VPWR,li1,22.5400,106.0800,1.799962
_8914_,VPWR,li1,23.9200,111.5200,1.799929
_8913_,VPWR,li1,73.6000,84.3200,1.799743
_8912_,VPWR,li1,63.9400,95.2000,1.799668
_8911_,VPWR,li1,81.4200,89.7600,1.799602
_8910_,VPWR,li1,90.6200,89.7600,1.799604
_8909_,VPWR,li1,105.8000,95.2000,1.799471
_8908_,VPWR,li1,117.7600,89.7600,1.799670
_8907_,VPWR,li1,130.6400,95.2000,1.799492
_8906_,VPWR,li1,139.8400,95.2000,1.799553
_8905_,VPWR,li1,148.1200,95.2000,1.799618
_8904_,VPWR,li1,155.9400,95.2000,1.799678
_8903_,VPWR,li1,164.2200,89.7600,1.799843
_8902_,VPWR,li1,172.0400,73.4400,1.799807
_8901_,VPWR,li1,178.9400,84.3200,1.799821
_8900_,VPWR,li1,170.2000,84.3200,1.799811
_8899_,VPWR,li1,157.7800,73.4400,1.799790
_8898_,VPWR,li1,166.5200,73.4400,1.799797
_8897_,VPWR,li1,161.0000,84.3200,1.799770
_8896_,VPWR,li1,153.1800,84.3200,1.799752
_8895_,VPWR,li1,178.0200,182.2400,1.799896
_8894_,VPWR,li1,169.2800,171.3600,1.799768
_8893_,VPWR,li1,161.9200,171.3600,1.799748
_8892_,VPWR,li1,161.4600,182.2400,1.799869
_8891_,VPWR,li1,164.2200,176.8000,1.799781
_8890_,VPWR,li1,169.2800,182.2400,1.799889
_8889_,VPWR,li1,178.9400,176.8000,1.799777
_8888_,VPWR,li1,178.9400,171.3600,1.799836
_8887_,VPWR,li1,126.0400,296.4800,1.799812
_8886_,VPWR,li1,123.9700,296.4800,1.799810
_8885_,VPWR,li1,123.7400,307.3600,1.799824
_8884_,VPWR,li1,120.2900,301.9200,1.799680
_8883_,VPWR,li1,111.7800,307.3600,1.799819
_8882_,VPWR,li1,116.6100,307.3600,1.799821
_8881_,VPWR,li1,93.8400,318.2400,1.799722
_8880_,VPWR,li1,95.4500,312.8000,1.799845
_8879_,VPWR,li1,89.2400,318.2400,1.799723
_8878_,VPWR,li1,86.7100,318.2400,1.799726
_8877_,VPWR,li1,85.1000,318.2400,1.799726
_8876_,VPWR,li1,81.6500,318.2400,1.799729
_8875_,VPWR,li1,68.0800,323.6800,1.799622
_8874_,VPWR,li1,67.8500,318.2400,1.799759
_8873_,VPWR,li1,78.6600,318.2400,1.799731
_8872_,VPWR,li1,70.6100,318.2400,1.799751
_8871_,VPWR,li1,14.7200,269.2800,1.799958
_8870_,VPWR,li1,16.3300,274.7200,1.799964
_8869_,VPWR,li1,16.1000,269.2800,1.799958
_8868_,VPWR,li1,20.0100,269.2800,1.799958
_8867_,VPWR,li1,52.9000,323.6800,1.799717
_8866_,VPWR,li1,54.9700,318.2400,1.799813
_8865_,VPWR,li1,15.1800,252.9600,1.799918
_8864_,VPWR,li1,20.0100,258.4000,1.799951
_8863_,VPWR,li1,20.7000,247.5200,1.799934
_8862_,VPWR,li1,25.0700,247.5200,1.799911
_8861_,VPWR,li1,20.7000,242.0800,1.799954
_8860_,VPWR,li1,23.6900,242.0800,1.799948
_8859_,VPWR,li1,21.1600,231.2000,1.799956
_8858_,VPWR,li1,25.5300,231.2000,1.799944
_8857_,VPWR,li1,24.8400,225.7600,1.799930
_8856_,VPWR,li1,29.2100,225.7600,1.799910
_8855_,VPWR,li1,28.9800,209.4400,1.799914
_8854_,VPWR,li1,27.8300,204.0000,1.799959
_8853_,VPWR,li1,22.0800,204.0000,1.799970
_8852_,VPWR,li1,24.6100,204.0000,1.799963
_8851_,VPWR,li1,15.1800,193.1200,1.799936
_8850_,VPWR,li1,17.7100,193.1200,1.799936
_8849_,VPWR,li1,22.5400,193.1200,1.799921
_8848_,VPWR,li1,22.7700,193.1200,1.799921
_8847_,VPWR,li1,15.6400,204.0000,1.799969
_8846_,VPWR,li1,16.3300,209.4400,1.799937
_8845_,VPWR,li1,16.5600,220.3200,1.799957
_8844_,VPWR,li1,16.7900,214.8800,1.799931
_8843_,VPWR,li1,26.6800,214.8800,1.799930
_8842_,VPWR,li1,91.7700,220.3200,1.799842
_8841_,VPWR,li1,101.2000,236.6400,1.799855
_8840_,VPWR,li1,97.7500,236.6400,1.799855
_8839_,VPWR,li1,100.7400,323.6800,1.799487
_8838_,VPWR,li1,103.7300,247.5200,1.799591
_8837_,VPWR,li1,105.3400,307.3600,1.799816
_8836_,VPWR,li1,106.0300,252.9600,1.799846
_8835_,VPWR,li1,116.3800,318.2400,1.799737
_8834_,VPWR,li1,115.6900,312.8000,1.799858
_8833_,VPWR,li1,149.9600,318.2400,1.799812
_8832_,VPWR,li1,147.4300,318.2400,1.799802
_8831_,VPWR,li1,125.1200,318.2400,1.799751
_8830_,VPWR,li1,127.6500,318.2400,1.799756
_8829_,VPWR,li1,136.1600,318.2400,1.799775
_8828_,VPWR,li1,135.4700,312.8000,1.799888
_8827_,VPWR,li1,150.4200,291.0400,1.799832
_8826_,VPWR,li1,150.1900,285.6000,1.799757
_8825_,VPWR,li1,143.9800,291.0400,1.799822
_8824_,VPWR,li1,146.5100,291.0400,1.799825
_8823_,VPWR,li1,119.8300,291.0400,1.799797
_8822_,VPWR,li1,118.2200,285.6000,1.799683
_8821_,VPWR,li1,113.3900,291.0400,1.799792
_8820_,VPWR,li1,108.7900,285.6000,1.799678
_8819_,VPWR,li1,105.1100,269.2800,1.799795
_8818_,VPWR,li1,101.8900,269.2800,1.799796
_8817_,VPWR,li1,105.1100,263.8400,1.799823
_8816_,VPWR,li1,101.8900,274.7200,1.799854
_8815_,VPWR,li1,114.3100,280.1600,1.799742
_8814_,VPWR,li1,112.0100,274.7200,1.799852
_8813_,VPWR,li1,123.5100,285.6000,1.799689
_8812_,VPWR,li1,116.8400,285.6000,1.799683
_8811_,VPWR,li1,119.1400,285.6000,1.799685
_8810_,VPWR,li1,99.3600,269.2800,1.799798
_8809_,VPWR,li1,106.9500,291.0400,1.799791
_8808_,VPWR,li1,116.1500,296.4800,1.799801
_8807_,VPWR,li1,120.0600,291.0400,1.799797
_8806_,VPWR,li1,110.1700,296.4800,1.799799
_8805_,VPWR,li1,109.7100,285.6000,1.799678
_8804_,VPWR,li1,106.9500,285.6000,1.799678
_8803_,VPWR,li1,109.7100,291.0400,1.799791
_8802_,VPWR,li1,106.4900,280.1600,1.799750
_8801_,VPWR,li1,103.7300,280.1600,1.799754
_8800_,VPWR,li1,100.0500,280.1600,1.799759
_8799_,VPWR,li1,100.9700,269.2800,1.799796
_8798_,VPWR,li1,93.8400,263.8400,1.799826
_8797_,VPWR,li1,100.7400,263.8400,1.799823
_8796_,VPWR,li1,97.7500,263.8400,1.799824
_8795_,VPWR,li1,102.3500,263.8400,1.799823
_8794_,VPWR,li1,105.1100,258.4000,1.799784
_8793_,VPWR,li1,107.1800,258.4000,1.799783
_8792_,VPWR,li1,108.7900,263.8400,1.799824
_8791_,VPWR,li1,107.8700,274.7200,1.799853
_8790_,VPWR,li1,115.6900,274.7200,1.799852
_8789_,VPWR,li1,113.1600,269.2800,1.799795
_8788_,VPWR,li1,119.3700,274.7200,1.799853
_8787_,VPWR,li1,118.4500,280.1600,1.799736
_8786_,VPWR,li1,105.5700,296.4800,1.799800
_8785_,VPWR,li1,112.0100,307.3600,1.799819
_8784_,VPWR,li1,114.5400,301.9200,1.799657
_8783_,VPWR,li1,102.3500,307.3600,1.799815
_8782_,VPWR,li1,109.0200,307.3600,1.799817
_8781_,VPWR,li1,105.1100,307.3600,1.799816
_8780_,VPWR,li1,109.7100,301.9200,1.799646
_8779_,VPWR,li1,107.8700,296.4800,1.799799
_8778_,VPWR,li1,102.8100,296.4800,1.799800
_8777_,VPWR,li1,100.0500,291.0400,1.799791
_8776_,VPWR,li1,103.0400,291.0400,1.799791
_8775_,VPWR,li1,94.7600,291.0400,1.799792
_8774_,VPWR,li1,99.1300,285.6000,1.799679
_8773_,VPWR,li1,100.5100,280.1600,1.799759
_8772_,VPWR,li1,97.7500,280.1600,1.799763
_8771_,VPWR,li1,98.4400,274.7200,1.799855
_8770_,VPWR,li1,96.1400,274.7200,1.799856
_8769_,VPWR,li1,94.0700,269.2800,1.799801
_8768_,VPWR,li1,94.9900,269.2800,1.799801
_8767_,VPWR,li1,94.5300,263.8400,1.799825
_8766_,VPWR,li1,96.1400,258.4000,1.799792
_8765_,VPWR,li1,93.8400,258.4000,1.799794
_8764_,VPWR,li1,103.2700,258.4000,1.799786
_8763_,VPWR,li1,108.3300,258.4000,1.799783
_8762_,VPWR,li1,105.1100,252.9600,1.799846
_8761_,VPWR,li1,102.8100,252.9600,1.799845
_8760_,VPWR,li1,101.4300,258.4000,1.799788
_8759_,VPWR,li1,100.0500,252.9600,1.799845
_8758_,VPWR,li1,111.5500,269.2800,1.799795
_8757_,VPWR,li1,113.1600,274.7200,1.799852
_8756_,VPWR,li1,110.8600,274.7200,1.799852
_8755_,VPWR,li1,115.2300,274.7200,1.799852
_8754_,VPWR,li1,109.2500,274.7200,1.799853
_8753_,VPWR,li1,91.7700,296.4800,1.799805
_8752_,VPWR,li1,99.8200,301.9200,1.799644
_8751_,VPWR,li1,97.2900,307.3600,1.799817
_8750_,VPWR,li1,100.0500,307.3600,1.799815
_8749_,VPWR,li1,92.6900,307.3600,1.799820
_8748_,VPWR,li1,100.9700,307.3600,1.799815
_8747_,VPWR,li1,97.7500,307.3600,1.799816
_8746_,VPWR,li1,100.5100,301.9200,1.799643
_8745_,VPWR,li1,97.2900,296.4800,1.799803
_8744_,VPWR,li1,100.2800,296.4800,1.799801
_8743_,VPWR,li1,92.4600,296.4800,1.799805
_8742_,VPWR,li1,94.9900,291.0400,1.799792
_8741_,VPWR,li1,93.6100,285.6000,1.799682
_8740_,VPWR,li1,94.7600,285.6000,1.799681
_8739_,VPWR,li1,92.4600,285.6000,1.799682
_8738_,VPWR,li1,90.8500,280.1600,1.799776
_8737_,VPWR,li1,93.6100,274.7200,1.799858
_8736_,VPWR,li1,89.4700,274.7200,1.799859
_8735_,VPWR,li1,92.2300,274.7200,1.799858
_8734_,VPWR,li1,87.8600,269.2800,1.799808
_8733_,VPWR,li1,90.8500,258.4000,1.799796
_8732_,VPWR,li1,92.6900,258.4000,1.799794
_8731_,VPWR,li1,90.8500,258.4000,1.799796
_8730_,VPWR,li1,87.1700,252.9600,1.799845
_8729_,VPWR,li1,89.9300,252.9600,1.799845
_8728_,VPWR,li1,88.5500,258.4000,1.799800
_8727_,VPWR,li1,90.8500,252.9600,1.799845
_8726_,VPWR,li1,94.3000,252.9600,1.799844
_8725_,VPWR,li1,94.7600,252.9600,1.799844
_8724_,VPWR,li1,92.2300,252.9600,1.799845
_8723_,VPWR,li1,98.6700,247.5200,1.799607
_8722_,VPWR,li1,80.9600,312.8000,1.799843
_8721_,VPWR,li1,78.2000,312.8000,1.799843
_8720_,VPWR,li1,71.7600,312.8000,1.799850
_8719_,VPWR,li1,76.3600,307.3600,1.799845
_8718_,VPWR,li1,75.2100,307.3600,1.799845
_8717_,VPWR,li1,83.4900,318.2400,1.799727
_8716_,VPWR,li1,82.1100,296.4800,1.799813
_8715_,VPWR,li1,86.9400,301.9200,1.799663
_8714_,VPWR,li1,86.2500,312.8000,1.799842
_8713_,VPWR,li1,81.1900,318.2400,1.799729
_8712_,VPWR,li1,79.3500,312.8000,1.799843
_8711_,VPWR,li1,76.5900,312.8000,1.799844
_8710_,VPWR,li1,86.7100,307.3600,1.799826
_8709_,VPWR,li1,90.6200,307.3600,1.799824
_8708_,VPWR,li1,87.6300,307.3600,1.799826
_8707_,VPWR,li1,87.1700,296.4800,1.799809
_8706_,VPWR,li1,90.1600,296.4800,1.799806
_8705_,VPWR,li1,88.0900,291.0400,1.799794
_8704_,VPWR,li1,90.3900,285.6000,1.799683
_8703_,VPWR,li1,86.7100,280.1600,1.799785
_8702_,VPWR,li1,89.0100,280.1600,1.799780
_8701_,VPWR,li1,90.3900,269.2800,1.799804
_8700_,VPWR,li1,86.2500,269.2800,1.799808
_8699_,VPWR,li1,88.0900,269.2800,1.799806
_8698_,VPWR,li1,83.4900,269.2800,1.799811
_8697_,VPWR,li1,83.9500,252.9600,1.799846
_8696_,VPWR,li1,84.6400,258.4000,1.799803
_8695_,VPWR,li1,81.8800,258.4000,1.799806
_8694_,VPWR,li1,89.0100,258.4000,1.799798
_8693_,VPWR,li1,87.1700,258.4000,1.799800
_8692_,VPWR,li1,84.8700,269.2800,1.799811
_8691_,VPWR,li1,82.8000,280.1600,1.799793
_8690_,VPWR,li1,84.6400,291.0400,1.799796
_8689_,VPWR,li1,59.3400,301.9200,1.799766
_8688_,VPWR,li1,72.4500,296.4800,1.799829
_8687_,VPWR,li1,79.5800,296.4800,1.799815
_8686_,VPWR,li1,76.1300,312.8000,1.799844
_8685_,VPWR,li1,70.1500,312.8000,1.799850
_8684_,VPWR,li1,72.9100,312.8000,1.799847
_8683_,VPWR,li1,66.0100,312.8000,1.799856
_8682_,VPWR,li1,68.7700,312.8000,1.799852
_8681_,VPWR,li1,60.0300,312.8000,1.799865
_8680_,VPWR,li1,60.7200,307.3600,1.799877
_8679_,VPWR,li1,49.6800,307.3600,1.799904
_8678_,VPWR,li1,57.2700,312.8000,1.799872
_8677_,VPWR,li1,60.9500,301.9200,1.799756
_8676_,VPWR,li1,62.1000,296.4800,1.799848
_8675_,VPWR,li1,59.8000,296.4800,1.799853
_8674_,VPWR,li1,61.4100,291.0400,1.799827
_8673_,VPWR,li1,81.6500,291.0400,1.799799
_8672_,VPWR,li1,80.2700,291.0400,1.799799
_8671_,VPWR,li1,75.4400,291.0400,1.799803
_8670_,VPWR,li1,84.8700,285.6000,1.799686
_8669_,VPWR,li1,81.6500,280.1600,1.799798
_8668_,VPWR,li1,80.2700,280.1600,1.799798
_8667_,VPWR,li1,76.5900,280.1600,1.799807
_8666_,VPWR,li1,78.4300,274.7200,1.799867
_8665_,VPWR,li1,79.8100,269.2800,1.799817
_8664_,VPWR,li1,78.8900,274.7200,1.799867
_8663_,VPWR,li1,81.1900,274.7200,1.799865
_8662_,VPWR,li1,66.9300,296.4800,1.799838
_8661_,VPWR,li1,74.0600,291.0400,1.799805
_8660_,VPWR,li1,77.5100,307.3600,1.799841
_8659_,VPWR,li1,72.2200,307.3600,1.799852
_8658_,VPWR,li1,69.0000,307.3600,1.799858
_8657_,VPWR,li1,62.7900,312.8000,1.799859
_8656_,VPWR,li1,65.0900,312.8000,1.799856
_8655_,VPWR,li1,53.1300,312.8000,1.799881
_8654_,VPWR,li1,54.2800,312.8000,1.799877
_8653_,VPWR,li1,51.9800,307.3600,1.799900
_8652_,VPWR,li1,49.9100,312.8000,1.799888
_8651_,VPWR,li1,47.6100,307.3600,1.799909
_8650_,VPWR,li1,48.7600,307.3600,1.799904
_8649_,VPWR,li1,46.4600,307.3600,1.799909
_8648_,VPWR,li1,47.1500,296.4800,1.799882
_8647_,VPWR,li1,57.2700,296.4800,1.799859
_8646_,VPWR,li1,53.1300,291.0400,1.799850
_8645_,VPWR,li1,58.8800,291.0400,1.799835
_8644_,VPWR,li1,39.5600,291.0400,1.799893
_8643_,VPWR,li1,55.8900,291.0400,1.799843
_8642_,VPWR,li1,77.0500,291.0400,1.799803
_8641_,VPWR,li1,80.9600,285.6000,1.799689
_8640_,VPWR,li1,77.7400,285.6000,1.799691
_8639_,VPWR,li1,74.5200,280.1600,1.799814
_8638_,VPWR,li1,78.8900,280.1600,1.799803
_8637_,VPWR,li1,74.7500,280.1600,1.799814
_8636_,VPWR,li1,72.9100,280.1600,1.799818
_8635_,VPWR,li1,63.2500,280.1600,1.799839
_8634_,VPWR,li1,72.2200,285.6000,1.799695
_8633_,VPWR,li1,70.6100,301.9200,1.799719
_8632_,VPWR,li1,75.4400,301.9200,1.799699
_8631_,VPWR,li1,73.1400,301.9200,1.799707
_8630_,VPWR,li1,68.7700,301.9200,1.799726
_8629_,VPWR,li1,66.0100,301.9200,1.799733
_8628_,VPWR,li1,66.4700,301.9200,1.799733
_8627_,VPWR,li1,60.4900,301.9200,1.799756
_8626_,VPWR,li1,63.4800,301.9200,1.799744
_8625_,VPWR,li1,59.5700,285.6000,1.799731
_8624_,VPWR,li1,54.0500,301.9200,1.799785
_8623_,VPWR,li1,49.4500,301.9200,1.799810
_8622_,VPWR,li1,50.6000,301.9200,1.799801
_8621_,VPWR,li1,48.7600,285.6000,1.799789
_8620_,VPWR,li1,46.6900,296.4800,1.799882
_8619_,VPWR,li1,48.9900,296.4800,1.799877
_8618_,VPWR,li1,41.1700,296.4800,1.799897
_8617_,VPWR,li1,43.9300,296.4800,1.799889
_8616_,VPWR,li1,44.8500,285.6000,1.799804
_8615_,VPWR,li1,38.4100,296.4800,1.799905
_8614_,VPWR,li1,41.1700,291.0400,1.799893
_8613_,VPWR,li1,40.9400,291.0400,1.799893
_8612_,VPWR,li1,36.8000,291.0400,1.799902
_8611_,VPWR,li1,46.4600,285.6000,1.799804
_8610_,VPWR,li1,51.2900,285.6000,1.799776
_8609_,VPWR,li1,71.3000,291.0400,1.799809
_8608_,VPWR,li1,69.2300,285.6000,1.799700
_8607_,VPWR,li1,71.5300,285.6000,1.799698
_8606_,VPWR,li1,72.2200,274.7200,1.799872
_8605_,VPWR,li1,78.8900,252.9600,1.799848
_8604_,VPWR,li1,63.2500,274.7200,1.799881
_8603_,VPWR,li1,66.9300,263.8400,1.799848
_8602_,VPWR,li1,66.2400,258.4000,1.799834
_8601_,VPWR,li1,89.9300,236.6400,1.799855
_8600_,VPWR,li1,86.2500,242.0800,1.799792
_8599_,VPWR,li1,72.4500,263.8400,1.799840
_8598_,VPWR,li1,14.9500,280.1600,1.799957
_8597_,VPWR,li1,26.6800,280.1600,1.799942
_8596_,VPWR,li1,66.9300,274.7200,1.799877
_8595_,VPWR,li1,68.3100,274.7200,1.799875
_8594_,VPWR,li1,67.8500,269.2800,1.799832
_8593_,VPWR,li1,64.1700,274.7200,1.799881
_8592_,VPWR,li1,66.2400,274.7200,1.799877
_8591_,VPWR,li1,58.8800,280.1600,1.799851
_8590_,VPWR,li1,58.8800,280.1600,1.799851
_8589_,VPWR,li1,55.2000,274.7200,1.799894
_8588_,VPWR,li1,57.0400,285.6000,1.799745
_8587_,VPWR,li1,54.7400,285.6000,1.799756
_8586_,VPWR,li1,50.1400,285.6000,1.799776
_8585_,VPWR,li1,52.4400,285.6000,1.799765
_8584_,VPWR,li1,47.8400,280.1600,1.799877
_8583_,VPWR,li1,45.5400,285.6000,1.799804
_8582_,VPWR,li1,47.6100,285.6000,1.799789
_8581_,VPWR,li1,41.4000,285.6000,1.799828
_8580_,VPWR,li1,43.0100,285.6000,1.799813
_8579_,VPWR,li1,42.7800,280.1600,1.799890
_8578_,VPWR,li1,40.4800,285.6000,1.799828
_8577_,VPWR,li1,38.1800,285.6000,1.799847
_8576_,VPWR,li1,29.2100,285.6000,1.799894
_8575_,VPWR,li1,34.0400,285.6000,1.799865
_8574_,VPWR,li1,23.0000,285.6000,1.799924
_8573_,VPWR,li1,28.2900,285.6000,1.799894
_8572_,VPWR,li1,32.6600,291.0400,1.799919
_8571_,VPWR,li1,26.4500,285.6000,1.799911
_8570_,VPWR,li1,20.2400,285.6000,1.799941
_8569_,VPWR,li1,20.4700,274.7200,1.799966
_8568_,VPWR,li1,27.6000,269.2800,1.799940
_8567_,VPWR,li1,71.0700,269.2800,1.799828
_8566_,VPWR,li1,71.5300,269.2800,1.799828
_8565_,VPWR,li1,74.2900,269.2800,1.799822
_8564_,VPWR,li1,61.8700,269.2800,1.799847
_8563_,VPWR,li1,62.7900,269.2800,1.799847
_8562_,VPWR,li1,61.4100,274.7200,1.799884
_8561_,VPWR,li1,61.1800,274.7200,1.799884
_8560_,VPWR,li1,59.1100,274.7200,1.799888
_8559_,VPWR,li1,52.4400,269.2800,1.799872
_8558_,VPWR,li1,58.4200,274.7200,1.799891
_8557_,VPWR,li1,55.8900,274.7200,1.799894
_8556_,VPWR,li1,52.2100,274.7200,1.799900
_8555_,VPWR,li1,50.3700,274.7200,1.799903
_8554_,VPWR,li1,46.9200,269.2800,1.799887
_8553_,VPWR,li1,45.5400,280.1600,1.799883
_8552_,VPWR,li1,48.5300,274.7200,1.799907
_8551_,VPWR,li1,40.7100,274.7200,1.799926
_8550_,VPWR,li1,43.4700,269.2800,1.799894
_8549_,VPWR,li1,39.5600,263.8400,1.799900
_8548_,VPWR,li1,40.0200,280.1600,1.799899
_8547_,VPWR,li1,39.3300,274.7200,1.799926
_8546_,VPWR,li1,31.0500,285.6000,1.799879
_8545_,VPWR,li1,33.1200,274.7200,1.799944
_8544_,VPWR,li1,36.8000,280.1600,1.799908
_8543_,VPWR,li1,23.9200,274.7200,1.799962
_8542_,VPWR,li1,28.2900,280.1600,1.799934
_8541_,VPWR,li1,33.5800,285.6000,1.799865
_8540_,VPWR,li1,26.9100,274.7200,1.799956
_8539_,VPWR,li1,23.9200,280.1600,1.799951
_8538_,VPWR,li1,28.2900,296.4800,1.799937
_8537_,VPWR,li1,35.4200,296.4800,1.799913
_8536_,VPWR,li1,73.6000,263.8400,1.799840
_8535_,VPWR,li1,80.0400,263.8400,1.799835
_8534_,VPWR,li1,76.5900,263.8400,1.799837
_8533_,VPWR,li1,66.9300,263.8400,1.799848
_8532_,VPWR,li1,64.6300,263.8400,1.799852
_8531_,VPWR,li1,60.4900,263.8400,1.799856
_8530_,VPWR,li1,59.1100,263.8400,1.799860
_8529_,VPWR,li1,57.7300,258.4000,1.799852
_8528_,VPWR,li1,54.0500,263.8400,1.799869
_8527_,VPWR,li1,52.9000,263.8400,1.799869
_8526_,VPWR,li1,48.7600,263.8400,1.799880
_8525_,VPWR,li1,50.3700,258.4000,1.799869
_8524_,VPWR,li1,47.8400,258.4000,1.799875
_8523_,VPWR,li1,43.2400,263.8400,1.799890
_8522_,VPWR,li1,47.6100,263.8400,1.799880
_8521_,VPWR,li1,40.7100,263.8400,1.799900
_8520_,VPWR,li1,45.7700,263.8400,1.799884
_8519_,VPWR,li1,37.2600,258.4000,1.799905
_8518_,VPWR,li1,37.7200,269.2800,1.799915
_8517_,VPWR,li1,41.1700,269.2800,1.799902
_8516_,VPWR,li1,27.8300,269.2800,1.799940
_8515_,VPWR,li1,33.1200,263.8400,1.799918
_8514_,VPWR,li1,31.2800,269.2800,1.799929
_8513_,VPWR,li1,30.3600,274.7200,1.799949
_8512_,VPWR,li1,33.8100,269.2800,1.799922
_8511_,VPWR,li1,29.9000,274.7200,1.799949
_8510_,VPWR,li1,34.7300,274.7200,1.799937
_8509_,VPWR,li1,26.4500,274.7200,1.799956
_8508_,VPWR,li1,21.3900,258.4000,1.799951
_8507_,VPWR,li1,26.2200,258.4000,1.799938
_8506_,VPWR,li1,75.4400,258.4000,1.799815
_8505_,VPWR,li1,83.9500,258.4000,1.799803
_8504_,VPWR,li1,74.0600,252.9600,1.799850
_8503_,VPWR,li1,90.6200,236.6400,1.799855
_8502_,VPWR,li1,84.1800,236.6400,1.799855
_8501_,VPWR,li1,77.0500,247.5200,1.799674
_8500_,VPWR,li1,71.3000,242.0800,1.799818
_8499_,VPWR,li1,74.7500,231.2000,1.799842
_8498_,VPWR,li1,83.9500,242.0800,1.799794
_8497_,VPWR,li1,68.7700,252.9600,1.799852
_8496_,VPWR,li1,71.0700,252.9600,1.799851
_8495_,VPWR,li1,63.2500,252.9600,1.799857
_8494_,VPWR,li1,63.9400,252.9600,1.799857
_8493_,VPWR,li1,56.1200,247.5200,1.799757
_8492_,VPWR,li1,59.1100,252.9600,1.799862
_8491_,VPWR,li1,53.5900,258.4000,1.799860
_8490_,VPWR,li1,55.2000,252.9600,1.799869
_8489_,VPWR,li1,53.5900,252.9600,1.799869
_8488_,VPWR,li1,49.9100,258.4000,1.799869
_8487_,VPWR,li1,48.3000,252.9600,1.799877
_8486_,VPWR,li1,42.7800,258.4000,1.799888
_8485_,VPWR,li1,44.8500,252.9600,1.799883
_8484_,VPWR,li1,42.3200,247.5200,1.799823
_8483_,VPWR,li1,40.0200,258.4000,1.799895
_8482_,VPWR,li1,46.2300,258.4000,1.799882
_8481_,VPWR,li1,33.3500,258.4000,1.799916
_8480_,VPWR,li1,35.4200,252.9600,1.799897
_8479_,VPWR,li1,36.8000,258.4000,1.799905
_8478_,VPWR,li1,35.4200,263.8400,1.799911
_8477_,VPWR,li1,33.8100,258.4000,1.799916
_8476_,VPWR,li1,28.0600,263.8400,1.799933
_8475_,VPWR,li1,29.9000,263.8400,1.799927
_8474_,VPWR,li1,28.7500,263.8400,1.799933
_8473_,VPWR,li1,23.6900,247.5200,1.799923
_8472_,VPWR,li1,32.6600,252.9600,1.799903
_8471_,VPWR,li1,79.3500,247.5200,1.799666
_8470_,VPWR,li1,83.9500,247.5200,1.799656
_8469_,VPWR,li1,73.3700,247.5200,1.799687
_8468_,VPWR,li1,79.8100,242.0800,1.799800
_8467_,VPWR,li1,67.8500,247.5200,1.799710
_8466_,VPWR,li1,67.3900,247.5200,1.799710
_8465_,VPWR,li1,68.7700,242.0800,1.799823
_8464_,VPWR,li1,62.3300,247.5200,1.799731
_8463_,VPWR,li1,59.3400,247.5200,1.799743
_8462_,VPWR,li1,54.2800,247.5200,1.799766
_8461_,VPWR,li1,56.8100,247.5200,1.799757
_8460_,VPWR,li1,53.8200,242.0800,1.799861
_8459_,VPWR,li1,52.9000,247.5200,1.799776
_8458_,VPWR,li1,51.9800,247.5200,1.799776
_8457_,VPWR,li1,46.9200,247.5200,1.799800
_8456_,VPWR,li1,49.2200,247.5200,1.799789
_8455_,VPWR,li1,46.0000,242.0800,1.799882
_8454_,VPWR,li1,48.3000,247.5200,1.799800
_8453_,VPWR,li1,45.3100,247.5200,1.799812
_8452_,VPWR,li1,35.1900,247.5200,1.799862
_8451_,VPWR,li1,37.2600,247.5200,1.799848
_8450_,VPWR,li1,38.6400,247.5200,1.799848
_8449_,VPWR,li1,39.5600,252.9600,1.799890
_8448_,VPWR,li1,37.4900,252.9600,1.799894
_8447_,VPWR,li1,37.7200,252.9600,1.799894
_8446_,VPWR,li1,32.8900,252.9600,1.799903
_8445_,VPWR,li1,28.5200,247.5200,1.799893
_8444_,VPWR,li1,24.1500,236.6400,1.799949
_8443_,VPWR,li1,30.3600,236.6400,1.799933
_8442_,VPWR,li1,77.7400,242.0800,1.799802
_8441_,VPWR,li1,83.9500,236.6400,1.799855
_8440_,VPWR,li1,77.5100,242.0800,1.799802
_8439_,VPWR,li1,72.4500,236.6400,1.799860
_8438_,VPWR,li1,74.0600,242.0800,1.799811
_8437_,VPWR,li1,65.3200,236.6400,1.799869
_8436_,VPWR,li1,66.4700,242.0800,1.799831
_8435_,VPWR,li1,65.3200,231.2000,1.799857
_8434_,VPWR,li1,63.4800,242.0800,1.799836
_8433_,VPWR,li1,61.1800,242.0800,1.799846
_8432_,VPWR,li1,58.8800,236.6400,1.799880
_8431_,VPWR,li1,61.1800,236.6400,1.799874
_8430_,VPWR,li1,55.6600,231.2000,1.799873
_8429_,VPWR,li1,52.9000,236.6400,1.799889
_8428_,VPWR,li1,54.9700,236.6400,1.799884
_8427_,VPWR,li1,48.7600,236.6400,1.799897
_8426_,VPWR,li1,50.3700,236.6400,1.799892
_8425_,VPWR,li1,49.6800,225.7600,1.799831
_8424_,VPWR,li1,46.0000,236.6400,1.799903
_8423_,VPWR,li1,47.6100,236.6400,1.799897
_8422_,VPWR,li1,38.4100,236.6400,1.799916
_8421_,VPWR,li1,40.4800,236.6400,1.799911
_8420_,VPWR,li1,41.8600,236.6400,1.799911
_8419_,VPWR,li1,39.1000,242.0800,1.799901
_8418_,VPWR,li1,37.0300,242.0800,1.799906
_8417_,VPWR,li1,35.8800,242.0800,1.799912
_8416_,VPWR,li1,32.8900,242.0800,1.799920
_8415_,VPWR,li1,34.9600,242.0800,1.799912
_8414_,VPWR,li1,28.2900,231.2000,1.799938
_8413_,VPWR,li1,35.4200,231.2000,1.799916
_8412_,VPWR,li1,86.2500,231.2000,1.799828
_8411_,VPWR,li1,84.8700,231.2000,1.799828
_8410_,VPWR,li1,78.8900,236.6400,1.799856
_8409_,VPWR,li1,77.5100,231.2000,1.799838
_8408_,VPWR,li1,79.3500,231.2000,1.799836
_8407_,VPWR,li1,72.9100,236.6400,1.799860
_8406_,VPWR,li1,71.5300,225.7600,1.799758
_8405_,VPWR,li1,67.3900,236.6400,1.799865
_8404_,VPWR,li1,67.8500,231.2000,1.799853
_8403_,VPWR,li1,60.7200,231.2000,1.799864
_8402_,VPWR,li1,61.1800,231.2000,1.799864
_8401_,VPWR,li1,58.4200,225.7600,1.799806
_8400_,VPWR,li1,58.4200,225.7600,1.799806
_8399_,VPWR,li1,58.6500,231.2000,1.799868
_8398_,VPWR,li1,51.0600,231.2000,1.799883
_8397_,VPWR,li1,55.8900,231.2000,1.799873
_8396_,VPWR,li1,50.6000,220.3200,1.799884
_8395_,VPWR,li1,53.3600,231.2000,1.799878
_8394_,VPWR,li1,50.3700,231.2000,1.799883
_8393_,VPWR,li1,41.6300,231.2000,1.799901
_8392_,VPWR,li1,45.5400,225.7600,1.799846
_8391_,VPWR,li1,46.4600,231.2000,1.799891
_8390_,VPWR,li1,36.8000,225.7600,1.799884
_8389_,VPWR,li1,38.8700,231.2000,1.799907
_8388_,VPWR,li1,42.7800,236.6400,1.799907
_8387_,VPWR,li1,36.5700,231.2000,1.799912
_8386_,VPWR,li1,34.9600,236.6400,1.799926
_8385_,VPWR,li1,30.5900,220.3200,1.799926
_8384_,VPWR,li1,35.8800,220.3200,1.799912
_8383_,VPWR,li1,81.4200,225.7600,1.799733
_8382_,VPWR,li1,89.2400,225.7600,1.799717
_8381_,VPWR,li1,86.2500,220.3200,1.799845
_8380_,VPWR,li1,92.4600,225.7600,1.799711
_8379_,VPWR,li1,80.2700,198.5600,1.799882
_8378_,VPWR,li1,81.6500,209.4400,1.799794
_8377_,VPWR,li1,80.7300,204.0000,1.799855
_8376_,VPWR,li1,79.1200,193.1200,1.799819
_8375_,VPWR,li1,79.3500,204.0000,1.799858
_8374_,VPWR,li1,89.0100,231.2000,1.799824
_8373_,VPWR,li1,76.1300,225.7600,1.799745
_8372_,VPWR,li1,72.4500,225.7600,1.799758
_8371_,VPWR,li1,74.2900,225.7600,1.799750
_8370_,VPWR,li1,68.5400,225.7600,1.799771
_8369_,VPWR,li1,78.4300,225.7600,1.799739
_8368_,VPWR,li1,66.0100,225.7600,1.799778
_8367_,VPWR,li1,65.3200,214.8800,1.799887
_8366_,VPWR,li1,67.1600,225.7600,1.799771
_8365_,VPWR,li1,64.8600,225.7600,1.799778
_8364_,VPWR,li1,59.3400,220.3200,1.799871
_8363_,VPWR,li1,60.7200,225.7600,1.799794
_8362_,VPWR,li1,56.5800,214.8800,1.799895
_8361_,VPWR,li1,56.1200,220.3200,1.799875
_8360_,VPWR,li1,61.8700,220.3200,1.799868
_8359_,VPWR,li1,52.9000,220.3200,1.799880
_8358_,VPWR,li1,56.3500,220.3200,1.799875
_8357_,VPWR,li1,50.6000,209.4400,1.799851
_8356_,VPWR,li1,53.8200,220.3200,1.799880
_8355_,VPWR,li1,50.8300,220.3200,1.799884
_8354_,VPWR,li1,42.5500,220.3200,1.799900
_8353_,VPWR,li1,44.6200,214.8800,1.799907
_8352_,VPWR,li1,46.4600,220.3200,1.799891
_8351_,VPWR,li1,43.7000,220.3200,1.799896
_8350_,VPWR,li1,41.6300,220.3200,1.799900
_8349_,VPWR,li1,45.5400,225.7600,1.799846
_8348_,VPWR,li1,33.5800,225.7600,1.799892
_8347_,VPWR,li1,37.9500,214.8800,1.799915
_8346_,VPWR,li1,31.5100,209.4400,1.799906
_8345_,VPWR,li1,35.8800,209.4400,1.799890
_8344_,VPWR,li1,75.2100,209.4400,1.799800
_8343_,VPWR,li1,76.1300,204.0000,1.799860
_8342_,VPWR,li1,76.1300,209.4400,1.799800
_8341_,VPWR,li1,74.5200,209.4400,1.799800
_8340_,VPWR,li1,72.2200,209.4400,1.799803
_8339_,VPWR,li1,71.3000,209.4400,1.799807
_8338_,VPWR,li1,68.3100,209.4400,1.799813
_8337_,VPWR,li1,64.4000,204.0000,1.799879
_8336_,VPWR,li1,64.8600,209.4400,1.799818
_8335_,VPWR,li1,62.5600,209.4400,1.799827
_8334_,VPWR,li1,57.9600,209.4400,1.799834
_8333_,VPWR,li1,59.1100,209.4400,1.799834
_8332_,VPWR,li1,59.3400,204.0000,1.799888
_8331_,VPWR,li1,54.2800,214.8800,1.799897
_8330_,VPWR,li1,60.0300,214.8800,1.799892
_8329_,VPWR,li1,51.0600,214.8800,1.799900
_8328_,VPWR,li1,55.8900,209.4400,1.799838
_8327_,VPWR,li1,49.6800,198.5600,1.799909
_8326_,VPWR,li1,53.3600,209.4400,1.799844
_8325_,VPWR,li1,50.8300,209.4400,1.799851
_8324_,VPWR,li1,42.5500,204.0000,1.799922
_8323_,VPWR,li1,39.5600,204.0000,1.799932
_8322_,VPWR,li1,46.4600,209.4400,1.799861
_8321_,VPWR,li1,45.5400,209.4400,1.799868
_8320_,VPWR,li1,42.5500,209.4400,1.799874
_8319_,VPWR,li1,41.4000,214.8800,1.799913
_8318_,VPWR,li1,41.6300,209.4400,1.799874
_8317_,VPWR,li1,36.3400,214.8800,1.799917
_8316_,VPWR,li1,67.3900,214.8800,1.799885
_8315_,VPWR,li1,65.3200,214.8800,1.799887
_8314_,VPWR,li1,94.5300,236.6400,1.799855
_8313_,VPWR,li1,79.3500,214.8800,1.799875
_8312_,VPWR,li1,28.7500,198.5600,1.799942
_8311_,VPWR,li1,31.7400,204.0000,1.799947
_8310_,VPWR,li1,74.7500,204.0000,1.799862
_8309_,VPWR,li1,74.2900,193.1200,1.799818
_8308_,VPWR,li1,79.3500,198.5600,1.799882
_8307_,VPWR,li1,69.4600,204.0000,1.799870
_8306_,VPWR,li1,74.7500,198.5600,1.799884
_8305_,VPWR,li1,68.0800,198.5600,1.799888
_8304_,VPWR,li1,72.2200,204.0000,1.799867
_8303_,VPWR,li1,63.9400,204.0000,1.799879
_8302_,VPWR,li1,67.3900,204.0000,1.799875
_8301_,VPWR,li1,58.4200,198.5600,1.799898
_8300_,VPWR,li1,60.0300,204.0000,1.799888
_8299_,VPWR,li1,59.8000,187.6800,1.799911
_8298_,VPWR,li1,57.5000,204.0000,1.799892
_8297_,VPWR,li1,55.2000,204.0000,1.799896
_8296_,VPWR,li1,52.9000,198.5600,1.799905
_8295_,VPWR,li1,50.6000,204.0000,1.799909
_8294_,VPWR,li1,49.6800,187.6800,1.799923
_8293_,VPWR,li1,46.9200,198.5600,1.799913
_8292_,VPWR,li1,49.9100,198.5600,1.799909
_8291_,VPWR,li1,39.7900,198.5600,1.799923
_8290_,VPWR,li1,41.8600,198.5600,1.799920
_8289_,VPWR,li1,43.2400,198.5600,1.799920
_8288_,VPWR,li1,37.2600,198.5600,1.799927
_8287_,VPWR,li1,40.7100,204.0000,1.799926
_8286_,VPWR,li1,37.2600,204.0000,1.799937
_8285_,VPWR,li1,36.1100,204.0000,1.799937
_8284_,VPWR,li1,33.5800,198.5600,1.799933
_8283_,VPWR,li1,65.0900,220.3200,1.799866
_8282_,VPWR,li1,83.9500,220.3200,1.799848
_8281_,VPWR,li1,88.0900,220.3200,1.799844
_8280_,VPWR,li1,84.4100,214.8800,1.799870
_8279_,VPWR,li1,81.6500,214.8800,1.799872
_8278_,VPWR,li1,80.0400,220.3200,1.799850
_8277_,VPWR,li1,74.9800,220.3200,1.799854
_8276_,VPWR,li1,68.3100,198.5600,1.799888
_8275_,VPWR,li1,65.7800,193.1200,1.799822
_8274_,VPWR,li1,24.1500,193.1200,1.799921
_8273_,VPWR,li1,33.5800,187.6800,1.799945
_8272_,VPWR,li1,71.9900,193.1200,1.799819
_8271_,VPWR,li1,85.1000,193.1200,1.799822
_8270_,VPWR,li1,78.4300,193.1200,1.799819
_8269_,VPWR,li1,74.9800,193.1200,1.799818
_8268_,VPWR,li1,75.9000,187.6800,1.799894
_8267_,VPWR,li1,74.0600,187.6800,1.799896
_8266_,VPWR,li1,76.8200,182.2400,1.799866
_8265_,VPWR,li1,73.6000,187.6800,1.799896
_8264_,VPWR,li1,72.2200,182.2400,1.799873
_8263_,VPWR,li1,70.8400,182.2400,1.799876
_8262_,VPWR,li1,70.3800,176.8000,1.799799
_8261_,VPWR,li1,66.2400,182.2400,1.799886
_8260_,VPWR,li1,64.8600,187.6800,1.799903
_8259_,VPWR,li1,62.7900,187.6800,1.799905
_8258_,VPWR,li1,53.3600,187.6800,1.799916
_8257_,VPWR,li1,55.6600,187.6800,1.799913
_8256_,VPWR,li1,54.2800,176.8000,1.799848
_8255_,VPWR,li1,45.5400,182.2400,1.799922
_8254_,VPWR,li1,50.3700,187.6800,1.799920
_8253_,VPWR,li1,46.2300,187.6800,1.799926
_8252_,VPWR,li1,42.7800,187.6800,1.799932
_8251_,VPWR,li1,45.0800,187.6800,1.799928
_8250_,VPWR,li1,40.4800,187.6800,1.799934
_8249_,VPWR,li1,46.6900,193.1200,1.799836
_8248_,VPWR,li1,40.4800,193.1200,1.799845
_8247_,VPWR,li1,39.3300,193.1200,1.799849
_8246_,VPWR,li1,37.7200,193.1200,1.799849
_8245_,VPWR,li1,60.4900,187.6800,1.799908
_8244_,VPWR,li1,63.4800,187.6800,1.799905
_8243_,VPWR,li1,63.9400,165.9200,1.799910
_8242_,VPWR,li1,64.6300,193.1200,1.799822
_8241_,VPWR,li1,62.7900,193.1200,1.799823
_8240_,VPWR,li1,61.8700,220.3200,1.799868
_8239_,VPWR,li1,61.4100,198.5600,1.799896
_8238_,VPWR,li1,74.7500,214.8800,1.799880
_8237_,VPWR,li1,72.9100,220.3200,1.799856
_8236_,VPWR,li1,76.8200,214.8800,1.799876
_8235_,VPWR,li1,36.1100,187.6800,1.799941
_8234_,VPWR,li1,35.4200,193.1200,1.799855
_8233_,VPWR,li1,83.4900,198.5600,1.799881
_8232_,VPWR,li1,90.6200,214.8800,1.799865
_8231_,VPWR,li1,99.3600,214.8800,1.799861
_8230_,VPWR,li1,94.5300,209.4400,1.799786
_8229_,VPWR,li1,97.5200,209.4400,1.799787
_8228_,VPWR,li1,81.6500,193.1200,1.799820
_8227_,VPWR,li1,77.7400,187.6800,1.799893
_8226_,VPWR,li1,80.7300,187.6800,1.799891
_8225_,VPWR,li1,79.1200,182.2400,1.799863
_8224_,VPWR,li1,80.9600,182.2400,1.799861
_8223_,VPWR,li1,74.9800,171.3600,1.799812
_8222_,VPWR,li1,76.8200,176.8000,1.799786
_8221_,VPWR,li1,79.1200,171.3600,1.799802
_8220_,VPWR,li1,77.0500,182.2400,1.799866
_8219_,VPWR,li1,78.6600,171.3600,1.799802
_8218_,VPWR,li1,75.4400,176.8000,1.799786
_8217_,VPWR,li1,72.6800,171.3600,1.799816
_8216_,VPWR,li1,73.3700,176.8000,1.799791
_8215_,VPWR,li1,71.7600,176.8000,1.799799
_8214_,VPWR,li1,63.4800,176.8000,1.799819
_8213_,VPWR,li1,84.6400,176.8000,1.799767
_8212_,VPWR,li1,50.6000,176.8000,1.799859
_8211_,VPWR,li1,54.0500,176.8000,1.799848
_8210_,VPWR,li1,47.6100,176.8000,1.799869
_8209_,VPWR,li1,47.8400,171.3600,1.799890
_8208_,VPWR,li1,51.0600,176.8000,1.799859
_8207_,VPWR,li1,42.7800,176.8000,1.799891
_8206_,VPWR,li1,45.7700,176.8000,1.799876
_8205_,VPWR,li1,45.5400,182.2400,1.799922
_8204_,VPWR,li1,38.1800,182.2400,1.799937
_8203_,VPWR,li1,41.1700,182.2400,1.799933
_8202_,VPWR,li1,70.1500,171.3600,1.799823
_8201_,VPWR,li1,71.5300,171.3600,1.799823
_8200_,VPWR,li1,72.2200,165.9200,1.799897
_8199_,VPWR,li1,65.5500,171.3600,1.799836
_8198_,VPWR,li1,74.7500,182.2400,1.799869
_8197_,VPWR,li1,60.0300,171.3600,1.799852
_8196_,VPWR,li1,56.3500,165.9200,1.799926
_8195_,VPWR,li1,61.4100,165.9200,1.799915
_8194_,VPWR,li1,60.7200,165.9200,1.799918
_8193_,VPWR,li1,59.1100,165.9200,1.799918
_8192_,VPWR,li1,112.2400,176.8000,1.799719
_8191_,VPWR,li1,93.6100,171.3600,1.799773
_8190_,VPWR,li1,51.7500,193.1200,1.799829
_8189_,VPWR,li1,54.7400,193.1200,1.799827
_8188_,VPWR,li1,99.1300,209.4400,1.799788
_8187_,VPWR,li1,99.5900,209.4400,1.799788
_8186_,VPWR,li1,93.6100,209.4400,1.799786
_8185_,VPWR,li1,97.7500,204.0000,1.799843
_8184_,VPWR,li1,102.8100,204.0000,1.799841
_8183_,VPWR,li1,103.9600,187.6800,1.799880
_8182_,VPWR,li1,100.0500,187.6800,1.799881
_8181_,VPWR,li1,106.7200,171.3600,1.799752
_8180_,VPWR,li1,101.2000,171.3600,1.799760
_8179_,VPWR,li1,104.4200,171.3600,1.799755
_8178_,VPWR,li1,98.9000,171.3600,1.799763
_8177_,VPWR,li1,86.9400,171.3600,1.799784
_8176_,VPWR,li1,84.1800,171.3600,1.799790
_8175_,VPWR,li1,93.6100,165.9200,1.799869
_8174_,VPWR,li1,92.4600,171.3600,1.799773
_8173_,VPWR,li1,87.8600,171.3600,1.799784
_8172_,VPWR,li1,85.5600,176.8000,1.799763
_8171_,VPWR,li1,89.0100,176.8000,1.799757
_8170_,VPWR,li1,83.9500,182.2400,1.799859
_8169_,VPWR,li1,90.6200,182.2400,1.799852
_8168_,VPWR,li1,87.4000,182.2400,1.799855
_8167_,VPWR,li1,58.4200,176.8000,1.799834
_8166_,VPWR,li1,61.4100,176.8000,1.799825
_8165_,VPWR,li1,50.6000,182.2400,1.799914
_8164_,VPWR,li1,52.4400,182.2400,1.799908
_8163_,VPWR,li1,55.4300,182.2400,1.799905
_8162_,VPWR,li1,112.4700,171.3600,1.799747
_8161_,VPWR,li1,114.7700,176.8000,1.799716
_8160_,VPWR,li1,114.3100,171.3600,1.799746
_8159_,VPWR,li1,93.8400,182.2400,1.799850
_8158_,VPWR,li1,80.7300,165.9200,1.799885
_8157_,VPWR,li1,83.4900,165.9200,1.799882
_8156_,VPWR,li1,88.3200,160.4800,1.799879
_8155_,VPWR,li1,77.5100,165.9200,1.799889
_8154_,VPWR,li1,77.9700,160.4800,1.799892
_8153_,VPWR,li1,71.9900,160.4800,1.799901
_8152_,VPWR,li1,74.7500,160.4800,1.799896
_8151_,VPWR,li1,71.7600,160.4800,1.799901
_8150_,VPWR,li1,67.3900,160.4800,1.799908
_8149_,VPWR,li1,68.7700,165.9200,1.799904
_8148_,VPWR,li1,89.2400,165.9200,1.799874
_8147_,VPWR,li1,87.1700,209.4400,1.799788
_8146_,VPWR,li1,87.4000,214.8800,1.799867
_8145_,VPWR,li1,94.5300,214.8800,1.799862
_8144_,VPWR,li1,97.0600,214.8800,1.799862
_8143_,VPWR,li1,94.3000,214.8800,1.799862
_8142_,VPWR,li1,105.8000,220.3200,1.799836
_8141_,VPWR,li1,105.1100,209.4400,1.799793
_8140_,VPWR,li1,105.5700,209.4400,1.799793
_8139_,VPWR,li1,107.8700,209.4400,1.799796
_8138_,VPWR,li1,106.4900,204.0000,1.799842
_8137_,VPWR,li1,111.3200,204.0000,1.799843
_8136_,VPWR,li1,112.0100,187.6800,1.799880
_8135_,VPWR,li1,113.1600,182.2400,1.799837
_8134_,VPWR,li1,108.5600,182.2400,1.799839
_8133_,VPWR,li1,112.2400,182.2400,1.799837
_8132_,VPWR,li1,101.4300,176.8000,1.799735
_8131_,VPWR,li1,107.1800,171.3600,1.799752
_8130_,VPWR,li1,106.0300,182.2400,1.799840
_8129_,VPWR,li1,103.5000,182.2400,1.799842
_8128_,VPWR,li1,100.2800,182.2400,1.799844
_8127_,VPWR,li1,95.6800,176.8000,1.799744
_8126_,VPWR,li1,97.0600,182.2400,1.799847
_8125_,VPWR,li1,93.1500,187.6800,1.799884
_8124_,VPWR,li1,94.3000,187.6800,1.799884
_8123_,VPWR,li1,86.9400,187.6800,1.799887
_8122_,VPWR,li1,89.9300,187.6800,1.799885
_8121_,VPWR,li1,86.9400,187.6800,1.799887
_8120_,VPWR,li1,85.1000,187.6800,1.799888
_8119_,VPWR,li1,88.0900,193.1200,1.799823
_8118_,VPWR,li1,117.5300,291.0400,1.799795
_8117_,VPWR,li1,86.0200,252.9600,1.799845
_8116_,VPWR,li1,98.4400,176.8000,1.799739
_8115_,VPWR,li1,106.2600,176.8000,1.799728
_8114_,VPWR,li1,104.8800,187.6800,1.799880
_8113_,VPWR,li1,101.8900,165.9200,1.799860
_8112_,VPWR,li1,101.4300,160.4800,1.799862
_8111_,VPWR,li1,110.4000,165.9200,1.799853
_8110_,VPWR,li1,98.2100,160.4800,1.799864
_8109_,VPWR,li1,98.2100,165.9200,1.799863
_8108_,VPWR,li1,91.7700,160.4800,1.799873
_8107_,VPWR,li1,89.0100,165.9200,1.799876
_8106_,VPWR,li1,88.7800,160.4800,1.799879
_8105_,VPWR,li1,84.8700,160.4800,1.799882
_8104_,VPWR,li1,94.5300,160.4800,1.799870
_8103_,VPWR,li1,98.9000,165.9200,1.799863
_8102_,VPWR,li1,84.8700,204.0000,1.799850
_8101_,VPWR,li1,90.1600,198.5600,1.799882
_8100_,VPWR,li1,97.2900,220.3200,1.799838
_8099_,VPWR,li1,102.5800,225.7600,1.799706
_8098_,VPWR,li1,93.6100,220.3200,1.799841
_8097_,VPWR,li1,97.2900,225.7600,1.799704
_8096_,VPWR,li1,102.8100,220.3200,1.799837
_8095_,VPWR,li1,102.3500,220.3200,1.799837
_8094_,VPWR,li1,108.3300,214.8800,1.799861
_8093_,VPWR,li1,110.1700,209.4400,1.799798
_8092_,VPWR,li1,113.3900,204.0000,1.799844
_8091_,VPWR,li1,113.6200,198.5600,1.799890
_8090_,VPWR,li1,116.8400,204.0000,1.799847
_8089_,VPWR,li1,111.7800,204.0000,1.799843
_8088_,VPWR,li1,116.6100,198.5600,1.799891
_8087_,VPWR,li1,123.7400,204.0000,1.799851
_8086_,VPWR,li1,111.7800,187.6800,1.799880
_8085_,VPWR,li1,112.2400,193.1200,1.799845
_8084_,VPWR,li1,111.7800,193.1200,1.799845
_8083_,VPWR,li1,115.9200,193.1200,1.799851
_8082_,VPWR,li1,107.6400,193.1200,1.799841
_8081_,VPWR,li1,105.3400,193.1200,1.799838
_8080_,VPWR,li1,100.5100,193.1200,1.799833
_8079_,VPWR,li1,101.6600,193.1200,1.799833
_8078_,VPWR,li1,97.0600,193.1200,1.799830
_8077_,VPWR,li1,97.2900,193.1200,1.799830
_8076_,VPWR,li1,89.7000,198.5600,1.799882
_8075_,VPWR,li1,93.1500,198.5600,1.799882
_8074_,VPWR,li1,97.0600,198.5600,1.799883
_8073_,VPWR,li1,92.0000,247.5200,1.799630
_8072_,VPWR,li1,104.8800,182.2400,1.799840
_8071_,VPWR,li1,109.9400,176.8000,1.799723
_8070_,VPWR,li1,117.3000,193.1200,1.799851
_8069_,VPWR,li1,118.4500,187.6800,1.799883
_8068_,VPWR,li1,118.6800,182.2400,1.799835
_8067_,VPWR,li1,125.1200,182.2400,1.799834
_8066_,VPWR,li1,117.0700,165.9200,1.799846
_8065_,VPWR,li1,116.8400,165.9200,1.799846
_8064_,VPWR,li1,113.8500,165.9200,1.799848
_8063_,VPWR,li1,113.8500,160.4800,1.799846
_8062_,VPWR,li1,111.3200,160.4800,1.799849
_8061_,VPWR,li1,106.9500,165.9200,1.799855
_8060_,VPWR,li1,112.0100,165.9200,1.799850
_8059_,VPWR,li1,120.0600,165.9200,1.799844
_8058_,VPWR,li1,116.1500,214.8800,1.799861
_8057_,VPWR,li1,94.5300,236.6400,1.799855
_8056_,VPWR,li1,97.9800,231.2000,1.799823
_8055_,VPWR,li1,94.0700,231.2000,1.799822
_8054_,VPWR,li1,100.0500,225.7600,1.799700
_8053_,VPWR,li1,100.0500,220.3200,1.799838
_8052_,VPWR,li1,113.6200,220.3200,1.799835
_8051_,VPWR,li1,107.8700,220.3200,1.799836
_8050_,VPWR,li1,120.0600,214.8800,1.799862
_8049_,VPWR,li1,115.9200,214.8800,1.799861
_8048_,VPWR,li1,114.5400,209.4400,1.799803
_8047_,VPWR,li1,115.9200,209.4400,1.799803
_8046_,VPWR,li1,118.2200,209.4400,1.799808
_8045_,VPWR,li1,122.3600,209.4400,1.799813
_8044_,VPWR,li1,122.3600,204.0000,1.799850
_8043_,VPWR,li1,124.6600,204.0000,1.799851
_8042_,VPWR,li1,126.9600,204.0000,1.799854
_8041_,VPWR,li1,120.5200,204.0000,1.799848
_8040_,VPWR,li1,136.1600,204.0000,1.799864
_8039_,VPWR,li1,120.0600,198.5600,1.799893
_8038_,VPWR,li1,117.7600,198.5600,1.799891
_8037_,VPWR,li1,123.5100,193.1200,1.799862
_8036_,VPWR,li1,121.4400,193.1200,1.799859
_8035_,VPWR,li1,104.4200,198.5600,1.799885
_8034_,VPWR,li1,100.7400,198.5600,1.799884
_8033_,VPWR,li1,103.0400,198.5600,1.799885
_8032_,VPWR,li1,100.5100,204.0000,1.799842
_8031_,VPWR,li1,98.4400,198.5600,1.799883
_8030_,VPWR,li1,123.7400,176.8000,1.799706
_8029_,VPWR,li1,119.3700,171.3600,1.799740
_8028_,VPWR,li1,119.6000,176.8000,1.799710
_8027_,VPWR,li1,117.5300,182.2400,1.799836
_8026_,VPWR,li1,123.5100,176.8000,1.799706
_8025_,VPWR,li1,119.1400,176.8000,1.799710
_8024_,VPWR,li1,123.5100,171.3600,1.799737
_8023_,VPWR,li1,130.4100,204.0000,1.799858
_8022_,VPWR,li1,130.4100,198.5600,1.799899
_8021_,VPWR,li1,142.1400,198.5600,1.799909
_8020_,VPWR,li1,129.9500,193.1200,1.799873
_8019_,VPWR,li1,132.2500,193.1200,1.799877
_8018_,VPWR,li1,127.1900,187.6800,1.799888
_8017_,VPWR,li1,130.4100,182.2400,1.799833
_8016_,VPWR,li1,128.3400,182.2400,1.799833
_8015_,VPWR,li1,121.6700,182.2400,1.799835
_8014_,VPWR,li1,125.3500,182.2400,1.799834
_8013_,VPWR,li1,136.3900,187.6800,1.799894
_8012_,VPWR,li1,142.1400,209.4400,1.799848
_8011_,VPWR,li1,106.2600,242.0800,1.799781
_8010_,VPWR,li1,93.6100,242.0800,1.799783
_8009_,VPWR,li1,100.2800,242.0800,1.799782
_8008_,VPWR,li1,101.4300,247.5200,1.799597
_8007_,VPWR,li1,103.5000,242.0800,1.799781
_8006_,VPWR,li1,110.4000,242.0800,1.799781
_8005_,VPWR,li1,113.1600,242.0800,1.799784
_8004_,VPWR,li1,110.1700,225.7600,1.799725
_8003_,VPWR,li1,110.6300,220.3200,1.799835
_8002_,VPWR,li1,112.4700,225.7600,1.799731
_8001_,VPWR,li1,118.9100,220.3200,1.799836
_8000_,VPWR,li1,118.4500,220.3200,1.799836
_7999_,VPWR,li1,123.5100,220.3200,1.799837
_7998_,VPWR,li1,120.2900,220.3200,1.799836
_7997_,VPWR,li1,127.6500,214.8800,1.799864
_7996_,VPWR,li1,125.8100,209.4400,1.799818
_7995_,VPWR,li1,140.9900,209.4400,1.799848
_7994_,VPWR,li1,145.5900,209.4400,1.799858
_7993_,VPWR,li1,148.8100,209.4400,1.799862
_7992_,VPWR,li1,144.2100,204.0000,1.799874
_7991_,VPWR,li1,148.8100,198.5600,1.799915
_7990_,VPWR,li1,138.6900,198.5600,1.799907
_7989_,VPWR,li1,143.0600,198.5600,1.799909
_7988_,VPWR,li1,149.2700,214.8800,1.799877
_7987_,VPWR,li1,128.1100,209.4400,1.799823
_7986_,VPWR,li1,130.8700,209.4400,1.799828
_7985_,VPWR,li1,135.9300,209.4400,1.799835
_7984_,VPWR,li1,132.7100,209.4400,1.799831
_7983_,VPWR,li1,138.2300,204.0000,1.799867
_7982_,VPWR,li1,133.6300,204.0000,1.799862
_7981_,VPWR,li1,136.3900,225.7600,1.799799
_7980_,VPWR,li1,130.8700,198.5600,1.799900
_7979_,VPWR,li1,128.1100,193.1200,1.799870
_7978_,VPWR,li1,133.1700,198.5600,1.799902
_7977_,VPWR,li1,125.3500,193.1200,1.799865
_7976_,VPWR,li1,123.5100,198.5600,1.799895
_7975_,VPWR,li1,137.7700,193.1200,1.799886
_7974_,VPWR,li1,140.3000,187.6800,1.799896
_7973_,VPWR,li1,136.8500,187.6800,1.799894
_7972_,VPWR,li1,138.6900,187.6800,1.799896
_7971_,VPWR,li1,136.6200,214.8800,1.799869
_7970_,VPWR,li1,126.9600,220.3200,1.799840
_7969_,VPWR,li1,114.5400,231.2000,1.799831
_7968_,VPWR,li1,115.6900,220.3200,1.799835
_7967_,VPWR,li1,111.5500,247.5200,1.799569
_7966_,VPWR,li1,103.7300,231.2000,1.799825
_7965_,VPWR,li1,107.1800,231.2000,1.799827
_7964_,VPWR,li1,115.2300,247.5200,1.799587
_7963_,VPWR,li1,113.3900,252.9600,1.799848
_7962_,VPWR,li1,117.7600,247.5200,1.799599
_7961_,VPWR,li1,114.0800,231.2000,1.799831
_7960_,VPWR,li1,112.2400,231.2000,1.799830
_7959_,VPWR,li1,124.8900,225.7600,1.799764
_7958_,VPWR,li1,126.5000,231.2000,1.799847
_7957_,VPWR,li1,127.4200,225.7600,1.799772
_7956_,VPWR,li1,129.7200,225.7600,1.799779
_7955_,VPWR,li1,142.8300,220.3200,1.799852
_7954_,VPWR,li1,143.9800,214.8800,1.799873
_7953_,VPWR,li1,144.6700,220.3200,1.799855
_7952_,VPWR,li1,145.5900,198.5600,1.799911
_7951_,VPWR,li1,144.2100,209.4400,1.799854
_7950_,VPWR,li1,145.1300,198.5600,1.799911
_7949_,VPWR,li1,141.9100,220.3200,1.799852
_7948_,VPWR,li1,149.5000,225.7600,1.799841
_7947_,VPWR,li1,131.1000,220.3200,1.799843
_7946_,VPWR,li1,131.1000,220.3200,1.799843
_7945_,VPWR,li1,135.7000,220.3200,1.799847
_7944_,VPWR,li1,138.0000,220.3200,1.799848
_7943_,VPWR,li1,151.1100,220.3200,1.799861
_7942_,VPWR,li1,155.4800,214.8800,1.799882
_7941_,VPWR,li1,149.7300,209.4400,1.799867
_7940_,VPWR,li1,152.4900,214.8800,1.799880
_7939_,VPWR,li1,143.2900,187.6800,1.799898
_7938_,VPWR,li1,148.8100,220.3200,1.799859
_7937_,VPWR,li1,139.1500,231.2000,1.799864
_7936_,VPWR,li1,140.3000,225.7600,1.799809
_7935_,VPWR,li1,136.6200,225.7600,1.799799
_7934_,VPWR,li1,143.5200,225.7600,1.799822
_7933_,VPWR,li1,134.7800,231.2000,1.799858
_7932_,VPWR,li1,132.9400,225.7600,1.799787
_7931_,VPWR,li1,139.6100,225.7600,1.799809
_7930_,VPWR,li1,133.4000,236.6400,1.799874
_7929_,VPWR,li1,113.6200,263.8400,1.799825
_7928_,VPWR,li1,110.1700,236.6400,1.799859
_7927_,VPWR,li1,117.3000,242.0800,1.799788
_7926_,VPWR,li1,114.3100,263.8400,1.799825
_7925_,VPWR,li1,115.4600,258.4000,1.799779
_7924_,VPWR,li1,114.7700,258.4000,1.799780
_7923_,VPWR,li1,117.5300,258.4000,1.799779
_7922_,VPWR,li1,119.8300,258.4000,1.799778
_7921_,VPWR,li1,119.6000,263.8400,1.799828
_7920_,VPWR,li1,118.4500,242.0800,1.799788
_7919_,VPWR,li1,122.5900,247.5200,1.799618
_7918_,VPWR,li1,122.3600,247.5200,1.799618
_7917_,VPWR,li1,125.3500,236.6400,1.799868
_7916_,VPWR,li1,125.5800,236.6400,1.799868
_7915_,VPWR,li1,126.7300,231.2000,1.799847
_7914_,VPWR,li1,115.6900,236.6400,1.799862
_7913_,VPWR,li1,124.2000,231.2000,1.799843
_7912_,VPWR,li1,120.9800,231.2000,1.799838
_7911_,VPWR,li1,128.8000,236.6400,1.799870
_7910_,VPWR,li1,129.0300,231.2000,1.799850
_7909_,VPWR,li1,129.2600,231.2000,1.799850
_7908_,VPWR,li1,136.6200,231.2000,1.799861
_7907_,VPWR,li1,132.9400,231.2000,1.799856
_7906_,VPWR,li1,147.4300,231.2000,1.799876
_7905_,VPWR,li1,149.9600,225.7600,1.799841
_7904_,VPWR,li1,152.9500,225.7600,1.799852
_7903_,VPWR,li1,149.2700,220.3200,1.799859
_7902_,VPWR,li1,149.7300,231.2000,1.799880
_7901_,VPWR,li1,139.1500,236.6400,1.799879
_7900_,VPWR,li1,143.0600,236.6400,1.799883
_7899_,VPWR,li1,144.9000,236.6400,1.799885
_7898_,VPWR,li1,140.3000,236.6400,1.799879
_7897_,VPWR,li1,143.0600,231.2000,1.799868
_7896_,VPWR,li1,141.4500,242.0800,1.799823
_7895_,VPWR,li1,136.6200,236.6400,1.799876
_7894_,VPWR,li1,130.1800,242.0800,1.799804
_7893_,VPWR,li1,123.0500,269.2800,1.799795
_7892_,VPWR,li1,139.6100,252.9600,1.799865
_7891_,VPWR,li1,149.5000,252.9600,1.799875
_7890_,VPWR,li1,126.2700,269.2800,1.799795
_7889_,VPWR,li1,124.8900,263.8400,1.799832
_7888_,VPWR,li1,123.0500,258.4000,1.799777
_7887_,VPWR,li1,134.3200,263.8400,1.799839
_7886_,VPWR,li1,124.8900,252.9600,1.799853
_7885_,VPWR,li1,129.9500,247.5200,1.799657
_7884_,VPWR,li1,125.8100,247.5200,1.799631
_7883_,VPWR,li1,128.8000,252.9600,1.799857
_7882_,VPWR,li1,129.9500,242.0800,1.799804
_7881_,VPWR,li1,124.8900,242.0800,1.799797
_7880_,VPWR,li1,118.9100,236.6400,1.799864
_7879_,VPWR,li1,123.0500,236.6400,1.799866
_7878_,VPWR,li1,119.1400,236.6400,1.799864
_7877_,VPWR,li1,119.3700,231.2000,1.799838
_7876_,VPWR,li1,117.0700,236.6400,1.799862
_7875_,VPWR,li1,133.6300,242.0800,1.799810
_7874_,VPWR,li1,135.4700,247.5200,1.799684
_7873_,VPWR,li1,136.6200,242.0800,1.799815
_7872_,VPWR,li1,144.4400,247.5200,1.799730
_7871_,VPWR,li1,139.8400,247.5200,1.799704
_7870_,VPWR,li1,144.4400,242.0800,1.799828
_7869_,VPWR,li1,152.0300,247.5200,1.799770
_7868_,VPWR,li1,146.2800,247.5200,1.799739
_7867_,VPWR,li1,124.8900,280.1600,1.799731
_7866_,VPWR,li1,128.3400,274.7200,1.799855
_7865_,VPWR,li1,125.3500,274.7200,1.799853
_7864_,VPWR,li1,121.6700,269.2800,1.799795
_7863_,VPWR,li1,129.0300,269.2800,1.799796
_7862_,VPWR,li1,125.3500,269.2800,1.799795
_7861_,VPWR,li1,123.5100,269.2800,1.799795
_7860_,VPWR,li1,131.3300,263.8400,1.799837
_7859_,VPWR,li1,130.4100,263.8400,1.799837
_7858_,VPWR,li1,128.1100,258.4000,1.799775
_7857_,VPWR,li1,123.5100,252.9600,1.799853
_7856_,VPWR,li1,119.8300,252.9600,1.799851
_7855_,VPWR,li1,121.4400,252.9600,1.799851
_7854_,VPWR,li1,130.8700,258.4000,1.799774
_7853_,VPWR,li1,134.7800,258.4000,1.799774
_7852_,VPWR,li1,136.8500,263.8400,1.799844
_7851_,VPWR,li1,138.4600,258.4000,1.799773
_7850_,VPWR,li1,136.8500,252.9600,1.799862
_7849_,VPWR,li1,139.3800,247.5200,1.799704
_7848_,VPWR,li1,141.4500,252.9600,1.799866
_7847_,VPWR,li1,141.2200,258.4000,1.799773
_7846_,VPWR,li1,133.6300,280.1600,1.799727
_7845_,VPWR,li1,137.0800,285.6000,1.799714
_7844_,VPWR,li1,136.3900,280.1600,1.799728
_7843_,VPWR,li1,141.4500,280.1600,1.799744
_7842_,VPWR,li1,141.4500,280.1600,1.799744
_7841_,VPWR,li1,136.8500,274.7200,1.799857
_7840_,VPWR,li1,142.8300,274.7200,1.799860
_7839_,VPWR,li1,140.3000,274.7200,1.799859
_7838_,VPWR,li1,136.6200,269.2800,1.799798
_7837_,VPWR,li1,132.7100,263.8400,1.799839
_7836_,VPWR,li1,137.5400,269.2800,1.799799
_7835_,VPWR,li1,133.8600,269.2800,1.799797
_7834_,VPWR,li1,133.1700,269.2800,1.799797
_7833_,VPWR,li1,139.1500,269.2800,1.799799
_7832_,VPWR,li1,137.7700,263.8400,1.799844
_7831_,VPWR,li1,140.7600,263.8400,1.799848
_7830_,VPWR,li1,145.5900,285.6000,1.799734
_7829_,VPWR,li1,149.5000,285.6000,1.799757
_7828_,VPWR,li1,143.2900,285.6000,1.799727
_7827_,VPWR,li1,143.7500,280.1600,1.799752
_7826_,VPWR,li1,148.8100,274.7200,1.799862
_7825_,VPWR,li1,144.4400,274.7200,1.799860
_7824_,VPWR,li1,146.5100,274.7200,1.799861
_7823_,VPWR,li1,148.3500,274.7200,1.799862
_7822_,VPWR,li1,141.9100,269.2800,1.799800
_7821_,VPWR,li1,145.5900,274.7200,1.799861
_7820_,VPWR,li1,133.6300,291.0400,1.799808
_7819_,VPWR,li1,138.9200,291.0400,1.799813
_7818_,VPWR,li1,144.2100,291.0400,1.799822
_7817_,VPWR,li1,136.1600,291.0400,1.799810
_7816_,VPWR,li1,141.9100,291.0400,1.799819
_7815_,VPWR,li1,147.6600,263.8400,1.799855
_7814_,VPWR,li1,151.1100,269.2800,1.799803
_7813_,VPWR,li1,156.1700,258.4000,1.799813
_7812_,VPWR,li1,146.5100,269.2800,1.799802
_7811_,VPWR,li1,148.5800,269.2800,1.799803
_7810_,VPWR,li1,159.3900,263.8400,1.799870
_7809_,VPWR,li1,161.4600,263.8400,1.799873
_7808_,VPWR,li1,154.3300,263.8400,1.799863
_7807_,VPWR,li1,159.1600,269.2800,1.799812
_7806_,VPWR,li1,152.0300,252.9600,1.799879
_7805_,VPWR,li1,154.7900,252.9600,1.799883
_7804_,VPWR,li1,157.0900,263.8400,1.799867
_7803_,VPWR,li1,154.1000,263.8400,1.799863
_7802_,VPWR,li1,129.4900,149.6000,1.799884
_7801_,VPWR,li1,128.1100,160.4800,1.799831
_7800_,VPWR,li1,133.1700,165.9200,1.799834
_7799_,VPWR,li1,137.7700,160.4800,1.799828
_7798_,VPWR,li1,150.1900,149.6000,1.799875
_7797_,VPWR,li1,146.5100,155.0400,1.799851
_7796_,VPWR,li1,137.7700,155.0400,1.799849
_7795_,VPWR,li1,149.2700,155.0400,1.799852
_7794_,VPWR,li1,151.5700,165.9200,1.799840
_7793_,VPWR,li1,149.5000,160.4800,1.799833
_7792_,VPWR,li1,298.0800,149.6000,1.799041
_7791_,VPWR,li1,296.9300,155.0400,1.798946
_7790_,VPWR,li1,311.4200,149.6000,1.799017
_7789_,VPWR,li1,303.8300,149.6000,1.799029
_7788_,VPWR,li1,314.1800,138.7200,1.799319
_7787_,VPWR,li1,312.1100,138.7200,1.799322
_7786_,VPWR,li1,309.1200,133.2800,1.799448
_7785_,VPWR,li1,306.5900,133.2800,1.799451
_7784_,VPWR,li1,305.4400,111.5200,1.799163
_7783_,VPWR,li1,305.6700,111.5200,1.799163
_7782_,VPWR,li1,311.8800,116.9600,1.799452
_7781_,VPWR,li1,310.7300,122.4000,1.799304
_7780_,VPWR,li1,312.8000,100.6400,1.798983
_7779_,VPWR,li1,309.3500,100.6400,1.798994
_7778_,VPWR,li1,312.3400,89.7600,1.799355
_7777_,VPWR,li1,309.3500,89.7600,1.799359
_7776_,VPWR,li1,304.5200,78.8800,1.799404
_7775_,VPWR,li1,300.6100,78.8800,1.799411
_7774_,VPWR,li1,312.3400,62.5600,1.799529
_7773_,VPWR,li1,308.8900,62.5600,1.799534
_7772_,VPWR,li1,312.8000,51.6800,1.799567
_7771_,VPWR,li1,311.1900,46.2400,1.798917
_7770_,VPWR,li1,311.8800,40.8000,1.799461
_7769_,VPWR,li1,307.5100,40.8000,1.799467
_7768_,VPWR,li1,310.9600,57.1200,1.799327
_7767_,VPWR,li1,307.9700,57.1200,1.799332
_7766_,VPWR,li1,312.8000,51.6800,1.799567
_7765_,VPWR,li1,308.8900,51.6800,1.799570
_7764_,VPWR,li1,310.0400,73.4400,1.798246
_7763_,VPWR,li1,311.6500,68.0000,1.799119
_7762_,VPWR,li1,310.0400,84.3200,1.798987
_7761_,VPWR,li1,305.6700,78.8800,1.799404
_7760_,VPWR,li1,232.7600,24.4800,1.799675
_7759_,VPWR,li1,229.3100,29.9200,1.799853
_7758_,VPWR,li1,229.0800,24.4800,1.799683
_7757_,VPWR,li1,227.0100,24.4800,1.799690
_7756_,VPWR,li1,248.4000,19.0400,1.799345
_7755_,VPWR,li1,236.2100,24.4800,1.799664
_7754_,VPWR,li1,304.0600,89.7600,1.799365
_7753_,VPWR,li1,259.2100,89.7600,1.799474
_7752_,VPWR,li1,311.8800,95.2000,1.799393
_7751_,VPWR,li1,254.6100,95.2000,1.799500
_7750_,VPWR,li1,309.1200,111.5200,1.799156
_7749_,VPWR,li1,251.3900,111.5200,1.799332
_7748_,VPWR,li1,315.5600,116.9600,1.799450
_7747_,VPWR,li1,249.0900,122.4000,1.799500
_7746_,VPWR,li1,311.4200,127.8400,1.798856
_7745_,VPWR,li1,246.7900,133.2800,1.799591
_7744_,VPWR,li1,311.4200,144.1600,1.799355
_7743_,VPWR,li1,244.0300,144.1600,1.799546
_7742_,VPWR,li1,264.9600,155.0400,1.799145
_7741_,VPWR,li1,261.9700,155.0400,1.799175
_7740_,VPWR,li1,267.2600,160.4800,1.799243
_7739_,VPWR,li1,269.7900,155.0400,1.799123
_7738_,VPWR,li1,263.5800,160.4800,1.799266
_7737_,VPWR,li1,262.4300,160.4800,1.799280
_7736_,VPWR,li1,254.3800,176.8000,1.799142
_7735_,VPWR,li1,255.0700,182.2400,1.799557
_7734_,VPWR,li1,308.6600,182.2400,1.799464
_7733_,VPWR,li1,304.7500,182.2400,1.799469
_7732_,VPWR,li1,307.2800,171.3600,1.799710
_7731_,VPWR,li1,271.1700,171.3600,1.799715
_7730_,VPWR,li1,279.6800,176.8000,1.798948
_7729_,VPWR,li1,278.9900,182.2400,1.799503
_7728_,VPWR,li1,287.2700,155.0400,1.799011
_7727_,VPWR,li1,292.5600,155.0400,1.798969
_7726_,VPWR,li1,292.3300,149.6000,1.799058
_7725_,VPWR,li1,282.2100,149.6000,1.799091
_7724_,VPWR,li1,274.8500,149.6000,1.799126
_7723_,VPWR,li1,265.1900,149.6000,1.799162
_7722_,VPWR,li1,265.6500,144.1600,1.799467
_7721_,VPWR,li1,258.7500,149.6000,1.799191
_7720_,VPWR,li1,255.5300,149.6000,1.799206
_7719_,VPWR,li1,255.5300,144.1600,1.799506
_7718_,VPWR,li1,252.3100,149.6000,1.799223
_7717_,VPWR,li1,251.6200,144.1600,1.799517
_7716_,VPWR,li1,252.0800,149.6000,1.799223
_7715_,VPWR,li1,273.2400,149.6000,1.799126
_7714_,VPWR,li1,294.4000,144.1600,1.799387
_7713_,VPWR,li1,300.6100,149.6000,1.799036
_7712_,VPWR,li1,305.9000,149.6000,1.799025
_7711_,VPWR,li1,303.8300,144.1600,1.799364
_7710_,VPWR,li1,297.1600,144.1600,1.799378
_7709_,VPWR,li1,298.3100,138.7200,1.799350
_7708_,VPWR,li1,299.6900,144.1600,1.799372
_7707_,VPWR,li1,291.4100,144.1600,1.799393
_7706_,VPWR,li1,286.8100,149.6000,1.799081
_7705_,VPWR,li1,285.2000,149.6000,1.799081
_7704_,VPWR,li1,282.9000,149.6000,1.799091
_7703_,VPWR,li1,278.0700,149.6000,1.799107
_7702_,VPWR,li1,275.3100,149.6000,1.799118
_7701_,VPWR,li1,274.6200,144.1600,1.799441
_7700_,VPWR,li1,272.3200,144.1600,1.799450
_7699_,VPWR,li1,269.3300,144.1600,1.799460
_7698_,VPWR,li1,262.4300,144.1600,1.799482
_7697_,VPWR,li1,264.5000,144.1600,1.799475
_7696_,VPWR,li1,262.4300,144.1600,1.799482
_7695_,VPWR,li1,259.2100,144.1600,1.799488
_7694_,VPWR,li1,255.5300,144.1600,1.799506
_7693_,VPWR,li1,255.3000,138.7200,1.799502
_7692_,VPWR,li1,253.2300,138.7200,1.799511
_7691_,VPWR,li1,248.1700,138.7200,1.799532
_7690_,VPWR,li1,247.2500,149.6000,1.799247
_7689_,VPWR,li1,308.8900,144.1600,1.799360
_7688_,VPWR,li1,308.6600,138.7200,1.799327
_7687_,VPWR,li1,305.2100,144.1600,1.799364
_7686_,VPWR,li1,303.8300,133.2800,1.799453
_7685_,VPWR,li1,299.2300,138.7200,1.799350
_7684_,VPWR,li1,297.8500,138.7200,1.799354
_7683_,VPWR,li1,296.4700,138.7200,1.799354
_7682_,VPWR,li1,294.6300,138.7200,1.799359
_7681_,VPWR,li1,292.7900,138.7200,1.799364
_7680_,VPWR,li1,288.8800,138.7200,1.799376
_7679_,VPWR,li1,290.7200,138.7200,1.799370
_7678_,VPWR,li1,287.9600,133.2800,1.799481
_7677_,VPWR,li1,284.9700,138.7200,1.799388
_7676_,VPWR,li1,283.5900,144.1600,1.799416
_7675_,VPWR,li1,282.2100,138.7200,1.799402
_7674_,VPWR,li1,281.9800,138.7200,1.799402
_7673_,VPWR,li1,279.6800,138.7200,1.799410
_7672_,VPWR,li1,275.3100,138.7200,1.799426
_7671_,VPWR,li1,273.0100,144.1600,1.799450
_7670_,VPWR,li1,272.0900,138.7200,1.799434
_7669_,VPWR,li1,271.8600,138.7200,1.799434
_7668_,VPWR,li1,269.5600,138.7200,1.799444
_7667_,VPWR,li1,264.7300,138.7200,1.799468
_7666_,VPWR,li1,262.4300,133.2800,1.799545
_7665_,VPWR,li1,258.7500,133.2800,1.799552
_7664_,VPWR,li1,259.2100,138.7200,1.799492
_7663_,VPWR,li1,258.2900,133.2800,1.799552
_7662_,VPWR,li1,248.1700,138.7200,1.799532
_7661_,VPWR,li1,251.1600,133.2800,1.799573
_7660_,VPWR,li1,253.9200,138.7200,1.799511
_7659_,VPWR,li1,251.8500,138.7200,1.799522
_7658_,VPWR,li1,249.5500,138.7200,1.799532
_7657_,VPWR,li1,302.9100,133.2800,1.799456
_7656_,VPWR,li1,305.9000,127.8400,1.798880
_7655_,VPWR,li1,300.1500,133.2800,1.799458
_7654_,VPWR,li1,299.2300,127.8400,1.798920
_7653_,VPWR,li1,293.2500,127.8400,1.798955
_7652_,VPWR,li1,298.7700,127.8400,1.798920
_7651_,VPWR,li1,294.6300,133.2800,1.799471
_7650_,VPWR,li1,296.4700,127.8400,1.798935
_7649_,VPWR,li1,296.9300,127.8400,1.798935
_7648_,VPWR,li1,293.9400,127.8400,1.798955
_7647_,VPWR,li1,291.1800,127.8400,1.798969
_7646_,VPWR,li1,286.5800,116.9600,1.799494
_7645_,VPWR,li1,286.3500,127.8400,1.799012
_7644_,VPWR,li1,282.6700,133.2800,1.799491
_7643_,VPWR,li1,285.6600,133.2800,1.799486
_7642_,VPWR,li1,275.0800,122.4000,1.799401
_7641_,VPWR,li1,279.4500,133.2800,1.799498
_7640_,VPWR,li1,279.4500,138.7200,1.799410
_7639_,VPWR,li1,278.0700,127.8400,1.799057
_7638_,VPWR,li1,272.7800,127.8400,1.799094
_7637_,VPWR,li1,275.0800,127.8400,1.799078
_7636_,VPWR,li1,271.6300,133.2800,1.799517
_7635_,VPWR,li1,269.7900,133.2800,1.799526
_7634_,VPWR,li1,265.6500,133.2800,1.799533
_7633_,VPWR,li1,268.4100,133.2800,1.799526
_7632_,VPWR,li1,266.5700,122.4000,1.799434
_7631_,VPWR,li1,269.7900,127.8400,1.799115
_7630_,VPWR,li1,257.6000,127.8400,1.799203
_7629_,VPWR,li1,255.3000,127.8400,1.799232
_7628_,VPWR,li1,257.8300,127.8400,1.799203
_7627_,VPWR,li1,267.9500,127.8400,1.799133
_7626_,VPWR,li1,295.3200,111.5200,1.799184
_7625_,VPWR,li1,292.5600,106.0800,1.798675
_7624_,VPWR,li1,295.7800,100.6400,1.799066
_7623_,VPWR,li1,298.0800,95.2000,1.799412
_7622_,VPWR,li1,302.4500,95.2000,1.799405
_7621_,VPWR,li1,298.3100,111.5200,1.799179
_7620_,VPWR,li1,296.9300,116.9600,1.799475
_7619_,VPWR,li1,302.2200,116.9600,1.799466
_7618_,VPWR,li1,301.5300,111.5200,1.799170
_7617_,VPWR,li1,300.1500,106.0800,1.798658
_7616_,VPWR,li1,292.3300,111.5200,1.799190
_7615_,VPWR,li1,294.6300,111.5200,1.799184
_7614_,VPWR,li1,290.9500,116.9600,1.799485
_7613_,VPWR,li1,291.1800,122.4000,1.799344
_7612_,VPWR,li1,283.3600,111.5200,1.799219
_7611_,VPWR,li1,286.8100,122.4000,1.799357
_7610_,VPWR,li1,282.6700,122.4000,1.799370
_7609_,VPWR,li1,283.8200,116.9600,1.799504
_7608_,VPWR,li1,270.0200,116.9600,1.799531
_7607_,VPWR,li1,280.6000,116.9600,1.799510
_7606_,VPWR,li1,279.4500,122.4000,1.799386
_7605_,VPWR,li1,280.3700,122.4000,1.799378
_7604_,VPWR,li1,278.0700,122.4000,1.799386
_7603_,VPWR,li1,258.0600,116.9600,1.799561
_7602_,VPWR,li1,272.0900,122.4000,1.799407
_7601_,VPWR,li1,273.4700,127.8400,1.799094
_7600_,VPWR,li1,268.4100,122.4000,1.799421
_7599_,VPWR,li1,268.8700,127.8400,1.799133
_7598_,VPWR,li1,252.3100,122.4000,1.799492
_7597_,VPWR,li1,264.2700,116.9600,1.799544
_7596_,VPWR,li1,261.7400,122.4000,1.799448
_7595_,VPWR,li1,258.9800,122.4000,1.799459
_7594_,VPWR,li1,259.6700,122.4000,1.799459
_7593_,VPWR,li1,264.2700,122.4000,1.799441
_7592_,VPWR,li1,302.9100,122.4000,1.799318
_7591_,VPWR,li1,309.5800,116.9600,1.799456
_7590_,VPWR,li1,303.8300,106.0800,1.798649
_7589_,VPWR,li1,300.6100,111.5200,1.799170
_7588_,VPWR,li1,299.6900,106.0800,1.798658
_7587_,VPWR,li1,289.1100,111.5200,1.799199
_7586_,VPWR,li1,291.8700,111.5200,1.799190
_7585_,VPWR,li1,283.5900,111.5200,1.799214
_7584_,VPWR,li1,284.7400,106.0800,1.798696
_7583_,VPWR,li1,281.0600,100.6400,1.799146
_7582_,VPWR,li1,279.9100,111.5200,1.799227
_7581_,VPWR,li1,277.1500,106.0800,1.798716
_7580_,VPWR,li1,277.3800,111.5200,1.799234
_7579_,VPWR,li1,274.1600,111.5200,1.799251
_7578_,VPWR,li1,270.2500,111.5200,1.799259
_7577_,VPWR,li1,264.7300,116.9600,1.799544
_7576_,VPWR,li1,267.7200,116.9600,1.799536
_7575_,VPWR,li1,262.2000,106.0800,1.798794
_7574_,VPWR,li1,260.1300,116.9600,1.799555
_7573_,VPWR,li1,255.5300,116.9600,1.799567
_7572_,VPWR,li1,257.8300,116.9600,1.799561
_7571_,VPWR,li1,253.2300,106.0800,1.798886
_7570_,VPWR,li1,252.3100,116.9600,1.799577
_7569_,VPWR,li1,250.0100,122.4000,1.799500
_7568_,VPWR,li1,251.8500,122.4000,1.799492
_7567_,VPWR,li1,255.0700,122.4000,1.799475
_7566_,VPWR,li1,308.8900,106.0800,1.798643
_7565_,VPWR,li1,307.2800,100.6400,1.799004
_7564_,VPWR,li1,301.0700,100.6400,1.799034
_7563_,VPWR,li1,299.0000,100.6400,1.799044
_7562_,VPWR,li1,298.5400,100.6400,1.799055
_7561_,VPWR,li1,291.4100,100.6400,1.799088
_7560_,VPWR,li1,292.7900,100.6400,1.799077
_7559_,VPWR,li1,286.3500,100.6400,1.799113
_7558_,VPWR,li1,290.7200,100.6400,1.799088
_7557_,VPWR,li1,284.2800,95.2000,1.799434
_7556_,VPWR,li1,282.6700,100.6400,1.799135
_7555_,VPWR,li1,279.9100,106.0800,1.798705
_7554_,VPWR,li1,279.6800,100.6400,1.799159
_7553_,VPWR,li1,277.3800,100.6400,1.799175
_7552_,VPWR,li1,273.4700,106.0800,1.798721
_7551_,VPWR,li1,275.7700,106.0800,1.798716
_7550_,VPWR,li1,268.4100,106.0800,1.798737
_7549_,VPWR,li1,273.9300,106.0800,1.798721
_7548_,VPWR,li1,265.4200,95.2000,1.799473
_7547_,VPWR,li1,265.1900,111.5200,1.799278
_7546_,VPWR,li1,260.3600,106.0800,1.798813
_7545_,VPWR,li1,255.9900,106.0800,1.798860
_7544_,VPWR,li1,259.4400,106.0800,1.798832
_7543_,VPWR,li1,255.7600,106.0800,1.798860
_7542_,VPWR,li1,255.5300,111.5200,1.799321
_7541_,VPWR,li1,251.8500,106.0800,1.798914
_7540_,VPWR,li1,253.6900,106.0800,1.798886
_7539_,VPWR,li1,301.0700,89.7600,1.799370
_7538_,VPWR,li1,305.4400,89.7600,1.799365
_7537_,VPWR,li1,299.6900,95.2000,1.799408
_7536_,VPWR,li1,297.1600,89.7600,1.799378
_7535_,VPWR,li1,297.1600,95.2000,1.799412
_7534_,VPWR,li1,294.6300,89.7600,1.799381
_7533_,VPWR,li1,298.7700,89.7600,1.799373
_7532_,VPWR,li1,290.9500,89.7600,1.799389
_7531_,VPWR,li1,293.9400,89.7600,1.799381
_7530_,VPWR,li1,283.5900,84.3200,1.799057
_7529_,VPWR,li1,286.3500,89.7600,1.799398
_7528_,VPWR,li1,285.8900,95.2000,1.799434
_7527_,VPWR,li1,283.3600,89.7600,1.799405
_7526_,VPWR,li1,281.0600,89.7600,1.799411
_7525_,VPWR,li1,278.0700,95.2000,1.799446
_7524_,VPWR,li1,277.1500,100.6400,1.799175
_7523_,VPWR,li1,272.0900,95.2000,1.799458
_7522_,VPWR,li1,274.8500,95.2000,1.799454
_7521_,VPWR,li1,267.2600,89.7600,1.799453
_7520_,VPWR,li1,268.8700,95.2000,1.799465
_7519_,VPWR,li1,265.8800,100.6400,1.799241
_7518_,VPWR,li1,260.5900,95.2000,1.799487
_7517_,VPWR,li1,265.4200,95.2000,1.799473
_7516_,VPWR,li1,258.9800,100.6400,1.799285
_7515_,VPWR,li1,259.6700,95.2000,1.799487
_7514_,VPWR,li1,258.0600,100.6400,1.799297
_7513_,VPWR,li1,259.6700,100.6400,1.799285
_7512_,VPWR,li1,257.8300,95.2000,1.799495
_7511_,VPWR,li1,258.2900,78.8800,1.799514
_7510_,VPWR,li1,260.3600,68.0000,1.799249
_7509_,VPWR,li1,297.1600,68.0000,1.799138
_7508_,VPWR,li1,294.4000,68.0000,1.799145
_7507_,VPWR,li1,264.7300,73.4400,1.798508
_7506_,VPWR,li1,301.0700,68.0000,1.799132
_7505_,VPWR,li1,301.9900,78.8800,1.799411
_7504_,VPWR,li1,297.6200,78.8800,1.799416
_7503_,VPWR,li1,302.6800,73.4400,1.798287
_7502_,VPWR,li1,298.7700,68.0000,1.799138
_7501_,VPWR,li1,295.0900,73.4400,1.798322
_7500_,VPWR,li1,296.4700,73.4400,1.798322
_7499_,VPWR,li1,291.4100,78.8800,1.799428
_7498_,VPWR,li1,294.4000,78.8800,1.799424
_7497_,VPWR,li1,287.0400,73.4400,1.798366
_7496_,VPWR,li1,290.9500,78.8800,1.799428
_7495_,VPWR,li1,286.3500,84.3200,1.799047
_7494_,VPWR,li1,283.5900,84.3200,1.799057
_7493_,VPWR,li1,282.4400,73.4400,1.798392
_7492_,VPWR,li1,279.9100,84.3200,1.799079
_7491_,VPWR,li1,281.2900,89.7600,1.799411
_7490_,VPWR,li1,280.3700,84.3200,1.799079
_7489_,VPWR,li1,274.8500,84.3200,1.799109
_7488_,VPWR,li1,277.8400,89.7600,1.799424
_7487_,VPWR,li1,272.3200,78.8800,1.799473
_7486_,VPWR,li1,270.2500,89.7600,1.799441
_7485_,VPWR,li1,272.5500,89.7600,1.799435
_7484_,VPWR,li1,268.6400,84.3200,1.799148
_7483_,VPWR,li1,265.4200,84.3200,1.799169
_7482_,VPWR,li1,264.5000,89.7600,1.799458
_7481_,VPWR,li1,262.4300,89.7600,1.799467
_7480_,VPWR,li1,259.9000,89.7600,1.799474
_7479_,VPWR,li1,261.0500,84.3200,1.799196
_7478_,VPWR,li1,258.9800,84.3200,1.799217
_7477_,VPWR,li1,302.9100,68.0000,1.799129
_7476_,VPWR,li1,308.2000,68.0000,1.799121
_7475_,VPWR,li1,303.3700,62.5600,1.799540
_7474_,VPWR,li1,307.9700,62.5600,1.799534
_7473_,VPWR,li1,303.1400,57.1200,1.799338
_7472_,VPWR,li1,297.1600,57.1200,1.799346
_7471_,VPWR,li1,294.6300,62.5600,1.799553
_7470_,VPWR,li1,298.3100,62.5600,1.799548
_7469_,VPWR,li1,290.0300,68.0000,1.799152
_7468_,VPWR,li1,294.4000,68.0000,1.799145
_7467_,VPWR,li1,286.1200,57.1200,1.799373
_7466_,VPWR,li1,285.8900,68.0000,1.799160
_7465_,VPWR,li1,284.9700,73.4400,1.798378
_7464_,VPWR,li1,289.3400,73.4400,1.798354
_7463_,VPWR,li1,281.9800,62.5600,1.799580
_7462_,VPWR,li1,279.9100,73.4400,1.798407
_7461_,VPWR,li1,276.2300,73.4400,1.798430
_7460_,VPWR,li1,277.8400,73.4400,1.798430
_7459_,VPWR,li1,277.8400,68.0000,1.799183
_7458_,VPWR,li1,277.1500,78.8800,1.799461
_7457_,VPWR,li1,272.3200,73.4400,1.798464
_7456_,VPWR,li1,273.9300,78.8800,1.799473
_7455_,VPWR,li1,268.4100,78.8800,1.799484
_7454_,VPWR,li1,271.4000,78.8800,1.799479
_7453_,VPWR,li1,268.6400,78.8800,1.799484
_7452_,VPWR,li1,265.6500,73.4400,1.798508
_7451_,VPWR,li1,263.1200,84.3200,1.799183
_7450_,VPWR,li1,264.7300,78.8800,1.799498
_7449_,VPWR,li1,262.6600,78.8800,1.799505
_7448_,VPWR,li1,301.0700,46.2400,1.798970
_7447_,VPWR,li1,305.9000,46.2400,1.798940
_7446_,VPWR,li1,303.8300,57.1200,1.799335
_7445_,VPWR,li1,300.3800,57.1200,1.799342
_7444_,VPWR,li1,299.2300,57.1200,1.799342
_7443_,VPWR,li1,292.7900,57.1200,1.799356
_7442_,VPWR,li1,291.4100,57.1200,1.799356
_7441_,VPWR,li1,287.2700,46.2400,1.799042
_7440_,VPWR,li1,287.2700,57.1200,1.799366
_7439_,VPWR,li1,283.5900,57.1200,1.799380
_7438_,VPWR,li1,284.2800,51.6800,1.799600
_7437_,VPWR,li1,281.5200,46.2400,1.799081
_7436_,VPWR,li1,280.3700,57.1200,1.799386
_7435_,VPWR,li1,279.9100,62.5600,1.799585
_7434_,VPWR,li1,282.9000,62.5600,1.799580
_7433_,VPWR,li1,279.2200,40.8000,1.799515
_7432_,VPWR,li1,276.6900,62.5600,1.799595
_7431_,VPWR,li1,274.8500,68.0000,1.799189
_7430_,VPWR,li1,273.0100,62.5600,1.799605
_7429_,VPWR,li1,273.7000,62.5600,1.799600
_7428_,VPWR,li1,270.4800,62.5600,1.799612
_7427_,VPWR,li1,273.9300,68.0000,1.799189
_7426_,VPWR,li1,268.6400,73.4400,1.798479
_7425_,VPWR,li1,271.6300,68.0000,1.799196
_7424_,VPWR,li1,270.4800,62.5600,1.799612
_7423_,VPWR,li1,295.5500,35.3600,1.799856
_7422_,VPWR,li1,305.9000,40.8000,1.799467
_7421_,VPWR,li1,303.3700,51.6800,1.799573
_7420_,VPWR,li1,266.5700,62.5600,1.799619
_7419_,VPWR,li1,257.8300,68.0000,1.799264
_7418_,VPWR,li1,266.1100,68.0000,1.799215
_7417_,VPWR,li1,261.5100,57.1200,1.799450
_7416_,VPWR,li1,255.9900,57.1200,1.799471
_7415_,VPWR,li1,298.7700,51.6800,1.799578
_7414_,VPWR,li1,295.0900,51.6800,1.799582
_7413_,VPWR,li1,298.3100,46.2400,1.798982
_7412_,VPWR,li1,294.4000,46.2400,1.799000
_7411_,VPWR,li1,272.5500,46.2400,1.799141
_7410_,VPWR,li1,292.3300,46.2400,1.799019
_7409_,VPWR,li1,286.8100,46.2400,1.799053
_7408_,VPWR,li1,291.1800,46.2400,1.799019
_7407_,VPWR,li1,272.7800,46.2400,1.799141
_7406_,VPWR,li1,281.2900,46.2400,1.799081
_7405_,VPWR,li1,280.3700,40.8000,1.799515
_7404_,VPWR,li1,283.3600,40.8000,1.799507
_7403_,VPWR,li1,270.2500,40.8000,1.799536
_7402_,VPWR,li1,281.2900,35.3600,1.799856
_7401_,VPWR,li1,284.2800,35.3600,1.799856
_7400_,VPWR,li1,277.1500,29.9200,1.799820
_7399_,VPWR,li1,278.3000,35.3600,1.799857
_7398_,VPWR,li1,277.8400,35.3600,1.799857
_7397_,VPWR,li1,275.7700,35.3600,1.799858
_7396_,VPWR,li1,274.6200,51.6800,1.799618
_7395_,VPWR,li1,274.8500,40.8000,1.799525
_7394_,VPWR,li1,277.3800,40.8000,1.799519
_7393_,VPWR,li1,271.1700,51.6800,1.799625
_7392_,VPWR,li1,275.5400,51.6800,1.799614
_7391_,VPWR,li1,266.5700,57.1200,1.799435
_7390_,VPWR,li1,258.0600,62.5600,1.799647
_7389_,VPWR,li1,261.2800,57.1200,1.799450
_7388_,VPWR,li1,264.5000,51.6800,1.799638
_7387_,VPWR,li1,260.8200,51.6800,1.799643
_7386_,VPWR,li1,261.7400,51.6800,1.799643
_7385_,VPWR,li1,264.9600,51.6800,1.799638
_7384_,VPWR,li1,254.8400,51.6800,1.799658
_7383_,VPWR,li1,268.1800,51.6800,1.799630
_7382_,VPWR,li1,268.1800,46.2400,1.799175
_7381_,VPWR,li1,270.0200,46.2400,1.799159
_7380_,VPWR,li1,267.7200,46.2400,1.799175
_7379_,VPWR,li1,258.9800,46.2400,1.799236
_7378_,VPWR,li1,271.8600,40.8000,1.799536
_7377_,VPWR,li1,268.8700,40.8000,1.799541
_7376_,VPWR,li1,263.1200,40.8000,1.799557
_7375_,VPWR,li1,267.9500,40.8000,1.799541
_7374_,VPWR,li1,259.9000,40.8000,1.799564
_7373_,VPWR,li1,265.4200,40.8000,1.799549
_7372_,VPWR,li1,264.9600,35.3600,1.799863
_7371_,VPWR,li1,267.4900,29.9200,1.799822
_7370_,VPWR,li1,268.1800,29.9200,1.799822
_7369_,VPWR,li1,272.3200,29.9200,1.799821
_7368_,VPWR,li1,273.0100,24.4800,1.799615
_7367_,VPWR,li1,279.6800,29.9200,1.799820
_7366_,VPWR,li1,274.3900,29.9200,1.799821
_7365_,VPWR,li1,277.3800,29.9200,1.799820
_7364_,VPWR,li1,261.9700,19.0400,1.799312
_7363_,VPWR,li1,265.4200,24.4800,1.799615
_7362_,VPWR,li1,263.8100,62.5600,1.799628
_7361_,VPWR,li1,255.5300,68.0000,1.799278
_7360_,VPWR,li1,249.3200,68.0000,1.799315
_7359_,VPWR,li1,261.9700,73.4400,1.798521
_7358_,VPWR,li1,259.2100,57.1200,1.799462
_7357_,VPWR,li1,255.5300,51.6800,1.799658
_7356_,VPWR,li1,250.7000,51.6800,1.799670
_7355_,VPWR,li1,252.7700,51.6800,1.799664
_7354_,VPWR,li1,245.6400,51.6800,1.799684
_7353_,VPWR,li1,253.0000,46.2400,1.799281
_7352_,VPWR,li1,252.0800,51.6800,1.799670
_7351_,VPWR,li1,256.2200,46.2400,1.799262
_7350_,VPWR,li1,249.3200,46.2400,1.799307
_7349_,VPWR,li1,245.1800,46.2400,1.799352
_7348_,VPWR,li1,255.3000,46.2400,1.799262
_7347_,VPWR,li1,255.5300,40.8000,1.799578
_7346_,VPWR,li1,252.0800,40.8000,1.799585
_7345_,VPWR,li1,254.1500,40.8000,1.799578
_7344_,VPWR,li1,247.9400,40.8000,1.799596
_7343_,VPWR,li1,254.8400,35.3600,1.799866
_7342_,VPWR,li1,256.9100,40.8000,1.799571
_7341_,VPWR,li1,252.3100,29.9200,1.799831
_7340_,VPWR,li1,256.2200,29.9200,1.799829
_7339_,VPWR,li1,255.7600,29.9200,1.799829
_7338_,VPWR,li1,260.3600,29.9200,1.799826
_7337_,VPWR,li1,259.6700,29.9200,1.799827
_7336_,VPWR,li1,264.9600,29.9200,1.799823
_7335_,VPWR,li1,263.5800,29.9200,1.799825
_7334_,VPWR,li1,271.1700,29.9200,1.799821
_7333_,VPWR,li1,250.4700,24.4800,1.799630
_7332_,VPWR,li1,255.7600,24.4800,1.799623
_7331_,VPWR,li1,254.1500,73.4400,1.798602
_7330_,VPWR,li1,249.5500,68.0000,1.799315
_7329_,VPWR,li1,248.1700,62.5600,1.799675
_7328_,VPWR,li1,253.2300,62.5600,1.799659
_7327_,VPWR,li1,243.1100,62.5600,1.799692
_7326_,VPWR,li1,246.7900,57.1200,1.799511
_7325_,VPWR,li1,243.1100,57.1200,1.799528
_7324_,VPWR,li1,243.8000,51.6800,1.799692
_7323_,VPWR,li1,246.1000,51.6800,1.799684
_7322_,VPWR,li1,238.2800,51.6800,1.799711
_7321_,VPWR,li1,243.8000,46.2400,1.799352
_7320_,VPWR,li1,252.7700,46.2400,1.799281
_7319_,VPWR,li1,247.9400,40.8000,1.799596
_7318_,VPWR,li1,245.8700,40.8000,1.799605
_7317_,VPWR,li1,243.3400,40.8000,1.799614
_7316_,VPWR,li1,241.9600,40.8000,1.799614
_7315_,VPWR,li1,244.9500,40.8000,1.799605
_7314_,VPWR,li1,248.6300,35.3600,1.799869
_7313_,VPWR,li1,244.2600,29.9200,1.799838
_7312_,VPWR,li1,245.1800,35.3600,1.799872
_7311_,VPWR,li1,248.8600,29.9200,1.799834
_7310_,VPWR,li1,248.1700,29.9200,1.799835
_7309_,VPWR,li1,251.6200,29.9200,1.799831
_7308_,VPWR,li1,258.5200,29.9200,1.799827
_7307_,VPWR,li1,253.6900,29.9200,1.799830
_7306_,VPWR,li1,253.4600,68.0000,1.799291
_7305_,VPWR,li1,247.7100,73.4400,1.798692
_7304_,VPWR,li1,252.5400,78.8800,1.799532
_7303_,VPWR,li1,255.9900,78.8800,1.799524
_7302_,VPWR,li1,255.0700,78.8800,1.799524
_7301_,VPWR,li1,227.9300,78.8800,1.799638
_7300_,VPWR,li1,226.5500,89.7600,1.799613
_7299_,VPWR,li1,223.5600,78.8800,1.799653
_7298_,VPWR,li1,221.7200,78.8800,1.799662
_7297_,VPWR,li1,222.8700,73.4400,1.799051
_7296_,VPWR,li1,245.8700,73.4400,1.798717
_7295_,VPWR,li1,246.3300,68.0000,1.799336
_7294_,VPWR,li1,243.5700,68.0000,1.799351
_7293_,VPWR,li1,244.2600,68.0000,1.799351
_7292_,VPWR,li1,246.1000,68.0000,1.799336
_7291_,VPWR,li1,242.1900,68.0000,1.799364
_7290_,VPWR,li1,214.8200,62.5600,1.799788
_7289_,VPWR,li1,240.5800,62.5600,1.799700
_7288_,VPWR,li1,240.1200,57.1200,1.799549
_7287_,VPWR,li1,238.7400,57.1200,1.799549
_7286_,VPWR,li1,241.0400,57.1200,1.799537
_7285_,VPWR,li1,219.4200,57.1200,1.799648
_7284_,VPWR,li1,242.8800,51.6800,1.799692
_7283_,VPWR,li1,239.8900,51.6800,1.799702
_7282_,VPWR,li1,238.7400,46.2400,1.799398
_7281_,VPWR,li1,235.7500,46.2400,1.799412
_7280_,VPWR,li1,230.4600,51.6800,1.799734
_7279_,VPWR,li1,232.7600,40.8000,1.799643
_7278_,VPWR,li1,239.8900,40.8000,1.799620
_7277_,VPWR,li1,234.3700,35.3600,1.799879
_7276_,VPWR,li1,231.8400,35.3600,1.799881
_7275_,VPWR,li1,235.0600,35.3600,1.799879
_7274_,VPWR,li1,238.7400,29.9200,1.799844
_7273_,VPWR,li1,234.8300,29.9200,1.799847
_7272_,VPWR,li1,240.5800,29.9200,1.799843
_7271_,VPWR,li1,240.1200,29.9200,1.799843
_7270_,VPWR,li1,246.7900,29.9200,1.799835
_7269_,VPWR,li1,222.4100,29.9200,1.799863
_7268_,VPWR,li1,231.3800,29.9200,1.799851
_7267_,VPWR,li1,227.9300,73.4400,1.798979
_7266_,VPWR,li1,221.4900,73.4400,1.799080
_7265_,VPWR,li1,224.2500,73.4400,1.799051
_7264_,VPWR,li1,216.4300,73.4400,1.799152
_7263_,VPWR,li1,218.5000,73.4400,1.799119
_7262_,VPWR,li1,218.0400,68.0000,1.799537
_7261_,VPWR,li1,214.8200,68.0000,1.799564
_7260_,VPWR,li1,207.0000,68.0000,1.799628
_7259_,VPWR,li1,218.0400,62.5600,1.799780
_7258_,VPWR,li1,213.4400,62.5600,1.799797
_7257_,VPWR,li1,215.2800,57.1200,1.799665
_7256_,VPWR,li1,212.9800,57.1200,1.799684
_7255_,VPWR,li1,207.9200,62.5600,1.799819
_7254_,VPWR,li1,212.9800,57.1200,1.799684
_7253_,VPWR,li1,215.9700,57.1200,1.799665
_7252_,VPWR,li1,223.1000,51.6800,1.799758
_7251_,VPWR,li1,221.0300,51.6800,1.799766
_7250_,VPWR,li1,224.0200,57.1200,1.799622
_7249_,VPWR,li1,223.1000,51.6800,1.799758
_7248_,VPWR,li1,227.0100,51.6800,1.799749
_7247_,VPWR,li1,224.7100,46.2400,1.799511
_7246_,VPWR,li1,226.7800,46.2400,1.799495
_7245_,VPWR,li1,228.1600,46.2400,1.799472
_7244_,VPWR,li1,230.0000,40.8000,1.799652
_7243_,VPWR,li1,227.0100,40.8000,1.799664
_7242_,VPWR,li1,229.0800,35.3600,1.799884
_7241_,VPWR,li1,227.4700,35.3600,1.799884
_7240_,VPWR,li1,229.5400,35.3600,1.799883
_7239_,VPWR,li1,204.0100,73.4400,1.799364
_7238_,VPWR,li1,202.6300,68.0000,1.799664
_7237_,VPWR,li1,198.9500,62.5600,1.799850
_7236_,VPWR,li1,250.4700,106.0800,1.798914
_7235_,VPWR,li1,196.8800,73.4400,1.799480
_7234_,VPWR,li1,217.8100,40.8000,1.799695
_7233_,VPWR,li1,226.3200,40.8000,1.799664
_7232_,VPWR,li1,222.4100,68.0000,1.799511
_7231_,VPWR,li1,221.4900,84.3200,1.799473
_7230_,VPWR,li1,221.2600,89.7600,1.799634
_7229_,VPWR,li1,223.7900,73.4400,1.799051
_7228_,VPWR,li1,221.0300,73.4400,1.799080
_7227_,VPWR,li1,214.3600,73.4400,1.799191
_7226_,VPWR,li1,217.8100,73.4400,1.799152
_7225_,VPWR,li1,208.3800,73.4400,1.799290
_7224_,VPWR,li1,213.9000,73.4400,1.799191
_7223_,VPWR,li1,209.7600,73.4400,1.799257
_7222_,VPWR,li1,207.6900,73.4400,1.799290
_7221_,VPWR,li1,205.1600,68.0000,1.799643
_7220_,VPWR,li1,209.5300,68.0000,1.799613
_7219_,VPWR,li1,206.5400,78.8800,1.799736
_7218_,VPWR,li1,206.5400,62.5600,1.799819
_7217_,VPWR,li1,208.8400,62.5600,1.799811
_7216_,VPWR,li1,222.6400,62.5600,1.799760
_7215_,VPWR,li1,223.1000,62.5600,1.799760
_7214_,VPWR,li1,230.9200,78.8800,1.799618
_7213_,VPWR,li1,226.7800,57.1200,1.799606
_7212_,VPWR,li1,226.5500,62.5600,1.799747
_7211_,VPWR,li1,230.6900,57.1200,1.799586
_7210_,VPWR,li1,235.0600,62.5600,1.799718
_7209_,VPWR,li1,231.8400,62.5600,1.799729
_7208_,VPWR,li1,232.3000,51.6800,1.799727
_7207_,VPWR,li1,230.6900,57.1200,1.799586
_7206_,VPWR,li1,230.9200,46.2400,1.799450
_7205_,VPWR,li1,229.3100,46.2400,1.799472
_7204_,VPWR,li1,223.1000,46.2400,1.799511
_7203_,VPWR,li1,198.2600,68.0000,1.799701
_7202_,VPWR,li1,193.8900,68.0000,1.799750
_7201_,VPWR,li1,200.7900,73.4400,1.799402
_7200_,VPWR,li1,195.2700,68.0000,1.799728
_7199_,VPWR,li1,193.8900,73.4400,1.799529
_7198_,VPWR,li1,187.9100,73.4400,1.799622
_7197_,VPWR,li1,203.0900,73.4400,1.799364
_7196_,VPWR,li1,195.9600,73.4400,1.799480
_7195_,VPWR,li1,227.0100,68.0000,1.799476
_7194_,VPWR,li1,234.1400,68.0000,1.799415
_7193_,VPWR,li1,230.9200,84.3200,1.799405
_7192_,VPWR,li1,223.7900,84.3200,1.799452
_7191_,VPWR,li1,226.5500,78.8800,1.799638
_7190_,VPWR,li1,219.1900,84.3200,1.799487
_7189_,VPWR,li1,216.6600,84.3200,1.799508
_7188_,VPWR,li1,214.8200,84.3200,1.799523
_7187_,VPWR,li1,216.2000,89.7600,1.799662
_7186_,VPWR,li1,213.2100,89.7600,1.799680
_7185_,VPWR,li1,208.3800,89.7600,1.799702
_7184_,VPWR,li1,207.4600,84.3200,1.799583
_7183_,VPWR,li1,207.0000,78.8800,1.799736
_7182_,VPWR,li1,207.4600,84.3200,1.799583
_7181_,VPWR,li1,204.2400,78.8800,1.799747
_7180_,VPWR,li1,209.9900,78.8800,1.799719
_7179_,VPWR,li1,231.8400,78.8800,1.799618
_7178_,VPWR,li1,229.5400,78.8800,1.799627
_7177_,VPWR,li1,234.6000,84.3200,1.799384
_7176_,VPWR,li1,235.5200,78.8800,1.799598
_7175_,VPWR,li1,234.3700,78.8800,1.799606
_7174_,VPWR,li1,239.4300,73.4400,1.798812
_7173_,VPWR,li1,239.2000,78.8800,1.799583
_7172_,VPWR,li1,240.1200,78.8800,1.799583
_7171_,VPWR,li1,239.2000,73.4400,1.798812
_7170_,VPWR,li1,237.1300,73.4400,1.798849
_7169_,VPWR,li1,237.3600,62.5600,1.799712
_7168_,VPWR,li1,236.2100,68.0000,1.799401
_7167_,VPWR,li1,233.6800,73.4400,1.798892
_7166_,VPWR,li1,198.0300,78.8800,1.799780
_7165_,VPWR,li1,195.9600,78.8800,1.799791
_7164_,VPWR,li1,194.8100,78.8800,1.799801
_7163_,VPWR,li1,186.9900,78.8800,1.799844
_7162_,VPWR,li1,192.9700,73.4400,1.799529
_7161_,VPWR,li1,189.2900,78.8800,1.799828
_7160_,VPWR,li1,190.6700,73.4400,1.799566
_7159_,VPWR,li1,184.2300,78.8800,1.799855
_7158_,VPWR,li1,182.1600,78.8800,1.799865
_7157_,VPWR,li1,188.6000,84.3200,1.799743
_7156_,VPWR,li1,252.7700,89.7600,1.799494
_7155_,VPWR,li1,253.9200,84.3200,1.799245
_7154_,VPWR,li1,229.7700,89.7600,1.799590
_7153_,VPWR,li1,226.0900,95.2000,1.799598
_7152_,VPWR,li1,225.1700,89.7600,1.799613
_7151_,VPWR,li1,226.7800,127.8400,1.799437
_7150_,VPWR,li1,227.9300,133.2800,1.799659
_7149_,VPWR,li1,222.4100,127.8400,1.799472
_7148_,VPWR,li1,227.4700,127.8400,1.799437
_7147_,VPWR,li1,221.9500,95.2000,1.799616
_7146_,VPWR,li1,226.5500,84.3200,1.799431
_7145_,VPWR,li1,218.7300,95.2000,1.799631
_7144_,VPWR,li1,218.5000,89.7600,1.799646
_7143_,VPWR,li1,214.1300,95.2000,1.799653
_7142_,VPWR,li1,217.5800,100.6400,1.799582
_7141_,VPWR,li1,207.4600,100.6400,1.799653
_7140_,VPWR,li1,205.3900,95.2000,1.799695
_7139_,VPWR,li1,209.3000,95.2000,1.799675
_7138_,VPWR,li1,212.7500,89.7600,1.799680
_7137_,VPWR,li1,209.3000,95.2000,1.799675
_7136_,VPWR,li1,209.7600,89.7600,1.799691
_7135_,VPWR,li1,205.6200,89.7600,1.799714
_7134_,VPWR,li1,207.6900,89.7600,1.799702
_7133_,VPWR,li1,228.6200,95.2000,1.799588
_7132_,VPWR,li1,234.1400,89.7600,1.799571
_7131_,VPWR,li1,234.1400,95.2000,1.799570
_7130_,VPWR,li1,239.2000,89.7600,1.799549
_7129_,VPWR,li1,233.9100,89.7600,1.799571
_7128_,VPWR,li1,238.9700,89.7600,1.799549
_7127_,VPWR,li1,245.6400,89.7600,1.799522
_7126_,VPWR,li1,242.4200,89.7600,1.799536
_7125_,VPWR,li1,239.6600,84.3200,1.799337
_7124_,VPWR,li1,241.7300,84.3200,1.799323
_7123_,VPWR,li1,241.5000,78.8800,1.799573
_7122_,VPWR,li1,247.2500,84.3200,1.799288
_7121_,VPWR,li1,249.3200,84.3200,1.799272
_7120_,VPWR,li1,198.0300,89.7600,1.799757
_7119_,VPWR,li1,200.3300,89.7600,1.799744
_7118_,VPWR,li1,194.8100,89.7600,1.799781
_7117_,VPWR,li1,196.1900,84.3200,1.799675
_7116_,VPWR,li1,191.1300,84.3200,1.799717
_7115_,VPWR,li1,187.9100,89.7600,1.799814
_7114_,VPWR,li1,189.2900,89.7600,1.799814
_7113_,VPWR,li1,187.9100,84.3200,1.799743
_7112_,VPWR,li1,184.4600,84.3200,1.799785
_7111_,VPWR,li1,196.8800,100.6400,1.799736
_7110_,VPWR,li1,197.1100,106.0800,1.799574
_7109_,VPWR,li1,192.2800,95.2000,1.799760
_7108_,VPWR,li1,251.3900,89.7600,1.799505
_7107_,VPWR,li1,252.7700,95.2000,1.799505
_7106_,VPWR,li1,232.3000,122.4000,1.799573
_7105_,VPWR,li1,231.6100,127.8400,1.799404
_7104_,VPWR,li1,225.1700,122.4000,1.799613
_7103_,VPWR,li1,222.8700,133.2800,1.799680
_7102_,VPWR,li1,220.5700,122.4000,1.799637
_7101_,VPWR,li1,221.4900,122.4000,1.799625
_7100_,VPWR,li1,222.8700,122.4000,1.799625
_7099_,VPWR,li1,223.7900,116.9600,1.799687
_7098_,VPWR,li1,218.2700,116.9600,1.799708
_7097_,VPWR,li1,214.8200,111.5200,1.799589
_7096_,VPWR,li1,217.1200,111.5200,1.799564
_7095_,VPWR,li1,218.0400,106.0800,1.799298
_7094_,VPWR,li1,215.7400,106.0800,1.799331
_7093_,VPWR,li1,211.1400,106.0800,1.799401
_7092_,VPWR,li1,213.4400,100.6400,1.799606
_7091_,VPWR,li1,213.9000,100.6400,1.799606
_7090_,VPWR,li1,224.4800,95.2000,1.799607
_7089_,VPWR,li1,227.7000,95.2000,1.799598
_7088_,VPWR,li1,233.2200,111.5200,1.799451
_7087_,VPWR,li1,231.3800,95.2000,1.799581
_7086_,VPWR,li1,232.9900,100.6400,1.799461
_7085_,VPWR,li1,240.8100,100.6400,1.799417
_7084_,VPWR,li1,239.2000,100.6400,1.799417
_7083_,VPWR,li1,237.3600,100.6400,1.799430
_7082_,VPWR,li1,236.4400,95.2000,1.799559
_7081_,VPWR,li1,239.8900,95.2000,1.799553
_7080_,VPWR,li1,238.2800,95.2000,1.799553
_7079_,VPWR,li1,245.4100,100.6400,1.799375
_7078_,VPWR,li1,248.4000,95.2000,1.799518
_7077_,VPWR,li1,226.3200,100.6400,1.799510
_7076_,VPWR,li1,227.9300,100.6400,1.799510
_7075_,VPWR,li1,200.7900,100.6400,1.799705
_7074_,VPWR,li1,203.5500,100.6400,1.799687
_7073_,VPWR,li1,195.7300,95.2000,1.799743
_7072_,VPWR,li1,198.0300,95.2000,1.799731
_7071_,VPWR,li1,190.2100,95.2000,1.799771
_7070_,VPWR,li1,189.2900,100.6400,1.799808
_7069_,VPWR,li1,192.5100,95.2000,1.799760
_7068_,VPWR,li1,186.9900,95.2000,1.799792
_7067_,VPWR,li1,189.9800,95.2000,1.799780
_7066_,VPWR,li1,204.0100,106.0800,1.799475
_7065_,VPWR,li1,187.6800,100.6400,1.799808
_7064_,VPWR,li1,243.5700,111.5200,1.799375
_7063_,VPWR,li1,246.1000,100.6400,1.799375
_7062_,VPWR,li1,236.2100,127.8400,1.799368
_7061_,VPWR,li1,224.2500,133.2800,1.799680
_7060_,VPWR,li1,226.3200,138.7200,1.799634
_7059_,VPWR,li1,225.6300,127.8400,1.799457
_7058_,VPWR,li1,220.8000,127.8400,1.799492
_7057_,VPWR,li1,223.1000,127.8400,1.799472
_7056_,VPWR,li1,218.0400,127.8400,1.799509
_7055_,VPWR,li1,215.7400,127.8400,1.799541
_7054_,VPWR,li1,213.9000,122.4000,1.799668
_7053_,VPWR,li1,215.2800,122.4000,1.799668
_7052_,VPWR,li1,209.7600,116.9600,1.799749
_7051_,VPWR,li1,211.6000,116.9600,1.799740
_7050_,VPWR,li1,211.8300,111.5200,1.799610
_7049_,VPWR,li1,208.1500,111.5200,1.799632
_7048_,VPWR,li1,223.1000,116.9600,1.799687
_7047_,VPWR,li1,210.9100,111.5200,1.799610
_7046_,VPWR,li1,228.1600,111.5200,1.799492
_7045_,VPWR,li1,226.7800,116.9600,1.799672
_7044_,VPWR,li1,228.1600,106.0800,1.799193
_7043_,VPWR,li1,226.7800,111.5200,1.799492
_7042_,VPWR,li1,236.6700,111.5200,1.799429
_7041_,VPWR,li1,240.1200,106.0800,1.799031
_7040_,VPWR,li1,232.3000,106.0800,1.799127
_7039_,VPWR,li1,235.2900,106.0800,1.799105
_7038_,VPWR,li1,236.4400,100.6400,1.799445
_7037_,VPWR,li1,233.9100,106.0800,1.799105
_7036_,VPWR,li1,237.5900,106.0800,1.799061
_7035_,VPWR,li1,223.7900,106.0800,1.799227
_7034_,VPWR,li1,220.5700,100.6400,1.799563
_7033_,VPWR,li1,220.1100,106.0800,1.799272
_7032_,VPWR,li1,204.0100,106.0800,1.799475
_7031_,VPWR,li1,203.7800,116.9600,1.799780
_7030_,VPWR,li1,203.5500,111.5200,1.799678
_7029_,VPWR,li1,206.7700,106.0800,1.799442
_7028_,VPWR,li1,196.1900,106.0800,1.799574
_7027_,VPWR,li1,198.9500,106.0800,1.799539
_7026_,VPWR,li1,188.3700,106.0800,1.799674
_7025_,VPWR,li1,190.6700,106.0800,1.799645
_7024_,VPWR,li1,191.5900,106.0800,1.799645
_7023_,VPWR,li1,188.8300,106.0800,1.799674
_7022_,VPWR,li1,185.6100,106.0800,1.799710
_7021_,VPWR,li1,196.4200,111.5200,1.799726
_7020_,VPWR,li1,184.9200,116.9600,1.799878
_7019_,VPWR,li1,244.4900,111.5200,1.799375
_7018_,VPWR,li1,246.5600,116.9600,1.799596
_7017_,VPWR,li1,231.6100,133.2800,1.799641
_7016_,VPWR,li1,221.4900,138.7200,1.799663
_7015_,VPWR,li1,216.4300,133.2800,1.799710
_7014_,VPWR,li1,216.4300,133.2800,1.799710
_7013_,VPWR,li1,191.8200,138.7200,1.799824
_7012_,VPWR,li1,218.7300,133.2800,1.799699
_7011_,VPWR,li1,211.1400,133.2800,1.799735
_7010_,VPWR,li1,214.3600,127.8400,1.799541
_7009_,VPWR,li1,213.2100,133.2800,1.799725
_7008_,VPWR,li1,203.3200,127.8400,1.799638
_7007_,VPWR,li1,204.7000,127.8400,1.799638
_7006_,VPWR,li1,210.6800,122.4000,1.799687
_7005_,VPWR,li1,205.6200,122.4000,1.799718
_7004_,VPWR,li1,208.6100,122.4000,1.799699
_7003_,VPWR,li1,206.5400,116.9600,1.799765
_7002_,VPWR,li1,209.3000,122.4000,1.799699
_7001_,VPWR,li1,208.3800,127.8400,1.799593
_7000_,VPWR,li1,226.7800,116.9600,1.799672
_6999_,VPWR,li1,229.0800,116.9600,1.799663
_6998_,VPWR,li1,237.1300,122.4000,1.799551
_6997_,VPWR,li1,238.2800,116.9600,1.799629
_6996_,VPWR,li1,242.8800,111.5200,1.799375
_6995_,VPWR,li1,233.9100,116.9600,1.799643
_6994_,VPWR,li1,232.3000,111.5200,1.799451
_6993_,VPWR,li1,235.7500,116.9600,1.799636
_6992_,VPWR,li1,235.2900,111.5200,1.799429
_6991_,VPWR,li1,200.7900,116.9600,1.799796
_6990_,VPWR,li1,198.9500,111.5200,1.799705
_6989_,VPWR,li1,195.5000,116.9600,1.799822
_6988_,VPWR,li1,192.0500,116.9600,1.799842
_6987_,VPWR,li1,195.7300,116.9600,1.799822
_6986_,VPWR,li1,196.1900,122.4000,1.799777
_6985_,VPWR,li1,196.1900,122.4000,1.799777
_6984_,VPWR,li1,189.7500,122.4000,1.799818
_6983_,VPWR,li1,192.5100,122.4000,1.799800
_6982_,VPWR,li1,185.1500,116.9600,1.799878
_6981_,VPWR,li1,189.2900,111.5200,1.799783
_6980_,VPWR,li1,185.1500,111.5200,1.799821
_6979_,VPWR,li1,183.0800,111.5200,1.799847
_6978_,VPWR,li1,181.9300,116.9600,1.799894
_6977_,VPWR,li1,189.5200,127.8400,1.799773
_6976_,VPWR,li1,181.2400,122.4000,1.799875
_6975_,VPWR,li1,185.1500,133.2800,1.799870
_6974_,VPWR,li1,229.0800,138.7200,1.799623
_6973_,VPWR,li1,237.1300,133.2800,1.799623
_6972_,VPWR,li1,242.4200,133.2800,1.799602
_6971_,VPWR,li1,235.7500,133.2800,1.799631
_6970_,VPWR,li1,234.1400,133.2800,1.799631
_6969_,VPWR,li1,231.8400,138.7200,1.799607
_6968_,VPWR,li1,228.3900,138.7200,1.799623
_6967_,VPWR,li1,224.9400,144.1600,1.799624
_6966_,VPWR,li1,213.6700,138.7200,1.799698
_6965_,VPWR,li1,216.4300,138.7200,1.799684
_6964_,VPWR,li1,197.5700,138.7200,1.799789
_6963_,VPWR,li1,189.5200,138.7200,1.799839
_6962_,VPWR,li1,192.5100,138.7200,1.799824
_6961_,VPWR,li1,194.8100,138.7200,1.799805
_6960_,VPWR,li1,194.5800,133.2800,1.799819
_6959_,VPWR,li1,197.3400,133.2800,1.799805
_6958_,VPWR,li1,201.0200,133.2800,1.799793
_6957_,VPWR,li1,202.4000,133.2800,1.799778
_6956_,VPWR,li1,204.7000,133.2800,1.799767
_6955_,VPWR,li1,204.7000,138.7200,1.799749
_6954_,VPWR,li1,206.0800,122.4000,1.799718
_6953_,VPWR,li1,207.4600,133.2800,1.799758
_6952_,VPWR,li1,239.2000,133.2800,1.799611
_6951_,VPWR,li1,240.5800,122.4000,1.799537
_6950_,VPWR,li1,242.4200,144.1600,1.799546
_6949_,VPWR,li1,242.4200,122.4000,1.799528
_6948_,VPWR,li1,239.8900,127.8400,1.799335
_6947_,VPWR,li1,242.8800,122.4000,1.799528
_6946_,VPWR,li1,238.7400,122.4000,1.799551
_6945_,VPWR,li1,247.2500,122.4000,1.799508
_6944_,VPWR,li1,246.5600,127.8400,1.799285
_6943_,VPWR,li1,192.9700,127.8400,1.799734
_6942_,VPWR,li1,192.9700,122.4000,1.799800
_6941_,VPWR,li1,189.2900,127.8400,1.799773
_6940_,VPWR,li1,187.9100,122.4000,1.799831
_6939_,VPWR,li1,190.9000,122.4000,1.799818
_6938_,VPWR,li1,183.7700,133.2800,1.799880
_6937_,VPWR,li1,181.0100,133.2800,1.799901
_6936_,VPWR,li1,180.5500,133.2800,1.799901
_6935_,VPWR,li1,183.3100,133.2800,1.799880
_6934_,VPWR,li1,178.7100,122.4000,1.799889
_6933_,VPWR,li1,182.8500,122.4000,1.799862
_6932_,VPWR,li1,177.3300,127.8400,1.799875
_6931_,VPWR,li1,176.6400,122.4000,1.799902
_6930_,VPWR,li1,175.4900,122.4000,1.799917
_6929_,VPWR,li1,173.8800,133.2800,1.799921
_6928_,VPWR,li1,175.2600,144.1600,1.799925
_6927_,VPWR,li1,188.1400,144.1600,1.799838
_6926_,VPWR,li1,207.0000,144.1600,1.799719
_6925_,VPWR,li1,236.2100,144.1600,1.799570
_6924_,VPWR,li1,239.6600,144.1600,1.799556
_6923_,VPWR,li1,234.8300,144.1600,1.799582
_6922_,VPWR,li1,233.2200,149.6000,1.799352
_6921_,VPWR,li1,228.6200,149.6000,1.799389
_6920_,VPWR,li1,229.3100,149.6000,1.799389
_6919_,VPWR,li1,227.9300,144.1600,1.799609
_6918_,VPWR,li1,221.4900,144.1600,1.799641
_6917_,VPWR,li1,221.0300,144.1600,1.799641
_6916_,VPWR,li1,216.4300,144.1600,1.799674
_6915_,VPWR,li1,217.8100,155.0400,1.799495
_6914_,VPWR,li1,215.0500,144.1600,1.799674
_6913_,VPWR,li1,207.2300,144.1600,1.799719
_6912_,VPWR,li1,204.4700,144.1600,1.799733
_6911_,VPWR,li1,200.5600,155.0400,1.799659
_6910_,VPWR,li1,201.2500,144.1600,1.799761
_6909_,VPWR,li1,199.8700,144.1600,1.799761
_6908_,VPWR,li1,195.2700,144.1600,1.799791
_6907_,VPWR,li1,195.0400,144.1600,1.799791
_6906_,VPWR,li1,196.8800,155.0400,1.799678
_6905_,VPWR,li1,202.6300,138.7200,1.799759
_6904_,VPWR,li1,206.3100,138.7200,1.799738
_6903_,VPWR,li1,208.6100,138.7200,1.799726
_6902_,VPWR,li1,210.6800,155.0400,1.799556
_6901_,VPWR,li1,240.8100,138.7200,1.799565
_6900_,VPWR,li1,237.1300,149.6000,1.799313
_6899_,VPWR,li1,244.0300,144.1600,1.799546
_6898_,VPWR,li1,245.4100,144.1600,1.799535
_6897_,VPWR,li1,252.0800,127.8400,1.799256
_6896_,VPWR,li1,177.3300,133.2800,1.799913
_6895_,VPWR,li1,174.1100,138.7200,1.799927
_6894_,VPWR,li1,175.0300,133.2800,1.799925
_6893_,VPWR,li1,172.5000,127.8400,1.799886
_6892_,VPWR,li1,187.9100,144.1600,1.799838
_6891_,VPWR,li1,185.3800,144.1600,1.799857
_6890_,VPWR,li1,182.3900,144.1600,1.799875
_6889_,VPWR,li1,178.7100,144.1600,1.799901
_6888_,VPWR,li1,172.7300,138.7200,1.799926
_6887_,VPWR,li1,169.0500,138.7200,1.799923
_6886_,VPWR,li1,171.5800,144.1600,1.799923
_6885_,VPWR,li1,184.2300,149.6000,1.799804
_6884_,VPWR,li1,191.1300,144.1600,1.799824
_6883_,VPWR,li1,232.5300,160.4800,1.799472
_6882_,VPWR,li1,235.0600,155.0400,1.799356
_6881_,VPWR,li1,231.1500,155.0400,1.799386
_6880_,VPWR,li1,246.3300,155.0400,1.799275
_6879_,VPWR,li1,227.9300,149.6000,1.799408
_6878_,VPWR,li1,226.5500,149.6000,1.799408
_6877_,VPWR,li1,224.7100,149.6000,1.799425
_6876_,VPWR,li1,222.4100,155.0400,1.799466
_6875_,VPWR,li1,221.2600,155.0400,1.799466
_6874_,VPWR,li1,218.2700,155.0400,1.799495
_6873_,VPWR,li1,214.8200,155.0400,1.799523
_6872_,VPWR,li1,200.5600,155.0400,1.799659
_6871_,VPWR,li1,201.9400,160.4800,1.799702
_6870_,VPWR,li1,197.3400,155.0400,1.799678
_6869_,VPWR,li1,200.1000,160.4800,1.799717
_6868_,VPWR,li1,202.4000,165.9200,1.799830
_6867_,VPWR,li1,194.5800,155.0400,1.799703
_6866_,VPWR,li1,197.3400,160.4800,1.799734
_6865_,VPWR,li1,205.1600,155.0400,1.799604
_6864_,VPWR,li1,203.5500,155.0400,1.799627
_6863_,VPWR,li1,207.9200,155.0400,1.799580
_6862_,VPWR,li1,208.3800,149.6000,1.799592
_6861_,VPWR,li1,213.2100,155.0400,1.799540
_6860_,VPWR,li1,210.2200,149.6000,1.799560
_6859_,VPWR,li1,212.7500,149.6000,1.799537
_6858_,VPWR,li1,190.2100,155.0400,1.799753
_6857_,VPWR,li1,188.6000,155.0400,1.799753
_6856_,VPWR,li1,186.9900,155.0400,1.799770
_6855_,VPWR,li1,187.9100,149.6000,1.799769
_6854_,VPWR,li1,169.5100,133.2800,1.799915
_6853_,VPWR,li1,192.5100,155.0400,1.799728
_6852_,VPWR,li1,181.4700,155.0400,1.799820
_6851_,VPWR,li1,182.8500,149.6000,1.799832
_6850_,VPWR,li1,184.6900,149.6000,1.799804
_6849_,VPWR,li1,176.4100,149.6000,1.799891
_6848_,VPWR,li1,170.4300,144.1600,1.799923
_6847_,VPWR,li1,179.6300,149.6000,1.799851
_6846_,VPWR,li1,183.3100,160.4800,1.799835
_6845_,VPWR,li1,256.4500,165.9200,1.799690
_6844_,VPWR,li1,258.5200,160.4800,1.799297
_6843_,VPWR,li1,252.3100,155.0400,1.799233
_6842_,VPWR,li1,250.4700,155.0400,1.799257
_6841_,VPWR,li1,244.4900,160.4800,1.799389
_6840_,VPWR,li1,244.0300,155.0400,1.799292
_6839_,VPWR,li1,241.0400,155.0400,1.799323
_6838_,VPWR,li1,226.5500,160.4800,1.799518
_6837_,VPWR,li1,222.4100,160.4800,1.799546
_6836_,VPWR,li1,223.1000,160.4800,1.799546
_6835_,VPWR,li1,220.5700,160.4800,1.799563
_6834_,VPWR,li1,214.3600,165.9200,1.799792
_6833_,VPWR,li1,212.2900,165.9200,1.799800
_6832_,VPWR,li1,209.7600,165.9200,1.799807
_6831_,VPWR,li1,213.6700,160.4800,1.799615
_6830_,VPWR,li1,209.7600,165.9200,1.799807
_6829_,VPWR,li1,214.8200,165.9200,1.799792
_6828_,VPWR,li1,205.6200,165.9200,1.799821
_6827_,VPWR,li1,203.3200,165.9200,1.799830
_6826_,VPWR,li1,209.0700,171.3600,1.799788
_6825_,VPWR,li1,205.1600,171.3600,1.799792
_6824_,VPWR,li1,201.0200,176.8000,1.799569
_6823_,VPWR,li1,200.1000,171.3600,1.799802
_6822_,VPWR,li1,205.1600,165.9200,1.799821
_6821_,VPWR,li1,197.5700,176.8000,1.799600
_6820_,VPWR,li1,195.5000,176.8000,1.799626
_6819_,VPWR,li1,183.7700,171.3600,1.799827
_6818_,VPWR,li1,184.6900,160.4800,1.799818
_6817_,VPWR,li1,183.0800,165.9200,1.799897
_6816_,VPWR,li1,182.3900,160.4800,1.799835
_6815_,VPWR,li1,183.3100,165.9200,1.799897
_6814_,VPWR,li1,198.0300,165.9200,1.799845
_6813_,VPWR,li1,193.6600,160.4800,1.799755
_6812_,VPWR,li1,195.5000,165.9200,1.799853
_6811_,VPWR,li1,248.6300,165.9200,1.799701
_6810_,VPWR,li1,255.7600,165.9200,1.799690
_6809_,VPWR,li1,254.1500,160.4800,1.799324
_6808_,VPWR,li1,251.8500,160.4800,1.799348
_6807_,VPWR,li1,249.0900,155.0400,1.799257
_6806_,VPWR,li1,246.7900,160.4800,1.799373
_6805_,VPWR,li1,239.4300,160.4800,1.799424
_6804_,VPWR,li1,241.2700,160.4800,1.799411
_6803_,VPWR,li1,230.2300,160.4800,1.799489
_6802_,VPWR,li1,220.5700,165.9200,1.799776
_6801_,VPWR,li1,223.5600,165.9200,1.799768
_6800_,VPWR,li1,221.4900,165.9200,1.799776
_6799_,VPWR,li1,228.6200,165.9200,1.799753
_6798_,VPWR,li1,218.0400,165.9200,1.799781
_6797_,VPWR,li1,216.2000,165.9200,1.799787
_6796_,VPWR,li1,217.8100,176.8000,1.799428
_6795_,VPWR,li1,219.4200,176.8000,1.799428
_6794_,VPWR,li1,215.2800,171.3600,1.799776
_6793_,VPWR,li1,214.3600,176.8000,1.799463
_6792_,VPWR,li1,208.3800,176.8000,1.799519
_6791_,VPWR,li1,213.6700,176.8000,1.799463
_6790_,VPWR,li1,210.2200,176.8000,1.799501
_6789_,VPWR,li1,192.0500,171.3600,1.799814
_6788_,VPWR,li1,191.8200,165.9200,1.799866
_6787_,VPWR,li1,192.2800,165.9200,1.799866
_6786_,VPWR,li1,196.4200,160.4800,1.799734
_6785_,VPWR,li1,188.3700,165.9200,1.799879
_6784_,VPWR,li1,246.3300,182.2400,1.799585
_6783_,VPWR,li1,252.5400,182.2400,1.799565
_6782_,VPWR,li1,251.8500,176.8000,1.799156
_6781_,VPWR,li1,249.0900,176.8000,1.799177
_6780_,VPWR,li1,248.6300,160.4800,1.799361
_6779_,VPWR,li1,244.9500,176.8000,1.799220
_6778_,VPWR,li1,244.0300,165.9200,1.799712
_6777_,VPWR,li1,245.6400,165.9200,1.799712
_6776_,VPWR,li1,240.5800,165.9200,1.799722
_6775_,VPWR,li1,232.0700,165.9200,1.799743
_6774_,VPWR,li1,228.3900,165.9200,1.799753
_6773_,VPWR,li1,222.8700,165.9200,1.799768
_6772_,VPWR,li1,226.3200,165.9200,1.799763
_6771_,VPWR,li1,230.4600,165.9200,1.799748
_6770_,VPWR,li1,229.7700,176.8000,1.799330
_6769_,VPWR,li1,230.4600,171.3600,1.799756
_6768_,VPWR,li1,231.3800,176.8000,1.799330
_6767_,VPWR,li1,226.0900,171.3600,1.799764
_6766_,VPWR,li1,227.2400,176.8000,1.799353
_6765_,VPWR,li1,227.0100,176.8000,1.799353
_6764_,VPWR,li1,224.9400,176.8000,1.799370
_6763_,VPWR,li1,236.6700,182.2400,1.799631
_6762_,VPWR,li1,241.5000,182.2400,1.799603
_6761_,VPWR,li1,248.1700,176.8000,1.799197
_6760_,VPWR,li1,247.2500,176.8000,1.799197
_6759_,VPWR,li1,246.7900,171.3600,1.799736
_6758_,VPWR,li1,242.6500,171.3600,1.799741
_6757_,VPWR,li1,243.3400,165.9200,1.799717
_6756_,VPWR,li1,240.1200,165.9200,1.799722
_6755_,VPWR,li1,238.0500,171.3600,1.799746
_6754_,VPWR,li1,242.6500,171.3600,1.799741
_6753_,VPWR,li1,253.2300,171.3600,1.799730
_6752_,VPWR,li1,236.6700,171.3600,1.799748
_6751_,VPWR,li1,239.6600,171.3600,1.799746
_6750_,VPWR,li1,238.2800,176.8000,1.799262
_6749_,VPWR,li1,239.4300,176.8000,1.799262
_6748_,VPWR,li1,241.5000,176.8000,1.799237
_6747_,VPWR,li1,261.0500,171.3600,1.799721
_6746_,VPWR,li1,270.9400,171.3600,1.799715
_6745_,VPWR,li1,268.4100,171.3600,1.799715
_6744_,VPWR,li1,262.4300,176.8000,1.799088
_6743_,VPWR,li1,256.4500,171.3600,1.799727
_6742_,VPWR,li1,260.3600,171.3600,1.799721
_6741_,VPWR,li1,256.2200,171.3600,1.799727
_6740_,VPWR,li1,258.2900,171.3600,1.799723
_6739_,VPWR,li1,260.8200,176.8000,1.799088
_6738_,VPWR,li1,267.0300,176.8000,1.799042
_6737_,VPWR,li1,273.7000,176.8000,1.798992
_6736_,VPWR,li1,276.6900,176.8000,1.798973
_6735_,VPWR,li1,268.6400,176.8000,1.799042
_6734_,VPWR,li1,270.7100,176.8000,1.799014
_6733_,VPWR,li1,281.9800,171.3600,1.799712
_6732_,VPWR,li1,274.3900,171.3600,1.799714
_6731_,VPWR,li1,282.6700,165.9200,1.799654
_6730_,VPWR,li1,288.1900,171.3600,1.799711
_6729_,VPWR,li1,286.5800,171.3600,1.799711
_6728_,VPWR,li1,284.9700,171.3600,1.799711
_6727_,VPWR,li1,290.7200,171.3600,1.799710
_6726_,VPWR,li1,284.9700,165.9200,1.799650
_6725_,VPWR,li1,287.0400,165.9200,1.799648
_6724_,VPWR,li1,277.6100,160.4800,1.799206
_6723_,VPWR,li1,283.1300,155.0400,1.799029
_6722_,VPWR,li1,279.9100,165.9200,1.799656
_6721_,VPWR,li1,282.9000,165.9200,1.799652
_6720_,VPWR,li1,197.3400,280.1600,1.799710
_6719_,VPWR,li1,199.4100,285.6000,1.799812
_6718_,VPWR,li1,180.5500,301.9200,1.799872
_6717_,VPWR,li1,206.7700,312.8000,1.799849
_6716_,VPWR,li1,203.0900,301.9200,1.799764
_6715_,VPWR,li1,197.5700,312.8000,1.799877
_6714_,VPWR,li1,179.6300,318.2400,1.799849
_6713_,VPWR,li1,214.1300,318.2400,1.799559
_6712_,VPWR,li1,243.1100,323.6800,1.799538
_6711_,VPWR,li1,305.6700,307.3600,1.799394
_6710_,VPWR,li1,311.6500,296.4800,1.798920
_6709_,VPWR,li1,314.6400,291.0400,1.799253
_6708_,VPWR,li1,312.5700,280.1600,1.799264
_6707_,VPWR,li1,252.3100,323.6800,1.799532
_6706_,VPWR,li1,308.8900,269.2800,1.798744
_6705_,VPWR,li1,312.5700,258.4000,1.799569
_6704_,VPWR,li1,311.6500,252.9600,1.799558
_6703_,VPWR,li1,310.9600,220.3200,1.799070
_6702_,VPWR,li1,297.8500,214.8800,1.799106
_6701_,VPWR,li1,303.8300,204.0000,1.799286
_6700_,VPWR,li1,310.7300,204.0000,1.799264
_6699_,VPWR,li1,307.7400,242.0800,1.799405
_6698_,VPWR,li1,311.1900,242.0800,1.799405
_6697_,VPWR,li1,215.7400,236.6400,1.799704
_6696_,VPWR,li1,206.3100,242.0800,1.799629
_6695_,VPWR,li1,196.6500,307.3600,1.799725
_6694_,VPWR,li1,192.5100,258.4000,1.799840
_6693_,VPWR,li1,187.9100,301.9200,1.799835
_6692_,VPWR,li1,187.9100,296.4800,1.799764
_6691_,VPWR,li1,187.9100,318.2400,1.799775
_6690_,VPWR,li1,181.0100,296.4800,1.799826
_6689_,VPWR,li1,175.7200,301.9200,1.799901
_6688_,VPWR,li1,177.3300,318.2400,1.799866
_6687_,VPWR,li1,196.1900,274.7200,1.799650
_6686_,VPWR,li1,201.0200,274.7200,1.799630
_6685_,VPWR,li1,206.3100,274.7200,1.799612
_6684_,VPWR,li1,203.5500,274.7200,1.799620
_6683_,VPWR,li1,243.1100,274.7200,1.799510
_6682_,VPWR,li1,242.6500,258.4000,1.799680
_6681_,VPWR,li1,238.9700,252.9600,1.799680
_6680_,VPWR,li1,235.7500,252.9600,1.799685
_6679_,VPWR,li1,216.8900,252.9600,1.799752
_6678_,VPWR,li1,220.5700,252.9600,1.799744
_6677_,VPWR,li1,195.7300,252.9600,1.799837
_6676_,VPWR,li1,193.2000,252.9600,1.799848
_6675_,VPWR,li1,200.1000,247.5200,1.799780
_6674_,VPWR,li1,233.4500,247.5200,1.799648
_6673_,VPWR,li1,243.8000,258.4000,1.799680
_6672_,VPWR,li1,190.2100,269.2800,1.799650
_6671_,VPWR,li1,186.0700,274.7200,1.799739
_6670_,VPWR,li1,203.0900,280.1600,1.799676
_6669_,VPWR,li1,207.9200,280.1600,1.799650
_6668_,VPWR,li1,209.9900,274.7200,1.799597
_6667_,VPWR,li1,210.9100,274.7200,1.799597
_6666_,VPWR,li1,212.7500,274.7200,1.799591
_6665_,VPWR,li1,245.8700,274.7200,1.799505
_6664_,VPWR,li1,241.2700,269.2800,1.799060
_6663_,VPWR,li1,243.3400,269.2800,1.799021
_6662_,VPWR,li1,245.8700,258.4000,1.799672
_6661_,VPWR,li1,248.1700,258.4000,1.799668
_6660_,VPWR,li1,241.0400,258.4000,1.799686
_6659_,VPWR,li1,239.6600,258.4000,1.799686
_6658_,VPWR,li1,239.4300,252.9600,1.799674
_6657_,VPWR,li1,230.2300,258.4000,1.799710
_6656_,VPWR,li1,229.5400,252.9600,1.799706
_6655_,VPWR,li1,229.5400,247.5200,1.799657
_6654_,VPWR,li1,232.0700,247.5200,1.799648
_6653_,VPWR,li1,226.0900,252.9600,1.799718
_6652_,VPWR,li1,221.7200,247.5200,1.799692
_6651_,VPWR,li1,213.9000,252.9600,1.799769
_6650_,VPWR,li1,215.0500,247.5200,1.799713
_6649_,VPWR,li1,207.2300,247.5200,1.799745
_6648_,VPWR,li1,203.0900,252.9600,1.799807
_6647_,VPWR,li1,232.9900,258.4000,1.799702
_6646_,VPWR,li1,208.6100,280.1600,1.799650
_6645_,VPWR,li1,203.5500,258.4000,1.799791
_6644_,VPWR,li1,207.2300,258.4000,1.799779
_6643_,VPWR,li1,205.8500,285.6000,1.799788
_6642_,VPWR,li1,210.9100,285.6000,1.799770
_6641_,VPWR,li1,209.9900,285.6000,1.799770
_6640_,VPWR,li1,212.7500,280.1600,1.799623
_6639_,VPWR,li1,214.1300,280.1600,1.799623
_6638_,VPWR,li1,213.6700,274.7200,1.799585
_6637_,VPWR,li1,215.2800,269.2800,1.799330
_6636_,VPWR,li1,214.8200,274.7200,1.799585
_6635_,VPWR,li1,219.4200,269.2800,1.799283
_6634_,VPWR,li1,237.1300,274.7200,1.799525
_6633_,VPWR,li1,240.8100,274.7200,1.799515
_6632_,VPWR,li1,238.9700,274.7200,1.799519
_6631_,VPWR,li1,238.5100,269.2800,1.799084
_6630_,VPWR,li1,239.6600,269.2800,1.799060
_6629_,VPWR,li1,237.3600,269.2800,1.799084
_6628_,VPWR,li1,235.2900,263.8400,1.799401
_6627_,VPWR,li1,236.6700,258.4000,1.799693
_6626_,VPWR,li1,233.4500,258.4000,1.799702
_6625_,VPWR,li1,230.4600,258.4000,1.799710
_6624_,VPWR,li1,228.1600,258.4000,1.799720
_6623_,VPWR,li1,227.9300,258.4000,1.799720
_6622_,VPWR,li1,223.7900,258.4000,1.799732
_6621_,VPWR,li1,226.0900,258.4000,1.799726
_6620_,VPWR,li1,217.3500,258.4000,1.799748
_6619_,VPWR,li1,220.3400,258.4000,1.799739
_6618_,VPWR,li1,214.5900,258.4000,1.799756
_6617_,VPWR,li1,215.5100,252.9600,1.799761
_6616_,VPWR,li1,212.5200,252.9600,1.799769
_6615_,VPWR,li1,210.2200,252.9600,1.799778
_6614_,VPWR,li1,210.4500,252.9600,1.799778
_6613_,VPWR,li1,209.9900,258.4000,1.799770
_6612_,VPWR,li1,200.7900,296.4800,1.799650
_6611_,VPWR,li1,215.2800,296.4800,1.799545
_6610_,VPWR,li1,209.5300,296.4800,1.799576
_6609_,VPWR,li1,210.9100,291.0400,1.799639
_6608_,VPWR,li1,213.6700,296.4800,1.799545
_6607_,VPWR,li1,210.9100,296.4800,1.799576
_6606_,VPWR,li1,216.4300,296.4800,1.799524
_6605_,VPWR,li1,217.8100,296.4800,1.799524
_6604_,VPWR,li1,215.9700,280.1600,1.799611
_6603_,VPWR,li1,225.4000,280.1600,1.799560
_6602_,VPWR,li1,218.5000,280.1600,1.799602
_6601_,VPWR,li1,223.5600,280.1600,1.799569
_6600_,VPWR,li1,218.7300,280.1600,1.799592
_6599_,VPWR,li1,218.7300,274.7200,1.799570
_6598_,VPWR,li1,221.7200,274.7200,1.799563
_6597_,VPWR,li1,228.6200,274.7200,1.799543
_6596_,VPWR,li1,231.6100,274.7200,1.799535
_6595_,VPWR,li1,234.3700,269.2800,1.799117
_6594_,VPWR,li1,231.1500,269.2800,1.799169
_6593_,VPWR,li1,228.1600,269.2800,1.799190
_6592_,VPWR,li1,227.7000,269.2800,1.799190
_6591_,VPWR,li1,228.8500,263.8400,1.799452
_6590_,VPWR,li1,226.5500,263.8400,1.799466
_6589_,VPWR,li1,228.3900,263.8400,1.799452
_6588_,VPWR,li1,217.8100,263.8400,1.799533
_6587_,VPWR,li1,218.2700,263.8400,1.799533
_6586_,VPWR,li1,203.0900,263.8400,1.799650
_6585_,VPWR,li1,215.0500,263.8400,1.799555
_6584_,VPWR,li1,212.9800,263.8400,1.799584
_6583_,VPWR,li1,215.2800,263.8400,1.799555
_6582_,VPWR,li1,210.9100,263.8400,1.799600
_6581_,VPWR,li1,213.2100,263.8400,1.799569
_6580_,VPWR,li1,230.6900,318.2400,1.799453
_6579_,VPWR,li1,229.5400,312.8000,1.799788
_6578_,VPWR,li1,224.9400,312.8000,1.799801
_6577_,VPWR,li1,247.0200,318.2400,1.799393
_6576_,VPWR,li1,243.1100,318.2400,1.799399
_6575_,VPWR,li1,235.2900,312.8000,1.799778
_6574_,VPWR,li1,235.2900,318.2400,1.799427
_6573_,VPWR,li1,194.8100,296.4800,1.799713
_6572_,VPWR,li1,201.0200,301.9200,1.799773
_6571_,VPWR,li1,220.1100,318.2400,1.799519
_6570_,VPWR,li1,226.3200,323.6800,1.799554
_6569_,VPWR,li1,221.4900,312.8000,1.799806
_6568_,VPWR,li1,226.5500,312.8000,1.799795
_6567_,VPWR,li1,220.1100,301.9200,1.799688
_6566_,VPWR,li1,222.1800,301.9200,1.799679
_6565_,VPWR,li1,222.6400,301.9200,1.799679
_6564_,VPWR,li1,219.1900,301.9200,1.799697
_6563_,VPWR,li1,227.4700,285.6000,1.799722
_6562_,VPWR,li1,228.1600,280.1600,1.799547
_6561_,VPWR,li1,233.6800,291.0400,1.799505
_6560_,VPWR,li1,230.0000,280.1600,1.799538
_6559_,VPWR,li1,232.0700,280.1600,1.799528
_6558_,VPWR,li1,230.2300,274.7200,1.799543
_6557_,VPWR,li1,226.0900,274.7200,1.799550
_6556_,VPWR,li1,221.7200,291.0400,1.799568
_6555_,VPWR,li1,222.8700,269.2800,1.799246
_6554_,VPWR,li1,225.6300,269.2800,1.799223
_6553_,VPWR,li1,206.3100,269.2800,1.799434
_6552_,VPWR,li1,209.0700,269.2800,1.799402
_6551_,VPWR,li1,204.2400,285.6000,1.799788
_6550_,VPWR,li1,198.0300,269.2800,1.799544
_6549_,VPWR,li1,200.5600,263.8400,1.799671
_6548_,VPWR,li1,198.2600,263.8400,1.799690
_6547_,VPWR,li1,204.0100,269.2800,1.799481
_6546_,VPWR,li1,200.3300,269.2800,1.799522
_6545_,VPWR,li1,194.8100,296.4800,1.799713
_6544_,VPWR,li1,201.0200,291.0400,1.799695
_6543_,VPWR,li1,227.9300,318.2400,1.799469
_6542_,VPWR,li1,235.9800,318.2400,1.799427
_6541_,VPWR,li1,229.7700,312.8000,1.799788
_6540_,VPWR,li1,232.0700,312.8000,1.799783
_6539_,VPWR,li1,224.2500,307.3600,1.799597
_6538_,VPWR,li1,227.2400,307.3600,1.799586
_6537_,VPWR,li1,239.6600,307.3600,1.799541
_6536_,VPWR,li1,220.1100,307.3600,1.799612
_6535_,VPWR,li1,227.0100,301.9200,1.799660
_6534_,VPWR,li1,232.3000,301.9200,1.799642
_6533_,VPWR,li1,230.0000,301.9200,1.799650
_6532_,VPWR,li1,227.9300,301.9200,1.799660
_6531_,VPWR,li1,228.3900,291.0400,1.799540
_6530_,VPWR,li1,231.3800,291.0400,1.799516
_6529_,VPWR,li1,229.5400,291.0400,1.799526
_6528_,VPWR,li1,225.1700,291.0400,1.799554
_6527_,VPWR,li1,221.9500,291.0400,1.799568
_6526_,VPWR,li1,223.3300,291.0400,1.799568
_6525_,VPWR,li1,219.6500,291.0400,1.799580
_6524_,VPWR,li1,207.2300,285.6000,1.799778
_6523_,VPWR,li1,212.7500,285.6000,1.799764
_6522_,VPWR,li1,198.0300,285.6000,1.799812
_6521_,VPWR,li1,201.2500,285.6000,1.799803
_6520_,VPWR,li1,212.7500,301.9200,1.799724
_6519_,VPWR,li1,218.5000,307.3600,1.799621
_6518_,VPWR,li1,239.4300,323.6800,1.799540
_6517_,VPWR,li1,245.1800,318.2400,1.799394
_6516_,VPWR,li1,241.7300,323.6800,1.799538
_6515_,VPWR,li1,248.6300,318.2400,1.799393
_6514_,VPWR,li1,253.6900,318.2400,1.799389
_6513_,VPWR,li1,251.8500,318.2400,1.799390
_6512_,VPWR,li1,247.7100,312.8000,1.799758
_6511_,VPWR,li1,233.4500,312.8000,1.799783
_6510_,VPWR,li1,247.0200,312.8000,1.799761
_6509_,VPWR,li1,252.5400,312.8000,1.799752
_6508_,VPWR,li1,243.5700,312.8000,1.799764
_6507_,VPWR,li1,239.8900,307.3600,1.799541
_6506_,VPWR,li1,242.8800,307.3600,1.799531
_6505_,VPWR,li1,246.5600,301.9200,1.799596
_6504_,VPWR,li1,236.6700,307.3600,1.799552
_6503_,VPWR,li1,233.9100,301.9200,1.799642
_6502_,VPWR,li1,235.7500,301.9200,1.799630
_6501_,VPWR,li1,238.5100,301.9200,1.799624
_6500_,VPWR,li1,241.5000,291.0400,1.799466
_6499_,VPWR,li1,232.9900,296.4800,1.799402
_6498_,VPWR,li1,232.3000,291.0400,1.799516
_6497_,VPWR,li1,235.7500,285.6000,1.799704
_6496_,VPWR,li1,232.3000,285.6000,1.799711
_6495_,VPWR,li1,217.1200,285.6000,1.799750
_6494_,VPWR,li1,217.3500,291.0400,1.799593
_6493_,VPWR,li1,214.1300,285.6000,1.799758
_6492_,VPWR,li1,215.0500,291.0400,1.799612
_6491_,VPWR,li1,236.6700,291.0400,1.799494
_6490_,VPWR,li1,241.5000,296.4800,1.799341
_6489_,VPWR,li1,246.7900,318.2400,1.799394
_6488_,VPWR,li1,255.5300,318.2400,1.799388
_6487_,VPWR,li1,258.7500,312.8000,1.799747
_6486_,VPWR,li1,257.3700,318.2400,1.799387
_6485_,VPWR,li1,259.6700,318.2400,1.799386
_6484_,VPWR,li1,262.6600,318.2400,1.799386
_6483_,VPWR,li1,259.9000,318.2400,1.799386
_6482_,VPWR,li1,265.1900,312.8000,1.799740
_6481_,VPWR,li1,255.5300,312.8000,1.799749
_6480_,VPWR,li1,254.1500,307.3600,1.799496
_6479_,VPWR,li1,258.5200,307.3600,1.799486
_6478_,VPWR,li1,256.2200,307.3600,1.799491
_6477_,VPWR,li1,252.3100,307.3600,1.799501
_6476_,VPWR,li1,246.3300,301.9200,1.799596
_6475_,VPWR,li1,247.4800,296.4800,1.799299
_6474_,VPWR,li1,252.5400,296.4800,1.799264
_6473_,VPWR,li1,243.5700,296.4800,1.799326
_6472_,VPWR,li1,244.2600,291.0400,1.799455
_6471_,VPWR,li1,246.7900,285.6000,1.799680
_6470_,VPWR,li1,243.3400,285.6000,1.799687
_6469_,VPWR,li1,239.2000,285.6000,1.799695
_6468_,VPWR,li1,239.8900,280.1600,1.799494
_6467_,VPWR,li1,235.0600,285.6000,1.799704
_6466_,VPWR,li1,237.3600,285.6000,1.799699
_6465_,VPWR,li1,239.4300,285.6000,1.799695
_6464_,VPWR,li1,298.5400,280.1600,1.799282
_6463_,VPWR,li1,298.3100,285.6000,1.799596
_6462_,VPWR,li1,296.4700,274.7200,1.799455
_6461_,VPWR,li1,291.1800,301.9200,1.799475
_6460_,VPWR,li1,289.3400,301.9200,1.799481
_6459_,VPWR,li1,296.0100,291.0400,1.799286
_6458_,VPWR,li1,302.4500,274.7200,1.799454
_6457_,VPWR,li1,298.5400,285.6000,1.799596
_6456_,VPWR,li1,296.9300,301.9200,1.799464
_6455_,VPWR,li1,299.9200,301.9200,1.799461
_6454_,VPWR,li1,297.3900,301.9200,1.799464
_6453_,VPWR,li1,297.6200,296.4800,1.798986
_6452_,VPWR,li1,294.6300,301.9200,1.799469
_6451_,VPWR,li1,279.9100,312.8000,1.799732
_6450_,VPWR,li1,278.7600,312.8000,1.799732
_6449_,VPWR,li1,279.2200,307.3600,1.799439
_6448_,VPWR,li1,274.3900,312.8000,1.799733
_6447_,VPWR,li1,270.7100,312.8000,1.799736
_6446_,VPWR,li1,268.4100,312.8000,1.799737
_6445_,VPWR,li1,268.1800,307.3600,1.799463
_6444_,VPWR,li1,265.1900,307.3600,1.799468
_6443_,VPWR,li1,267.4900,307.3600,1.799463
_6442_,VPWR,li1,261.9700,307.3600,1.799475
_6441_,VPWR,li1,257.8300,307.3600,1.799486
_6440_,VPWR,li1,257.1400,301.9200,1.799564
_6439_,VPWR,li1,258.5200,296.4800,1.799224
_6438_,VPWR,li1,252.7700,296.4800,1.799264
_6437_,VPWR,li1,255.0700,296.4800,1.799247
_6436_,VPWR,li1,248.8600,291.0400,1.799437
_6435_,VPWR,li1,252.5400,291.0400,1.799422
_6434_,VPWR,li1,248.4000,285.6000,1.799680
_6433_,VPWR,li1,251.8500,285.6000,1.799671
_6432_,VPWR,li1,245.6400,280.1600,1.799468
_6431_,VPWR,li1,249.0900,280.1600,1.799453
_6430_,VPWR,li1,251.1600,280.1600,1.799443
_6429_,VPWR,li1,304.2900,296.4800,1.798951
_6428_,VPWR,li1,306.8200,296.4800,1.798940
_6427_,VPWR,li1,301.0700,296.4800,1.798973
_6426_,VPWR,li1,303.1400,285.6000,1.799592
_6425_,VPWR,li1,306.5900,285.6000,1.799589
_6424_,VPWR,li1,290.7200,291.0400,1.799298
_6423_,VPWR,li1,292.5600,285.6000,1.799603
_6422_,VPWR,li1,297.8500,296.4800,1.798986
_6421_,VPWR,li1,292.7900,296.4800,1.799016
_6420_,VPWR,li1,285.6600,296.4800,1.799054
_6419_,VPWR,li1,284.9700,301.9200,1.799489
_6418_,VPWR,li1,286.1200,301.9200,1.799485
_6417_,VPWR,li1,285.6600,291.0400,1.799310
_6416_,VPWR,li1,281.2900,301.9200,1.799495
_6415_,VPWR,li1,277.1500,301.9200,1.799506
_6414_,VPWR,li1,278.3000,301.9200,1.799506
_6413_,VPWR,li1,275.5400,296.4800,1.799116
_6412_,VPWR,li1,272.5500,307.3600,1.799452
_6411_,VPWR,li1,266.5700,301.9200,1.799535
_6410_,VPWR,li1,269.5600,301.9200,1.799527
_6409_,VPWR,li1,268.1800,296.4800,1.799160
_6408_,VPWR,li1,266.1100,296.4800,1.799174
_6407_,VPWR,li1,264.5000,296.4800,1.799192
_6406_,VPWR,li1,261.0500,296.4800,1.799207
_6405_,VPWR,li1,260.1300,291.0400,1.799395
_6404_,VPWR,li1,259.9000,291.0400,1.799395
_6403_,VPWR,li1,256.6800,291.0400,1.799413
_6402_,VPWR,li1,257.3700,291.0400,1.799404
_6401_,VPWR,li1,250.7000,285.6000,1.799676
_6400_,VPWR,li1,256.4500,285.6000,1.799664
_6399_,VPWR,li1,255.3000,291.0400,1.799413
_6398_,VPWR,li1,307.0500,291.0400,1.799264
_6397_,VPWR,li1,308.6600,285.6000,1.799587
_6396_,VPWR,li1,303.8300,291.0400,1.799270
_6395_,VPWR,li1,303.8300,285.6000,1.799592
_6394_,VPWR,li1,292.3300,285.6000,1.799603
_6393_,VPWR,li1,287.7300,291.0400,1.799305
_6392_,VPWR,li1,288.4200,296.4800,1.799039
_6391_,VPWR,li1,281.7500,280.1600,1.799324
_6390_,VPWR,li1,283.1300,291.0400,1.799317
_6389_,VPWR,li1,279.9100,291.0400,1.799326
_6388_,VPWR,li1,280.6000,291.0400,1.799326
_6387_,VPWR,li1,272.7800,280.1600,1.799358
_6386_,VPWR,li1,276.6900,291.0400,1.799336
_6385_,VPWR,li1,273.0100,296.4800,1.799132
_6384_,VPWR,li1,277.8400,296.4800,1.799101
_6383_,VPWR,li1,260.8200,280.1600,1.799402
_6382_,VPWR,li1,269.3300,296.4800,1.799160
_6381_,VPWR,li1,270.2500,296.4800,1.799147
_6380_,VPWR,li1,268.4100,285.6000,1.799642
_6379_,VPWR,li1,271.4000,285.6000,1.799638
_6378_,VPWR,li1,267.2600,291.0400,1.799372
_6377_,VPWR,li1,265.6500,285.6000,1.799647
_6376_,VPWR,li1,263.1200,291.0400,1.799388
_6375_,VPWR,li1,270.2500,291.0400,1.799364
_6374_,VPWR,li1,265.4200,291.0400,1.799379
_6373_,VPWR,li1,305.2100,280.1600,1.799272
_6372_,VPWR,li1,309.1200,274.7200,1.799453
_6371_,VPWR,li1,306.1300,280.1600,1.799270
_6370_,VPWR,li1,299.9200,274.7200,1.799454
_6369_,VPWR,li1,294.8600,269.2800,1.798771
_6368_,VPWR,li1,299.2300,274.7200,1.799454
_6367_,VPWR,li1,293.4800,274.7200,1.799456
_6366_,VPWR,li1,299.6900,280.1600,1.799282
_6365_,VPWR,li1,292.3300,280.1600,1.799295
_6364_,VPWR,li1,290.7200,280.1600,1.799303
_6363_,VPWR,li1,289.1100,274.7200,1.799459
_6362_,VPWR,li1,285.8900,280.1600,1.799311
_6361_,VPWR,li1,279.9100,280.1600,1.799333
_6360_,VPWR,li1,278.7600,280.1600,1.799333
_6359_,VPWR,li1,274.6200,274.7200,1.799470
_6358_,VPWR,li1,275.3100,280.1600,1.799348
_6357_,VPWR,li1,268.8700,280.1600,1.799369
_6356_,VPWR,li1,271.8600,280.1600,1.799358
_6355_,VPWR,li1,266.1100,274.7200,1.799478
_6354_,VPWR,li1,261.5100,280.1600,1.799402
_6353_,VPWR,li1,258.9800,274.7200,1.799485
_6352_,VPWR,li1,253.2300,280.1600,1.799434
_6351_,VPWR,li1,256.6800,280.1600,1.799419
_6350_,VPWR,li1,258.9800,280.1600,1.799410
_6349_,VPWR,li1,256.9100,280.1600,1.799419
_6348_,VPWR,li1,267.2600,285.6000,1.799647
_6347_,VPWR,li1,274.3900,280.1600,1.799348
_6346_,VPWR,li1,266.3400,280.1600,1.799384
_6345_,VPWR,li1,251.3900,263.8400,1.799286
_6344_,VPWR,li1,250.4700,269.2800,1.798949
_6343_,VPWR,li1,299.6900,269.2800,1.798758
_6342_,VPWR,li1,303.6000,269.2800,1.798754
_6341_,VPWR,li1,296.2400,274.7200,1.799455
_6340_,VPWR,li1,291.1800,269.2800,1.798775
_6339_,VPWR,li1,291.1800,274.7200,1.799458
_6338_,VPWR,li1,284.7400,269.2800,1.798789
_6337_,VPWR,li1,286.1200,274.7200,1.799461
_6336_,VPWR,li1,286.1200,263.8400,1.799053
_6335_,VPWR,li1,282.9000,274.7200,1.799464
_6334_,VPWR,li1,280.6000,274.7200,1.799466
_6333_,VPWR,li1,277.8400,274.7200,1.799467
_6332_,VPWR,li1,280.6000,269.2800,1.798799
_6331_,VPWR,li1,275.5400,263.8400,1.799120
_6330_,VPWR,li1,278.7600,269.2800,1.798803
_6329_,VPWR,li1,275.7700,269.2800,1.798810
_6328_,VPWR,li1,269.5600,269.2800,1.798829
_6327_,VPWR,li1,267.4900,269.2800,1.798835
_6326_,VPWR,li1,267.7200,263.8400,1.799172
_6325_,VPWR,li1,264.9600,269.2800,1.798843
_6324_,VPWR,li1,262.2000,269.2800,1.798850
_6323_,VPWR,li1,255.0700,269.2800,1.798904
_6322_,VPWR,li1,258.0600,269.2800,1.798876
_6321_,VPWR,li1,263.5800,274.7200,1.799480
_6320_,VPWR,li1,256.4500,274.7200,1.799490
_6319_,VPWR,li1,253.4600,274.7200,1.799495
_6318_,VPWR,li1,253.6900,269.2800,1.798929
_6317_,VPWR,li1,247.4800,269.2800,1.798978
_6316_,VPWR,li1,304.7500,258.4000,1.799580
_6315_,VPWR,li1,309.5800,263.8400,1.798921
_6314_,VPWR,li1,306.5900,269.2800,1.798748
_6313_,VPWR,li1,296.9300,269.2800,1.798763
_6312_,VPWR,li1,298.7700,258.4000,1.799588
_6311_,VPWR,li1,298.7700,258.4000,1.799588
_6310_,VPWR,li1,305.6700,269.2800,1.798748
_6309_,VPWR,li1,298.7700,263.8400,1.798977
_6308_,VPWR,li1,294.1700,263.8400,1.799004
_6307_,VPWR,li1,294.6300,263.8400,1.799004
_6306_,VPWR,li1,287.9600,269.2800,1.798784
_6305_,VPWR,li1,290.4900,263.8400,1.799028
_6304_,VPWR,li1,288.4200,258.4000,1.799602
_6303_,VPWR,li1,286.1200,263.8400,1.799053
_6302_,VPWR,li1,285.6600,269.2800,1.798789
_6301_,VPWR,li1,282.4400,263.8400,1.799084
_6300_,VPWR,li1,282.9000,263.8400,1.799073
_6299_,VPWR,li1,281.0600,258.4000,1.799614
_6298_,VPWR,li1,279.2200,263.8400,1.799096
_6297_,VPWR,li1,278.9900,263.8400,1.799108
_6296_,VPWR,li1,277.3800,263.8400,1.799108
_6295_,VPWR,li1,274.8500,263.8400,1.799134
_6294_,VPWR,li1,273.7000,258.4000,1.799624
_6293_,VPWR,li1,264.9600,263.8400,1.799191
_6292_,VPWR,li1,272.0900,263.8400,1.799151
_6291_,VPWR,li1,268.8700,263.8400,1.799172
_6290_,VPWR,li1,264.9600,258.4000,1.799641
_6289_,VPWR,li1,265.4200,263.8400,1.799191
_6288_,VPWR,li1,256.6800,263.8400,1.799248
_6287_,VPWR,li1,258.7500,258.4000,1.799649
_6286_,VPWR,li1,255.3000,258.4000,1.799655
_6285_,VPWR,li1,253.9200,263.8400,1.799268
_6284_,VPWR,li1,256.9100,263.8400,1.799248
_6283_,VPWR,li1,307.0500,252.9600,1.799560
_6282_,VPWR,li1,309.1200,258.4000,1.799574
_6281_,VPWR,li1,303.8300,258.4000,1.799580
_6280_,VPWR,li1,304.7500,252.9600,1.799561
_6279_,VPWR,li1,297.3900,247.5200,1.799489
_6278_,VPWR,li1,295.3200,252.9600,1.799568
_6277_,VPWR,li1,295.3200,252.9600,1.799568
_6276_,VPWR,li1,299.2300,252.9600,1.799565
_6275_,VPWR,li1,290.2600,252.9600,1.799572
_6274_,VPWR,li1,293.2500,258.4000,1.799595
_6273_,VPWR,li1,268.6400,247.5200,1.799542
_6272_,VPWR,li1,290.7200,252.9600,1.799572
_6271_,VPWR,li1,287.9600,252.9600,1.799575
_6270_,VPWR,li1,283.8200,252.9600,1.799583
_6269_,VPWR,li1,284.2800,252.9600,1.799580
_6268_,VPWR,li1,279.2200,247.5200,1.799519
_6267_,VPWR,li1,281.5200,252.9600,1.799586
_6266_,VPWR,li1,286.3500,252.9600,1.799578
_6265_,VPWR,li1,277.3800,258.4000,1.799618
_6264_,VPWR,li1,278.5300,252.9600,1.799590
_6263_,VPWR,li1,280.1400,242.0800,1.799425
_6262_,VPWR,li1,273.2400,252.9600,1.799597
_6261_,VPWR,li1,280.3700,252.9600,1.799586
_6260_,VPWR,li1,277.1500,252.9600,1.799590
_6259_,VPWR,li1,270.4800,252.9600,1.799602
_6258_,VPWR,li1,273.7000,252.9600,1.799597
_6257_,VPWR,li1,266.3400,252.9600,1.799610
_6256_,VPWR,li1,267.9500,252.9600,1.799610
_6255_,VPWR,li1,262.6600,258.4000,1.799645
_6254_,VPWR,li1,264.5000,252.9600,1.799614
_6253_,VPWR,li1,265.6500,258.4000,1.799637
_6252_,VPWR,li1,298.3100,242.0800,1.799408
_6251_,VPWR,li1,300.1500,247.5200,1.799482
_6250_,VPWR,li1,299.2300,252.9600,1.799565
_6249_,VPWR,li1,302.4500,252.9600,1.799563
_6248_,VPWR,li1,255.9900,252.9600,1.799631
_6247_,VPWR,li1,256.6800,247.5200,1.799570
_6246_,VPWR,li1,255.0700,252.9600,1.799637
_6245_,VPWR,li1,260.8200,247.5200,1.799559
_6244_,VPWR,li1,261.0500,247.5200,1.799559
_6243_,VPWR,li1,263.1200,242.0800,1.799445
_6242_,VPWR,li1,264.0400,247.5200,1.799554
_6241_,VPWR,li1,265.6500,247.5200,1.799547
_6240_,VPWR,li1,273.2400,247.5200,1.799530
_6239_,VPWR,li1,271.1700,247.5200,1.799535
_6238_,VPWR,li1,270.4800,242.0800,1.799434
_6237_,VPWR,li1,275.0800,247.5200,1.799526
_6236_,VPWR,li1,271.1700,242.0800,1.799434
_6235_,VPWR,li1,274.6200,242.0800,1.799430
_6234_,VPWR,li1,276.6900,242.0800,1.799428
_6233_,VPWR,li1,280.1400,236.6400,1.799478
_6232_,VPWR,li1,283.3600,242.0800,1.799419
_6231_,VPWR,li1,279.9100,242.0800,1.799425
_6230_,VPWR,li1,287.2700,242.0800,1.799415
_6229_,VPWR,li1,289.3400,242.0800,1.799414
_6228_,VPWR,li1,291.1800,242.0800,1.799412
_6227_,VPWR,li1,294.6300,242.0800,1.799410
_6226_,VPWR,li1,288.6500,247.5200,1.799503
_6225_,VPWR,li1,284.7400,247.5200,1.799508
_6224_,VPWR,li1,287.5000,247.5200,1.799503
_6223_,VPWR,li1,291.8700,247.5200,1.799496
_6222_,VPWR,li1,266.8000,204.0000,1.799438
_6221_,VPWR,li1,267.0300,209.4400,1.799545
_6220_,VPWR,li1,258.5200,209.4400,1.799574
_6219_,VPWR,li1,262.8900,209.4400,1.799561
_6218_,VPWR,li1,270.2500,204.0000,1.799415
_6217_,VPWR,li1,269.7900,209.4400,1.799535
_6216_,VPWR,li1,290.0300,209.4400,1.799487
_6215_,VPWR,li1,293.4800,214.8800,1.799115
_6214_,VPWR,li1,269.3300,214.8800,1.799230
_6213_,VPWR,li1,267.2600,209.4400,1.799545
_6212_,VPWR,li1,260.5900,214.8800,1.799274
_6211_,VPWR,li1,258.2900,242.0800,1.799453
_6210_,VPWR,li1,251.8500,252.9600,1.799641
_6209_,VPWR,li1,254.1500,236.6400,1.799557
_6208_,VPWR,li1,256.4500,242.0800,1.799461
_6207_,VPWR,li1,264.7300,242.0800,1.799445
_6206_,VPWR,li1,266.3400,242.0800,1.799440
_6205_,VPWR,li1,266.8000,242.0800,1.799440
_6204_,VPWR,li1,263.1200,236.6400,1.799527
_6203_,VPWR,li1,269.1000,236.6400,1.799504
_6202_,VPWR,li1,266.1100,236.6400,1.799513
_6201_,VPWR,li1,271.4000,236.6400,1.799497
_6200_,VPWR,li1,273.4700,236.6400,1.799492
_6199_,VPWR,li1,275.5400,231.2000,1.799556
_6198_,VPWR,li1,281.9800,236.6400,1.799468
_6197_,VPWR,li1,278.9900,236.6400,1.799478
_6196_,VPWR,li1,283.5900,231.2000,1.799536
_6195_,VPWR,li1,286.5800,231.2000,1.799529
_6194_,VPWR,li1,285.2000,236.6400,1.799462
_6193_,VPWR,li1,292.1000,236.6400,1.799441
_6192_,VPWR,li1,289.1100,236.6400,1.799452
_6191_,VPWR,li1,290.2600,236.6400,1.799446
_6190_,VPWR,li1,291.4100,231.2000,1.799518
_6189_,VPWR,li1,293.4800,231.2000,1.799513
_6188_,VPWR,li1,246.7900,247.5200,1.799597
_6187_,VPWR,li1,250.0100,252.9600,1.799646
_6186_,VPWR,li1,224.2500,242.0800,1.799556
_6185_,VPWR,li1,282.2100,214.8800,1.799151
_6184_,VPWR,li1,289.8000,214.8800,1.799125
_6183_,VPWR,li1,270.7100,209.4400,1.799535
_6182_,VPWR,li1,265.6500,198.5600,1.799735
_6181_,VPWR,li1,261.2800,198.5600,1.799737
_6180_,VPWR,li1,264.7300,214.8800,1.799258
_6179_,VPWR,li1,264.2700,209.4400,1.799554
_6178_,VPWR,li1,262.2000,209.4400,1.799561
_6177_,VPWR,li1,260.1300,209.4400,1.799574
_6176_,VPWR,li1,253.4600,214.8800,1.799322
_6175_,VPWR,li1,257.1400,214.8800,1.799296
_6174_,VPWR,li1,253.0000,236.6400,1.799557
_6173_,VPWR,li1,252.5400,236.6400,1.799557
_6172_,VPWR,li1,255.7600,236.6400,1.799546
_6171_,VPWR,li1,255.3000,231.2000,1.799616
_6170_,VPWR,li1,251.6200,231.2000,1.799623
_6169_,VPWR,li1,259.9000,236.6400,1.799532
_6168_,VPWR,li1,260.8200,231.2000,1.799598
_6167_,VPWR,li1,267.2600,231.2000,1.799578
_6166_,VPWR,li1,269.5600,231.2000,1.799571
_6165_,VPWR,li1,268.1800,231.2000,1.799578
_6164_,VPWR,li1,273.7000,231.2000,1.799563
_6163_,VPWR,li1,278.0700,231.2000,1.799549
_6162_,VPWR,li1,282.2100,225.7600,1.799769
_6161_,VPWR,li1,275.5400,225.7600,1.799773
_6160_,VPWR,li1,278.7600,225.7600,1.799771
_6159_,VPWR,li1,284.7400,225.7600,1.799768
_6158_,VPWR,li1,284.0500,225.7600,1.799768
_6157_,VPWR,li1,286.5800,225.7600,1.799767
_6156_,VPWR,li1,287.7300,225.7600,1.799767
_6155_,VPWR,li1,289.8000,225.7600,1.799767
_6154_,VPWR,li1,245.8700,242.0800,1.799484
_6153_,VPWR,li1,227.9300,247.5200,1.799666
_6152_,VPWR,li1,227.4700,242.0800,1.799546
_6151_,VPWR,li1,230.6900,242.0800,1.799533
_6150_,VPWR,li1,230.6900,247.5200,1.799657
_6149_,VPWR,li1,224.9400,236.6400,1.799668
_6148_,VPWR,li1,228.1600,236.6400,1.799651
_6147_,VPWR,li1,243.8000,236.6400,1.799589
_6146_,VPWR,li1,280.3700,209.4400,1.799509
_6145_,VPWR,li1,285.6600,209.4400,1.799496
_6144_,VPWR,li1,267.2600,204.0000,1.799428
_6143_,VPWR,li1,268.8700,204.0000,1.799428
_6142_,VPWR,li1,265.6500,198.5600,1.799735
_6141_,VPWR,li1,265.1900,204.0000,1.799438
_6140_,VPWR,li1,267.9500,198.5600,1.799734
_6139_,VPWR,li1,256.2200,198.5600,1.799739
_6138_,VPWR,li1,258.0600,198.5600,1.799738
_6137_,VPWR,li1,252.0800,204.0000,1.799501
_6136_,VPWR,li1,250.2400,204.0000,1.799511
_6135_,VPWR,li1,251.1600,209.4400,1.799600
_6134_,VPWR,li1,253.0000,214.8800,1.799322
_6133_,VPWR,li1,245.6400,214.8800,1.799371
_6132_,VPWR,li1,249.7800,214.8800,1.799350
_6131_,VPWR,li1,249.3200,231.2000,1.799630
_6130_,VPWR,li1,251.8500,231.2000,1.799623
_6129_,VPWR,li1,257.6000,231.2000,1.799609
_6128_,VPWR,li1,259.9000,231.2000,1.799598
_6127_,VPWR,li1,258.0600,225.7600,1.799784
_6126_,VPWR,li1,264.9600,231.2000,1.799584
_6125_,VPWR,li1,267.4900,225.7600,1.799778
_6124_,VPWR,li1,274.3900,220.3200,1.799071
_6123_,VPWR,li1,266.3400,220.3200,1.799086
_6122_,VPWR,li1,269.5600,220.3200,1.799072
_6121_,VPWR,li1,281.5200,220.3200,1.799071
_6120_,VPWR,li1,278.5300,220.3200,1.799071
_6119_,VPWR,li1,277.8400,220.3200,1.799071
_6118_,VPWR,li1,280.3700,214.8800,1.799161
_6117_,VPWR,li1,278.3000,214.8800,1.799173
_6116_,VPWR,li1,243.1100,236.6400,1.799597
_6115_,VPWR,li1,246.1000,236.6400,1.799582
_6114_,VPWR,li1,239.4300,236.6400,1.799606
_6113_,VPWR,li1,233.9100,236.6400,1.799628
_6112_,VPWR,li1,231.6100,242.0800,1.799533
_6111_,VPWR,li1,236.2100,236.6400,1.799620
_6110_,VPWR,li1,231.1500,236.6400,1.799639
_6109_,VPWR,li1,227.9300,231.2000,1.799705
_6108_,VPWR,li1,232.3000,236.6400,1.799639
_6107_,VPWR,li1,232.3000,231.2000,1.799686
_6106_,VPWR,li1,271.6300,209.4400,1.799530
_6105_,VPWR,li1,274.1600,209.4400,1.799522
_6104_,VPWR,li1,270.7100,198.5600,1.799734
_6103_,VPWR,li1,269.3300,198.5600,1.799734
_6102_,VPWR,li1,255.5300,193.1200,1.799804
_6101_,VPWR,li1,250.9300,193.1200,1.799807
_6100_,VPWR,li1,251.8500,198.5600,1.799741
_6099_,VPWR,li1,243.5700,198.5600,1.799748
_6098_,VPWR,li1,247.0200,198.5600,1.799745
_6097_,VPWR,li1,247.9400,198.5600,1.799745
_6096_,VPWR,li1,246.5600,204.0000,1.799528
_6095_,VPWR,li1,244.7200,198.5600,1.799748
_6094_,VPWR,li1,254.1500,204.0000,1.799491
_6093_,VPWR,li1,244.7200,204.0000,1.799537
_6092_,VPWR,li1,247.0200,214.8800,1.799371
_6091_,VPWR,li1,248.8600,214.8800,1.799350
_6090_,VPWR,li1,244.9500,214.8800,1.799386
_6089_,VPWR,li1,246.5600,220.3200,1.799247
_6088_,VPWR,li1,249.7800,220.3200,1.799214
_6087_,VPWR,li1,241.9600,231.2000,1.799653
_6086_,VPWR,li1,255.3000,225.7600,1.799786
_6085_,VPWR,li1,255.0700,225.7600,1.799786
_6084_,VPWR,li1,255.5300,220.3200,1.799169
_6083_,VPWR,li1,264.0400,225.7600,1.799780
_6082_,VPWR,li1,258.9800,220.3200,1.799153
_6081_,VPWR,li1,266.3400,225.7600,1.799778
_6080_,VPWR,li1,261.0500,220.3200,1.799127
_6079_,VPWR,li1,268.1800,225.7600,1.799777
_6078_,VPWR,li1,269.5600,214.8800,1.799230
_6077_,VPWR,li1,272.5500,220.3200,1.799072
_6076_,VPWR,li1,238.9700,214.8800,1.799418
_6075_,VPWR,li1,241.7300,214.8800,1.799398
_6074_,VPWR,li1,234.3700,214.8800,1.799450
_6073_,VPWR,li1,236.6700,214.8800,1.799434
_6072_,VPWR,li1,229.7700,231.2000,1.799694
_6071_,VPWR,li1,228.3900,225.7600,1.799820
_6070_,VPWR,li1,230.6900,231.2000,1.799694
_6069_,VPWR,li1,226.5500,231.2000,1.799705
_6068_,VPWR,li1,226.3200,225.7600,1.799824
_6067_,VPWR,li1,219.1900,214.8800,1.799569
_6066_,VPWR,li1,217.8100,214.8800,1.799569
_6065_,VPWR,li1,230.4600,209.4400,1.799678
_6064_,VPWR,li1,228.1600,204.0000,1.799620
_6063_,VPWR,li1,227.7000,193.1200,1.799830
_6062_,VPWR,li1,249.0900,247.5200,1.799590
_6061_,VPWR,li1,249.7800,242.0800,1.799475
_6060_,VPWR,li1,230.2300,198.5600,1.799768
_6059_,VPWR,li1,228.8500,198.5600,1.799768
_6058_,VPWR,li1,249.5500,193.1200,1.799808
_6057_,VPWR,li1,247.9400,193.1200,1.799808
_6056_,VPWR,li1,245.1800,193.1200,1.799810
_6055_,VPWR,li1,212.7500,187.6800,1.799676
_6054_,VPWR,li1,243.1100,193.1200,1.799813
_6053_,VPWR,li1,241.5000,193.1200,1.799813
_6052_,VPWR,li1,245.6400,193.1200,1.799810
_6051_,VPWR,li1,235.0600,193.1200,1.799821
_6050_,VPWR,li1,239.6600,193.1200,1.799815
_6049_,VPWR,li1,239.2000,198.5600,1.799756
_6048_,VPWR,li1,239.2000,204.0000,1.799564
_6047_,VPWR,li1,241.0400,220.3200,1.799297
_6046_,VPWR,li1,237.8200,220.3200,1.799317
_6045_,VPWR,li1,222.6400,220.3200,1.799454
_6044_,VPWR,li1,239.2000,225.7600,1.799804
_6043_,VPWR,li1,242.6500,220.3200,1.799271
_6042_,VPWR,li1,239.4300,220.3200,1.799297
_6041_,VPWR,li1,242.8800,225.7600,1.799802
_6040_,VPWR,li1,239.6600,225.7600,1.799804
_6039_,VPWR,li1,248.4000,225.7600,1.799794
_6038_,VPWR,li1,246.3300,225.7600,1.799798
_6037_,VPWR,li1,251.6200,225.7600,1.799791
_6036_,VPWR,li1,249.5500,225.7600,1.799794
_6035_,VPWR,li1,245.1800,231.2000,1.799648
_6034_,VPWR,li1,220.8000,231.2000,1.799725
_6033_,VPWR,li1,218.7300,231.2000,1.799733
_6032_,VPWR,li1,234.8300,204.0000,1.799590
_6031_,VPWR,li1,235.7500,198.5600,1.799759
_6030_,VPWR,li1,231.6100,209.4400,1.799678
_6029_,VPWR,li1,233.9100,209.4400,1.799665
_6028_,VPWR,li1,227.9300,209.4400,1.799694
_6027_,VPWR,li1,227.0100,214.8800,1.799503
_6026_,VPWR,li1,225.6300,214.8800,1.799519
_6025_,VPWR,li1,224.7100,209.4400,1.799702
_6024_,VPWR,li1,226.3200,209.4400,1.799694
_6023_,VPWR,li1,217.8100,209.4400,1.799727
_6022_,VPWR,li1,232.3000,187.6800,1.799554
_6021_,VPWR,li1,225.8600,198.5600,1.799777
_6020_,VPWR,li1,236.6700,242.0800,1.799512
_6019_,VPWR,li1,239.2000,242.0800,1.799503
_6018_,VPWR,li1,231.1500,220.3200,1.799373
_6017_,VPWR,li1,197.1100,220.3200,1.799683
_6016_,VPWR,li1,195.2700,220.3200,1.799700
_6015_,VPWR,li1,220.1100,198.5600,1.799788
_6014_,VPWR,li1,219.4200,198.5600,1.799788
_6013_,VPWR,li1,215.5100,198.5600,1.799799
_6012_,VPWR,li1,216.6600,193.1200,1.799847
_6011_,VPWR,li1,201.2500,193.1200,1.799878
_6010_,VPWR,li1,216.4300,193.1200,1.799847
_6009_,VPWR,li1,210.6800,193.1200,1.799860
_6008_,VPWR,li1,213.9000,193.1200,1.799852
_6007_,VPWR,li1,209.3000,193.1200,1.799860
_6006_,VPWR,li1,209.7600,198.5600,1.799819
_6005_,VPWR,li1,221.2600,193.1200,1.799839
_6004_,VPWR,li1,223.3300,193.1200,1.799836
_6003_,VPWR,li1,221.7200,204.0000,1.799653
_6002_,VPWR,li1,229.7700,193.1200,1.799827
_6001_,VPWR,li1,225.8600,204.0000,1.799631
_6000_,VPWR,li1,212.0600,204.0000,1.799704
_5999_,VPWR,li1,226.3200,220.3200,1.799425
_5998_,VPWR,li1,222.6400,214.8800,1.799546
_5997_,VPWR,li1,221.4900,220.3200,1.799454
_5996_,VPWR,li1,225.4000,220.3200,1.799425
_5995_,VPWR,li1,228.1600,225.7600,1.799820
_5994_,VPWR,li1,226.0900,225.7600,1.799824
_5993_,VPWR,li1,235.0600,225.7600,1.799812
_5992_,VPWR,li1,235.9800,231.2000,1.799673
_5991_,VPWR,li1,239.4300,231.2000,1.799664
_5990_,VPWR,li1,217.3500,220.3200,1.799492
_5989_,VPWR,li1,217.3500,236.6400,1.799704
_5988_,VPWR,li1,219.6500,220.3200,1.799473
_5987_,VPWR,li1,215.9700,214.8800,1.799582
_5986_,VPWR,li1,208.8400,209.4400,1.799762
_5985_,VPWR,li1,221.9500,193.1200,1.799839
_5984_,VPWR,li1,236.2100,187.6800,1.799532
_5983_,VPWR,li1,233.4500,187.6800,1.799554
_5982_,VPWR,li1,234.3700,193.1200,1.799821
_5981_,VPWR,li1,229.7700,187.6800,1.799570
_5980_,VPWR,li1,226.0900,187.6800,1.799601
_5979_,VPWR,li1,227.4700,187.6800,1.799586
_5978_,VPWR,li1,226.5500,182.2400,1.799670
_5977_,VPWR,li1,229.5400,182.2400,1.799656
_5976_,VPWR,li1,213.9000,204.0000,1.799693
_5975_,VPWR,li1,218.0400,187.6800,1.799643
_5974_,VPWR,li1,209.5300,231.2000,1.799767
_5973_,VPWR,li1,213.9000,231.2000,1.799750
_5972_,VPWR,li1,196.6500,231.2000,1.799818
_5971_,VPWR,li1,197.1100,225.7600,1.799874
_5970_,VPWR,li1,201.2500,214.8800,1.799699
_5969_,VPWR,li1,196.6500,209.4400,1.799812
_5968_,VPWR,li1,191.5900,209.4400,1.799841
_5967_,VPWR,li1,198.9500,209.4400,1.799804
_5966_,VPWR,li1,192.7400,198.5600,1.799869
_5965_,VPWR,li1,194.8100,198.5600,1.799863
_5964_,VPWR,li1,203.3200,193.1200,1.799873
_5963_,VPWR,li1,196.8800,193.1200,1.799891
_5962_,VPWR,li1,199.6400,193.1200,1.799884
_5961_,VPWR,li1,203.5500,193.1200,1.799873
_5960_,VPWR,li1,203.7800,187.6800,1.799732
_5959_,VPWR,li1,205.6200,187.6800,1.799721
_5958_,VPWR,li1,206.3100,193.1200,1.799869
_5957_,VPWR,li1,205.6200,198.5600,1.799828
_5956_,VPWR,li1,208.3800,204.0000,1.799722
_5955_,VPWR,li1,204.7000,204.0000,1.799742
_5954_,VPWR,li1,208.3800,198.5600,1.799819
_5953_,VPWR,li1,210.6800,198.5600,1.799813
_5952_,VPWR,li1,209.9900,214.8800,1.799626
_5951_,VPWR,li1,210.6800,220.3200,1.799555
_5950_,VPWR,li1,210.6800,220.3200,1.799555
_5949_,VPWR,li1,214.1300,220.3200,1.799523
_5948_,VPWR,li1,219.4200,225.7600,1.799835
_5947_,VPWR,li1,216.4300,225.7600,1.799840
_5946_,VPWR,li1,212.9800,225.7600,1.799848
_5945_,VPWR,li1,209.9900,204.0000,1.799722
_5944_,VPWR,li1,216.4300,204.0000,1.799680
_5943_,VPWR,li1,213.9000,209.4400,1.799742
_5942_,VPWR,li1,207.2300,214.8800,1.799655
_5941_,VPWR,li1,209.0700,209.4400,1.799762
_5940_,VPWR,li1,204.9300,182.2400,1.799768
_5939_,VPWR,li1,206.7700,182.2400,1.799760
_5938_,VPWR,li1,208.1500,182.2400,1.799760
_5937_,VPWR,li1,207.6900,187.6800,1.799708
_5936_,VPWR,li1,216.4300,182.2400,1.799723
_5935_,VPWR,li1,214.1300,182.2400,1.799732
_5934_,VPWR,li1,219.6500,182.2400,1.799701
_5933_,VPWR,li1,219.6500,182.2400,1.799701
_5932_,VPWR,li1,217.5800,182.2400,1.799710
_5931_,VPWR,li1,198.2600,182.2400,1.799804
_5930_,VPWR,li1,190.4400,176.8000,1.799666
_5929_,VPWR,li1,190.2100,187.6800,1.799820
_5928_,VPWR,li1,201.7100,231.2000,1.799796
_5927_,VPWR,li1,206.5400,225.7600,1.799857
_5926_,VPWR,li1,199.4100,231.2000,1.799810
_5925_,VPWR,li1,195.2700,225.7600,1.799877
_5924_,VPWR,li1,200.3300,225.7600,1.799871
_5923_,VPWR,li1,189.5200,225.7600,1.799895
_5922_,VPWR,li1,193.4300,209.4400,1.799827
_5921_,VPWR,li1,192.9700,204.0000,1.799807
_5920_,VPWR,li1,187.6800,198.5600,1.799888
_5919_,VPWR,li1,189.2900,193.1200,1.799912
_5918_,VPWR,li1,188.6000,198.5600,1.799888
_5917_,VPWR,li1,184.4600,198.5600,1.799902
_5916_,VPWR,li1,190.4400,204.0000,1.799820
_5915_,VPWR,li1,194.1200,193.1200,1.799899
_5914_,VPWR,li1,195.5000,204.0000,1.799791
_5913_,VPWR,li1,201.0200,204.0000,1.799768
_5912_,VPWR,li1,188.1400,204.0000,1.799835
_5911_,VPWR,li1,199.6400,204.0000,1.799768
_5910_,VPWR,li1,201.9400,204.0000,1.799756
_5909_,VPWR,li1,202.4000,209.4400,1.799788
_5908_,VPWR,li1,204.7000,214.8800,1.799674
_5907_,VPWR,li1,203.3200,236.6400,1.799762
_5906_,VPWR,li1,206.5400,220.3200,1.799598
_5905_,VPWR,li1,204.4700,220.3200,1.799626
_5904_,VPWR,li1,206.0800,214.8800,1.799655
_5903_,VPWR,li1,204.7000,220.3200,1.799626
_5902_,VPWR,li1,207.6900,220.3200,1.799598
_5901_,VPWR,li1,201.2500,263.8400,1.799671
_5900_,VPWR,li1,201.7100,182.2400,1.799783
_5899_,VPWR,li1,199.8700,182.2400,1.799792
_5898_,VPWR,li1,192.5100,182.2400,1.799826
_5897_,VPWR,li1,194.8100,182.2400,1.799816
_5896_,VPWR,li1,197.3400,182.2400,1.799804
_5895_,VPWR,li1,187.9100,187.6800,1.799835
_5894_,VPWR,li1,190.6700,187.6800,1.799820
_5893_,VPWR,li1,185.6100,187.6800,1.799857
_5892_,VPWR,li1,188.3700,187.6800,1.799835
_5891_,VPWR,li1,187.9100,176.8000,1.799682
_5890_,VPWR,li1,189.2900,182.2400,1.799848
_5889_,VPWR,li1,185.1500,176.8000,1.799706
_5888_,VPWR,li1,189.7500,176.8000,1.799666
_5887_,VPWR,li1,192.7400,176.8000,1.799643
_5886_,VPWR,li1,178.4800,187.6800,1.799906
_5885_,VPWR,li1,166.0600,187.6800,1.799916
_5884_,VPWR,li1,169.7400,193.1200,1.799943
_5883_,VPWR,li1,177.5600,209.4400,1.799906
_5882_,VPWR,li1,194.3500,247.5200,1.799803
_5881_,VPWR,li1,201.0200,247.5200,1.799771
_5880_,VPWR,li1,202.1700,231.2000,1.799796
_5879_,VPWR,li1,196.6500,231.2000,1.799818
_5878_,VPWR,li1,197.5700,236.6400,1.799796
_5877_,VPWR,li1,182.1600,236.6400,1.799880
_5876_,VPWR,li1,191.1300,225.7600,1.799887
_5875_,VPWR,li1,187.9100,225.7600,1.799895
_5874_,VPWR,li1,185.1500,225.7600,1.799903
_5873_,VPWR,li1,169.7400,225.7600,1.799906
_5872_,VPWR,li1,181.0100,209.4400,1.799893
_5871_,VPWR,li1,175.0300,204.0000,1.799917
_5870_,VPWR,li1,174.5700,209.4400,1.799923
_5869_,VPWR,li1,167.9000,214.8800,1.799893
_5868_,VPWR,li1,175.4900,198.5600,1.799942
_5867_,VPWR,li1,177.7900,198.5600,1.799931
_5866_,VPWR,li1,178.7100,198.5600,1.799931
_5865_,VPWR,li1,181.7000,198.5600,1.799920
_5864_,VPWR,li1,177.1000,214.8800,1.799884
_5863_,VPWR,li1,184.2300,204.0000,1.799859
_5862_,VPWR,li1,186.0700,209.4400,1.799865
_5861_,VPWR,li1,188.3700,209.4400,1.799851
_5860_,VPWR,li1,190.4400,214.8800,1.799775
_5859_,VPWR,li1,200.7900,236.6400,1.799775
_5858_,VPWR,li1,197.1100,242.0800,1.799694
_5857_,VPWR,li1,198.4900,236.6400,1.799786
_5856_,VPWR,li1,202.1700,247.5200,1.799771
_5855_,VPWR,li1,210.6800,242.0800,1.799609
_5854_,VPWR,li1,179.6300,193.1200,1.799940
_5853_,VPWR,li1,181.0100,187.6800,1.799880
_5852_,VPWR,li1,175.0300,187.6800,1.799924
_5851_,VPWR,li1,177.1000,187.6800,1.799906
_5850_,VPWR,li1,170.4300,198.5600,1.799936
_5849_,VPWR,li1,170.2000,198.5600,1.799936
_5848_,VPWR,li1,167.2100,198.5600,1.799933
_5847_,VPWR,li1,165.8300,193.1200,1.799933
_5846_,VPWR,li1,168.1300,193.1200,1.799938
_5845_,VPWR,li1,162.1500,187.6800,1.799913
_5844_,VPWR,li1,169.2800,187.6800,1.799918
_5843_,VPWR,li1,162.1500,198.5600,1.799928
_5842_,VPWR,li1,192.5100,231.2000,1.799844
_5841_,VPWR,li1,187.4500,242.0800,1.799770
_5840_,VPWR,li1,190.9000,236.6400,1.799831
_5839_,VPWR,li1,183.7700,242.0800,1.799806
_5838_,VPWR,li1,184.2300,252.9600,1.799888
_5837_,VPWR,li1,178.7100,242.0800,1.799852
_5836_,VPWR,li1,179.6300,236.6400,1.799897
_5835_,VPWR,li1,169.0500,231.2000,1.799908
_5834_,VPWR,li1,167.4400,231.2000,1.799908
_5833_,VPWR,li1,163.5300,225.7600,1.799888
_5832_,VPWR,li1,166.9800,225.7600,1.799898
_5831_,VPWR,li1,166.5200,214.8800,1.799893
_5830_,VPWR,li1,164.2200,214.8800,1.799890
_5829_,VPWR,li1,169.2800,214.8800,1.799896
_5828_,VPWR,li1,171.5800,214.8800,1.799898
_5827_,VPWR,li1,166.0600,220.3200,1.799878
_5826_,VPWR,li1,174.8000,214.8800,1.799903
_5825_,VPWR,li1,177.1000,214.8800,1.799884
_5824_,VPWR,li1,180.3200,214.8800,1.799857
_5823_,VPWR,li1,179.6300,220.3200,1.799849
_5822_,VPWR,li1,187.6800,214.8800,1.799801
_5821_,VPWR,li1,184.9200,214.8800,1.799833
_5820_,VPWR,li1,188.3700,220.3200,1.799766
_5819_,VPWR,li1,187.2200,214.8800,1.799801
_5818_,VPWR,li1,186.5300,220.3200,1.799783
_5817_,VPWR,li1,163.0700,204.0000,1.799897
_5816_,VPWR,li1,165.1400,198.5600,1.799931
_5815_,VPWR,li1,159.3900,198.5600,1.799924
_5814_,VPWR,li1,158.4700,198.5600,1.799924
_5813_,VPWR,li1,182.3900,187.6800,1.799880
_5812_,VPWR,li1,165.8300,204.0000,1.799900
_5811_,VPWR,li1,163.9900,209.4400,1.799899
_5810_,VPWR,li1,169.9700,204.0000,1.799908
_5809_,VPWR,li1,167.2100,204.0000,1.799904
_5808_,VPWR,li1,167.6700,193.1200,1.799938
_5807_,VPWR,li1,168.1300,187.6800,1.799918
_5806_,VPWR,li1,167.2100,209.4400,1.799906
_5805_,VPWR,li1,158.9300,209.4400,1.799886
_5804_,VPWR,li1,182.3900,231.2000,1.799886
_5803_,VPWR,li1,188.1400,231.2000,1.799857
_5802_,VPWR,li1,187.9100,252.9600,1.799870
_5801_,VPWR,li1,180.5500,252.9600,1.799905
_5800_,VPWR,li1,181.9300,247.5200,1.799858
_5799_,VPWR,li1,175.0300,247.5200,1.799893
_5798_,VPWR,li1,175.4900,242.0800,1.799885
_5797_,VPWR,li1,165.6000,247.5200,1.799841
_5796_,VPWR,li1,166.2900,225.7600,1.799898
_5795_,VPWR,li1,156.8600,225.7600,1.799860
_5794_,VPWR,li1,158.9300,225.7600,1.799872
_5793_,VPWR,li1,159.1600,225.7600,1.799872
_5792_,VPWR,li1,156.8600,225.7600,1.799860
_5791_,VPWR,li1,161.6900,225.7600,1.799880
_5790_,VPWR,li1,162.8400,236.6400,1.799905
_5789_,VPWR,li1,162.8400,220.3200,1.799875
_5788_,VPWR,li1,165.1400,220.3200,1.799878
_5787_,VPWR,li1,171.3500,225.7600,1.799917
_5786_,VPWR,li1,175.7200,220.3200,1.799891
_5785_,VPWR,li1,179.8600,220.3200,1.799849
_5784_,VPWR,li1,179.8600,225.7600,1.799921
_5783_,VPWR,li1,182.6200,220.3200,1.799820
_5782_,VPWR,li1,179.1700,225.7600,1.799921
_5781_,VPWR,li1,181.2400,225.7600,1.799914
_5780_,VPWR,li1,162.1500,214.8800,1.799888
_5779_,VPWR,li1,161.2300,209.4400,1.799890
_5778_,VPWR,li1,157.3200,204.0000,1.799890
_5777_,VPWR,li1,155.7100,209.4400,1.799880
_5776_,VPWR,li1,164.4500,214.8800,1.799890
_5775_,VPWR,li1,158.9300,231.2000,1.799895
_5774_,VPWR,li1,156.8600,231.2000,1.799891
_5773_,VPWR,li1,157.3200,231.2000,1.799891
_5772_,VPWR,li1,185.1500,247.5200,1.799847
_5771_,VPWR,li1,189.0600,242.0800,1.799770
_5770_,VPWR,li1,188.3700,252.9600,1.799870
_5769_,VPWR,li1,190.6700,252.9600,1.799859
_5768_,VPWR,li1,185.1500,252.9600,1.799888
_5767_,VPWR,li1,180.5500,252.9600,1.799905
_5766_,VPWR,li1,177.7900,247.5200,1.799884
_5765_,VPWR,li1,177.7900,252.9600,1.799918
_5764_,VPWR,li1,167.6700,247.5200,1.799852
_5763_,VPWR,li1,162.6100,247.5200,1.799825
_5762_,VPWR,li1,163.7600,242.0800,1.799860
_5761_,VPWR,li1,162.3800,252.9600,1.799900
_5760_,VPWR,li1,160.7700,242.0800,1.799855
_5759_,VPWR,li1,163.5300,242.0800,1.799860
_5758_,VPWR,li1,169.0500,242.0800,1.799872
_5757_,VPWR,li1,168.8200,236.6400,1.799912
_5756_,VPWR,li1,172.0400,236.6400,1.799916
_5755_,VPWR,li1,170.8900,236.6400,1.799916
_5754_,VPWR,li1,175.7200,231.2000,1.799924
_5753_,VPWR,li1,176.4100,236.6400,1.799922
_5752_,VPWR,li1,174.8000,236.6400,1.799919
_5751_,VPWR,li1,158.9300,236.6400,1.799901
_5750_,VPWR,li1,156.4000,236.6400,1.799898
_5749_,VPWR,li1,156.8600,236.6400,1.799898
_5748_,VPWR,li1,157.3200,242.0800,1.799850
_5747_,VPWR,li1,152.9500,236.6400,1.799894
_5746_,VPWR,li1,189.2900,263.8400,1.799764
_5745_,VPWR,li1,188.6000,258.4000,1.799851
_5744_,VPWR,li1,187.4500,263.8400,1.799780
_5743_,VPWR,li1,182.8500,258.4000,1.799875
_5742_,VPWR,li1,185.1500,258.4000,1.799866
_5741_,VPWR,li1,184.6900,263.8400,1.799805
_5740_,VPWR,li1,180.0900,258.4000,1.799886
_5739_,VPWR,li1,177.5600,258.4000,1.799899
_5738_,VPWR,li1,177.1000,258.4000,1.799899
_5737_,VPWR,li1,162.1500,258.4000,1.799841
_5736_,VPWR,li1,161.2300,247.5200,1.799815
_5735_,VPWR,li1,158.9300,247.5200,1.799806
_5734_,VPWR,li1,157.7800,247.5200,1.799796
_5733_,VPWR,li1,162.8400,258.4000,1.799850
_5732_,VPWR,li1,165.3700,258.4000,1.799862
_5731_,VPWR,li1,168.8200,258.4000,1.799871
_5730_,VPWR,li1,173.4200,252.9600,1.799924
_5729_,VPWR,li1,169.5100,252.9600,1.799915
_5728_,VPWR,li1,172.5000,242.0800,1.799877
_5727_,VPWR,li1,174.5700,252.9600,1.799924
_5726_,VPWR,li1,171.5800,252.9600,1.799920
_5725_,VPWR,li1,175.4900,269.2800,1.799838
_5724_,VPWR,li1,181.2400,269.2800,1.799772
_5723_,VPWR,li1,184.6900,269.2800,1.799706
_5722_,VPWR,li1,178.7100,274.7200,1.799826
_5721_,VPWR,li1,178.7100,269.2800,1.799805
_5720_,VPWR,li1,178.2500,263.8400,1.799874
_5719_,VPWR,li1,178.0200,263.8400,1.799874
_5718_,VPWR,li1,174.8000,258.4000,1.799908
_5717_,VPWR,li1,175.0300,263.8400,1.799893
_5716_,VPWR,li1,171.3500,263.8400,1.799886
_5715_,VPWR,li1,171.8100,274.7200,1.799874
_5714_,VPWR,li1,169.5100,258.4000,1.799882
_5713_,VPWR,li1,168.3600,263.8400,1.799883
_5712_,VPWR,li1,170.2000,263.8400,1.799886
_5711_,VPWR,li1,171.3500,269.2800,1.799830
_5710_,VPWR,li1,166.5200,269.2800,1.799822
_5709_,VPWR,li1,166.2900,280.1600,1.799833
_5708_,VPWR,li1,172.2700,280.1600,1.799865
_5707_,VPWR,li1,174.5700,285.6000,1.799902
_5706_,VPWR,li1,177.7900,285.6000,1.799889
_5705_,VPWR,li1,173.1900,274.7200,1.799874
_5704_,VPWR,li1,169.2800,274.7200,1.799872
_5703_,VPWR,li1,170.6600,274.7200,1.799872
_5702_,VPWR,li1,174.5700,274.7200,1.799875
_5701_,VPWR,li1,167.4400,274.7200,1.799871
_5700_,VPWR,li1,169.5100,291.0400,1.799868
_5699_,VPWR,li1,171.5800,291.0400,1.799873
_5698_,VPWR,li1,178.2500,291.0400,1.799862
_5697_,VPWR,li1,172.0400,285.6000,1.799887
_5696_,VPWR,li1,174.5700,291.0400,1.799880
_5695_,VPWR,li1,182.6200,291.0400,1.799839
_5694_,VPWR,li1,184.0000,296.4800,1.799803
_5693_,VPWR,li1,191.3600,280.1600,1.799757
_5692_,VPWR,li1,186.9900,296.4800,1.799785
_5691_,VPWR,li1,189.5200,285.6000,1.799844
_5690_,VPWR,li1,189.2900,291.0400,1.799773
_5689_,VPWR,li1,184.0000,280.1600,1.799808
_5688_,VPWR,li1,184.6900,280.1600,1.799808
_5687_,VPWR,li1,184.4600,285.6000,1.799869
_5686_,VPWR,li1,177.5600,280.1600,1.799848
_5685_,VPWR,li1,174.5700,280.1600,1.799874
_5684_,VPWR,li1,185.1500,274.7200,1.799766
_5683_,VPWR,li1,194.3500,280.1600,1.799731
_5682_,VPWR,li1,136.3900,171.3600,1.799727
_5681_,VPWR,li1,129.9500,165.9200,1.799836
_5680_,VPWR,li1,136.3900,165.9200,1.799832
_5679_,VPWR,li1,140.5300,176.8000,1.799700
_5678_,VPWR,li1,132.7100,176.8000,1.799700
_5677_,VPWR,li1,137.3100,176.8000,1.799700
_5676_,VPWR,li1,140.5300,176.8000,1.799700
_5675_,VPWR,li1,149.2700,171.3600,1.799730
_5674_,VPWR,li1,133.6300,176.8000,1.799700
_5673_,VPWR,li1,152.9500,171.3600,1.799733
_5672_,VPWR,li1,167.6700,46.2400,1.799877
_5671_,VPWR,li1,157.5500,35.3600,1.799837
_5670_,VPWR,li1,163.0700,24.4800,1.799800
_5669_,VPWR,li1,125.8100,24.4800,1.799598
_5668_,VPWR,li1,116.6100,19.0400,1.799625
_5667_,VPWR,li1,113.8500,19.0400,1.799623
_5666_,VPWR,li1,105.1100,29.9200,1.799827
_5665_,VPWR,li1,94.5300,29.9200,1.799825
_5664_,VPWR,li1,89.9300,19.0400,1.799618
_5663_,VPWR,li1,71.5300,19.0400,1.799646
_5662_,VPWR,li1,78.8900,13.6000,1.799706
_5661_,VPWR,li1,56.3500,19.0400,1.799736
_5660_,VPWR,li1,62.3300,13.6000,1.799763
_5659_,VPWR,li1,86.7100,19.0400,1.799620
_5658_,VPWR,li1,66.9300,13.6000,1.799748
_5657_,VPWR,li1,8.9700,84.3200,1.799932
_5656_,VPWR,li1,13.5700,122.4000,1.799970
_5655_,VPWR,li1,10.3500,106.0800,1.799961
_5654_,VPWR,li1,85.7900,29.9200,1.799825
_5653_,VPWR,li1,9.4300,95.2000,1.799928
_5652_,VPWR,li1,100.9700,19.0400,1.799616
_5651_,VPWR,li1,105.5700,19.0400,1.799618
_5650_,VPWR,li1,123.0500,19.0400,1.799630
_5649_,VPWR,li1,129.9500,19.0400,1.799640
_5648_,VPWR,li1,135.9300,19.0400,1.799653
_5647_,VPWR,li1,146.0500,19.0400,1.799675
_5646_,VPWR,li1,157.5500,19.0400,1.799731
_5645_,VPWR,li1,171.3500,35.3600,1.799907
_5644_,VPWR,li1,174.5700,24.4800,1.799871
_5643_,VPWR,li1,183.3100,24.4800,1.799836
_5642_,VPWR,li1,180.5500,19.0400,1.799817
_5641_,VPWR,li1,178.7100,35.3600,1.799927
_5640_,VPWR,li1,129.0300,301.9200,1.799712
_5639_,VPWR,li1,133.6300,307.3600,1.799834
_5638_,VPWR,li1,110.1700,312.8000,1.799850
_5637_,VPWR,li1,97.2900,323.6800,1.799500
_5636_,VPWR,li1,93.1500,312.8000,1.799844
_5635_,VPWR,li1,88.0900,329.1200,1.799791
_5634_,VPWR,li1,75.6700,329.1200,1.799817
_5633_,VPWR,li1,80.7300,323.6800,1.799559
_5632_,VPWR,li1,9.8900,269.2800,1.799958
_5631_,VPWR,li1,10.3500,263.8400,1.799940
_5630_,VPWR,li1,62.7900,323.6800,1.799654
_5629_,VPWR,li1,12.1900,252.9600,1.799916
_5628_,VPWR,li1,11.2700,247.5200,1.799927
_5627_,VPWR,li1,17.2500,242.0800,1.799953
_5626_,VPWR,li1,20.4700,236.6400,1.799958
_5625_,VPWR,li1,31.5100,225.7600,1.799901
_5624_,VPWR,li1,23.6900,214.8800,1.799933
_5623_,VPWR,li1,20.9300,209.4400,1.799945
_5622_,VPWR,li1,15.4100,204.0000,1.799969
_5621_,VPWR,li1,9.8900,198.5600,1.799955
_5620_,VPWR,li1,15.4100,214.8800,1.799931
_5619_,VPWR,li1,15.4100,231.2000,1.799953
_5618_,VPWR,li1,18.6300,214.8800,1.799933
_5617_,VPWR,li1,110.1700,318.2400,1.799729
_5616_,VPWR,li1,97.2900,329.1200,1.799780
_5615_,VPWR,li1,103.7300,312.8000,1.799847
_5614_,VPWR,li1,116.1500,323.6800,1.799491
_5613_,VPWR,li1,157.5500,323.6800,1.799686
_5612_,VPWR,li1,124.4300,323.6800,1.799511
_5611_,VPWR,li1,139.1500,323.6800,1.799562
_5610_,VPWR,li1,157.0900,291.0400,1.799845
_5609_,VPWR,li1,148.8100,301.9200,1.799786
_5608_,VPWR,li1,310.2700,155.0400,1.798889
_5607_,VPWR,li1,316.2500,149.6000,1.799011
_5606_,VPWR,li1,319.0100,138.7200,1.799314
_5605_,VPWR,li1,313.4900,133.2800,1.799440
_5604_,VPWR,li1,318.5500,106.0800,1.798637
_5603_,VPWR,li1,313.4900,122.4000,1.799300
_5602_,VPWR,li1,319.0100,95.2000,1.799385
_5601_,VPWR,li1,324.5300,84.3200,1.798974
_5600_,VPWR,li1,319.4700,78.8800,1.799389
_5599_,VPWR,li1,323.6100,62.5600,1.799519
_5598_,VPWR,li1,323.6100,46.2400,1.798900
_5597_,VPWR,li1,319.0100,40.8000,1.799457
_5596_,VPWR,li1,319.0100,62.5600,1.799522
_5595_,VPWR,li1,319.9300,57.1200,1.799321
_5594_,VPWR,li1,325.4500,73.4400,1.798206
_5593_,VPWR,li1,316.7100,78.8800,1.799391
_5592_,VPWR,li1,241.2700,19.0400,1.799375
_5591_,VPWR,li1,238.9700,19.0400,1.799393
_5590_,VPWR,li1,247.2500,19.0400,1.799355
_5589_,VPWR,li1,313.0300,84.3200,1.798984
_5588_,VPWR,li1,316.7100,95.2000,1.799388
_5587_,VPWR,li1,324.5300,106.0800,1.798634
_5586_,VPWR,li1,323.6100,111.5200,1.799143
_5585_,VPWR,li1,317.6300,122.4000,1.799295
_5584_,VPWR,li1,319.0100,144.1600,1.799347
_5583_,VPWR,li1,278.9900,155.0400,1.799054
_5582_,VPWR,li1,318.0900,155.0400,1.798860
_5581_,VPWR,li1,318.5500,160.4800,1.799173
_5580_,VPWR,li1,265.1900,182.2400,1.799531
_5579_,VPWR,li1,316.7100,182.2400,1.799459
_5578_,VPWR,li1,319.0100,171.3600,1.799710
_5577_,VPWR,li1,318.0900,182.2400,1.799457
_5576_,VPWR,li1,208.1500,323.6800,1.799589
_5575_,VPWR,li1,184.6900,307.3600,1.799799
_5574_,VPWR,li1,207.6900,318.2400,1.799610
_5573_,VPWR,li1,204.4700,312.8000,1.799858
_5572_,VPWR,li1,193.8900,318.2400,1.799730
_5571_,VPWR,li1,179.6300,323.6800,1.799790
_5570_,VPWR,li1,219.1900,323.6800,1.799565
_5569_,VPWR,li1,241.7300,329.1200,1.799343
_5568_,VPWR,li1,318.5500,307.3600,1.799384
_5567_,VPWR,li1,320.3900,296.4800,1.798903
_5566_,VPWR,li1,323.6100,291.0400,1.799245
_5565_,VPWR,li1,319.0100,285.6000,1.799581
_5564_,VPWR,li1,249.0900,329.1200,1.799307
_5563_,VPWR,li1,319.9300,269.2800,1.798735
_5562_,VPWR,li1,319.0100,269.2800,1.798735
_5561_,VPWR,li1,320.3900,252.9600,1.799558
_5560_,VPWR,li1,318.5500,214.8800,1.799083
_5559_,VPWR,li1,319.0100,209.4400,1.799446
_5558_,VPWR,li1,316.2500,204.0000,1.799242
_5557_,VPWR,li1,324.0700,209.4400,1.799443
_5556_,VPWR,li1,321.3100,247.5200,1.799464
_5555_,VPWR,li1,319.0100,247.5200,1.799465
_5554_,VPWR,li1,221.9500,323.6800,1.799560
_5553_,VPWR,li1,211.8300,323.6800,1.799581
_5552_,VPWR,li1,208.1500,312.8000,1.799843
_5551_,VPWR,li1,209.0700,323.6800,1.799589
_5550_,VPWR,li1,194.3500,312.8000,1.799889
_5549_,VPWR,li1,191.1300,301.9200,1.799825
_5548_,VPWR,li1,187.4500,318.2400,1.799775
_5547_,VPWR,li1,178.7100,301.9200,1.799890
_5546_,VPWR,li1,169.5100,301.9200,1.799874
_5545_,VPWR,li1,174.5700,312.8000,1.799945
_5544_,VPWR,li1,177.7900,307.3600,1.799855
_5543_,VPWR,li1,193.8900,285.6000,1.799830
_5542_,VPWR,li1,190.9000,285.6000,1.799844
_5541_,VPWR,li1,171.8100,155.0400,1.799882
_5540_,VPWR,li1,169.5100,155.0400,1.799878
_5539_,VPWR,li1,162.1500,160.4800,1.799855
_5538_,VPWR,li1,161.2300,165.9200,1.799870
_5537_,VPWR,li1,162.1500,155.0400,1.799864
_5536_,VPWR,li1,170.4300,160.4800,1.799872
_5535_,VPWR,li1,175.0300,160.4800,1.799889
_5534_,VPWR,li1,173.6500,165.9200,1.799911
_5533_,VPWR,li1,164.9100,149.6000,1.799881
_5532_,VPWR,li1,157.3200,165.9200,1.799858
_5531_,VPWR,li1,180.5500,318.2400,1.799849
_5530_,VPWR,li1,157.3200,46.2400,1.799856
_5529_,VPWR,li1,154.3300,46.2400,1.799851
_5528_,VPWR,li1,153.1800,35.3600,1.799810
_5527_,VPWR,li1,152.9500,40.8000,1.799730
_5526_,VPWR,li1,150.4200,29.9200,1.799886
_5525_,VPWR,li1,148.8100,29.9200,1.799886
_5524_,VPWR,li1,125.5800,29.9200,1.799843
_5523_,VPWR,li1,125.3500,35.3600,1.799709
_5522_,VPWR,li1,118.2200,29.9200,1.799832
_5521_,VPWR,li1,120.7500,29.9200,1.799837
_5520_,VPWR,li1,110.8600,19.0400,1.799620
_5519_,VPWR,li1,108.7900,29.9200,1.799828
_5518_,VPWR,li1,100.2800,29.9200,1.799825
_5517_,VPWR,li1,100.0500,35.3600,1.799673
_5516_,VPWR,li1,92.0000,29.9200,1.799825
_5515_,VPWR,li1,96.8300,35.3600,1.799673
_5514_,VPWR,li1,85.5600,29.9200,1.799826
_5513_,VPWR,li1,83.9500,29.9200,1.799826
_5512_,VPWR,li1,73.6000,24.4800,1.799662
_5511_,VPWR,li1,71.0700,24.4800,1.799674
_5510_,VPWR,li1,62.1000,19.0400,1.799699
_5509_,VPWR,li1,61.4100,24.4800,1.799720
_5508_,VPWR,li1,49.6800,19.0400,1.799768
_5507_,VPWR,li1,43.4700,24.4800,1.799820
_5506_,VPWR,li1,50.1400,19.0400,1.799768
_5505_,VPWR,li1,52.2100,19.0400,1.799753
_5504_,VPWR,li1,79.1200,24.4800,1.799639
_5503_,VPWR,li1,78.8900,29.9200,1.799826
_5502_,VPWR,li1,59.3400,24.4800,1.799732
_5501_,VPWR,li1,61.8700,24.4800,1.799720
_5500_,VPWR,li1,14.7200,89.7600,1.799921
_5499_,VPWR,li1,17.2500,89.7600,1.799922
_5498_,VPWR,li1,14.7200,116.9600,1.799971
_5497_,VPWR,li1,15.8700,111.5200,1.799934
_5496_,VPWR,li1,16.1000,111.5200,1.799934
_5495_,VPWR,li1,14.4900,106.0800,1.799961
_5494_,VPWR,li1,86.0200,35.3600,1.799675
_5493_,VPWR,li1,77.9700,78.8800,1.799867
_5492_,VPWR,li1,16.1000,95.2000,1.799928
_5491_,VPWR,li1,17.7100,100.6400,1.799961
_5490_,VPWR,li1,97.9800,19.0400,1.799616
_5489_,VPWR,li1,94.5300,89.7600,1.799613
_5488_,VPWR,li1,104.4200,24.4800,1.799562
_5487_,VPWR,li1,101.4300,89.7600,1.799625
_5486_,VPWR,li1,115.9200,24.4800,1.799572
_5485_,VPWR,li1,122.1300,89.7600,1.799686
_5484_,VPWR,li1,128.3400,19.0400,1.799640
_5483_,VPWR,li1,126.7300,89.7600,1.799704
_5482_,VPWR,li1,136.6200,24.4800,1.799650
_5481_,VPWR,li1,135.4700,95.2000,1.799523
_5480_,VPWR,li1,143.5200,24.4800,1.799686
_5479_,VPWR,li1,144.2100,95.2000,1.799585
_5478_,VPWR,li1,154.5600,19.0400,1.799708
_5477_,VPWR,li1,150.6500,89.7600,1.799789
_5476_,VPWR,li1,164.6800,35.3600,1.799871
_5475_,VPWR,li1,162.1500,35.3600,1.799859
_5474_,VPWR,li1,169.7400,24.4800,1.799840
_5473_,VPWR,li1,168.1300,46.2400,1.799877
_5472_,VPWR,li1,180.3200,24.4800,1.799846
_5471_,VPWR,li1,175.9500,29.9200,1.799950
_5470_,VPWR,li1,177.5600,68.0000,1.799877
_5469_,VPWR,li1,177.7900,73.4400,1.799776
_5468_,VPWR,li1,175.7200,35.3600,1.799930
_5467_,VPWR,li1,176.4100,73.4400,1.799815
_5466_,VPWR,li1,156.6300,51.6800,1.799876
_5465_,VPWR,li1,151.8000,46.2400,1.799847
_5464_,VPWR,li1,145.5900,51.6800,1.799854
_5463_,VPWR,li1,142.8300,57.1200,1.799703
_5462_,VPWR,li1,141.4500,62.5600,1.799904
_5461_,VPWR,li1,140.5300,68.0000,1.799859
_5460_,VPWR,li1,140.5300,73.4400,1.799787
_5459_,VPWR,li1,143.7500,68.0000,1.799861
_5458_,VPWR,li1,148.8100,68.0000,1.799866
_5457_,VPWR,li1,150.1900,73.4400,1.799789
_5456_,VPWR,li1,150.1900,57.1200,1.799747
_5455_,VPWR,li1,153.1800,57.1200,1.799763
_5454_,VPWR,li1,147.2000,57.1200,1.799730
_5453_,VPWR,li1,139.3800,68.0000,1.799858
_5452_,VPWR,li1,142.6000,51.6800,1.799849
_5451_,VPWR,li1,146.0500,40.8000,1.799712
_5450_,VPWR,li1,151.3400,40.8000,1.799730
_5449_,VPWR,li1,143.7500,40.8000,1.799706
_5448_,VPWR,li1,139.3800,46.2400,1.799826
_5447_,VPWR,li1,135.7000,46.2400,1.799823
_5446_,VPWR,li1,141.9100,46.2400,1.799831
_5445_,VPWR,li1,139.6100,51.6800,1.799844
_5444_,VPWR,li1,140.5300,57.1200,1.799690
_5443_,VPWR,li1,142.1400,57.1200,1.799703
_5442_,VPWR,li1,139.8400,57.1200,1.799690
_5441_,VPWR,li1,138.2300,62.5600,1.799901
_5440_,VPWR,li1,136.3900,68.0000,1.799856
_5439_,VPWR,li1,137.0800,68.0000,1.799856
_5438_,VPWR,li1,136.3900,73.4400,1.799787
_5437_,VPWR,li1,137.3100,78.8800,1.799863
_5436_,VPWR,li1,138.9200,78.8800,1.799863
_5435_,VPWR,li1,140.9900,78.8800,1.799864
_5434_,VPWR,li1,149.2700,78.8800,1.799869
_5433_,VPWR,li1,149.2700,78.8800,1.799869
_5432_,VPWR,li1,152.0300,78.8800,1.799872
_5431_,VPWR,li1,146.2800,78.8800,1.799867
_5430_,VPWR,li1,149.2700,68.0000,1.799866
_5429_,VPWR,li1,149.7300,62.5600,1.799915
_5428_,VPWR,li1,130.6400,73.4400,1.799788
_5427_,VPWR,li1,139.1500,29.9200,1.799867
_5426_,VPWR,li1,144.4400,29.9200,1.799876
_5425_,VPWR,li1,140.5300,40.8000,1.799698
_5424_,VPWR,li1,132.2500,40.8000,1.799684
_5423_,VPWR,li1,144.2100,40.8000,1.799706
_5422_,VPWR,li1,136.8500,40.8000,1.799692
_5421_,VPWR,li1,137.7700,46.2400,1.799826
_5420_,VPWR,li1,135.9300,46.2400,1.799823
_5419_,VPWR,li1,133.6300,51.6800,1.799834
_5418_,VPWR,li1,132.4800,51.6800,1.799834
_5417_,VPWR,li1,136.1600,51.6800,1.799837
_5416_,VPWR,li1,120.5200,57.1200,1.799637
_5415_,VPWR,li1,132.7100,57.1200,1.799655
_5414_,VPWR,li1,135.4700,57.1200,1.799665
_5413_,VPWR,li1,131.3300,57.1200,1.799644
_5412_,VPWR,li1,132.9400,62.5600,1.799896
_5411_,VPWR,li1,130.6400,62.5600,1.799894
_5410_,VPWR,li1,129.4900,62.5600,1.799893
_5409_,VPWR,li1,133.6300,73.4400,1.799788
_5408_,VPWR,li1,130.6400,73.4400,1.799788
_5407_,VPWR,li1,128.3400,73.4400,1.799789
_5406_,VPWR,li1,125.8100,78.8800,1.799858
_5405_,VPWR,li1,143.2900,78.8800,1.799866
_5404_,VPWR,li1,138.2300,84.3200,1.799733
_5403_,VPWR,li1,139.6100,84.3200,1.799735
_5402_,VPWR,li1,135.9300,84.3200,1.799729
_5401_,VPWR,li1,143.2900,84.3200,1.799740
_5400_,VPWR,li1,146.5100,84.3200,1.799742
_5399_,VPWR,li1,145.1300,84.3200,1.799742
_5398_,VPWR,li1,145.5900,78.8800,1.799867
_5397_,VPWR,li1,142.8300,84.3200,1.799737
_5396_,VPWR,li1,124.4300,35.3600,1.799709
_5395_,VPWR,li1,130.1800,35.3600,1.799721
_5394_,VPWR,li1,125.8100,40.8000,1.799672
_5393_,VPWR,li1,122.1300,40.8000,1.799665
_5392_,VPWR,li1,117.9900,40.8000,1.799662
_5391_,VPWR,li1,129.9500,46.2400,1.799817
_5390_,VPWR,li1,125.3500,46.2400,1.799813
_5389_,VPWR,li1,128.1100,46.2400,1.799816
_5388_,VPWR,li1,125.3500,46.2400,1.799813
_5387_,VPWR,li1,128.3400,46.2400,1.799816
_5386_,VPWR,li1,116.8400,51.6800,1.799818
_5385_,VPWR,li1,123.0500,51.6800,1.799824
_5384_,VPWR,li1,125.3500,51.6800,1.799827
_5383_,VPWR,li1,123.7400,57.1200,1.799631
_5382_,VPWR,li1,121.4400,57.1200,1.799637
_5381_,VPWR,li1,120.7500,62.5600,1.799888
_5380_,VPWR,li1,131.7900,62.5600,1.799894
_5379_,VPWR,li1,123.5100,68.0000,1.799852
_5378_,VPWR,li1,126.5000,68.0000,1.799853
_5377_,VPWR,li1,120.0600,73.4400,1.799792
_5376_,VPWR,li1,124.8900,73.4400,1.799790
_5375_,VPWR,li1,126.2700,73.4400,1.799790
_5374_,VPWR,li1,128.5700,78.8800,1.799859
_5373_,VPWR,li1,126.2700,84.3200,1.799720
_5372_,VPWR,li1,129.0300,84.3200,1.799722
_5371_,VPWR,li1,123.5100,84.3200,1.799718
_5370_,VPWR,li1,129.4900,84.3200,1.799724
_5369_,VPWR,li1,132.9400,84.3200,1.799726
_5368_,VPWR,li1,135.7000,84.3200,1.799729
_5367_,VPWR,li1,130.8700,84.3200,1.799724
_5366_,VPWR,li1,133.1700,84.3200,1.799726
_5365_,VPWR,li1,109.0200,46.2400,1.799805
_5364_,VPWR,li1,107.1800,35.3600,1.799677
_5363_,VPWR,li1,98.4400,46.2400,1.799805
_5362_,VPWR,li1,99.8200,40.8000,1.799648
_5361_,VPWR,li1,100.5100,40.8000,1.799648
_5360_,VPWR,li1,112.0100,46.2400,1.799805
_5359_,VPWR,li1,114.3100,35.3600,1.799686
_5358_,VPWR,li1,117.7600,35.3600,1.799693
_5357_,VPWR,li1,113.3900,40.8000,1.799655
_5356_,VPWR,li1,110.1700,40.8000,1.799653
_5355_,VPWR,li1,105.5700,46.2400,1.799804
_5354_,VPWR,li1,107.4100,46.2400,1.799805
_5353_,VPWR,li1,115.6900,46.2400,1.799807
_5352_,VPWR,li1,118.6800,46.2400,1.799809
_5351_,VPWR,li1,104.4200,62.5600,1.799883
_5350_,VPWR,li1,115.6900,51.6800,1.799818
_5349_,VPWR,li1,113.3900,57.1200,1.799651
_5348_,VPWR,li1,116.3800,57.1200,1.799645
_5347_,VPWR,li1,113.6200,68.0000,1.799852
_5346_,VPWR,li1,113.3900,57.1200,1.799651
_5345_,VPWR,li1,119.8300,62.5600,1.799887
_5344_,VPWR,li1,118.9100,68.0000,1.799851
_5343_,VPWR,li1,120.5200,68.0000,1.799852
_5342_,VPWR,li1,118.2200,68.0000,1.799851
_5341_,VPWR,li1,117.5300,73.4400,1.799793
_5340_,VPWR,li1,115.6900,78.8800,1.799857
_5339_,VPWR,li1,123.0500,78.8800,1.799858
_5338_,VPWR,li1,114.3100,84.3200,1.799713
_5337_,VPWR,li1,122.5900,84.3200,1.799718
_5336_,VPWR,li1,120.9800,84.3200,1.799717
_5335_,VPWR,li1,120.5200,84.3200,1.799717
_5334_,VPWR,li1,125.3500,84.3200,1.799720
_5333_,VPWR,li1,118.4500,84.3200,1.799715
_5332_,VPWR,li1,106.9500,29.9200,1.799828
_5331_,VPWR,li1,112.7000,29.9200,1.799829
_5330_,VPWR,li1,107.8700,40.8000,1.799651
_5329_,VPWR,li1,112.4700,40.8000,1.799655
_5328_,VPWR,li1,103.2700,40.8000,1.799649
_5327_,VPWR,li1,104.6500,51.6800,1.799812
_5326_,VPWR,li1,107.4100,51.6800,1.799814
_5325_,VPWR,li1,103.7300,57.1200,1.799674
_5324_,VPWR,li1,106.7200,57.1200,1.799667
_5323_,VPWR,li1,96.1400,57.1200,1.799693
_5322_,VPWR,li1,102.8100,57.1200,1.799674
_5321_,VPWR,li1,106.0300,62.5600,1.799883
_5320_,VPWR,li1,106.2600,62.5600,1.799883
_5319_,VPWR,li1,103.9600,62.5600,1.799883
_5318_,VPWR,li1,110.6300,62.5600,1.799884
_5317_,VPWR,li1,116.1500,68.0000,1.799852
_5316_,VPWR,li1,110.6300,68.0000,1.799852
_5315_,VPWR,li1,102.1200,73.4400,1.799804
_5314_,VPWR,li1,110.1700,73.4400,1.799797
_5313_,VPWR,li1,115.2300,73.4400,1.799794
_5312_,VPWR,li1,109.7100,78.8800,1.799856
_5311_,VPWR,li1,112.4700,78.8800,1.799856
_5310_,VPWR,li1,105.5700,78.8800,1.799857
_5309_,VPWR,li1,110.6300,84.3200,1.799711
_5308_,VPWR,li1,112.0100,89.7600,1.799656
_5307_,VPWR,li1,113.3900,84.3200,1.799712
_5306_,VPWR,li1,111.5500,84.3200,1.799711
_5305_,VPWR,li1,94.5300,84.3200,1.799710
_5304_,VPWR,li1,101.2000,84.3200,1.799707
_5303_,VPWR,li1,105.1100,40.8000,1.799649
_5302_,VPWR,li1,92.4600,46.2400,1.799806
_5301_,VPWR,li1,101.2000,46.2400,1.799805
_5300_,VPWR,li1,97.7500,51.6800,1.799810
_5299_,VPWR,li1,96.3700,46.2400,1.799806
_5298_,VPWR,li1,93.6100,51.6800,1.799811
_5297_,VPWR,li1,96.6000,51.6800,1.799810
_5296_,VPWR,li1,85.5600,57.1200,1.799725
_5295_,VPWR,li1,93.1500,57.1200,1.799704
_5294_,VPWR,li1,96.8300,62.5600,1.799884
_5293_,VPWR,li1,93.8400,62.5600,1.799885
_5292_,VPWR,li1,92.9200,62.5600,1.799885
_5291_,VPWR,li1,95.9100,62.5600,1.799884
_5290_,VPWR,li1,101.4300,68.0000,1.799855
_5289_,VPWR,li1,97.7500,68.0000,1.799855
_5288_,VPWR,li1,100.7400,68.0000,1.799855
_5287_,VPWR,li1,89.7000,73.4400,1.799818
_5286_,VPWR,li1,98.6700,73.4400,1.799806
_5285_,VPWR,li1,103.7300,73.4400,1.799804
_5284_,VPWR,li1,98.4400,78.8800,1.799858
_5283_,VPWR,li1,101.6600,78.8800,1.799857
_5282_,VPWR,li1,106.2600,78.8800,1.799857
_5281_,VPWR,li1,104.1900,78.8800,1.799857
_5280_,VPWR,li1,107.8700,84.3200,1.799710
_5279_,VPWR,li1,106.0300,84.3200,1.799709
_5278_,VPWR,li1,83.9500,78.8800,1.799864
_5277_,VPWR,li1,90.1600,78.8800,1.799860
_5276_,VPWR,li1,89.4700,40.8000,1.799645
_5275_,VPWR,li1,95.2200,40.8000,1.799646
_5274_,VPWR,li1,86.2500,46.2400,1.799809
_5273_,VPWR,li1,88.5500,46.2400,1.799808
_5272_,VPWR,li1,84.4100,51.6800,1.799814
_5271_,VPWR,li1,87.4000,51.6800,1.799813
_5270_,VPWR,li1,80.0400,51.6800,1.799818
_5269_,VPWR,li1,84.8700,51.6800,1.799814
_5268_,VPWR,li1,86.7100,57.1200,1.799718
_5267_,VPWR,li1,83.7200,62.5600,1.799890
_5266_,VPWR,li1,84.6400,57.1200,1.799725
_5265_,VPWR,li1,84.8700,62.5600,1.799889
_5264_,VPWR,li1,90.8500,62.5600,1.799886
_5263_,VPWR,li1,86.2500,68.0000,1.799861
_5262_,VPWR,li1,89.2400,68.0000,1.799859
_5261_,VPWR,li1,78.2000,68.0000,1.799867
_5260_,VPWR,li1,86.7100,68.0000,1.799861
_5259_,VPWR,li1,91.3100,73.4400,1.799814
_5258_,VPWR,li1,92.4600,73.4400,1.799814
_5257_,VPWR,li1,89.2400,73.4400,1.799818
_5256_,VPWR,li1,89.7000,78.8800,1.799860
_5255_,VPWR,li1,91.7700,78.8800,1.799859
_5254_,VPWR,li1,94.3000,78.8800,1.799859
_5253_,VPWR,li1,96.8300,78.8800,1.799858
_5252_,VPWR,li1,94.9900,78.8800,1.799859
_5251_,VPWR,li1,89.9300,40.8000,1.799645
_5250_,VPWR,li1,72.9100,78.8800,1.799870
_5249_,VPWR,li1,66.0100,78.8800,1.799875
_5248_,VPWR,li1,70.1500,78.8800,1.799873
_5247_,VPWR,li1,61.8700,29.9200,1.799833
_5246_,VPWR,li1,72.2200,40.8000,1.799656
_5245_,VPWR,li1,74.9800,40.8000,1.799647
_5244_,VPWR,li1,74.2900,35.3600,1.799694
_5243_,VPWR,li1,80.5000,35.3600,1.799681
_5242_,VPWR,li1,73.8300,35.3600,1.799694
_5241_,VPWR,li1,70.1500,35.3600,1.799702
_5240_,VPWR,li1,70.1500,40.8000,1.799668
_5239_,VPWR,li1,77.9700,40.8000,1.799646
_5238_,VPWR,li1,79.8100,46.2400,1.799815
_5237_,VPWR,li1,82.8000,46.2400,1.799813
_5236_,VPWR,li1,70.8400,46.2400,1.799831
_5235_,VPWR,li1,76.5900,46.2400,1.799821
_5234_,VPWR,li1,75.2100,51.6800,1.799822
_5233_,VPWR,li1,77.9700,51.6800,1.799820
_5232_,VPWR,li1,68.0800,57.1200,1.799780
_5231_,VPWR,li1,74.7500,57.1200,1.799755
_5230_,VPWR,li1,80.7300,62.5600,1.799892
_5229_,VPWR,li1,76.1300,62.5600,1.799896
_5228_,VPWR,li1,78.8900,62.5600,1.799893
_5227_,VPWR,li1,67.6200,62.5600,1.799905
_5226_,VPWR,li1,76.1300,68.0000,1.799869
_5225_,VPWR,li1,73.8300,73.4400,1.799838
_5224_,VPWR,li1,79.5800,73.4400,1.799830
_5223_,VPWR,li1,76.3600,73.4400,1.799833
_5222_,VPWR,li1,78.6600,78.8800,1.799867
_5221_,VPWR,li1,78.8900,73.4400,1.799830
_5220_,VPWR,li1,84.1800,73.4400,1.799825
_5219_,VPWR,li1,81.1900,73.4400,1.799827
_5218_,VPWR,li1,76.8200,73.4400,1.799833
_5217_,VPWR,li1,63.7100,24.4800,1.799709
_5216_,VPWR,li1,74.0600,29.9200,1.799826
_5215_,VPWR,li1,66.9300,35.3600,1.799710
_5214_,VPWR,li1,63.7100,35.3600,1.799719
_5213_,VPWR,li1,66.4700,29.9200,1.799828
_5212_,VPWR,li1,52.4400,35.3600,1.799762
_5211_,VPWR,li1,58.8800,35.3600,1.799734
_5210_,VPWR,li1,62.3300,40.8000,1.799692
_5209_,VPWR,li1,66.4700,40.8000,1.799679
_5208_,VPWR,li1,59.1100,46.2400,1.799854
_5207_,VPWR,li1,62.1000,46.2400,1.799848
_5206_,VPWR,li1,51.9800,46.2400,1.799873
_5205_,VPWR,li1,59.5700,46.2400,1.799854
_5204_,VPWR,li1,67.8500,51.6800,1.799831
_5203_,VPWR,li1,71.7600,51.6800,1.799826
_5202_,VPWR,li1,49.2200,51.6800,1.799870
_5201_,VPWR,li1,66.9300,51.6800,1.799831
_5200_,VPWR,li1,65.0900,57.1200,1.799789
_5199_,VPWR,li1,62.7900,57.1200,1.799798
_5198_,VPWR,li1,51.5200,57.1200,1.799834
_5197_,VPWR,li1,66.9300,57.1200,1.799780
_5196_,VPWR,li1,62.5600,62.5600,1.799910
_5195_,VPWR,li1,64.6300,62.5600,1.799908
_5194_,VPWR,li1,71.0700,62.5600,1.799900
_5193_,VPWR,li1,67.1600,62.5600,1.799905
_5192_,VPWR,li1,71.3000,68.0000,1.799872
_5191_,VPWR,li1,72.4500,68.0000,1.799872
_5190_,VPWR,li1,71.3000,73.4400,1.799843
_5189_,VPWR,li1,70.1500,68.0000,1.799874
_5188_,VPWR,li1,68.0800,68.0000,1.799877
_5187_,VPWR,li1,56.3500,51.6800,1.799852
_5186_,VPWR,li1,60.7200,51.6800,1.799840
_5185_,VPWR,li1,58.1900,29.9200,1.799838
_5184_,VPWR,li1,50.8300,29.9200,1.799853
_5183_,VPWR,li1,58.4200,35.3600,1.799734
_5182_,VPWR,li1,51.7500,40.8000,1.799740
_5181_,VPWR,li1,56.1200,40.8000,1.799720
_5180_,VPWR,li1,44.3900,40.8000,1.799780
_5179_,VPWR,li1,49.4500,40.8000,1.799757
_5178_,VPWR,li1,48.9900,46.2400,1.799880
_5177_,VPWR,li1,51.7500,46.2400,1.799873
_5176_,VPWR,li1,40.0200,46.2400,1.799905
_5175_,VPWR,li1,46.6900,51.6800,1.799877
_5174_,VPWR,li1,42.5500,51.6800,1.799889
_5173_,VPWR,li1,44.3900,51.6800,1.799883
_5172_,VPWR,li1,30.3600,51.6800,1.799930
_5171_,VPWR,li1,42.0900,57.1200,1.799872
_5170_,VPWR,li1,48.7600,57.1200,1.799845
_5169_,VPWR,li1,55.4300,57.1200,1.799821
_5168_,VPWR,li1,51.9800,57.1200,1.799834
_5167_,VPWR,li1,52.4400,62.5600,1.799927
_5166_,VPWR,li1,54.5100,62.5600,1.799922
_5165_,VPWR,li1,59.3400,62.5600,1.799916
_5164_,VPWR,li1,60.4900,62.5600,1.799913
_5163_,VPWR,li1,57.5000,62.5600,1.799919
_5162_,VPWR,li1,38.4100,24.4800,1.799847
_5161_,VPWR,li1,48.3000,24.4800,1.799786
_5160_,VPWR,li1,49.6800,29.9200,1.799853
_5159_,VPWR,li1,66.7000,78.8800,1.799875
_5158_,VPWR,li1,61.1800,78.8800,1.799880
_5157_,VPWR,li1,51.5200,73.4400,1.799880
_5156_,VPWR,li1,60.4900,73.4400,1.799859
_5155_,VPWR,li1,54.5100,29.9200,1.799842
_5154_,VPWR,li1,44.8500,29.9200,1.799869
_5153_,VPWR,li1,48.5300,35.3600,1.799775
_5152_,VPWR,li1,47.6100,35.3600,1.799775
_5151_,VPWR,li1,42.5500,35.3600,1.799800
_5150_,VPWR,li1,44.6200,62.5600,1.799937
_5149_,VPWR,li1,41.1700,40.8000,1.799805
_5148_,VPWR,li1,39.7900,40.8000,1.799805
_5147_,VPWR,li1,41.4000,46.2400,1.799905
_5146_,VPWR,li1,40.0200,62.5600,1.799944
_5145_,VPWR,li1,37.0300,46.2400,1.799913
_5144_,VPWR,li1,33.3500,46.2400,1.799926
_5143_,VPWR,li1,33.8100,46.2400,1.799926
_5142_,VPWR,li1,31.9700,62.5600,1.799958
_5141_,VPWR,li1,29.6700,51.6800,1.799930
_5140_,VPWR,li1,33.1200,51.6800,1.799923
_5139_,VPWR,li1,27.8300,57.1200,1.799926
_5138_,VPWR,li1,31.2800,57.1200,1.799914
_5137_,VPWR,li1,38.6400,57.1200,1.799883
_5136_,VPWR,li1,36.5700,57.1200,1.799891
_5135_,VPWR,li1,46.4600,57.1200,1.799853
_5134_,VPWR,li1,43.0100,57.1200,1.799872
_5133_,VPWR,li1,40.0200,57.1200,1.799883
_5132_,VPWR,li1,17.7100,51.6800,1.799959
_5131_,VPWR,li1,24.8400,46.2400,1.799952
_5130_,VPWR,li1,52.6700,68.0000,1.799894
_5129_,VPWR,li1,50.3700,68.0000,1.799900
_5128_,VPWR,li1,60.4900,68.0000,1.799884
_5127_,VPWR,li1,54.9700,73.4400,1.799872
_5126_,VPWR,li1,45.7700,68.0000,1.799906
_5125_,VPWR,li1,47.6100,73.4400,1.799894
_5124_,VPWR,li1,45.5400,78.8800,1.799896
_5123_,VPWR,li1,46.2300,68.0000,1.799906
_5122_,VPWR,li1,42.7800,68.0000,1.799914
_5121_,VPWR,li1,39.5600,68.0000,1.799919
_5120_,VPWR,li1,42.5500,62.5600,1.799940
_5119_,VPWR,li1,38.1800,73.4400,1.799916
_5118_,VPWR,li1,37.2600,62.5600,1.799950
_5117_,VPWR,li1,36.5700,62.5600,1.799950
_5116_,VPWR,li1,30.8200,68.0000,1.799941
_5115_,VPWR,li1,30.1300,62.5600,1.799962
_5114_,VPWR,li1,33.1200,68.0000,1.799935
_5113_,VPWR,li1,33.1200,62.5600,1.799958
_5112_,VPWR,li1,29.9000,62.5600,1.799962
_5111_,VPWR,li1,21.3900,57.1200,1.799956
_5110_,VPWR,li1,24.3800,62.5600,1.799972
_5109_,VPWR,li1,18.8600,57.1200,1.799956
_5108_,VPWR,li1,25.0700,57.1200,1.799939
_5107_,VPWR,li1,24.8400,57.1200,1.799939
_5106_,VPWR,li1,22.7700,57.1200,1.799947
_5105_,VPWR,li1,20.7000,57.1200,1.799956
_5104_,VPWR,li1,16.3300,68.0000,1.799959
_5103_,VPWR,li1,23.9200,68.0000,1.799958
_5102_,VPWR,li1,64.4000,73.4400,1.799851
_5101_,VPWR,li1,61.1800,68.0000,1.799884
_5100_,VPWR,li1,64.6300,73.4400,1.799851
_5099_,VPWR,li1,59.3400,84.3200,1.799788
_5098_,VPWR,li1,54.2800,73.4400,1.799872
_5097_,VPWR,li1,54.2800,78.8800,1.799884
_5096_,VPWR,li1,48.5300,78.8800,1.799891
_5095_,VPWR,li1,50.3700,78.8800,1.799889
_5094_,VPWR,li1,51.2900,84.3200,1.799817
_5093_,VPWR,li1,46.2300,78.8800,1.799896
_5092_,VPWR,li1,42.7800,78.8800,1.799901
_5091_,VPWR,li1,39.1000,78.8800,1.799909
_5090_,VPWR,li1,40.2500,73.4400,1.799911
_5089_,VPWR,li1,38.1800,84.3200,1.799869
_5088_,VPWR,li1,38.1800,73.4400,1.799916
_5087_,VPWR,li1,42.5500,73.4400,1.799904
_5086_,VPWR,li1,33.1200,78.8800,1.799925
_5085_,VPWR,li1,35.6500,73.4400,1.799924
_5084_,VPWR,li1,32.6600,84.3200,1.799896
_5083_,VPWR,li1,33.1200,73.4400,1.799931
_5082_,VPWR,li1,32.8900,73.4400,1.799931
_5081_,VPWR,li1,26.4500,73.4400,1.799950
_5080_,VPWR,li1,29.4400,73.4400,1.799944
_5079_,VPWR,li1,28.5200,73.4400,1.799944
_5078_,VPWR,li1,28.5200,68.0000,1.799946
_5077_,VPWR,li1,25.9900,68.0000,1.799953
_5076_,VPWR,li1,25.7600,62.5600,1.799972
_5075_,VPWR,li1,23.9200,62.5600,1.799976
_5074_,VPWR,li1,21.8500,68.0000,1.799964
_5073_,VPWR,li1,17.2500,78.8800,1.799938
_5072_,VPWR,li1,23.0000,78.8800,1.799946
_5071_,VPWR,li1,61.4100,84.3200,1.799780
_5070_,VPWR,li1,59.5700,78.8800,1.799880
_5069_,VPWR,li1,58.8800,89.7600,1.799694
_5068_,VPWR,li1,54.7400,84.3200,1.799810
_5067_,VPWR,li1,55.4300,84.3200,1.799802
_5066_,VPWR,li1,48.3000,84.3200,1.799829
_5065_,VPWR,li1,48.7600,89.7600,1.799744
_5064_,VPWR,li1,48.7600,95.2000,1.799756
_5063_,VPWR,li1,46.4600,89.7600,1.799760
_5062_,VPWR,li1,42.3200,89.7600,1.799791
_5061_,VPWR,li1,39.1000,89.7600,1.799803
_5060_,VPWR,li1,40.9400,84.3200,1.799858
_5059_,VPWR,li1,40.0200,95.2000,1.799809
_5058_,VPWR,li1,40.9400,89.7600,1.799791
_5057_,VPWR,li1,38.8700,89.7600,1.799803
_5056_,VPWR,li1,33.5800,89.7600,1.799837
_5055_,VPWR,li1,33.8100,89.7600,1.799837
_5054_,VPWR,li1,34.0400,95.2000,1.799856
_5053_,VPWR,li1,30.3600,89.7600,1.799869
_5052_,VPWR,li1,33.3500,84.3200,1.799889
_5051_,VPWR,li1,25.0700,84.3200,1.799923
_5050_,VPWR,li1,27.1400,84.3200,1.799914
_5049_,VPWR,li1,28.5200,84.3200,1.799914
_5048_,VPWR,li1,24.8400,84.3200,1.799930
_5047_,VPWR,li1,29.6700,84.3200,1.799904
_5046_,VPWR,li1,25.3000,78.8800,1.799941
_5045_,VPWR,li1,21.1600,78.8800,1.799951
_5044_,VPWR,li1,27.8300,78.8800,1.799935
_5043_,VPWR,li1,17.7100,95.2000,1.799928
_5042_,VPWR,li1,22.5400,89.7600,1.799911
_5041_,VPWR,li1,63.7100,84.3200,1.799772
_5040_,VPWR,li1,66.0100,84.3200,1.799766
_5039_,VPWR,li1,73.8300,84.3200,1.799743
_5038_,VPWR,li1,72.4500,111.5200,1.799848
_5037_,VPWR,li1,101.8900,100.6400,1.799852
_5036_,VPWR,li1,65.0900,116.9600,1.799903
_5035_,VPWR,li1,69.6900,116.9600,1.799898
_5034_,VPWR,li1,66.4700,111.5200,1.799852
_5033_,VPWR,li1,59.5700,89.7600,1.799682
_5032_,VPWR,li1,57.9600,95.2000,1.799699
_5031_,VPWR,li1,55.8900,95.2000,1.799712
_5030_,VPWR,li1,51.9800,95.2000,1.799735
_5029_,VPWR,li1,49.6800,95.2000,1.799756
_5028_,VPWR,li1,52.6700,89.7600,1.799725
_5027_,VPWR,li1,49.6800,122.4000,1.799886
_5026_,VPWR,li1,51.9800,95.2000,1.799735
_5025_,VPWR,li1,46.0000,95.2000,1.799782
_5024_,VPWR,li1,42.7800,100.6400,1.799921
_5023_,VPWR,li1,45.5400,100.6400,1.799917
_5022_,VPWR,li1,41.4000,116.9600,1.799938
_5021_,VPWR,li1,40.4800,100.6400,1.799925
_5020_,VPWR,li1,42.5500,95.2000,1.799794
_5019_,VPWR,li1,38.6400,100.6400,1.799929
_5018_,VPWR,li1,36.5700,100.6400,1.799933
_5017_,VPWR,li1,38.1800,111.5200,1.799899
_5016_,VPWR,li1,33.1200,100.6400,1.799943
_5015_,VPWR,li1,34.7300,95.2000,1.799841
_5014_,VPWR,li1,26.4500,100.6400,1.799954
_5013_,VPWR,li1,28.5200,95.2000,1.799881
_5012_,VPWR,li1,29.9000,100.6400,1.799947
_5011_,VPWR,li1,25.7600,95.2000,1.799897
_5010_,VPWR,li1,28.2900,95.2000,1.799881
_5009_,VPWR,li1,29.9000,89.7600,1.799869
_5008_,VPWR,li1,22.0800,95.2000,1.799928
_5007_,VPWR,li1,23.6900,89.7600,1.799911
_5006_,VPWR,li1,18.6300,106.0800,1.799961
_5005_,VPWR,li1,23.0000,106.0800,1.799962
_5004_,VPWR,li1,57.7300,111.5200,1.799864
_5003_,VPWR,li1,58.4200,116.9600,1.799914
_5002_,VPWR,li1,66.9300,116.9600,1.799900
_5001_,VPWR,li1,54.9700,116.9600,1.799917
_5000_,VPWR,li1,55.4300,122.4000,1.799873
_4999_,VPWR,li1,51.9800,122.4000,1.799881
_4998_,VPWR,li1,55.2000,122.4000,1.799873
_4997_,VPWR,li1,53.5900,116.9600,1.799921
_4996_,VPWR,li1,52.9000,127.8400,1.799899
_4995_,VPWR,li1,49.6800,116.9600,1.799924
_4994_,VPWR,li1,49.6800,122.4000,1.799886
_4993_,VPWR,li1,42.7800,122.4000,1.799904
_4992_,VPWR,li1,44.6200,122.4000,1.799899
_4991_,VPWR,li1,47.3800,127.8400,1.799910
_4990_,VPWR,li1,39.1000,116.9600,1.799942
_4989_,VPWR,li1,44.8500,116.9600,1.799935
_4988_,VPWR,li1,41.4000,116.9600,1.799938
_4987_,VPWR,li1,39.3300,116.9600,1.799942
_4986_,VPWR,li1,44.1600,111.5200,1.799887
_4985_,VPWR,li1,33.5800,116.9600,1.799951
_4984_,VPWR,li1,36.5700,116.9600,1.799946
_4983_,VPWR,li1,33.3500,106.0800,1.799930
_4982_,VPWR,li1,36.3400,106.0800,1.799924
_4981_,VPWR,li1,34.9600,111.5200,1.799906
_4980_,VPWR,li1,28.9800,106.0800,1.799946
_4979_,VPWR,li1,31.0500,106.0800,1.799938
_4978_,VPWR,li1,26.6800,100.6400,1.799954
_4977_,VPWR,li1,27.3700,106.0800,1.799946
_4976_,VPWR,li1,23.4600,100.6400,1.799960
_4975_,VPWR,li1,48.3000,138.7200,1.799954
_4974_,VPWR,li1,53.3600,144.1600,1.799963
_4973_,VPWR,li1,19.5500,111.5200,1.799935
_4972_,VPWR,li1,27.6000,111.5200,1.799921
_4971_,VPWR,li1,62.7900,111.5200,1.799856
_4970_,VPWR,li1,71.7600,116.9600,1.799896
_4969_,VPWR,li1,73.3700,116.9600,1.799896
_4968_,VPWR,li1,64.8600,122.4000,1.799853
_4967_,VPWR,li1,59.3400,116.9600,1.799911
_4966_,VPWR,li1,62.7900,122.4000,1.799857
_4965_,VPWR,li1,59.3400,133.2800,1.799888
_4964_,VPWR,li1,57.9600,127.8400,1.799888
_4963_,VPWR,li1,53.8200,127.8400,1.799899
_4962_,VPWR,li1,59.5700,127.8400,1.799888
_4961_,VPWR,li1,50.6000,127.8400,1.799903
_4960_,VPWR,li1,50.3700,127.8400,1.799903
_4959_,VPWR,li1,63.0200,127.8400,1.799880
_4958_,VPWR,li1,48.3000,127.8400,1.799910
_4957_,VPWR,li1,46.0000,127.8400,1.799917
_4956_,VPWR,li1,49.6800,111.5200,1.799877
_4955_,VPWR,li1,51.9800,111.5200,1.799873
_4954_,VPWR,li1,53.3600,111.5200,1.799870
_4953_,VPWR,li1,46.9200,111.5200,1.799884
_4952_,VPWR,li1,48.9900,111.5200,1.799877
_4951_,VPWR,li1,50.3700,106.0800,1.799891
_4950_,VPWR,li1,46.4600,106.0800,1.799901
_4949_,VPWR,li1,46.9200,106.0800,1.799896
_4948_,VPWR,li1,42.7800,106.0800,1.799906
_4947_,VPWR,li1,41.6300,106.0800,1.799911
_4946_,VPWR,li1,38.6400,106.0800,1.799917
_4945_,VPWR,li1,30.1300,111.5200,1.799915
_4944_,VPWR,li1,32.2000,111.5200,1.799911
_4943_,VPWR,li1,52.4400,138.7200,1.799947
_4942_,VPWR,li1,50.3700,144.1600,1.799965
_4941_,VPWR,li1,55.2000,149.6000,1.799942
_4940_,VPWR,li1,51.9800,144.1600,1.799965
_4939_,VPWR,li1,46.2300,144.1600,1.799968
_4938_,VPWR,li1,59.5700,149.6000,1.799937
_4937_,VPWR,li1,58.1900,133.2800,1.799888
_4936_,VPWR,li1,57.5000,138.7200,1.799941
_4935_,VPWR,li1,69.2300,89.7600,1.799638
_4934_,VPWR,li1,75.4400,89.7600,1.799614
_4933_,VPWR,li1,75.6700,111.5200,1.799845
_4932_,VPWR,li1,78.6600,111.5200,1.799844
_4931_,VPWR,li1,75.6700,116.9600,1.799894
_4930_,VPWR,li1,77.5100,116.9600,1.799891
_4929_,VPWR,li1,73.8300,122.4000,1.799844
_4928_,VPWR,li1,79.5800,122.4000,1.799839
_4927_,VPWR,li1,71.3000,122.4000,1.799846
_4926_,VPWR,li1,75.9000,127.8400,1.799860
_4925_,VPWR,li1,72.2200,133.2800,1.799866
_4924_,VPWR,li1,70.8400,127.8400,1.799867
_4923_,VPWR,li1,67.6200,133.2800,1.799872
_4922_,VPWR,li1,66.2400,133.2800,1.799876
_4921_,VPWR,li1,66.4700,127.8400,1.799875
_4920_,VPWR,li1,66.4700,122.4000,1.799853
_4919_,VPWR,li1,68.5400,106.0800,1.799851
_4918_,VPWR,li1,70.8400,106.0800,1.799847
_4917_,VPWR,li1,68.5400,106.0800,1.799851
_4916_,VPWR,li1,59.3400,106.0800,1.799868
_4915_,VPWR,li1,65.0900,106.0800,1.799861
_4914_,VPWR,li1,59.1100,100.6400,1.799896
_4913_,VPWR,li1,66.7000,100.6400,1.799887
_4912_,VPWR,li1,63.4800,100.6400,1.799891
_4911_,VPWR,li1,54.2800,100.6400,1.799903
_4910_,VPWR,li1,59.5700,100.6400,1.799896
_4909_,VPWR,li1,56.1200,106.0800,1.799875
_4908_,VPWR,li1,51.7500,100.6400,1.799907
_4907_,VPWR,li1,54.7400,100.6400,1.799903
_4906_,VPWR,li1,60.4900,138.7200,1.799938
_4905_,VPWR,li1,59.1100,138.7200,1.799941
_4904_,VPWR,li1,61.4100,138.7200,1.799938
_4903_,VPWR,li1,61.4100,149.6000,1.799936
_4902_,VPWR,li1,53.8200,149.6000,1.799946
_4901_,VPWR,li1,55.8900,149.6000,1.799942
_4900_,VPWR,li1,63.0200,149.6000,1.799936
_4899_,VPWR,li1,56.1200,155.0400,1.799921
_4898_,VPWR,li1,66.0100,144.1600,1.799954
_4897_,VPWR,li1,59.5700,95.2000,1.799699
_4896_,VPWR,li1,66.7000,89.7600,1.799648
_4895_,VPWR,li1,74.7500,106.0800,1.799841
_4894_,VPWR,li1,77.9700,111.5200,1.799844
_4893_,VPWR,li1,76.1300,111.5200,1.799845
_4892_,VPWR,li1,101.4300,106.0800,1.799818
_4891_,VPWR,li1,111.7800,100.6400,1.799847
_4890_,VPWR,li1,102.3500,106.0800,1.799818
_4889_,VPWR,li1,102.5800,111.5200,1.799843
_4888_,VPWR,li1,81.6500,122.4000,1.799838
_4887_,VPWR,li1,80.7300,116.9600,1.799889
_4886_,VPWR,li1,77.2800,122.4000,1.799841
_4885_,VPWR,li1,80.7300,127.8400,1.799853
_4884_,VPWR,li1,81.8800,127.8400,1.799853
_4883_,VPWR,li1,82.8000,138.7200,1.799919
_4882_,VPWR,li1,79.5800,138.7200,1.799922
_4881_,VPWR,li1,79.5800,133.2800,1.799860
_4880_,VPWR,li1,76.1300,133.2800,1.799861
_4879_,VPWR,li1,79.5800,133.2800,1.799860
_4878_,VPWR,li1,74.9800,133.2800,1.799864
_4877_,VPWR,li1,71.7600,133.2800,1.799866
_4876_,VPWR,li1,73.8300,138.7200,1.799928
_4875_,VPWR,li1,73.6000,111.5200,1.799846
_4874_,VPWR,li1,75.9000,106.0800,1.799841
_4873_,VPWR,li1,80.5000,106.0800,1.799834
_4872_,VPWR,li1,76.8200,100.6400,1.799874
_4871_,VPWR,li1,73.3700,100.6400,1.799878
_4870_,VPWR,li1,78.4300,95.2000,1.799592
_4869_,VPWR,li1,74.0600,95.2000,1.799613
_4868_,VPWR,li1,74.9800,95.2000,1.799613
_4867_,VPWR,li1,71.3000,95.2000,1.799628
_4866_,VPWR,li1,71.0700,95.2000,1.799628
_4865_,VPWR,li1,63.0200,100.6400,1.799893
_4864_,VPWR,li1,66.9300,95.2000,1.799657
_4863_,VPWR,li1,64.4000,95.2000,1.799668
_4862_,VPWR,li1,70.1500,138.7200,1.799930
_4861_,VPWR,li1,72.9100,138.7200,1.799928
_4860_,VPWR,li1,67.8500,144.1600,1.799952
_4859_,VPWR,li1,67.3900,138.7200,1.799933
_4858_,VPWR,li1,62.7900,144.1600,1.799956
_4857_,VPWR,li1,61.4100,144.1600,1.799958
_4856_,VPWR,li1,63.9400,160.4800,1.799912
_4855_,VPWR,li1,65.3200,155.0400,1.799907
_4854_,VPWR,li1,60.0300,144.1600,1.799958
_4853_,VPWR,li1,61.8700,155.0400,1.799912
_4852_,VPWR,li1,86.2500,133.2800,1.799853
_4851_,VPWR,li1,87.1700,144.1600,1.799941
_4850_,VPWR,li1,70.8400,149.6000,1.799928
_4849_,VPWR,li1,80.2700,84.3200,1.799731
_4848_,VPWR,li1,92.0000,89.7600,1.799604
_4847_,VPWR,li1,103.2700,89.7600,1.799634
_4846_,VPWR,li1,100.7400,95.2000,1.799493
_4845_,VPWR,li1,113.3900,106.0800,1.799815
_4844_,VPWR,li1,98.2100,116.9600,1.799881
_4843_,VPWR,li1,99.1300,122.4000,1.799838
_4842_,VPWR,li1,94.3000,127.8400,1.799839
_4841_,VPWR,li1,99.3600,127.8400,1.799837
_4840_,VPWR,li1,91.5400,122.4000,1.799837
_4839_,VPWR,li1,89.2400,127.8400,1.799844
_4838_,VPWR,li1,96.1400,127.8400,1.799838
_4837_,VPWR,li1,90.6200,127.8400,1.799844
_4836_,VPWR,li1,84.6400,127.8400,1.799848
_4835_,VPWR,li1,82.8000,133.2800,1.799857
_4834_,VPWR,li1,85.3300,127.8400,1.799848
_4833_,VPWR,li1,88.7800,111.5200,1.799841
_4832_,VPWR,li1,85.5600,111.5200,1.799842
_4831_,VPWR,li1,92.4600,111.5200,1.799840
_4830_,VPWR,li1,90.6200,106.0800,1.799825
_4829_,VPWR,li1,85.3300,100.6400,1.799865
_4828_,VPWR,li1,92.6900,100.6400,1.799858
_4827_,VPWR,li1,82.3400,100.6400,1.799868
_4826_,VPWR,li1,85.5600,100.6400,1.799865
_4825_,VPWR,li1,88.3200,95.2000,1.799547
_4824_,VPWR,li1,85.3300,95.2000,1.799559
_4823_,VPWR,li1,77.7400,95.2000,1.799603
_4822_,VPWR,li1,83.0300,95.2000,1.799570
_4821_,VPWR,li1,80.0400,95.2000,1.799592
_4820_,VPWR,li1,89.4700,116.9600,1.799884
_4819_,VPWR,li1,89.0100,111.5200,1.799841
_4818_,VPWR,li1,86.7100,122.4000,1.799838
_4817_,VPWR,li1,79.8100,144.1600,1.799945
_4816_,VPWR,li1,79.3500,144.1600,1.799945
_4815_,VPWR,li1,76.5900,144.1600,1.799947
_4814_,VPWR,li1,82.1100,144.1600,1.799944
_4813_,VPWR,li1,71.9900,149.6000,1.799926
_4812_,VPWR,li1,72.4500,149.6000,1.799926
_4811_,VPWR,li1,69.2300,155.0400,1.799903
_4810_,VPWR,li1,71.9900,155.0400,1.799899
_4809_,VPWR,li1,74.9800,155.0400,1.799896
_4808_,VPWR,li1,84.8700,144.1600,1.799942
_4807_,VPWR,li1,80.5000,155.0400,1.799891
_4806_,VPWR,li1,82.1100,84.3200,1.799727
_4805_,VPWR,li1,96.1400,89.7600,1.799613
_4804_,VPWR,li1,100.0500,95.2000,1.799493
_4803_,VPWR,li1,107.1800,100.6400,1.799850
_4802_,VPWR,li1,120.0600,106.0800,1.799815
_4801_,VPWR,li1,127.6500,100.6400,1.799847
_4800_,VPWR,li1,122.8200,100.6400,1.799846
_4799_,VPWR,li1,100.9700,100.6400,1.799852
_4798_,VPWR,li1,102.3500,95.2000,1.799486
_4797_,VPWR,li1,100.9700,133.2800,1.799843
_4796_,VPWR,li1,101.8900,127.8400,1.799835
_4795_,VPWR,li1,106.4900,127.8400,1.799833
_4794_,VPWR,li1,101.6600,122.4000,1.799838
_4793_,VPWR,li1,105.8000,122.4000,1.799838
_4792_,VPWR,li1,101.2000,138.7200,1.799909
_4791_,VPWR,li1,101.2000,138.7200,1.799909
_4790_,VPWR,li1,97.5200,133.2800,1.799846
_4789_,VPWR,li1,94.0700,133.2800,1.799847
_4788_,VPWR,li1,101.6600,133.2800,1.799843
_4787_,VPWR,li1,93.8400,133.2800,1.799847
_4786_,VPWR,li1,89.2400,133.2800,1.799851
_4785_,VPWR,li1,91.3100,133.2800,1.799849
_4784_,VPWR,li1,94.3000,116.9600,1.799882
_4783_,VPWR,li1,99.3600,116.9600,1.799881
_4782_,VPWR,li1,104.4200,111.5200,1.799843
_4781_,VPWR,li1,93.8400,111.5200,1.799840
_4780_,VPWR,li1,96.1400,111.5200,1.799841
_4779_,VPWR,li1,89.4700,106.0800,1.799825
_4778_,VPWR,li1,96.1400,106.0800,1.799821
_4777_,VPWR,li1,98.9000,100.6400,1.799853
_4776_,VPWR,li1,89.9300,100.6400,1.799861
_4775_,VPWR,li1,89.2400,100.6400,1.799863
_4774_,VPWR,li1,96.1400,95.2000,1.799510
_4773_,VPWR,li1,92.2300,95.2000,1.799527
_4772_,VPWR,li1,155.2500,57.1200,1.799775
_4771_,VPWR,li1,107.1800,84.3200,1.799709
_4770_,VPWR,li1,86.7100,116.9600,1.799885
_4769_,VPWR,li1,93.1500,122.4000,1.799837
_4768_,VPWR,li1,92.2300,144.1600,1.799939
_4767_,VPWR,li1,94.9900,144.1600,1.799938
_4766_,VPWR,li1,88.5500,149.6000,1.799911
_4765_,VPWR,li1,90.8500,144.1600,1.799939
_4764_,VPWR,li1,83.0300,155.0400,1.799888
_4763_,VPWR,li1,82.1100,149.6000,1.799917
_4762_,VPWR,li1,85.7900,155.0400,1.799884
_4761_,VPWR,li1,79.8100,149.6000,1.799919
_4760_,VPWR,li1,79.8100,155.0400,1.799891
_4759_,VPWR,li1,89.0100,144.1600,1.799940
_4758_,VPWR,li1,94.7600,155.0400,1.799875
_4757_,VPWR,li1,105.5700,89.7600,1.799640
_4756_,VPWR,li1,112.2400,89.7600,1.799656
_4755_,VPWR,li1,119.8300,100.6400,1.799845
_4754_,VPWR,li1,118.4500,100.6400,1.799845
_4753_,VPWR,li1,112.9300,127.8400,1.799832
_4752_,VPWR,li1,109.0200,127.8400,1.799833
_4751_,VPWR,li1,121.9000,127.8400,1.799835
_4750_,VPWR,li1,110.6300,122.4000,1.799839
_4749_,VPWR,li1,110.8600,133.2800,1.799842
_4748_,VPWR,li1,112.7000,133.2800,1.799843
_4747_,VPWR,li1,115.9200,133.2800,1.799843
_4746_,VPWR,li1,109.4800,138.7200,1.799907
_4745_,VPWR,li1,106.2600,133.2800,1.799842
_4744_,VPWR,li1,106.7200,133.2800,1.799842
_4743_,VPWR,li1,106.7200,116.9600,1.799880
_4742_,VPWR,li1,110.8600,116.9600,1.799881
_4741_,VPWR,li1,115.9200,116.9600,1.799882
_4740_,VPWR,li1,109.9400,116.9600,1.799881
_4739_,VPWR,li1,112.2400,116.9600,1.799881
_4738_,VPWR,li1,109.9400,111.5200,1.799845
_4737_,VPWR,li1,106.0300,111.5200,1.799843
_4736_,VPWR,li1,114.0800,100.6400,1.799846
_4735_,VPWR,li1,110.8600,100.6400,1.799847
_4734_,VPWR,li1,107.8700,100.6400,1.799850
_4733_,VPWR,li1,116.3800,100.6400,1.799845
_4732_,VPWR,li1,146.2800,89.7600,1.799772
_4731_,VPWR,li1,105.5700,116.9600,1.799880
_4730_,VPWR,li1,103.7300,116.9600,1.799881
_4729_,VPWR,li1,102.8100,144.1600,1.799933
_4728_,VPWR,li1,101.8900,144.1600,1.799933
_4727_,VPWR,li1,99.5900,144.1600,1.799935
_4726_,VPWR,li1,97.2900,144.1600,1.799936
_4725_,VPWR,li1,97.7500,155.0400,1.799872
_4724_,VPWR,li1,100.0500,155.0400,1.799870
_4723_,VPWR,li1,94.0700,155.0400,1.799877
_4722_,VPWR,li1,94.3000,149.6000,1.799907
_4721_,VPWR,li1,92.2300,155.0400,1.799879
_4720_,VPWR,li1,106.0300,144.1600,1.799932
_4719_,VPWR,li1,104.4200,155.0400,1.799868
_4718_,VPWR,li1,124.2000,100.6400,1.799846
_4717_,VPWR,li1,117.0700,89.7600,1.799670
_4716_,VPWR,li1,123.7400,95.2000,1.799473
_4715_,VPWR,li1,131.7900,100.6400,1.799849
_4714_,VPWR,li1,128.1100,100.6400,1.799848
_4713_,VPWR,li1,123.9700,106.0800,1.799816
_4712_,VPWR,li1,128.3400,122.4000,1.799848
_4711_,VPWR,li1,123.5100,111.5200,1.799852
_4710_,VPWR,li1,126.5000,111.5200,1.799854
_4709_,VPWR,li1,117.9900,127.8400,1.799833
_4708_,VPWR,li1,124.6600,127.8400,1.799837
_4707_,VPWR,li1,123.9700,133.2800,1.799849
_4706_,VPWR,li1,118.2200,133.2800,1.799844
_4705_,VPWR,li1,122.3600,133.2800,1.799847
_4704_,VPWR,li1,119.1400,133.2800,1.799844
_4703_,VPWR,li1,117.9900,138.7200,1.799907
_4702_,VPWR,li1,115.9200,122.4000,1.799841
_4701_,VPWR,li1,114.7700,127.8400,1.799833
_4700_,VPWR,li1,119.1400,122.4000,1.799842
_4699_,VPWR,li1,128.8000,116.9600,1.799889
_4698_,VPWR,li1,119.1400,116.9600,1.799883
_4697_,VPWR,li1,118.6800,122.4000,1.799842
_4696_,VPWR,li1,119.3700,116.9600,1.799883
_4695_,VPWR,li1,124.2000,116.9600,1.799886
_4694_,VPWR,li1,118.9100,111.5200,1.799849
_4693_,VPWR,li1,115.0000,111.5200,1.799848
_4692_,VPWR,li1,115.4600,106.0800,1.799815
_4691_,VPWR,li1,118.6800,106.0800,1.799815
_4690_,VPWR,li1,111.5500,122.4000,1.799839
_4689_,VPWR,li1,87.1700,138.7200,1.799916
_4688_,VPWR,li1,113.3900,116.9600,1.799882
_4687_,VPWR,li1,90.3900,138.7200,1.799915
_4686_,VPWR,li1,111.7800,144.1600,1.799930
_4685_,VPWR,li1,108.7900,144.1600,1.799931
_4684_,VPWR,li1,112.9300,138.7200,1.799907
_4683_,VPWR,li1,115.6900,138.7200,1.799907
_4682_,VPWR,li1,111.0900,155.0400,1.799862
_4681_,VPWR,li1,113.8500,155.0400,1.799860
_4680_,VPWR,li1,107.8700,155.0400,1.799864
_4679_,VPWR,li1,123.9700,155.0400,1.799853
_4678_,VPWR,li1,102.8100,155.0400,1.799868
_4677_,VPWR,li1,106.2600,155.0400,1.799866
_4676_,VPWR,li1,103.2700,155.0400,1.799868
_4675_,VPWR,li1,119.1400,155.0400,1.799857
_4674_,VPWR,li1,117.7600,144.1600,1.799928
_4673_,VPWR,li1,124.6600,144.1600,1.799925
_4672_,VPWR,li1,128.8000,133.2800,1.799854
_4671_,VPWR,li1,126.2700,95.2000,1.799481
_4670_,VPWR,li1,132.0200,89.7600,1.799722
_4669_,VPWR,li1,135.9300,100.6400,1.799852
_4668_,VPWR,li1,134.0900,100.6400,1.799851
_4667_,VPWR,li1,133.6300,106.0800,1.799818
_4666_,VPWR,li1,141.6800,100.6400,1.799856
_4665_,VPWR,li1,126.2700,122.4000,1.799846
_4664_,VPWR,li1,125.5800,122.4000,1.799845
_4663_,VPWR,li1,134.3200,127.8400,1.799842
_4662_,VPWR,li1,130.6400,127.8400,1.799840
_4661_,VPWR,li1,134.3200,133.2800,1.799859
_4660_,VPWR,li1,130.8700,127.8400,1.799840
_4659_,VPWR,li1,132.0200,133.2800,1.799857
_4658_,VPWR,li1,131.3300,138.7200,1.799907
_4657_,VPWR,li1,132.0200,133.2800,1.799857
_4656_,VPWR,li1,126.7300,133.2800,1.799852
_4655_,VPWR,li1,132.9400,127.8400,1.799842
_4654_,VPWR,li1,133.8600,122.4000,1.799853
_4653_,VPWR,li1,125.8100,138.7200,1.799907
_4652_,VPWR,li1,131.7900,122.4000,1.799851
_4651_,VPWR,li1,141.6800,122.4000,1.799862
_4650_,VPWR,li1,132.0200,116.9600,1.799890
_4649_,VPWR,li1,130.6400,122.4000,1.799851
_4648_,VPWR,li1,130.6400,116.9600,1.799890
_4647_,VPWR,li1,130.8700,111.5200,1.799857
_4646_,VPWR,li1,131.1000,111.5200,1.799857
_4645_,VPWR,li1,135.9300,111.5200,1.799861
_4644_,VPWR,li1,129.2600,111.5200,1.799855
_4643_,VPWR,li1,120.7500,111.5200,1.799850
_4642_,VPWR,li1,133.4000,111.5200,1.799859
_4641_,VPWR,li1,122.5900,155.0400,1.799855
_4640_,VPWR,li1,120.7500,160.4800,1.799840
_4639_,VPWR,li1,115.6900,155.0400,1.799858
_4638_,VPWR,li1,119.6000,155.0400,1.799857
_4637_,VPWR,li1,122.5900,155.0400,1.799855
_4636_,VPWR,li1,127.1900,144.1600,1.799924
_4635_,VPWR,li1,125.8100,149.6000,1.799886
_4634_,VPWR,li1,128.5700,149.6000,1.799885
_4633_,VPWR,li1,121.2100,144.1600,1.799926
_4632_,VPWR,li1,118.4500,149.6000,1.799890
_4631_,VPWR,li1,114.3100,144.1600,1.799929
_4630_,VPWR,li1,118.2200,144.1600,1.799927
_4629_,VPWR,li1,140.9900,155.0400,1.799850
_4628_,VPWR,li1,122.1300,138.7200,1.799907
_4627_,VPWR,li1,135.4700,95.2000,1.799523
_4626_,VPWR,li1,140.7600,89.7600,1.799753
_4625_,VPWR,li1,140.0700,100.6400,1.799856
_4624_,VPWR,li1,142.3700,100.6400,1.799859
_4623_,VPWR,li1,139.3800,106.0800,1.799821
_4622_,VPWR,li1,140.0700,127.8400,1.799847
_4621_,VPWR,li1,143.5200,127.8400,1.799849
_4620_,VPWR,li1,138.9200,127.8400,1.799845
_4619_,VPWR,li1,141.4500,138.7200,1.799908
_4618_,VPWR,li1,144.2100,133.2800,1.799870
_4617_,VPWR,li1,138.9200,133.2800,1.799865
_4616_,VPWR,li1,142.6000,133.2800,1.799870
_4615_,VPWR,li1,141.2200,122.4000,1.799862
_4614_,VPWR,li1,144.4400,127.8400,1.799851
_4613_,VPWR,li1,151.8000,127.8400,1.799860
_4612_,VPWR,li1,143.9800,122.4000,1.799866
_4611_,VPWR,li1,146.2800,122.4000,1.799870
_4610_,VPWR,li1,144.6700,116.9600,1.799902
_4609_,VPWR,li1,145.3600,116.9600,1.799902
_4608_,VPWR,li1,148.1200,111.5200,1.799872
_4607_,VPWR,li1,143.5200,111.5200,1.799868
_4606_,VPWR,li1,138.0000,111.5200,1.799863
_4605_,VPWR,li1,142.8300,111.5200,1.799868
_4604_,VPWR,li1,142.1400,116.9600,1.799900
_4603_,VPWR,li1,141.4500,149.6000,1.799878
_4602_,VPWR,li1,144.4400,149.6000,1.799877
_4601_,VPWR,li1,138.2300,149.6000,1.799880
_4600_,VPWR,li1,138.6900,149.6000,1.799879
_4599_,VPWR,li1,141.4500,149.6000,1.799878
_4598_,VPWR,li1,136.3900,144.1600,1.799923
_4597_,VPWR,li1,133.6300,144.1600,1.799923
_4596_,VPWR,li1,135.4700,144.1600,1.799923
_4595_,VPWR,li1,131.3300,144.1600,1.799924
_4594_,VPWR,li1,129.4900,144.1600,1.799924
_4593_,VPWR,li1,122.5900,144.1600,1.799925
_4592_,VPWR,li1,132.2500,149.6000,1.799882
_4591_,VPWR,li1,144.6700,144.1600,1.799922
_4590_,VPWR,li1,146.5100,95.2000,1.799602
_4589_,VPWR,li1,149.5000,95.2000,1.799635
_4588_,VPWR,li1,147.4300,100.6400,1.799864
_4587_,VPWR,li1,157.0900,100.6400,1.799876
_4586_,VPWR,li1,145.1300,106.0800,1.799826
_4585_,VPWR,li1,147.4300,106.0800,1.799828
_4584_,VPWR,li1,157.3200,111.5200,1.799882
_4583_,VPWR,li1,149.0400,138.7200,1.799910
_4582_,VPWR,li1,146.0500,138.7200,1.799909
_4581_,VPWR,li1,149.2700,133.2800,1.799880
_4580_,VPWR,li1,148.5800,127.8400,1.799856
_4579_,VPWR,li1,149.5000,133.2800,1.799880
_4578_,VPWR,li1,152.9500,133.2800,1.799885
_4577_,VPWR,li1,158.2400,122.4000,1.799888
_4576_,VPWR,li1,152.7200,133.2800,1.799882
_4575_,VPWR,li1,155.9400,133.2800,1.799890
_4574_,VPWR,li1,155.7100,133.2800,1.799890
_4573_,VPWR,li1,156.4000,127.8400,1.799866
_4572_,VPWR,li1,153.6400,127.8400,1.799862
_4571_,VPWR,li1,153.1800,122.4000,1.799880
_4570_,VPWR,li1,151.3400,122.4000,1.799877
_4569_,VPWR,li1,154.3300,116.9600,1.799912
_4568_,VPWR,li1,157.3200,116.9600,1.799915
_4567_,VPWR,li1,151.1100,144.1600,1.799921
_4566_,VPWR,li1,150.1900,144.1600,1.799921
_4565_,VPWR,li1,154.1000,144.1600,1.799921
_4564_,VPWR,li1,147.8900,144.1600,1.799921
_4563_,VPWR,li1,148.3500,144.1600,1.799921
_4562_,VPWR,li1,141.4500,144.1600,1.799922
_4561_,VPWR,li1,138.6900,138.7200,1.799907
_4560_,VPWR,li1,138.6900,144.1600,1.799922
_4559_,VPWR,li1,154.5600,138.7200,1.799913
_4558_,VPWR,li1,154.7900,89.7600,1.799806
_4557_,VPWR,li1,161.4600,95.2000,1.799740
_4556_,VPWR,li1,157.5500,100.6400,1.799876
_4555_,VPWR,li1,165.8300,95.2000,1.799780
_4554_,VPWR,li1,152.4900,100.6400,1.799870
_4553_,VPWR,li1,155.9400,106.0800,1.799837
_4552_,VPWR,li1,163.9900,106.0800,1.799844
_4551_,VPWR,li1,153.4100,106.0800,1.799834
_4550_,VPWR,li1,154.5600,111.5200,1.799878
_4549_,VPWR,li1,157.3200,116.9600,1.799915
_4548_,VPWR,li1,159.8500,116.9600,1.799916
_4547_,VPWR,li1,166.2900,111.5200,1.799894
_4546_,VPWR,li1,159.6200,122.4000,1.799888
_4545_,VPWR,li1,161.9200,122.4000,1.799892
_4544_,VPWR,li1,164.9100,122.4000,1.799900
_4543_,VPWR,li1,164.2200,122.4000,1.799897
_4542_,VPWR,li1,169.2800,127.8400,1.799884
_4541_,VPWR,li1,164.6800,127.8400,1.799877
_4540_,VPWR,li1,162.8400,133.2800,1.799903
_4539_,VPWR,li1,167.2100,133.2800,1.799910
_4538_,VPWR,li1,159.6200,133.2800,1.799894
_4537_,VPWR,li1,157.5500,138.7200,1.799916
_4536_,VPWR,li1,152.4900,138.7200,1.799912
_4535_,VPWR,li1,158.4700,138.7200,1.799917
_4534_,VPWR,li1,162.3800,138.7200,1.799920
_4533_,VPWR,li1,156.6300,144.1600,1.799921
_4532_,VPWR,li1,159.3900,89.7600,1.799824
_4531_,VPWR,li1,165.1400,89.7600,1.799843
_4530_,VPWR,li1,169.0500,95.2000,1.799810
_4529_,VPWR,li1,164.4500,100.6400,1.799887
_4528_,VPWR,li1,168.3600,100.6400,1.799893
_4527_,VPWR,li1,166.2900,100.6400,1.799890
_4526_,VPWR,li1,166.0600,106.0800,1.799848
_4525_,VPWR,li1,168.3600,106.0800,1.799851
_4524_,VPWR,li1,169.2800,106.0800,1.799851
_4523_,VPWR,li1,166.2900,106.0800,1.799848
_4522_,VPWR,li1,161.4600,111.5200,1.799888
_4521_,VPWR,li1,163.5300,111.5200,1.799890
_4520_,VPWR,li1,159.3900,111.5200,1.799885
_4519_,VPWR,li1,152.9500,111.5200,1.799878
_4518_,VPWR,li1,156.8600,111.5200,1.799882
_4517_,VPWR,li1,169.2800,111.5200,1.799897
_4516_,VPWR,li1,166.0600,111.5200,1.799894
_4515_,VPWR,li1,172.0400,116.9600,1.799930
_4514_,VPWR,li1,167.4400,116.9600,1.799925
_4513_,VPWR,li1,168.8200,122.4000,1.799904
_4512_,VPWR,li1,162.6100,116.9600,1.799919
_4511_,VPWR,li1,164.2200,116.9600,1.799922
_4510_,VPWR,li1,168.5900,78.8800,1.799885
_4509_,VPWR,li1,171.1200,78.8800,1.799889
_4508_,VPWR,li1,175.9500,95.2000,1.799844
_4507_,VPWR,li1,173.8800,95.2000,1.799855
_4506_,VPWR,li1,175.9500,95.2000,1.799844
_4505_,VPWR,li1,175.9500,100.6400,1.799904
_4504_,VPWR,li1,177.5600,100.6400,1.799888
_4503_,VPWR,li1,175.4900,100.6400,1.799904
_4502_,VPWR,li1,179.4000,100.6400,1.799873
_4501_,VPWR,li1,176.1800,106.0800,1.799831
_4500_,VPWR,li1,174.1100,106.0800,1.799858
_4499_,VPWR,li1,174.5700,111.5200,1.799904
_4498_,VPWR,li1,175.0300,116.9600,1.799933
_4497_,VPWR,li1,178.0200,116.9600,1.799916
_4496_,VPWR,li1,172.0400,106.0800,1.799855
_4495_,VPWR,li1,174.5700,106.0800,1.799858
_4494_,VPWR,li1,174.5700,84.3200,1.799837
_4493_,VPWR,li1,177.3300,89.7600,1.799875
_4492_,VPWR,li1,177.7900,89.7600,1.799875
_4491_,VPWR,li1,181.4700,95.2000,1.799815
_4490_,VPWR,li1,179.1700,95.2000,1.799827
_4489_,VPWR,li1,179.1700,106.0800,1.799793
_4488_,VPWR,li1,184.6900,111.5200,1.799821
_4487_,VPWR,li1,177.7900,111.5200,1.799878
_4486_,VPWR,li1,169.0500,84.3200,1.799811
_4485_,VPWR,li1,175.2600,84.3200,1.799850
_4484_,VPWR,li1,173.6500,89.7600,1.799882
_4483_,VPWR,li1,171.1200,89.7600,1.799870
_4482_,VPWR,li1,171.8100,95.2000,1.799833
_4481_,VPWR,li1,158.2400,68.0000,1.799877
_4480_,VPWR,li1,165.8300,68.0000,1.799884
_4479_,VPWR,li1,157.5500,78.8800,1.799875
_4478_,VPWR,li1,162.1500,73.4400,1.799794
_4477_,VPWR,li1,167.9000,78.8800,1.799885
_4476_,VPWR,li1,162.6100,78.8800,1.799880
_4475_,VPWR,li1,159.1600,78.8800,1.799878
_4474_,VPWR,li1,165.3700,78.8800,1.799883
_4473_,VPWR,li1,161.4600,89.7600,1.799832
_4472_,VPWR,li1,148.8100,84.3200,1.799746
_4471_,VPWR,li1,154.7900,84.3200,1.799758
_4470_,VPWR,li1,167.2100,78.8800,1.799885
_4469_,VPWR,li1,162.3800,78.8800,1.799880
_4468_,VPWR,li1,175.0300,176.8000,1.799830
_4467_,VPWR,li1,163.0700,171.3600,1.799753
_4466_,VPWR,li1,162.1500,176.8000,1.799772
_4465_,VPWR,li1,158.4700,176.8000,1.799757
_4464_,VPWR,li1,158.4700,182.2400,1.799865
_4463_,VPWR,li1,164.9100,182.2400,1.799879
_4462_,VPWR,li1,174.1100,182.2400,1.799902
_4461_,VPWR,li1,178.2500,176.8000,1.799778
_4460_,VPWR,li1,158.9300,176.8000,1.799757
_4459_,VPWR,li1,156.1700,171.3600,1.799740
_4458_,VPWR,li1,153.8700,160.4800,1.799840
_4457_,VPWR,li1,125.8100,176.8000,1.799703
_4456_,VPWR,li1,147.4300,198.5600,1.799913
_4455_,VPWR,li1,156.6300,165.9200,1.799858
_4454_,VPWR,li1,151.5700,198.5600,1.799917
_4453_,VPWR,li1,183.7700,144.1600,1.799875
_4452_,VPWR,li1,181.9300,149.6000,1.799832
_4451_,VPWR,li1,195.2700,236.6400,1.799811
_4450_,VPWR,li1,165.8300,193.1200,1.799933
_4449_,VPWR,li1,65.0900,149.6000,1.799932
_4448_,VPWR,li1,68.3100,155.0400,1.799903
_4447_,VPWR,li1,147.4300,149.6000,1.799876
_4446_,VPWR,li1,181.0100,84.3200,1.799800
_4445_,VPWR,li1,207.2300,269.2800,1.799434
_4444_,VPWR,li1,299.2300,182.2400,1.799475
