Instance,Terminal,Layer,X location,Y location,Voltage
FILLER_117_697,VGND,li1,326.8300,331.8400,0.000100
FILLER_117_685,VGND,li1,323.3800,331.8400,0.000100
FILLER_117_673,VGND,li1,317.8600,331.8400,0.000100
FILLER_117_669,VGND,li1,313.9500,331.8400,0.000100
FILLER_117_657,VGND,li1,310.5000,331.8400,0.000100
FILLER_117_645,VGND,li1,304.9800,331.8400,0.000100
FILLER_117_641,VGND,li1,301.0700,331.8400,0.000100
FILLER_117_629,VGND,li1,297.6200,331.8400,0.000100
FILLER_117_617,VGND,li1,292.1000,331.8400,0.000100
FILLER_117_613,VGND,li1,288.1900,331.8400,0.000100
FILLER_117_601,VGND,li1,284.7400,331.8400,0.000100
FILLER_117_589,VGND,li1,279.2200,331.8400,0.000100
FILLER_117_585,VGND,li1,275.3100,331.8400,0.000100
FILLER_117_573,VGND,li1,271.8600,331.8400,0.000100
FILLER_117_561,VGND,li1,266.3400,331.8400,0.000100
FILLER_117_554,VGND,li1,261.7400,331.8400,0.000100
FILLER_117_533,VGND,li1,250.9300,331.8400,0.000098
FILLER_117_520,VGND,li1,245.4100,331.8400,0.000093
FILLER_117_505,VGND,li1,239.2000,331.8400,0.000090
FILLER_117_502,VGND,li1,236.9000,331.8400,0.000089
FILLER_117_490,VGND,li1,233.6800,331.8400,0.000087
FILLER_117_483,VGND,li1,228.3900,331.8400,0.000082
FILLER_117_477,VGND,li1,225.4000,331.8400,0.000081
FILLER_117_469,VGND,li1,221.9500,331.8400,0.000079
FILLER_117_462,VGND,li1,218.7300,331.8400,0.000077
FILLER_117_455,VGND,li1,215.5100,331.8400,0.000075
FILLER_117_449,VGND,li1,212.5200,331.8400,0.000073
FILLER_117_441,VGND,li1,209.0700,331.8400,0.000069
FILLER_117_434,VGND,li1,205.8500,331.8400,0.000067
FILLER_117_429,VGND,li1,203.0900,331.8400,0.000066
FILLER_117_399,VGND,li1,189.2900,331.8400,0.000052
FILLER_117_393,VGND,li1,186.7600,331.8400,0.000050
FILLER_117_385,VGND,li1,183.3100,331.8400,0.000046
FILLER_117_378,VGND,li1,180.0900,331.8400,0.000042
FILLER_117_373,VGND,li1,177.3300,331.8400,0.000039
FILLER_117_365,VGND,li1,175.2600,331.8400,0.000044
FILLER_117_352,VGND,li1,169.2800,331.8400,0.000060
FILLER_117_329,VGND,li1,157.5500,331.8400,0.000075
FILLER_117_321,VGND,li1,154.1000,331.8400,0.000075
FILLER_117_309,VGND,li1,150.4200,331.8400,0.000075
FILLER_117_307,VGND,li1,146.9700,331.8400,0.000075
FILLER_117_301,VGND,li1,145.3600,331.8400,0.000075
FILLER_117_294,VGND,li1,141.4500,331.8400,0.000074
FILLER_117_287,VGND,li1,138.2300,331.8400,0.000074
FILLER_117_281,VGND,li1,135.2400,331.8400,0.000074
FILLER_117_279,VGND,li1,134.0900,331.8400,0.000074
FILLER_117_273,VGND,li1,132.4800,331.8400,0.000074
FILLER_117_245,VGND,li1,118.9100,331.8400,0.000068
FILLER_117_238,VGND,li1,115.6900,331.8400,0.000066
FILLER_117_231,VGND,li1,112.4700,331.8400,0.000064
FILLER_117_225,VGND,li1,109.4800,331.8400,0.000062
FILLER_117_217,VGND,li1,106.0300,331.8400,0.000060
FILLER_117_210,VGND,li1,102.8100,331.8400,0.000058
FILLER_117_205,VGND,li1,100.0500,331.8400,0.000057
FILLER_117_197,VGND,li1,97.9800,331.8400,0.000055
FILLER_117_190,VGND,li1,93.3800,331.8400,0.000052
FILLER_117_182,VGND,li1,91.0800,331.8400,0.000051
FILLER_117_159,VGND,li1,78.8900,331.8400,0.000043
FILLER_117_147,VGND,li1,75.9000,331.8400,0.000041
FILLER_117_141,VGND,li1,70.8400,331.8400,0.000036
FILLER_117_137,VGND,li1,69.2300,331.8400,0.000036
FILLER_117_125,VGND,li1,65.7800,331.8400,0.000034
FILLER_117_113,VGND,li1,60.2600,331.8400,0.000030
FILLER_117_109,VGND,li1,56.3500,331.8400,0.000028
FILLER_117_97,VGND,li1,52.9000,331.8400,0.000025
FILLER_117_85,VGND,li1,47.3800,331.8400,0.000022
FILLER_117_81,VGND,li1,43.4700,331.8400,0.000019
FILLER_117_69,VGND,li1,40.0200,331.8400,0.000017
FILLER_117_57,VGND,li1,34.5000,331.8400,0.000013
FILLER_117_53,VGND,li1,30.5900,331.8400,0.000010
FILLER_117_41,VGND,li1,27.1400,331.8400,0.000008
FILLER_117_29,VGND,li1,21.6200,331.8400,0.000007
FILLER_117_27,VGND,li1,18.1700,331.8400,0.000007
FILLER_117_15,VGND,li1,15.1800,331.8400,0.000007
FILLER_117_3,VGND,li1,9.6600,331.8400,0.000007
FILLER_116_699,VGND,li1,327.2900,326.4000,0.000770
FILLER_116_693,VGND,li1,325.6800,326.4000,0.000770
FILLER_116_681,VGND,li1,321.5400,326.4000,0.000770
FILLER_116_669,VGND,li1,316.0200,326.4000,0.000770
FILLER_116_657,VGND,li1,310.5000,326.4000,0.000770
FILLER_116_645,VGND,li1,304.9800,326.4000,0.000770
FILLER_116_643,VGND,li1,301.5300,326.4000,0.000770
FILLER_116_637,VGND,li1,299.9200,326.4000,0.000770
FILLER_116_625,VGND,li1,295.7800,326.4000,0.000770
FILLER_116_613,VGND,li1,290.2600,326.4000,0.000770
FILLER_116_601,VGND,li1,284.7400,326.4000,0.000770
FILLER_116_589,VGND,li1,279.2200,326.4000,0.000770
FILLER_116_584,VGND,li1,275.0800,326.4000,0.000770
FILLER_116_572,VGND,li1,271.4000,326.4000,0.000770
FILLER_116_560,VGND,li1,265.8800,326.4000,0.000770
FILLER_116_530,VGND,li1,249.7800,326.4000,0.000732
FILLER_116_497,VGND,li1,234.3700,326.4000,0.000646
FILLER_116_493,VGND,li1,233.2200,326.4000,0.000646
FILLER_116_475,VGND,li1,224.2500,326.4000,0.000581
FILLER_116_469,VGND,li1,222.6400,326.4000,0.000581
FILLER_116_417,VGND,li1,198.0300,326.4000,0.000373
FILLER_116_362,VGND,li1,172.5000,326.4000,0.000202
FILLER_116_345,VGND,li1,164.4500,326.4000,0.000253
FILLER_116_309,VGND,li1,148.5800,326.4000,0.000318
FILLER_116_300,VGND,li1,145.3600,326.4000,0.000325
FILLER_116_265,VGND,li1,128.1100,326.4000,0.000366
FILLER_116_253,VGND,li1,124.6600,326.4000,0.000370
FILLER_116_249,VGND,li1,120.7500,326.4000,0.000374
FILLER_116_232,VGND,li1,112.4700,326.4000,0.000380
FILLER_116_228,VGND,li1,111.3200,326.4000,0.000380
FILLER_116_210,VGND,li1,102.5800,326.4000,0.000376
FILLER_116_155,VGND,li1,77.0500,326.4000,0.000310
FILLER_116_141,VGND,li1,70.6100,326.4000,0.000287
FILLER_116_121,VGND,li1,61.8700,326.4000,0.000248
FILLER_116_109,VGND,li1,58.4200,326.4000,0.000223
FILLER_116_97,VGND,li1,52.9000,326.4000,0.000200
FILLER_116_85,VGND,li1,47.3800,326.4000,0.000171
FILLER_116_83,VGND,li1,43.9300,326.4000,0.000144
FILLER_116_77,VGND,li1,42.3200,326.4000,0.000144
FILLER_116_65,VGND,li1,38.1800,326.4000,0.000122
FILLER_116_53,VGND,li1,32.6600,326.4000,0.000093
FILLER_116_41,VGND,li1,27.1400,326.4000,0.000064
FILLER_116_29,VGND,li1,21.6200,326.4000,0.000053
FILLER_116_27,VGND,li1,18.1700,326.4000,0.000053
FILLER_116_15,VGND,li1,15.1800,326.4000,0.000053
FILLER_116_3,VGND,li1,9.6600,326.4000,0.000053
FILLER_115_697,VGND,li1,326.8300,326.4000,0.000770
FILLER_115_685,VGND,li1,323.3800,326.4000,0.000770
FILLER_115_673,VGND,li1,317.8600,326.4000,0.000770
FILLER_115_671,VGND,li1,314.4100,326.4000,0.000770
FILLER_115_665,VGND,li1,312.8000,326.4000,0.000770
FILLER_115_653,VGND,li1,308.6600,326.4000,0.000770
FILLER_115_641,VGND,li1,303.1400,326.4000,0.000770
FILLER_115_629,VGND,li1,297.6200,326.4000,0.000770
FILLER_115_617,VGND,li1,292.1000,326.4000,0.000770
FILLER_115_615,VGND,li1,288.6500,326.4000,0.000770
FILLER_115_609,VGND,li1,287.0400,326.4000,0.000770
FILLER_115_597,VGND,li1,282.9000,326.4000,0.000770
FILLER_115_585,VGND,li1,277.3800,326.4000,0.000770
FILLER_115_573,VGND,li1,271.8600,326.4000,0.000770
FILLER_115_561,VGND,li1,266.3400,326.4000,0.000770
FILLER_115_558,VGND,li1,262.6600,326.4000,0.000770
FILLER_115_550,VGND,li1,260.3600,326.4000,0.000770
FILLER_115_520,VGND,li1,246.1000,326.4000,0.000713
FILLER_115_503,VGND,li1,237.1300,326.4000,0.000660
FILLER_115_497,VGND,li1,235.5200,326.4000,0.000660
FILLER_115_485,VGND,li1,231.3800,326.4000,0.000636
FILLER_115_449,VGND,li1,212.9800,326.4000,0.000511
FILLER_115_445,VGND,li1,210.9100,326.4000,0.000496
FILLER_115_421,VGND,li1,199.8700,326.4000,0.000396
FILLER_115_409,VGND,li1,196.4200,326.4000,0.000373
FILLER_115_389,VGND,li1,185.1500,326.4000,0.000255
FILLER_115_381,VGND,li1,182.6200,326.4000,0.000235
FILLER_115_362,VGND,li1,172.7300,326.4000,0.000202
FILLER_115_350,VGND,li1,169.2800,326.4000,0.000221
FILLER_115_335,VGND,li1,159.8500,326.4000,0.000270
FILLER_115_324,VGND,li1,155.2500,326.4000,0.000290
FILLER_115_302,VGND,li1,145.8200,326.4000,0.000325
FILLER_115_293,VGND,li1,140.5300,326.4000,0.000344
FILLER_115_261,VGND,li1,126.2700,326.4000,0.000370
FILLER_115_254,VGND,li1,122.8200,326.4000,0.000372
FILLER_115_246,VGND,li1,120.5200,326.4000,0.000374
FILLER_115_229,VGND,li1,111.0900,326.4000,0.000380
FILLER_115_225,VGND,li1,109.9400,326.4000,0.000380
FILLER_115_169,VGND,li1,84.1800,326.4000,0.000335
FILLER_115_166,VGND,li1,82.3400,326.4000,0.000328
FILLER_115_143,VGND,li1,71.7600,326.4000,0.000287
FILLER_115_113,VGND,li1,57.7300,326.4000,0.000223
FILLER_115_111,VGND,li1,56.8100,326.4000,0.000212
FILLER_115_105,VGND,li1,55.2000,326.4000,0.000212
FILLER_115_93,VGND,li1,51.0600,326.4000,0.000191
FILLER_115_81,VGND,li1,45.5400,326.4000,0.000155
FILLER_115_69,VGND,li1,40.0200,326.4000,0.000132
FILLER_115_57,VGND,li1,34.5000,326.4000,0.000103
FILLER_115_55,VGND,li1,31.0500,326.4000,0.000078
FILLER_115_51,VGND,li1,29.9000,326.4000,0.000078
FILLER_115_39,VGND,li1,26.2200,326.4000,0.000053
FILLER_115_27,VGND,li1,20.7000,326.4000,0.000053
FILLER_115_15,VGND,li1,15.1800,326.4000,0.000053
FILLER_115_3,VGND,li1,9.6600,326.4000,0.000053
FILLER_114_699,VGND,li1,327.2900,320.9600,0.000463
FILLER_114_693,VGND,li1,325.6800,320.9600,0.000463
FILLER_114_681,VGND,li1,321.5400,320.9600,0.000463
FILLER_114_669,VGND,li1,316.0200,320.9600,0.000463
FILLER_114_657,VGND,li1,310.5000,320.9600,0.000463
FILLER_114_645,VGND,li1,304.9800,320.9600,0.000463
FILLER_114_643,VGND,li1,301.5300,320.9600,0.000463
FILLER_114_637,VGND,li1,299.9200,320.9600,0.000463
FILLER_114_625,VGND,li1,295.7800,320.9600,0.000463
FILLER_114_613,VGND,li1,290.2600,320.9600,0.000463
FILLER_114_601,VGND,li1,284.7400,320.9600,0.000463
FILLER_114_589,VGND,li1,279.2200,320.9600,0.000463
FILLER_114_576,VGND,li1,273.2400,320.9600,0.000463
FILLER_114_564,VGND,li1,267.7200,320.9600,0.000463
FILLER_114_552,VGND,li1,262.2000,320.9600,0.000463
FILLER_114_540,VGND,li1,256.6800,320.9600,0.000463
FILLER_114_531,VGND,li1,250.0100,320.9600,0.000462
FILLER_114_527,VGND,li1,248.8600,320.9600,0.000462
FILLER_114_515,VGND,li1,245.1800,320.9600,0.000462
FILLER_114_503,VGND,li1,237.3600,320.9600,0.000454
FILLER_114_495,VGND,li1,235.0600,320.9600,0.000450
FILLER_114_483,VGND,li1,230.4600,320.9600,0.000442
FILLER_114_473,VGND,li1,223.7900,320.9600,0.000429
FILLER_114_467,VGND,li1,220.5700,320.9600,0.000418
FILLER_114_459,VGND,li1,217.3500,320.9600,0.000414
FILLER_114_451,VGND,li1,214.8200,320.9600,0.000408
FILLER_114_443,VGND,li1,209.9900,320.9600,0.000394
FILLER_114_421,VGND,li1,200.5600,320.9600,0.000347
FILLER_114_419,VGND,li1,198.4900,320.9600,0.000326
FILLER_114_401,VGND,li1,190.4400,320.9600,0.000267
FILLER_114_381,VGND,li1,181.7000,320.9600,0.000193
FILLER_114_365,VGND,li1,174.1100,320.9600,0.000215
FILLER_114_363,VGND,li1,172.7300,320.9600,0.000215
FILLER_114_357,VGND,li1,171.1200,320.9600,0.000234
FILLER_114_345,VGND,li1,166.9800,320.9600,0.000258
FILLER_114_333,VGND,li1,161.4600,320.9600,0.000307
FILLER_114_309,VGND,li1,148.3500,320.9600,0.000392
FILLER_114_304,VGND,li1,146.2800,320.9600,0.000406
FILLER_114_292,VGND,li1,142.6000,320.9600,0.000431
FILLER_114_273,VGND,li1,132.9400,320.9600,0.000485
FILLER_114_261,VGND,li1,126.5000,320.9600,0.000502
FILLER_114_251,VGND,li1,121.2100,320.9600,0.000514
FILLER_114_243,VGND,li1,119.1400,320.9600,0.000519
FILLER_114_202,VGND,li1,98.6700,320.9600,0.000533
FILLER_114_184,VGND,li1,91.0800,320.9600,0.000515
FILLER_114_162,VGND,li1,80.5000,320.9600,0.000481
FILLER_114_145,VGND,li1,72.4500,320.9600,0.000444
FILLER_114_141,VGND,li1,71.3000,320.9600,0.000427
FILLER_114_131,VGND,li1,66.0100,320.9600,0.000397
FILLER_114_123,VGND,li1,63.9400,320.9600,0.000382
FILLER_114_97,VGND,li1,50.6000,320.9600,0.000280
FILLER_114_85,VGND,li1,47.3800,320.9600,0.000255
FILLER_114_83,VGND,li1,43.9300,320.9600,0.000215
FILLER_114_77,VGND,li1,42.3200,320.9600,0.000215
FILLER_114_65,VGND,li1,38.1800,320.9600,0.000182
FILLER_114_53,VGND,li1,32.6600,320.9600,0.000138
FILLER_114_41,VGND,li1,27.1400,320.9600,0.000095
FILLER_114_29,VGND,li1,21.6200,320.9600,0.000079
FILLER_114_27,VGND,li1,18.1700,320.9600,0.000079
FILLER_114_15,VGND,li1,15.1800,320.9600,0.000079
FILLER_114_3,VGND,li1,9.6600,320.9600,0.000079
FILLER_113_697,VGND,li1,326.8300,320.9600,0.000463
FILLER_113_685,VGND,li1,323.3800,320.9600,0.000463
FILLER_113_673,VGND,li1,317.8600,320.9600,0.000463
FILLER_113_671,VGND,li1,314.4100,320.9600,0.000463
FILLER_113_665,VGND,li1,312.8000,320.9600,0.000463
FILLER_113_653,VGND,li1,308.6600,320.9600,0.000463
FILLER_113_641,VGND,li1,303.1400,320.9600,0.000463
FILLER_113_629,VGND,li1,297.6200,320.9600,0.000463
FILLER_113_617,VGND,li1,292.1000,320.9600,0.000463
FILLER_113_615,VGND,li1,288.6500,320.9600,0.000463
FILLER_113_609,VGND,li1,287.0400,320.9600,0.000463
FILLER_113_597,VGND,li1,282.9000,320.9600,0.000463
FILLER_113_585,VGND,li1,277.3800,320.9600,0.000463
FILLER_113_573,VGND,li1,271.8600,320.9600,0.000463
FILLER_113_561,VGND,li1,266.3400,320.9600,0.000463
FILLER_113_554,VGND,li1,261.7400,320.9600,0.000463
FILLER_113_548,VGND,li1,258.2900,320.9600,0.000463
FILLER_113_540,VGND,li1,255.7600,320.9600,0.000463
FILLER_113_528,VGND,li1,251.1600,320.9600,0.000462
FILLER_113_490,VGND,li1,232.7600,320.9600,0.000446
FILLER_113_473,VGND,li1,224.0200,320.9600,0.000429
FILLER_113_446,VGND,li1,211.1400,320.9600,0.000394
FILLER_113_424,VGND,li1,201.9400,320.9600,0.000347
FILLER_113_412,VGND,li1,197.8000,320.9600,0.000326
FILLER_113_406,VGND,li1,192.5100,320.9600,0.000284
FILLER_113_398,VGND,li1,190.4400,320.9600,0.000267
FILLER_113_390,VGND,li1,185.3800,320.9600,0.000226
FILLER_113_382,VGND,li1,183.0800,320.9600,0.000193
FILLER_113_357,VGND,li1,170.2000,320.9600,0.000234
FILLER_113_349,VGND,li1,167.9000,320.9600,0.000258
FILLER_113_337,VGND,li1,163.3000,320.9600,0.000285
FILLER_113_330,VGND,li1,158.7000,320.9600,0.000327
FILLER_113_318,VGND,li1,154.5600,320.9600,0.000349
FILLER_113_305,VGND,li1,146.2800,320.9600,0.000406
FILLER_113_297,VGND,li1,143.9800,320.9600,0.000431
FILLER_113_278,VGND,li1,133.8600,320.9600,0.000478
FILLER_113_270,VGND,li1,131.5600,320.9600,0.000485
FILLER_113_252,VGND,li1,121.9000,320.9600,0.000514
FILLER_113_230,VGND,li1,112.7000,320.9600,0.000533
FILLER_113_221,VGND,li1,107.8700,320.9600,0.000541
FILLER_113_193,VGND,li1,95.2200,320.9600,0.000523
FILLER_113_138,VGND,li1,69.2300,320.9600,0.000410
FILLER_113_125,VGND,li1,64.8600,320.9600,0.000382
FILLER_113_113,VGND,li1,60.2600,320.9600,0.000355
FILLER_113_110,VGND,li1,56.5800,320.9600,0.000315
FILLER_113_93,VGND,li1,51.0600,320.9600,0.000280
FILLER_113_81,VGND,li1,45.5400,320.9600,0.000231
FILLER_113_69,VGND,li1,40.0200,320.9600,0.000197
FILLER_113_57,VGND,li1,34.5000,320.9600,0.000153
FILLER_113_55,VGND,li1,31.0500,320.9600,0.000117
FILLER_113_51,VGND,li1,29.9000,320.9600,0.000117
FILLER_113_39,VGND,li1,26.2200,320.9600,0.000079
FILLER_113_27,VGND,li1,20.7000,320.9600,0.000079
FILLER_113_15,VGND,li1,15.1800,320.9600,0.000079
FILLER_113_3,VGND,li1,9.6600,320.9600,0.000079
FILLER_112_699,VGND,li1,327.2900,315.5200,0.000475
FILLER_112_693,VGND,li1,325.6800,315.5200,0.000475
FILLER_112_681,VGND,li1,321.5400,315.5200,0.000475
FILLER_112_669,VGND,li1,316.0200,315.5200,0.000475
FILLER_112_657,VGND,li1,310.5000,315.5200,0.000475
FILLER_112_645,VGND,li1,304.9800,315.5200,0.000475
FILLER_112_643,VGND,li1,301.5300,315.5200,0.000475
FILLER_112_637,VGND,li1,299.9200,315.5200,0.000475
FILLER_112_625,VGND,li1,295.7800,315.5200,0.000475
FILLER_112_613,VGND,li1,290.2600,315.5200,0.000475
FILLER_112_601,VGND,li1,284.7400,315.5200,0.000475
FILLER_112_589,VGND,li1,279.2200,315.5200,0.000475
FILLER_112_586,VGND,li1,275.5400,315.5200,0.000475
FILLER_112_574,VGND,li1,272.3200,315.5200,0.000475
FILLER_112_562,VGND,li1,266.8000,315.5200,0.000475
FILLER_112_541,VGND,li1,254.6100,315.5200,0.000473
FILLER_112_530,VGND,li1,249.7800,315.5200,0.000470
FILLER_112_501,VGND,li1,236.4400,315.5200,0.000440
FILLER_112_477,VGND,li1,225.8600,315.5200,0.000394
FILLER_112_470,VGND,li1,223.1000,315.5200,0.000372
FILLER_112_457,VGND,li1,217.1200,315.5200,0.000349
FILLER_112_442,VGND,li1,210.6800,315.5200,0.000306
FILLER_112_419,VGND,li1,198.4900,315.5200,0.000229
FILLER_112_400,VGND,li1,190.2100,315.5200,0.000178
FILLER_112_391,VGND,li1,185.8400,315.5200,0.000144
FILLER_112_377,VGND,li1,179.1700,315.5200,0.000098
FILLER_112_369,VGND,li1,175.4900,315.5200,0.000086
FILLER_112_365,VGND,li1,174.3400,315.5200,0.000088
FILLER_112_363,VGND,li1,172.7300,315.5200,0.000089
FILLER_112_357,VGND,li1,171.1200,315.5200,0.000089
FILLER_112_345,VGND,li1,166.9800,315.5200,0.000092
FILLER_112_333,VGND,li1,161.4600,315.5200,0.000095
FILLER_112_321,VGND,li1,155.9400,315.5200,0.000099
FILLER_112_309,VGND,li1,150.4200,315.5200,0.000103
FILLER_112_300,VGND,li1,145.3600,315.5200,0.000107
FILLER_112_288,VGND,li1,140.7600,315.5200,0.000109
FILLER_112_279,VGND,li1,134.0900,315.5200,0.000114
FILLER_112_267,VGND,li1,131.1000,315.5200,0.000116
FILLER_112_253,VGND,li1,122.5900,315.5200,0.000122
FILLER_112_251,VGND,li1,121.2100,315.5200,0.000122
FILLER_112_245,VGND,li1,119.6000,315.5200,0.000123
FILLER_112_225,VGND,li1,111.7800,315.5200,0.000128
FILLER_112_213,VGND,li1,106.2600,315.5200,0.000132
FILLER_112_186,VGND,li1,91.5400,315.5200,0.000137
FILLER_112_172,VGND,li1,85.3300,315.5200,0.000138
FILLER_112_159,VGND,li1,79.3500,315.5200,0.000135
FILLER_112_151,VGND,li1,76.8200,315.5200,0.000133
FILLER_112_141,VGND,li1,71.0700,315.5200,0.000124
FILLER_112_139,VGND,li1,69.6900,315.5200,0.000120
FILLER_112_133,VGND,li1,68.0800,315.5200,0.000120
FILLER_112_121,VGND,li1,63.9400,315.5200,0.000111
FILLER_112_109,VGND,li1,58.4200,315.5200,0.000101
FILLER_112_97,VGND,li1,52.9000,315.5200,0.000087
FILLER_112_85,VGND,li1,47.3800,315.5200,0.000075
FILLER_112_83,VGND,li1,43.9300,315.5200,0.000064
FILLER_112_77,VGND,li1,42.3200,315.5200,0.000064
FILLER_112_65,VGND,li1,38.1800,315.5200,0.000054
FILLER_112_53,VGND,li1,32.6600,315.5200,0.000041
FILLER_112_41,VGND,li1,27.1400,315.5200,0.000028
FILLER_112_29,VGND,li1,21.6200,315.5200,0.000023
FILLER_112_27,VGND,li1,18.1700,315.5200,0.000023
FILLER_112_15,VGND,li1,15.1800,315.5200,0.000023
FILLER_112_3,VGND,li1,9.6600,315.5200,0.000023
FILLER_111_697,VGND,li1,326.8300,315.5200,0.000475
FILLER_111_685,VGND,li1,323.3800,315.5200,0.000475
FILLER_111_673,VGND,li1,317.8600,315.5200,0.000475
FILLER_111_671,VGND,li1,314.4100,315.5200,0.000475
FILLER_111_665,VGND,li1,312.8000,315.5200,0.000475
FILLER_111_653,VGND,li1,308.6600,315.5200,0.000475
FILLER_111_641,VGND,li1,303.1400,315.5200,0.000475
FILLER_111_629,VGND,li1,297.6200,315.5200,0.000475
FILLER_111_617,VGND,li1,292.1000,315.5200,0.000475
FILLER_111_615,VGND,li1,288.6500,315.5200,0.000475
FILLER_111_609,VGND,li1,287.0400,315.5200,0.000475
FILLER_111_597,VGND,li1,282.9000,315.5200,0.000475
FILLER_111_585,VGND,li1,276.0000,315.5200,0.000475
FILLER_111_573,VGND,li1,271.8600,315.5200,0.000475
FILLER_111_561,VGND,li1,266.3400,315.5200,0.000475
FILLER_111_552,VGND,li1,261.2800,315.5200,0.000475
FILLER_111_547,VGND,li1,257.6000,315.5200,0.000474
FILLER_111_538,VGND,li1,253.4600,315.5200,0.000472
FILLER_111_530,VGND,li1,251.1600,315.5200,0.000470
FILLER_111_517,VGND,li1,244.7200,315.5200,0.000465
FILLER_111_505,VGND,li1,240.5800,315.5200,0.000460
FILLER_111_501,VGND,li1,236.6700,315.5200,0.000440
FILLER_111_490,VGND,li1,232.7600,315.5200,0.000428
FILLER_111_482,VGND,li1,227.7000,315.5200,0.000403
FILLER_111_473,VGND,li1,223.5600,315.5200,0.000382
FILLER_111_465,VGND,li1,219.6500,315.5200,0.000362
FILLER_111_447,VGND,li1,211.3700,315.5200,0.000306
FILLER_111_441,VGND,li1,209.7600,315.5200,0.000306
FILLER_111_425,VGND,li1,201.2500,315.5200,0.000246
FILLER_111_421,VGND,li1,200.1000,315.5200,0.000246
FILLER_111_405,VGND,li1,192.0500,315.5200,0.000191
FILLER_111_401,VGND,li1,190.9000,315.5200,0.000178
FILLER_111_391,VGND,li1,185.6100,315.5200,0.000144
FILLER_111_383,VGND,li1,183.5400,315.5200,0.000129
FILLER_111_361,VGND,li1,172.9600,315.5200,0.000088
FILLER_111_349,VGND,li1,168.8200,315.5200,0.000090
FILLER_111_337,VGND,li1,163.3000,315.5200,0.000094
FILLER_111_332,VGND,li1,159.1600,315.5200,0.000097
FILLER_111_320,VGND,li1,155.4800,315.5200,0.000099
FILLER_111_308,VGND,li1,149.9600,315.5200,0.000103
FILLER_111_296,VGND,li1,144.4400,315.5200,0.000107
FILLER_111_284,VGND,li1,138.9200,315.5200,0.000110
FILLER_111_277,VGND,li1,133.6300,315.5200,0.000114
FILLER_111_265,VGND,li1,130.1800,315.5200,0.000116
FILLER_111_253,VGND,li1,124.6600,315.5200,0.000120
FILLER_111_241,VGND,li1,119.1400,315.5200,0.000123
FILLER_111_210,VGND,li1,102.3500,315.5200,0.000135
FILLER_111_198,VGND,li1,99.3600,315.5200,0.000137
FILLER_111_182,VGND,li1,90.6200,315.5200,0.000137
FILLER_111_164,VGND,li1,81.8800,315.5200,0.000136
FILLER_111_135,VGND,li1,68.3100,315.5200,0.000120
FILLER_111_122,VGND,li1,63.0200,315.5200,0.000111
FILLER_111_113,VGND,li1,57.9600,315.5200,0.000096
FILLER_111_109,VGND,li1,56.3500,315.5200,0.000096
FILLER_111_101,VGND,li1,52.4400,315.5200,0.000087
FILLER_111_93,VGND,li1,50.1400,315.5200,0.000082
FILLER_111_81,VGND,li1,45.5400,315.5200,0.000068
FILLER_111_69,VGND,li1,40.0200,315.5200,0.000058
FILLER_111_57,VGND,li1,34.5000,315.5200,0.000045
FILLER_111_55,VGND,li1,31.0500,315.5200,0.000035
FILLER_111_51,VGND,li1,29.9000,315.5200,0.000035
FILLER_111_39,VGND,li1,26.2200,315.5200,0.000023
FILLER_111_27,VGND,li1,20.7000,315.5200,0.000023
FILLER_111_15,VGND,li1,15.1800,315.5200,0.000023
FILLER_111_3,VGND,li1,9.6600,315.5200,0.000023
FILLER_110_693,VGND,li1,324.9900,310.0800,0.000399
FILLER_110_681,VGND,li1,321.5400,310.0800,0.000397
FILLER_110_669,VGND,li1,316.0200,310.0800,0.000394
FILLER_110_657,VGND,li1,310.5000,310.0800,0.000392
FILLER_110_645,VGND,li1,304.9800,310.0800,0.000388
FILLER_110_636,VGND,li1,299.9200,310.0800,0.000385
FILLER_110_624,VGND,li1,295.3200,310.0800,0.000383
FILLER_110_612,VGND,li1,289.8000,310.0800,0.000379
FILLER_110_600,VGND,li1,284.2800,310.0800,0.000376
FILLER_110_589,VGND,li1,277.3800,310.0800,0.000370
FILLER_110_578,VGND,li1,272.0900,310.0800,0.000364
FILLER_110_559,VGND,li1,263.1200,310.0800,0.000354
FILLER_110_551,VGND,li1,260.8200,310.0800,0.000350
FILLER_110_539,VGND,li1,256.2200,310.0800,0.000343
FILLER_110_533,VGND,li1,251.1600,310.0800,0.000334
FILLER_110_528,VGND,li1,249.3200,310.0800,0.000330
FILLER_110_521,VGND,li1,245.4100,310.0800,0.000323
FILLER_110_513,VGND,li1,241.7300,310.0800,0.000316
FILLER_110_509,VGND,li1,240.5800,310.0800,0.000312
FILLER_110_497,VGND,li1,236.9000,310.0800,0.000303
FILLER_110_483,VGND,li1,227.9300,310.0800,0.000282
FILLER_110_477,VGND,li1,226.3200,310.0800,0.000282
FILLER_110_475,VGND,li1,224.2500,310.0800,0.000277
FILLER_110_467,VGND,li1,222.1800,310.0800,0.000271
FILLER_110_455,VGND,li1,217.5800,310.0800,0.000258
FILLER_110_443,VGND,li1,212.0600,310.0800,0.000238
FILLER_110_435,VGND,li1,206.3100,310.0800,0.000220
FILLER_110_429,VGND,li1,203.0900,310.0800,0.000214
FILLER_110_421,VGND,li1,201.0200,310.0800,0.000208
FILLER_110_419,VGND,li1,198.4900,310.0800,0.000194
FILLER_110_413,VGND,li1,196.8800,310.0800,0.000194
FILLER_110_407,VGND,li1,192.9700,310.0800,0.000180
FILLER_110_399,VGND,li1,190.9000,310.0800,0.000171
FILLER_110_379,VGND,li1,180.7800,310.0800,0.000128
FILLER_110_370,VGND,li1,175.9500,310.0800,0.000108
FILLER_110_363,VGND,li1,172.7300,310.0800,0.000119
FILLER_110_357,VGND,li1,171.1200,310.0800,0.000119
FILLER_110_345,VGND,li1,166.9800,310.0800,0.000126
FILLER_110_333,VGND,li1,161.4600,310.0800,0.000137
FILLER_110_321,VGND,li1,155.9400,310.0800,0.000144
FILLER_110_309,VGND,li1,150.4200,310.0800,0.000153
FILLER_110_307,VGND,li1,146.9700,310.0800,0.000161
FILLER_110_301,VGND,li1,145.3600,310.0800,0.000161
FILLER_110_289,VGND,li1,141.2200,310.0800,0.000168
FILLER_110_277,VGND,li1,135.7000,310.0800,0.000177
FILLER_110_265,VGND,li1,130.1800,310.0800,0.000186
FILLER_110_253,VGND,li1,124.6600,310.0800,0.000195
FILLER_110_248,VGND,li1,120.5200,310.0800,0.000199
FILLER_110_226,VGND,li1,109.9400,310.0800,0.000206
FILLER_110_209,VGND,li1,101.8900,310.0800,0.000207
FILLER_110_197,VGND,li1,98.9000,310.0800,0.000204
FILLER_110_192,VGND,li1,94.7600,310.0800,0.000202
FILLER_110_180,VGND,li1,91.0800,310.0800,0.000198
FILLER_110_168,VGND,li1,85.5600,310.0800,0.000192
FILLER_110_147,VGND,li1,74.5200,310.0800,0.000175
FILLER_110_131,VGND,li1,66.7000,310.0800,0.000159
FILLER_110_120,VGND,li1,60.9500,310.0800,0.000144
FILLER_110_116,VGND,li1,59.8000,310.0800,0.000144
FILLER_110_107,VGND,li1,55.2000,310.0800,0.000132
FILLER_110_85,VGND,li1,46.4600,310.0800,0.000106
FILLER_110_83,VGND,li1,43.9300,310.0800,0.000092
FILLER_110_77,VGND,li1,42.3200,310.0800,0.000092
FILLER_110_65,VGND,li1,38.1800,310.0800,0.000078
FILLER_110_53,VGND,li1,32.6600,310.0800,0.000059
FILLER_110_41,VGND,li1,27.1400,310.0800,0.000041
FILLER_110_29,VGND,li1,21.6200,310.0800,0.000034
FILLER_110_27,VGND,li1,18.1700,310.0800,0.000034
FILLER_110_15,VGND,li1,15.1800,310.0800,0.000034
FILLER_110_3,VGND,li1,9.6600,310.0800,0.000034
FILLER_109_683,VGND,li1,319.9300,310.0800,0.000397
FILLER_109_673,VGND,li1,315.7900,310.0800,0.000394
FILLER_109_671,VGND,li1,314.4100,310.0800,0.000393
FILLER_109_665,VGND,li1,312.8000,310.0800,0.000393
FILLER_109_653,VGND,li1,308.6600,310.0800,0.000390
FILLER_109_641,VGND,li1,303.1400,310.0800,0.000387
FILLER_109_629,VGND,li1,297.6200,310.0800,0.000384
FILLER_109_617,VGND,li1,292.1000,310.0800,0.000381
FILLER_109_615,VGND,li1,288.6500,310.0800,0.000379
FILLER_109_607,VGND,li1,286.5800,310.0800,0.000378
FILLER_109_595,VGND,li1,281.9800,310.0800,0.000375
FILLER_109_583,VGND,li1,276.4600,310.0800,0.000370
FILLER_109_571,VGND,li1,270.9400,310.0800,0.000364
FILLER_109_552,VGND,li1,260.1300,310.0800,0.000346
FILLER_109_535,VGND,li1,252.5400,310.0800,0.000334
FILLER_109_523,VGND,li1,248.8600,310.0800,0.000330
FILLER_109_511,VGND,li1,243.3400,310.0800,0.000316
FILLER_109_505,VGND,li1,238.2800,310.0800,0.000307
FILLER_109_503,VGND,li1,237.1300,310.0800,0.000303
FILLER_109_497,VGND,li1,235.5200,310.0800,0.000303
FILLER_109_485,VGND,li1,231.3800,310.0800,0.000291
FILLER_109_470,VGND,li1,222.1800,310.0800,0.000271
FILLER_109_461,VGND,li1,218.0400,310.0800,0.000258
FILLER_109_449,VGND,li1,214.8200,310.0800,0.000250
FILLER_109_446,VGND,li1,211.1400,310.0800,0.000238
FILLER_109_410,VGND,li1,195.0400,310.0800,0.000187
FILLER_109_393,VGND,li1,186.5300,310.0800,0.000155
FILLER_109_370,VGND,li1,176.4100,310.0800,0.000108
FILLER_109_353,VGND,li1,168.1300,310.0800,0.000126
FILLER_109_349,VGND,li1,166.9800,310.0800,0.000126
FILLER_109_337,VGND,li1,163.3000,310.0800,0.000132
FILLER_109_335,VGND,li1,159.8500,310.0800,0.000140
FILLER_109_329,VGND,li1,158.2400,310.0800,0.000140
FILLER_109_317,VGND,li1,154.1000,310.0800,0.000147
FILLER_109_305,VGND,li1,148.5800,310.0800,0.000158
FILLER_109_293,VGND,li1,143.0600,310.0800,0.000165
FILLER_109_281,VGND,li1,137.5400,310.0800,0.000174
FILLER_109_278,VGND,li1,133.8600,310.0800,0.000180
FILLER_109_244,VGND,li1,119.6000,310.0800,0.000201
FILLER_109_225,VGND,li1,109.4800,310.0800,0.000207
FILLER_109_221,VGND,li1,107.8700,310.0800,0.000207
FILLER_109_180,VGND,li1,89.0100,310.0800,0.000195
FILLER_109_169,VGND,li1,84.1800,310.0800,0.000187
FILLER_109_167,VGND,li1,82.5700,310.0800,0.000187
FILLER_109_159,VGND,li1,80.5000,310.0800,0.000184
FILLER_109_123,VGND,li1,64.8600,310.0800,0.000156
FILLER_109_113,VGND,li1,58.4200,310.0800,0.000138
FILLER_109_110,VGND,li1,56.5800,310.0800,0.000132
FILLER_109_98,VGND,li1,53.3600,310.0800,0.000126
FILLER_109_93,VGND,li1,48.5300,310.0800,0.000113
FILLER_109_89,VGND,li1,46.6900,310.0800,0.000106
FILLER_109_81,VGND,li1,44.6200,310.0800,0.000099
FILLER_109_69,VGND,li1,40.0200,310.0800,0.000084
FILLER_109_57,VGND,li1,34.5000,310.0800,0.000066
FILLER_109_55,VGND,li1,31.0500,310.0800,0.000050
FILLER_109_51,VGND,li1,29.9000,310.0800,0.000050
FILLER_109_39,VGND,li1,26.2200,310.0800,0.000034
FILLER_109_27,VGND,li1,20.7000,310.0800,0.000034
FILLER_109_15,VGND,li1,15.1800,310.0800,0.000034
FILLER_109_3,VGND,li1,9.6600,310.0800,0.000034
FILLER_108_692,VGND,li1,325.6800,304.6400,0.000525
FILLER_108_680,VGND,li1,321.0800,304.6400,0.000525
FILLER_108_645,VGND,li1,303.1400,304.6400,0.000521
FILLER_108_627,VGND,li1,294.1700,304.6400,0.000513
FILLER_108_621,VGND,li1,292.5600,304.6400,0.000508
FILLER_108_609,VGND,li1,288.4200,304.6400,0.000503
FILLER_108_597,VGND,li1,282.9000,304.6400,0.000491
FILLER_108_589,VGND,li1,277.3800,304.6400,0.000483
FILLER_108_584,VGND,li1,275.0800,304.6400,0.000478
FILLER_108_573,VGND,li1,270.0200,304.6400,0.000465
FILLER_108_568,VGND,li1,267.0300,304.6400,0.000458
FILLER_108_564,VGND,li1,265.8800,304.6400,0.000452
FILLER_108_552,VGND,li1,262.2000,304.6400,0.000447
FILLER_108_544,VGND,li1,255.9900,304.6400,0.000426
FILLER_108_540,VGND,li1,254.8400,304.6400,0.000426
FILLER_108_531,VGND,li1,250.0100,304.6400,0.000413
FILLER_108_519,VGND,li1,247.0200,304.6400,0.000399
FILLER_108_497,VGND,li1,234.6000,304.6400,0.000363
FILLER_108_489,VGND,li1,232.3000,304.6400,0.000355
FILLER_108_477,VGND,li1,227.7000,304.6400,0.000335
FILLER_108_475,VGND,li1,224.2500,304.6400,0.000325
FILLER_108_467,VGND,li1,222.1800,304.6400,0.000317
FILLER_108_421,VGND,li1,200.5600,304.6400,0.000212
FILLER_108_419,VGND,li1,198.4900,304.6400,0.000200
FILLER_108_409,VGND,li1,194.3500,304.6400,0.000177
FILLER_108_397,VGND,li1,189.0600,304.6400,0.000140
FILLER_108_353,VGND,li1,168.5900,304.6400,0.000102
FILLER_108_345,VGND,li1,166.0600,304.6400,0.000105
FILLER_108_333,VGND,li1,161.4600,304.6400,0.000112
FILLER_108_321,VGND,li1,155.9400,304.6400,0.000118
FILLER_108_309,VGND,li1,150.4200,304.6400,0.000124
FILLER_108_305,VGND,li1,146.5100,304.6400,0.000129
FILLER_108_293,VGND,li1,143.0600,304.6400,0.000134
FILLER_108_281,VGND,li1,137.5400,304.6400,0.000141
FILLER_108_267,VGND,li1,128.5700,304.6400,0.000154
FILLER_108_261,VGND,li1,126.9600,304.6400,0.000154
FILLER_108_251,VGND,li1,121.2100,304.6400,0.000162
FILLER_108_245,VGND,li1,119.6000,304.6400,0.000165
FILLER_108_233,VGND,li1,115.4600,304.6400,0.000168
FILLER_108_209,VGND,li1,102.5800,304.6400,0.000176
FILLER_108_204,VGND,li1,99.8200,304.6400,0.000175
FILLER_108_188,VGND,li1,93.8400,304.6400,0.000172
FILLER_108_173,VGND,li1,85.5600,304.6400,0.000166
FILLER_108_161,VGND,li1,82.3400,304.6400,0.000162
FILLER_108_141,VGND,li1,71.7600,304.6400,0.000145
FILLER_108_139,VGND,li1,69.6900,304.6400,0.000141
FILLER_108_127,VGND,li1,66.7000,304.6400,0.000137
FILLER_108_115,VGND,li1,61.1800,304.6400,0.000124
FILLER_108_103,VGND,li1,55.6600,304.6400,0.000110
FILLER_108_96,VGND,li1,50.3700,304.6400,0.000096
FILLER_108_85,VGND,li1,44.8500,304.6400,0.000084
FILLER_108_83,VGND,li1,43.9300,304.6400,0.000078
FILLER_108_77,VGND,li1,42.3200,304.6400,0.000078
FILLER_108_65,VGND,li1,38.1800,304.6400,0.000066
FILLER_108_53,VGND,li1,32.6600,304.6400,0.000050
FILLER_108_41,VGND,li1,27.1400,304.6400,0.000034
FILLER_108_29,VGND,li1,21.6200,304.6400,0.000029
FILLER_108_27,VGND,li1,18.1700,304.6400,0.000029
FILLER_108_15,VGND,li1,15.1800,304.6400,0.000029
FILLER_108_3,VGND,li1,9.6600,304.6400,0.000029
FILLER_107_693,VGND,li1,324.9900,304.6400,0.000525
FILLER_107_685,VGND,li1,322.4600,304.6400,0.000525
FILLER_107_673,VGND,li1,317.8600,304.6400,0.000525
FILLER_107_668,VGND,li1,313.7200,304.6400,0.000525
FILLER_107_656,VGND,li1,310.0400,304.6400,0.000525
FILLER_107_644,VGND,li1,304.5200,304.6400,0.000522
FILLER_107_635,VGND,li1,297.8500,304.6400,0.000517
FILLER_107_613,VGND,li1,288.1900,304.6400,0.000503
FILLER_107_603,VGND,li1,283.8200,304.6400,0.000495
FILLER_107_594,VGND,li1,279.2200,304.6400,0.000487
FILLER_107_585,VGND,li1,275.0800,304.6400,0.000478
FILLER_107_577,VGND,li1,272.7800,304.6400,0.000473
FILLER_107_561,VGND,li1,264.2700,304.6400,0.000452
FILLER_107_558,VGND,li1,262.6600,304.6400,0.000447
FILLER_107_550,VGND,li1,260.3600,304.6400,0.000442
FILLER_107_538,VGND,li1,254.3800,304.6400,0.000426
FILLER_107_526,VGND,li1,250.2400,304.6400,0.000413
FILLER_107_521,VGND,li1,245.4100,304.6400,0.000399
FILLER_107_517,VGND,li1,244.2600,304.6400,0.000391
FILLER_107_505,VGND,li1,240.5800,304.6400,0.000382
FILLER_107_498,VGND,li1,235.9800,304.6400,0.000363
FILLER_107_483,VGND,li1,228.1600,304.6400,0.000335
FILLER_107_474,VGND,li1,224.9400,304.6400,0.000325
FILLER_107_460,VGND,li1,217.8100,304.6400,0.000299
FILLER_107_452,VGND,li1,215.2800,304.6400,0.000288
FILLER_107_447,VGND,li1,211.3700,304.6400,0.000262
FILLER_107_441,VGND,li1,209.7600,304.6400,0.000262
FILLER_107_418,VGND,li1,199.6400,304.6400,0.000200
FILLER_107_406,VGND,li1,195.0400,304.6400,0.000177
FILLER_107_400,VGND,li1,189.7500,304.6400,0.000151
FILLER_107_384,VGND,li1,183.0800,304.6400,0.000113
FILLER_107_374,VGND,li1,178.2500,304.6400,0.000083
FILLER_107_349,VGND,li1,166.2900,304.6400,0.000105
FILLER_107_337,VGND,li1,163.3000,304.6400,0.000108
FILLER_107_335,VGND,li1,159.8500,304.6400,0.000115
FILLER_107_329,VGND,li1,158.2400,304.6400,0.000115
FILLER_107_317,VGND,li1,154.1000,304.6400,0.000120
FILLER_107_305,VGND,li1,148.5800,304.6400,0.000127
FILLER_107_293,VGND,li1,143.0600,304.6400,0.000134
FILLER_107_281,VGND,li1,137.5400,304.6400,0.000141
FILLER_107_279,VGND,li1,134.0900,304.6400,0.000145
FILLER_107_263,VGND,li1,127.1900,304.6400,0.000154
FILLER_107_251,VGND,li1,123.7400,304.6400,0.000158
FILLER_107_247,VGND,li1,119.3700,304.6400,0.000165
FILLER_107_243,VGND,li1,118.2200,304.6400,0.000165
FILLER_107_225,VGND,li1,109.4800,304.6400,0.000174
FILLER_107_209,VGND,li1,102.1200,304.6400,0.000176
FILLER_107_201,VGND,li1,98.6700,304.6400,0.000174
FILLER_107_189,VGND,li1,95.2200,304.6400,0.000172
FILLER_107_162,VGND,li1,80.5000,304.6400,0.000159
FILLER_107_154,VGND,li1,78.2000,304.6400,0.000156
FILLER_107_135,VGND,li1,67.8500,304.6400,0.000137
FILLER_107_129,VGND,li1,65.0900,304.6400,0.000130
FILLER_107_113,VGND,li1,58.1900,304.6400,0.000119
FILLER_107_109,VGND,li1,56.3500,304.6400,0.000115
FILLER_107_99,VGND,li1,51.7500,304.6400,0.000104
FILLER_107_89,VGND,li1,47.1500,304.6400,0.000090
FILLER_107_81,VGND,li1,44.6200,304.6400,0.000084
FILLER_107_69,VGND,li1,40.0200,304.6400,0.000071
FILLER_107_57,VGND,li1,34.5000,304.6400,0.000056
FILLER_107_55,VGND,li1,31.0500,304.6400,0.000042
FILLER_107_51,VGND,li1,29.9000,304.6400,0.000042
FILLER_107_39,VGND,li1,26.2200,304.6400,0.000029
FILLER_107_27,VGND,li1,20.7000,304.6400,0.000029
FILLER_107_15,VGND,li1,15.1800,304.6400,0.000029
FILLER_107_3,VGND,li1,9.6600,304.6400,0.000029
FILLER_106_681,VGND,li1,319.4700,299.2000,0.000650
FILLER_106_657,VGND,li1,309.5800,299.2000,0.000642
FILLER_106_645,VGND,li1,304.9800,299.2000,0.000637
FILLER_106_638,VGND,li1,300.3800,299.2000,0.000628
FILLER_106_623,VGND,li1,292.3300,299.2000,0.000606
FILLER_106_619,VGND,li1,291.1800,299.2000,0.000606
FILLER_106_611,VGND,li1,287.5000,299.2000,0.000597
FILLER_106_596,VGND,li1,281.5200,299.2000,0.000580
FILLER_106_589,VGND,li1,276.6900,299.2000,0.000562
FILLER_106_587,VGND,li1,275.7700,299.2000,0.000562
FILLER_106_581,VGND,li1,274.1600,299.2000,0.000554
FILLER_106_569,VGND,li1,270.0200,299.2000,0.000544
FILLER_106_557,VGND,li1,264.5000,299.2000,0.000525
FILLER_106_545,VGND,li1,258.9800,299.2000,0.000509
FILLER_106_533,VGND,li1,253.4600,299.2000,0.000491
FILLER_106_531,VGND,li1,250.0100,299.2000,0.000481
FILLER_106_527,VGND,li1,248.8600,299.2000,0.000473
FILLER_106_517,VGND,li1,244.0300,299.2000,0.000459
FILLER_106_509,VGND,li1,241.5000,299.2000,0.000451
FILLER_106_495,VGND,li1,233.6800,299.2000,0.000419
FILLER_106_487,VGND,li1,231.3800,299.2000,0.000406
FILLER_106_477,VGND,li1,225.6300,299.2000,0.000381
FILLER_106_474,VGND,li1,224.0200,299.2000,0.000381
FILLER_106_453,VGND,li1,215.7400,299.2000,0.000344
FILLER_106_441,VGND,li1,211.1400,299.2000,0.000315
FILLER_106_429,VGND,li1,205.6200,299.2000,0.000293
FILLER_106_387,VGND,li1,183.7700,299.2000,0.000156
FILLER_106_379,VGND,li1,181.7000,299.2000,0.000142
FILLER_106_373,VGND,li1,177.3300,299.2000,0.000111
FILLER_106_365,VGND,li1,175.2600,299.2000,0.000117
FILLER_106_363,VGND,li1,172.7300,299.2000,0.000129
FILLER_106_359,VGND,li1,171.5800,299.2000,0.000129
FILLER_106_350,VGND,li1,167.4400,299.2000,0.000143
FILLER_106_338,VGND,li1,163.7600,299.2000,0.000156
FILLER_106_326,VGND,li1,158.2400,299.2000,0.000172
FILLER_106_314,VGND,li1,152.7200,299.2000,0.000190
FILLER_106_296,VGND,li1,144.4400,299.2000,0.000220
FILLER_106_284,VGND,li1,138.9200,299.2000,0.000239
FILLER_106_272,VGND,li1,133.4000,299.2000,0.000253
FILLER_106_253,VGND,li1,122.5900,299.2000,0.000288
FILLER_106_251,VGND,li1,121.2100,299.2000,0.000293
FILLER_106_245,VGND,li1,119.6000,299.2000,0.000293
FILLER_106_228,VGND,li1,110.6300,299.2000,0.000318
FILLER_106_213,VGND,li1,103.7300,299.2000,0.000326
FILLER_106_178,VGND,li1,87.8600,299.2000,0.000305
FILLER_106_161,VGND,li1,79.8100,299.2000,0.000286
FILLER_106_153,VGND,li1,77.7400,299.2000,0.000277
FILLER_106_141,VGND,li1,73.1400,299.2000,0.000261
FILLER_106_139,VGND,li1,69.6900,299.2000,0.000245
FILLER_106_133,VGND,li1,68.0800,299.2000,0.000245
FILLER_106_122,VGND,li1,63.4800,299.2000,0.000228
FILLER_106_113,VGND,li1,57.9600,299.2000,0.000203
FILLER_106_101,VGND,li1,54.7400,299.2000,0.000193
FILLER_106_93,VGND,li1,48.7600,299.2000,0.000169
FILLER_106_85,VGND,li1,46.4600,299.2000,0.000160
FILLER_106_83,VGND,li1,43.9300,299.2000,0.000149
FILLER_106_77,VGND,li1,42.3200,299.2000,0.000137
FILLER_106_65,VGND,li1,38.1800,299.2000,0.000124
FILLER_106_53,VGND,li1,32.6600,299.2000,0.000094
FILLER_106_41,VGND,li1,27.1400,299.2000,0.000073
FILLER_106_29,VGND,li1,21.6200,299.2000,0.000054
FILLER_106_27,VGND,li1,18.1700,299.2000,0.000054
FILLER_106_15,VGND,li1,15.1800,299.2000,0.000054
FILLER_105_699,VGND,li1,327.2900,299.2000,0.000653
FILLER_105_687,VGND,li1,324.3000,299.2000,0.000653
FILLER_105_673,VGND,li1,315.3300,299.2000,0.000647
FILLER_105_669,VGND,li1,313.9500,299.2000,0.000647
FILLER_105_629,VGND,li1,295.3200,299.2000,0.000614
FILLER_105_617,VGND,li1,292.1000,299.2000,0.000606
FILLER_105_613,VGND,li1,288.1900,299.2000,0.000597
FILLER_105_601,VGND,li1,284.7400,299.2000,0.000589
FILLER_105_589,VGND,li1,279.2200,299.2000,0.000570
FILLER_105_577,VGND,li1,272.7800,299.2000,0.000554
FILLER_105_568,VGND,li1,267.2600,299.2000,0.000534
FILLER_105_558,VGND,li1,262.6600,299.2000,0.000518
FILLER_105_541,VGND,li1,255.7600,299.2000,0.000500
FILLER_105_533,VGND,li1,250.9300,299.2000,0.000481
FILLER_105_529,VGND,li1,249.7800,299.2000,0.000481
FILLER_105_521,VGND,li1,245.6400,299.2000,0.000466
FILLER_105_513,VGND,li1,241.7300,299.2000,0.000451
FILLER_105_505,VGND,li1,239.6600,299.2000,0.000444
FILLER_105_498,VGND,li1,235.9800,299.2000,0.000430
FILLER_105_485,VGND,li1,230.0000,299.2000,0.000406
FILLER_105_473,VGND,li1,225.8600,299.2000,0.000389
FILLER_105_461,VGND,li1,220.3400,299.2000,0.000360
FILLER_105_421,VGND,li1,199.6400,299.2000,0.000261
FILLER_105_413,VGND,li1,197.3400,299.2000,0.000247
FILLER_105_409,VGND,li1,193.8900,299.2000,0.000227
FILLER_105_400,VGND,li1,189.7500,299.2000,0.000199
FILLER_105_391,VGND,li1,185.6100,299.2000,0.000171
FILLER_105_383,VGND,li1,183.5400,299.2000,0.000156
FILLER_105_361,VGND,li1,172.9600,299.2000,0.000129
FILLER_105_349,VGND,li1,168.8200,299.2000,0.000143
FILLER_105_337,VGND,li1,163.3000,299.2000,0.000156
FILLER_105_335,VGND,li1,159.8500,299.2000,0.000172
FILLER_105_329,VGND,li1,158.2400,299.2000,0.000172
FILLER_105_317,VGND,li1,154.1000,299.2000,0.000190
FILLER_105_308,VGND,li1,147.4300,299.2000,0.000212
FILLER_105_302,VGND,li1,145.8200,299.2000,0.000212
FILLER_105_297,VGND,li1,142.3700,299.2000,0.000227
FILLER_105_293,VGND,li1,141.2200,299.2000,0.000227
FILLER_105_281,VGND,li1,137.5400,299.2000,0.000239
FILLER_105_278,VGND,li1,133.8600,299.2000,0.000253
FILLER_105_266,VGND,li1,130.6400,299.2000,0.000261
FILLER_105_254,VGND,li1,123.2800,299.2000,0.000288
FILLER_105_242,VGND,li1,119.6000,299.2000,0.000293
FILLER_105_237,VGND,li1,115.0000,299.2000,0.000307
FILLER_105_225,VGND,li1,111.7800,299.2000,0.000313
FILLER_105_195,VGND,li1,95.4500,299.2000,0.000317
FILLER_105_189,VGND,li1,93.8400,299.2000,0.000317
FILLER_105_185,VGND,li1,90.8500,299.2000,0.000309
FILLER_105_181,VGND,li1,89.7000,299.2000,0.000309
FILLER_105_169,VGND,li1,86.0200,299.2000,0.000301
FILLER_105_163,VGND,li1,80.9600,299.2000,0.000286
FILLER_105_143,VGND,li1,71.5300,299.2000,0.000252
FILLER_105_137,VGND,li1,69.9200,299.2000,0.000252
FILLER_105_125,VGND,li1,65.7800,299.2000,0.000236
FILLER_105_113,VGND,li1,60.2600,299.2000,0.000212
FILLER_105_108,VGND,li1,56.1200,299.2000,0.000193
FILLER_105_96,VGND,li1,52.4400,299.2000,0.000184
FILLER_105_73,VGND,li1,39.3300,299.2000,0.000124
FILLER_105_39,VGND,li1,23.6900,299.2000,0.000054
FILLER_105_27,VGND,li1,20.7000,299.2000,0.000054
FILLER_105_15,VGND,li1,15.1800,299.2000,0.000054
FILLER_105_3,VGND,li1,9.6600,299.2000,0.000054
FILLER_104_699,VGND,li1,327.2900,293.7600,0.001129
FILLER_104_688,VGND,li1,322.6900,293.7600,0.001129
FILLER_104_680,VGND,li1,320.1600,293.7600,0.001129
FILLER_104_659,VGND,li1,308.8900,293.7600,0.001096
FILLER_104_645,VGND,li1,302.9100,293.7600,0.001062
FILLER_104_643,VGND,li1,301.5300,293.7600,0.001052
FILLER_104_637,VGND,li1,299.9200,293.7600,0.001052
FILLER_104_631,VGND,li1,296.4700,293.7600,0.001035
FILLER_104_603,VGND,li1,283.5900,293.7600,0.000962
FILLER_104_595,VGND,li1,281.0600,293.7600,0.000943
FILLER_104_585,VGND,li1,275.3100,293.7600,0.000912
FILLER_104_577,VGND,li1,271.1700,293.7600,0.000882
FILLER_104_556,VGND,li1,264.0400,293.7600,0.000829
FILLER_104_544,VGND,li1,258.5200,293.7600,0.000800
FILLER_104_529,VGND,li1,249.5500,293.7600,0.000730
FILLER_104_517,VGND,li1,246.1000,293.7600,0.000717
FILLER_104_501,VGND,li1,237.8200,293.7600,0.000656
FILLER_104_489,VGND,li1,233.2200,293.7600,0.000622
FILLER_104_477,VGND,li1,227.7000,293.7600,0.000580
FILLER_104_475,VGND,li1,224.2500,293.7600,0.000553
FILLER_104_463,VGND,li1,221.2600,293.7600,0.000529
FILLER_104_425,VGND,li1,201.2500,293.7600,0.000348
FILLER_104_421,VGND,li1,200.1000,293.7600,0.000348
FILLER_104_419,VGND,li1,198.4900,293.7600,0.000325
FILLER_104_413,VGND,li1,196.8800,293.7600,0.000306
FILLER_104_408,VGND,li1,193.6600,293.7600,0.000290
FILLER_104_396,VGND,li1,190.4400,293.7600,0.000256
FILLER_104_391,VGND,li1,185.8400,293.7600,0.000216
FILLER_104_369,VGND,li1,175.4900,293.7600,0.000141
FILLER_104_365,VGND,li1,174.3400,293.7600,0.000148
FILLER_104_358,VGND,li1,171.5800,293.7600,0.000156
FILLER_104_346,VGND,li1,167.4400,293.7600,0.000166
FILLER_104_334,VGND,li1,161.9200,293.7600,0.000178
FILLER_104_322,VGND,li1,156.4000,293.7600,0.000192
FILLER_104_317,VGND,li1,151.5700,293.7600,0.000204
FILLER_104_309,VGND,li1,149.5000,293.7600,0.000208
FILLER_104_291,VGND,li1,139.6100,293.7600,0.000224
FILLER_104_283,VGND,li1,137.5400,293.7600,0.000227
FILLER_104_271,VGND,li1,132.9400,293.7600,0.000230
FILLER_104_259,VGND,li1,127.4200,293.7600,0.000235
FILLER_104_253,VGND,li1,122.5900,293.7600,0.000237
FILLER_104_234,VGND,li1,113.6200,293.7600,0.000239
FILLER_104_209,VGND,li1,104.4200,293.7600,0.000233
FILLER_104_197,VGND,li1,98.9000,293.7600,0.000229
FILLER_104_195,VGND,li1,95.4500,293.7600,0.000225
FILLER_104_191,VGND,li1,94.3000,293.7600,0.000225
FILLER_104_173,VGND,li1,85.3300,293.7600,0.000214
FILLER_104_169,VGND,li1,84.1800,293.7600,0.000214
FILLER_104_141,VGND,li1,73.1400,293.7600,0.000197
FILLER_104_139,VGND,li1,69.6900,293.7600,0.000187
FILLER_104_135,VGND,li1,68.5400,293.7600,0.000187
FILLER_104_131,VGND,li1,66.0100,293.7600,0.000176
FILLER_104_125,VGND,li1,64.4000,293.7600,0.000176
FILLER_104_114,VGND,li1,58.1900,293.7600,0.000155
FILLER_104_110,VGND,li1,56.3500,293.7600,0.000148
FILLER_104_106,VGND,li1,55.2000,293.7600,0.000148
FILLER_104_94,VGND,li1,51.5200,293.7600,0.000135
FILLER_104_85,VGND,li1,45.0800,293.7600,0.000110
FILLER_104_83,VGND,li1,43.9300,293.7600,0.000110
FILLER_104_75,VGND,li1,41.8600,293.7600,0.000100
FILLER_104_67,VGND,li1,36.5700,293.7600,0.000083
FILLER_104_63,VGND,li1,35.4200,293.7600,0.000074
FILLER_104_51,VGND,li1,31.7400,293.7600,0.000064
FILLER_104_47,VGND,li1,27.3700,293.7600,0.000047
FILLER_104_41,VGND,li1,25.7600,293.7600,0.000039
FILLER_104_29,VGND,li1,21.6200,293.7600,0.000039
FILLER_104_27,VGND,li1,18.1700,293.7600,0.000039
FILLER_104_15,VGND,li1,15.1800,293.7600,0.000039
FILLER_104_3,VGND,li1,9.6600,293.7600,0.000039
FILLER_103_694,VGND,li1,325.2200,293.7600,0.001129
FILLER_103_669,VGND,li1,313.9500,293.7600,0.001119
FILLER_103_657,VGND,li1,310.5000,293.7600,0.001096
FILLER_103_653,VGND,li1,306.1300,293.7600,0.001083
FILLER_103_641,VGND,li1,303.1400,293.7600,0.001062
FILLER_103_629,VGND,li1,297.6200,293.7600,0.001035
FILLER_103_617,VGND,li1,292.1000,293.7600,0.001012
FILLER_103_615,VGND,li1,288.6500,293.7600,0.000987
FILLER_103_611,VGND,li1,287.5000,293.7600,0.000987
FILLER_103_585,VGND,li1,274.8500,293.7600,0.000912
FILLER_103_573,VGND,li1,271.8600,293.7600,0.000882
FILLER_103_561,VGND,li1,266.3400,293.7600,0.000856
FILLER_103_557,VGND,li1,262.4300,293.7600,0.000829
FILLER_103_548,VGND,li1,258.0600,293.7600,0.000800
FILLER_103_541,VGND,li1,255.0700,293.7600,0.000779
FILLER_103_533,VGND,li1,252.5400,293.7600,0.000762
FILLER_103_521,VGND,li1,247.9400,293.7600,0.000730
FILLER_103_498,VGND,li1,235.2900,293.7600,0.000638
FILLER_103_417,VGND,li1,197.5700,293.7600,0.000325
FILLER_103_391,VGND,li1,185.6100,293.7600,0.000198
FILLER_103_349,VGND,li1,166.5200,293.7600,0.000166
FILLER_103_337,VGND,li1,163.3000,293.7600,0.000178
FILLER_103_335,VGND,li1,159.8500,293.7600,0.000183
FILLER_103_308,VGND,li1,147.8900,293.7600,0.000214
FILLER_103_269,VGND,li1,131.1000,293.7600,0.000231
FILLER_103_257,VGND,li1,126.5000,293.7600,0.000235
FILLER_103_237,VGND,li1,115.4600,293.7600,0.000239
FILLER_103_225,VGND,li1,111.7800,293.7600,0.000237
FILLER_103_222,VGND,li1,108.1000,293.7600,0.000236
FILLER_103_210,VGND,li1,104.8800,293.7600,0.000233
FILLER_103_198,VGND,li1,99.3600,293.7600,0.000229
FILLER_103_187,VGND,li1,92.4600,293.7600,0.000223
FILLER_103_175,VGND,li1,88.7800,293.7600,0.000218
FILLER_103_166,VGND,li1,82.3400,293.7600,0.000212
FILLER_103_157,VGND,li1,78.2000,293.7600,0.000206
FILLER_103_117,VGND,li1,59.5700,293.7600,0.000162
FILLER_103_113,VGND,li1,58.4200,293.7600,0.000155
FILLER_103_111,VGND,li1,56.8100,293.7600,0.000148
FILLER_103_107,VGND,li1,55.6600,293.7600,0.000148
FILLER_103_99,VGND,li1,51.2900,293.7600,0.000135
FILLER_103_91,VGND,li1,49.2200,293.7600,0.000128
FILLER_103_79,VGND,li1,44.6200,293.7600,0.000110
FILLER_103_61,VGND,li1,34.2700,293.7600,0.000074
FILLER_103_55,VGND,li1,31.0500,293.7600,0.000057
FILLER_103_51,VGND,li1,29.9000,293.7600,0.000057
FILLER_103_39,VGND,li1,26.2200,293.7600,0.000039
FILLER_103_27,VGND,li1,20.7000,293.7600,0.000039
FILLER_103_15,VGND,li1,15.1800,293.7600,0.000039
FILLER_103_3,VGND,li1,9.6600,293.7600,0.000039
FILLER_102_676,VGND,li1,318.3200,288.3200,0.000634
FILLER_102_642,VGND,li1,301.3000,288.3200,0.000617
FILLER_102_634,VGND,li1,299.0000,288.3200,0.000612
FILLER_102_623,VGND,li1,293.4800,288.3200,0.000600
FILLER_102_609,VGND,li1,285.8900,288.3200,0.000584
FILLER_102_601,VGND,li1,283.8200,288.3200,0.000579
FILLER_102_589,VGND,li1,277.8400,288.3200,0.000563
FILLER_102_586,VGND,li1,275.5400,288.3200,0.000557
FILLER_102_578,VGND,li1,273.2400,288.3200,0.000551
FILLER_102_571,VGND,li1,268.6400,288.3200,0.000535
FILLER_102_562,VGND,li1,264.2700,288.3200,0.000526
FILLER_102_556,VGND,li1,261.7400,288.3200,0.000519
FILLER_102_522,VGND,li1,246.5600,288.3200,0.000473
FILLER_102_502,VGND,li1,236.9000,288.3200,0.000439
FILLER_102_496,VGND,li1,234.3700,288.3200,0.000429
FILLER_102_489,VGND,li1,230.6900,288.3200,0.000410
FILLER_102_477,VGND,li1,226.7800,288.3200,0.000397
FILLER_102_475,VGND,li1,224.2500,288.3200,0.000388
FILLER_102_451,VGND,li1,213.4400,288.3200,0.000337
FILLER_102_402,VGND,li1,190.9000,288.3200,0.000221
FILLER_102_388,VGND,li1,184.2300,288.3200,0.000184
FILLER_102_381,VGND,li1,181.0100,288.3200,0.000172
FILLER_102_377,VGND,li1,179.8600,288.3200,0.000157
FILLER_102_352,VGND,li1,168.1300,288.3200,0.000258
FILLER_102_344,VGND,li1,165.6000,288.3200,0.000280
FILLER_102_332,VGND,li1,161.0000,288.3200,0.000331
FILLER_102_319,VGND,li1,154.1000,288.3200,0.000395
FILLER_102_309,VGND,li1,148.1200,288.3200,0.000447
FILLER_102_304,VGND,li1,146.2800,288.3200,0.000465
FILLER_102_281,VGND,li1,135.0100,288.3200,0.000535
FILLER_102_273,VGND,li1,132.9400,288.3200,0.000548
FILLER_102_250,VGND,li1,120.9800,288.3200,0.000585
FILLER_102_245,VGND,li1,118.6800,288.3200,0.000581
FILLER_102_241,VGND,li1,116.6100,288.3200,0.000577
FILLER_102_215,VGND,li1,104.6500,288.3200,0.000549
FILLER_102_201,VGND,li1,98.2100,288.3200,0.000532
FILLER_102_197,VGND,li1,97.0600,288.3200,0.000524
FILLER_102_191,VGND,li1,93.6100,288.3200,0.000518
FILLER_102_183,VGND,li1,91.5400,288.3200,0.000511
FILLER_102_168,VGND,li1,84.6400,288.3200,0.000482
FILLER_102_157,VGND,li1,79.1200,288.3200,0.000468
FILLER_102_149,VGND,li1,74.2900,288.3200,0.000449
FILLER_102_145,VGND,li1,73.1400,288.3200,0.000441
FILLER_102_139,VGND,li1,69.6900,288.3200,0.000431
FILLER_102_125,VGND,li1,63.2500,288.3200,0.000382
FILLER_102_119,VGND,li1,61.6400,288.3200,0.000382
FILLER_102_105,VGND,li1,54.0500,288.3200,0.000324
FILLER_102_97,VGND,li1,51.9800,288.3200,0.000303
FILLER_102_85,VGND,li1,47.3800,288.3200,0.000272
FILLER_102_80,VGND,li1,43.2400,288.3200,0.000238
FILLER_102_29,VGND,li1,19.7800,288.3200,0.000091
FILLER_102_27,VGND,li1,18.1700,288.3200,0.000091
FILLER_102_15,VGND,li1,15.1800,288.3200,0.000091
FILLER_102_3,VGND,li1,9.6600,288.3200,0.000091
FILLER_101_684,VGND,li1,322.9200,288.3200,0.000637
FILLER_101_673,VGND,li1,316.4800,288.3200,0.000633
FILLER_101_671,VGND,li1,314.4100,288.3200,0.000632
FILLER_101_663,VGND,li1,312.3400,288.3200,0.000631
FILLER_101_651,VGND,li1,305.9000,288.3200,0.000624
FILLER_101_627,VGND,li1,294.8600,288.3200,0.000605
FILLER_101_617,VGND,li1,290.0300,288.3200,0.000595
FILLER_101_613,VGND,li1,288.1900,288.3200,0.000590
FILLER_101_605,VGND,li1,285.6600,288.3200,0.000584
FILLER_101_593,VGND,li1,281.0600,288.3200,0.000571
FILLER_101_581,VGND,li1,275.5400,288.3200,0.000557
FILLER_101_561,VGND,li1,264.0400,288.3200,0.000526
FILLER_101_548,VGND,li1,260.3600,288.3200,0.000513
FILLER_101_535,VGND,li1,253.4600,288.3200,0.000491
FILLER_101_530,VGND,li1,249.5500,288.3200,0.000479
FILLER_101_523,VGND,li1,246.7900,288.3200,0.000473
FILLER_101_505,VGND,li1,238.0500,288.3200,0.000439
FILLER_101_486,VGND,li1,229.7700,288.3200,0.000410
FILLER_101_474,VGND,li1,226.3200,288.3200,0.000397
FILLER_101_462,VGND,li1,220.8000,288.3200,0.000369
FILLER_101_455,VGND,li1,215.5100,288.3200,0.000347
FILLER_101_447,VGND,li1,211.3700,288.3200,0.000329
FILLER_101_428,VGND,li1,202.6300,288.3200,0.000286
FILLER_101_414,VGND,li1,196.6500,288.3200,0.000255
FILLER_101_402,VGND,li1,193.2000,288.3200,0.000244
FILLER_101_397,VGND,li1,188.3700,288.3200,0.000208
FILLER_101_393,VGND,li1,187.2200,288.3200,0.000208
FILLER_101_390,VGND,li1,185.3800,288.3200,0.000198
FILLER_101_382,VGND,li1,183.0800,288.3200,0.000184
FILLER_101_370,VGND,li1,178.4800,288.3200,0.000157
FILLER_101_364,VGND,li1,173.1900,288.3200,0.000208
FILLER_101_357,VGND,li1,170.4300,288.3200,0.000234
FILLER_101_349,VGND,li1,167.9000,288.3200,0.000258
FILLER_101_337,VGND,li1,163.3000,288.3200,0.000302
FILLER_101_328,VGND,li1,158.2400,288.3200,0.000362
FILLER_101_316,VGND,li1,153.6400,288.3200,0.000395
FILLER_101_293,VGND,li1,140.7600,288.3200,0.000500
FILLER_101_281,VGND,li1,137.5400,288.3200,0.000520
FILLER_101_277,VGND,li1,133.6300,288.3200,0.000548
FILLER_101_269,VGND,li1,131.1000,288.3200,0.000559
FILLER_101_236,VGND,li1,114.3100,288.3200,0.000573
FILLER_101_228,VGND,li1,112.2400,288.3200,0.000569
FILLER_101_215,VGND,li1,104.8800,288.3200,0.000549
FILLER_101_207,VGND,li1,102.5800,288.3200,0.000544
FILLER_101_199,VGND,li1,97.2900,288.3200,0.000524
FILLER_101_193,VGND,li1,95.6800,288.3200,0.000524
FILLER_101_188,VGND,li1,92.4600,288.3200,0.000511
FILLER_101_176,VGND,li1,89.2400,288.3200,0.000500
FILLER_101_167,VGND,li1,82.5700,288.3200,0.000474
FILLER_101_125,VGND,li1,63.2500,288.3200,0.000382
FILLER_101_113,VGND,li1,60.2600,288.3200,0.000361
FILLER_101_110,VGND,li1,56.5800,288.3200,0.000339
FILLER_101_102,VGND,li1,54.2800,288.3200,0.000324
FILLER_101_67,VGND,li1,36.8000,288.3200,0.000188
FILLER_101_55,VGND,li1,31.0500,288.3200,0.000141
FILLER_101_27,VGND,li1,18.6300,288.3200,0.000091
FILLER_101_15,VGND,li1,15.1800,288.3200,0.000091
FILLER_101_3,VGND,li1,9.6600,288.3200,0.000091
FILLER_100_674,VGND,li1,316.0200,282.8800,0.000710
FILLER_100_665,VGND,li1,311.6500,282.8800,0.000707
FILLER_100_657,VGND,li1,309.5800,282.8800,0.000704
FILLER_100_641,VGND,li1,301.0700,282.8800,0.000692
FILLER_100_614,VGND,li1,288.4200,282.8800,0.000664
FILLER_100_606,VGND,li1,286.1200,282.8800,0.000657
FILLER_100_601,VGND,li1,282.2100,282.8800,0.000645
FILLER_100_589,VGND,li1,279.2200,282.8800,0.000636
FILLER_100_587,VGND,li1,275.7700,282.8800,0.000619
FILLER_100_583,VGND,li1,274.6200,282.8800,0.000619
FILLER_100_571,VGND,li1,270.9400,282.8800,0.000602
FILLER_100_566,VGND,li1,266.1100,282.8800,0.000585
FILLER_100_562,VGND,li1,264.9600,282.8800,0.000574
FILLER_100_550,VGND,li1,261.2800,282.8800,0.000564
FILLER_100_538,VGND,li1,255.7600,282.8800,0.000543
FILLER_100_511,VGND,li1,241.0400,282.8800,0.000474
FILLER_100_501,VGND,li1,236.2100,282.8800,0.000458
FILLER_100_494,VGND,li1,233.4500,282.8800,0.000448
FILLER_100_486,VGND,li1,230.9200,282.8800,0.000437
FILLER_100_477,VGND,li1,225.4000,282.8800,0.000406
FILLER_100_475,VGND,li1,224.2500,282.8800,0.000406
FILLER_100_471,VGND,li1,223.1000,282.8800,0.000396
FILLER_100_459,VGND,li1,219.4200,282.8800,0.000382
FILLER_100_412,VGND,li1,195.9600,282.8800,0.000254
FILLER_100_384,VGND,li1,182.8500,282.8800,0.000164
FILLER_100_361,VGND,li1,172.2700,282.8800,0.000154
FILLER_100_353,VGND,li1,169.7400,282.8800,0.000166
FILLER_100_341,VGND,li1,165.1400,282.8800,0.000187
FILLER_100_329,VGND,li1,159.6200,282.8800,0.000213
FILLER_100_317,VGND,li1,154.1000,282.8800,0.000233
FILLER_100_306,VGND,li1,146.7400,282.8800,0.000267
FILLER_100_290,VGND,li1,140.3000,282.8800,0.000285
FILLER_100_260,VGND,li1,126.5000,282.8800,0.000297
FILLER_100_250,VGND,li1,120.9800,282.8800,0.000293
FILLER_100_228,VGND,li1,113.1600,282.8800,0.000284
FILLER_100_209,VGND,li1,104.4200,282.8800,0.000269
FILLER_100_197,VGND,li1,98.9000,282.8800,0.000260
FILLER_100_182,VGND,li1,89.4700,282.8800,0.000242
FILLER_100_170,VGND,li1,86.4800,282.8800,0.000237
FILLER_100_158,VGND,li1,80.9600,282.8800,0.000225
FILLER_100_146,VGND,li1,75.4400,282.8800,0.000211
FILLER_100_136,VGND,li1,68.3100,282.8800,0.000193
FILLER_100_104,VGND,li1,53.5900,282.8800,0.000151
FILLER_100_80,VGND,li1,43.2400,282.8800,0.000119
FILLER_100_75,VGND,li1,40.2500,282.8800,0.000107
FILLER_100_63,VGND,li1,37.2600,282.8800,0.000097
FILLER_100_46,VGND,li1,26.9100,282.8800,0.000058
FILLER_100_40,VGND,li1,25.3000,282.8800,0.000050
FILLER_100_35,VGND,li1,21.8500,282.8800,0.000054
FILLER_100_29,VGND,li1,20.2400,282.8800,0.000054
FILLER_100_27,VGND,li1,18.1700,282.8800,0.000056
FILLER_100_15,VGND,li1,15.1800,282.8800,0.000056
FILLER_100_3,VGND,li1,9.6600,282.8800,0.000056
FILLER_99_697,VGND,li1,326.8300,282.8800,0.000718
FILLER_99_689,VGND,li1,324.3000,282.8800,0.000718
FILLER_99_671,VGND,li1,314.4100,282.8800,0.000710
FILLER_99_663,VGND,li1,310.7300,282.8800,0.000704
FILLER_99_657,VGND,li1,309.1200,282.8800,0.000704
FILLER_99_646,VGND,li1,303.6000,282.8800,0.000696
FILLER_99_630,VGND,li1,296.0100,282.8800,0.000683
FILLER_99_573,VGND,li1,270.4800,282.8800,0.000602
FILLER_99_561,VGND,li1,266.3400,282.8800,0.000585
FILLER_99_557,VGND,li1,262.4300,282.8800,0.000564
FILLER_99_536,VGND,li1,253.9200,282.8800,0.000536
FILLER_99_524,VGND,li1,247.2500,282.8800,0.000501
FILLER_99_512,VGND,li1,242.8800,282.8800,0.000489
FILLER_99_505,VGND,li1,238.2800,282.8800,0.000466
FILLER_99_502,VGND,li1,236.9000,282.8800,0.000458
FILLER_99_487,VGND,li1,232.3000,282.8800,0.000437
FILLER_99_466,VGND,li1,220.1100,282.8800,0.000382
FILLER_99_459,VGND,li1,216.8900,282.8800,0.000369
FILLER_99_455,VGND,li1,215.0500,282.8800,0.000359
FILLER_99_445,VGND,li1,210.9100,282.8800,0.000339
FILLER_99_385,VGND,li1,183.0800,282.8800,0.000164
FILLER_99_337,VGND,li1,161.9200,282.8800,0.000200
FILLER_99_330,VGND,li1,158.7000,282.8800,0.000213
FILLER_99_318,VGND,li1,154.5600,282.8800,0.000233
FILLER_99_261,VGND,li1,126.2700,282.8800,0.000297
FILLER_99_240,VGND,li1,116.3800,282.8800,0.000287
FILLER_99_222,VGND,li1,108.1000,282.8800,0.000274
FILLER_99_209,VGND,li1,101.8900,282.8800,0.000266
FILLER_99_203,VGND,li1,99.1300,282.8800,0.000260
FILLER_99_195,VGND,li1,97.0600,282.8800,0.000257
FILLER_99_183,VGND,li1,92.4600,282.8800,0.000248
FILLER_99_169,VGND,li1,84.1800,282.8800,0.000229
FILLER_99_162,VGND,li1,80.2700,282.8800,0.000220
FILLER_99_143,VGND,li1,71.5300,282.8800,0.000204
FILLER_99_139,VGND,li1,70.3800,282.8800,0.000199
FILLER_99_127,VGND,li1,66.7000,282.8800,0.000193
FILLER_99_118,VGND,li1,61.1800,282.8800,0.000179
FILLER_99_113,VGND,li1,57.7300,282.8800,0.000165
FILLER_99_111,VGND,li1,56.8100,282.8800,0.000165
FILLER_99_99,VGND,li1,53.8200,282.8800,0.000151
FILLER_99_88,VGND,li1,47.8400,282.8800,0.000135
FILLER_99_76,VGND,li1,43.2400,282.8800,0.000119
FILLER_99_54,VGND,li1,30.8200,282.8800,0.000073
FILLER_99_15,VGND,li1,13.3400,282.8800,0.000056
FILLER_99_3,VGND,li1,9.6600,282.8800,0.000056
FILLER_98_699,VGND,li1,327.2900,277.4400,0.000369
FILLER_98_693,VGND,li1,325.6800,277.4400,0.000369
FILLER_98_681,VGND,li1,321.5400,277.4400,0.000369
FILLER_98_669,VGND,li1,316.0200,277.4400,0.000369
FILLER_98_649,VGND,li1,304.2900,277.4400,0.000364
FILLER_98_645,VGND,li1,303.1400,277.4400,0.000362
FILLER_98_629,VGND,li1,295.0900,277.4400,0.000355
FILLER_98_623,VGND,li1,293.4800,277.4400,0.000355
FILLER_98_616,VGND,li1,289.1100,277.4400,0.000350
FILLER_98_604,VGND,li1,286.1200,277.4400,0.000348
FILLER_98_589,VGND,li1,276.9200,277.4400,0.000339
FILLER_98_587,VGND,li1,275.7700,277.4400,0.000337
FILLER_98_564,VGND,li1,265.1900,277.4400,0.000327
FILLER_98_560,VGND,li1,264.0400,277.4400,0.000325
FILLER_98_550,VGND,li1,259.2100,277.4400,0.000319
FILLER_98_533,VGND,li1,251.1600,277.4400,0.000305
FILLER_98_530,VGND,li1,249.7800,277.4400,0.000305
FILLER_98_518,VGND,li1,246.5600,277.4400,0.000299
FILLER_98_506,VGND,li1,241.0400,277.4400,0.000290
FILLER_98_494,VGND,li1,235.5200,277.4400,0.000281
FILLER_98_477,VGND,li1,226.7800,277.4400,0.000265
FILLER_98_471,VGND,li1,222.4100,277.4400,0.000255
FILLER_98_467,VGND,li1,221.2600,277.4400,0.000255
FILLER_98_448,VGND,li1,214.3600,277.4400,0.000240
FILLER_98_421,VGND,li1,199.6400,277.4400,0.000198
FILLER_98_413,VGND,li1,195.7300,277.4400,0.000181
FILLER_98_407,VGND,li1,194.1200,277.4400,0.000181
FILLER_98_396,VGND,li1,187.9100,277.4400,0.000149
FILLER_98_390,VGND,li1,186.3000,277.4400,0.000136
FILLER_98_378,VGND,li1,181.2400,277.4400,0.000101
FILLER_98_369,VGND,li1,175.4900,277.4400,0.000087
FILLER_98_365,VGND,li1,174.3400,277.4400,0.000087
FILLER_98_363,VGND,li1,172.7300,277.4400,0.000090
FILLER_98_351,VGND,li1,169.7400,277.4400,0.000092
FILLER_98_345,VGND,li1,164.9100,277.4400,0.000098
FILLER_98_333,VGND,li1,161.4600,277.4400,0.000100
FILLER_98_321,VGND,li1,155.9400,277.4400,0.000105
FILLER_98_309,VGND,li1,150.4200,277.4400,0.000112
FILLER_98_306,VGND,li1,146.7400,277.4400,0.000114
FILLER_98_298,VGND,li1,144.4400,277.4400,0.000117
FILLER_98_292,VGND,li1,140.0700,277.4400,0.000121
FILLER_98_286,VGND,li1,138.4600,277.4400,0.000121
FILLER_98_277,VGND,li1,134.3200,277.4400,0.000125
FILLER_98_257,VGND,li1,123.9700,277.4400,0.000130
FILLER_98_253,VGND,li1,122.8200,277.4400,0.000131
FILLER_98_251,VGND,li1,121.2100,277.4400,0.000131
FILLER_98_239,VGND,li1,118.2200,277.4400,0.000131
FILLER_98_227,VGND,li1,112.7000,277.4400,0.000131
FILLER_98_215,VGND,li1,107.1800,277.4400,0.000131
FILLER_98_197,VGND,li1,96.6000,277.4400,0.000130
FILLER_98_195,VGND,li1,95.4500,277.4400,0.000128
FILLER_98_189,VGND,li1,93.8400,277.4400,0.000127
FILLER_98_170,VGND,li1,86.4800,277.4400,0.000122
FILLER_98_158,VGND,li1,78.4300,277.4400,0.000116
FILLER_98_152,VGND,li1,76.8200,277.4400,0.000114
FILLER_98_147,VGND,li1,73.3700,277.4400,0.000109
FILLER_98_141,VGND,li1,71.7600,277.4400,0.000107
FILLER_98_139,VGND,li1,69.6900,277.4400,0.000105
FILLER_98_131,VGND,li1,67.6200,277.4400,0.000103
FILLER_98_119,VGND,li1,63.0200,277.4400,0.000098
FILLER_98_112,VGND,li1,57.2700,277.4400,0.000092
FILLER_98_106,VGND,li1,55.6600,277.4400,0.000088
FILLER_98_95,VGND,li1,49.4500,277.4400,0.000075
FILLER_98_42,VGND,li1,25.5300,277.4400,0.000025
FILLER_98_37,VGND,li1,22.7700,277.4400,0.000025
FILLER_98_29,VGND,li1,20.7000,277.4400,0.000025
FILLER_98_27,VGND,li1,18.1700,277.4400,0.000025
FILLER_98_15,VGND,li1,15.1800,277.4400,0.000025
FILLER_98_3,VGND,li1,9.6600,277.4400,0.000025
FILLER_97_697,VGND,li1,326.8300,277.4400,0.000369
FILLER_97_685,VGND,li1,323.3800,277.4400,0.000369
FILLER_97_673,VGND,li1,317.8600,277.4400,0.000369
FILLER_97_664,VGND,li1,312.8000,277.4400,0.000369
FILLER_97_648,VGND,li1,305.4400,277.4400,0.000364
FILLER_97_636,VGND,li1,298.3100,277.4400,0.000359
FILLER_97_617,VGND,li1,292.1000,277.4400,0.000352
FILLER_97_615,VGND,li1,288.6500,277.4400,0.000350
FILLER_97_609,VGND,li1,287.0400,277.4400,0.000348
FILLER_97_597,VGND,li1,282.9000,277.4400,0.000344
FILLER_97_585,VGND,li1,277.3800,277.4400,0.000339
FILLER_97_573,VGND,li1,271.8600,277.4400,0.000334
FILLER_97_561,VGND,li1,266.3400,277.4400,0.000327
FILLER_97_554,VGND,li1,261.7400,277.4400,0.000323
FILLER_97_547,VGND,li1,257.3700,277.4400,0.000314
FILLER_97_541,VGND,li1,255.7600,277.4400,0.000314
FILLER_97_529,VGND,li1,250.7000,277.4400,0.000305
FILLER_97_517,VGND,li1,246.1000,277.4400,0.000299
FILLER_97_505,VGND,li1,240.5800,277.4400,0.000290
FILLER_97_502,VGND,li1,236.9000,277.4400,0.000281
FILLER_97_490,VGND,li1,233.6800,277.4400,0.000276
FILLER_97_472,VGND,li1,223.5600,277.4400,0.000259
FILLER_97_454,VGND,li1,217.1200,277.4400,0.000246
FILLER_97_449,VGND,li1,212.5200,277.4400,0.000235
FILLER_97_446,VGND,li1,211.1400,277.4400,0.000231
FILLER_97_427,VGND,li1,202.1700,277.4400,0.000208
FILLER_97_420,VGND,li1,198.9500,277.4400,0.000198
FILLER_97_397,VGND,li1,188.3700,277.4400,0.000149
FILLER_97_386,VGND,li1,183.7700,277.4400,0.000119
FILLER_97_378,VGND,li1,181.2400,277.4400,0.000101
FILLER_97_366,VGND,li1,176.6400,277.4400,0.000085
FILLER_97_349,VGND,li1,166.7500,277.4400,0.000095
FILLER_97_337,VGND,li1,163.3000,277.4400,0.000098
FILLER_97_334,VGND,li1,159.6200,277.4400,0.000101
FILLER_97_326,VGND,li1,157.3200,277.4400,0.000105
FILLER_97_314,VGND,li1,152.7200,277.4400,0.000108
FILLER_97_299,VGND,li1,143.2900,277.4400,0.000117
FILLER_97_293,VGND,li1,141.6800,277.4400,0.000118
FILLER_97_281,VGND,li1,137.5400,277.4400,0.000123
FILLER_97_279,VGND,li1,134.0900,277.4400,0.000125
FILLER_97_271,VGND,li1,132.0200,277.4400,0.000126
FILLER_97_251,VGND,li1,123.7400,277.4400,0.000130
FILLER_97_241,VGND,li1,117.0700,277.4400,0.000131
FILLER_97_225,VGND,li1,109.4800,277.4400,0.000131
FILLER_97_221,VGND,li1,107.8700,277.4400,0.000131
FILLER_97_213,VGND,li1,105.3400,277.4400,0.000131
FILLER_97_204,VGND,li1,99.8200,277.4400,0.000131
FILLER_97_193,VGND,li1,94.5300,277.4400,0.000128
FILLER_97_189,VGND,li1,92.6900,277.4400,0.000127
FILLER_97_181,VGND,li1,90.6200,277.4400,0.000126
FILLER_97_169,VGND,li1,86.0200,277.4400,0.000122
FILLER_97_167,VGND,li1,82.5700,277.4400,0.000119
FILLER_97_161,VGND,li1,80.9600,277.4400,0.000117
FILLER_97_157,VGND,li1,77.9700,277.4400,0.000114
FILLER_97_151,VGND,li1,76.3600,277.4400,0.000114
FILLER_97_139,VGND,li1,72.2200,277.4400,0.000109
FILLER_97_123,VGND,li1,62.5600,277.4400,0.000098
FILLER_97_117,VGND,li1,60.0300,277.4400,0.000095
FILLER_97_111,VGND,li1,56.8100,277.4400,0.000088
FILLER_97_88,VGND,li1,46.2300,277.4400,0.000071
FILLER_97_68,VGND,li1,37.0300,277.4400,0.000052
FILLER_97_57,VGND,li1,32.2000,277.4400,0.000040
FILLER_97_51,VGND,li1,29.2100,277.4400,0.000035
FILLER_97_37,VGND,li1,22.7700,277.4400,0.000025
FILLER_97_25,VGND,li1,19.7800,277.4400,0.000025
FILLER_97_18,VGND,li1,14.7200,277.4400,0.000025
FILLER_97_9,VGND,li1,9.8900,277.4400,0.000025
FILLER_97_3,VGND,li1,8.2800,277.4400,0.000025
FILLER_96_699,VGND,li1,327.2900,272.0000,0.000623
FILLER_96_693,VGND,li1,325.6800,272.0000,0.000623
FILLER_96_681,VGND,li1,321.5400,272.0000,0.000623
FILLER_96_669,VGND,li1,316.0200,272.0000,0.000623
FILLER_96_657,VGND,li1,310.5000,272.0000,0.000623
FILLER_96_645,VGND,li1,304.9800,272.0000,0.000623
FILLER_96_640,VGND,li1,300.8400,272.0000,0.000622
FILLER_96_635,VGND,li1,298.0800,272.0000,0.000621
FILLER_96_595,VGND,li1,279.4500,272.0000,0.000596
FILLER_96_581,VGND,li1,273.0100,272.0000,0.000584
FILLER_96_569,VGND,li1,270.0200,272.0000,0.000579
FILLER_96_563,VGND,li1,264.7300,272.0000,0.000569
FILLER_96_533,VGND,li1,252.5400,272.0000,0.000542
FILLER_96_531,VGND,li1,250.0100,272.0000,0.000535
FILLER_96_525,VGND,li1,248.4000,272.0000,0.000528
FILLER_96_501,VGND,li1,236.2100,272.0000,0.000485
FILLER_96_495,VGND,li1,234.6000,272.0000,0.000485
FILLER_96_485,VGND,li1,229.3100,272.0000,0.000464
FILLER_96_477,VGND,li1,226.7800,272.0000,0.000454
FILLER_96_473,VGND,li1,223.7900,272.0000,0.000438
FILLER_96_458,VGND,li1,216.6600,272.0000,0.000409
FILLER_96_443,VGND,li1,209.5300,272.0000,0.000367
FILLER_96_437,VGND,li1,207.9200,272.0000,0.000367
FILLER_96_387,VGND,li1,184.0000,272.0000,0.000190
FILLER_96_379,VGND,li1,181.7000,272.0000,0.000165
FILLER_96_370,VGND,li1,176.6400,272.0000,0.000138
FILLER_96_348,VGND,li1,166.0600,272.0000,0.000154
FILLER_96_336,VGND,li1,162.8400,272.0000,0.000161
FILLER_96_324,VGND,li1,157.3200,272.0000,0.000166
FILLER_96_312,VGND,li1,151.8000,272.0000,0.000173
FILLER_96_300,VGND,li1,143.7500,272.0000,0.000179
FILLER_96_274,VGND,li1,133.4000,272.0000,0.000186
FILLER_96_262,VGND,li1,128.8000,272.0000,0.000189
FILLER_96_253,VGND,li1,123.2800,272.0000,0.000191
FILLER_96_250,VGND,li1,120.9800,272.0000,0.000192
FILLER_96_242,VGND,li1,118.6800,272.0000,0.000193
FILLER_96_209,VGND,li1,104.4200,272.0000,0.000195
FILLER_96_197,VGND,li1,98.9000,272.0000,0.000193
FILLER_96_195,VGND,li1,95.4500,272.0000,0.000191
FILLER_96_191,VGND,li1,94.3000,272.0000,0.000191
FILLER_96_171,VGND,li1,86.0200,272.0000,0.000184
FILLER_96_149,VGND,li1,75.4400,272.0000,0.000174
FILLER_96_123,VGND,li1,62.3300,272.0000,0.000148
FILLER_96_104,VGND,li1,53.5900,272.0000,0.000125
FILLER_96_100,VGND,li1,52.4400,272.0000,0.000125
FILLER_96_80,VGND,li1,43.2400,272.0000,0.000101
FILLER_96_71,VGND,li1,38.6400,272.0000,0.000088
FILLER_96_63,VGND,li1,36.3400,272.0000,0.000081
FILLER_96_34,VGND,li1,23.0000,272.0000,0.000050
FILLER_96_29,VGND,li1,19.3200,272.0000,0.000054
FILLER_96_24,VGND,li1,17.4800,272.0000,0.000055
FILLER_96_7,VGND,li1,8.9700,272.0000,0.000059
FILLER_96_3,VGND,li1,7.8200,272.0000,0.000059
FILLER_95_686,VGND,li1,322.4600,272.0000,0.000623
FILLER_95_669,VGND,li1,313.9500,272.0000,0.000623
FILLER_95_661,VGND,li1,311.4200,272.0000,0.000623
FILLER_95_646,VGND,li1,303.1400,272.0000,0.000623
FILLER_95_623,VGND,li1,292.5600,272.0000,0.000616
FILLER_95_617,VGND,li1,289.8000,272.0000,0.000613
FILLER_95_610,VGND,li1,287.5000,272.0000,0.000610
FILLER_95_600,VGND,li1,282.4400,272.0000,0.000603
FILLER_95_572,VGND,li1,268.8700,272.0000,0.000579
FILLER_95_554,VGND,li1,260.8200,272.0000,0.000563
FILLER_95_542,VGND,li1,255.3000,272.0000,0.000549
FILLER_95_523,VGND,li1,246.3300,272.0000,0.000522
FILLER_95_519,VGND,li1,245.1800,272.0000,0.000522
FILLER_95_508,VGND,li1,239.6600,272.0000,0.000501
FILLER_95_498,VGND,li1,235.9800,272.0000,0.000485
FILLER_95_486,VGND,li1,231.8400,272.0000,0.000473
FILLER_95_467,VGND,li1,220.8000,272.0000,0.000428
FILLER_95_459,VGND,li1,217.5800,272.0000,0.000409
FILLER_95_449,VGND,li1,212.9800,272.0000,0.000386
FILLER_95_440,VGND,li1,209.7600,272.0000,0.000376
FILLER_95_362,VGND,li1,173.4200,272.0000,0.000142
FILLER_95_337,VGND,li1,161.2300,272.0000,0.000161
FILLER_95_333,VGND,li1,159.3900,272.0000,0.000163
FILLER_95_308,VGND,li1,147.8900,272.0000,0.000176
FILLER_95_304,VGND,li1,145.5900,272.0000,0.000177
FILLER_95_300,VGND,li1,144.4400,272.0000,0.000179
FILLER_95_290,VGND,li1,139.6100,272.0000,0.000182
FILLER_95_281,VGND,li1,135.4700,272.0000,0.000184
FILLER_95_271,VGND,li1,131.1000,272.0000,0.000187
FILLER_95_248,VGND,li1,120.2900,272.0000,0.000193
FILLER_95_236,VGND,li1,116.8400,272.0000,0.000194
FILLER_95_225,VGND,li1,109.9400,272.0000,0.000195
FILLER_95_220,VGND,li1,107.6400,272.0000,0.000195
FILLER_95_196,VGND,li1,96.6000,272.0000,0.000192
FILLER_95_187,VGND,li1,92.0000,272.0000,0.000189
FILLER_95_167,VGND,li1,82.5700,272.0000,0.000181
FILLER_95_163,VGND,li1,81.4200,272.0000,0.000181
FILLER_95_158,VGND,li1,78.6600,272.0000,0.000178
FILLER_95_146,VGND,li1,75.4400,272.0000,0.000174
FILLER_95_131,VGND,li1,66.0100,272.0000,0.000160
FILLER_95_127,VGND,li1,64.8600,272.0000,0.000153
FILLER_95_121,VGND,li1,61.4100,272.0000,0.000148
FILLER_95_113,VGND,li1,59.3400,272.0000,0.000143
FILLER_95_106,VGND,li1,55.6600,272.0000,0.000134
FILLER_95_94,VGND,li1,51.5200,272.0000,0.000120
FILLER_95_85,VGND,li1,46.0000,272.0000,0.000108
FILLER_95_79,VGND,li1,42.0900,272.0000,0.000093
FILLER_95_73,VGND,li1,40.4800,272.0000,0.000093
FILLER_95_66,VGND,li1,36.1100,272.0000,0.000081
FILLER_95_12,VGND,li1,11.9600,272.0000,0.000059
FILLER_95_3,VGND,li1,7.8200,272.0000,0.000059
FILLER_94_654,VGND,li1,306.8200,266.5600,0.001596
FILLER_94_640,VGND,li1,300.8400,266.5600,0.001572
FILLER_94_624,VGND,li1,293.2500,266.5600,0.001532
FILLER_94_616,VGND,li1,290.7200,266.5600,0.001517
FILLER_94_611,VGND,li1,286.8100,266.5600,0.001490
FILLER_94_601,VGND,li1,283.3600,266.5600,0.001473
FILLER_94_589,VGND,li1,279.2200,266.5600,0.001453
FILLER_94_576,VGND,li1,273.2400,266.5600,0.001420
FILLER_94_571,VGND,li1,268.4100,266.5600,0.001392
FILLER_94_566,VGND,li1,266.3400,266.5600,0.001380
FILLER_94_533,VGND,li1,251.1600,266.5600,0.001207
FILLER_94_515,VGND,li1,242.6500,266.5600,0.001095
FILLER_94_511,VGND,li1,241.5000,266.5600,0.001095
FILLER_94_499,VGND,li1,235.5200,266.5600,0.001012
FILLER_94_493,VGND,li1,232.9900,266.5600,0.000977
FILLER_94_486,VGND,li1,229.5400,266.5600,0.000919
FILLER_94_475,VGND,li1,224.2500,266.5600,0.000853
FILLER_94_469,VGND,li1,222.6400,266.5600,0.000824
FILLER_94_457,VGND,li1,218.5000,266.5600,0.000761
FILLER_94_445,VGND,li1,212.9800,266.5600,0.000691
FILLER_94_416,VGND,li1,197.1100,266.5600,0.000447
FILLER_94_404,VGND,li1,194.1200,266.5600,0.000392
FILLER_94_398,VGND,li1,188.8300,266.5600,0.000313
FILLER_94_386,VGND,li1,185.8400,266.5600,0.000281
FILLER_94_373,VGND,li1,177.5600,266.5600,0.000162
FILLER_94_365,VGND,li1,175.2600,266.5600,0.000164
FILLER_94_363,VGND,li1,172.7300,266.5600,0.000168
FILLER_94_345,VGND,li1,164.9100,266.5600,0.000174
FILLER_94_336,VGND,li1,160.3100,266.5600,0.000175
FILLER_94_320,VGND,li1,153.1800,266.5600,0.000175
FILLER_94_299,VGND,li1,143.2900,266.5600,0.000174
FILLER_94_293,VGND,li1,141.6800,266.5600,0.000174
FILLER_94_287,VGND,li1,137.7700,266.5600,0.000174
FILLER_94_281,VGND,li1,135.2400,266.5600,0.000173
FILLER_94_275,VGND,li1,132.4800,266.5600,0.000173
FILLER_94_263,VGND,li1,129.2600,266.5600,0.000172
FILLER_94_251,VGND,li1,121.2100,266.5600,0.000170
FILLER_94_245,VGND,li1,119.6000,266.5600,0.000170
FILLER_94_233,VGND,li1,115.4600,266.5600,0.000169
FILLER_94_221,VGND,li1,109.9400,266.5600,0.000167
FILLER_94_209,VGND,li1,104.4200,266.5600,0.000165
FILLER_94_201,VGND,li1,98.2100,266.5600,0.000162
FILLER_94_197,VGND,li1,97.0600,266.5600,0.000162
FILLER_94_181,VGND,li1,91.5400,266.5600,0.000158
FILLER_94_165,VGND,li1,81.6500,266.5600,0.000150
FILLER_94_153,VGND,li1,78.6600,266.5600,0.000148
FILLER_94_138,VGND,li1,69.4600,266.5600,0.000137
FILLER_94_126,VGND,li1,66.2400,266.5600,0.000132
FILLER_94_117,VGND,li1,59.8000,266.5600,0.000120
FILLER_94_105,VGND,li1,56.5800,266.5600,0.000115
FILLER_94_85,VGND,li1,45.0800,266.5600,0.000090
FILLER_94_82,VGND,li1,43.7000,266.5600,0.000086
FILLER_94_70,VGND,li1,38.4100,266.5600,0.000071
FILLER_94_42,VGND,li1,25.5300,266.5600,0.000036
FILLER_94_34,VGND,li1,23.0000,266.5600,0.000037
FILLER_94_27,VGND,li1,18.1700,266.5600,0.000040
FILLER_94_3,VGND,li1,8.7400,266.5600,0.000041
FILLER_93_669,VGND,li1,313.9500,266.5600,0.001634
FILLER_93_652,VGND,li1,305.6700,266.5600,0.001596
FILLER_93_644,VGND,li1,303.6000,266.5600,0.001585
FILLER_93_622,VGND,li1,292.1000,266.5600,0.001517
FILLER_93_614,VGND,li1,288.4200,266.5600,0.001503
FILLER_93_605,VGND,li1,284.0500,266.5600,0.001473
FILLER_93_581,VGND,li1,273.4700,266.5600,0.001420
FILLER_93_573,VGND,li1,270.9400,266.5600,0.001406
FILLER_93_536,VGND,li1,253.9200,266.5600,0.001243
FILLER_93_529,VGND,li1,249.7800,266.5600,0.001207
FILLER_93_517,VGND,li1,246.1000,266.5600,0.001159
FILLER_93_505,VGND,li1,240.5800,266.5600,0.001070
FILLER_93_503,VGND,li1,237.1300,266.5600,0.001012
FILLER_93_499,VGND,li1,235.9800,266.5600,0.001012
FILLER_93_487,VGND,li1,232.3000,266.5600,0.000951
FILLER_93_477,VGND,li1,225.1700,266.5600,0.000853
FILLER_93_465,VGND,li1,222.1800,266.5600,0.000824
FILLER_93_457,VGND,li1,215.9700,266.5600,0.000721
FILLER_93_444,VGND,li1,209.9900,266.5600,0.000634
FILLER_93_432,VGND,li1,207.0000,266.5600,0.000594
FILLER_93_413,VGND,li1,196.4200,266.5600,0.000447
FILLER_93_401,VGND,li1,192.7400,266.5600,0.000392
FILLER_93_390,VGND,li1,185.3800,266.5600,0.000281
FILLER_93_378,VGND,li1,182.1600,266.5600,0.000218
FILLER_93_371,VGND,li1,176.4100,266.5600,0.000164
FILLER_93_363,VGND,li1,174.3400,266.5600,0.000166
FILLER_93_334,VGND,li1,159.6200,266.5600,0.000175
FILLER_93_297,VGND,li1,143.9800,266.5600,0.000174
FILLER_93_281,VGND,li1,135.4700,266.5600,0.000173
FILLER_93_278,VGND,li1,133.8600,266.5600,0.000173
FILLER_93_264,VGND,li1,127.8800,266.5600,0.000172
FILLER_93_252,VGND,li1,124.2000,266.5600,0.000171
FILLER_93_240,VGND,li1,118.6800,266.5600,0.000170
FILLER_93_229,VGND,li1,111.0900,266.5600,0.000168
FILLER_93_225,VGND,li1,109.9400,266.5600,0.000167
FILLER_93_214,VGND,li1,104.1900,266.5600,0.000165
FILLER_93_210,VGND,li1,103.0400,266.5600,0.000165
FILLER_93_189,VGND,li1,92.6900,266.5600,0.000159
FILLER_93_181,VGND,li1,90.6200,266.5600,0.000158
FILLER_93_169,VGND,li1,86.0200,266.5600,0.000155
FILLER_93_167,VGND,li1,82.5700,266.5600,0.000152
FILLER_93_159,VGND,li1,80.5000,266.5600,0.000150
FILLER_93_126,VGND,li1,63.7100,266.5600,0.000128
FILLER_93_118,VGND,li1,61.6400,266.5600,0.000125
FILLER_93_113,VGND,li1,57.9600,266.5600,0.000115
FILLER_93_96,VGND,li1,50.3700,266.5600,0.000101
FILLER_93_69,VGND,li1,37.7200,266.5600,0.000071
FILLER_93_55,VGND,li1,31.0500,266.5600,0.000049
FILLER_93_46,VGND,li1,26.9100,266.5600,0.000041
FILLER_93_42,VGND,li1,25.7600,266.5600,0.000036
FILLER_93_30,VGND,li1,22.0800,266.5600,0.000037
FILLER_93_13,VGND,li1,11.7300,266.5600,0.000041
FILLER_93_7,VGND,li1,8.9700,266.5600,0.000041
FILLER_93_3,VGND,li1,7.8200,266.5600,0.000041
FILLER_92_669,VGND,li1,313.7200,261.1200,0.000653
FILLER_92_661,VGND,li1,311.4200,261.1200,0.000649
FILLER_92_632,VGND,li1,299.0000,261.1200,0.000621
FILLER_92_613,VGND,li1,290.2600,261.1200,0.000595
FILLER_92_605,VGND,li1,284.2800,261.1200,0.000578
FILLER_92_597,VGND,li1,281.0600,261.1200,0.000573
FILLER_92_551,VGND,li1,259.4400,261.1200,0.000499
FILLER_92_533,VGND,li1,250.9300,261.1200,0.000470
FILLER_92_528,VGND,li1,249.3200,261.1200,0.000462
FILLER_92_521,VGND,li1,245.4100,261.1200,0.000451
FILLER_92_515,VGND,li1,243.8000,261.1200,0.000440
FILLER_92_503,VGND,li1,239.6600,261.1200,0.000428
FILLER_92_494,VGND,li1,233.2200,261.1200,0.000401
FILLER_92_486,VGND,li1,230.9200,261.1200,0.000388
FILLER_92_477,VGND,li1,225.1700,261.1200,0.000356
FILLER_92_473,VGND,li1,223.7900,261.1200,0.000356
FILLER_92_465,VGND,li1,221.2600,261.1200,0.000345
FILLER_92_458,VGND,li1,216.6600,261.1200,0.000324
FILLER_92_447,VGND,li1,211.3700,261.1200,0.000299
FILLER_92_439,VGND,li1,209.3000,261.1200,0.000289
FILLER_92_408,VGND,li1,195.9600,261.1200,0.000218
FILLER_92_372,VGND,li1,177.1000,261.1200,0.000093
FILLER_92_363,VGND,li1,172.7300,261.1200,0.000106
FILLER_92_349,VGND,li1,166.2900,261.1200,0.000117
FILLER_92_341,VGND,li1,164.2200,261.1200,0.000124
FILLER_92_300,VGND,li1,145.3600,261.1200,0.000156
FILLER_92_288,VGND,li1,140.7600,261.1200,0.000160
FILLER_92_266,VGND,li1,128.8000,261.1200,0.000169
FILLER_92_240,VGND,li1,116.8400,261.1200,0.000175
FILLER_92_232,VGND,li1,112.4700,261.1200,0.000175
FILLER_92_228,VGND,li1,111.3200,261.1200,0.000175
FILLER_92_208,VGND,li1,101.4300,261.1200,0.000173
FILLER_92_204,VGND,li1,100.2800,261.1200,0.000173
FILLER_92_189,VGND,li1,92.9200,261.1200,0.000169
FILLER_92_177,VGND,li1,89.7000,261.1200,0.000166
FILLER_92_165,VGND,li1,84.1800,261.1200,0.000161
FILLER_92_126,VGND,li1,63.7100,261.1200,0.000137
FILLER_92_112,VGND,li1,57.2700,261.1200,0.000122
FILLER_92_106,VGND,li1,55.6600,261.1200,0.000122
FILLER_92_97,VGND,li1,50.8300,261.1200,0.000112
FILLER_92_90,VGND,li1,47.1500,261.1200,0.000105
FILLER_92_67,VGND,li1,37.7200,261.1200,0.000080
FILLER_92_55,VGND,li1,31.2800,261.1200,0.000061
FILLER_92_29,VGND,li1,19.0900,261.1200,0.000051
FILLER_92_27,VGND,li1,18.1700,261.1200,0.000051
FILLER_92_19,VGND,li1,16.1000,261.1200,0.000052
FILLER_91_697,VGND,li1,326.8300,261.1200,0.000662
FILLER_91_671,VGND,li1,314.4100,261.1200,0.000653
FILLER_91_652,VGND,li1,308.2000,261.1200,0.000644
FILLER_91_647,VGND,li1,303.6000,261.1200,0.000635
FILLER_91_639,VGND,li1,301.3000,261.1200,0.000629
FILLER_91_635,VGND,li1,297.8500,261.1200,0.000621
FILLER_91_629,VGND,li1,296.2400,261.1200,0.000613
FILLER_91_617,VGND,li1,292.1000,261.1200,0.000605
FILLER_91_615,VGND,li1,288.6500,261.1200,0.000595
FILLER_91_603,VGND,li1,285.6600,261.1200,0.000587
FILLER_91_591,VGND,li1,280.1400,261.1200,0.000567
FILLER_91_579,VGND,li1,274.6200,261.1200,0.000552
FILLER_91_567,VGND,li1,269.1000,261.1200,0.000534
FILLER_91_558,VGND,li1,262.6600,261.1200,0.000508
FILLER_91_545,VGND,li1,256.4500,261.1200,0.000491
FILLER_91_529,VGND,li1,251.6200,261.1200,0.000470
FILLER_91_505,VGND,li1,238.0500,261.1200,0.000419
FILLER_91_498,VGND,li1,235.2900,261.1200,0.000410
FILLER_91_491,VGND,li1,231.8400,261.1200,0.000388
FILLER_91_480,VGND,li1,226.5500,261.1200,0.000370
FILLER_91_468,VGND,li1,223.5600,261.1200,0.000356
FILLER_91_456,VGND,li1,218.0400,261.1200,0.000324
FILLER_91_449,VGND,li1,212.9800,261.1200,0.000299
FILLER_91_442,VGND,li1,210.2200,261.1200,0.000289
FILLER_91_422,VGND,li1,200.5600,261.1200,0.000235
FILLER_91_402,VGND,li1,191.3600,261.1200,0.000190
FILLER_91_393,VGND,li1,186.5300,261.1200,0.000159
FILLER_91_387,VGND,li1,184.0000,261.1200,0.000133
FILLER_91_382,VGND,li1,181.7000,261.1200,0.000114
FILLER_91_376,VGND,li1,178.7100,261.1200,0.000093
FILLER_91_358,VGND,li1,172.0400,261.1200,0.000106
FILLER_91_353,VGND,li1,168.3600,261.1200,0.000112
FILLER_91_345,VGND,li1,166.0600,261.1200,0.000117
FILLER_91_337,VGND,li1,161.0000,261.1200,0.000128
FILLER_91_330,VGND,li1,158.7000,261.1200,0.000132
FILLER_91_297,VGND,li1,142.6000,261.1200,0.000159
FILLER_91_281,VGND,li1,135.7000,261.1200,0.000164
FILLER_91_278,VGND,li1,133.8600,261.1200,0.000166
FILLER_91_270,VGND,li1,131.5600,261.1200,0.000167
FILLER_91_258,VGND,li1,126.9600,261.1200,0.000170
FILLER_91_251,VGND,li1,121.4400,261.1200,0.000173
FILLER_91_245,VGND,li1,118.4500,261.1200,0.000174
FILLER_91_233,VGND,li1,113.3900,261.1200,0.000175
FILLER_91_225,VGND,li1,110.8600,261.1200,0.000175
FILLER_91_223,VGND,li1,108.3300,261.1200,0.000175
FILLER_91_211,VGND,li1,103.2700,261.1200,0.000174
FILLER_91_199,VGND,li1,99.8200,261.1200,0.000173
FILLER_91_187,VGND,li1,92.0000,261.1200,0.000167
FILLER_91_183,VGND,li1,89.9300,261.1200,0.000166
FILLER_91_163,VGND,li1,80.7300,261.1200,0.000156
FILLER_91_159,VGND,li1,79.5800,261.1200,0.000156
FILLER_91_147,VGND,li1,75.9000,261.1200,0.000152
FILLER_91_135,VGND,li1,70.3800,261.1200,0.000146
FILLER_91_125,VGND,li1,63.9400,261.1200,0.000137
FILLER_91_113,VGND,li1,60.2600,261.1200,0.000132
FILLER_91_100,VGND,li1,54.2800,261.1200,0.000117
FILLER_91_88,VGND,li1,46.2300,261.1200,0.000100
FILLER_91_84,VGND,li1,45.0800,261.1200,0.000100
FILLER_91_53,VGND,li1,30.5900,261.1200,0.000061
FILLER_91_36,VGND,li1,22.3100,261.1200,0.000049
FILLER_91_29,VGND,li1,19.7800,261.1200,0.000050
FILLER_91_19,VGND,li1,15.6400,261.1200,0.000052
FILLER_90_676,VGND,li1,318.3200,255.6800,0.000517
FILLER_90_664,VGND,li1,313.7200,255.6800,0.000515
FILLER_90_652,VGND,li1,306.3600,255.6800,0.000509
FILLER_90_628,VGND,li1,295.0900,255.6800,0.000491
FILLER_90_610,VGND,li1,286.3500,255.6800,0.000474
FILLER_90_602,VGND,li1,284.2800,255.6800,0.000470
FILLER_90_593,VGND,li1,278.9900,255.6800,0.000454
FILLER_90_586,VGND,li1,275.5400,255.6800,0.000450
FILLER_90_572,VGND,li1,270.4800,255.6800,0.000437
FILLER_90_561,VGND,li1,264.0400,255.6800,0.000415
FILLER_90_545,VGND,li1,258.9800,255.6800,0.000406
FILLER_90_533,VGND,li1,253.4600,255.6800,0.000386
FILLER_90_529,VGND,li1,249.5500,255.6800,0.000379
FILLER_90_521,VGND,li1,247.0200,255.6800,0.000372
FILLER_90_514,VGND,li1,242.1900,255.6800,0.000358
FILLER_90_508,VGND,li1,239.6600,255.6800,0.000350
FILLER_90_500,VGND,li1,237.3600,255.6800,0.000343
FILLER_90_470,VGND,li1,222.4100,255.6800,0.000290
FILLER_90_454,VGND,li1,215.0500,255.6800,0.000257
FILLER_90_446,VGND,li1,212.5200,255.6800,0.000249
FILLER_90_432,VGND,li1,204.7000,255.6800,0.000216
FILLER_90_421,VGND,li1,201.0200,255.6800,0.000201
FILLER_90_418,VGND,li1,198.2600,255.6800,0.000193
FILLER_90_410,VGND,li1,195.9600,255.6800,0.000182
FILLER_90_400,VGND,li1,190.2100,255.6800,0.000157
FILLER_90_388,VGND,li1,186.7600,255.6800,0.000134
FILLER_90_376,VGND,li1,181.2400,255.6800,0.000113
FILLER_90_371,VGND,li1,176.4100,255.6800,0.000117
FILLER_90_365,VGND,li1,174.8000,255.6800,0.000133
FILLER_90_363,VGND,li1,172.7300,255.6800,0.000144
FILLER_90_359,VGND,li1,171.5800,255.6800,0.000144
FILLER_90_336,VGND,li1,160.3100,255.6800,0.000211
FILLER_90_332,VGND,li1,159.1600,255.6800,0.000211
FILLER_90_284,VGND,li1,136.8500,255.6800,0.000274
FILLER_90_275,VGND,li1,132.7100,255.6800,0.000274
FILLER_90_261,VGND,li1,126.0400,255.6800,0.000273
FILLER_90_253,VGND,li1,123.7400,255.6800,0.000272
FILLER_90_240,VGND,li1,118.6800,255.6800,0.000270
FILLER_90_234,VGND,li1,113.3900,255.6800,0.000269
FILLER_90_226,VGND,li1,111.3200,255.6800,0.000268
FILLER_90_205,VGND,li1,100.2800,255.6800,0.000263
FILLER_90_197,VGND,li1,97.9800,255.6800,0.000261
FILLER_90_195,VGND,li1,95.4500,255.6800,0.000258
FILLER_90_191,VGND,li1,94.3000,255.6800,0.000258
FILLER_90_137,VGND,li1,69.2300,255.6800,0.000228
FILLER_90_129,VGND,li1,66.7000,255.6800,0.000221
FILLER_90_117,VGND,li1,62.1000,255.6800,0.000209
FILLER_90_108,VGND,li1,55.6600,255.6800,0.000194
FILLER_90_100,VGND,li1,51.7500,255.6800,0.000183
FILLER_90_92,VGND,li1,48.0700,255.6800,0.000171
FILLER_90_54,VGND,li1,31.0500,255.6800,0.000108
FILLER_90_46,VGND,li1,28.5200,255.6800,0.000098
FILLER_90_34,VGND,li1,23.9200,255.6800,0.000080
FILLER_90_3,VGND,li1,7.1300,255.6800,0.000103
FILLER_89_691,VGND,li1,323.6100,255.6800,0.000520
FILLER_89_687,VGND,li1,322.4600,255.6800,0.000520
FILLER_89_681,VGND,li1,319.0100,255.6800,0.000518
FILLER_89_673,VGND,li1,316.9400,255.6800,0.000517
FILLER_89_669,VGND,li1,313.9500,255.6800,0.000515
FILLER_89_623,VGND,li1,292.7900,255.6800,0.000487
FILLER_89_613,VGND,li1,288.1900,255.6800,0.000478
FILLER_89_601,VGND,li1,282.2100,255.6800,0.000466
FILLER_89_575,VGND,li1,270.9400,255.6800,0.000437
FILLER_89_565,VGND,li1,265.6500,255.6800,0.000421
FILLER_89_557,VGND,li1,262.4300,255.6800,0.000415
FILLER_89_545,VGND,li1,258.9800,255.6800,0.000406
FILLER_89_539,VGND,li1,253.6900,255.6800,0.000386
FILLER_89_533,VGND,li1,252.0800,255.6800,0.000386
FILLER_89_524,VGND,li1,247.9400,255.6800,0.000372
FILLER_89_512,VGND,li1,243.8000,255.6800,0.000358
FILLER_89_491,VGND,li1,231.6100,255.6800,0.000324
FILLER_89_482,VGND,li1,227.4700,255.6800,0.000309
FILLER_89_470,VGND,li1,224.4800,255.6800,0.000298
FILLER_89_458,VGND,li1,218.9600,255.6800,0.000271
FILLER_89_449,VGND,li1,212.5200,255.6800,0.000249
FILLER_89_441,VGND,li1,208.8400,255.6800,0.000237
FILLER_89_405,VGND,li1,192.0500,255.6800,0.000166
FILLER_89_388,VGND,li1,184.2300,255.6800,0.000122
FILLER_89_382,VGND,li1,182.6200,255.6800,0.000122
FILLER_89_377,VGND,li1,179.4000,255.6800,0.000104
FILLER_89_369,VGND,li1,177.1000,255.6800,0.000117
FILLER_89_344,VGND,li1,165.6000,255.6800,0.000178
FILLER_89_337,VGND,li1,160.7700,255.6800,0.000211
FILLER_89_332,VGND,li1,159.1600,255.6800,0.000211
FILLER_89_314,VGND,li1,150.4200,255.6800,0.000253
FILLER_89_278,VGND,li1,133.8600,255.6800,0.000274
FILLER_89_270,VGND,li1,131.5600,255.6800,0.000274
FILLER_89_258,VGND,li1,126.0400,255.6800,0.000273
FILLER_89_237,VGND,li1,117.3000,255.6800,0.000270
FILLER_89_225,VGND,li1,111.7800,255.6800,0.000268
FILLER_89_218,VGND,li1,107.1800,255.6800,0.000267
FILLER_89_186,VGND,li1,92.4600,255.6800,0.000257
FILLER_89_172,VGND,li1,85.1000,255.6800,0.000249
FILLER_89_162,VGND,li1,81.4200,255.6800,0.000246
FILLER_89_133,VGND,li1,66.9300,255.6800,0.000221
FILLER_89_129,VGND,li1,65.7800,255.6800,0.000221
FILLER_89_120,VGND,li1,61.1800,255.6800,0.000209
FILLER_89_111,VGND,li1,56.8100,255.6800,0.000194
FILLER_89_104,VGND,li1,53.5900,255.6800,0.000188
FILLER_89_96,VGND,li1,51.5200,255.6800,0.000177
FILLER_89_88,VGND,li1,46.4600,255.6800,0.000159
FILLER_89_80,VGND,li1,43.0100,255.6800,0.000152
FILLER_89_72,VGND,li1,40.4800,255.6800,0.000142
FILLER_89_48,VGND,li1,29.4400,255.6800,0.000098
FILLER_89_36,VGND,li1,24.8400,255.6800,0.000080
FILLER_89_11,VGND,li1,10.8100,255.6800,0.000103
FILLER_88_693,VGND,li1,324.9900,250.2400,0.000570
FILLER_88_661,VGND,li1,309.8100,250.2400,0.000558
FILLER_88_657,VGND,li1,308.6600,250.2400,0.000558
FILLER_88_653,VGND,li1,306.1300,250.2400,0.000555
FILLER_88_645,VGND,li1,304.0600,250.2400,0.000551
FILLER_88_642,VGND,li1,301.3000,250.2400,0.000549
FILLER_88_633,VGND,li1,297.1600,250.2400,0.000543
FILLER_88_621,VGND,li1,292.5600,250.2400,0.000533
FILLER_88_616,VGND,li1,289.1100,250.2400,0.000525
FILLER_88_608,VGND,li1,286.1200,250.2400,0.000522
FILLER_88_602,VGND,li1,282.9000,250.2400,0.000512
FILLER_88_596,VGND,li1,280.1400,250.2400,0.000505
FILLER_88_589,VGND,li1,276.9200,250.2400,0.000498
FILLER_88_585,VGND,li1,275.3100,250.2400,0.000498
FILLER_88_569,VGND,li1,268.1800,250.2400,0.000481
FILLER_88_563,VGND,li1,264.9600,250.2400,0.000473
FILLER_88_551,VGND,li1,261.7400,250.2400,0.000462
FILLER_88_531,VGND,li1,250.0100,250.2400,0.000429
FILLER_88_523,VGND,li1,247.9400,250.2400,0.000419
FILLER_88_511,VGND,li1,243.3400,250.2400,0.000404
FILLER_88_495,VGND,li1,233.6800,250.2400,0.000357
FILLER_88_482,VGND,li1,227.4700,250.2400,0.000329
FILLER_88_472,VGND,li1,223.5600,250.2400,0.000317
FILLER_88_453,VGND,li1,214.5900,250.2400,0.000272
FILLER_88_441,VGND,li1,208.8400,250.2400,0.000235
FILLER_88_437,VGND,li1,206.7700,250.2400,0.000223
FILLER_88_433,VGND,li1,205.6200,250.2400,0.000223
FILLER_88_425,VGND,li1,201.2500,250.2400,0.000199
FILLER_88_421,VGND,li1,200.1000,250.2400,0.000186
FILLER_88_412,VGND,li1,196.8800,250.2400,0.000174
FILLER_88_400,VGND,li1,192.2800,250.2400,0.000148
FILLER_88_392,VGND,li1,186.5300,250.2400,0.000113
FILLER_88_384,VGND,li1,182.3900,250.2400,0.000092
FILLER_88_370,VGND,li1,176.1800,250.2400,0.000076
FILLER_88_363,VGND,li1,172.7300,250.2400,0.000079
FILLER_88_353,VGND,li1,169.2800,250.2400,0.000084
FILLER_88_341,VGND,li1,165.1400,250.2400,0.000088
FILLER_88_329,VGND,li1,159.6200,250.2400,0.000092
FILLER_88_302,VGND,li1,145.8200,250.2400,0.000107
FILLER_88_290,VGND,li1,141.6800,250.2400,0.000109
FILLER_88_278,VGND,li1,136.1600,250.2400,0.000113
FILLER_88_266,VGND,li1,130.6400,250.2400,0.000117
FILLER_88_241,VGND,li1,117.3000,250.2400,0.000122
FILLER_88_220,VGND,li1,108.5600,250.2400,0.000122
FILLER_88_216,VGND,li1,105.1100,250.2400,0.000122
FILLER_88_208,VGND,li1,103.0400,250.2400,0.000121
FILLER_88_178,VGND,li1,88.7800,250.2400,0.000118
FILLER_88_168,VGND,li1,83.7200,250.2400,0.000115
FILLER_88_156,VGND,li1,80.0400,250.2400,0.000113
FILLER_88_144,VGND,li1,74.5200,250.2400,0.000109
FILLER_88_138,VGND,li1,69.4600,250.2400,0.000105
FILLER_88_130,VGND,li1,67.1600,250.2400,0.000104
FILLER_88_118,VGND,li1,61.1800,250.2400,0.000099
FILLER_88_106,VGND,li1,57.0400,250.2400,0.000094
FILLER_88_97,VGND,li1,51.5200,250.2400,0.000086
FILLER_88_85,VGND,li1,47.3800,250.2400,0.000082
FILLER_88_76,VGND,li1,42.3200,250.2400,0.000075
FILLER_88_27,VGND,li1,18.1700,250.2400,0.000056
FILLER_87_681,VGND,li1,319.4700,250.2400,0.000569
FILLER_87_669,VGND,li1,313.9500,250.2400,0.000564
FILLER_87_661,VGND,li1,311.4200,250.2400,0.000561
FILLER_87_649,VGND,li1,306.8200,250.2400,0.000555
FILLER_87_629,VGND,li1,295.7800,250.2400,0.000539
FILLER_87_617,VGND,li1,292.1000,250.2400,0.000533
FILLER_87_615,VGND,li1,288.6500,250.2400,0.000525
FILLER_87_607,VGND,li1,285.6600,250.2400,0.000518
FILLER_87_595,VGND,li1,281.9800,250.2400,0.000512
FILLER_87_583,VGND,li1,276.4600,250.2400,0.000498
FILLER_87_570,VGND,li1,267.9500,250.2400,0.000481
FILLER_87_558,VGND,li1,262.6600,250.2400,0.000467
FILLER_87_539,VGND,li1,253.6900,250.2400,0.000441
FILLER_87_533,VGND,li1,252.0800,250.2400,0.000435
FILLER_87_505,VGND,li1,240.5800,250.2400,0.000393
FILLER_87_503,VGND,li1,237.1300,250.2400,0.000372
FILLER_87_497,VGND,li1,235.5200,250.2400,0.000372
FILLER_87_481,VGND,li1,227.2400,250.2400,0.000329
FILLER_87_466,VGND,li1,220.3400,250.2400,0.000301
FILLER_87_458,VGND,li1,218.0400,250.2400,0.000284
FILLER_87_449,VGND,li1,212.9800,250.2400,0.000261
FILLER_87_442,VGND,li1,210.2200,250.2400,0.000248
FILLER_87_429,VGND,li1,204.2400,250.2400,0.000209
FILLER_87_417,VGND,li1,198.0300,250.2400,0.000174
FILLER_87_405,VGND,li1,194.5800,250.2400,0.000161
FILLER_87_393,VGND,li1,189.0600,250.2400,0.000126
FILLER_87_386,VGND,li1,184.4600,250.2400,0.000102
FILLER_87_380,VGND,li1,180.5500,250.2400,0.000081
FILLER_87_376,VGND,li1,179.4000,250.2400,0.000070
FILLER_87_372,VGND,li1,176.8700,250.2400,0.000073
FILLER_87_368,VGND,li1,175.7200,250.2400,0.000076
FILLER_87_356,VGND,li1,172.0400,250.2400,0.000079
FILLER_87_348,VGND,li1,165.8300,250.2400,0.000086
FILLER_87_340,VGND,li1,163.7600,250.2400,0.000088
FILLER_87_334,VGND,li1,159.6200,250.2400,0.000092
FILLER_87_320,VGND,li1,154.5600,250.2400,0.000097
FILLER_87_308,VGND,li1,149.9600,250.2400,0.000102
FILLER_87_296,VGND,li1,142.6000,250.2400,0.000109
FILLER_87_285,VGND,li1,136.8500,250.2400,0.000113
FILLER_87_281,VGND,li1,135.7000,250.2400,0.000113
FILLER_87_277,VGND,li1,133.6300,250.2400,0.000114
FILLER_87_258,VGND,li1,124.4300,250.2400,0.000120
FILLER_87_246,VGND,li1,119.6000,250.2400,0.000121
FILLER_87_225,VGND,li1,109.2500,250.2400,0.000122
FILLER_87_223,VGND,li1,108.3300,250.2400,0.000122
FILLER_87_215,VGND,li1,106.2600,250.2400,0.000122
FILLER_87_211,VGND,li1,102.8100,250.2400,0.000121
FILLER_87_205,VGND,li1,101.2000,250.2400,0.000121
FILLER_87_189,VGND,li1,92.9200,250.2400,0.000119
FILLER_87_181,VGND,li1,90.6200,250.2400,0.000119
FILLER_87_169,VGND,li1,86.0200,250.2400,0.000117
FILLER_87_167,VGND,li1,82.5700,250.2400,0.000115
FILLER_87_148,VGND,li1,74.9800,250.2400,0.000109
FILLER_87_136,VGND,li1,70.8400,250.2400,0.000105
FILLER_87_127,VGND,li1,65.3200,250.2400,0.000101
FILLER_87_113,VGND,li1,57.7300,250.2400,0.000094
FILLER_87_106,VGND,li1,54.7400,250.2400,0.000092
FILLER_87_96,VGND,li1,50.6000,250.2400,0.000086
FILLER_87_76,VGND,li1,40.7100,250.2400,0.000071
FILLER_87_57,VGND,li1,32.6600,250.2400,0.000060
FILLER_87_52,VGND,li1,30.3600,250.2400,0.000055
FILLER_87_44,VGND,li1,26.6800,250.2400,0.000045
FILLER_87_37,VGND,li1,22.7700,250.2400,0.000049
FILLER_87_19,VGND,li1,14.7200,250.2400,0.000059
FILLER_87_7,VGND,li1,9.4300,250.2400,0.000061
FILLER_86_697,VGND,li1,326.8300,244.8000,0.000567
FILLER_86_689,VGND,li1,324.3000,244.8000,0.000567
FILLER_86_667,VGND,li1,315.1000,244.8000,0.000567
FILLER_86_643,VGND,li1,301.5300,244.8000,0.000562
FILLER_86_637,VGND,li1,299.9200,244.8000,0.000562
FILLER_86_609,VGND,li1,286.1200,244.8000,0.000538
FILLER_86_604,VGND,li1,283.5900,244.8000,0.000533
FILLER_86_598,VGND,li1,281.9800,244.8000,0.000533
FILLER_86_589,VGND,li1,277.1500,244.8000,0.000523
FILLER_86_568,VGND,li1,267.0300,244.8000,0.000498
FILLER_86_564,VGND,li1,265.8800,244.8000,0.000498
FILLER_86_545,VGND,li1,257.6000,244.8000,0.000473
FILLER_86_533,VGND,li1,253.4600,244.8000,0.000465
FILLER_86_531,VGND,li1,250.0100,244.8000,0.000451
FILLER_86_513,VGND,li1,243.3400,244.8000,0.000433
FILLER_86_509,VGND,li1,239.8900,244.8000,0.000422
FILLER_86_503,VGND,li1,238.2800,244.8000,0.000409
FILLER_86_491,VGND,li1,234.1400,244.8000,0.000398
FILLER_86_477,VGND,li1,225.4000,244.8000,0.000355
FILLER_86_473,VGND,li1,223.7900,244.8000,0.000355
FILLER_86_465,VGND,li1,221.2600,244.8000,0.000345
FILLER_86_453,VGND,li1,216.6600,244.8000,0.000325
FILLER_86_441,VGND,li1,211.1400,244.8000,0.000301
FILLER_86_429,VGND,li1,205.6200,244.8000,0.000277
FILLER_86_412,VGND,li1,196.8800,244.8000,0.000229
FILLER_86_408,VGND,li1,193.4300,244.8000,0.000215
FILLER_86_388,VGND,li1,184.2300,244.8000,0.000151
FILLER_86_384,VGND,li1,183.0800,244.8000,0.000151
FILLER_86_372,VGND,li1,179.4000,244.8000,0.000123
FILLER_86_363,VGND,li1,172.7300,244.8000,0.000159
FILLER_86_351,VGND,li1,169.7400,244.8000,0.000176
FILLER_86_337,VGND,li1,160.7700,244.8000,0.000225
FILLER_86_329,VGND,li1,157.0900,244.8000,0.000245
FILLER_86_321,VGND,li1,155.0200,244.8000,0.000257
FILLER_86_306,VGND,li1,146.7400,244.8000,0.000302
FILLER_86_276,VGND,li1,133.1700,244.8000,0.000376
FILLER_86_268,VGND,li1,130.6400,244.8000,0.000393
FILLER_86_256,VGND,li1,126.0400,244.8000,0.000413
FILLER_86_240,VGND,li1,118.6800,244.8000,0.000451
FILLER_86_212,VGND,li1,103.2700,244.8000,0.000470
FILLER_86_197,VGND,li1,97.9800,244.8000,0.000453
FILLER_86_177,VGND,li1,87.6300,244.8000,0.000410
FILLER_86_163,VGND,li1,80.7300,244.8000,0.000377
FILLER_86_141,VGND,li1,71.0700,244.8000,0.000328
FILLER_86_139,VGND,li1,69.6900,244.8000,0.000328
FILLER_86_126,VGND,li1,64.8600,244.8000,0.000302
FILLER_86_114,VGND,li1,60.7200,244.8000,0.000277
FILLER_86_97,VGND,li1,50.6000,244.8000,0.000216
FILLER_86_85,VGND,li1,45.0800,244.8000,0.000188
FILLER_86_76,VGND,li1,42.3200,244.8000,0.000176
FILLER_86_65,VGND,li1,35.6500,244.8000,0.000131
FILLER_86_61,VGND,li1,34.5000,244.8000,0.000131
FILLER_86_49,VGND,li1,30.8200,244.8000,0.000106
FILLER_86_37,VGND,li1,25.3000,244.8000,0.000066
FILLER_86_20,VGND,li1,15.6400,244.8000,0.000071
FILLER_86_3,VGND,li1,7.1300,244.8000,0.000075
FILLER_85_699,VGND,li1,327.2900,244.8000,0.000567
FILLER_85_687,VGND,li1,324.3000,244.8000,0.000567
FILLER_85_673,VGND,li1,316.4800,244.8000,0.000567
FILLER_85_668,VGND,li1,313.7200,244.8000,0.000567
FILLER_85_652,VGND,li1,305.6700,244.8000,0.000565
FILLER_85_648,VGND,li1,304.5200,244.8000,0.000565
FILLER_85_607,VGND,li1,285.2000,244.8000,0.000538
FILLER_85_582,VGND,li1,273.4700,244.8000,0.000516
FILLER_85_570,VGND,li1,268.4100,244.8000,0.000504
FILLER_85_552,VGND,li1,261.2800,244.8000,0.000486
FILLER_85_521,VGND,li1,245.6400,244.8000,0.000440
FILLER_85_493,VGND,li1,234.1400,244.8000,0.000398
FILLER_85_469,VGND,li1,221.9500,244.8000,0.000345
FILLER_85_461,VGND,li1,219.4200,244.8000,0.000337
FILLER_85_449,VGND,li1,214.8200,244.8000,0.000317
FILLER_85_430,VGND,li1,203.7800,244.8000,0.000268
FILLER_85_422,VGND,li1,201.4800,244.8000,0.000254
FILLER_85_403,VGND,li1,191.5900,244.8000,0.000204
FILLER_85_393,VGND,li1,186.7600,244.8000,0.000164
FILLER_85_391,VGND,li1,185.6100,244.8000,0.000164
FILLER_85_383,VGND,li1,183.5400,244.8000,0.000151
FILLER_85_371,VGND,li1,178.9400,244.8000,0.000123
FILLER_85_355,VGND,li1,169.5100,244.8000,0.000176
FILLER_85_347,VGND,li1,166.9800,244.8000,0.000198
FILLER_85_337,VGND,li1,161.4600,244.8000,0.000225
FILLER_85_335,VGND,li1,159.8500,244.8000,0.000235
FILLER_85_331,VGND,li1,158.7000,244.8000,0.000245
FILLER_85_319,VGND,li1,155.0200,244.8000,0.000257
FILLER_85_307,VGND,li1,149.5000,244.8000,0.000289
FILLER_85_296,VGND,li1,141.9100,244.8000,0.000329
FILLER_85_288,VGND,li1,139.8400,244.8000,0.000340
FILLER_85_281,VGND,li1,135.0100,244.8000,0.000366
FILLER_85_252,VGND,li1,124.2000,244.8000,0.000422
FILLER_85_237,VGND,li1,115.0000,244.8000,0.000468
FILLER_85_222,VGND,li1,108.1000,244.8000,0.000484
FILLER_85_184,VGND,li1,90.6200,244.8000,0.000424
FILLER_85_172,VGND,li1,87.4000,244.8000,0.000410
FILLER_85_137,VGND,li1,69.2300,244.8000,0.000318
FILLER_85_125,VGND,li1,65.7800,244.8000,0.000302
FILLER_85_113,VGND,li1,60.2600,244.8000,0.000277
FILLER_85_104,VGND,li1,55.2000,244.8000,0.000244
FILLER_85_92,VGND,li1,50.6000,244.8000,0.000216
FILLER_85_80,VGND,li1,45.0800,244.8000,0.000188
FILLER_85_68,VGND,li1,39.5600,244.8000,0.000160
FILLER_85_57,VGND,li1,32.4300,244.8000,0.000119
FILLER_85_52,VGND,li1,30.3600,244.8000,0.000106
FILLER_85_42,VGND,li1,26.2200,244.8000,0.000082
FILLER_85_23,VGND,li1,17.4800,244.8000,0.000070
FILLER_85_11,VGND,li1,13.3400,244.8000,0.000072
FILLER_84_698,VGND,li1,327.0600,239.3600,0.000703
FILLER_84_690,VGND,li1,324.7600,239.3600,0.000703
FILLER_84_678,VGND,li1,320.1600,239.3600,0.000703
FILLER_84_661,VGND,li1,309.8100,239.3600,0.000700
FILLER_84_657,VGND,li1,308.6600,239.3600,0.000700
FILLER_84_645,VGND,li1,304.9800,239.3600,0.000698
FILLER_84_638,VGND,li1,300.3800,239.3600,0.000682
FILLER_84_632,VGND,li1,296.9300,239.3600,0.000675
FILLER_84_620,VGND,li1,293.4800,239.3600,0.000665
FILLER_84_612,VGND,li1,287.5000,239.3600,0.000647
FILLER_84_600,VGND,li1,284.2800,239.3600,0.000637
FILLER_84_593,VGND,li1,278.5300,239.3600,0.000620
FILLER_84_589,VGND,li1,277.3800,239.3600,0.000612
FILLER_84_587,VGND,li1,275.7700,239.3600,0.000612
FILLER_84_579,VGND,li1,273.7000,239.3600,0.000603
FILLER_84_570,VGND,li1,268.4100,239.3600,0.000590
FILLER_84_541,VGND,li1,254.8400,239.3600,0.000545
FILLER_84_533,VGND,li1,252.5400,239.3600,0.000536
FILLER_84_531,VGND,li1,250.0100,239.3600,0.000527
FILLER_84_527,VGND,li1,248.8600,239.3600,0.000517
FILLER_84_512,VGND,li1,242.4200,239.3600,0.000495
FILLER_84_494,VGND,li1,234.6000,239.3600,0.000463
FILLER_84_481,VGND,li1,227.0100,239.3600,0.000434
FILLER_84_477,VGND,li1,225.8600,239.3600,0.000425
FILLER_84_466,VGND,li1,220.8000,239.3600,0.000407
FILLER_84_449,VGND,li1,212.2900,239.3600,0.000359
FILLER_84_440,VGND,li1,208.6100,239.3600,0.000349
FILLER_84_432,VGND,li1,204.4700,239.3600,0.000322
FILLER_84_405,VGND,li1,192.2800,239.3600,0.000229
FILLER_84_391,VGND,li1,186.0700,239.3600,0.000171
FILLER_84_380,VGND,li1,181.2400,239.3600,0.000127
FILLER_84_365,VGND,li1,175.2600,239.3600,0.000112
FILLER_84_363,VGND,li1,172.7300,239.3600,0.000117
FILLER_84_359,VGND,li1,171.5800,239.3600,0.000117
FILLER_84_351,VGND,li1,167.2100,239.3600,0.000124
FILLER_84_345,VGND,li1,165.6000,239.3600,0.000124
FILLER_84_341,VGND,li1,162.6100,239.3600,0.000128
FILLER_84_333,VGND,li1,158.9300,239.3600,0.000132
FILLER_84_321,VGND,li1,154.5600,239.3600,0.000137
FILLER_84_309,VGND,li1,150.4200,239.3600,0.000141
FILLER_84_304,VGND,li1,146.2800,239.3600,0.000146
FILLER_84_287,VGND,li1,138.4600,239.3600,0.000154
FILLER_84_275,VGND,li1,134.7800,239.3600,0.000157
FILLER_84_266,VGND,li1,128.1100,239.3600,0.000163
FILLER_84_251,VGND,li1,121.2100,239.3600,0.000169
FILLER_84_247,VGND,li1,120.0600,239.3600,0.000169
FILLER_84_221,VGND,li1,107.6400,239.3600,0.000175
FILLER_84_209,VGND,li1,104.4200,239.3600,0.000175
FILLER_84_197,VGND,li1,98.9000,239.3600,0.000172
FILLER_84_193,VGND,li1,94.9900,239.3600,0.000169
FILLER_84_184,VGND,li1,91.5400,239.3600,0.000166
FILLER_84_164,VGND,li1,81.6500,239.3600,0.000160
FILLER_84_141,VGND,li1,71.0700,239.3600,0.000148
FILLER_84_129,VGND,li1,65.0900,239.3600,0.000141
FILLER_84_116,VGND,li1,59.5700,239.3600,0.000130
FILLER_84_108,VGND,li1,57.0400,239.3600,0.000127
FILLER_84_101,VGND,li1,52.2100,239.3600,0.000118
FILLER_84_97,VGND,li1,51.0600,239.3600,0.000114
FILLER_84_83,VGND,li1,43.9300,239.3600,0.000100
FILLER_84_75,VGND,li1,41.8600,239.3600,0.000095
FILLER_84_56,VGND,li1,31.5100,239.3600,0.000069
FILLER_84_29,VGND,li1,19.5500,239.3600,0.000058
FILLER_84_19,VGND,li1,15.1800,239.3600,0.000063
FILLER_83_697,VGND,li1,326.8300,239.3600,0.000703
FILLER_83_685,VGND,li1,323.3800,239.3600,0.000703
FILLER_83_673,VGND,li1,317.8600,239.3600,0.000703
FILLER_83_668,VGND,li1,313.7200,239.3600,0.000703
FILLER_83_656,VGND,li1,310.0400,239.3600,0.000700
FILLER_83_633,VGND,li1,299.4600,239.3600,0.000682
FILLER_83_621,VGND,li1,293.9400,239.3600,0.000665
FILLER_83_612,VGND,li1,287.9600,239.3600,0.000647
FILLER_83_600,VGND,li1,284.2800,239.3600,0.000637
FILLER_83_593,VGND,li1,278.5300,239.3600,0.000620
FILLER_83_587,VGND,li1,276.9200,239.3600,0.000612
FILLER_83_575,VGND,li1,272.7800,239.3600,0.000603
FILLER_83_561,VGND,li1,263.8100,239.3600,0.000576
FILLER_83_554,VGND,li1,261.7400,239.3600,0.000569
FILLER_83_542,VGND,li1,257.6000,239.3600,0.000555
FILLER_83_529,VGND,li1,250.2400,239.3600,0.000527
FILLER_83_521,VGND,li1,245.6400,239.3600,0.000510
FILLER_83_512,VGND,li1,241.7300,239.3600,0.000495
FILLER_83_503,VGND,li1,237.1300,239.3600,0.000472
FILLER_83_465,VGND,li1,219.6500,239.3600,0.000397
FILLER_83_461,VGND,li1,218.5000,239.3600,0.000397
FILLER_83_449,VGND,li1,212.9800,239.3600,0.000371
FILLER_83_444,VGND,li1,210.6800,239.3600,0.000359
FILLER_83_432,VGND,li1,207.0000,239.3600,0.000337
FILLER_83_414,VGND,li1,196.8800,239.3600,0.000279
FILLER_83_393,VGND,li1,186.7600,239.3600,0.000192
FILLER_83_391,VGND,li1,185.6100,239.3600,0.000171
FILLER_83_387,VGND,li1,184.4600,239.3600,0.000171
FILLER_83_370,VGND,li1,176.1800,239.3600,0.000112
FILLER_83_346,VGND,li1,166.0600,239.3600,0.000124
FILLER_83_337,VGND,li1,160.7700,239.3600,0.000130
FILLER_83_335,VGND,li1,159.8500,239.3600,0.000132
FILLER_83_316,VGND,li1,152.7200,239.3600,0.000139
FILLER_83_304,VGND,li1,148.1200,239.3600,0.000144
FILLER_83_281,VGND,li1,135.2400,239.3600,0.000157
FILLER_83_274,VGND,li1,132.9400,239.3600,0.000159
FILLER_83_262,VGND,li1,128.8000,239.3600,0.000163
FILLER_83_256,VGND,li1,123.9700,239.3600,0.000167
FILLER_83_248,VGND,li1,121.4400,239.3600,0.000169
FILLER_83_241,VGND,li1,117.3000,239.3600,0.000171
FILLER_83_229,VGND,li1,113.6200,239.3600,0.000173
FILLER_83_225,VGND,li1,109.2500,239.3600,0.000175
FILLER_83_220,VGND,li1,107.6400,239.3600,0.000175
FILLER_83_203,VGND,li1,99.1300,239.3600,0.000172
FILLER_83_195,VGND,li1,97.0600,239.3600,0.000170
FILLER_83_173,VGND,li1,85.5600,239.3600,0.000162
FILLER_83_167,VGND,li1,82.5700,239.3600,0.000160
FILLER_83_161,VGND,li1,80.9600,239.3600,0.000159
FILLER_83_149,VGND,li1,76.8200,239.3600,0.000157
FILLER_83_140,VGND,li1,70.3800,239.3600,0.000148
FILLER_83_132,VGND,li1,68.0800,239.3600,0.000145
FILLER_83_127,VGND,li1,64.1700,239.3600,0.000138
FILLER_83_123,VGND,li1,63.0200,239.3600,0.000138
FILLER_83_110,VGND,li1,56.5800,239.3600,0.000123
FILLER_83_100,VGND,li1,51.7500,239.3600,0.000114
FILLER_83_87,VGND,li1,45.7700,239.3600,0.000104
FILLER_83_83,VGND,li1,44.6200,239.3600,0.000100
FILLER_83_65,VGND,li1,36.1100,239.3600,0.000079
FILLER_83_57,VGND,li1,33.5800,239.3600,0.000074
FILLER_83_54,VGND,li1,30.8200,239.3600,0.000069
FILLER_83_42,VGND,li1,27.6000,239.3600,0.000061
FILLER_82_699,VGND,li1,327.2900,233.9200,0.000293
FILLER_82_687,VGND,li1,324.3000,233.9200,0.000293
FILLER_82_675,VGND,li1,318.7800,233.9200,0.000293
FILLER_82_663,VGND,li1,313.2600,233.9200,0.000293
FILLER_82_651,VGND,li1,307.7400,233.9200,0.000293
FILLER_82_643,VGND,li1,301.5300,233.9200,0.000293
FILLER_82_637,VGND,li1,299.9200,233.9200,0.000293
FILLER_82_625,VGND,li1,295.7800,233.9200,0.000292
FILLER_82_589,VGND,li1,276.9200,233.9200,0.000284
FILLER_82_585,VGND,li1,275.3100,233.9200,0.000284
FILLER_82_564,VGND,li1,267.7200,233.9200,0.000278
FILLER_82_547,VGND,li1,257.8300,233.9200,0.000268
FILLER_82_533,VGND,li1,251.1600,233.9200,0.000260
FILLER_82_526,VGND,li1,248.8600,233.9200,0.000256
FILLER_82_507,VGND,li1,240.1200,233.9200,0.000240
FILLER_82_495,VGND,li1,235.9800,233.9200,0.000235
FILLER_82_474,VGND,li1,224.0200,233.9200,0.000214
FILLER_82_462,VGND,li1,220.8000,233.9200,0.000208
FILLER_82_455,VGND,li1,215.7400,233.9200,0.000198
FILLER_82_433,VGND,li1,206.0800,233.9200,0.000176
FILLER_82_421,VGND,li1,201.9400,233.9200,0.000164
FILLER_82_419,VGND,li1,198.4900,233.9200,0.000150
FILLER_82_415,VGND,li1,196.6500,233.9200,0.000142
FILLER_82_409,VGND,li1,195.0400,233.9200,0.000142
FILLER_82_392,VGND,li1,186.0700,233.9200,0.000108
FILLER_82_380,VGND,li1,183.0800,233.9200,0.000091
FILLER_82_365,VGND,li1,173.8800,233.9200,0.000085
FILLER_82_352,VGND,li1,168.1300,233.9200,0.000095
FILLER_82_344,VGND,li1,165.6000,233.9200,0.000100
FILLER_82_309,VGND,li1,149.5000,233.9200,0.000131
FILLER_82_307,VGND,li1,146.9700,233.9200,0.000136
FILLER_82_286,VGND,li1,137.3100,233.9200,0.000153
FILLER_82_282,VGND,li1,136.1600,233.9200,0.000157
FILLER_82_271,VGND,li1,130.8700,233.9200,0.000163
FILLER_82_263,VGND,li1,126.9600,233.9200,0.000172
FILLER_82_258,VGND,li1,124.4300,233.9200,0.000175
FILLER_82_250,VGND,li1,120.9800,233.9200,0.000178
FILLER_82_236,VGND,li1,114.5400,233.9200,0.000187
FILLER_82_224,VGND,li1,111.3200,233.9200,0.000190
FILLER_82_212,VGND,li1,105.8000,233.9200,0.000195
FILLER_82_197,VGND,li1,96.6000,233.9200,0.000197
FILLER_82_195,VGND,li1,95.4500,233.9200,0.000197
FILLER_82_150,VGND,li1,75.9000,233.9200,0.000180
FILLER_82_141,VGND,li1,70.8400,233.9200,0.000170
FILLER_82_138,VGND,li1,69.4600,233.9200,0.000170
FILLER_82_128,VGND,li1,65.0900,233.9200,0.000160
FILLER_82_120,VGND,li1,62.5600,233.9200,0.000154
FILLER_82_108,VGND,li1,57.9600,233.9200,0.000143
FILLER_82_96,VGND,li1,52.4400,233.9200,0.000126
FILLER_82_91,VGND,li1,47.6100,233.9200,0.000112
FILLER_82_83,VGND,li1,43.9300,233.9200,0.000103
FILLER_82_72,VGND,li1,38.8700,233.9200,0.000087
FILLER_82_66,VGND,li1,37.2600,233.9200,0.000087
FILLER_82_35,VGND,li1,22.3100,233.9200,0.000049
FILLER_82_29,VGND,li1,19.0900,233.9200,0.000053
FILLER_82_27,VGND,li1,18.1700,233.9200,0.000053
FILLER_82_19,VGND,li1,16.1000,233.9200,0.000054
FILLER_81_697,VGND,li1,326.8300,233.9200,0.000293
FILLER_81_685,VGND,li1,323.3800,233.9200,0.000293
FILLER_81_673,VGND,li1,317.8600,233.9200,0.000293
FILLER_81_664,VGND,li1,312.8000,233.9200,0.000293
FILLER_81_652,VGND,li1,308.2000,233.9200,0.000293
FILLER_81_640,VGND,li1,302.6800,233.9200,0.000293
FILLER_81_628,VGND,li1,297.1600,233.9200,0.000292
FILLER_81_617,VGND,li1,289.8000,233.9200,0.000290
FILLER_81_614,VGND,li1,288.4200,233.9200,0.000290
FILLER_81_598,VGND,li1,281.2900,233.9200,0.000287
FILLER_81_590,VGND,li1,278.7600,233.9200,0.000286
FILLER_81_576,VGND,li1,272.3200,233.9200,0.000281
FILLER_81_565,VGND,li1,265.6500,233.9200,0.000275
FILLER_81_561,VGND,li1,264.5000,233.9200,0.000275
FILLER_81_557,VGND,li1,262.4300,233.9200,0.000273
FILLER_81_545,VGND,li1,258.0600,233.9200,0.000268
FILLER_81_539,VGND,li1,253.9200,233.9200,0.000263
FILLER_81_529,VGND,li1,249.3200,233.9200,0.000256
FILLER_81_521,VGND,li1,247.0200,233.9200,0.000252
FILLER_81_509,VGND,li1,242.4200,233.9200,0.000246
FILLER_81_503,VGND,li1,237.1300,233.9200,0.000235
FILLER_81_491,VGND,li1,234.1400,233.9200,0.000232
FILLER_81_445,VGND,li1,210.9100,233.9200,0.000186
FILLER_81_430,VGND,li1,206.0800,233.9200,0.000176
FILLER_81_401,VGND,li1,192.7400,233.9200,0.000134
FILLER_81_375,VGND,li1,178.2500,233.9200,0.000072
FILLER_81_362,VGND,li1,172.7300,233.9200,0.000085
FILLER_81_337,VGND,li1,163.3000,233.9200,0.000105
FILLER_81_334,VGND,li1,159.6200,233.9200,0.000112
FILLER_81_323,VGND,li1,154.7900,233.9200,0.000121
FILLER_81_315,VGND,li1,152.2600,233.9200,0.000126
FILLER_81_304,VGND,li1,145.5900,233.9200,0.000140
FILLER_81_288,VGND,li1,139.3800,233.9200,0.000149
FILLER_81_281,VGND,li1,135.0100,233.9200,0.000157
FILLER_81_279,VGND,li1,134.0900,233.9200,0.000160
FILLER_81_271,VGND,li1,131.1000,233.9200,0.000163
FILLER_81_266,VGND,li1,128.1100,233.9200,0.000168
FILLER_81_207,VGND,li1,100.9700,233.9200,0.000196
FILLER_81_201,VGND,li1,99.3600,233.9200,0.000196
FILLER_81_182,VGND,li1,89.9300,233.9200,0.000195
FILLER_81_162,VGND,li1,81.4200,233.9200,0.000188
FILLER_81_145,VGND,li1,72.6800,233.9200,0.000176
FILLER_81_137,VGND,li1,70.3800,233.9200,0.000170
FILLER_81_123,VGND,li1,62.7900,233.9200,0.000154
FILLER_81_113,VGND,li1,58.4200,233.9200,0.000143
FILLER_81_105,VGND,li1,54.0500,233.9200,0.000131
FILLER_81_101,VGND,li1,52.9000,233.9200,0.000131
FILLER_81_85,VGND,li1,47.3800,233.9200,0.000112
FILLER_81_55,VGND,li1,31.0500,233.9200,0.000064
FILLER_81_51,VGND,li1,29.9000,233.9200,0.000064
FILLER_81_45,VGND,li1,26.9100,233.9200,0.000054
FILLER_81_24,VGND,li1,17.0200,233.9200,0.000054
FILLER_81_11,VGND,li1,12.4200,233.9200,0.000056
FILLER_80_698,VGND,li1,327.0600,228.4800,0.000617
FILLER_80_686,VGND,li1,323.8400,228.4800,0.000617
FILLER_80_669,VGND,li1,314.6400,228.4800,0.000610
FILLER_80_657,VGND,li1,310.5000,228.4800,0.000599
FILLER_80_645,VGND,li1,304.9800,228.4800,0.000585
FILLER_80_632,VGND,li1,299.0000,228.4800,0.000566
FILLER_80_620,VGND,li1,293.4800,228.4800,0.000552
FILLER_80_608,VGND,li1,287.9600,228.4800,0.000538
FILLER_80_596,VGND,li1,282.4400,228.4800,0.000526
FILLER_80_586,VGND,li1,275.5400,228.4800,0.000508
FILLER_80_574,VGND,li1,270.9400,228.4800,0.000494
FILLER_80_567,VGND,li1,266.5700,228.4800,0.000481
FILLER_80_559,VGND,li1,263.1200,228.4800,0.000467
FILLER_80_544,VGND,li1,255.9900,228.4800,0.000448
FILLER_80_538,VGND,li1,254.3800,228.4800,0.000441
FILLER_80_527,VGND,li1,248.1700,228.4800,0.000417
FILLER_80_523,VGND,li1,247.0200,228.4800,0.000417
FILLER_80_517,VGND,li1,243.8000,228.4800,0.000405
FILLER_80_503,VGND,li1,237.5900,228.4800,0.000375
FILLER_80_495,VGND,li1,234.1400,228.4800,0.000365
FILLER_80_470,VGND,li1,223.1000,228.4800,0.000324
FILLER_80_456,VGND,li1,215.5100,228.4800,0.000290
FILLER_80_444,VGND,li1,212.5200,228.4800,0.000277
FILLER_80_421,VGND,li1,200.1000,228.4800,0.000217
FILLER_80_419,VGND,li1,198.4900,228.4800,0.000217
FILLER_80_408,VGND,li1,194.1200,228.4800,0.000193
FILLER_80_398,VGND,li1,189.2900,228.4800,0.000160
FILLER_80_386,VGND,li1,185.8400,228.4800,0.000144
FILLER_80_377,VGND,li1,180.3200,228.4800,0.000107
FILLER_80_365,VGND,li1,175.2600,228.4800,0.000100
FILLER_80_363,VGND,li1,172.7300,228.4800,0.000109
FILLER_80_355,VGND,li1,170.6600,228.4800,0.000118
FILLER_80_347,VGND,li1,165.6000,228.4800,0.000131
FILLER_80_335,VGND,li1,162.3800,228.4800,0.000145
FILLER_80_325,VGND,li1,155.2500,228.4800,0.000167
FILLER_80_321,VGND,li1,154.1000,228.4800,0.000167
FILLER_80_309,VGND,li1,150.4200,228.4800,0.000178
FILLER_80_305,VGND,li1,146.5100,228.4800,0.000192
FILLER_80_300,VGND,li1,143.7500,228.4800,0.000200
FILLER_80_294,VGND,li1,142.1400,228.4800,0.000200
FILLER_80_283,VGND,li1,136.6200,228.4800,0.000215
FILLER_80_278,VGND,li1,133.6300,228.4800,0.000225
FILLER_80_270,VGND,li1,131.5600,228.4800,0.000230
FILLER_80_253,VGND,li1,122.3600,228.4800,0.000254
FILLER_80_251,VGND,li1,121.2100,228.4800,0.000254
FILLER_80_243,VGND,li1,117.5300,228.4800,0.000265
FILLER_80_239,VGND,li1,116.3800,228.4800,0.000265
FILLER_80_225,VGND,li1,109.9400,228.4800,0.000279
FILLER_80_215,VGND,li1,104.8800,228.4800,0.000290
FILLER_80_211,VGND,li1,102.8100,228.4800,0.000294
FILLER_80_205,VGND,li1,101.2000,228.4800,0.000298
FILLER_80_183,VGND,li1,91.0800,228.4800,0.000282
FILLER_80_153,VGND,li1,78.6600,228.4800,0.000251
FILLER_80_141,VGND,li1,73.1400,228.4800,0.000234
FILLER_80_139,VGND,li1,69.6900,228.4800,0.000222
FILLER_80_135,VGND,li1,68.5400,228.4800,0.000222
FILLER_80_123,VGND,li1,64.8600,228.4800,0.000211
FILLER_80_118,VGND,li1,60.0300,228.4800,0.000190
FILLER_80_112,VGND,li1,57.2700,228.4800,0.000182
FILLER_80_93,VGND,li1,48.5300,228.4800,0.000153
FILLER_80_82,VGND,li1,43.7000,228.4800,0.000139
FILLER_80_62,VGND,li1,34.7300,228.4800,0.000101
FILLER_80_38,VGND,li1,24.8400,228.4800,0.000063
FILLER_80_29,VGND,li1,19.0900,228.4800,0.000070
FILLER_80_20,VGND,li1,16.5600,228.4800,0.000073
FILLER_80_3,VGND,li1,7.1300,228.4800,0.000076
FILLER_79_694,VGND,li1,326.1400,228.4800,0.000617
FILLER_79_682,VGND,li1,322.0000,228.4800,0.000617
FILLER_79_673,VGND,li1,315.5600,228.4800,0.000610
FILLER_79_671,VGND,li1,314.4100,228.4800,0.000605
FILLER_79_665,VGND,li1,312.8000,228.4800,0.000605
FILLER_79_653,VGND,li1,308.6600,228.4800,0.000594
FILLER_79_641,VGND,li1,303.1400,228.4800,0.000577
FILLER_79_629,VGND,li1,297.6200,228.4800,0.000566
FILLER_79_617,VGND,li1,292.1000,228.4800,0.000552
FILLER_79_613,VGND,li1,288.1900,228.4800,0.000538
FILLER_79_582,VGND,li1,273.7000,228.4800,0.000502
FILLER_79_574,VGND,li1,271.4000,228.4800,0.000494
FILLER_79_561,VGND,li1,264.5000,228.4800,0.000475
FILLER_79_552,VGND,li1,261.2800,228.4800,0.000461
FILLER_79_539,VGND,li1,253.6900,228.4800,0.000441
FILLER_79_533,VGND,li1,252.0800,228.4800,0.000434
FILLER_79_527,VGND,li1,248.1700,228.4800,0.000417
FILLER_79_511,VGND,li1,241.5000,228.4800,0.000397
FILLER_79_501,VGND,li1,236.6700,228.4800,0.000375
FILLER_79_494,VGND,li1,233.4500,228.4800,0.000365
FILLER_79_486,VGND,li1,230.9200,228.4800,0.000355
FILLER_79_473,VGND,li1,224.0200,228.4800,0.000324
FILLER_79_461,VGND,li1,220.3400,228.4800,0.000306
FILLER_79_449,VGND,li1,214.8200,228.4800,0.000290
FILLER_79_447,VGND,li1,211.3700,228.4800,0.000269
FILLER_79_441,VGND,li1,209.7600,228.4800,0.000269
FILLER_79_432,VGND,li1,204.4700,228.4800,0.000247
FILLER_79_420,VGND,li1,201.4800,228.4800,0.000232
FILLER_79_411,VGND,li1,195.0400,228.4800,0.000193
FILLER_79_388,VGND,li1,184.2300,228.4800,0.000131
FILLER_79_384,VGND,li1,183.0800,228.4800,0.000131
FILLER_79_371,VGND,li1,177.1000,228.4800,0.000095
FILLER_79_359,VGND,li1,173.4200,228.4800,0.000109
FILLER_79_337,VGND,li1,161.2300,228.4800,0.000145
FILLER_79_326,VGND,li1,155.7100,228.4800,0.000161
FILLER_79_318,VGND,li1,153.6400,228.4800,0.000167
FILLER_79_302,VGND,li1,146.2800,228.4800,0.000192
FILLER_79_281,VGND,li1,135.0100,228.4800,0.000220
FILLER_79_271,VGND,li1,130.8700,228.4800,0.000230
FILLER_79_263,VGND,li1,128.3400,228.4800,0.000237
FILLER_79_255,VGND,li1,123.0500,228.4800,0.000250
FILLER_79_249,VGND,li1,121.4400,228.4800,0.000254
FILLER_79_237,VGND,li1,117.3000,228.4800,0.000265
FILLER_79_225,VGND,li1,111.7800,228.4800,0.000275
FILLER_79_212,VGND,li1,105.8000,228.4800,0.000290
FILLER_79_175,VGND,li1,86.2500,228.4800,0.000267
FILLER_79_169,VGND,li1,84.6400,228.4800,0.000262
FILLER_79_160,VGND,li1,80.9600,228.4800,0.000257
FILLER_79_140,VGND,li1,70.1500,228.4800,0.000222
FILLER_79_121,VGND,li1,63.0200,228.4800,0.000205
FILLER_79_111,VGND,li1,56.8100,228.4800,0.000182
FILLER_79_99,VGND,li1,53.8200,228.4800,0.000173
FILLER_79_90,VGND,li1,47.6100,228.4800,0.000153
FILLER_79_74,VGND,li1,39.7900,228.4800,0.000121
FILLER_79_70,VGND,li1,38.6400,228.4800,0.000121
FILLER_79_65,VGND,li1,35.6500,228.4800,0.000109
FILLER_79_52,VGND,li1,30.3600,228.4800,0.000083
FILLER_79_30,VGND,li1,20.0100,228.4800,0.000070
FILLER_79_13,VGND,li1,11.7300,228.4800,0.000076
FILLER_79_7,VGND,li1,10.1200,228.4800,0.000076
FILLER_78_699,VGND,li1,327.2900,223.0400,0.000156
FILLER_78_693,VGND,li1,325.6800,223.0400,0.000156
FILLER_78_681,VGND,li1,321.5400,223.0400,0.000156
FILLER_78_669,VGND,li1,316.0200,223.0400,0.000156
FILLER_78_657,VGND,li1,310.5000,223.0400,0.000156
FILLER_78_645,VGND,li1,304.9800,223.0400,0.000156
FILLER_78_632,VGND,li1,299.0000,223.0400,0.000156
FILLER_78_620,VGND,li1,293.4800,223.0400,0.000156
FILLER_78_610,VGND,li1,286.3500,223.0400,0.000156
FILLER_78_589,VGND,li1,279.2200,223.0400,0.000156
FILLER_78_585,VGND,li1,275.3100,223.0400,0.000155
FILLER_78_573,VGND,li1,271.8600,223.0400,0.000155
FILLER_78_547,VGND,li1,257.8300,223.0400,0.000150
FILLER_78_537,VGND,li1,252.7700,223.0400,0.000147
FILLER_78_530,VGND,li1,249.7800,223.0400,0.000146
FILLER_78_519,VGND,li1,244.7200,223.0400,0.000142
FILLER_78_503,VGND,li1,237.3600,223.0400,0.000135
FILLER_78_486,VGND,li1,230.9200,223.0400,0.000127
FILLER_78_475,VGND,li1,224.2500,223.0400,0.000119
FILLER_78_467,VGND,li1,222.1800,223.0400,0.000116
FILLER_78_453,VGND,li1,214.1300,223.0400,0.000104
FILLER_78_446,VGND,li1,211.3700,223.0400,0.000100
FILLER_78_438,VGND,li1,208.8400,223.0400,0.000097
FILLER_78_426,VGND,li1,204.2400,223.0400,0.000090
FILLER_78_416,VGND,li1,197.8000,223.0400,0.000077
FILLER_78_408,VGND,li1,193.4300,223.0400,0.000068
FILLER_78_402,VGND,li1,191.8200,223.0400,0.000068
FILLER_78_397,VGND,li1,188.3700,223.0400,0.000061
FILLER_78_385,VGND,li1,185.3800,223.0400,0.000053
FILLER_78_365,VGND,li1,175.2600,223.0400,0.000048
FILLER_78_356,VGND,li1,169.5100,223.0400,0.000062
FILLER_78_352,VGND,li1,168.3600,223.0400,0.000062
FILLER_78_346,VGND,li1,164.9100,223.0400,0.000070
FILLER_78_342,VGND,li1,163.7600,223.0400,0.000070
FILLER_78_324,VGND,li1,155.2500,223.0400,0.000084
FILLER_78_306,VGND,li1,146.7400,223.0400,0.000099
FILLER_78_294,VGND,li1,143.5200,223.0400,0.000102
FILLER_78_272,VGND,li1,132.4800,223.0400,0.000119
FILLER_78_261,VGND,li1,125.8100,223.0400,0.000126
FILLER_78_253,VGND,li1,123.7400,223.0400,0.000128
FILLER_78_246,VGND,li1,120.0600,223.0400,0.000134
FILLER_78_234,VGND,li1,115.9200,223.0400,0.000136
FILLER_78_221,VGND,li1,107.8700,223.0400,0.000142
FILLER_78_213,VGND,li1,105.3400,223.0400,0.000143
FILLER_78_176,VGND,li1,87.8600,223.0400,0.000142
FILLER_78_151,VGND,li1,75.6700,223.0400,0.000136
FILLER_78_146,VGND,li1,73.1400,223.0400,0.000134
FILLER_78_137,VGND,li1,69.2300,223.0400,0.000129
FILLER_78_126,VGND,li1,63.7100,223.0400,0.000123
FILLER_78_111,VGND,li1,56.8100,223.0400,0.000110
FILLER_78_105,VGND,li1,55.2000,223.0400,0.000110
FILLER_78_93,VGND,li1,51.0600,223.0400,0.000101
FILLER_78_46,VGND,li1,27.3700,223.0400,0.000044
FILLER_78_37,VGND,li1,22.7700,223.0400,0.000039
FILLER_78_27,VGND,li1,18.1700,223.0400,0.000042
FILLER_78_19,VGND,li1,16.1000,223.0400,0.000043
FILLER_77_697,VGND,li1,326.8300,223.0400,0.000156
FILLER_77_685,VGND,li1,323.3800,223.0400,0.000156
FILLER_77_673,VGND,li1,317.8600,223.0400,0.000156
FILLER_77_671,VGND,li1,314.4100,223.0400,0.000156
FILLER_77_665,VGND,li1,312.8000,223.0400,0.000156
FILLER_77_653,VGND,li1,308.6600,223.0400,0.000156
FILLER_77_641,VGND,li1,303.1400,223.0400,0.000156
FILLER_77_629,VGND,li1,297.6200,223.0400,0.000156
FILLER_77_617,VGND,li1,292.1000,223.0400,0.000156
FILLER_77_614,VGND,li1,288.4200,223.0400,0.000156
FILLER_77_606,VGND,li1,286.1200,223.0400,0.000156
FILLER_77_594,VGND,li1,281.5200,223.0400,0.000156
FILLER_77_588,VGND,li1,276.4600,223.0400,0.000155
FILLER_77_559,VGND,li1,262.8900,223.0400,0.000152
FILLER_77_555,VGND,li1,261.7400,223.0400,0.000152
FILLER_77_539,VGND,li1,253.6900,223.0400,0.000148
FILLER_77_535,VGND,li1,252.5400,223.0400,0.000147
FILLER_77_525,VGND,li1,247.4800,223.0400,0.000144
FILLER_77_503,VGND,li1,237.1300,223.0400,0.000135
FILLER_77_495,VGND,li1,235.0600,223.0400,0.000133
FILLER_77_483,VGND,li1,230.4600,223.0400,0.000127
FILLER_77_464,VGND,li1,219.4200,223.0400,0.000113
FILLER_77_442,VGND,li1,209.3000,223.0400,0.000097
FILLER_77_435,VGND,li1,206.0800,223.0400,0.000093
FILLER_77_423,VGND,li1,201.9400,223.0400,0.000086
FILLER_77_409,VGND,li1,193.8900,223.0400,0.000072
FILLER_77_405,VGND,li1,192.7400,223.0400,0.000068
FILLER_77_393,VGND,li1,189.0600,223.0400,0.000061
FILLER_77_391,VGND,li1,185.6100,223.0400,0.000053
FILLER_77_387,VGND,li1,184.4600,223.0400,0.000053
FILLER_77_361,VGND,li1,172.5000,223.0400,0.000056
FILLER_77_349,VGND,li1,168.8200,223.0400,0.000062
FILLER_77_337,VGND,li1,161.0000,223.0400,0.000077
FILLER_77_335,VGND,li1,159.8500,223.0400,0.000077
FILLER_77_327,VGND,li1,157.7800,223.0400,0.000080
FILLER_77_315,VGND,li1,153.1800,223.0400,0.000087
FILLER_77_308,VGND,li1,147.6600,223.0400,0.000096
FILLER_77_300,VGND,li1,145.3600,223.0400,0.000099
FILLER_77_293,VGND,li1,141.2200,223.0400,0.000107
FILLER_77_281,VGND,li1,137.5400,223.0400,0.000112
FILLER_77_276,VGND,li1,133.4000,223.0400,0.000116
FILLER_77_268,VGND,li1,129.2600,223.0400,0.000122
FILLER_77_258,VGND,li1,124.6600,223.0400,0.000128
FILLER_77_250,VGND,li1,122.3600,223.0400,0.000131
FILLER_77_241,VGND,li1,116.8400,223.0400,0.000136
FILLER_77_221,VGND,li1,107.8700,223.0400,0.000142
FILLER_77_213,VGND,li1,105.3400,223.0400,0.000143
FILLER_77_207,VGND,li1,100.9700,223.0400,0.000144
FILLER_77_203,VGND,li1,99.1300,223.0400,0.000145
FILLER_77_195,VGND,li1,95.4500,223.0400,0.000145
FILLER_77_187,VGND,li1,91.7700,223.0400,0.000144
FILLER_77_179,VGND,li1,89.7000,223.0400,0.000143
FILLER_77_166,VGND,li1,82.3400,223.0400,0.000141
FILLER_77_158,VGND,li1,80.0400,223.0400,0.000140
FILLER_77_142,VGND,li1,71.3000,223.0400,0.000132
FILLER_77_134,VGND,li1,69.0000,223.0400,0.000129
FILLER_77_125,VGND,li1,63.7100,223.0400,0.000123
FILLER_77_113,VGND,li1,57.7300,223.0400,0.000113
FILLER_77_105,VGND,li1,54.5100,223.0400,0.000106
FILLER_77_93,VGND,li1,48.7600,223.0400,0.000095
FILLER_77_85,VGND,li1,46.4600,223.0400,0.000091
FILLER_77_73,VGND,li1,39.7900,223.0400,0.000080
FILLER_77_41,VGND,li1,27.1400,223.0400,0.000044
FILLER_77_32,VGND,li1,20.4700,223.0400,0.000040
FILLER_77_28,VGND,li1,19.3200,223.0400,0.000041
FILLER_77_19,VGND,li1,14.4900,223.0400,0.000043
FILLER_77_11,VGND,li1,12.4200,223.0400,0.000044
FILLER_76_699,VGND,li1,327.2900,217.6000,0.000447
FILLER_76_695,VGND,li1,326.1400,217.6000,0.000447
FILLER_76_683,VGND,li1,322.4600,217.6000,0.000447
FILLER_76_674,VGND,li1,315.7900,217.6000,0.000442
FILLER_76_668,VGND,li1,314.1800,217.6000,0.000442
FILLER_76_657,VGND,li1,308.4300,217.6000,0.000439
FILLER_76_645,VGND,li1,304.9800,217.6000,0.000436
FILLER_76_638,VGND,li1,300.3800,217.6000,0.000433
FILLER_76_626,VGND,li1,296.2400,217.6000,0.000431
FILLER_76_614,VGND,li1,290.7200,217.6000,0.000424
FILLER_76_602,VGND,li1,285.2000,217.6000,0.000419
FILLER_76_587,VGND,li1,275.7700,217.6000,0.000397
FILLER_76_583,VGND,li1,274.6200,217.6000,0.000397
FILLER_76_545,VGND,li1,257.6000,217.6000,0.000358
FILLER_76_533,VGND,li1,253.4600,217.6000,0.000348
FILLER_76_531,VGND,li1,250.0100,217.6000,0.000336
FILLER_76_527,VGND,li1,248.8600,217.6000,0.000336
FILLER_76_515,VGND,li1,243.8000,217.6000,0.000322
FILLER_76_497,VGND,li1,235.0600,217.6000,0.000295
FILLER_76_483,VGND,li1,227.9300,217.6000,0.000272
FILLER_76_467,VGND,li1,220.5700,217.6000,0.000240
FILLER_76_451,VGND,li1,214.3600,217.6000,0.000217
FILLER_76_439,VGND,li1,207.9200,217.6000,0.000192
FILLER_76_429,VGND,li1,203.0900,217.6000,0.000173
FILLER_76_421,VGND,li1,201.0200,217.6000,0.000161
FILLER_76_416,VGND,li1,197.8000,217.6000,0.000151
FILLER_76_408,VGND,li1,193.4300,217.6000,0.000133
FILLER_76_400,VGND,li1,191.3600,217.6000,0.000120
FILLER_76_390,VGND,li1,185.3800,217.6000,0.000097
FILLER_76_382,VGND,li1,183.0800,217.6000,0.000089
FILLER_76_373,VGND,li1,177.5600,217.6000,0.000063
FILLER_76_365,VGND,li1,175.2600,217.6000,0.000067
FILLER_76_361,VGND,li1,172.2700,217.6000,0.000073
FILLER_76_353,VGND,li1,169.7400,217.6000,0.000077
FILLER_76_342,VGND,li1,163.5300,217.6000,0.000088
FILLER_76_334,VGND,li1,161.0000,217.6000,0.000090
FILLER_76_309,VGND,li1,147.8900,217.6000,0.000107
FILLER_76_305,VGND,li1,146.5100,217.6000,0.000107
FILLER_76_290,VGND,li1,139.6100,217.6000,0.000116
FILLER_76_279,VGND,li1,134.0900,217.6000,0.000120
FILLER_76_275,VGND,li1,132.9400,217.6000,0.000120
FILLER_76_268,VGND,li1,129.4900,217.6000,0.000123
FILLER_76_260,VGND,li1,126.9600,217.6000,0.000125
FILLER_76_236,VGND,li1,115.9200,217.6000,0.000131
FILLER_76_224,VGND,li1,111.3200,217.6000,0.000132
FILLER_76_205,VGND,li1,100.5100,217.6000,0.000135
FILLER_76_197,VGND,li1,97.9800,217.6000,0.000135
FILLER_76_195,VGND,li1,95.4500,217.6000,0.000136
FILLER_76_189,VGND,li1,93.8400,217.6000,0.000135
FILLER_76_141,VGND,li1,70.6100,217.6000,0.000122
FILLER_76_119,VGND,li1,60.4900,217.6000,0.000112
FILLER_76_113,VGND,li1,58.8800,217.6000,0.000112
FILLER_76_93,VGND,li1,48.7600,217.6000,0.000102
FILLER_76_74,VGND,li1,40.2500,217.6000,0.000091
FILLER_76_52,VGND,li1,30.8200,217.6000,0.000077
FILLER_76_35,VGND,li1,21.8500,217.6000,0.000086
FILLER_76_29,VGND,li1,20.2400,217.6000,0.000090
FILLER_76_11,VGND,li1,10.8100,217.6000,0.000096
FILLER_75_683,VGND,li1,319.9300,217.6000,0.000445
FILLER_75_677,VGND,li1,317.1700,217.6000,0.000443
FILLER_75_673,VGND,li1,316.0200,217.6000,0.000443
FILLER_75_653,VGND,li1,306.5900,217.6000,0.000437
FILLER_75_645,VGND,li1,304.0600,217.6000,0.000436
FILLER_75_633,VGND,li1,299.4600,217.6000,0.000433
FILLER_75_588,VGND,li1,276.6900,217.6000,0.000401
FILLER_75_576,VGND,li1,273.2400,217.6000,0.000392
FILLER_75_569,VGND,li1,267.9500,217.6000,0.000382
FILLER_75_561,VGND,li1,265.4200,217.6000,0.000377
FILLER_75_554,VGND,li1,261.7400,217.6000,0.000366
FILLER_75_542,VGND,li1,257.6000,217.6000,0.000358
FILLER_75_517,VGND,li1,243.5700,217.6000,0.000322
FILLER_75_505,VGND,li1,240.5800,217.6000,0.000313
FILLER_75_503,VGND,li1,237.1300,217.6000,0.000302
FILLER_75_495,VGND,li1,235.0600,217.6000,0.000295
FILLER_75_483,VGND,li1,230.4600,217.6000,0.000281
FILLER_75_472,VGND,li1,222.8700,217.6000,0.000252
FILLER_75_457,VGND,li1,215.9700,217.6000,0.000226
FILLER_75_449,VGND,li1,213.9000,217.6000,0.000217
FILLER_75_438,VGND,li1,207.6900,217.6000,0.000192
FILLER_75_433,VGND,li1,204.9300,217.6000,0.000181
FILLER_75_429,VGND,li1,203.7800,217.6000,0.000173
FILLER_75_417,VGND,li1,200.1000,217.6000,0.000161
FILLER_75_405,VGND,li1,194.5800,217.6000,0.000133
FILLER_75_385,VGND,li1,183.3100,217.6000,0.000089
FILLER_75_363,VGND,li1,172.9600,217.6000,0.000073
FILLER_75_332,VGND,li1,159.1600,217.6000,0.000094
FILLER_75_318,VGND,li1,152.2600,217.6000,0.000103
FILLER_75_303,VGND,li1,146.2800,217.6000,0.000109
FILLER_75_297,VGND,li1,142.6000,217.6000,0.000111
FILLER_75_289,VGND,li1,140.3000,217.6000,0.000113
FILLER_75_277,VGND,li1,133.6300,217.6000,0.000120
FILLER_75_265,VGND,li1,130.1800,217.6000,0.000123
FILLER_75_253,VGND,li1,124.6600,217.6000,0.000127
FILLER_75_233,VGND,li1,113.1600,217.6000,0.000132
FILLER_75_225,VGND,li1,110.8600,217.6000,0.000132
FILLER_75_221,VGND,li1,107.8700,217.6000,0.000133
FILLER_75_213,VGND,li1,105.3400,217.6000,0.000134
FILLER_75_201,VGND,li1,100.7400,217.6000,0.000135
FILLER_75_188,VGND,li1,92.4600,217.6000,0.000135
FILLER_75_174,VGND,li1,87.4000,217.6000,0.000133
FILLER_75_167,VGND,li1,82.5700,217.6000,0.000130
FILLER_75_136,VGND,li1,70.8400,217.6000,0.000122
FILLER_75_125,VGND,li1,63.4800,217.6000,0.000115
FILLER_75_113,VGND,li1,60.2600,217.6000,0.000112
FILLER_75_100,VGND,li1,54.2800,217.6000,0.000107
FILLER_75_88,VGND,li1,48.7600,217.6000,0.000102
FILLER_75_80,VGND,li1,42.7800,217.6000,0.000095
FILLER_75_73,VGND,li1,39.7900,217.6000,0.000091
FILLER_75_65,VGND,li1,36.1100,217.6000,0.000086
FILLER_75_57,VGND,li1,33.5800,217.6000,0.000083
FILLER_75_50,VGND,li1,29.9000,217.6000,0.000077
FILLER_75_22,VGND,li1,15.8700,217.6000,0.000095
FILLER_75_3,VGND,li1,7.5900,217.6000,0.000096
FILLER_74_693,VGND,li1,324.9900,212.1600,0.000712
FILLER_74_685,VGND,li1,322.4600,212.1600,0.000712
FILLER_74_673,VGND,li1,317.8600,212.1600,0.000710
FILLER_74_661,VGND,li1,312.3400,212.1600,0.000706
FILLER_74_643,VGND,li1,301.5300,212.1600,0.000696
FILLER_74_639,VGND,li1,300.3800,212.1600,0.000696
FILLER_74_630,VGND,li1,295.7800,212.1600,0.000691
FILLER_74_597,VGND,li1,280.8300,212.1600,0.000662
FILLER_74_589,VGND,li1,278.3000,212.1600,0.000654
FILLER_74_580,VGND,li1,274.1600,212.1600,0.000638
FILLER_74_565,VGND,li1,265.8800,212.1600,0.000601
FILLER_74_558,VGND,li1,263.1200,212.1600,0.000592
FILLER_74_531,VGND,li1,250.0100,212.1600,0.000521
FILLER_74_516,VGND,li1,243.3400,212.1600,0.000483
FILLER_74_491,VGND,li1,232.0700,212.1600,0.000429
FILLER_74_483,VGND,li1,229.5400,212.1600,0.000415
FILLER_74_474,VGND,li1,224.0200,212.1600,0.000376
FILLER_74_468,VGND,li1,221.2600,212.1600,0.000364
FILLER_74_442,VGND,li1,211.6000,212.1600,0.000314
FILLER_74_430,VGND,li1,203.5500,212.1600,0.000262
FILLER_74_409,VGND,li1,195.5000,212.1600,0.000219
FILLER_74_389,VGND,li1,185.3800,212.1600,0.000138
FILLER_74_377,VGND,li1,181.7000,212.1600,0.000121
FILLER_74_365,VGND,li1,174.3400,212.1600,0.000095
FILLER_74_356,VGND,li1,171.1200,212.1600,0.000098
FILLER_74_347,VGND,li1,165.8300,212.1600,0.000107
FILLER_74_341,VGND,li1,162.8400,212.1600,0.000112
FILLER_74_329,VGND,li1,159.6200,212.1600,0.000119
FILLER_74_302,VGND,li1,144.9000,212.1600,0.000141
FILLER_74_294,VGND,li1,142.6000,212.1600,0.000145
FILLER_74_289,VGND,li1,138.6900,212.1600,0.000149
FILLER_74_281,VGND,li1,136.6200,212.1600,0.000151
FILLER_74_269,VGND,li1,132.0200,212.1600,0.000158
FILLER_74_261,VGND,li1,125.8100,212.1600,0.000164
FILLER_74_253,VGND,li1,123.7400,212.1600,0.000166
FILLER_74_251,VGND,li1,121.2100,212.1600,0.000168
FILLER_74_243,VGND,li1,119.1400,212.1600,0.000170
FILLER_74_235,VGND,li1,114.3100,212.1600,0.000172
FILLER_74_227,VGND,li1,111.7800,212.1600,0.000173
FILLER_74_219,VGND,li1,106.4900,212.1600,0.000174
FILLER_74_211,VGND,li1,104.4200,212.1600,0.000174
FILLER_74_186,VGND,li1,92.0000,212.1600,0.000175
FILLER_74_173,VGND,li1,85.3300,212.1600,0.000172
FILLER_74_165,VGND,li1,83.2600,212.1600,0.000169
FILLER_74_153,VGND,li1,78.6600,212.1600,0.000164
FILLER_74_141,VGND,li1,73.1400,212.1600,0.000157
FILLER_74_139,VGND,li1,69.6900,212.1600,0.000149
FILLER_74_133,VGND,li1,68.0800,212.1600,0.000149
FILLER_74_123,VGND,li1,63.0200,212.1600,0.000140
FILLER_74_101,VGND,li1,52.6700,212.1600,0.000121
FILLER_74_85,VGND,li1,47.3800,212.1600,0.000110
FILLER_74_81,VGND,li1,43.4700,212.1600,0.000099
FILLER_74_69,VGND,li1,40.0200,212.1600,0.000092
FILLER_74_61,VGND,li1,34.5000,212.1600,0.000074
FILLER_74_42,VGND,li1,25.7600,212.1600,0.000051
FILLER_74_29,VGND,li1,20.7000,212.1600,0.000046
FILLER_74_24,VGND,li1,17.4800,212.1600,0.000048
FILLER_73_673,VGND,li1,316.4800,212.1600,0.000708
FILLER_73_669,VGND,li1,313.9500,212.1600,0.000706
FILLER_73_657,VGND,li1,310.5000,212.1600,0.000705
FILLER_73_648,VGND,li1,303.8300,212.1600,0.000699
FILLER_73_644,VGND,li1,302.6800,212.1600,0.000699
FILLER_73_632,VGND,li1,299.0000,212.1600,0.000693
FILLER_73_620,VGND,li1,293.4800,212.1600,0.000688
FILLER_73_610,VGND,li1,287.5000,212.1600,0.000681
FILLER_73_599,VGND,li1,281.9800,212.1600,0.000662
FILLER_73_592,VGND,li1,278.7600,212.1600,0.000654
FILLER_73_580,VGND,li1,275.0800,212.1600,0.000638
FILLER_73_564,VGND,li1,265.1900,212.1600,0.000601
FILLER_73_550,VGND,li1,258.7500,212.1600,0.000571
FILLER_73_538,VGND,li1,255.7600,212.1600,0.000556
FILLER_73_529,VGND,li1,249.0900,212.1600,0.000521
FILLER_73_517,VGND,li1,246.1000,212.1600,0.000500
FILLER_73_505,VGND,li1,240.5800,212.1600,0.000468
FILLER_73_503,VGND,li1,237.1300,212.1600,0.000455
FILLER_73_491,VGND,li1,234.1400,212.1600,0.000441
FILLER_73_469,VGND,li1,221.4900,212.1600,0.000364
FILLER_73_465,VGND,li1,220.3400,212.1600,0.000364
FILLER_73_457,VGND,li1,215.9700,212.1600,0.000339
FILLER_73_435,VGND,li1,205.8500,212.1600,0.000275
FILLER_73_422,VGND,li1,200.3300,212.1600,0.000249
FILLER_73_399,VGND,li1,190.4400,212.1600,0.000184
FILLER_73_393,VGND,li1,186.9900,212.1600,0.000153
FILLER_73_391,VGND,li1,185.6100,212.1600,0.000138
FILLER_73_385,VGND,li1,184.0000,212.1600,0.000138
FILLER_73_373,VGND,li1,179.8600,212.1600,0.000108
FILLER_73_361,VGND,li1,174.3400,212.1600,0.000095
FILLER_73_349,VGND,li1,168.8200,212.1600,0.000103
FILLER_73_337,VGND,li1,163.3000,212.1600,0.000112
FILLER_73_335,VGND,li1,159.8500,212.1600,0.000119
FILLER_73_329,VGND,li1,158.2400,212.1600,0.000119
FILLER_73_317,VGND,li1,154.1000,212.1600,0.000128
FILLER_73_309,VGND,li1,147.8900,212.1600,0.000138
FILLER_73_305,VGND,li1,146.7400,212.1600,0.000138
FILLER_73_289,VGND,li1,138.9200,212.1600,0.000149
FILLER_73_281,VGND,li1,136.6200,212.1600,0.000151
FILLER_73_279,VGND,li1,134.0900,212.1600,0.000156
FILLER_73_275,VGND,li1,132.9400,212.1600,0.000156
FILLER_73_258,VGND,li1,124.6600,212.1600,0.000166
FILLER_73_230,VGND,li1,112.2400,212.1600,0.000173
FILLER_73_221,VGND,li1,107.8700,212.1600,0.000174
FILLER_73_206,VGND,li1,102.1200,212.1600,0.000174
FILLER_73_189,VGND,li1,92.6900,212.1600,0.000175
FILLER_73_185,VGND,li1,91.5400,212.1600,0.000174
FILLER_73_166,VGND,li1,82.3400,212.1600,0.000169
FILLER_73_158,VGND,li1,80.0400,212.1600,0.000164
FILLER_73_119,VGND,li1,60.9500,212.1600,0.000135
FILLER_73_113,VGND,li1,57.7300,212.1600,0.000131
FILLER_73_89,VGND,li1,47.8400,212.1600,0.000110
FILLER_73_73,VGND,li1,39.7900,212.1600,0.000092
FILLER_73_55,VGND,li1,31.0500,212.1600,0.000068
FILLER_73_33,VGND,li1,21.1600,212.1600,0.000046
FILLER_73_19,VGND,li1,14.9500,212.1600,0.000049
FILLER_72_695,VGND,li1,325.4500,206.7200,0.000490
FILLER_72_649,VGND,li1,304.2900,206.7200,0.000472
FILLER_72_645,VGND,li1,303.1400,206.7200,0.000468
FILLER_72_643,VGND,li1,301.5300,206.7200,0.000465
FILLER_72_637,VGND,li1,299.9200,206.7200,0.000465
FILLER_72_625,VGND,li1,295.7800,206.7200,0.000458
FILLER_72_613,VGND,li1,290.2600,206.7200,0.000445
FILLER_72_545,VGND,li1,256.4500,206.7200,0.000348
FILLER_72_533,VGND,li1,253.4600,206.7200,0.000339
FILLER_72_530,VGND,li1,249.7800,206.7200,0.000326
FILLER_72_522,VGND,li1,247.4800,206.7200,0.000318
FILLER_72_510,VGND,li1,242.8800,206.7200,0.000299
FILLER_72_498,VGND,li1,237.3600,206.7200,0.000280
FILLER_72_487,VGND,li1,229.7700,206.7200,0.000252
FILLER_72_483,VGND,li1,228.6200,206.7200,0.000252
FILLER_72_475,VGND,li1,224.2500,206.7200,0.000233
FILLER_72_471,VGND,li1,223.1000,206.7200,0.000233
FILLER_72_459,VGND,li1,219.4200,206.7200,0.000220
FILLER_72_447,VGND,li1,213.9000,206.7200,0.000200
FILLER_72_437,VGND,li1,206.7700,206.7200,0.000171
FILLER_72_433,VGND,li1,205.6200,206.7200,0.000171
FILLER_72_421,VGND,li1,201.9400,206.7200,0.000157
FILLER_72_419,VGND,li1,198.4900,206.7200,0.000139
FILLER_72_413,VGND,li1,196.8800,206.7200,0.000139
FILLER_72_385,VGND,li1,183.5400,206.7200,0.000083
FILLER_72_355,VGND,li1,169.5100,206.7200,0.000077
FILLER_72_340,VGND,li1,162.1500,206.7200,0.000087
FILLER_72_322,VGND,li1,153.8700,206.7200,0.000096
FILLER_72_314,VGND,li1,151.8000,206.7200,0.000099
FILLER_72_299,VGND,li1,143.5200,206.7200,0.000109
FILLER_72_287,VGND,li1,139.3800,206.7200,0.000116
FILLER_72_265,VGND,li1,129.2600,206.7200,0.000126
FILLER_72_253,VGND,li1,124.6600,206.7200,0.000129
FILLER_72_244,VGND,li1,119.6000,206.7200,0.000133
FILLER_72_233,VGND,li1,113.3900,206.7200,0.000138
FILLER_72_225,VGND,li1,110.8600,206.7200,0.000139
FILLER_72_210,VGND,li1,102.8100,206.7200,0.000141
FILLER_72_179,VGND,li1,89.7000,206.7200,0.000138
FILLER_72_141,VGND,li1,70.6100,206.7200,0.000117
FILLER_72_128,VGND,li1,67.1600,206.7200,0.000113
FILLER_72_116,VGND,li1,61.6400,206.7200,0.000105
FILLER_72_111,VGND,li1,56.8100,206.7200,0.000097
FILLER_72_103,VGND,li1,54.7400,206.7200,0.000093
FILLER_72_93,VGND,li1,48.5300,206.7200,0.000082
FILLER_72_83,VGND,li1,43.9300,206.7200,0.000073
FILLER_72_36,VGND,li1,22.7700,206.7200,0.000038
FILLER_72_29,VGND,li1,19.3200,206.7200,0.000043
FILLER_71_678,VGND,li1,317.8600,206.7200,0.000488
FILLER_71_666,VGND,li1,313.2600,206.7200,0.000484
FILLER_71_652,VGND,li1,306.8200,206.7200,0.000477
FILLER_71_641,VGND,li1,301.3000,206.7200,0.000465
FILLER_71_629,VGND,li1,297.6200,206.7200,0.000461
FILLER_71_617,VGND,li1,292.1000,206.7200,0.000451
FILLER_71_615,VGND,li1,288.6500,206.7200,0.000445
FILLER_71_609,VGND,li1,287.0400,206.7200,0.000440
FILLER_71_587,VGND,li1,276.9200,206.7200,0.000416
FILLER_71_575,VGND,li1,272.7800,206.7200,0.000401
FILLER_71_559,VGND,li1,262.8900,206.7200,0.000371
FILLER_71_551,VGND,li1,260.8200,206.7200,0.000364
FILLER_71_539,VGND,li1,256.2200,206.7200,0.000348
FILLER_71_513,VGND,li1,241.9600,206.7200,0.000299
FILLER_71_505,VGND,li1,239.6600,206.7200,0.000291
FILLER_71_501,VGND,li1,236.6700,206.7200,0.000280
FILLER_71_493,VGND,li1,234.1400,206.7200,0.000271
FILLER_71_481,VGND,li1,229.5400,206.7200,0.000252
FILLER_71_476,VGND,li1,224.7100,206.7200,0.000233
FILLER_71_472,VGND,li1,223.5600,206.7200,0.000233
FILLER_71_460,VGND,li1,219.8800,206.7200,0.000220
FILLER_71_429,VGND,li1,205.6200,206.7200,0.000171
FILLER_71_413,VGND,li1,196.8800,206.7200,0.000139
FILLER_71_401,VGND,li1,192.7400,206.7200,0.000119
FILLER_71_384,VGND,li1,182.3900,206.7200,0.000083
FILLER_71_372,VGND,li1,179.4000,206.7200,0.000071
FILLER_71_364,VGND,li1,173.1900,206.7200,0.000073
FILLER_71_360,VGND,li1,172.0400,206.7200,0.000073
FILLER_71_353,VGND,li1,168.3600,206.7200,0.000077
FILLER_71_346,VGND,li1,165.6000,206.7200,0.000081
FILLER_71_337,VGND,li1,161.0000,206.7200,0.000087
FILLER_71_333,VGND,li1,159.3900,206.7200,0.000090
FILLER_71_326,VGND,li1,155.7100,206.7200,0.000094
FILLER_71_314,VGND,li1,152.7200,206.7200,0.000099
FILLER_71_302,VGND,li1,147.2000,206.7200,0.000107
FILLER_71_290,VGND,li1,141.6800,206.7200,0.000112
FILLER_71_273,VGND,li1,132.0200,206.7200,0.000123
FILLER_71_261,VGND,li1,128.3400,206.7200,0.000126
FILLER_71_248,VGND,li1,120.2900,206.7200,0.000133
FILLER_71_236,VGND,li1,116.8400,206.7200,0.000135
FILLER_71_225,VGND,li1,109.9400,206.7200,0.000139
FILLER_71_218,VGND,li1,107.1800,206.7200,0.000140
FILLER_71_195,VGND,li1,95.4500,206.7200,0.000141
FILLER_71_189,VGND,li1,93.8400,206.7200,0.000141
FILLER_71_169,VGND,li1,85.1000,206.7200,0.000134
FILLER_71_164,VGND,li1,81.8800,206.7200,0.000130
FILLER_71_149,VGND,li1,74.2900,206.7200,0.000123
FILLER_71_129,VGND,li1,66.7000,206.7200,0.000113
FILLER_71_121,VGND,li1,62.1000,206.7200,0.000105
FILLER_71_109,VGND,li1,56.3500,206.7200,0.000093
FILLER_71_97,VGND,li1,52.9000,206.7200,0.000090
FILLER_71_84,VGND,li1,44.3900,206.7200,0.000073
FILLER_71_65,VGND,li1,35.8800,206.7200,0.000057
FILLER_71_57,VGND,li1,33.5800,206.7200,0.000053
FILLER_71_50,VGND,li1,29.9000,206.7200,0.000045
FILLER_71_44,VGND,li1,26.4500,206.7200,0.000035
FILLER_71_26,VGND,li1,17.9400,206.7200,0.000043
FILLER_71_15,VGND,li1,13.1100,206.7200,0.000048
FILLER_71_7,VGND,li1,10.5800,206.7200,0.000049
FILLER_70_667,VGND,li1,313.7200,201.2800,0.000704
FILLER_70_657,VGND,li1,308.4300,201.2800,0.000691
FILLER_70_645,VGND,li1,304.9800,201.2800,0.000681
FILLER_70_643,VGND,li1,301.5300,201.2800,0.000665
FILLER_70_637,VGND,li1,299.9200,201.2800,0.000665
FILLER_70_625,VGND,li1,295.7800,201.2800,0.000653
FILLER_70_613,VGND,li1,290.2600,201.2800,0.000633
FILLER_70_601,VGND,li1,284.7400,201.2800,0.000620
FILLER_70_589,VGND,li1,279.2200,201.2800,0.000603
FILLER_70_585,VGND,li1,275.3100,201.2800,0.000590
FILLER_70_577,VGND,li1,272.7800,201.2800,0.000583
FILLER_70_566,VGND,li1,266.1100,201.2800,0.000558
FILLER_70_562,VGND,li1,264.2700,201.2800,0.000552
FILLER_70_554,VGND,li1,262.2000,201.2800,0.000544
FILLER_70_542,VGND,li1,257.6000,201.2800,0.000525
FILLER_70_531,VGND,li1,250.0100,201.2800,0.000500
FILLER_70_516,VGND,li1,243.1100,201.2800,0.000464
FILLER_70_512,VGND,li1,241.9600,201.2800,0.000464
FILLER_70_502,VGND,li1,236.9000,201.2800,0.000443
FILLER_70_491,VGND,li1,232.3000,201.2800,0.000421
FILLER_70_473,VGND,li1,223.7900,201.2800,0.000378
FILLER_70_465,VGND,li1,219.8800,201.2800,0.000357
FILLER_70_453,VGND,li1,216.6600,201.2800,0.000337
FILLER_70_416,VGND,li1,197.8000,201.2800,0.000226
FILLER_70_397,VGND,li1,188.6000,201.2800,0.000165
FILLER_70_389,VGND,li1,186.3000,201.2800,0.000148
FILLER_70_377,VGND,li1,181.7000,201.2800,0.000114
FILLER_70_365,VGND,li1,176.1800,201.2800,0.000097
FILLER_70_362,VGND,li1,172.5000,201.2800,0.000101
FILLER_70_350,VGND,li1,169.2800,201.2800,0.000105
FILLER_70_335,VGND,li1,160.0800,201.2800,0.000117
FILLER_70_329,VGND,li1,157.3200,201.2800,0.000120
FILLER_70_321,VGND,li1,155.0200,201.2800,0.000122
FILLER_70_309,VGND,li1,150.4200,201.2800,0.000127
FILLER_70_305,VGND,li1,146.5100,201.2800,0.000129
FILLER_70_295,VGND,li1,141.9100,201.2800,0.000133
FILLER_70_287,VGND,li1,139.3800,201.2800,0.000136
FILLER_70_275,VGND,li1,134.7800,201.2800,0.000139
FILLER_70_267,VGND,li1,128.5700,201.2800,0.000144
FILLER_70_247,VGND,li1,119.3700,201.2800,0.000150
FILLER_70_215,VGND,li1,104.6500,201.2800,0.000156
FILLER_70_209,VGND,li1,103.0400,201.2800,0.000156
FILLER_70_203,VGND,li1,99.1300,201.2800,0.000157
FILLER_70_197,VGND,li1,97.5200,201.2800,0.000157
FILLER_70_190,VGND,li1,94.3000,201.2800,0.000158
FILLER_70_169,VGND,li1,83.7200,201.2800,0.000154
FILLER_70_157,VGND,li1,77.9700,201.2800,0.000151
FILLER_70_141,VGND,li1,71.0700,201.2800,0.000143
FILLER_70_137,VGND,li1,69.2300,201.2800,0.000140
FILLER_70_121,VGND,li1,61.8700,201.2800,0.000128
FILLER_70_100,VGND,li1,52.9000,201.2800,0.000110
FILLER_70_93,VGND,li1,48.9900,201.2800,0.000101
FILLER_70_85,VGND,li1,46.4600,201.2800,0.000093
FILLER_70_81,VGND,li1,43.4700,201.2800,0.000088
FILLER_70_69,VGND,li1,37.9500,201.2800,0.000073
FILLER_70_61,VGND,li1,34.2700,201.2800,0.000063
FILLER_70_51,VGND,li1,29.4400,201.2800,0.000049
FILLER_70_43,VGND,li1,27.1400,201.2800,0.000043
FILLER_70_29,VGND,li1,19.5500,201.2800,0.000041
FILLER_70_24,VGND,li1,17.4800,201.2800,0.000043
FILLER_69_693,VGND,li1,324.9900,201.2800,0.000722
FILLER_69_685,VGND,li1,322.4600,201.2800,0.000722
FILLER_69_673,VGND,li1,317.8600,201.2800,0.000719
FILLER_69_671,VGND,li1,314.4100,201.2800,0.000704
FILLER_69_665,VGND,li1,312.8000,201.2800,0.000704
FILLER_69_653,VGND,li1,308.6600,201.2800,0.000691
FILLER_69_641,VGND,li1,303.1400,201.2800,0.000672
FILLER_69_629,VGND,li1,297.6200,201.2800,0.000659
FILLER_69_617,VGND,li1,292.1000,201.2800,0.000642
FILLER_69_604,VGND,li1,286.1200,201.2800,0.000620
FILLER_69_592,VGND,li1,280.6000,201.2800,0.000603
FILLER_69_580,VGND,li1,275.0800,201.2800,0.000590
FILLER_69_570,VGND,li1,268.4100,201.2800,0.000566
FILLER_69_558,VGND,li1,262.6600,201.2800,0.000544
FILLER_69_551,VGND,li1,259.6700,201.2800,0.000532
FILLER_69_542,VGND,li1,255.0700,201.2800,0.000517
FILLER_69_530,VGND,li1,252.0800,201.2800,0.000509
FILLER_69_515,VGND,li1,242.6500,201.2800,0.000464
FILLER_69_511,VGND,li1,241.5000,201.2800,0.000464
FILLER_69_503,VGND,li1,237.1300,201.2800,0.000443
FILLER_69_495,VGND,li1,233.9100,201.2800,0.000421
FILLER_69_473,VGND,li1,223.7900,201.2800,0.000378
FILLER_69_457,VGND,li1,216.4300,201.2800,0.000337
FILLER_69_449,VGND,li1,213.9000,201.2800,0.000322
FILLER_69_426,VGND,li1,202.8600,201.2800,0.000257
FILLER_69_414,VGND,li1,198.7200,201.2800,0.000226
FILLER_69_399,VGND,li1,189.2900,201.2800,0.000165
FILLER_69_386,VGND,li1,184.4600,201.2800,0.000135
FILLER_69_362,VGND,li1,172.9600,201.2800,0.000101
FILLER_69_354,VGND,li1,168.5900,201.2800,0.000108
FILLER_69_350,VGND,li1,167.4400,201.2800,0.000108
FILLER_69_313,VGND,li1,152.2600,201.2800,0.000124
FILLER_69_301,VGND,li1,144.2100,201.2800,0.000131
FILLER_69_285,VGND,li1,136.8500,201.2800,0.000137
FILLER_69_281,VGND,li1,135.7000,201.2800,0.000139
FILLER_69_274,VGND,li1,132.9400,201.2800,0.000140
FILLER_69_268,VGND,li1,129.0300,201.2800,0.000144
FILLER_69_256,VGND,li1,126.0400,201.2800,0.000146
FILLER_69_244,VGND,li1,120.5200,201.2800,0.000150
FILLER_69_225,VGND,li1,110.4000,201.2800,0.000154
FILLER_69_223,VGND,li1,108.3300,201.2800,0.000155
FILLER_69_217,VGND,li1,106.7200,201.2800,0.000156
FILLER_69_204,VGND,li1,100.0500,201.2800,0.000157
FILLER_69_199,VGND,li1,97.2900,201.2800,0.000157
FILLER_69_193,VGND,li1,95.6800,201.2800,0.000157
FILLER_69_177,VGND,li1,87.6300,201.2800,0.000158
FILLER_69_169,VGND,li1,85.1000,201.2800,0.000156
FILLER_69_167,VGND,li1,82.5700,201.2800,0.000154
FILLER_69_163,VGND,li1,81.4200,201.2800,0.000153
FILLER_69_147,VGND,li1,73.3700,201.2800,0.000146
FILLER_69_139,VGND,li1,71.3000,201.2800,0.000143
FILLER_69_125,VGND,li1,63.4800,201.2800,0.000128
FILLER_69_117,VGND,li1,61.1800,201.2800,0.000125
FILLER_69_106,VGND,li1,55.6600,201.2800,0.000115
FILLER_69_86,VGND,li1,45.3100,201.2800,0.000093
FILLER_69_63,VGND,li1,35.4200,201.2800,0.000068
FILLER_69_57,VGND,li1,32.2000,201.2800,0.000057
FILLER_69_52,VGND,li1,30.3600,201.2800,0.000049
FILLER_69_48,VGND,li1,27.8300,201.2800,0.000043
FILLER_69_44,VGND,li1,26.6800,201.2800,0.000043
FILLER_69_38,VGND,li1,23.4600,201.2800,0.000039
FILLER_69_30,VGND,li1,21.1600,201.2800,0.000041
FILLER_69_12,VGND,li1,11.5000,201.2800,0.000047
FILLER_68_699,VGND,li1,327.2900,195.8400,0.000206
FILLER_68_693,VGND,li1,325.6800,195.8400,0.000206
FILLER_68_681,VGND,li1,321.5400,195.8400,0.000206
FILLER_68_669,VGND,li1,316.0200,195.8400,0.000206
FILLER_68_657,VGND,li1,310.5000,195.8400,0.000206
FILLER_68_645,VGND,li1,304.9800,195.8400,0.000206
FILLER_68_643,VGND,li1,301.5300,195.8400,0.000206
FILLER_68_637,VGND,li1,299.9200,195.8400,0.000206
FILLER_68_625,VGND,li1,295.7800,195.8400,0.000206
FILLER_68_613,VGND,li1,290.2600,195.8400,0.000206
FILLER_68_601,VGND,li1,284.7400,195.8400,0.000206
FILLER_68_589,VGND,li1,279.2200,195.8400,0.000206
FILLER_68_587,VGND,li1,275.7700,195.8400,0.000206
FILLER_68_575,VGND,li1,272.7800,195.8400,0.000206
FILLER_68_550,VGND,li1,261.2800,195.8400,0.000205
FILLER_68_538,VGND,li1,255.7600,195.8400,0.000204
FILLER_68_529,VGND,li1,249.5500,195.8400,0.000200
FILLER_68_512,VGND,li1,241.5000,195.8400,0.000192
FILLER_68_504,VGND,li1,239.2000,195.8400,0.000188
FILLER_68_492,VGND,li1,234.6000,195.8400,0.000184
FILLER_68_477,VGND,li1,225.4000,195.8400,0.000169
FILLER_68_468,VGND,li1,222.6400,195.8400,0.000162
FILLER_68_460,VGND,li1,217.5800,195.8400,0.000154
FILLER_68_449,VGND,li1,212.9800,195.8400,0.000141
FILLER_68_433,VGND,li1,206.0800,195.8400,0.000128
FILLER_68_421,VGND,li1,201.9400,195.8400,0.000117
FILLER_68_384,VGND,li1,182.3900,195.8400,0.000061
FILLER_68_376,VGND,li1,180.3200,195.8400,0.000055
FILLER_68_365,VGND,li1,175.2600,195.8400,0.000050
FILLER_68_361,VGND,li1,172.2700,195.8400,0.000055
FILLER_68_346,VGND,li1,165.1400,195.8400,0.000066
FILLER_68_338,VGND,li1,162.8400,195.8400,0.000069
FILLER_68_319,VGND,li1,155.0200,195.8400,0.000081
FILLER_68_315,VGND,li1,150.6500,195.8400,0.000086
FILLER_68_309,VGND,li1,149.0400,195.8400,0.000090
FILLER_68_305,VGND,li1,146.5100,195.8400,0.000094
FILLER_68_295,VGND,li1,141.4500,195.8400,0.000100
FILLER_68_291,VGND,li1,140.3000,195.8400,0.000100
FILLER_68_279,VGND,li1,136.6200,195.8400,0.000105
FILLER_68_267,VGND,li1,128.8000,195.8400,0.000116
FILLER_68_259,VGND,li1,126.5000,195.8400,0.000119
FILLER_68_253,VGND,li1,122.1300,195.8400,0.000123
FILLER_68_239,VGND,li1,116.1500,195.8400,0.000129
FILLER_68_231,VGND,li1,113.6200,195.8400,0.000131
FILLER_68_219,VGND,li1,109.0200,195.8400,0.000135
FILLER_68_201,VGND,li1,98.4400,195.8400,0.000143
FILLER_68_194,VGND,li1,95.2200,195.8400,0.000144
FILLER_68_173,VGND,li1,86.9400,195.8400,0.000147
FILLER_68_155,VGND,li1,77.7400,195.8400,0.000149
FILLER_68_145,VGND,li1,72.4500,195.8400,0.000149
FILLER_68_141,VGND,li1,71.3000,195.8400,0.000149
FILLER_68_138,VGND,li1,69.4600,195.8400,0.000149
FILLER_68_119,VGND,li1,60.4900,195.8400,0.000147
FILLER_68_111,VGND,li1,58.4200,195.8400,0.000146
FILLER_68_99,VGND,li1,53.8200,195.8400,0.000144
FILLER_68_85,VGND,li1,46.4600,195.8400,0.000136
FILLER_68_82,VGND,li1,43.7000,195.8400,0.000133
FILLER_68_75,VGND,li1,40.2500,195.8400,0.000127
FILLER_68_63,VGND,li1,37.2600,195.8400,0.000125
FILLER_68_46,VGND,li1,26.9100,195.8400,0.000084
FILLER_68_29,VGND,li1,19.0900,195.8400,0.000078
FILLER_68_6,VGND,li1,8.5100,195.8400,0.000080
FILLER_67_697,VGND,li1,326.8300,195.8400,0.000206
FILLER_67_685,VGND,li1,323.3800,195.8400,0.000206
FILLER_67_673,VGND,li1,317.8600,195.8400,0.000206
FILLER_67_671,VGND,li1,314.4100,195.8400,0.000206
FILLER_67_665,VGND,li1,312.8000,195.8400,0.000206
FILLER_67_653,VGND,li1,308.6600,195.8400,0.000206
FILLER_67_641,VGND,li1,303.1400,195.8400,0.000206
FILLER_67_629,VGND,li1,297.6200,195.8400,0.000206
FILLER_67_617,VGND,li1,292.1000,195.8400,0.000206
FILLER_67_615,VGND,li1,288.6500,195.8400,0.000206
FILLER_67_609,VGND,li1,287.0400,195.8400,0.000206
FILLER_67_597,VGND,li1,282.9000,195.8400,0.000206
FILLER_67_585,VGND,li1,277.3800,195.8400,0.000206
FILLER_67_573,VGND,li1,271.8600,195.8400,0.000206
FILLER_67_561,VGND,li1,266.3400,195.8400,0.000206
FILLER_67_558,VGND,li1,262.6600,195.8400,0.000205
FILLER_67_550,VGND,li1,260.3600,195.8400,0.000205
FILLER_67_513,VGND,li1,241.9600,195.8400,0.000192
FILLER_67_493,VGND,li1,232.5300,195.8400,0.000181
FILLER_67_489,VGND,li1,231.3800,195.8400,0.000177
FILLER_67_476,VGND,li1,225.4000,195.8400,0.000169
FILLER_67_466,VGND,li1,220.1100,195.8400,0.000158
FILLER_67_462,VGND,li1,218.9600,195.8400,0.000154
FILLER_67_455,VGND,li1,215.0500,195.8400,0.000145
FILLER_67_449,VGND,li1,213.4400,195.8400,0.000145
FILLER_67_447,VGND,li1,211.3700,195.8400,0.000141
FILLER_67_414,VGND,li1,196.6500,195.8400,0.000103
FILLER_67_391,VGND,li1,185.6100,195.8400,0.000068
FILLER_67_383,VGND,li1,183.5400,195.8400,0.000061
FILLER_67_371,VGND,li1,178.9400,195.8400,0.000047
FILLER_67_359,VGND,li1,173.4200,195.8400,0.000055
FILLER_67_345,VGND,li1,164.6800,195.8400,0.000066
FILLER_67_337,VGND,li1,162.3800,195.8400,0.000069
FILLER_67_335,VGND,li1,159.8500,195.8400,0.000075
FILLER_67_329,VGND,li1,158.2400,195.8400,0.000075
FILLER_67_317,VGND,li1,154.1000,195.8400,0.000081
FILLER_67_305,VGND,li1,148.5800,195.8400,0.000090
FILLER_67_293,VGND,li1,143.0600,195.8400,0.000096
FILLER_67_281,VGND,li1,137.5400,195.8400,0.000105
FILLER_67_277,VGND,li1,133.6300,195.8400,0.000110
FILLER_67_269,VGND,li1,131.1000,195.8400,0.000113
FILLER_67_238,VGND,li1,115.2300,195.8400,0.000131
FILLER_67_234,VGND,li1,114.0800,195.8400,0.000131
FILLER_67_225,VGND,li1,109.7100,195.8400,0.000135
FILLER_67_222,VGND,li1,108.1000,195.8400,0.000135
FILLER_67_214,VGND,li1,105.8000,195.8400,0.000138
FILLER_67_192,VGND,li1,94.5300,195.8400,0.000144
FILLER_67_177,VGND,li1,87.6300,195.8400,0.000147
FILLER_67_160,VGND,li1,80.9600,195.8400,0.000149
FILLER_67_134,VGND,li1,69.0000,195.8400,0.000149
FILLER_67_120,VGND,li1,60.9500,195.8400,0.000147
FILLER_67_116,VGND,li1,59.8000,195.8400,0.000147
FILLER_67_90,VGND,li1,48.3000,195.8400,0.000138
FILLER_67_78,VGND,li1,44.1600,195.8400,0.000133
FILLER_67_72,VGND,li1,39.1000,195.8400,0.000127
FILLER_67_41,VGND,li1,24.8400,195.8400,0.000072
FILLER_67_32,VGND,li1,20.4700,195.8400,0.000076
FILLER_67_28,VGND,li1,19.3200,195.8400,0.000078
FILLER_67_15,VGND,li1,12.8800,195.8400,0.000080
FILLER_67_3,VGND,li1,9.6600,195.8400,0.000080
FILLER_66_689,VGND,li1,323.1500,190.4000,0.000431
FILLER_66_681,VGND,li1,320.6200,190.4000,0.000429
FILLER_66_669,VGND,li1,316.0200,190.4000,0.000426
FILLER_66_657,VGND,li1,310.5000,190.4000,0.000424
FILLER_66_645,VGND,li1,304.9800,190.4000,0.000421
FILLER_66_643,VGND,li1,301.5300,190.4000,0.000418
FILLER_66_637,VGND,li1,299.9200,190.4000,0.000418
FILLER_66_625,VGND,li1,295.7800,190.4000,0.000415
FILLER_66_613,VGND,li1,290.2600,190.4000,0.000412
FILLER_66_601,VGND,li1,284.7400,190.4000,0.000409
FILLER_66_589,VGND,li1,279.2200,190.4000,0.000406
FILLER_66_587,VGND,li1,275.7700,190.4000,0.000403
FILLER_66_581,VGND,li1,274.1600,190.4000,0.000403
FILLER_66_569,VGND,li1,270.0200,190.4000,0.000400
FILLER_66_557,VGND,li1,264.5000,190.4000,0.000387
FILLER_66_545,VGND,li1,258.9800,190.4000,0.000371
FILLER_66_533,VGND,li1,253.4600,190.4000,0.000355
FILLER_66_527,VGND,li1,248.4000,190.4000,0.000340
FILLER_66_508,VGND,li1,239.4300,190.4000,0.000312
FILLER_66_500,VGND,li1,237.3600,190.4000,0.000300
FILLER_66_489,VGND,li1,231.8400,190.4000,0.000281
FILLER_66_477,VGND,li1,227.7000,190.4000,0.000268
FILLER_66_474,VGND,li1,224.0200,190.4000,0.000256
FILLER_66_461,VGND,li1,218.9600,190.4000,0.000238
FILLER_66_433,VGND,li1,205.1600,190.4000,0.000185
FILLER_66_406,VGND,li1,193.6600,190.4000,0.000133
FILLER_66_394,VGND,li1,189.5200,190.4000,0.000106
FILLER_66_382,VGND,li1,184.0000,190.4000,0.000081
FILLER_66_373,VGND,li1,177.5600,190.4000,0.000058
FILLER_66_365,VGND,li1,175.2600,190.4000,0.000061
FILLER_66_363,VGND,li1,172.7300,190.4000,0.000063
FILLER_66_355,VGND,li1,170.6600,190.4000,0.000065
FILLER_66_333,VGND,li1,161.4600,190.4000,0.000074
FILLER_66_321,VGND,li1,155.9400,190.4000,0.000079
FILLER_66_309,VGND,li1,150.4200,190.4000,0.000084
FILLER_66_307,VGND,li1,146.9700,190.4000,0.000088
FILLER_66_303,VGND,li1,145.8200,190.4000,0.000088
FILLER_66_291,VGND,li1,142.1400,190.4000,0.000092
FILLER_66_283,VGND,li1,135.9300,190.4000,0.000098
FILLER_66_277,VGND,li1,134.3200,190.4000,0.000098
FILLER_66_266,VGND,li1,128.1100,190.4000,0.000104
FILLER_66_260,VGND,li1,126.5000,190.4000,0.000104
FILLER_66_244,VGND,li1,119.6000,190.4000,0.000109
FILLER_66_225,VGND,li1,109.7100,190.4000,0.000115
FILLER_66_214,VGND,li1,104.1900,190.4000,0.000117
FILLER_66_210,VGND,li1,103.0400,190.4000,0.000117
FILLER_66_201,VGND,li1,98.4400,190.4000,0.000117
FILLER_66_193,VGND,li1,94.9900,190.4000,0.000117
FILLER_66_154,VGND,li1,77.0500,190.4000,0.000111
FILLER_66_132,VGND,li1,68.0800,190.4000,0.000101
FILLER_66_123,VGND,li1,62.5600,190.4000,0.000093
FILLER_66_111,VGND,li1,59.3400,190.4000,0.000089
FILLER_66_102,VGND,li1,52.6700,190.4000,0.000077
FILLER_66_97,VGND,li1,50.6000,190.4000,0.000073
FILLER_66_78,VGND,li1,42.7800,190.4000,0.000062
FILLER_66_58,VGND,li1,32.8900,190.4000,0.000045
FILLER_66_35,VGND,li1,21.8500,190.4000,0.000027
FILLER_66_29,VGND,li1,20.2400,190.4000,0.000027
FILLER_66_27,VGND,li1,18.1700,190.4000,0.000027
FILLER_66_15,VGND,li1,15.1800,190.4000,0.000027
FILLER_66_3,VGND,li1,9.6600,190.4000,0.000027
FILLER_65_681,VGND,li1,319.4700,190.4000,0.000429
FILLER_65_673,VGND,li1,316.9400,190.4000,0.000428
FILLER_65_671,VGND,li1,314.4100,190.4000,0.000425
FILLER_65_665,VGND,li1,312.8000,190.4000,0.000425
FILLER_65_653,VGND,li1,308.6600,190.4000,0.000423
FILLER_65_641,VGND,li1,303.1400,190.4000,0.000419
FILLER_65_629,VGND,li1,297.6200,190.4000,0.000416
FILLER_65_617,VGND,li1,292.1000,190.4000,0.000413
FILLER_65_614,VGND,li1,288.4200,190.4000,0.000411
FILLER_65_602,VGND,li1,285.2000,190.4000,0.000409
FILLER_65_590,VGND,li1,279.6800,190.4000,0.000406
FILLER_65_578,VGND,li1,274.1600,190.4000,0.000403
FILLER_65_561,VGND,li1,264.9600,190.4000,0.000387
FILLER_65_557,VGND,li1,262.4300,190.4000,0.000381
FILLER_65_545,VGND,li1,258.9800,190.4000,0.000371
FILLER_65_533,VGND,li1,253.4600,190.4000,0.000355
FILLER_65_521,VGND,li1,247.9400,190.4000,0.000340
FILLER_65_513,VGND,li1,241.7300,190.4000,0.000319
FILLER_65_505,VGND,li1,239.6600,190.4000,0.000312
FILLER_65_488,VGND,li1,230.9200,190.4000,0.000281
FILLER_65_476,VGND,li1,227.2400,190.4000,0.000268
FILLER_65_464,VGND,li1,221.7200,190.4000,0.000248
FILLER_65_452,VGND,li1,216.2000,190.4000,0.000228
FILLER_65_445,VGND,li1,210.9100,190.4000,0.000207
FILLER_65_437,VGND,li1,208.3800,190.4000,0.000193
FILLER_65_427,VGND,li1,202.4000,190.4000,0.000168
FILLER_65_415,VGND,li1,199.1800,190.4000,0.000157
FILLER_65_403,VGND,li1,193.6600,190.4000,0.000133
FILLER_65_386,VGND,li1,184.4600,190.4000,0.000090
FILLER_65_363,VGND,li1,172.9600,190.4000,0.000063
FILLER_65_344,VGND,li1,163.9900,190.4000,0.000072
FILLER_65_334,VGND,li1,159.6200,190.4000,0.000076
FILLER_65_326,VGND,li1,157.3200,190.4000,0.000079
FILLER_65_314,VGND,li1,152.7200,190.4000,0.000082
FILLER_65_302,VGND,li1,147.2000,190.4000,0.000088
FILLER_65_281,VGND,li1,135.0100,190.4000,0.000098
FILLER_65_278,VGND,li1,133.8600,190.4000,0.000100
FILLER_65_270,VGND,li1,131.5600,190.4000,0.000102
FILLER_65_258,VGND,li1,126.9600,190.4000,0.000104
FILLER_65_246,VGND,li1,121.4400,190.4000,0.000108
FILLER_65_234,VGND,li1,115.9200,190.4000,0.000111
FILLER_65_225,VGND,li1,109.7100,190.4000,0.000115
FILLER_65_220,VGND,li1,107.6400,190.4000,0.000116
FILLER_65_202,VGND,li1,98.6700,190.4000,0.000117
FILLER_65_198,VGND,li1,97.5200,190.4000,0.000117
FILLER_65_169,VGND,li1,83.7200,190.4000,0.000115
FILLER_65_141,VGND,li1,71.7600,190.4000,0.000104
FILLER_65_129,VGND,li1,67.6200,190.4000,0.000101
FILLER_65_113,VGND,li1,58.1900,190.4000,0.000085
FILLER_65_111,VGND,li1,56.8100,190.4000,0.000085
FILLER_65_99,VGND,li1,53.8200,190.4000,0.000080
FILLER_65_90,VGND,li1,47.6100,190.4000,0.000069
FILLER_65_78,VGND,li1,42.3200,190.4000,0.000062
FILLER_65_68,VGND,li1,38.1800,190.4000,0.000054
FILLER_65_55,VGND,li1,31.0500,190.4000,0.000041
FILLER_65_51,VGND,li1,29.9000,190.4000,0.000036
FILLER_65_39,VGND,li1,26.2200,190.4000,0.000027
FILLER_65_27,VGND,li1,20.7000,190.4000,0.000027
FILLER_65_15,VGND,li1,15.1800,190.4000,0.000027
FILLER_65_3,VGND,li1,9.6600,190.4000,0.000027
FILLER_64_695,VGND,li1,325.4500,184.9600,0.000627
FILLER_64_669,VGND,li1,313.7200,184.9600,0.000616
FILLER_64_657,VGND,li1,310.5000,184.9600,0.000613
FILLER_64_645,VGND,li1,304.9800,184.9600,0.000601
FILLER_64_643,VGND,li1,301.5300,184.9600,0.000597
FILLER_64_637,VGND,li1,299.9200,184.9600,0.000593
FILLER_64_625,VGND,li1,295.7800,184.9600,0.000587
FILLER_64_613,VGND,li1,290.2600,184.9600,0.000574
FILLER_64_601,VGND,li1,284.7400,184.9600,0.000566
FILLER_64_589,VGND,li1,279.2200,184.9600,0.000556
FILLER_64_586,VGND,li1,275.5400,184.9600,0.000549
FILLER_64_574,VGND,li1,272.3200,184.9600,0.000543
FILLER_64_565,VGND,li1,265.8800,184.9600,0.000527
FILLER_64_557,VGND,li1,263.5800,184.9600,0.000523
FILLER_64_545,VGND,li1,258.9800,184.9600,0.000513
FILLER_64_533,VGND,li1,253.4600,184.9600,0.000499
FILLER_64_531,VGND,li1,250.0100,184.9600,0.000487
FILLER_64_525,VGND,li1,248.4000,184.9600,0.000487
FILLER_64_513,VGND,li1,241.7300,184.9600,0.000452
FILLER_64_507,VGND,li1,240.1200,184.9600,0.000452
FILLER_64_495,VGND,li1,235.9800,184.9600,0.000424
FILLER_64_477,VGND,li1,225.1700,184.9600,0.000358
FILLER_64_464,VGND,li1,221.7200,184.9600,0.000344
FILLER_64_454,VGND,li1,215.7400,184.9600,0.000309
FILLER_64_442,VGND,li1,211.6000,184.9600,0.000278
FILLER_64_433,VGND,li1,205.6200,184.9600,0.000244
FILLER_64_421,VGND,li1,201.9400,184.9600,0.000224
FILLER_64_413,VGND,li1,196.1900,184.9600,0.000181
FILLER_64_405,VGND,li1,193.6600,184.9600,0.000167
FILLER_64_376,VGND,li1,181.2400,184.9600,0.000096
FILLER_64_369,VGND,li1,175.4900,184.9600,0.000089
FILLER_64_365,VGND,li1,174.3400,184.9600,0.000089
FILLER_64_363,VGND,li1,172.7300,184.9600,0.000093
FILLER_64_359,VGND,li1,171.5800,184.9600,0.000093
FILLER_64_345,VGND,li1,164.9100,184.9600,0.000100
FILLER_64_333,VGND,li1,161.4600,184.9600,0.000104
FILLER_64_321,VGND,li1,155.9400,184.9600,0.000107
FILLER_64_309,VGND,li1,150.4200,184.9600,0.000112
FILLER_64_307,VGND,li1,146.9700,184.9600,0.000114
FILLER_64_303,VGND,li1,145.8200,184.9600,0.000116
FILLER_64_291,VGND,li1,142.1400,184.9600,0.000118
FILLER_64_280,VGND,li1,134.5500,184.9600,0.000123
FILLER_64_268,VGND,li1,131.5600,184.9600,0.000125
FILLER_64_258,VGND,li1,124.8900,184.9600,0.000128
FILLER_64_253,VGND,li1,122.1300,184.9600,0.000129
FILLER_64_249,VGND,li1,120.7500,184.9600,0.000129
FILLER_64_241,VGND,li1,116.6100,184.9600,0.000130
FILLER_64_235,VGND,li1,115.0000,184.9600,0.000130
FILLER_64_227,VGND,li1,110.1700,184.9600,0.000131
FILLER_64_219,VGND,li1,108.1000,184.9600,0.000131
FILLER_64_201,VGND,li1,98.2100,184.9600,0.000127
FILLER_64_197,VGND,li1,97.0600,184.9600,0.000127
FILLER_64_194,VGND,li1,95.2200,184.9600,0.000126
FILLER_64_181,VGND,li1,90.1600,184.9600,0.000121
FILLER_64_170,VGND,li1,84.4100,184.9600,0.000117
FILLER_64_155,VGND,li1,78.6600,184.9600,0.000113
FILLER_64_139,VGND,li1,69.6900,184.9600,0.000104
FILLER_64_131,VGND,li1,67.6200,184.9600,0.000101
FILLER_64_111,VGND,li1,57.2700,184.9600,0.000086
FILLER_64_92,VGND,li1,48.3000,184.9600,0.000075
FILLER_64_77,VGND,li1,41.1700,184.9600,0.000062
FILLER_64_71,VGND,li1,39.5600,184.9600,0.000058
FILLER_64_53,VGND,li1,30.3600,184.9600,0.000038
FILLER_64_41,VGND,li1,27.1400,184.9600,0.000031
FILLER_64_29,VGND,li1,21.6200,184.9600,0.000026
FILLER_64_27,VGND,li1,18.1700,184.9600,0.000026
FILLER_64_15,VGND,li1,15.1800,184.9600,0.000026
FILLER_64_3,VGND,li1,9.6600,184.9600,0.000026
FILLER_63_683,VGND,li1,319.9300,184.9600,0.000622
FILLER_63_679,VGND,li1,318.7800,184.9600,0.000622
FILLER_63_673,VGND,li1,315.3300,184.9600,0.000616
FILLER_63_652,VGND,li1,306.3600,184.9600,0.000605
FILLER_63_648,VGND,li1,303.8300,184.9600,0.000601
FILLER_63_640,VGND,li1,301.7600,184.9600,0.000597
FILLER_63_629,VGND,li1,296.7000,184.9600,0.000587
FILLER_63_617,VGND,li1,292.1000,184.9600,0.000580
FILLER_63_608,VGND,li1,287.0400,184.9600,0.000570
FILLER_63_596,VGND,li1,282.4400,184.9600,0.000562
FILLER_63_584,VGND,li1,276.9200,184.9600,0.000549
FILLER_63_575,VGND,li1,270.2500,184.9600,0.000539
FILLER_63_567,VGND,li1,268.1800,184.9600,0.000534
FILLER_63_561,VGND,li1,263.8100,184.9600,0.000523
FILLER_63_557,VGND,li1,262.4300,184.9600,0.000517
FILLER_63_537,VGND,li1,255.3000,184.9600,0.000504
FILLER_63_498,VGND,li1,235.2900,184.9600,0.000424
FILLER_63_490,VGND,li1,232.7600,184.9600,0.000407
FILLER_63_473,VGND,li1,224.0200,184.9600,0.000358
FILLER_63_449,VGND,li1,212.7500,184.9600,0.000291
FILLER_63_444,VGND,li1,210.6800,184.9600,0.000278
FILLER_63_393,VGND,li1,189.0600,184.9600,0.000141
FILLER_63_386,VGND,li1,184.4600,184.9600,0.000117
FILLER_63_374,VGND,li1,180.3200,184.9600,0.000081
FILLER_63_341,VGND,li1,162.8400,184.9600,0.000102
FILLER_63_328,VGND,li1,156.6300,184.9600,0.000107
FILLER_63_316,VGND,li1,153.6400,184.9600,0.000109
FILLER_63_304,VGND,li1,148.1200,184.9600,0.000114
FILLER_63_292,VGND,li1,141.6800,184.9600,0.000118
FILLER_63_287,VGND,li1,137.7700,184.9600,0.000122
FILLER_63_281,VGND,li1,136.1600,184.9600,0.000122
FILLER_63_273,VGND,li1,131.7900,184.9600,0.000125
FILLER_63_239,VGND,li1,116.3800,184.9600,0.000130
FILLER_63_221,VGND,li1,107.8700,184.9600,0.000131
FILLER_63_207,VGND,li1,101.4300,184.9600,0.000129
FILLER_63_195,VGND,li1,97.9800,184.9600,0.000127
FILLER_63_183,VGND,li1,92.4600,184.9600,0.000124
FILLER_63_133,VGND,li1,66.9300,184.9600,0.000101
FILLER_63_125,VGND,li1,64.8600,184.9600,0.000098
FILLER_63_113,VGND,li1,60.2600,184.9600,0.000091
FILLER_63_110,VGND,li1,56.5800,184.9600,0.000086
FILLER_63_102,VGND,li1,54.2800,184.9600,0.000083
FILLER_63_90,VGND,li1,49.6800,184.9600,0.000075
FILLER_63_80,VGND,li1,43.2400,184.9600,0.000066
FILLER_63_75,VGND,li1,40.2500,184.9600,0.000058
FILLER_63_69,VGND,li1,38.6400,184.9600,0.000058
FILLER_63_57,VGND,li1,34.5000,184.9600,0.000050
FILLER_63_55,VGND,li1,31.0500,184.9600,0.000038
FILLER_63_51,VGND,li1,29.9000,184.9600,0.000038
FILLER_63_39,VGND,li1,26.2200,184.9600,0.000026
FILLER_63_27,VGND,li1,20.7000,184.9600,0.000026
FILLER_63_15,VGND,li1,15.1800,184.9600,0.000026
FILLER_63_3,VGND,li1,9.6600,184.9600,0.000026
FILLER_62_694,VGND,li1,326.1400,179.5200,0.000876
FILLER_62_682,VGND,li1,322.0000,179.5200,0.000876
FILLER_62_675,VGND,li1,316.4800,179.5200,0.000876
FILLER_62_663,VGND,li1,313.2600,179.5200,0.000876
FILLER_62_653,VGND,li1,306.3600,179.5200,0.000876
FILLER_62_636,VGND,li1,299.9200,179.5200,0.000853
FILLER_62_624,VGND,li1,295.3200,179.5200,0.000835
FILLER_62_612,VGND,li1,289.8000,179.5200,0.000814
FILLER_62_589,VGND,li1,277.3800,179.5200,0.000757
FILLER_62_560,VGND,li1,263.8100,179.5200,0.000696
FILLER_62_531,VGND,li1,250.0100,179.5200,0.000622
FILLER_62_525,VGND,li1,248.4000,179.5200,0.000611
FILLER_62_521,VGND,li1,245.4100,179.5200,0.000587
FILLER_62_517,VGND,li1,244.2600,179.5200,0.000587
FILLER_62_501,VGND,li1,236.9000,179.5200,0.000540
FILLER_62_489,VGND,li1,233.2200,179.5200,0.000514
FILLER_62_477,VGND,li1,227.7000,179.5200,0.000480
FILLER_62_475,VGND,li1,224.2500,179.5200,0.000463
FILLER_62_467,VGND,li1,222.1800,179.5200,0.000449
FILLER_62_452,VGND,li1,214.8200,179.5200,0.000394
FILLER_62_440,VGND,li1,210.6800,179.5200,0.000364
FILLER_62_432,VGND,li1,204.9300,179.5200,0.000336
FILLER_62_424,VGND,li1,202.4000,179.5200,0.000319
FILLER_62_412,VGND,li1,195.5000,179.5200,0.000270
FILLER_62_404,VGND,li1,193.2000,179.5200,0.000252
FILLER_62_395,VGND,li1,187.9100,179.5200,0.000222
FILLER_62_383,VGND,li1,184.4600,179.5200,0.000192
FILLER_62_365,VGND,li1,173.8800,179.5200,0.000188
FILLER_62_347,VGND,li1,165.3700,179.5200,0.000233
FILLER_62_325,VGND,li1,155.4800,179.5200,0.000255
FILLER_62_306,VGND,li1,146.7400,179.5200,0.000271
FILLER_62_269,VGND,li1,129.4900,179.5200,0.000268
FILLER_62_263,VGND,li1,127.8800,179.5200,0.000268
FILLER_62_257,VGND,li1,123.9700,179.5200,0.000265
FILLER_62_253,VGND,li1,122.8200,179.5200,0.000265
FILLER_62_248,VGND,li1,120.5200,179.5200,0.000263
FILLER_62_210,VGND,li1,102.8100,179.5200,0.000247
FILLER_62_201,VGND,li1,98.2100,179.5200,0.000242
FILLER_62_163,VGND,li1,81.4200,179.5200,0.000213
FILLER_62_152,VGND,li1,75.9000,179.5200,0.000198
FILLER_62_123,VGND,li1,62.3300,179.5200,0.000160
FILLER_62_95,VGND,li1,49.4500,179.5200,0.000115
FILLER_62_89,VGND,li1,47.8400,179.5200,0.000115
FILLER_62_82,VGND,li1,43.7000,179.5200,0.000102
FILLER_62_65,VGND,li1,36.3400,179.5200,0.000076
FILLER_62_53,VGND,li1,32.6600,179.5200,0.000057
FILLER_62_41,VGND,li1,27.1400,179.5200,0.000044
FILLER_62_29,VGND,li1,21.6200,179.5200,0.000037
FILLER_62_27,VGND,li1,18.1700,179.5200,0.000037
FILLER_62_19,VGND,li1,16.1000,179.5200,0.000038
FILLER_62_7,VGND,li1,11.5000,179.5200,0.000038
FILLER_61_693,VGND,li1,324.9900,179.5200,0.000876
FILLER_61_685,VGND,li1,322.4600,179.5200,0.000876
FILLER_61_673,VGND,li1,317.8600,179.5200,0.000876
FILLER_61_671,VGND,li1,314.4100,179.5200,0.000876
FILLER_61_665,VGND,li1,312.8000,179.5200,0.000876
FILLER_61_629,VGND,li1,297.6200,179.5200,0.000844
FILLER_61_617,VGND,li1,292.1000,179.5200,0.000823
FILLER_61_612,VGND,li1,287.9600,179.5200,0.000807
FILLER_61_600,VGND,li1,284.2800,179.5200,0.000789
FILLER_61_561,VGND,li1,264.9600,179.5200,0.000696
FILLER_61_559,VGND,li1,262.8900,179.5200,0.000685
FILLER_61_553,VGND,li1,261.2800,179.5200,0.000685
FILLER_61_536,VGND,li1,252.3100,179.5200,0.000635
FILLER_61_530,VGND,li1,250.7000,179.5200,0.000622
FILLER_61_523,VGND,li1,246.5600,179.5200,0.000600
FILLER_61_515,VGND,li1,244.2600,179.5200,0.000587
FILLER_61_505,VGND,li1,238.0500,179.5200,0.000540
FILLER_61_495,VGND,li1,233.4500,179.5200,0.000514
FILLER_61_491,VGND,li1,232.3000,179.5200,0.000514
FILLER_61_473,VGND,li1,223.5600,179.5200,0.000449
FILLER_61_465,VGND,li1,221.2600,179.5200,0.000433
FILLER_61_455,VGND,li1,215.5100,179.5200,0.000406
FILLER_61_449,VGND,li1,212.2900,179.5200,0.000379
FILLER_61_447,VGND,li1,211.3700,179.5200,0.000379
FILLER_61_442,VGND,li1,209.0700,179.5200,0.000364
FILLER_61_434,VGND,li1,207.0000,179.5200,0.000348
FILLER_61_422,VGND,li1,202.4000,179.5200,0.000319
FILLER_61_416,VGND,li1,197.3400,179.5200,0.000286
FILLER_61_408,VGND,li1,195.0400,179.5200,0.000270
FILLER_61_385,VGND,li1,183.5400,179.5200,0.000192
FILLER_61_368,VGND,li1,175.0300,179.5200,0.000175
FILLER_61_364,VGND,li1,173.8800,179.5200,0.000188
FILLER_61_328,VGND,li1,156.6300,179.5200,0.000255
FILLER_61_322,VGND,li1,155.0200,179.5200,0.000255
FILLER_61_310,VGND,li1,150.8800,179.5200,0.000263
FILLER_61_281,VGND,li1,135.2400,179.5200,0.000273
FILLER_61_271,VGND,li1,130.6400,179.5200,0.000270
FILLER_61_263,VGND,li1,128.3400,179.5200,0.000268
FILLER_61_239,VGND,li1,115.6900,179.5200,0.000259
FILLER_61_216,VGND,li1,105.1100,179.5200,0.000250
FILLER_61_212,VGND,li1,103.9600,179.5200,0.000247
FILLER_61_192,VGND,li1,94.0700,179.5200,0.000233
FILLER_61_169,VGND,li1,83.7200,179.5200,0.000217
FILLER_61_165,VGND,li1,82.1100,179.5200,0.000213
FILLER_61_157,VGND,li1,79.5800,179.5200,0.000208
FILLER_61_126,VGND,li1,63.9400,179.5200,0.000167
FILLER_61_109,VGND,li1,56.3500,179.5200,0.000144
FILLER_61_92,VGND,li1,48.5300,179.5200,0.000115
FILLER_61_77,VGND,li1,41.4000,179.5200,0.000093
FILLER_61_69,VGND,li1,39.1000,179.5200,0.000083
FILLER_61_57,VGND,li1,34.5000,179.5200,0.000070
FILLER_61_55,VGND,li1,31.0500,179.5200,0.000057
FILLER_61_43,VGND,li1,28.0600,179.5200,0.000044
FILLER_61_31,VGND,li1,22.5400,179.5200,0.000037
FILLER_61_19,VGND,li1,17.0200,179.5200,0.000038
FILLER_61_7,VGND,li1,11.5000,179.5200,0.000038
FILLER_60_656,VGND,li1,308.2000,174.0800,0.000492
FILLER_60_632,VGND,li1,299.0000,174.0800,0.000480
FILLER_60_620,VGND,li1,293.4800,174.0800,0.000474
FILLER_60_608,VGND,li1,287.9600,174.0800,0.000468
FILLER_60_589,VGND,li1,277.1500,174.0800,0.000454
FILLER_60_584,VGND,li1,275.0800,174.0800,0.000449
FILLER_60_572,VGND,li1,271.4000,174.0800,0.000442
FILLER_60_560,VGND,li1,265.8800,174.0800,0.000433
FILLER_60_538,VGND,li1,253.6900,174.0800,0.000410
FILLER_60_531,VGND,li1,250.0100,174.0800,0.000400
FILLER_60_517,VGND,li1,243.5700,174.0800,0.000384
FILLER_60_511,VGND,li1,241.9600,174.0800,0.000384
FILLER_60_495,VGND,li1,234.6000,174.0800,0.000366
FILLER_60_470,VGND,li1,223.1000,174.0800,0.000339
FILLER_60_446,VGND,li1,211.1400,174.0800,0.000308
FILLER_60_435,VGND,li1,205.8500,174.0800,0.000289
FILLER_60_429,VGND,li1,204.2400,174.0800,0.000289
FILLER_60_410,VGND,li1,194.3500,174.0800,0.000256
FILLER_60_357,VGND,li1,170.4300,174.0800,0.000335
FILLER_60_348,VGND,li1,165.8300,174.0800,0.000347
FILLER_60_344,VGND,li1,164.6800,174.0800,0.000357
FILLER_60_336,VGND,li1,160.3100,174.0800,0.000374
FILLER_60_329,VGND,li1,157.3200,174.0800,0.000383
FILLER_60_317,VGND,li1,154.1000,174.0800,0.000390
FILLER_60_287,VGND,li1,138.2300,174.0800,0.000414
FILLER_60_209,VGND,li1,103.0400,174.0800,0.000336
FILLER_60_205,VGND,li1,100.0500,174.0800,0.000327
FILLER_60_197,VGND,li1,97.9800,174.0800,0.000321
FILLER_60_193,VGND,li1,94.9900,174.0800,0.000310
FILLER_60_179,VGND,li1,88.0900,174.0800,0.000285
FILLER_60_175,VGND,li1,86.9400,174.0800,0.000285
FILLER_60_168,VGND,li1,83.0300,174.0800,0.000267
FILLER_60_162,VGND,li1,81.4200,174.0800,0.000267
FILLER_60_147,VGND,li1,73.3700,174.0800,0.000237
FILLER_60_117,VGND,li1,59.8000,174.0800,0.000189
FILLER_60_110,VGND,li1,56.8100,174.0800,0.000178
FILLER_60_85,VGND,li1,45.3100,174.0800,0.000127
FILLER_60_83,VGND,li1,43.9300,174.0800,0.000118
FILLER_60_77,VGND,li1,42.3200,174.0800,0.000118
FILLER_60_65,VGND,li1,38.1800,174.0800,0.000100
FILLER_60_53,VGND,li1,32.6600,174.0800,0.000069
FILLER_60_41,VGND,li1,27.1400,174.0800,0.000053
FILLER_60_29,VGND,li1,21.6200,174.0800,0.000044
FILLER_60_27,VGND,li1,18.1700,174.0800,0.000045
FILLER_60_19,VGND,li1,16.1000,174.0800,0.000045
FILLER_60_7,VGND,li1,11.5000,174.0800,0.000046
FILLER_59_696,VGND,li1,326.6000,174.0800,0.000503
FILLER_59_684,VGND,li1,322.9200,174.0800,0.000503
FILLER_59_673,VGND,li1,316.4800,174.0800,0.000499
FILLER_59_660,VGND,li1,311.8800,174.0800,0.000497
FILLER_59_649,VGND,li1,304.7500,174.0800,0.000489
FILLER_59_641,VGND,li1,302.2200,174.0800,0.000485
FILLER_59_629,VGND,li1,297.6200,174.0800,0.000480
FILLER_59_617,VGND,li1,292.1000,174.0800,0.000474
FILLER_59_591,VGND,li1,277.8400,174.0800,0.000454
FILLER_59_579,VGND,li1,274.6200,174.0800,0.000449
FILLER_59_575,VGND,li1,270.2500,174.0800,0.000442
FILLER_59_558,VGND,li1,262.6600,174.0800,0.000427
FILLER_59_534,VGND,li1,251.8500,174.0800,0.000406
FILLER_59_526,VGND,li1,249.3200,174.0800,0.000400
FILLER_59_521,VGND,li1,245.6400,174.0800,0.000390
FILLER_59_493,VGND,li1,234.1400,174.0800,0.000366
FILLER_59_484,VGND,li1,228.3900,174.0800,0.000352
FILLER_59_472,VGND,li1,223.3300,174.0800,0.000339
FILLER_59_464,VGND,li1,220.8000,174.0800,0.000333
FILLER_59_449,VGND,li1,212.7500,174.0800,0.000308
FILLER_59_446,VGND,li1,211.1400,174.0800,0.000308
FILLER_59_405,VGND,li1,194.5800,174.0800,0.000262
FILLER_59_393,VGND,li1,189.0600,174.0800,0.000245
FILLER_59_391,VGND,li1,185.6100,174.0800,0.000235
FILLER_59_385,VGND,li1,184.0000,174.0800,0.000225
FILLER_59_366,VGND,li1,174.5700,174.0800,0.000254
FILLER_59_337,VGND,li1,161.0000,174.0800,0.000365
FILLER_59_321,VGND,li1,154.1000,174.0800,0.000390
FILLER_59_288,VGND,li1,138.2300,174.0800,0.000414
FILLER_59_274,VGND,li1,132.0200,174.0800,0.000406
FILLER_59_261,VGND,li1,125.8100,174.0800,0.000394
FILLER_59_240,VGND,li1,116.6100,174.0800,0.000372
FILLER_59_223,VGND,li1,108.3300,174.0800,0.000351
FILLER_59_192,VGND,li1,94.5300,174.0800,0.000310
FILLER_59_169,VGND,li1,83.9500,174.0800,0.000275
FILLER_59_164,VGND,li1,81.8800,174.0800,0.000267
FILLER_59_125,VGND,li1,63.7100,174.0800,0.000203
FILLER_59_113,VGND,li1,60.2600,174.0800,0.000189
FILLER_59_111,VGND,li1,56.8100,174.0800,0.000178
FILLER_59_107,VGND,li1,55.6600,174.0800,0.000167
FILLER_59_95,VGND,li1,51.9800,174.0800,0.000153
FILLER_59_81,VGND,li1,44.6200,174.0800,0.000127
FILLER_59_69,VGND,li1,40.0200,174.0800,0.000108
FILLER_59_57,VGND,li1,34.5000,174.0800,0.000084
FILLER_59_55,VGND,li1,31.0500,174.0800,0.000069
FILLER_59_43,VGND,li1,28.0600,174.0800,0.000053
FILLER_59_31,VGND,li1,22.5400,174.0800,0.000044
FILLER_59_19,VGND,li1,17.0200,174.0800,0.000045
FILLER_59_7,VGND,li1,11.5000,174.0800,0.000046
FILLER_58_699,VGND,li1,327.2900,168.6400,0.000403
FILLER_58_693,VGND,li1,325.6800,168.6400,0.000403
FILLER_58_681,VGND,li1,321.5400,168.6400,0.000403
FILLER_58_669,VGND,li1,316.0200,168.6400,0.000403
FILLER_58_657,VGND,li1,310.5000,168.6400,0.000403
FILLER_58_645,VGND,li1,304.9800,168.6400,0.000403
FILLER_58_642,VGND,li1,301.3000,168.6400,0.000403
FILLER_58_634,VGND,li1,299.0000,168.6400,0.000403
FILLER_58_622,VGND,li1,294.4000,168.6400,0.000403
FILLER_58_610,VGND,li1,286.5800,168.6400,0.000397
FILLER_58_552,VGND,li1,259.9000,168.6400,0.000355
FILLER_58_541,VGND,li1,255.0700,168.6400,0.000347
FILLER_58_533,VGND,li1,252.5400,168.6400,0.000341
FILLER_58_529,VGND,li1,249.5500,168.6400,0.000334
FILLER_58_517,VGND,li1,246.1000,168.6400,0.000322
FILLER_58_513,VGND,li1,241.7300,168.6400,0.000306
FILLER_58_509,VGND,li1,240.5800,168.6400,0.000306
FILLER_58_501,VGND,li1,236.2100,168.6400,0.000290
FILLER_58_489,VGND,li1,233.2200,168.6400,0.000279
FILLER_58_477,VGND,li1,227.7000,168.6400,0.000264
FILLER_58_475,VGND,li1,224.2500,168.6400,0.000247
FILLER_58_469,VGND,li1,222.6400,168.6400,0.000247
FILLER_58_457,VGND,li1,218.5000,168.6400,0.000232
FILLER_58_445,VGND,li1,212.9800,168.6400,0.000210
FILLER_58_433,VGND,li1,207.4600,168.6400,0.000195
FILLER_58_421,VGND,li1,201.9400,168.6400,0.000168
FILLER_58_419,VGND,li1,198.4900,168.6400,0.000161
FILLER_58_407,VGND,li1,195.5000,168.6400,0.000150
FILLER_58_403,VGND,li1,191.1300,168.6400,0.000129
FILLER_58_395,VGND,li1,189.0600,168.6400,0.000122
FILLER_58_365,VGND,li1,174.1100,168.6400,0.000102
FILLER_58_329,VGND,li1,157.5500,168.6400,0.000146
FILLER_58_316,VGND,li1,151.3400,168.6400,0.000153
FILLER_58_303,VGND,li1,145.1300,168.6400,0.000160
FILLER_58_299,VGND,li1,143.9800,168.6400,0.000160
FILLER_58_265,VGND,li1,127.8800,168.6400,0.000164
FILLER_58_253,VGND,li1,124.6600,168.6400,0.000163
FILLER_58_251,VGND,li1,121.2100,168.6400,0.000161
FILLER_58_239,VGND,li1,118.2200,168.6400,0.000160
FILLER_58_233,VGND,li1,112.9300,168.6400,0.000158
FILLER_58_224,VGND,li1,109.0200,168.6400,0.000155
FILLER_58_197,VGND,li1,96.8300,168.6400,0.000144
FILLER_58_194,VGND,li1,95.2200,168.6400,0.000142
FILLER_58_173,VGND,li1,85.5600,168.6400,0.000132
FILLER_58_168,VGND,li1,83.0300,168.6400,0.000129
FILLER_58_164,VGND,li1,81.8800,168.6400,0.000129
FILLER_58_154,VGND,li1,76.8200,168.6400,0.000122
FILLER_58_146,VGND,li1,74.5200,168.6400,0.000118
FILLER_58_138,VGND,li1,69.4600,168.6400,0.000110
FILLER_58_126,VGND,li1,63.7100,168.6400,0.000100
FILLER_58_109,VGND,li1,57.0400,168.6400,0.000087
FILLER_58_97,VGND,li1,52.9000,168.6400,0.000078
FILLER_58_85,VGND,li1,47.3800,168.6400,0.000067
FILLER_58_83,VGND,li1,43.9300,168.6400,0.000057
FILLER_58_77,VGND,li1,42.3200,168.6400,0.000057
FILLER_58_65,VGND,li1,38.1800,168.6400,0.000048
FILLER_58_53,VGND,li1,32.6600,168.6400,0.000034
FILLER_58_41,VGND,li1,27.1400,168.6400,0.000026
FILLER_58_29,VGND,li1,21.6200,168.6400,0.000022
FILLER_58_27,VGND,li1,18.1700,168.6400,0.000023
FILLER_58_15,VGND,li1,15.1800,168.6400,0.000023
FILLER_58_3,VGND,li1,9.6600,168.6400,0.000024
FILLER_57_697,VGND,li1,326.8300,168.6400,0.000403
FILLER_57_685,VGND,li1,323.3800,168.6400,0.000403
FILLER_57_673,VGND,li1,317.8600,168.6400,0.000403
FILLER_57_669,VGND,li1,313.9500,168.6400,0.000403
FILLER_57_657,VGND,li1,310.5000,168.6400,0.000403
FILLER_57_645,VGND,li1,304.9800,168.6400,0.000403
FILLER_57_633,VGND,li1,299.4600,168.6400,0.000403
FILLER_57_607,VGND,li1,285.4300,168.6400,0.000397
FILLER_57_577,VGND,li1,271.1700,168.6400,0.000379
FILLER_57_573,VGND,li1,270.0200,168.6400,0.000379
FILLER_57_561,VGND,li1,266.3400,168.6400,0.000371
FILLER_57_548,VGND,li1,260.3600,168.6400,0.000360
FILLER_57_505,VGND,li1,238.5100,168.6400,0.000297
FILLER_57_496,VGND,li1,235.5200,168.6400,0.000290
FILLER_57_488,VGND,li1,230.2300,168.6400,0.000273
FILLER_57_476,VGND,li1,225.8600,168.6400,0.000254
FILLER_57_465,VGND,li1,219.8800,168.6400,0.000238
FILLER_57_449,VGND,li1,212.5200,168.6400,0.000210
FILLER_57_447,VGND,li1,211.3700,168.6400,0.000203
FILLER_57_438,VGND,li1,207.6900,168.6400,0.000195
FILLER_57_423,VGND,li1,200.3300,168.6400,0.000168
FILLER_57_415,VGND,li1,198.2600,168.6400,0.000161
FILLER_57_400,VGND,li1,189.7500,168.6400,0.000129
FILLER_57_388,VGND,li1,184.9200,168.6400,0.000104
FILLER_57_377,VGND,li1,180.7800,168.6400,0.000095
FILLER_57_354,VGND,li1,170.2000,168.6400,0.000116
FILLER_57_337,VGND,li1,160.7700,168.6400,0.000139
FILLER_57_314,VGND,li1,150.1900,168.6400,0.000155
FILLER_57_302,VGND,li1,147.2000,168.6400,0.000158
FILLER_57_290,VGND,li1,141.6800,168.6400,0.000162
FILLER_57_274,VGND,li1,132.9400,168.6400,0.000166
FILLER_57_264,VGND,li1,127.6500,168.6400,0.000164
FILLER_57_252,VGND,li1,124.2000,168.6400,0.000163
FILLER_57_238,VGND,li1,115.2300,168.6400,0.000159
FILLER_57_225,VGND,li1,109.9400,168.6400,0.000155
FILLER_57_216,VGND,li1,106.7200,168.6400,0.000154
FILLER_57_204,VGND,li1,102.1200,168.6400,0.000149
FILLER_57_196,VGND,li1,96.3700,168.6400,0.000144
FILLER_57_185,VGND,li1,91.0800,168.6400,0.000140
FILLER_57_177,VGND,li1,87.4000,168.6400,0.000136
FILLER_57_169,VGND,li1,85.1000,168.6400,0.000132
FILLER_57_167,VGND,li1,82.5700,168.6400,0.000129
FILLER_57_159,VGND,li1,80.5000,168.6400,0.000125
FILLER_57_147,VGND,li1,75.9000,168.6400,0.000118
FILLER_57_141,VGND,li1,70.8400,168.6400,0.000110
FILLER_57_129,VGND,li1,67.6200,168.6400,0.000107
FILLER_57_113,VGND,li1,57.9600,168.6400,0.000087
FILLER_57_105,VGND,li1,54.7400,168.6400,0.000082
FILLER_57_93,VGND,li1,51.0600,168.6400,0.000075
FILLER_57_81,VGND,li1,45.5400,168.6400,0.000061
FILLER_57_69,VGND,li1,40.0200,168.6400,0.000052
FILLER_57_57,VGND,li1,34.5000,168.6400,0.000041
FILLER_57_55,VGND,li1,31.0500,168.6400,0.000034
FILLER_57_43,VGND,li1,28.0600,168.6400,0.000026
FILLER_57_31,VGND,li1,22.5400,168.6400,0.000022
FILLER_57_19,VGND,li1,17.0200,168.6400,0.000023
FILLER_57_7,VGND,li1,11.5000,168.6400,0.000024
FILLER_56_699,VGND,li1,327.2900,163.2000,0.000674
FILLER_56_693,VGND,li1,325.6800,163.2000,0.000674
FILLER_56_681,VGND,li1,321.5400,163.2000,0.000672
FILLER_56_669,VGND,li1,316.0200,163.2000,0.000669
FILLER_56_657,VGND,li1,310.5000,163.2000,0.000667
FILLER_56_645,VGND,li1,304.9800,163.2000,0.000664
FILLER_56_636,VGND,li1,299.9200,163.2000,0.000661
FILLER_56_624,VGND,li1,293.4800,163.2000,0.000656
FILLER_56_614,VGND,li1,288.4200,163.2000,0.000653
FILLER_56_604,VGND,li1,283.5900,163.2000,0.000651
FILLER_56_589,VGND,li1,278.3000,163.2000,0.000646
FILLER_56_587,VGND,li1,275.7700,163.2000,0.000644
FILLER_56_581,VGND,li1,274.1600,163.2000,0.000642
FILLER_56_569,VGND,li1,270.0200,163.2000,0.000628
FILLER_56_564,VGND,li1,265.1900,163.2000,0.000608
FILLER_56_558,VGND,li1,263.5800,163.2000,0.000595
FILLER_56_553,VGND,li1,260.1300,163.2000,0.000584
FILLER_56_547,VGND,li1,258.5200,163.2000,0.000574
FILLER_56_541,VGND,li1,255.0700,163.2000,0.000558
FILLER_56_533,VGND,li1,252.5400,163.2000,0.000544
FILLER_56_530,VGND,li1,249.7800,163.2000,0.000522
FILLER_56_521,VGND,li1,246.5600,163.2000,0.000508
FILLER_56_512,VGND,li1,241.9600,163.2000,0.000485
FILLER_56_504,VGND,li1,238.2800,163.2000,0.000461
FILLER_56_492,VGND,li1,234.6000,163.2000,0.000444
FILLER_56_460,VGND,li1,218.5000,163.2000,0.000351
FILLER_56_446,VGND,li1,210.9100,163.2000,0.000299
FILLER_56_436,VGND,li1,207.4600,163.2000,0.000285
FILLER_56_393,VGND,li1,186.5300,163.2000,0.000159
FILLER_56_377,VGND,li1,179.4000,163.2000,0.000110
FILLER_56_365,VGND,li1,176.1800,163.2000,0.000122
FILLER_56_358,VGND,li1,170.6600,163.2000,0.000149
FILLER_56_346,VGND,li1,167.4400,163.2000,0.000156
FILLER_56_334,VGND,li1,159.3900,163.2000,0.000182
FILLER_56_296,VGND,li1,141.9100,163.2000,0.000231
FILLER_56_292,VGND,li1,140.7600,163.2000,0.000231
FILLER_56_287,VGND,li1,137.7700,163.2000,0.000229
FILLER_56_281,VGND,li1,136.1600,163.2000,0.000227
FILLER_56_261,VGND,li1,126.2700,163.2000,0.000220
FILLER_56_253,VGND,li1,123.7400,163.2000,0.000216
FILLER_56_251,VGND,li1,121.2100,163.2000,0.000211
FILLER_56_245,VGND,li1,119.6000,163.2000,0.000211
FILLER_56_213,VGND,li1,104.4200,163.2000,0.000188
FILLER_56_197,VGND,li1,96.8300,163.2000,0.000176
FILLER_56_178,VGND,li1,87.6300,163.2000,0.000160
FILLER_56_172,VGND,li1,86.0200,163.2000,0.000154
FILLER_56_123,VGND,li1,64.8600,163.2000,0.000112
FILLER_56_109,VGND,li1,57.5000,163.2000,0.000096
FILLER_56_97,VGND,li1,52.9000,163.2000,0.000086
FILLER_56_85,VGND,li1,47.3800,163.2000,0.000073
FILLER_56_83,VGND,li1,43.9300,163.2000,0.000062
FILLER_56_77,VGND,li1,42.3200,163.2000,0.000062
FILLER_56_65,VGND,li1,38.1800,163.2000,0.000053
FILLER_56_53,VGND,li1,32.6600,163.2000,0.000037
FILLER_56_41,VGND,li1,27.1400,163.2000,0.000028
FILLER_56_29,VGND,li1,21.6200,163.2000,0.000024
FILLER_56_27,VGND,li1,18.1700,163.2000,0.000024
FILLER_56_19,VGND,li1,16.1000,163.2000,0.000024
FILLER_56_7,VGND,li1,11.5000,163.2000,0.000025
FILLER_55_683,VGND,li1,319.9300,163.2000,0.000672
FILLER_55_677,VGND,li1,317.1700,163.2000,0.000671
FILLER_55_673,VGND,li1,316.0200,163.2000,0.000669
FILLER_55_671,VGND,li1,314.4100,163.2000,0.000668
FILLER_55_665,VGND,li1,312.8000,163.2000,0.000668
FILLER_55_653,VGND,li1,308.6600,163.2000,0.000666
FILLER_55_641,VGND,li1,303.1400,163.2000,0.000662
FILLER_55_629,VGND,li1,297.6200,163.2000,0.000659
FILLER_55_617,VGND,li1,292.1000,163.2000,0.000656
FILLER_55_610,VGND,li1,287.5000,163.2000,0.000653
FILLER_55_600,VGND,li1,282.4400,163.2000,0.000649
FILLER_55_588,VGND,li1,278.7600,163.2000,0.000646
FILLER_55_529,VGND,li1,251.6200,163.2000,0.000532
FILLER_55_517,VGND,li1,246.1000,163.2000,0.000508
FILLER_55_505,VGND,li1,240.5800,163.2000,0.000475
FILLER_55_492,VGND,li1,234.6000,163.2000,0.000444
FILLER_55_483,VGND,li1,228.1600,163.2000,0.000407
FILLER_55_475,VGND,li1,225.8600,163.2000,0.000387
FILLER_55_470,VGND,li1,221.9500,163.2000,0.000363
FILLER_55_466,VGND,li1,220.8000,163.2000,0.000363
FILLER_55_454,VGND,li1,217.1200,163.2000,0.000337
FILLER_55_449,VGND,li1,212.5200,163.2000,0.000312
FILLER_55_442,VGND,li1,210.2200,163.2000,0.000299
FILLER_55_430,VGND,li1,206.0800,163.2000,0.000272
FILLER_55_418,VGND,li1,200.5600,163.2000,0.000244
FILLER_55_393,VGND,li1,187.6800,163.2000,0.000159
FILLER_55_391,VGND,li1,185.6100,163.2000,0.000147
FILLER_55_380,VGND,li1,180.5500,163.2000,0.000121
FILLER_55_344,VGND,li1,164.6800,163.2000,0.000168
FILLER_55_334,VGND,li1,159.6200,163.2000,0.000182
FILLER_55_326,VGND,li1,157.3200,163.2000,0.000189
FILLER_55_317,VGND,li1,151.8000,163.2000,0.000207
FILLER_55_307,VGND,li1,147.2000,163.2000,0.000220
FILLER_55_281,VGND,li1,135.4700,163.2000,0.000227
FILLER_55_275,VGND,li1,132.2500,163.2000,0.000225
FILLER_55_258,VGND,li1,124.4300,163.2000,0.000216
FILLER_55_254,VGND,li1,123.2800,163.2000,0.000213
FILLER_55_242,VGND,li1,119.6000,163.2000,0.000211
FILLER_55_225,VGND,li1,109.4800,163.2000,0.000195
FILLER_55_223,VGND,li1,108.3300,163.2000,0.000192
FILLER_55_211,VGND,li1,105.3400,163.2000,0.000188
FILLER_55_205,VGND,li1,100.0500,163.2000,0.000179
FILLER_55_196,VGND,li1,96.1400,163.2000,0.000172
FILLER_55_160,VGND,li1,80.9600,163.2000,0.000146
FILLER_55_153,VGND,li1,76.3600,163.2000,0.000134
FILLER_55_138,VGND,li1,69.6900,163.2000,0.000123
FILLER_55_125,VGND,li1,64.4000,163.2000,0.000112
FILLER_55_113,VGND,li1,60.2600,163.2000,0.000102
FILLER_55_111,VGND,li1,56.8100,163.2000,0.000091
FILLER_55_105,VGND,li1,55.2000,163.2000,0.000091
FILLER_55_93,VGND,li1,51.0600,163.2000,0.000082
FILLER_55_81,VGND,li1,45.5400,163.2000,0.000067
FILLER_55_69,VGND,li1,40.0200,163.2000,0.000057
FILLER_55_57,VGND,li1,34.5000,163.2000,0.000045
FILLER_55_55,VGND,li1,31.0500,163.2000,0.000037
FILLER_55_43,VGND,li1,28.0600,163.2000,0.000028
FILLER_55_31,VGND,li1,22.5400,163.2000,0.000024
FILLER_55_19,VGND,li1,17.0200,163.2000,0.000024
FILLER_55_7,VGND,li1,11.5000,163.2000,0.000025
FILLER_54_688,VGND,li1,322.9200,157.7600,0.000711
FILLER_54_676,VGND,li1,319.2400,157.7600,0.000711
FILLER_54_664,VGND,li1,313.7200,157.7600,0.000708
FILLER_54_653,VGND,li1,306.5900,157.7600,0.000703
FILLER_54_645,VGND,li1,304.0600,157.7600,0.000701
FILLER_54_642,VGND,li1,301.3000,157.7600,0.000699
FILLER_54_634,VGND,li1,299.0000,157.7600,0.000696
FILLER_54_622,VGND,li1,294.4000,157.7600,0.000688
FILLER_54_617,VGND,li1,289.5700,157.7600,0.000678
FILLER_54_613,VGND,li1,288.4200,157.7600,0.000678
FILLER_54_589,VGND,li1,276.6900,157.7600,0.000646
FILLER_54_582,VGND,li1,274.6200,157.7600,0.000640
FILLER_54_554,VGND,li1,261.0500,157.7600,0.000584
FILLER_54_543,VGND,li1,255.9900,157.7600,0.000563
FILLER_54_530,VGND,li1,249.7800,157.7600,0.000531
FILLER_54_526,VGND,li1,247.7100,157.7600,0.000520
FILLER_54_515,VGND,li1,242.6500,157.7600,0.000495
FILLER_54_495,VGND,li1,235.9800,157.7600,0.000471
FILLER_54_484,VGND,li1,230.0000,157.7600,0.000436
FILLER_54_474,VGND,li1,224.0200,157.7600,0.000398
FILLER_54_465,VGND,li1,219.6500,157.7600,0.000383
FILLER_54_453,VGND,li1,216.6600,157.7600,0.000365
FILLER_54_441,VGND,li1,211.1400,157.7600,0.000329
FILLER_54_429,VGND,li1,205.6200,157.7600,0.000295
FILLER_54_419,VGND,li1,198.4900,157.7600,0.000254
FILLER_54_414,VGND,li1,196.1900,157.7600,0.000239
FILLER_54_402,VGND,li1,193.2000,157.7600,0.000220
FILLER_54_390,VGND,li1,187.6800,157.7600,0.000173
FILLER_54_380,VGND,li1,181.0100,157.7600,0.000129
FILLER_54_372,VGND,li1,178.4800,157.7600,0.000114
FILLER_54_362,VGND,li1,172.5000,157.7600,0.000136
FILLER_54_352,VGND,li1,168.1300,157.7600,0.000161
FILLER_54_335,VGND,li1,159.8500,157.7600,0.000176
FILLER_54_329,VGND,li1,158.2400,157.7600,0.000176
FILLER_54_307,VGND,li1,146.9700,157.7600,0.000186
FILLER_54_303,VGND,li1,145.8200,157.7600,0.000186
FILLER_54_286,VGND,li1,137.3100,157.7600,0.000187
FILLER_54_261,VGND,li1,126.0400,157.7600,0.000179
FILLER_54_253,VGND,li1,123.7400,157.7600,0.000176
FILLER_54_233,VGND,li1,115.4600,157.7600,0.000167
FILLER_54_221,VGND,li1,109.9400,157.7600,0.000161
FILLER_54_209,VGND,li1,104.4200,157.7600,0.000154
FILLER_54_197,VGND,li1,98.9000,157.7600,0.000148
FILLER_54_194,VGND,li1,95.2200,157.7600,0.000145
FILLER_54_184,VGND,li1,91.5400,157.7600,0.000139
FILLER_54_177,VGND,li1,87.1700,157.7600,0.000132
FILLER_54_171,VGND,li1,85.5600,157.7600,0.000132
FILLER_54_159,VGND,li1,81.4200,157.7600,0.000125
FILLER_54_147,VGND,li1,75.9000,157.7600,0.000117
FILLER_54_138,VGND,li1,69.4600,157.7600,0.000109
FILLER_54_130,VGND,li1,67.1600,157.7600,0.000106
FILLER_54_122,VGND,li1,62.1000,157.7600,0.000097
FILLER_54_117,VGND,li1,59.5700,157.7600,0.000093
FILLER_54_109,VGND,li1,57.5000,157.7600,0.000088
FILLER_54_97,VGND,li1,52.9000,157.7600,0.000079
FILLER_54_85,VGND,li1,47.3800,157.7600,0.000068
FILLER_54_83,VGND,li1,43.9300,157.7600,0.000057
FILLER_54_77,VGND,li1,42.3200,157.7600,0.000057
FILLER_54_65,VGND,li1,38.1800,157.7600,0.000049
FILLER_54_53,VGND,li1,32.6600,157.7600,0.000037
FILLER_54_41,VGND,li1,27.1400,157.7600,0.000026
FILLER_54_29,VGND,li1,21.6200,157.7600,0.000022
FILLER_54_27,VGND,li1,18.1700,157.7600,0.000023
FILLER_54_19,VGND,li1,16.1000,157.7600,0.000023
FILLER_54_7,VGND,li1,11.5000,157.7600,0.000024
FILLER_53_697,VGND,li1,326.8300,157.7600,0.000711
FILLER_53_689,VGND,li1,324.3000,157.7600,0.000711
FILLER_53_665,VGND,li1,311.6500,157.7600,0.000707
FILLER_53_659,VGND,li1,308.8900,157.7600,0.000705
FILLER_53_651,VGND,li1,306.8200,157.7600,0.000703
FILLER_53_633,VGND,li1,297.1600,157.7600,0.000693
FILLER_53_614,VGND,li1,288.4200,157.7600,0.000678
FILLER_53_608,VGND,li1,285.8900,157.7600,0.000672
FILLER_53_598,VGND,li1,280.8300,157.7600,0.000656
FILLER_53_594,VGND,li1,279.6800,157.7600,0.000656
FILLER_53_576,VGND,li1,270.9400,157.7600,0.000626
FILLER_53_561,VGND,li1,264.5000,157.7600,0.000593
FILLER_53_559,VGND,li1,262.8900,157.7600,0.000593
FILLER_53_551,VGND,li1,260.8200,157.7600,0.000584
FILLER_53_539,VGND,li1,256.2200,157.7600,0.000563
FILLER_53_525,VGND,li1,247.7100,157.7600,0.000520
FILLER_53_505,VGND,li1,238.7400,157.7600,0.000484
FILLER_53_484,VGND,li1,229.0800,157.7600,0.000436
FILLER_53_472,VGND,li1,225.4000,157.7600,0.000411
FILLER_53_449,VGND,li1,212.5200,157.7600,0.000340
FILLER_53_443,VGND,li1,209.5300,157.7600,0.000315
FILLER_53_439,VGND,li1,208.3800,157.7600,0.000315
FILLER_53_428,VGND,li1,202.6300,157.7600,0.000280
FILLER_53_407,VGND,li1,192.9700,157.7600,0.000208
FILLER_53_401,VGND,li1,191.3600,157.7600,0.000208
FILLER_53_393,VGND,li1,186.7600,157.7600,0.000173
FILLER_53_386,VGND,li1,184.4600,157.7600,0.000155
FILLER_53_377,VGND,li1,179.4000,157.7600,0.000129
FILLER_53_369,VGND,li1,177.1000,157.7600,0.000114
FILLER_53_344,VGND,li1,164.4500,157.7600,0.000166
FILLER_53_331,VGND,li1,158.0100,157.7600,0.000179
FILLER_53_325,VGND,li1,156.4000,157.7600,0.000179
FILLER_53_291,VGND,li1,141.2200,157.7600,0.000188
FILLER_53_281,VGND,li1,135.4700,157.7600,0.000186
FILLER_53_272,VGND,li1,132.4800,157.7600,0.000185
FILLER_53_266,VGND,li1,128.3400,157.7600,0.000181
FILLER_53_258,VGND,li1,126.0400,157.7600,0.000179
FILLER_53_233,VGND,li1,113.3900,157.7600,0.000165
FILLER_53_225,VGND,li1,110.8600,157.7600,0.000161
FILLER_53_222,VGND,li1,108.1000,157.7600,0.000159
FILLER_53_203,VGND,li1,100.2800,157.7600,0.000151
FILLER_53_194,VGND,li1,94.9900,157.7600,0.000145
FILLER_53_189,VGND,li1,92.9200,157.7600,0.000142
FILLER_53_181,VGND,li1,90.6200,157.7600,0.000139
FILLER_53_169,VGND,li1,86.0200,157.7600,0.000132
FILLER_53_165,VGND,li1,82.1100,157.7600,0.000125
FILLER_53_157,VGND,li1,78.6600,157.7600,0.000122
FILLER_53_145,VGND,li1,74.9800,157.7600,0.000117
FILLER_53_138,VGND,li1,69.6900,157.7600,0.000109
FILLER_53_111,VGND,li1,56.8100,157.7600,0.000084
FILLER_53_105,VGND,li1,55.2000,157.7600,0.000084
FILLER_53_93,VGND,li1,51.0600,157.7600,0.000076
FILLER_53_81,VGND,li1,45.5400,157.7600,0.000062
FILLER_53_69,VGND,li1,40.0200,157.7600,0.000053
FILLER_53_57,VGND,li1,34.5000,157.7600,0.000041
FILLER_53_55,VGND,li1,31.0500,157.7600,0.000032
FILLER_53_51,VGND,li1,29.9000,157.7600,0.000032
FILLER_53_39,VGND,li1,26.2200,157.7600,0.000022
FILLER_53_27,VGND,li1,20.7000,157.7600,0.000022
FILLER_53_15,VGND,li1,15.1800,157.7600,0.000023
FILLER_53_3,VGND,li1,9.6600,157.7600,0.000024
FILLER_52_682,VGND,li1,319.7000,152.3200,0.000624
FILLER_52_665,VGND,li1,311.6500,152.3200,0.000616
FILLER_52_657,VGND,li1,309.5800,152.3200,0.000614
FILLER_52_645,VGND,li1,304.9800,152.3200,0.000604
FILLER_52_635,VGND,li1,297.8500,152.3200,0.000594
FILLER_52_615,VGND,li1,288.6500,152.3200,0.000574
FILLER_52_609,VGND,li1,287.0400,152.3200,0.000568
FILLER_52_597,VGND,li1,282.9000,152.3200,0.000560
FILLER_52_589,VGND,li1,277.1500,152.3200,0.000546
FILLER_52_584,VGND,li1,275.0800,152.3200,0.000540
FILLER_52_559,VGND,li1,262.8900,152.3200,0.000501
FILLER_52_553,VGND,li1,260.5900,152.3200,0.000493
FILLER_52_545,VGND,li1,258.0600,152.3200,0.000484
FILLER_52_533,VGND,li1,253.4600,152.3200,0.000462
FILLER_52_531,VGND,li1,250.0100,152.3200,0.000452
FILLER_52_527,VGND,li1,248.8600,152.3200,0.000442
FILLER_52_515,VGND,li1,245.1800,152.3200,0.000433
FILLER_52_503,VGND,li1,239.6600,152.3200,0.000410
FILLER_52_494,VGND,li1,232.9900,152.3200,0.000379
FILLER_52_485,VGND,li1,229.0800,152.3200,0.000361
FILLER_52_477,VGND,li1,226.7800,152.3200,0.000348
FILLER_52_475,VGND,li1,224.2500,152.3200,0.000331
FILLER_52_454,VGND,li1,214.5900,152.3200,0.000287
FILLER_52_434,VGND,li1,205.8500,152.3200,0.000241
FILLER_52_408,VGND,li1,194.1200,152.3200,0.000177
FILLER_52_360,VGND,li1,172.0400,152.3200,0.000112
FILLER_52_352,VGND,li1,167.6700,152.3200,0.000122
FILLER_52_332,VGND,li1,159.1600,152.3200,0.000135
FILLER_52_298,VGND,li1,142.8300,152.3200,0.000142
FILLER_52_251,VGND,li1,121.2100,152.3200,0.000130
FILLER_52_244,VGND,li1,117.9900,152.3200,0.000127
FILLER_52_238,VGND,li1,116.3800,152.3200,0.000127
FILLER_52_217,VGND,li1,105.8000,152.3200,0.000117
FILLER_52_207,VGND,li1,101.4300,152.3200,0.000111
FILLER_52_177,VGND,li1,88.7800,152.3200,0.000099
FILLER_52_154,VGND,li1,77.2800,152.3200,0.000087
FILLER_52_122,VGND,li1,61.8700,152.3200,0.000068
FILLER_52_105,VGND,li1,54.2800,152.3200,0.000057
FILLER_52_97,VGND,li1,51.9800,152.3200,0.000054
FILLER_52_85,VGND,li1,47.3800,152.3200,0.000048
FILLER_52_83,VGND,li1,43.9300,152.3200,0.000040
FILLER_52_77,VGND,li1,42.3200,152.3200,0.000040
FILLER_52_65,VGND,li1,38.1800,152.3200,0.000034
FILLER_52_53,VGND,li1,32.6600,152.3200,0.000026
FILLER_52_41,VGND,li1,27.1400,152.3200,0.000018
FILLER_52_29,VGND,li1,21.6200,152.3200,0.000016
FILLER_52_27,VGND,li1,18.1700,152.3200,0.000016
FILLER_52_19,VGND,li1,16.1000,152.3200,0.000017
FILLER_52_7,VGND,li1,11.5000,152.3200,0.000017
FILLER_51_695,VGND,li1,325.4500,152.3200,0.000629
FILLER_51_678,VGND,li1,317.6300,152.3200,0.000622
FILLER_51_671,VGND,li1,314.4100,152.3200,0.000620
FILLER_51_654,VGND,li1,306.5900,152.3200,0.000609
FILLER_51_650,VGND,li1,305.4400,152.3200,0.000604
FILLER_51_643,VGND,li1,302.2200,152.3200,0.000601
FILLER_51_630,VGND,li1,295.7800,152.3200,0.000590
FILLER_51_613,VGND,li1,288.1900,152.3200,0.000574
FILLER_51_605,VGND,li1,285.6600,152.3200,0.000568
FILLER_51_597,VGND,li1,280.3700,152.3200,0.000551
FILLER_51_589,VGND,li1,278.3000,152.3200,0.000546
FILLER_51_568,VGND,li1,268.1800,152.3200,0.000520
FILLER_51_554,VGND,li1,261.7400,152.3200,0.000493
FILLER_51_529,VGND,li1,249.7800,152.3200,0.000452
FILLER_51_520,VGND,li1,245.1800,152.3200,0.000433
FILLER_51_505,VGND,li1,238.2800,152.3200,0.000400
FILLER_51_500,VGND,li1,236.4400,152.3200,0.000389
FILLER_51_488,VGND,li1,232.7600,152.3200,0.000371
FILLER_51_472,VGND,li1,223.1000,152.3200,0.000331
FILLER_51_464,VGND,li1,220.8000,152.3200,0.000319
FILLER_51_452,VGND,li1,216.2000,152.3200,0.000287
FILLER_51_447,VGND,li1,211.3700,152.3200,0.000264
FILLER_51_436,VGND,li1,206.7700,152.3200,0.000241
FILLER_51_424,VGND,li1,203.3200,152.3200,0.000227
FILLER_51_412,VGND,li1,197.8000,152.3200,0.000193
FILLER_51_400,VGND,li1,192.2800,152.3200,0.000167
FILLER_51_374,VGND,li1,177.7900,152.3200,0.000099
FILLER_51_349,VGND,li1,166.9800,152.3200,0.000122
FILLER_51_343,VGND,li1,163.5300,152.3200,0.000131
FILLER_51_337,VGND,li1,161.9200,152.3200,0.000131
FILLER_51_318,VGND,li1,152.0300,152.3200,0.000142
FILLER_51_310,VGND,li1,148.3500,152.3200,0.000142
FILLER_51_305,VGND,li1,146.2800,152.3200,0.000142
FILLER_51_281,VGND,li1,135.7000,152.3200,0.000141
FILLER_51_279,VGND,li1,134.0900,152.3200,0.000141
FILLER_51_273,VGND,li1,132.4800,152.3200,0.000141
FILLER_51_265,VGND,li1,127.6500,152.3200,0.000136
FILLER_51_261,VGND,li1,126.5000,152.3200,0.000136
FILLER_51_249,VGND,li1,122.8200,152.3200,0.000132
FILLER_51_237,VGND,li1,117.3000,152.3200,0.000127
FILLER_51_225,VGND,li1,111.7800,152.3200,0.000122
FILLER_51_220,VGND,li1,107.6400,152.3200,0.000119
FILLER_51_208,VGND,li1,103.9600,152.3200,0.000114
FILLER_51_196,VGND,li1,98.4400,152.3200,0.000109
FILLER_51_186,VGND,li1,92.0000,152.3200,0.000103
FILLER_51_181,VGND,li1,89.2400,152.3200,0.000099
FILLER_51_169,VGND,li1,86.0200,152.3200,0.000096
FILLER_51_155,VGND,li1,77.5100,152.3200,0.000087
FILLER_51_147,VGND,li1,74.9800,152.3200,0.000084
FILLER_51_139,VGND,li1,69.6900,152.3200,0.000078
FILLER_51_131,VGND,li1,67.6200,152.3200,0.000075
FILLER_51_101,VGND,li1,52.4400,152.3200,0.000054
FILLER_51_93,VGND,li1,50.1400,152.3200,0.000051
FILLER_51_81,VGND,li1,45.5400,152.3200,0.000043
FILLER_51_69,VGND,li1,40.0200,152.3200,0.000037
FILLER_51_57,VGND,li1,34.5000,152.3200,0.000029
FILLER_51_55,VGND,li1,31.0500,152.3200,0.000022
FILLER_51_51,VGND,li1,29.9000,152.3200,0.000022
FILLER_51_39,VGND,li1,26.2200,152.3200,0.000016
FILLER_51_27,VGND,li1,20.7000,152.3200,0.000016
FILLER_51_15,VGND,li1,15.1800,152.3200,0.000017
FILLER_51_3,VGND,li1,9.6600,152.3200,0.000018
FILLER_50_669,VGND,li1,313.9500,146.8800,0.000940
FILLER_50_625,VGND,li1,293.7100,146.8800,0.000904
FILLER_50_613,VGND,li1,290.2600,146.8800,0.000889
FILLER_50_596,VGND,li1,280.6000,146.8800,0.000862
FILLER_50_575,VGND,li1,270.9400,146.8800,0.000819
FILLER_50_563,VGND,li1,267.2600,146.8800,0.000804
FILLER_50_551,VGND,li1,261.7400,146.8800,0.000788
FILLER_50_539,VGND,li1,256.2200,146.8800,0.000764
FILLER_50_518,VGND,li1,244.2600,146.8800,0.000710
FILLER_50_499,VGND,li1,235.2900,146.8800,0.000655
FILLER_50_477,VGND,li1,225.4000,146.8800,0.000564
FILLER_50_475,VGND,li1,224.2500,146.8800,0.000564
FILLER_50_469,VGND,li1,222.6400,146.8800,0.000537
FILLER_50_457,VGND,li1,218.5000,146.8800,0.000515
FILLER_50_445,VGND,li1,212.9800,146.8800,0.000466
FILLER_50_433,VGND,li1,207.4600,146.8800,0.000413
FILLER_50_421,VGND,li1,201.9400,146.8800,0.000356
FILLER_50_419,VGND,li1,198.4900,146.8800,0.000318
FILLER_50_415,VGND,li1,197.3400,146.8800,0.000318
FILLER_50_403,VGND,li1,193.6600,146.8800,0.000282
FILLER_50_391,VGND,li1,188.1400,146.8800,0.000223
FILLER_50_381,VGND,li1,181.2400,146.8800,0.000154
FILLER_50_372,VGND,li1,177.1000,146.8800,0.000110
FILLER_50_363,VGND,li1,172.7300,146.8800,0.000112
FILLER_50_351,VGND,li1,169.7400,146.8800,0.000113
FILLER_50_339,VGND,li1,164.2200,146.8800,0.000114
FILLER_50_327,VGND,li1,158.7000,146.8800,0.000116
FILLER_50_321,VGND,li1,153.6400,146.8800,0.000116
FILLER_50_309,VGND,li1,148.1200,146.8800,0.000117
FILLER_50_297,VGND,li1,142.8300,146.8800,0.000116
FILLER_50_293,VGND,li1,140.5300,146.8800,0.000115
FILLER_50_285,VGND,li1,136.8500,146.8800,0.000115
FILLER_50_279,VGND,li1,135.2400,146.8800,0.000114
FILLER_50_270,VGND,li1,130.1800,146.8800,0.000113
FILLER_50_257,VGND,li1,123.9700,146.8800,0.000111
FILLER_50_253,VGND,li1,122.8200,146.8800,0.000111
FILLER_50_251,VGND,li1,121.2100,146.8800,0.000110
FILLER_50_247,VGND,li1,120.0600,146.8800,0.000110
FILLER_50_243,VGND,li1,117.5300,146.8800,0.000109
FILLER_50_239,VGND,li1,116.3800,146.8800,0.000107
FILLER_50_227,VGND,li1,112.7000,146.8800,0.000106
FILLER_50_209,VGND,li1,103.0400,146.8800,0.000100
FILLER_50_197,VGND,li1,98.9000,146.8800,0.000097
FILLER_50_194,VGND,li1,95.2200,146.8800,0.000093
FILLER_50_172,VGND,li1,85.1000,146.8800,0.000085
FILLER_50_160,VGND,li1,81.8800,146.8800,0.000083
FILLER_50_148,VGND,li1,76.3600,146.8800,0.000078
FILLER_50_136,VGND,li1,69.0000,146.8800,0.000070
FILLER_50_124,VGND,li1,65.3200,146.8800,0.000066
FILLER_50_85,VGND,li1,47.3800,146.8800,0.000043
FILLER_50_83,VGND,li1,43.9300,146.8800,0.000038
FILLER_50_77,VGND,li1,42.3200,146.8800,0.000038
FILLER_50_65,VGND,li1,38.1800,146.8800,0.000032
FILLER_50_53,VGND,li1,32.6600,146.8800,0.000024
FILLER_50_41,VGND,li1,27.1400,146.8800,0.000017
FILLER_50_29,VGND,li1,21.6200,146.8800,0.000014
FILLER_50_27,VGND,li1,18.1700,146.8800,0.000014
FILLER_50_15,VGND,li1,15.1800,146.8800,0.000014
FILLER_50_3,VGND,li1,9.6600,146.8800,0.000014
FILLER_49_699,VGND,li1,327.2900,146.8800,0.000948
FILLER_49_689,VGND,li1,322.9200,146.8800,0.000948
FILLER_49_669,VGND,li1,313.9500,146.8800,0.000940
FILLER_49_660,VGND,li1,309.3500,146.8800,0.000935
FILLER_49_652,VGND,li1,307.2800,146.8800,0.000931
FILLER_49_631,VGND,li1,297.6200,146.8800,0.000916
FILLER_49_617,VGND,li1,289.5700,146.8800,0.000889
FILLER_49_615,VGND,li1,288.6500,146.8800,0.000889
FILLER_49_607,VGND,li1,286.5800,146.8800,0.000878
FILLER_49_599,VGND,li1,281.7500,146.8800,0.000862
FILLER_49_587,VGND,li1,278.3000,146.8800,0.000853
FILLER_49_545,VGND,li1,258.9800,146.8800,0.000776
FILLER_49_538,VGND,li1,253.9200,146.8800,0.000754
FILLER_49_503,VGND,li1,237.1300,146.8800,0.000670
FILLER_49_494,VGND,li1,233.4500,146.8800,0.000638
FILLER_49_486,VGND,li1,230.9200,146.8800,0.000619
FILLER_49_479,VGND,li1,226.3200,146.8800,0.000581
FILLER_49_445,VGND,li1,210.9100,146.8800,0.000447
FILLER_49_389,VGND,li1,185.1500,146.8800,0.000180
FILLER_49_384,VGND,li1,182.6200,146.8800,0.000154
FILLER_49_349,VGND,li1,167.9000,146.8800,0.000113
FILLER_49_337,VGND,li1,163.3000,146.8800,0.000114
FILLER_49_334,VGND,li1,159.6200,146.8800,0.000115
FILLER_49_326,VGND,li1,157.3200,146.8800,0.000116
FILLER_49_296,VGND,li1,142.3700,146.8800,0.000116
FILLER_49_284,VGND,li1,138.9200,146.8800,0.000115
FILLER_49_279,VGND,li1,134.0900,146.8800,0.000114
FILLER_49_273,VGND,li1,132.4800,146.8800,0.000113
FILLER_49_261,VGND,li1,128.3400,146.8800,0.000112
FILLER_49_237,VGND,li1,115.2300,146.8800,0.000107
FILLER_49_222,VGND,li1,108.1000,146.8800,0.000104
FILLER_49_197,VGND,li1,96.3700,146.8800,0.000095
FILLER_49_176,VGND,li1,86.9400,146.8800,0.000087
FILLER_49_147,VGND,li1,74.0600,146.8800,0.000075
FILLER_49_135,VGND,li1,70.3800,146.8800,0.000070
FILLER_49_113,VGND,li1,58.1900,146.8800,0.000058
FILLER_49_81,VGND,li1,44.1600,146.8800,0.000040
FILLER_49_69,VGND,li1,40.0200,146.8800,0.000035
FILLER_49_57,VGND,li1,34.5000,146.8800,0.000027
FILLER_49_55,VGND,li1,31.0500,146.8800,0.000021
FILLER_49_51,VGND,li1,29.9000,146.8800,0.000021
FILLER_49_39,VGND,li1,26.2200,146.8800,0.000014
FILLER_49_27,VGND,li1,20.7000,146.8800,0.000014
FILLER_49_15,VGND,li1,15.1800,146.8800,0.000014
FILLER_49_3,VGND,li1,9.6600,146.8800,0.000014
FILLER_48_667,VGND,li1,315.1000,141.4400,0.000656
FILLER_48_661,VGND,li1,310.0400,141.4400,0.000650
FILLER_48_641,VGND,li1,301.0700,141.4400,0.000628
FILLER_48_629,VGND,li1,295.0900,141.4400,0.000616
FILLER_48_625,VGND,li1,293.9400,141.4400,0.000609
FILLER_48_613,VGND,li1,290.2600,141.4400,0.000602
FILLER_48_601,VGND,li1,284.7400,141.4400,0.000585
FILLER_48_589,VGND,li1,279.2200,141.4400,0.000562
FILLER_48_587,VGND,li1,275.7700,141.4400,0.000553
FILLER_48_583,VGND,li1,274.6200,141.4400,0.000553
FILLER_48_577,VGND,li1,271.6300,141.4400,0.000536
FILLER_48_565,VGND,li1,268.1800,141.4400,0.000530
FILLER_48_555,VGND,li1,261.0500,141.4400,0.000504
FILLER_48_533,VGND,li1,252.0800,141.4400,0.000464
FILLER_48_523,VGND,li1,246.5600,141.4400,0.000448
FILLER_48_511,VGND,li1,241.0400,141.4400,0.000425
FILLER_48_489,VGND,li1,231.8400,141.4400,0.000384
FILLER_48_477,VGND,li1,227.7000,141.4400,0.000363
FILLER_48_460,VGND,li1,217.8100,141.4400,0.000302
FILLER_48_454,VGND,li1,215.0500,141.4400,0.000286
FILLER_48_442,VGND,li1,211.6000,141.4400,0.000272
FILLER_48_430,VGND,li1,203.5500,141.4400,0.000216
FILLER_48_424,VGND,li1,201.9400,141.4400,0.000216
FILLER_48_419,VGND,li1,198.4900,141.4400,0.000186
FILLER_48_415,VGND,li1,197.3400,141.4400,0.000186
FILLER_48_405,VGND,li1,192.7400,141.4400,0.000155
FILLER_48_400,VGND,li1,189.9800,141.4400,0.000139
FILLER_48_380,VGND,li1,180.5500,141.4400,0.000079
FILLER_48_356,VGND,li1,169.7400,141.4400,0.000068
FILLER_48_348,VGND,li1,166.5200,141.4400,0.000068
FILLER_48_336,VGND,li1,162.8400,141.4400,0.000069
FILLER_48_320,VGND,li1,152.9500,141.4400,0.000067
FILLER_48_316,VGND,li1,151.8000,141.4400,0.000067
FILLER_48_312,VGND,li1,149.2700,141.4400,0.000067
FILLER_48_307,VGND,li1,146.9700,141.4400,0.000066
FILLER_48_299,VGND,li1,144.9000,141.4400,0.000066
FILLER_48_291,VGND,li1,139.6100,141.4400,0.000064
FILLER_48_256,VGND,li1,123.5100,141.4400,0.000059
FILLER_48_248,VGND,li1,120.5200,141.4400,0.000058
FILLER_48_240,VGND,li1,116.3800,141.4400,0.000056
FILLER_48_229,VGND,li1,111.7800,141.4400,0.000054
FILLER_48_212,VGND,li1,104.8800,141.4400,0.000051
FILLER_48_205,VGND,li1,100.2800,141.4400,0.000049
FILLER_48_197,VGND,li1,97.9800,141.4400,0.000048
FILLER_48_195,VGND,li1,95.4500,141.4400,0.000047
FILLER_48_187,VGND,li1,93.3800,141.4400,0.000046
FILLER_48_163,VGND,li1,82.3400,141.4400,0.000041
FILLER_48_157,VGND,li1,77.9700,141.4400,0.000038
FILLER_48_153,VGND,li1,76.8200,141.4400,0.000038
FILLER_48_141,VGND,li1,73.1400,141.4400,0.000036
FILLER_48_139,VGND,li1,69.6900,141.4400,0.000035
FILLER_48_131,VGND,li1,66.0100,141.4400,0.000033
FILLER_48_123,VGND,li1,63.9400,141.4400,0.000032
FILLER_48_119,VGND,li1,60.4900,141.4400,0.000029
FILLER_48_107,VGND,li1,57.5000,141.4400,0.000027
FILLER_48_93,VGND,li1,48.5300,141.4400,0.000022
FILLER_48_85,VGND,li1,46.4600,141.4400,0.000021
FILLER_48_83,VGND,li1,43.9300,141.4400,0.000018
FILLER_48_77,VGND,li1,42.3200,141.4400,0.000018
FILLER_48_65,VGND,li1,38.1800,141.4400,0.000015
FILLER_48_53,VGND,li1,32.6600,141.4400,0.000011
FILLER_48_41,VGND,li1,27.1400,141.4400,0.000008
FILLER_48_29,VGND,li1,21.6200,141.4400,0.000007
FILLER_48_27,VGND,li1,18.1700,141.4400,0.000007
FILLER_48_15,VGND,li1,15.1800,141.4400,0.000007
FILLER_48_3,VGND,li1,9.6600,141.4400,0.000007
FILLER_47_697,VGND,li1,326.8300,141.4400,0.000663
FILLER_47_645,VGND,li1,303.1400,141.4400,0.000634
FILLER_47_626,VGND,li1,293.9400,141.4400,0.000609
FILLER_47_615,VGND,li1,288.6500,141.4400,0.000593
FILLER_47_611,VGND,li1,287.5000,141.4400,0.000593
FILLER_47_603,VGND,li1,283.1300,141.4400,0.000577
FILLER_47_590,VGND,li1,277.6100,141.4400,0.000562
FILLER_47_582,VGND,li1,273.4700,141.4400,0.000544
FILLER_47_573,VGND,li1,270.0200,141.4400,0.000536
FILLER_47_561,VGND,li1,266.3400,141.4400,0.000523
FILLER_47_557,VGND,li1,262.4300,141.4400,0.000504
FILLER_47_545,VGND,li1,258.9800,141.4400,0.000497
FILLER_47_535,VGND,li1,251.8500,141.4400,0.000464
FILLER_47_531,VGND,li1,250.7000,141.4400,0.000464
FILLER_47_523,VGND,li1,246.3300,141.4400,0.000448
FILLER_47_515,VGND,li1,244.2600,141.4400,0.000438
FILLER_47_505,VGND,li1,238.5100,141.4400,0.000415
FILLER_47_500,VGND,li1,236.4400,141.4400,0.000407
FILLER_47_488,VGND,li1,232.7600,141.4400,0.000384
FILLER_47_473,VGND,li1,224.9400,141.4400,0.000347
FILLER_47_461,VGND,li1,220.3400,141.4400,0.000324
FILLER_47_447,VGND,li1,211.3700,141.4400,0.000272
FILLER_47_443,VGND,li1,210.2200,141.4400,0.000256
FILLER_47_432,VGND,li1,204.4700,141.4400,0.000231
FILLER_47_421,VGND,li1,200.1000,141.4400,0.000202
FILLER_47_409,VGND,li1,196.4200,141.4400,0.000172
FILLER_47_401,VGND,li1,190.6700,141.4400,0.000139
FILLER_47_393,VGND,li1,188.1400,141.4400,0.000127
FILLER_47_389,VGND,li1,185.1500,141.4400,0.000108
FILLER_47_377,VGND,li1,181.7000,141.4400,0.000079
FILLER_47_365,VGND,li1,176.1800,141.4400,0.000067
FILLER_47_359,VGND,li1,171.3500,141.4400,0.000068
FILLER_47_344,VGND,li1,165.6000,141.4400,0.000068
FILLER_47_337,VGND,li1,160.7700,141.4400,0.000069
FILLER_47_334,VGND,li1,159.6200,141.4400,0.000069
FILLER_47_316,VGND,li1,151.3400,141.4400,0.000067
FILLER_47_304,VGND,li1,148.1200,141.4400,0.000066
FILLER_47_292,VGND,li1,142.6000,141.4400,0.000065
FILLER_47_281,VGND,li1,136.1600,141.4400,0.000063
FILLER_47_279,VGND,li1,134.0900,141.4400,0.000063
FILLER_47_267,VGND,li1,131.1000,141.4400,0.000061
FILLER_47_255,VGND,li1,125.5800,141.4400,0.000060
FILLER_47_250,VGND,li1,120.9800,141.4400,0.000058
FILLER_47_242,VGND,li1,118.6800,141.4400,0.000057
FILLER_47_229,VGND,li1,111.0900,141.4400,0.000054
FILLER_47_225,VGND,li1,109.9400,141.4400,0.000053
FILLER_47_223,VGND,li1,108.3300,141.4400,0.000053
FILLER_47_215,VGND,li1,106.2600,141.4400,0.000051
FILLER_47_199,VGND,li1,97.5200,141.4400,0.000048
FILLER_47_191,VGND,li1,95.2200,141.4400,0.000047
FILLER_47_177,VGND,li1,87.6300,141.4400,0.000043
FILLER_47_169,VGND,li1,85.1000,141.4400,0.000042
FILLER_47_167,VGND,li1,82.5700,141.4400,0.000041
FILLER_47_161,VGND,li1,80.9600,141.4400,0.000039
FILLER_47_149,VGND,li1,76.8200,141.4400,0.000038
FILLER_47_131,VGND,li1,66.0100,141.4400,0.000033
FILLER_47_123,VGND,li1,63.9400,141.4400,0.000032
FILLER_47_108,VGND,li1,56.1200,141.4400,0.000027
FILLER_47_93,VGND,li1,48.5300,141.4400,0.000022
FILLER_47_81,VGND,li1,45.5400,141.4400,0.000019
FILLER_47_69,VGND,li1,40.0200,141.4400,0.000016
FILLER_47_57,VGND,li1,34.5000,141.4400,0.000013
FILLER_47_55,VGND,li1,31.0500,141.4400,0.000011
FILLER_47_43,VGND,li1,28.0600,141.4400,0.000008
FILLER_47_31,VGND,li1,22.5400,141.4400,0.000007
FILLER_47_19,VGND,li1,17.0200,141.4400,0.000007
FILLER_47_7,VGND,li1,11.5000,141.4400,0.000007
FILLER_46_675,VGND,li1,316.9400,136.0000,0.000479
FILLER_46_645,VGND,li1,303.6000,136.0000,0.000468
FILLER_46_640,VGND,li1,300.8400,136.0000,0.000464
FILLER_46_625,VGND,li1,293.2500,136.0000,0.000453
FILLER_46_619,VGND,li1,291.6400,136.0000,0.000453
FILLER_46_611,VGND,li1,287.0400,136.0000,0.000445
FILLER_46_603,VGND,li1,284.7400,136.0000,0.000440
FILLER_46_597,VGND,li1,280.8300,136.0000,0.000434
FILLER_46_593,VGND,li1,278.5300,136.0000,0.000430
FILLER_46_589,VGND,li1,277.3800,136.0000,0.000425
FILLER_46_587,VGND,li1,275.7700,136.0000,0.000421
FILLER_46_581,VGND,li1,274.1600,136.0000,0.000421
FILLER_46_567,VGND,li1,267.2600,136.0000,0.000408
FILLER_46_559,VGND,li1,262.8900,136.0000,0.000399
FILLER_46_553,VGND,li1,261.2800,136.0000,0.000395
FILLER_46_546,VGND,li1,257.6000,136.0000,0.000388
FILLER_46_525,VGND,li1,247.2500,136.0000,0.000359
FILLER_46_519,VGND,li1,245.6400,136.0000,0.000359
FILLER_46_507,VGND,li1,241.5000,136.0000,0.000349
FILLER_46_495,VGND,li1,235.9800,136.0000,0.000331
FILLER_46_473,VGND,li1,223.7900,136.0000,0.000286
FILLER_46_465,VGND,li1,219.6500,136.0000,0.000266
FILLER_46_461,VGND,li1,218.5000,136.0000,0.000266
FILLER_46_449,VGND,li1,214.8200,136.0000,0.000243
FILLER_46_437,VGND,li1,209.3000,136.0000,0.000226
FILLER_46_421,VGND,li1,201.0200,136.0000,0.000183
FILLER_46_392,VGND,li1,187.2200,136.0000,0.000112
FILLER_46_380,VGND,li1,183.0800,136.0000,0.000099
FILLER_46_368,VGND,li1,177.5600,136.0000,0.000068
FILLER_46_363,VGND,li1,172.7300,136.0000,0.000077
FILLER_46_359,VGND,li1,171.5800,136.0000,0.000077
FILLER_46_347,VGND,li1,167.9000,136.0000,0.000083
FILLER_46_335,VGND,li1,162.3800,136.0000,0.000089
FILLER_46_327,VGND,li1,156.6300,136.0000,0.000098
FILLER_46_315,VGND,li1,153.1800,136.0000,0.000102
FILLER_46_289,VGND,li1,139.1500,136.0000,0.000115
FILLER_46_277,VGND,li1,135.7000,136.0000,0.000117
FILLER_46_259,VGND,li1,124.8900,136.0000,0.000121
FILLER_46_253,VGND,li1,123.2800,136.0000,0.000121
FILLER_46_249,VGND,li1,120.7500,136.0000,0.000121
FILLER_46_238,VGND,li1,115.4600,136.0000,0.000122
FILLER_46_230,VGND,li1,113.1600,136.0000,0.000122
FILLER_46_221,VGND,li1,107.4100,136.0000,0.000121
FILLER_46_217,VGND,li1,106.2600,136.0000,0.000121
FILLER_46_197,VGND,li1,97.5200,136.0000,0.000118
FILLER_46_193,VGND,li1,94.9900,136.0000,0.000116
FILLER_46_188,VGND,li1,92.4600,136.0000,0.000115
FILLER_46_171,VGND,li1,84.8700,136.0000,0.000109
FILLER_46_151,VGND,li1,76.3600,136.0000,0.000101
FILLER_46_145,VGND,li1,72.4500,136.0000,0.000097
FILLER_46_141,VGND,li1,71.3000,136.0000,0.000094
FILLER_46_139,VGND,li1,69.6900,136.0000,0.000094
FILLER_46_127,VGND,li1,66.7000,136.0000,0.000089
FILLER_46_108,VGND,li1,55.6600,136.0000,0.000075
FILLER_46_89,VGND,li1,46.6900,136.0000,0.000061
FILLER_46_85,VGND,li1,45.5400,136.0000,0.000057
FILLER_46_83,VGND,li1,43.9300,136.0000,0.000053
FILLER_46_77,VGND,li1,42.3200,136.0000,0.000053
FILLER_46_65,VGND,li1,38.1800,136.0000,0.000046
FILLER_46_53,VGND,li1,32.6600,136.0000,0.000036
FILLER_46_41,VGND,li1,27.1400,136.0000,0.000027
FILLER_46_29,VGND,li1,21.6200,136.0000,0.000026
FILLER_46_27,VGND,li1,18.1700,136.0000,0.000027
FILLER_46_19,VGND,li1,16.1000,136.0000,0.000029
FILLER_45_673,VGND,li1,315.7900,136.0000,0.000479
FILLER_45_661,VGND,li1,310.0400,136.0000,0.000475
FILLER_45_653,VGND,li1,307.7400,136.0000,0.000473
FILLER_45_641,VGND,li1,301.0700,136.0000,0.000466
FILLER_45_629,VGND,li1,297.6200,136.0000,0.000460
FILLER_45_617,VGND,li1,292.1000,136.0000,0.000453
FILLER_45_612,VGND,li1,287.9600,136.0000,0.000445
FILLER_45_600,VGND,li1,284.2800,136.0000,0.000440
FILLER_45_588,VGND,li1,278.7600,136.0000,0.000430
FILLER_45_576,VGND,li1,273.2400,136.0000,0.000417
FILLER_45_561,VGND,li1,266.3400,136.0000,0.000403
FILLER_45_554,VGND,li1,261.0500,136.0000,0.000395
FILLER_45_545,VGND,li1,256.6800,136.0000,0.000384
FILLER_45_537,VGND,li1,254.3800,136.0000,0.000379
FILLER_45_529,VGND,li1,249.3200,136.0000,0.000366
FILLER_45_521,VGND,li1,247.0200,136.0000,0.000359
FILLER_45_502,VGND,li1,236.9000,136.0000,0.000331
FILLER_45_471,VGND,li1,222.4100,136.0000,0.000275
FILLER_45_465,VGND,li1,220.8000,136.0000,0.000275
FILLER_45_453,VGND,li1,214.3600,136.0000,0.000243
FILLER_45_449,VGND,li1,212.2900,136.0000,0.000235
FILLER_45_447,VGND,li1,211.3700,136.0000,0.000235
FILLER_45_443,VGND,li1,210.2200,136.0000,0.000226
FILLER_45_431,VGND,li1,206.5400,136.0000,0.000214
FILLER_45_424,VGND,li1,200.7900,136.0000,0.000183
FILLER_45_420,VGND,li1,199.6400,136.0000,0.000183
FILLER_45_405,VGND,li1,192.5100,136.0000,0.000145
FILLER_45_393,VGND,li1,189.0600,136.0000,0.000131
FILLER_45_391,VGND,li1,185.6100,136.0000,0.000112
FILLER_45_377,VGND,li1,179.4000,136.0000,0.000080
FILLER_45_349,VGND,li1,167.4400,136.0000,0.000083
FILLER_45_337,VGND,li1,163.3000,136.0000,0.000089
FILLER_45_335,VGND,li1,159.8500,136.0000,0.000095
FILLER_45_329,VGND,li1,158.2400,136.0000,0.000095
FILLER_45_281,VGND,li1,136.1600,136.0000,0.000117
FILLER_45_268,VGND,li1,129.2600,136.0000,0.000120
FILLER_45_214,VGND,li1,104.4200,136.0000,0.000121
FILLER_45_178,VGND,li1,87.8600,136.0000,0.000111
FILLER_45_169,VGND,li1,84.1800,136.0000,0.000109
FILLER_45_165,VGND,li1,82.1100,136.0000,0.000107
FILLER_45_148,VGND,li1,74.0600,136.0000,0.000099
FILLER_45_139,VGND,li1,69.6900,136.0000,0.000094
FILLER_45_128,VGND,li1,65.0900,136.0000,0.000089
FILLER_45_116,VGND,li1,61.6400,136.0000,0.000082
FILLER_45_111,VGND,li1,56.8100,136.0000,0.000075
FILLER_45_107,VGND,li1,55.6600,136.0000,0.000075
FILLER_45_93,VGND,li1,48.7600,136.0000,0.000064
FILLER_45_81,VGND,li1,45.5400,136.0000,0.000057
FILLER_45_69,VGND,li1,40.0200,136.0000,0.000049
FILLER_45_57,VGND,li1,34.5000,136.0000,0.000039
FILLER_45_55,VGND,li1,31.0500,136.0000,0.000031
FILLER_45_51,VGND,li1,29.9000,136.0000,0.000031
FILLER_45_39,VGND,li1,26.2200,136.0000,0.000023
FILLER_45_27,VGND,li1,20.7000,136.0000,0.000026
FILLER_45_15,VGND,li1,15.1800,136.0000,0.000029
FILLER_45_3,VGND,li1,9.6600,136.0000,0.000032
FILLER_44_652,VGND,li1,305.6700,130.5600,0.000749
FILLER_44_648,VGND,li1,304.5200,130.5600,0.000749
FILLER_44_636,VGND,li1,298.3100,130.5600,0.000734
FILLER_44_630,VGND,li1,296.7000,130.5600,0.000728
FILLER_44_624,VGND,li1,293.2500,130.5600,0.000717
FILLER_44_616,VGND,li1,290.7200,130.5600,0.000708
FILLER_44_589,VGND,li1,277.1500,130.5600,0.000654
FILLER_44_582,VGND,li1,274.6200,130.5600,0.000645
FILLER_44_574,VGND,li1,269.7900,130.5600,0.000623
FILLER_44_561,VGND,li1,263.8100,130.5600,0.000592
FILLER_44_552,VGND,li1,259.9000,130.5600,0.000567
FILLER_44_541,VGND,li1,255.0700,130.5600,0.000544
FILLER_44_533,VGND,li1,252.5400,130.5600,0.000531
FILLER_44_526,VGND,li1,248.8600,130.5600,0.000519
FILLER_44_519,VGND,li1,245.1800,130.5600,0.000500
FILLER_44_501,VGND,li1,236.2100,130.5600,0.000448
FILLER_44_489,VGND,li1,233.2200,130.5600,0.000435
FILLER_44_477,VGND,li1,227.7000,130.5600,0.000403
FILLER_44_474,VGND,li1,224.0200,130.5600,0.000376
FILLER_44_463,VGND,li1,220.3400,130.5600,0.000361
FILLER_44_441,VGND,li1,208.6100,130.5600,0.000288
FILLER_44_416,VGND,li1,197.8000,130.5600,0.000221
FILLER_44_404,VGND,li1,194.1200,130.5600,0.000187
FILLER_44_392,VGND,li1,188.6000,130.5600,0.000151
FILLER_44_376,VGND,li1,178.7100,130.5600,0.000087
FILLER_44_372,VGND,li1,177.5600,130.5600,0.000087
FILLER_44_363,VGND,li1,172.7300,130.5600,0.000098
FILLER_44_330,VGND,li1,158.0100,130.5600,0.000127
FILLER_44_316,VGND,li1,151.1100,130.5600,0.000140
FILLER_44_305,VGND,li1,146.5100,130.5600,0.000148
FILLER_44_290,VGND,li1,139.1500,130.5600,0.000159
FILLER_44_282,VGND,li1,137.0800,130.5600,0.000161
FILLER_44_262,VGND,li1,126.5000,130.5600,0.000175
FILLER_44_249,VGND,li1,120.7500,130.5600,0.000180
FILLER_44_233,VGND,li1,113.1600,130.5600,0.000185
FILLER_44_222,VGND,li1,108.3300,130.5600,0.000185
FILLER_44_215,VGND,li1,104.6500,130.5600,0.000184
FILLER_44_211,VGND,li1,103.5000,130.5600,0.000184
FILLER_44_203,VGND,li1,99.1300,130.5600,0.000182
FILLER_44_197,VGND,li1,97.5200,130.5600,0.000180
FILLER_44_194,VGND,li1,95.2200,130.5600,0.000178
FILLER_44_182,VGND,li1,91.0800,130.5600,0.000174
FILLER_44_170,VGND,li1,86.4800,130.5600,0.000168
FILLER_44_164,VGND,li1,81.4200,130.5600,0.000162
FILLER_44_157,VGND,li1,77.9700,130.5600,0.000157
FILLER_44_153,VGND,li1,76.8200,130.5600,0.000157
FILLER_44_109,VGND,li1,55.8900,130.5600,0.000115
FILLER_44_97,VGND,li1,52.9000,130.5600,0.000108
FILLER_44_85,VGND,li1,47.3800,130.5600,0.000093
FILLER_44_83,VGND,li1,43.9300,130.5600,0.000079
FILLER_44_77,VGND,li1,42.3200,130.5600,0.000079
FILLER_44_65,VGND,li1,38.1800,130.5600,0.000067
FILLER_44_53,VGND,li1,32.6600,130.5600,0.000051
FILLER_44_41,VGND,li1,27.1400,130.5600,0.000035
FILLER_44_29,VGND,li1,21.6200,130.5600,0.000029
FILLER_44_27,VGND,li1,18.1700,130.5600,0.000029
FILLER_44_15,VGND,li1,15.1800,130.5600,0.000029
FILLER_44_3,VGND,li1,9.6600,130.5600,0.000029
FILLER_43_699,VGND,li1,327.2900,130.5600,0.000775
FILLER_43_689,VGND,li1,322.9200,130.5600,0.000775
FILLER_43_657,VGND,li1,308.6600,130.5600,0.000757
FILLER_43_640,VGND,li1,300.1500,130.5600,0.000739
FILLER_43_617,VGND,li1,289.5700,130.5600,0.000698
FILLER_43_614,VGND,li1,288.4200,130.5600,0.000698
FILLER_43_595,VGND,li1,281.9800,130.5600,0.000676
FILLER_43_589,VGND,li1,276.6900,130.5600,0.000654
FILLER_43_576,VGND,li1,271.1700,130.5600,0.000623
FILLER_43_551,VGND,li1,259.4400,130.5600,0.000567
FILLER_43_538,VGND,li1,253.6900,130.5600,0.000544
FILLER_43_530,VGND,li1,251.1600,130.5600,0.000531
FILLER_43_505,VGND,li1,238.0500,130.5600,0.000460
FILLER_43_496,VGND,li1,235.5200,130.5600,0.000448
FILLER_43_484,VGND,li1,230.9200,130.5600,0.000422
FILLER_43_475,VGND,li1,224.2500,130.5600,0.000376
FILLER_43_445,VGND,li1,210.9100,130.5600,0.000304
FILLER_43_435,VGND,li1,206.0800,130.5600,0.000274
FILLER_43_413,VGND,li1,198.2600,130.5600,0.000221
FILLER_43_401,VGND,li1,192.7400,130.5600,0.000187
FILLER_43_397,VGND,li1,188.3700,130.5600,0.000151
FILLER_43_393,VGND,li1,187.2200,130.5600,0.000151
FILLER_43_390,VGND,li1,185.3800,130.5600,0.000137
FILLER_43_378,VGND,li1,182.1600,130.5600,0.000107
FILLER_43_366,VGND,li1,176.6400,130.5600,0.000093
FILLER_43_337,VGND,li1,161.2300,130.5600,0.000122
FILLER_43_333,VGND,li1,159.3900,130.5600,0.000127
FILLER_43_322,VGND,li1,153.8700,130.5600,0.000135
FILLER_43_307,VGND,li1,146.9700,130.5600,0.000148
FILLER_43_303,VGND,li1,145.8200,130.5600,0.000148
FILLER_43_281,VGND,li1,135.2400,130.5600,0.000164
FILLER_43_279,VGND,li1,134.0900,130.5600,0.000167
FILLER_43_269,VGND,li1,129.4900,130.5600,0.000172
FILLER_43_261,VGND,li1,127.4200,130.5600,0.000175
FILLER_43_239,VGND,li1,115.6900,130.5600,0.000184
FILLER_43_233,VGND,li1,113.3900,130.5600,0.000185
FILLER_43_225,VGND,li1,110.8600,130.5600,0.000185
FILLER_43_223,VGND,li1,108.3300,130.5600,0.000185
FILLER_43_214,VGND,li1,104.4200,130.5600,0.000184
FILLER_43_201,VGND,li1,98.9000,130.5600,0.000182
FILLER_43_176,VGND,li1,86.7100,130.5600,0.000168
FILLER_43_169,VGND,li1,83.7200,130.5600,0.000165
FILLER_43_167,VGND,li1,82.5700,130.5600,0.000165
FILLER_43_158,VGND,li1,78.6600,130.5600,0.000159
FILLER_43_150,VGND,li1,76.3600,130.5600,0.000154
FILLER_43_122,VGND,li1,62.3300,130.5600,0.000131
FILLER_43_106,VGND,li1,55.6600,130.5600,0.000115
FILLER_43_85,VGND,li1,44.8500,130.5600,0.000085
FILLER_43_81,VGND,li1,43.7000,130.5600,0.000079
FILLER_43_69,VGND,li1,40.0200,130.5600,0.000072
FILLER_43_57,VGND,li1,34.5000,130.5600,0.000056
FILLER_43_55,VGND,li1,31.0500,130.5600,0.000043
FILLER_43_51,VGND,li1,29.9000,130.5600,0.000043
FILLER_43_39,VGND,li1,26.2200,130.5600,0.000029
FILLER_43_27,VGND,li1,20.7000,130.5600,0.000029
FILLER_43_15,VGND,li1,15.1800,130.5600,0.000029
FILLER_43_3,VGND,li1,9.6600,130.5600,0.000029
FILLER_42_682,VGND,li1,319.7000,125.1200,0.000947
FILLER_42_661,VGND,li1,310.9600,125.1200,0.000913
FILLER_42_641,VGND,li1,301.0700,125.1200,0.000876
FILLER_42_635,VGND,li1,297.8500,125.1200,0.000856
FILLER_42_613,VGND,li1,288.8800,125.1200,0.000817
FILLER_42_601,VGND,li1,284.7400,125.1200,0.000796
FILLER_42_589,VGND,li1,279.2200,125.1200,0.000766
FILLER_42_584,VGND,li1,275.0800,125.1200,0.000740
FILLER_42_575,VGND,li1,271.4000,125.1200,0.000730
FILLER_42_568,VGND,li1,267.2600,125.1200,0.000709
FILLER_42_550,VGND,li1,259.4400,125.1200,0.000666
FILLER_42_539,VGND,li1,255.3000,125.1200,0.000646
FILLER_42_514,VGND,li1,242.4200,125.1200,0.000577
FILLER_42_466,VGND,li1,220.1100,125.1200,0.000438
FILLER_42_425,VGND,li1,201.2500,125.1200,0.000288
FILLER_42_421,VGND,li1,200.1000,125.1200,0.000271
FILLER_42_419,VGND,li1,198.4900,125.1200,0.000271
FILLER_42_411,VGND,li1,196.4200,125.1200,0.000252
FILLER_42_394,VGND,li1,187.2200,125.1200,0.000170
FILLER_42_381,VGND,li1,181.0100,125.1200,0.000115
FILLER_42_375,VGND,li1,179.4000,125.1200,0.000115
FILLER_42_371,VGND,li1,176.4100,125.1200,0.000100
FILLER_42_365,VGND,li1,174.8000,125.1200,0.000103
FILLER_42_356,VGND,li1,171.1200,125.1200,0.000106
FILLER_42_338,VGND,li1,162.8400,125.1200,0.000117
FILLER_42_326,VGND,li1,158.2400,125.1200,0.000123
FILLER_42_317,VGND,li1,151.5700,125.1200,0.000132
FILLER_42_309,VGND,li1,149.5000,125.1200,0.000134
FILLER_42_306,VGND,li1,146.7400,125.1200,0.000138
FILLER_42_297,VGND,li1,142.3700,125.1200,0.000144
FILLER_42_287,VGND,li1,137.7700,125.1200,0.000148
FILLER_42_283,VGND,li1,136.6200,125.1200,0.000148
FILLER_42_265,VGND,li1,127.8800,125.1200,0.000153
FILLER_42_253,VGND,li1,124.6600,125.1200,0.000154
FILLER_42_240,VGND,li1,118.6800,125.1200,0.000156
FILLER_42_221,VGND,li1,107.6400,125.1200,0.000156
FILLER_42_161,VGND,li1,79.8100,125.1200,0.000136
FILLER_42_141,VGND,li1,71.3000,125.1200,0.000125
FILLER_42_136,VGND,li1,69.0000,125.1200,0.000121
FILLER_42_100,VGND,li1,52.2100,125.1200,0.000090
FILLER_42_85,VGND,li1,45.0800,125.1200,0.000072
FILLER_42_83,VGND,li1,43.9300,125.1200,0.000067
FILLER_42_77,VGND,li1,42.3200,125.1200,0.000067
FILLER_42_65,VGND,li1,38.1800,125.1200,0.000057
FILLER_42_53,VGND,li1,32.6600,125.1200,0.000043
FILLER_42_41,VGND,li1,27.1400,125.1200,0.000030
FILLER_42_29,VGND,li1,21.6200,125.1200,0.000025
FILLER_42_27,VGND,li1,18.1700,125.1200,0.000025
FILLER_42_15,VGND,li1,15.1800,125.1200,0.000025
FILLER_42_3,VGND,li1,9.6600,125.1200,0.000025
FILLER_41_689,VGND,li1,322.6900,125.1200,0.000949
FILLER_41_673,VGND,li1,315.7900,125.1200,0.000937
FILLER_41_666,VGND,li1,312.1100,125.1200,0.000925
FILLER_41_660,VGND,li1,309.3500,125.1200,0.000913
FILLER_41_648,VGND,li1,306.3600,125.1200,0.000898
FILLER_41_641,VGND,li1,301.3000,125.1200,0.000876
FILLER_41_629,VGND,li1,297.6200,125.1200,0.000856
FILLER_41_617,VGND,li1,292.1000,125.1200,0.000832
FILLER_41_615,VGND,li1,288.6500,125.1200,0.000807
FILLER_41_609,VGND,li1,287.0400,125.1200,0.000807
FILLER_41_597,VGND,li1,282.9000,125.1200,0.000787
FILLER_41_593,VGND,li1,278.5300,125.1200,0.000766
FILLER_41_587,VGND,li1,276.9200,125.1200,0.000754
FILLER_41_575,VGND,li1,272.7800,125.1200,0.000730
FILLER_41_545,VGND,li1,257.1400,125.1200,0.000657
FILLER_41_528,VGND,li1,248.8600,125.1200,0.000612
FILLER_41_480,VGND,li1,226.7800,125.1200,0.000483
FILLER_41_457,VGND,li1,217.5800,125.1200,0.000420
FILLER_41_430,VGND,li1,204.0100,125.1200,0.000315
FILLER_41_418,VGND,li1,200.5600,125.1200,0.000288
FILLER_41_409,VGND,li1,194.1200,125.1200,0.000226
FILLER_41_391,VGND,li1,185.6100,125.1200,0.000153
FILLER_41_387,VGND,li1,184.4600,125.1200,0.000153
FILLER_41_360,VGND,li1,172.5000,125.1200,0.000106
FILLER_41_337,VGND,li1,161.2300,125.1200,0.000120
FILLER_41_327,VGND,li1,156.1700,125.1200,0.000126
FILLER_41_312,VGND,li1,149.7300,125.1200,0.000134
FILLER_41_304,VGND,li1,147.2000,125.1200,0.000138
FILLER_41_289,VGND,li1,139.1500,125.1200,0.000146
FILLER_41_281,VGND,li1,136.6200,125.1200,0.000148
FILLER_41_274,VGND,li1,132.9400,125.1200,0.000150
FILLER_41_257,VGND,li1,123.9700,125.1200,0.000154
FILLER_41_251,VGND,li1,122.3600,125.1200,0.000155
FILLER_41_236,VGND,li1,114.3100,125.1200,0.000158
FILLER_41_230,VGND,li1,112.7000,125.1200,0.000158
FILLER_41_225,VGND,li1,109.4800,125.1200,0.000157
FILLER_41_222,VGND,li1,108.1000,125.1200,0.000156
FILLER_41_203,VGND,li1,99.1300,125.1200,0.000152
FILLER_41_191,VGND,li1,96.1400,125.1200,0.000151
FILLER_41_181,VGND,li1,89.2400,125.1200,0.000146
FILLER_41_169,VGND,li1,86.0200,125.1200,0.000142
FILLER_41_165,VGND,li1,82.1100,125.1200,0.000139
FILLER_41_135,VGND,li1,68.5400,125.1200,0.000121
FILLER_41_113,VGND,li1,58.8800,125.1200,0.000101
FILLER_41_93,VGND,li1,48.5300,125.1200,0.000078
FILLER_41_87,VGND,li1,46.9200,125.1200,0.000078
FILLER_41_81,VGND,li1,43.2400,125.1200,0.000067
FILLER_41_69,VGND,li1,40.0200,125.1200,0.000061
FILLER_41_57,VGND,li1,34.5000,125.1200,0.000048
FILLER_41_55,VGND,li1,31.0500,125.1200,0.000036
FILLER_41_51,VGND,li1,29.9000,125.1200,0.000036
FILLER_41_39,VGND,li1,26.2200,125.1200,0.000025
FILLER_41_27,VGND,li1,20.7000,125.1200,0.000025
FILLER_41_15,VGND,li1,15.1800,125.1200,0.000025
FILLER_41_3,VGND,li1,9.6600,125.1200,0.000025
FILLER_40_681,VGND,li1,319.4700,119.6800,0.000847
FILLER_40_661,VGND,li1,310.5000,119.6800,0.000834
FILLER_40_624,VGND,li1,293.4800,119.6800,0.000786
FILLER_40_615,VGND,li1,289.1100,119.6800,0.000768
FILLER_40_606,VGND,li1,284.7400,119.6800,0.000750
FILLER_40_583,VGND,li1,273.9300,119.6800,0.000698
FILLER_40_570,VGND,li1,269.1000,119.6800,0.000673
FILLER_40_549,VGND,li1,258.5200,119.6800,0.000614
FILLER_40_537,VGND,li1,255.3000,119.6800,0.000599
FILLER_40_533,VGND,li1,250.9300,119.6800,0.000570
FILLER_40_531,VGND,li1,250.0100,119.6800,0.000570
FILLER_40_526,VGND,li1,247.9400,119.6800,0.000558
FILLER_40_518,VGND,li1,245.6400,119.6800,0.000546
FILLER_40_499,VGND,li1,235.2900,119.6800,0.000478
FILLER_40_487,VGND,li1,232.3000,119.6800,0.000466
FILLER_40_473,VGND,li1,223.7900,119.6800,0.000417
FILLER_40_464,VGND,li1,219.4200,119.6800,0.000379
FILLER_40_447,VGND,li1,211.3700,119.6800,0.000332
FILLER_40_429,VGND,li1,203.3200,119.6800,0.000274
FILLER_40_421,VGND,li1,201.0200,119.6800,0.000254
FILLER_40_417,VGND,li1,198.0300,119.6800,0.000235
FILLER_40_409,VGND,li1,194.3500,119.6800,0.000208
FILLER_40_395,VGND,li1,187.6800,119.6800,0.000158
FILLER_40_387,VGND,li1,185.3800,119.6800,0.000138
FILLER_40_375,VGND,li1,180.7800,119.6800,0.000107
FILLER_40_365,VGND,li1,174.3400,119.6800,0.000099
FILLER_40_362,VGND,li1,172.5000,119.6800,0.000102
FILLER_40_350,VGND,li1,169.2800,119.6800,0.000106
FILLER_40_342,VGND,li1,163.0700,119.6800,0.000117
FILLER_40_326,VGND,li1,156.8600,119.6800,0.000124
FILLER_40_309,VGND,li1,148.3500,119.6800,0.000134
FILLER_40_289,VGND,li1,139.1500,119.6800,0.000144
FILLER_40_281,VGND,li1,136.6200,119.6800,0.000147
FILLER_40_269,VGND,li1,129.9500,119.6800,0.000155
FILLER_40_253,VGND,li1,122.5900,119.6800,0.000160
FILLER_40_250,VGND,li1,120.9800,119.6800,0.000160
FILLER_40_241,VGND,li1,116.6100,119.6800,0.000163
FILLER_40_237,VGND,li1,115.4600,119.6800,0.000163
FILLER_40_222,VGND,li1,108.1000,119.6800,0.000167
FILLER_40_210,VGND,li1,104.8800,119.6800,0.000167
FILLER_40_192,VGND,li1,94.7600,119.6800,0.000167
FILLER_40_179,VGND,li1,88.5500,119.6800,0.000166
FILLER_40_172,VGND,li1,85.1000,119.6800,0.000165
FILLER_40_141,VGND,li1,71.0700,119.6800,0.000153
FILLER_40_115,VGND,li1,59.1100,119.6800,0.000134
FILLER_40_100,VGND,li1,51.9800,119.6800,0.000117
FILLER_40_91,VGND,li1,47.6100,119.6800,0.000106
FILLER_40_73,VGND,li1,39.3300,119.6800,0.000083
FILLER_40_61,VGND,li1,36.3400,119.6800,0.000074
FILLER_40_49,VGND,li1,30.8200,119.6800,0.000055
FILLER_40_37,VGND,li1,25.3000,119.6800,0.000038
FILLER_40_20,VGND,li1,16.5600,119.6800,0.000043
FILLER_40_11,VGND,li1,11.0400,119.6800,0.000045
FILLER_40_3,VGND,li1,8.7400,119.6800,0.000045
FILLER_39_699,VGND,li1,327.2900,119.6800,0.000849
FILLER_39_689,VGND,li1,322.9200,119.6800,0.000849
FILLER_39_669,VGND,li1,313.9500,119.6800,0.000841
FILLER_39_635,VGND,li1,298.0800,119.6800,0.000800
FILLER_39_624,VGND,li1,294.4000,119.6800,0.000786
FILLER_39_613,VGND,li1,288.1900,119.6800,0.000758
FILLER_39_608,VGND,li1,285.4300,119.6800,0.000750
FILLER_39_601,VGND,li1,282.2100,119.6800,0.000738
FILLER_39_594,VGND,li1,278.9900,119.6800,0.000719
FILLER_39_588,VGND,li1,277.3800,119.6800,0.000709
FILLER_39_576,VGND,li1,273.2400,119.6800,0.000688
FILLER_39_564,VGND,li1,267.7200,119.6800,0.000659
FILLER_39_559,VGND,li1,262.8900,119.6800,0.000640
FILLER_39_551,VGND,li1,260.8200,119.6800,0.000629
FILLER_39_546,VGND,li1,256.9100,119.6800,0.000599
FILLER_39_542,VGND,li1,255.7600,119.6800,0.000599
FILLER_39_528,VGND,li1,248.8600,119.6800,0.000558
FILLER_39_514,VGND,li1,243.3400,119.6800,0.000530
FILLER_39_496,VGND,li1,233.9100,119.6800,0.000478
FILLER_39_488,VGND,li1,231.8400,119.6800,0.000466
FILLER_39_453,VGND,li1,214.1300,119.6800,0.000351
FILLER_39_449,VGND,li1,212.9800,119.6800,0.000332
FILLER_39_430,VGND,li1,204.2400,119.6800,0.000274
FILLER_39_418,VGND,li1,200.5600,119.6800,0.000254
FILLER_39_401,VGND,li1,190.2100,119.6800,0.000174
FILLER_39_393,VGND,li1,188.1400,119.6800,0.000158
FILLER_39_381,VGND,li1,181.4700,119.6800,0.000107
FILLER_39_373,VGND,li1,178.9400,119.6800,0.000091
FILLER_39_366,VGND,li1,174.8000,119.6800,0.000099
FILLER_39_332,VGND,li1,159.1600,119.6800,0.000121
FILLER_39_293,VGND,li1,141.6800,119.6800,0.000141
FILLER_39_281,VGND,li1,137.5400,119.6800,0.000147
FILLER_39_278,VGND,li1,133.8600,119.6800,0.000150
FILLER_39_262,VGND,li1,126.5000,119.6800,0.000157
FILLER_39_250,VGND,li1,123.2800,119.6800,0.000159
FILLER_39_223,VGND,li1,108.3300,119.6800,0.000167
FILLER_39_215,VGND,li1,104.8800,119.6800,0.000167
FILLER_39_211,VGND,li1,102.8100,119.6800,0.000167
FILLER_39_204,VGND,li1,100.2800,119.6800,0.000168
FILLER_39_169,VGND,li1,84.1800,119.6800,0.000164
FILLER_39_113,VGND,li1,57.7300,119.6800,0.000130
FILLER_39_99,VGND,li1,51.9800,119.6800,0.000117
FILLER_39_90,VGND,li1,47.6100,119.6800,0.000106
FILLER_39_69,VGND,li1,37.7200,119.6800,0.000074
FILLER_39_57,VGND,li1,34.5000,119.6800,0.000068
FILLER_39_52,VGND,li1,30.3600,119.6800,0.000055
FILLER_39_40,VGND,li1,26.6800,119.6800,0.000038
FILLER_39_28,VGND,li1,21.1600,119.6800,0.000040
FILLER_39_11,VGND,li1,10.8100,119.6800,0.000045
FILLER_39_3,VGND,li1,8.7400,119.6800,0.000045
FILLER_38_678,VGND,li1,317.8600,114.2400,0.000428
FILLER_38_661,VGND,li1,309.8100,114.2400,0.000422
FILLER_38_657,VGND,li1,308.6600,114.2400,0.000422
FILLER_38_645,VGND,li1,304.9800,114.2400,0.000417
FILLER_38_643,VGND,li1,301.5300,114.2400,0.000411
FILLER_38_637,VGND,li1,299.9200,114.2400,0.000411
FILLER_38_625,VGND,li1,295.7800,114.2400,0.000405
FILLER_38_613,VGND,li1,290.2600,114.2400,0.000399
FILLER_38_601,VGND,li1,284.7400,114.2400,0.000389
FILLER_38_589,VGND,li1,279.2200,114.2400,0.000382
FILLER_38_585,VGND,li1,275.3100,114.2400,0.000376
FILLER_38_577,VGND,li1,272.7800,114.2400,0.000373
FILLER_38_557,VGND,li1,262.4300,114.2400,0.000356
FILLER_38_531,VGND,li1,250.0100,114.2400,0.000327
FILLER_38_511,VGND,li1,241.5000,114.2400,0.000300
FILLER_38_489,VGND,li1,231.1500,114.2400,0.000272
FILLER_38_456,VGND,li1,216.2000,114.2400,0.000215
FILLER_38_434,VGND,li1,206.5400,114.2400,0.000181
FILLER_38_417,VGND,li1,198.0300,114.2400,0.000139
FILLER_38_407,VGND,li1,193.2000,114.2400,0.000119
FILLER_38_394,VGND,li1,187.2200,114.2400,0.000099
FILLER_38_378,VGND,li1,179.8600,114.2400,0.000065
FILLER_38_363,VGND,li1,172.7300,114.2400,0.000064
FILLER_38_359,VGND,li1,171.5800,114.2400,0.000064
FILLER_38_347,VGND,li1,167.9000,114.2400,0.000070
FILLER_38_342,VGND,li1,163.0700,114.2400,0.000075
FILLER_38_338,VGND,li1,161.9200,114.2400,0.000075
FILLER_38_321,VGND,li1,154.5600,114.2400,0.000083
FILLER_38_309,VGND,li1,150.4200,114.2400,0.000085
FILLER_38_306,VGND,li1,146.7400,114.2400,0.000088
FILLER_38_287,VGND,li1,139.3800,114.2400,0.000094
FILLER_38_263,VGND,li1,127.4200,114.2400,0.000099
FILLER_38_251,VGND,li1,121.2100,114.2400,0.000101
FILLER_38_242,VGND,li1,117.3000,114.2400,0.000102
FILLER_38_234,VGND,li1,115.0000,114.2400,0.000103
FILLER_38_169,VGND,li1,84.6400,114.2400,0.000099
FILLER_38_157,VGND,li1,80.5000,114.2400,0.000098
FILLER_38_107,VGND,li1,55.6600,114.2400,0.000075
FILLER_38_101,VGND,li1,52.2100,114.2400,0.000071
FILLER_38_97,VGND,li1,51.0600,114.2400,0.000068
FILLER_38_85,VGND,li1,47.3800,114.2400,0.000064
FILLER_38_80,VGND,li1,43.2400,114.2400,0.000059
FILLER_38_57,VGND,li1,31.9700,114.2400,0.000040
FILLER_38_53,VGND,li1,30.8200,114.2400,0.000037
FILLER_38_41,VGND,li1,27.1400,114.2400,0.000031
FILLER_38_29,VGND,li1,21.6200,114.2400,0.000025
FILLER_38_24,VGND,li1,17.4800,114.2400,0.000025
FILLER_38_15,VGND,li1,12.6500,114.2400,0.000025
FILLER_38_3,VGND,li1,9.6600,114.2400,0.000025
FILLER_37_694,VGND,li1,325.2200,114.2400,0.000432
FILLER_37_684,VGND,li1,320.3900,114.2400,0.000430
FILLER_37_673,VGND,li1,315.7900,114.2400,0.000426
FILLER_37_654,VGND,li1,306.8200,114.2400,0.000419
FILLER_37_650,VGND,li1,304.7500,114.2400,0.000417
FILLER_37_636,VGND,li1,298.3100,114.2400,0.000408
FILLER_37_630,VGND,li1,296.7000,114.2400,0.000408
FILLER_37_617,VGND,li1,290.0300,114.2400,0.000397
FILLER_37_614,VGND,li1,288.4200,114.2400,0.000397
FILLER_37_606,VGND,li1,286.1200,114.2400,0.000393
FILLER_37_595,VGND,li1,279.4500,114.2400,0.000382
FILLER_37_591,VGND,li1,278.3000,114.2400,0.000382
FILLER_37_579,VGND,li1,274.6200,114.2400,0.000376
FILLER_37_569,VGND,li1,267.9500,114.2400,0.000365
FILLER_37_561,VGND,li1,265.4200,114.2400,0.000360
FILLER_37_548,VGND,li1,260.3600,114.2400,0.000351
FILLER_37_536,VGND,li1,254.8400,114.2400,0.000340
FILLER_37_524,VGND,li1,249.3200,114.2400,0.000327
FILLER_37_488,VGND,li1,230.6900,114.2400,0.000266
FILLER_37_475,VGND,li1,224.4800,114.2400,0.000250
FILLER_37_464,VGND,li1,219.1900,114.2400,0.000228
FILLER_37_460,VGND,li1,218.0400,114.2400,0.000228
FILLER_37_449,VGND,li1,212.2900,114.2400,0.000202
FILLER_37_442,VGND,li1,209.5300,114.2400,0.000194
FILLER_37_434,VGND,li1,207.0000,114.2400,0.000181
FILLER_37_422,VGND,li1,202.4000,114.2400,0.000157
FILLER_37_410,VGND,li1,194.3500,114.2400,0.000130
FILLER_37_397,VGND,li1,188.3700,114.2400,0.000099
FILLER_37_393,VGND,li1,187.2200,114.2400,0.000099
FILLER_37_382,VGND,li1,181.4700,114.2400,0.000065
FILLER_37_370,VGND,li1,178.4800,114.2400,0.000057
FILLER_37_359,VGND,li1,172.0400,114.2400,0.000064
FILLER_37_332,VGND,li1,159.1600,114.2400,0.000077
FILLER_37_324,VGND,li1,155.0200,114.2400,0.000081
FILLER_37_314,VGND,li1,150.6500,114.2400,0.000085
FILLER_37_293,VGND,li1,140.5300,114.2400,0.000092
FILLER_37_281,VGND,li1,135.4700,114.2400,0.000095
FILLER_37_276,VGND,li1,133.4000,114.2400,0.000096
FILLER_37_265,VGND,li1,128.3400,114.2400,0.000099
FILLER_37_253,VGND,li1,124.6600,114.2400,0.000100
FILLER_37_245,VGND,li1,118.9100,114.2400,0.000102
FILLER_37_237,VGND,li1,116.3800,114.2400,0.000103
FILLER_37_225,VGND,li1,111.7800,114.2400,0.000103
FILLER_37_223,VGND,li1,108.3300,114.2400,0.000104
FILLER_37_219,VGND,li1,107.1800,114.2400,0.000104
FILLER_37_199,VGND,li1,99.8200,114.2400,0.000104
FILLER_37_188,VGND,li1,92.2300,114.2400,0.000104
FILLER_37_169,VGND,li1,84.6400,114.2400,0.000099
FILLER_37_162,VGND,li1,81.4200,114.2400,0.000098
FILLER_37_134,VGND,li1,69.0000,114.2400,0.000090
FILLER_37_117,VGND,li1,59.5700,114.2400,0.000081
FILLER_37_113,VGND,li1,58.4200,114.2400,0.000077
FILLER_37_111,VGND,li1,56.8100,114.2400,0.000077
FILLER_37_103,VGND,li1,54.7400,114.2400,0.000075
FILLER_37_69,VGND,li1,40.0200,114.2400,0.000052
FILLER_37_57,VGND,li1,34.5000,114.2400,0.000044
FILLER_37_48,VGND,li1,28.2900,114.2400,0.000031
FILLER_37_28,VGND,li1,18.6300,114.2400,0.000025
FILLER_37_24,VGND,li1,17.4800,114.2400,0.000025
FILLER_37_15,VGND,li1,13.8000,114.2400,0.000025
FILLER_37_3,VGND,li1,9.6600,114.2400,0.000025
FILLER_36_680,VGND,li1,319.2400,108.8000,0.001481
FILLER_36_625,VGND,li1,293.2500,108.8000,0.001444
FILLER_36_612,VGND,li1,287.2700,108.8000,0.001427
FILLER_36_608,VGND,li1,286.1200,108.8000,0.001427
FILLER_36_600,VGND,li1,281.7500,108.8000,0.001416
FILLER_36_587,VGND,li1,275.7700,108.8000,0.001398
FILLER_36_580,VGND,li1,272.5500,108.8000,0.001388
FILLER_36_568,VGND,li1,269.5600,108.8000,0.001373
FILLER_36_558,VGND,li1,262.8900,108.8000,0.001314
FILLER_36_546,VGND,li1,259.4400,108.8000,0.001286
FILLER_36_540,VGND,li1,254.1500,108.8000,0.001233
FILLER_36_536,VGND,li1,253.0000,108.8000,0.001207
FILLER_36_530,VGND,li1,249.7800,108.8000,0.001189
FILLER_36_475,VGND,li1,224.2500,108.8000,0.000844
FILLER_36_467,VGND,li1,222.1800,108.8000,0.000815
FILLER_36_452,VGND,li1,213.6700,108.8000,0.000692
FILLER_36_434,VGND,li1,205.6200,108.8000,0.000573
FILLER_36_421,VGND,li1,200.5600,108.8000,0.000472
FILLER_36_416,VGND,li1,197.8000,108.8000,0.000430
FILLER_36_404,VGND,li1,194.1200,108.8000,0.000378
FILLER_36_392,VGND,li1,188.6000,108.8000,0.000312
FILLER_36_365,VGND,li1,174.8000,108.8000,0.000170
FILLER_36_363,VGND,li1,172.7300,108.8000,0.000172
FILLER_36_351,VGND,li1,169.7400,108.8000,0.000175
FILLER_36_344,VGND,li1,164.4500,108.8000,0.000179
FILLER_36_336,VGND,li1,161.9200,108.8000,0.000182
FILLER_36_309,VGND,li1,150.4200,108.8000,0.000193
FILLER_36_307,VGND,li1,146.9700,108.8000,0.000195
FILLER_36_301,VGND,li1,145.3600,108.8000,0.000197
FILLER_36_290,VGND,li1,140.3000,108.8000,0.000200
FILLER_36_266,VGND,li1,128.1100,108.8000,0.000207
FILLER_36_250,VGND,li1,120.9800,108.8000,0.000210
FILLER_36_232,VGND,li1,112.4700,108.8000,0.000210
FILLER_36_214,VGND,li1,104.1900,108.8000,0.000210
FILLER_36_197,VGND,li1,97.9800,108.8000,0.000208
FILLER_36_193,VGND,li1,94.9900,108.8000,0.000206
FILLER_36_184,VGND,li1,90.3900,108.8000,0.000203
FILLER_36_159,VGND,li1,78.8900,108.8000,0.000193
FILLER_36_141,VGND,li1,71.3000,108.8000,0.000181
FILLER_36_132,VGND,li1,68.0800,108.8000,0.000177
FILLER_36_120,VGND,li1,63.4800,108.8000,0.000168
FILLER_36_99,VGND,li1,51.5200,108.8000,0.000140
FILLER_36_89,VGND,li1,46.6900,108.8000,0.000124
FILLER_36_85,VGND,li1,45.5400,108.8000,0.000124
FILLER_36_82,VGND,li1,43.7000,108.8000,0.000119
FILLER_36_74,VGND,li1,41.4000,108.8000,0.000113
FILLER_36_27,VGND,li1,18.1700,108.8000,0.000083
FILLER_35_677,VGND,li1,317.1700,108.8000,0.001479
FILLER_35_673,VGND,li1,316.0200,108.8000,0.001479
FILLER_35_669,VGND,li1,313.9500,108.8000,0.001478
FILLER_35_661,VGND,li1,311.4200,108.8000,0.001475
FILLER_35_643,VGND,li1,301.7600,108.8000,0.001462
FILLER_35_634,VGND,li1,297.6200,108.8000,0.001454
FILLER_35_626,VGND,li1,295.3200,108.8000,0.001449
FILLER_35_621,VGND,li1,291.4100,108.8000,0.001440
FILLER_35_617,VGND,li1,290.2600,108.8000,0.001435
FILLER_35_610,VGND,li1,287.5000,108.8000,0.001427
FILLER_35_592,VGND,li1,280.6000,108.8000,0.001411
FILLER_35_534,VGND,li1,251.6200,108.8000,0.001207
FILLER_35_487,VGND,li1,230.4600,108.8000,0.000932
FILLER_35_440,VGND,li1,209.7600,108.8000,0.000611
FILLER_35_427,VGND,li1,202.1700,108.8000,0.000503
FILLER_35_423,VGND,li1,201.0200,108.8000,0.000503
FILLER_35_410,VGND,li1,194.3500,108.8000,0.000378
FILLER_35_404,VGND,li1,192.7400,108.8000,0.000378
FILLER_35_393,VGND,li1,186.5300,108.8000,0.000277
FILLER_35_391,VGND,li1,185.6100,108.8000,0.000245
FILLER_35_385,VGND,li1,184.0000,108.8000,0.000245
FILLER_35_373,VGND,li1,179.8600,108.8000,0.000165
FILLER_35_358,VGND,li1,171.5800,108.8000,0.000172
FILLER_35_337,VGND,li1,162.3800,108.8000,0.000182
FILLER_35_333,VGND,li1,159.3900,108.8000,0.000184
FILLER_35_325,VGND,li1,156.8600,108.8000,0.000187
FILLER_35_310,VGND,li1,149.9600,108.8000,0.000193
FILLER_35_299,VGND,li1,143.2900,108.8000,0.000198
FILLER_35_293,VGND,li1,141.6800,108.8000,0.000200
FILLER_35_281,VGND,li1,137.5400,108.8000,0.000202
FILLER_35_279,VGND,li1,134.0900,108.8000,0.000204
FILLER_35_273,VGND,li1,132.4800,108.8000,0.000205
FILLER_35_261,VGND,li1,128.3400,108.8000,0.000207
FILLER_35_249,VGND,li1,122.8200,108.8000,0.000209
FILLER_35_233,VGND,li1,113.1600,108.8000,0.000210
FILLER_35_225,VGND,li1,110.8600,108.8000,0.000210
FILLER_35_223,VGND,li1,108.3300,108.8000,0.000210
FILLER_35_219,VGND,li1,107.1800,108.8000,0.000210
FILLER_35_188,VGND,li1,92.9200,108.8000,0.000205
FILLER_35_169,VGND,li1,83.4900,108.8000,0.000198
FILLER_35_144,VGND,li1,71.9900,108.8000,0.000184
FILLER_35_111,VGND,li1,56.8100,108.8000,0.000149
FILLER_35_105,VGND,li1,55.2000,108.8000,0.000149
FILLER_35_94,VGND,li1,49.2200,108.8000,0.000133
FILLER_35_83,VGND,li1,44.3900,108.8000,0.000119
FILLER_35_53,VGND,li1,30.5900,108.8000,0.000084
FILLER_35_46,VGND,li1,27.3700,108.8000,0.000075
FILLER_35_21,VGND,li1,15.6400,108.8000,0.000085
FILLER_35_16,VGND,li1,13.3400,108.8000,0.000087
FILLER_35_7,VGND,li1,8.9700,108.8000,0.000089
FILLER_35_3,VGND,li1,7.8200,108.8000,0.000089
FILLER_34_678,VGND,li1,317.8600,103.3600,0.001190
FILLER_34_665,VGND,li1,312.1100,103.3600,0.001158
FILLER_34_643,VGND,li1,301.5300,103.3600,0.001106
FILLER_34_622,VGND,li1,294.4000,103.3600,0.001063
FILLER_34_610,VGND,li1,288.8800,103.3600,0.001038
FILLER_34_598,VGND,li1,283.3600,103.3600,0.001003
FILLER_34_589,VGND,li1,277.8400,103.3600,0.000969
FILLER_34_586,VGND,li1,275.5400,103.3600,0.000955
FILLER_34_575,VGND,li1,270.9400,103.3600,0.000926
FILLER_34_566,VGND,li1,266.3400,103.3600,0.000894
FILLER_34_549,VGND,li1,258.5200,103.3600,0.000833
FILLER_34_533,VGND,li1,250.9300,103.3600,0.000775
FILLER_34_492,VGND,li1,232.0700,103.3600,0.000620
FILLER_34_484,VGND,li1,230.0000,103.3600,0.000601
FILLER_34_473,VGND,li1,223.7900,103.3600,0.000545
FILLER_34_465,VGND,li1,221.2600,103.3600,0.000516
FILLER_34_458,VGND,li1,216.4300,103.3600,0.000468
FILLER_34_454,VGND,li1,215.2800,103.3600,0.000468
FILLER_34_439,VGND,li1,207.6900,103.3600,0.000386
FILLER_34_435,VGND,li1,206.5400,103.3600,0.000386
FILLER_34_407,VGND,li1,194.1200,103.3600,0.000269
FILLER_34_387,VGND,li1,183.7700,103.3600,0.000171
FILLER_34_379,VGND,li1,181.7000,103.3600,0.000152
FILLER_34_370,VGND,li1,177.1000,103.3600,0.000108
FILLER_34_356,VGND,li1,170.2000,103.3600,0.000117
FILLER_34_342,VGND,li1,163.0700,103.3600,0.000126
FILLER_34_330,VGND,li1,160.0800,103.3600,0.000128
FILLER_34_321,VGND,li1,153.8700,103.3600,0.000136
FILLER_34_309,VGND,li1,150.4200,103.3600,0.000139
FILLER_34_302,VGND,li1,145.8200,103.3600,0.000143
FILLER_34_269,VGND,li1,129.4900,103.3600,0.000151
FILLER_34_261,VGND,li1,127.4200,103.3600,0.000151
FILLER_34_253,VGND,li1,122.1300,103.3600,0.000150
FILLER_34_245,VGND,li1,118.4500,103.3600,0.000149
FILLER_34_237,VGND,li1,116.3800,103.3600,0.000148
FILLER_34_216,VGND,li1,105.8000,103.3600,0.000143
FILLER_34_197,VGND,li1,97.0600,103.3600,0.000137
FILLER_34_178,VGND,li1,87.6300,103.3600,0.000131
FILLER_34_145,VGND,li1,72.4500,103.3600,0.000112
FILLER_34_141,VGND,li1,71.3000,103.3600,0.000112
FILLER_34_132,VGND,li1,66.7000,103.3600,0.000106
FILLER_34_120,VGND,li1,63.4800,103.3600,0.000102
FILLER_34_112,VGND,li1,57.5000,103.3600,0.000093
FILLER_34_101,VGND,li1,52.6700,103.3600,0.000086
FILLER_34_92,VGND,li1,48.3000,103.3600,0.000079
FILLER_34_85,VGND,li1,44.8500,103.3600,0.000073
FILLER_34_83,VGND,li1,43.9300,103.3600,0.000069
FILLER_34_75,VGND,li1,40.9400,103.3600,0.000063
FILLER_34_60,VGND,li1,35.8800,103.3600,0.000054
FILLER_34_50,VGND,li1,28.7500,103.3600,0.000043
FILLER_34_25,VGND,li1,17.7100,103.3600,0.000038
FILLER_34_13,VGND,li1,14.2600,103.3600,0.000040
FILLER_34_7,VGND,li1,8.9700,103.3600,0.000043
FILLER_34_3,VGND,li1,7.8200,103.3600,0.000043
FILLER_33_645,VGND,li1,302.9100,103.3600,0.001116
FILLER_33_626,VGND,li1,293.9400,103.3600,0.001063
FILLER_33_614,VGND,li1,288.4200,103.3600,0.001038
FILLER_33_606,VGND,li1,284.5100,103.3600,0.001015
FILLER_33_598,VGND,li1,280.8300,103.3600,0.000984
FILLER_33_585,VGND,li1,275.3100,103.3600,0.000955
FILLER_33_573,VGND,li1,271.8600,103.3600,0.000926
FILLER_33_561,VGND,li1,266.3400,103.3600,0.000894
FILLER_33_554,VGND,li1,261.7400,103.3600,0.000851
FILLER_33_539,VGND,li1,255.3000,103.3600,0.000800
FILLER_33_527,VGND,li1,250.7000,103.3600,0.000775
FILLER_33_515,VGND,li1,243.3400,103.3600,0.000717
FILLER_33_463,VGND,li1,219.1900,103.3600,0.000493
FILLER_33_455,VGND,li1,216.6600,103.3600,0.000468
FILLER_33_445,VGND,li1,210.9100,103.3600,0.000427
FILLER_33_433,VGND,li1,207.4600,103.3600,0.000386
FILLER_33_425,VGND,li1,201.2500,103.3600,0.000332
FILLER_33_419,VGND,li1,199.6400,103.3600,0.000315
FILLER_33_410,VGND,li1,194.8100,103.3600,0.000269
FILLER_33_398,VGND,li1,191.3600,103.3600,0.000243
FILLER_33_393,VGND,li1,186.5300,103.3600,0.000189
FILLER_33_380,VGND,li1,183.0800,103.3600,0.000152
FILLER_33_364,VGND,li1,173.6500,103.3600,0.000114
FILLER_33_356,VGND,li1,171.1200,103.3600,0.000117
FILLER_33_345,VGND,li1,164.6800,103.3600,0.000123
FILLER_33_337,VGND,li1,162.3800,103.3600,0.000126
FILLER_33_312,VGND,li1,149.9600,103.3600,0.000139
FILLER_33_286,VGND,li1,137.3100,103.3600,0.000150
FILLER_33_278,VGND,li1,133.8600,103.3600,0.000151
FILLER_33_258,VGND,li1,124.6600,103.3600,0.000150
FILLER_33_237,VGND,li1,115.0000,103.3600,0.000148
FILLER_33_200,VGND,li1,97.7500,103.3600,0.000137
FILLER_33_178,VGND,li1,87.6300,103.3600,0.000131
FILLER_33_166,VGND,li1,82.3400,103.3600,0.000126
FILLER_33_158,VGND,li1,80.0400,103.3600,0.000123
FILLER_33_142,VGND,li1,71.0700,103.3600,0.000112
FILLER_33_136,VGND,li1,69.4600,103.3600,0.000109
FILLER_33_109,VGND,li1,56.3500,103.3600,0.000090
FILLER_33_93,VGND,li1,48.9900,103.3600,0.000079
FILLER_33_81,VGND,li1,45.5400,103.3600,0.000073
FILLER_33_69,VGND,li1,40.0200,103.3600,0.000063
FILLER_33_57,VGND,li1,34.5000,103.3600,0.000054
FILLER_33_48,VGND,li1,29.4400,103.3600,0.000043
FILLER_33_41,VGND,li1,25.0700,103.3600,0.000033
FILLER_33_31,VGND,li1,21.1600,103.3600,0.000036
FILLER_33_19,VGND,li1,17.0200,103.3600,0.000038
FILLER_32_663,VGND,li1,311.8800,97.9200,0.000559
FILLER_32_657,VGND,li1,307.9700,97.9200,0.000554
FILLER_32_645,VGND,li1,304.9800,97.9200,0.000548
FILLER_32_642,VGND,li1,301.3000,97.9200,0.000543
FILLER_32_633,VGND,li1,296.9300,97.9200,0.000535
FILLER_32_625,VGND,li1,294.8600,97.9200,0.000531
FILLER_32_617,VGND,li1,289.5700,97.9200,0.000516
FILLER_32_613,VGND,li1,288.4200,97.9200,0.000516
FILLER_32_601,VGND,li1,284.7400,97.9200,0.000508
FILLER_32_596,VGND,li1,279.9100,97.9200,0.000495
FILLER_32_592,VGND,li1,278.7600,97.9200,0.000495
FILLER_32_587,VGND,li1,275.7700,97.9200,0.000484
FILLER_32_581,VGND,li1,274.1600,97.9200,0.000484
FILLER_32_569,VGND,li1,270.0200,97.9200,0.000470
FILLER_32_561,VGND,li1,264.0400,97.9200,0.000453
FILLER_32_553,VGND,li1,261.7400,97.9200,0.000447
FILLER_32_545,VGND,li1,257.1400,97.9200,0.000434
FILLER_32_533,VGND,li1,253.4600,97.9200,0.000426
FILLER_32_515,VGND,li1,242.6500,97.9200,0.000388
FILLER_32_499,VGND,li1,235.2900,97.9200,0.000358
FILLER_32_473,VGND,li1,223.7900,97.9200,0.000309
FILLER_32_465,VGND,li1,221.2600,97.9200,0.000297
FILLER_32_448,VGND,li1,211.8300,97.9200,0.000254
FILLER_32_442,VGND,li1,210.2200,97.9200,0.000242
FILLER_32_433,VGND,li1,205.3900,97.9200,0.000222
FILLER_32_419,VGND,li1,198.4900,97.9200,0.000186
FILLER_32_413,VGND,li1,196.8800,97.9200,0.000174
FILLER_32_401,VGND,li1,192.7400,97.9200,0.000158
FILLER_32_396,VGND,li1,188.1400,97.9200,0.000135
FILLER_32_384,VGND,li1,184.9200,97.9200,0.000114
FILLER_32_372,VGND,li1,179.4000,97.9200,0.000087
FILLER_32_365,VGND,li1,174.3400,97.9200,0.000104
FILLER_32_360,VGND,li1,172.0400,97.9200,0.000112
FILLER_32_340,VGND,li1,162.1500,97.9200,0.000144
FILLER_32_334,VGND,li1,160.5400,97.9200,0.000152
FILLER_32_321,VGND,li1,154.5600,97.9200,0.000168
FILLER_32_309,VGND,li1,150.4200,97.9200,0.000181
FILLER_32_307,VGND,li1,146.9700,97.9200,0.000192
FILLER_32_299,VGND,li1,144.9000,97.9200,0.000198
FILLER_32_288,VGND,li1,138.2300,97.9200,0.000218
FILLER_32_282,VGND,li1,136.6200,97.9200,0.000218
FILLER_32_269,VGND,li1,129.7200,97.9200,0.000229
FILLER_32_260,VGND,li1,126.0400,97.9200,0.000227
FILLER_32_253,VGND,li1,122.5900,97.9200,0.000225
FILLER_32_243,VGND,li1,117.7600,97.9200,0.000221
FILLER_32_218,VGND,li1,106.2600,97.9200,0.000212
FILLER_32_210,VGND,li1,103.9600,97.9200,0.000210
FILLER_32_193,VGND,li1,94.9900,97.9200,0.000199
FILLER_32_161,VGND,li1,80.2700,97.9200,0.000175
FILLER_32_153,VGND,li1,76.3600,97.9200,0.000165
FILLER_32_141,VGND,li1,73.1400,97.9200,0.000161
FILLER_32_139,VGND,li1,69.6900,97.9200,0.000153
FILLER_32_127,VGND,li1,66.7000,97.9200,0.000147
FILLER_32_120,VGND,li1,61.4100,97.9200,0.000138
FILLER_32_112,VGND,li1,57.2700,97.9200,0.000127
FILLER_32_108,VGND,li1,56.1200,97.9200,0.000127
FILLER_32_101,VGND,li1,52.6700,97.9200,0.000118
FILLER_32_89,VGND,li1,49.2200,97.9200,0.000110
FILLER_32_63,VGND,li1,34.9600,97.9200,0.000073
FILLER_32_41,VGND,li1,24.6100,97.9200,0.000040
FILLER_32_29,VGND,li1,21.6200,97.9200,0.000042
FILLER_32_3,VGND,li1,8.2800,97.9200,0.000047
FILLER_31_699,VGND,li1,327.2900,97.9200,0.000570
FILLER_31_689,VGND,li1,322.9200,97.9200,0.000570
FILLER_31_670,VGND,li1,314.1800,97.9200,0.000563
FILLER_31_661,VGND,li1,309.8100,97.9200,0.000556
FILLER_31_655,VGND,li1,308.2000,97.9200,0.000554
FILLER_31_648,VGND,li1,304.2900,97.9200,0.000548
FILLER_31_617,VGND,li1,292.1000,97.9200,0.000524
FILLER_31_612,VGND,li1,287.9600,97.9200,0.000516
FILLER_31_600,VGND,li1,284.2800,97.9200,0.000508
FILLER_31_588,VGND,li1,278.7600,97.9200,0.000495
FILLER_31_558,VGND,li1,262.6600,97.9200,0.000453
FILLER_31_543,VGND,li1,255.9900,97.9200,0.000434
FILLER_31_487,VGND,li1,230.4600,97.9200,0.000338
FILLER_31_469,VGND,li1,222.1800,97.9200,0.000297
FILLER_31_457,VGND,li1,218.5000,97.9200,0.000281
FILLER_31_449,VGND,li1,212.2900,97.9200,0.000254
FILLER_31_428,VGND,li1,203.0900,97.9200,0.000211
FILLER_31_420,VGND,li1,200.5600,97.9200,0.000198
FILLER_31_408,VGND,li1,193.6600,97.9200,0.000158
FILLER_31_397,VGND,li1,188.3700,97.9200,0.000135
FILLER_31_393,VGND,li1,187.2200,97.9200,0.000125
FILLER_31_384,VGND,li1,184.0000,97.9200,0.000114
FILLER_31_373,VGND,li1,177.3300,97.9200,0.000097
FILLER_31_363,VGND,li1,172.7300,97.9200,0.000112
FILLER_31_359,VGND,li1,171.5800,97.9200,0.000112
FILLER_31_337,VGND,li1,162.3800,97.9200,0.000144
FILLER_31_334,VGND,li1,159.6200,97.9200,0.000152
FILLER_31_330,VGND,li1,157.5500,97.9200,0.000159
FILLER_31_318,VGND,li1,154.5600,97.9200,0.000168
FILLER_31_296,VGND,li1,143.0600,97.9200,0.000204
FILLER_31_284,VGND,li1,138.9200,97.9200,0.000213
FILLER_31_268,VGND,li1,129.0300,97.9200,0.000229
FILLER_31_256,VGND,li1,126.0400,97.9200,0.000227
FILLER_31_244,VGND,li1,120.5200,97.9200,0.000224
FILLER_31_232,VGND,li1,115.0000,97.9200,0.000220
FILLER_31_225,VGND,li1,109.2500,97.9200,0.000214
FILLER_31_212,VGND,li1,105.8000,97.9200,0.000212
FILLER_31_199,VGND,li1,98.4400,97.9200,0.000204
FILLER_31_182,VGND,li1,90.1600,97.9200,0.000192
FILLER_31_162,VGND,li1,80.5000,97.9200,0.000175
FILLER_31_136,VGND,li1,68.5400,97.9200,0.000153
FILLER_31_130,VGND,li1,65.5500,97.9200,0.000147
FILLER_31_125,VGND,li1,63.2500,97.9200,0.000142
FILLER_31_113,VGND,li1,60.2600,97.9200,0.000134
FILLER_31_104,VGND,li1,55.2000,97.9200,0.000123
FILLER_31_83,VGND,li1,44.3900,97.9200,0.000099
FILLER_31_71,VGND,li1,38.4100,97.9200,0.000084
FILLER_31_67,VGND,li1,37.2600,97.9200,0.000078
FILLER_31_57,VGND,li1,32.4300,97.9200,0.000066
FILLER_31_53,VGND,li1,30.5900,97.9200,0.000061
FILLER_31_46,VGND,li1,26.9100,97.9200,0.000046
FILLER_31_33,VGND,li1,20.9300,97.9200,0.000042
FILLER_31_27,VGND,li1,19.3200,97.9200,0.000043
FILLER_31_3,VGND,li1,7.5900,97.9200,0.000047
FILLER_30_673,VGND,li1,315.3300,92.4800,0.000667
FILLER_30_661,VGND,li1,312.3400,92.4800,0.000664
FILLER_30_642,VGND,li1,301.3000,92.4800,0.000648
FILLER_30_623,VGND,li1,293.9400,92.4800,0.000631
FILLER_30_611,VGND,li1,289.3400,92.4800,0.000617
FILLER_30_596,VGND,li1,281.5200,92.4800,0.000595
FILLER_30_580,VGND,li1,274.1600,92.4800,0.000571
FILLER_30_568,VGND,li1,269.5600,92.4800,0.000555
FILLER_30_561,VGND,li1,263.8100,92.4800,0.000535
FILLER_30_555,VGND,li1,262.2000,92.4800,0.000528
FILLER_30_542,VGND,li1,256.6800,92.4800,0.000509
FILLER_30_530,VGND,li1,249.7800,92.4800,0.000486
FILLER_30_515,VGND,li1,242.6500,92.4800,0.000459
FILLER_30_500,VGND,li1,236.4400,92.4800,0.000435
FILLER_30_474,VGND,li1,224.0200,92.4800,0.000380
FILLER_30_459,VGND,li1,216.8900,92.4800,0.000347
FILLER_30_447,VGND,li1,213.9000,92.4800,0.000333
FILLER_30_433,VGND,li1,206.0800,92.4800,0.000294
FILLER_30_421,VGND,li1,201.9400,92.4800,0.000270
FILLER_30_408,VGND,li1,195.9600,92.4800,0.000241
FILLER_30_385,VGND,li1,184.0000,92.4800,0.000179
FILLER_30_373,VGND,li1,179.8600,92.4800,0.000157
FILLER_30_365,VGND,li1,174.1100,92.4800,0.000189
FILLER_30_355,VGND,li1,169.7400,92.4800,0.000229
FILLER_30_343,VGND,li1,166.0600,92.4800,0.000254
FILLER_30_317,VGND,li1,151.8000,92.4800,0.000373
FILLER_30_303,VGND,li1,145.3600,92.4800,0.000431
FILLER_30_280,VGND,li1,134.5500,92.4800,0.000504
FILLER_30_246,VGND,li1,120.0600,92.4800,0.000590
FILLER_30_209,VGND,li1,101.8900,92.4800,0.000596
FILLER_30_201,VGND,li1,98.2100,92.4800,0.000585
FILLER_30_188,VGND,li1,93.8400,92.4800,0.000570
FILLER_30_177,VGND,li1,87.8600,92.4800,0.000548
FILLER_30_159,VGND,li1,78.8900,92.4800,0.000506
FILLER_30_152,VGND,li1,76.1300,92.4800,0.000496
FILLER_30_145,VGND,li1,72.4500,92.4800,0.000474
FILLER_30_139,VGND,li1,69.6900,92.4800,0.000454
FILLER_30_135,VGND,li1,68.5400,92.4800,0.000454
FILLER_30_104,VGND,li1,54.0500,92.4800,0.000340
FILLER_30_93,VGND,li1,48.5300,92.4800,0.000294
FILLER_30_85,VGND,li1,46.4600,92.4800,0.000277
FILLER_30_83,VGND,li1,43.9300,92.4800,0.000250
FILLER_30_77,VGND,li1,42.3200,92.4800,0.000230
FILLER_30_65,VGND,li1,38.1800,92.4800,0.000207
FILLER_30_58,VGND,li1,32.4300,92.4800,0.000156
FILLER_30_54,VGND,li1,31.2800,92.4800,0.000136
FILLER_30_23,VGND,li1,16.5600,92.4800,0.000101
FILLER_30_11,VGND,li1,13.3400,92.4800,0.000103
FILLER_29_699,VGND,li1,327.2900,92.4800,0.000674
FILLER_29_689,VGND,li1,322.9200,92.4800,0.000674
FILLER_29_671,VGND,li1,314.4100,92.4800,0.000667
FILLER_29_656,VGND,li1,307.7400,92.4800,0.000659
FILLER_29_644,VGND,li1,302.6800,92.4800,0.000648
FILLER_29_639,VGND,li1,299.9200,92.4800,0.000643
FILLER_29_630,VGND,li1,295.7800,92.4800,0.000636
FILLER_29_614,VGND,li1,288.4200,92.4800,0.000617
FILLER_29_606,VGND,li1,284.5100,92.4800,0.000602
FILLER_29_593,VGND,li1,278.9900,92.4800,0.000585
FILLER_29_585,VGND,li1,276.4600,92.4800,0.000579
FILLER_29_573,VGND,li1,271.8600,92.4800,0.000563
FILLER_29_561,VGND,li1,266.3400,92.4800,0.000544
FILLER_29_559,VGND,li1,262.8900,92.4800,0.000528
FILLER_29_555,VGND,li1,261.7400,92.4800,0.000528
FILLER_29_539,VGND,li1,256.2200,92.4800,0.000509
FILLER_29_517,VGND,li1,243.8000,92.4800,0.000459
FILLER_29_501,VGND,li1,236.6700,92.4800,0.000435
FILLER_29_470,VGND,li1,221.9500,92.4800,0.000365
FILLER_29_466,VGND,li1,220.8000,92.4800,0.000365
FILLER_29_452,VGND,li1,215.2800,92.4800,0.000333
FILLER_29_446,VGND,li1,211.1400,92.4800,0.000319
FILLER_29_430,VGND,li1,204.0100,92.4800,0.000283
FILLER_29_422,VGND,li1,201.4800,92.4800,0.000270
FILLER_29_413,VGND,li1,195.9600,92.4800,0.000241
FILLER_29_405,VGND,li1,193.6600,92.4800,0.000222
FILLER_29_393,VGND,li1,189.0600,92.4800,0.000205
FILLER_29_390,VGND,li1,185.3800,92.4800,0.000179
FILLER_29_378,VGND,li1,182.1600,92.4800,0.000169
FILLER_29_368,VGND,li1,175.4900,92.4800,0.000168
FILLER_29_362,VGND,li1,172.2700,92.4800,0.000208
FILLER_29_357,VGND,li1,169.9700,92.4800,0.000229
FILLER_29_332,VGND,li1,158.4700,92.4800,0.000332
FILLER_29_326,VGND,li1,156.8600,92.4800,0.000332
FILLER_29_317,VGND,li1,152.7200,92.4800,0.000373
FILLER_29_289,VGND,li1,138.6900,92.4800,0.000472
FILLER_29_281,VGND,li1,136.6200,92.4800,0.000486
FILLER_29_279,VGND,li1,134.0900,92.4800,0.000504
FILLER_29_265,VGND,li1,128.8000,92.4800,0.000538
FILLER_29_261,VGND,li1,125.8100,92.4800,0.000566
FILLER_29_255,VGND,li1,124.2000,92.4800,0.000566
FILLER_29_225,VGND,li1,109.7100,92.4800,0.000612
FILLER_29_223,VGND,li1,108.3300,92.4800,0.000612
FILLER_29_219,VGND,li1,107.1800,92.4800,0.000606
FILLER_29_201,VGND,li1,99.8200,92.4800,0.000585
FILLER_29_174,VGND,li1,86.2500,92.4800,0.000535
FILLER_29_169,VGND,li1,83.4900,92.4800,0.000523
FILLER_29_152,VGND,li1,78.2000,92.4800,0.000506
FILLER_29_123,VGND,li1,62.5600,92.4800,0.000400
FILLER_29_113,VGND,li1,57.9600,92.4800,0.000372
FILLER_29_111,VGND,li1,56.8100,92.4800,0.000355
FILLER_29_105,VGND,li1,55.2000,92.4800,0.000340
FILLER_29_92,VGND,li1,49.6800,92.4800,0.000294
FILLER_29_85,VGND,li1,44.8500,92.4800,0.000250
FILLER_29_79,VGND,li1,43.2400,92.4800,0.000250
FILLER_29_69,VGND,li1,37.4900,92.4800,0.000187
FILLER_29_63,VGND,li1,35.8800,92.4800,0.000187
FILLER_29_57,VGND,li1,32.2000,92.4800,0.000156
FILLER_29_55,VGND,li1,31.0500,92.4800,0.000136
FILLER_29_27,VGND,li1,18.4000,92.4800,0.000100
FILLER_29_19,VGND,li1,16.1000,92.4800,0.000101
FILLER_28_683,VGND,li1,319.9300,87.0400,0.000675
FILLER_28_677,VGND,li1,318.3200,87.0400,0.000675
FILLER_28_664,VGND,li1,311.1900,87.0400,0.000666
FILLER_28_632,VGND,li1,299.0000,87.0400,0.000648
FILLER_28_613,VGND,li1,290.2600,87.0400,0.000632
FILLER_28_601,VGND,li1,284.7400,87.0400,0.000619
FILLER_28_595,VGND,li1,279.9100,87.0400,0.000610
FILLER_28_582,VGND,li1,274.6200,87.0400,0.000597
FILLER_28_565,VGND,li1,265.6500,87.0400,0.000568
FILLER_28_554,VGND,li1,260.8200,87.0400,0.000557
FILLER_28_519,VGND,li1,244.4900,87.0400,0.000496
FILLER_28_501,VGND,li1,236.6700,87.0400,0.000462
FILLER_28_491,VGND,li1,231.6100,87.0400,0.000439
FILLER_28_475,VGND,li1,224.2500,87.0400,0.000397
FILLER_28_471,VGND,li1,223.1000,87.0400,0.000397
FILLER_28_461,VGND,li1,218.9600,87.0400,0.000376
FILLER_28_445,VGND,li1,210.9100,87.0400,0.000330
FILLER_28_434,VGND,li1,205.8500,87.0400,0.000302
FILLER_28_426,VGND,li1,203.3200,87.0400,0.000287
FILLER_28_419,VGND,li1,198.4900,87.0400,0.000252
FILLER_28_415,VGND,li1,197.3400,87.0400,0.000252
FILLER_28_407,VGND,li1,192.9700,87.0400,0.000226
FILLER_28_401,VGND,li1,191.3600,87.0400,0.000215
FILLER_28_389,VGND,li1,185.8400,87.0400,0.000175
FILLER_28_377,VGND,li1,181.7000,87.0400,0.000159
FILLER_28_369,VGND,li1,175.4900,87.0400,0.000151
FILLER_28_365,VGND,li1,174.3400,87.0400,0.000163
FILLER_28_363,VGND,li1,172.7300,87.0400,0.000163
FILLER_28_351,VGND,li1,169.7400,87.0400,0.000183
FILLER_28_341,VGND,li1,162.8400,87.0400,0.000232
FILLER_28_333,VGND,li1,159.6200,87.0400,0.000239
FILLER_28_321,VGND,li1,154.1000,87.0400,0.000258
FILLER_28_309,VGND,li1,150.4200,87.0400,0.000268
FILLER_28_307,VGND,li1,146.9700,87.0400,0.000272
FILLER_28_303,VGND,li1,145.8200,87.0400,0.000276
FILLER_28_289,VGND,li1,138.9200,87.0400,0.000291
FILLER_28_277,VGND,li1,135.7000,87.0400,0.000296
FILLER_28_265,VGND,li1,130.1800,87.0400,0.000308
FILLER_28_253,VGND,li1,124.6600,87.0400,0.000318
FILLER_28_244,VGND,li1,119.6000,87.0400,0.000326
FILLER_28_233,VGND,li1,114.5400,87.0400,0.000333
FILLER_28_222,VGND,li1,109.4800,87.0400,0.000340
FILLER_28_210,VGND,li1,104.8800,87.0400,0.000348
FILLER_28_205,VGND,li1,100.2800,87.0400,0.000353
FILLER_28_197,VGND,li1,97.9800,87.0400,0.000356
FILLER_28_195,VGND,li1,95.4500,87.0400,0.000358
FILLER_28_156,VGND,li1,77.5100,87.0400,0.000335
FILLER_28_136,VGND,li1,68.3100,87.0400,0.000300
FILLER_28_131,VGND,li1,66.2400,87.0400,0.000292
FILLER_28_119,VGND,li1,63.0200,87.0400,0.000278
FILLER_28_112,VGND,li1,57.2700,87.0400,0.000250
FILLER_28_104,VGND,li1,55.2000,87.0400,0.000240
FILLER_28_85,VGND,li1,44.8500,87.0400,0.000177
FILLER_28_57,VGND,li1,32.2000,87.0400,0.000111
FILLER_28_50,VGND,li1,28.7500,87.0400,0.000089
FILLER_28_42,VGND,li1,26.6800,87.0400,0.000068
FILLER_28_29,VGND,li1,20.7000,87.0400,0.000071
FILLER_28_27,VGND,li1,18.1700,87.0400,0.000073
FILLER_28_3,VGND,li1,7.1300,87.0400,0.000075
FILLER_27_673,VGND,li1,315.5600,87.0400,0.000671
FILLER_27_671,VGND,li1,314.4100,87.0400,0.000669
FILLER_27_663,VGND,li1,311.1900,87.0400,0.000666
FILLER_27_646,VGND,li1,302.9100,87.0400,0.000653
FILLER_27_642,VGND,li1,301.7600,87.0400,0.000653
FILLER_27_630,VGND,li1,298.0800,87.0400,0.000648
FILLER_27_608,VGND,li1,287.0400,87.0400,0.000627
FILLER_27_600,VGND,li1,281.7500,87.0400,0.000615
FILLER_27_589,VGND,li1,277.8400,87.0400,0.000605
FILLER_27_581,VGND,li1,273.0100,87.0400,0.000592
FILLER_27_575,VGND,li1,271.4000,87.0400,0.000585
FILLER_27_558,VGND,li1,262.6600,87.0400,0.000563
FILLER_27_548,VGND,li1,257.8300,87.0400,0.000548
FILLER_27_505,VGND,li1,238.2800,87.0400,0.000462
FILLER_27_501,VGND,li1,236.6700,87.0400,0.000462
FILLER_27_494,VGND,li1,232.9900,87.0400,0.000439
FILLER_27_482,VGND,li1,230.0000,87.0400,0.000430
FILLER_27_467,VGND,li1,221.0300,87.0400,0.000386
FILLER_27_461,VGND,li1,217.8100,87.0400,0.000364
FILLER_27_449,VGND,li1,212.9800,87.0400,0.000343
FILLER_27_444,VGND,li1,210.6800,87.0400,0.000330
FILLER_27_428,VGND,li1,203.7800,87.0400,0.000287
FILLER_27_416,VGND,li1,199.6400,87.0400,0.000266
FILLER_27_407,VGND,li1,194.1200,87.0400,0.000226
FILLER_27_385,VGND,li1,182.8500,87.0400,0.000159
FILLER_27_348,VGND,li1,166.0600,87.0400,0.000210
FILLER_27_309,VGND,li1,147.8900,87.0400,0.000272
FILLER_27_303,VGND,li1,145.1300,87.0400,0.000276
FILLER_27_292,VGND,li1,140.7600,87.0400,0.000286
FILLER_27_262,VGND,li1,127.4200,87.0400,0.000311
FILLER_27_240,VGND,li1,116.6100,87.0400,0.000329
FILLER_27_232,VGND,li1,112.4700,87.0400,0.000337
FILLER_27_217,VGND,li1,105.5700,87.0400,0.000348
FILLER_27_211,VGND,li1,103.9600,87.0400,0.000348
FILLER_27_191,VGND,li1,93.6100,87.0400,0.000359
FILLER_27_169,VGND,li1,83.4900,87.0400,0.000351
FILLER_27_164,VGND,li1,81.1900,87.0400,0.000347
FILLER_27_160,VGND,li1,79.3500,87.0400,0.000341
FILLER_27_156,VGND,li1,78.2000,87.0400,0.000335
FILLER_27_139,VGND,li1,69.6900,87.0400,0.000300
FILLER_27_133,VGND,li1,68.0800,87.0400,0.000300
FILLER_27_113,VGND,li1,57.7300,87.0400,0.000250
FILLER_27_110,VGND,li1,56.5800,87.0400,0.000240
FILLER_27_103,VGND,li1,53.1300,87.0400,0.000229
FILLER_27_87,VGND,li1,46.2300,87.0400,0.000190
FILLER_27_79,VGND,li1,43.7000,87.0400,0.000177
FILLER_27_74,VGND,li1,39.7900,87.0400,0.000147
FILLER_27_64,VGND,li1,35.8800,87.0400,0.000133
FILLER_27_54,VGND,li1,30.8200,87.0400,0.000100
FILLER_27_38,VGND,li1,23.2300,87.0400,0.000069
FILLER_27_26,VGND,li1,20.2400,87.0400,0.000071
FILLER_27_3,VGND,li1,7.3600,87.0400,0.000075
FILLER_26_681,VGND,li1,319.4700,81.6000,0.001083
FILLER_26_672,VGND,li1,314.8700,81.6000,0.001076
FILLER_26_666,VGND,li1,313.2600,81.6000,0.001076
FILLER_26_655,VGND,li1,307.5100,81.6000,0.001067
FILLER_26_624,VGND,li1,293.4800,81.6000,0.001037
FILLER_26_612,VGND,li1,287.2700,81.6000,0.001012
FILLER_26_608,VGND,li1,285.4300,81.6000,0.001000
FILLER_26_600,VGND,li1,281.7500,81.6000,0.000976
FILLER_26_589,VGND,li1,277.3800,81.6000,0.000945
FILLER_26_586,VGND,li1,275.5400,81.6000,0.000926
FILLER_26_574,VGND,li1,272.3200,81.6000,0.000910
FILLER_26_562,VGND,li1,266.8000,81.6000,0.000862
FILLER_26_557,VGND,li1,261.9700,81.6000,0.000830
FILLER_26_545,VGND,li1,258.9800,81.6000,0.000808
FILLER_26_533,VGND,li1,253.4600,81.6000,0.000773
FILLER_26_529,VGND,li1,249.5500,81.6000,0.000745
FILLER_26_521,VGND,li1,247.0200,81.6000,0.000726
FILLER_26_505,VGND,li1,240.5800,81.6000,0.000678
FILLER_26_477,VGND,li1,225.4000,81.6000,0.000559
FILLER_26_462,VGND,li1,218.2700,81.6000,0.000482
FILLER_26_456,VGND,li1,216.6600,81.6000,0.000482
FILLER_26_444,VGND,li1,212.5200,81.6000,0.000440
FILLER_26_433,VGND,li1,204.9300,81.6000,0.000372
FILLER_26_421,VGND,li1,201.9400,81.6000,0.000347
FILLER_26_412,VGND,li1,196.8800,81.6000,0.000305
FILLER_26_400,VGND,li1,192.2800,81.6000,0.000262
FILLER_26_395,VGND,li1,187.4500,81.6000,0.000205
FILLER_26_383,VGND,li1,184.4600,81.6000,0.000185
FILLER_26_379,VGND,li1,180.0900,81.6000,0.000134
FILLER_26_373,VGND,li1,178.4800,81.6000,0.000134
FILLER_26_363,VGND,li1,172.7300,81.6000,0.000159
FILLER_26_357,VGND,li1,171.1200,81.6000,0.000159
FILLER_26_329,VGND,li1,157.0900,81.6000,0.000172
FILLER_26_317,VGND,li1,152.0300,81.6000,0.000174
FILLER_26_309,VGND,li1,149.5000,81.6000,0.000175
FILLER_26_305,VGND,li1,146.5100,81.6000,0.000176
FILLER_26_300,VGND,li1,143.9800,81.6000,0.000177
FILLER_26_294,VGND,li1,141.4500,81.6000,0.000177
FILLER_26_286,VGND,li1,137.7700,81.6000,0.000178
FILLER_26_280,VGND,li1,134.5500,81.6000,0.000179
FILLER_26_274,VGND,li1,131.7900,81.6000,0.000180
FILLER_26_256,VGND,li1,123.9700,81.6000,0.000180
FILLER_26_236,VGND,li1,116.8400,81.6000,0.000180
FILLER_26_224,VGND,li1,109.4800,81.6000,0.000179
FILLER_26_197,VGND,li1,96.8300,81.6000,0.000175
FILLER_26_193,VGND,li1,94.9900,81.6000,0.000174
FILLER_26_181,VGND,li1,89.2400,81.6000,0.000170
FILLER_26_157,VGND,li1,78.2000,81.6000,0.000154
FILLER_26_141,VGND,li1,71.0700,81.6000,0.000142
FILLER_26_139,VGND,li1,69.6900,81.6000,0.000138
FILLER_26_135,VGND,li1,68.5400,81.6000,0.000138
FILLER_26_111,VGND,li1,57.5000,81.6000,0.000115
FILLER_26_105,VGND,li1,54.0500,81.6000,0.000109
FILLER_26_97,VGND,li1,51.9800,81.6000,0.000105
FILLER_26_85,VGND,li1,47.3800,81.6000,0.000093
FILLER_26_82,VGND,li1,43.7000,81.6000,0.000084
FILLER_26_74,VGND,li1,41.4000,81.6000,0.000077
FILLER_26_62,VGND,li1,36.8000,81.6000,0.000068
FILLER_26_55,VGND,li1,31.0500,81.6000,0.000050
FILLER_26_37,VGND,li1,23.2300,81.6000,0.000039
FILLER_26_29,VGND,li1,20.7000,81.6000,0.000041
FILLER_26_26,VGND,li1,17.9400,81.6000,0.000043
FILLER_25_699,VGND,li1,327.2900,81.6000,0.001087
FILLER_25_673,VGND,li1,315.3300,81.6000,0.001078
FILLER_25_654,VGND,li1,306.8200,81.6000,0.001067
FILLER_25_650,VGND,li1,304.7500,81.6000,0.001063
FILLER_25_646,VGND,li1,303.6000,81.6000,0.001058
FILLER_25_624,VGND,li1,293.2500,81.6000,0.001037
FILLER_25_615,VGND,li1,288.6500,81.6000,0.001012
FILLER_25_611,VGND,li1,287.5000,81.6000,0.001012
FILLER_25_599,VGND,li1,283.8200,81.6000,0.000988
FILLER_25_587,VGND,li1,278.3000,81.6000,0.000945
FILLER_25_574,VGND,li1,270.2500,81.6000,0.000884
FILLER_25_559,VGND,li1,262.8900,81.6000,0.000830
FILLER_25_553,VGND,li1,261.2800,81.6000,0.000830
FILLER_25_527,VGND,li1,250.7000,81.6000,0.000745
FILLER_25_515,VGND,li1,245.1800,81.6000,0.000706
FILLER_25_503,VGND,li1,237.1300,81.6000,0.000641
FILLER_25_495,VGND,li1,233.6800,81.6000,0.000627
FILLER_25_461,VGND,li1,219.4200,81.6000,0.000506
FILLER_25_449,VGND,li1,214.8200,81.6000,0.000466
FILLER_25_447,VGND,li1,211.3700,81.6000,0.000424
FILLER_25_422,VGND,li1,201.4800,81.6000,0.000347
FILLER_25_405,VGND,li1,192.5100,81.6000,0.000262
FILLER_25_393,VGND,li1,189.0600,81.6000,0.000228
FILLER_25_391,VGND,li1,185.6100,81.6000,0.000185
FILLER_25_385,VGND,li1,184.0000,81.6000,0.000185
FILLER_25_373,VGND,li1,179.8600,81.6000,0.000134
FILLER_25_356,VGND,li1,170.6600,81.6000,0.000161
FILLER_25_326,VGND,li1,156.1700,81.6000,0.000173
FILLER_25_314,VGND,li1,152.7200,81.6000,0.000174
FILLER_25_307,VGND,li1,147.6600,81.6000,0.000176
FILLER_25_301,VGND,li1,144.2100,81.6000,0.000177
FILLER_25_293,VGND,li1,142.1400,81.6000,0.000177
FILLER_25_281,VGND,li1,137.5400,81.6000,0.000178
FILLER_25_278,VGND,li1,133.8600,81.6000,0.000179
FILLER_25_266,VGND,li1,130.6400,81.6000,0.000180
FILLER_25_261,VGND,li1,126.0400,81.6000,0.000180
FILLER_25_249,VGND,li1,122.8200,81.6000,0.000180
FILLER_25_237,VGND,li1,117.3000,81.6000,0.000180
FILLER_25_225,VGND,li1,111.7800,81.6000,0.000179
FILLER_25_221,VGND,li1,107.8700,81.6000,0.000179
FILLER_25_211,VGND,li1,102.8100,81.6000,0.000178
FILLER_25_207,VGND,li1,101.6600,81.6000,0.000177
FILLER_25_200,VGND,li1,98.4400,81.6000,0.000175
FILLER_25_172,VGND,li1,85.5600,81.6000,0.000166
FILLER_25_167,VGND,li1,82.5700,81.6000,0.000162
FILLER_25_159,VGND,li1,80.5000,81.6000,0.000158
FILLER_25_150,VGND,li1,75.9000,81.6000,0.000151
FILLER_25_142,VGND,li1,71.0700,81.6000,0.000142
FILLER_25_135,VGND,li1,68.5400,81.6000,0.000138
FILLER_25_122,VGND,li1,63.0200,81.6000,0.000125
FILLER_25_111,VGND,li1,56.8100,81.6000,0.000115
FILLER_25_99,VGND,li1,53.8200,81.6000,0.000109
FILLER_25_95,VGND,li1,49.4500,81.6000,0.000100
FILLER_25_81,VGND,li1,43.0100,81.6000,0.000084
FILLER_25_69,VGND,li1,40.0200,81.6000,0.000077
FILLER_25_57,VGND,li1,34.5000,81.6000,0.000062
FILLER_25_55,VGND,li1,31.0500,81.6000,0.000050
FILLER_25_51,VGND,li1,29.9000,81.6000,0.000050
FILLER_25_28,VGND,li1,18.8600,81.6000,0.000043
FILLER_25_15,VGND,li1,12.8800,81.6000,0.000047
FILLER_25_3,VGND,li1,9.6600,81.6000,0.000049
FILLER_24_685,VGND,li1,321.3100,76.1600,0.001656
FILLER_24_670,VGND,li1,314.1800,76.1600,0.001646
FILLER_24_645,VGND,li1,302.4500,76.1600,0.001601
FILLER_24_631,VGND,li1,297.6200,76.1600,0.001575
FILLER_24_616,VGND,li1,289.3400,76.1600,0.001532
FILLER_24_604,VGND,li1,286.1200,76.1600,0.001506
FILLER_24_592,VGND,li1,280.6000,76.1600,0.001477
FILLER_24_586,VGND,li1,275.5400,76.1600,0.001440
FILLER_24_566,VGND,li1,266.3400,76.1600,0.001386
FILLER_24_556,VGND,li1,261.5100,76.1600,0.001358
FILLER_24_548,VGND,li1,259.4400,76.1600,0.001338
FILLER_24_514,VGND,li1,242.4200,76.1600,0.001117
FILLER_24_502,VGND,li1,237.3600,76.1600,0.001035
FILLER_24_485,VGND,li1,229.0800,76.1600,0.000925
FILLER_24_477,VGND,li1,226.7800,76.1600,0.000891
FILLER_24_474,VGND,li1,224.0200,76.1600,0.000851
FILLER_24_465,VGND,li1,219.6500,76.1600,0.000787
FILLER_24_453,VGND,li1,216.6600,76.1600,0.000742
FILLER_24_441,VGND,li1,211.1400,76.1600,0.000653
FILLER_24_421,VGND,li1,201.9400,76.1600,0.000517
FILLER_24_417,VGND,li1,198.0300,76.1600,0.000462
FILLER_24_409,VGND,li1,194.1200,76.1600,0.000385
FILLER_24_401,VGND,li1,191.8200,76.1600,0.000350
FILLER_24_378,VGND,li1,180.3200,76.1600,0.000169
FILLER_24_355,VGND,li1,169.0500,76.1600,0.000183
FILLER_24_344,VGND,li1,163.9900,76.1600,0.000187
FILLER_24_333,VGND,li1,160.0800,76.1600,0.000191
FILLER_24_321,VGND,li1,155.9400,76.1600,0.000193
FILLER_24_302,VGND,li1,144.9000,76.1600,0.000198
FILLER_24_282,VGND,li1,135.9300,76.1600,0.000199
FILLER_24_270,VGND,li1,132.4800,76.1600,0.000199
FILLER_24_250,VGND,li1,120.9800,76.1600,0.000194
FILLER_24_235,VGND,li1,113.8500,76.1600,0.000190
FILLER_24_220,VGND,li1,107.4100,76.1600,0.000184
FILLER_24_213,VGND,li1,103.9600,76.1600,0.000181
FILLER_24_197,VGND,li1,96.6000,76.1600,0.000173
FILLER_24_195,VGND,li1,95.4500,76.1600,0.000170
FILLER_24_190,VGND,li1,93.1500,76.1600,0.000167
FILLER_24_173,VGND,li1,86.9400,76.1600,0.000159
FILLER_24_161,VGND,li1,82.3400,76.1600,0.000153
FILLER_24_153,VGND,li1,76.8200,76.1600,0.000147
FILLER_24_141,VGND,li1,73.1400,76.1600,0.000141
FILLER_24_125,VGND,li1,63.2500,76.1600,0.000127
FILLER_24_89,VGND,li1,47.1500,76.1600,0.000095
FILLER_24_76,VGND,li1,40.9400,76.1600,0.000080
FILLER_24_62,VGND,li1,35.8800,76.1600,0.000068
FILLER_24_57,VGND,li1,31.9700,76.1600,0.000055
FILLER_24_45,VGND,li1,28.9800,76.1600,0.000049
FILLER_24_40,VGND,li1,24.1500,76.1600,0.000040
FILLER_24_36,VGND,li1,23.0000,76.1600,0.000040
FILLER_24_29,VGND,li1,19.5500,76.1600,0.000043
FILLER_24_27,VGND,li1,18.1700,76.1600,0.000043
FILLER_24_23,VGND,li1,16.3300,76.1600,0.000044
FILLER_24_15,VGND,li1,14.2600,76.1600,0.000044
FILLER_24_3,VGND,li1,9.6600,76.1600,0.000044
FILLER_23_698,VGND,li1,327.0600,76.1600,0.001656
FILLER_23_673,VGND,li1,315.3300,76.1600,0.001646
FILLER_23_663,VGND,li1,310.7300,76.1600,0.001630
FILLER_23_657,VGND,li1,309.1200,76.1600,0.001630
FILLER_23_633,VGND,li1,297.1600,76.1600,0.001575
FILLER_23_625,VGND,li1,293.2500,76.1600,0.001555
FILLER_23_617,VGND,li1,291.1800,76.1600,0.001544
FILLER_23_614,VGND,li1,288.4200,76.1600,0.001519
FILLER_23_604,VGND,li1,284.7400,76.1600,0.001506
FILLER_23_592,VGND,li1,278.0700,76.1600,0.001466
FILLER_23_582,VGND,li1,273.9300,76.1600,0.001440
FILLER_23_576,VGND,li1,270.9400,76.1600,0.001421
FILLER_23_568,VGND,li1,268.6400,76.1600,0.001404
FILLER_23_561,VGND,li1,264.0400,76.1600,0.001370
FILLER_23_528,VGND,li1,251.1600,76.1600,0.001230
FILLER_23_524,VGND,li1,246.7900,76.1600,0.001177
FILLER_23_512,VGND,li1,243.8000,76.1600,0.001117
FILLER_23_501,VGND,li1,236.6700,76.1600,0.001035
FILLER_23_489,VGND,li1,233.2200,76.1600,0.000985
FILLER_23_477,VGND,li1,227.7000,76.1600,0.000891
FILLER_23_444,VGND,li1,210.6800,76.1600,0.000653
FILLER_23_437,VGND,li1,206.7700,76.1600,0.000570
FILLER_23_431,VGND,li1,205.1600,76.1600,0.000570
FILLER_23_425,VGND,li1,201.7100,76.1600,0.000517
FILLER_23_417,VGND,li1,199.1800,76.1600,0.000462
FILLER_23_410,VGND,li1,194.3500,76.1600,0.000385
FILLER_23_388,VGND,li1,184.9200,76.1600,0.000252
FILLER_23_376,VGND,li1,181.2400,76.1600,0.000207
FILLER_23_352,VGND,li1,167.9000,76.1600,0.000184
FILLER_23_343,VGND,li1,163.5300,76.1600,0.000189
FILLER_23_325,VGND,li1,155.2500,76.1600,0.000193
FILLER_23_319,VGND,li1,153.6400,76.1600,0.000195
FILLER_23_309,VGND,li1,147.8900,76.1600,0.000197
FILLER_23_301,VGND,li1,145.8200,76.1600,0.000197
FILLER_23_288,VGND,li1,138.2300,76.1600,0.000199
FILLER_23_274,VGND,li1,132.9400,76.1600,0.000199
FILLER_23_257,VGND,li1,123.9700,76.1600,0.000195
FILLER_23_251,VGND,li1,122.3600,76.1600,0.000195
FILLER_23_237,VGND,li1,115.2300,76.1600,0.000190
FILLER_23_225,VGND,li1,111.7800,76.1600,0.000188
FILLER_23_223,VGND,li1,108.3300,76.1600,0.000184
FILLER_23_215,VGND,li1,106.2600,76.1600,0.000182
FILLER_23_200,VGND,li1,99.3600,76.1600,0.000175
FILLER_23_196,VGND,li1,95.9100,76.1600,0.000170
FILLER_23_192,VGND,li1,94.7600,76.1600,0.000170
FILLER_23_177,VGND,li1,87.1700,76.1600,0.000159
FILLER_23_173,VGND,li1,86.0200,76.1600,0.000159
FILLER_23_167,VGND,li1,82.5700,76.1600,0.000153
FILLER_23_147,VGND,li1,74.5200,76.1600,0.000141
FILLER_23_135,VGND,li1,70.3800,76.1600,0.000137
FILLER_23_113,VGND,li1,58.4200,76.1600,0.000120
FILLER_23_110,VGND,li1,56.5800,76.1600,0.000117
FILLER_23_83,VGND,li1,46.4600,76.1600,0.000095
FILLER_23_68,VGND,li1,37.0300,76.1600,0.000068
FILLER_23_55,VGND,li1,31.0500,76.1600,0.000055
FILLER_23_41,VGND,li1,24.6100,76.1600,0.000040
FILLER_23_35,VGND,li1,23.0000,76.1600,0.000040
FILLER_23_15,VGND,li1,13.3400,76.1600,0.000044
FILLER_23_3,VGND,li1,9.6600,76.1600,0.000044
FILLER_22_682,VGND,li1,319.7000,70.7200,0.000706
FILLER_22_657,VGND,li1,307.9700,70.7200,0.000695
FILLER_22_645,VGND,li1,304.9800,70.7200,0.000687
FILLER_22_642,VGND,li1,301.3000,70.7200,0.000683
FILLER_22_634,VGND,li1,299.0000,70.7200,0.000679
FILLER_22_628,VGND,li1,295.0900,70.7200,0.000671
FILLER_22_620,VGND,li1,292.5600,70.7200,0.000663
FILLER_22_595,VGND,li1,280.6000,70.7200,0.000638
FILLER_22_586,VGND,li1,275.5400,70.7200,0.000622
FILLER_22_574,VGND,li1,272.3200,70.7200,0.000612
FILLER_22_566,VGND,li1,266.8000,70.7200,0.000598
FILLER_22_533,VGND,li1,250.9300,70.7200,0.000538
FILLER_22_529,VGND,li1,249.5500,70.7200,0.000538
FILLER_22_510,VGND,li1,241.5000,70.7200,0.000504
FILLER_22_498,VGND,li1,235.2900,70.7200,0.000468
FILLER_22_490,VGND,li1,231.8400,70.7200,0.000456
FILLER_22_465,VGND,li1,219.6500,70.7200,0.000379
FILLER_22_446,VGND,li1,212.0600,70.7200,0.000335
FILLER_22_435,VGND,li1,206.0800,70.7200,0.000289
FILLER_22_419,VGND,li1,198.4900,70.7200,0.000230
FILLER_22_405,VGND,li1,192.0500,70.7200,0.000186
FILLER_22_401,VGND,li1,190.9000,70.7200,0.000186
FILLER_22_389,VGND,li1,187.2200,70.7200,0.000158
FILLER_22_377,VGND,li1,181.7000,70.7200,0.000118
FILLER_22_365,VGND,li1,176.1800,70.7200,0.000101
FILLER_22_358,VGND,li1,171.5800,70.7200,0.000114
FILLER_22_321,VGND,li1,153.6400,70.7200,0.000140
FILLER_22_309,VGND,li1,150.4200,70.7200,0.000144
FILLER_22_305,VGND,li1,146.5100,70.7200,0.000146
FILLER_22_293,VGND,li1,143.0600,70.7200,0.000148
FILLER_22_281,VGND,li1,137.5400,70.7200,0.000152
FILLER_22_265,VGND,li1,128.1100,70.7200,0.000153
FILLER_22_253,VGND,li1,124.6600,70.7200,0.000153
FILLER_22_249,VGND,li1,120.7500,70.7200,0.000153
FILLER_22_241,VGND,li1,118.2200,70.7200,0.000153
FILLER_22_235,VGND,li1,113.8500,70.7200,0.000153
FILLER_22_231,VGND,li1,112.7000,70.7200,0.000153
FILLER_22_218,VGND,li1,107.1800,70.7200,0.000153
FILLER_22_206,VGND,li1,103.0400,70.7200,0.000152
FILLER_22_197,VGND,li1,96.6000,70.7200,0.000150
FILLER_22_188,VGND,li1,93.8400,70.7200,0.000149
FILLER_22_180,VGND,li1,88.5500,70.7200,0.000146
FILLER_22_176,VGND,li1,87.4000,70.7200,0.000145
FILLER_22_164,VGND,li1,83.7200,70.7200,0.000143
FILLER_22_145,VGND,li1,72.6800,70.7200,0.000135
FILLER_22_139,VGND,li1,69.6900,70.7200,0.000131
FILLER_22_85,VGND,li1,45.3100,70.7200,0.000086
FILLER_22_82,VGND,li1,43.7000,70.7200,0.000086
FILLER_22_74,VGND,li1,41.4000,70.7200,0.000081
FILLER_22_67,VGND,li1,36.5700,70.7200,0.000065
FILLER_22_63,VGND,li1,35.4200,70.7200,0.000065
FILLER_22_54,VGND,li1,30.8200,70.7200,0.000052
FILLER_22_45,VGND,li1,26.4500,70.7200,0.000042
FILLER_22_41,VGND,li1,25.3000,70.7200,0.000035
FILLER_22_29,VGND,li1,21.6200,70.7200,0.000037
FILLER_22_27,VGND,li1,18.1700,70.7200,0.000039
FILLER_22_15,VGND,li1,15.1800,70.7200,0.000042
FILLER_22_3,VGND,li1,9.6600,70.7200,0.000042
FILLER_21_681,VGND,li1,319.4700,70.7200,0.000706
FILLER_21_673,VGND,li1,316.9400,70.7200,0.000704
FILLER_21_671,VGND,li1,314.4100,70.7200,0.000702
FILLER_21_667,VGND,li1,313.2600,70.7200,0.000702
FILLER_21_647,VGND,li1,303.3700,70.7200,0.000687
FILLER_21_625,VGND,li1,293.2500,70.7200,0.000667
FILLER_21_617,VGND,li1,291.1800,70.7200,0.000663
FILLER_21_599,VGND,li1,281.9800,70.7200,0.000638
FILLER_21_587,VGND,li1,278.3000,70.7200,0.000631
FILLER_21_572,VGND,li1,271.4000,70.7200,0.000612
FILLER_21_557,VGND,li1,262.4300,70.7200,0.000583
FILLER_21_550,VGND,li1,258.7500,70.7200,0.000572
FILLER_21_534,VGND,li1,251.8500,70.7200,0.000547
FILLER_21_526,VGND,li1,247.7100,70.7200,0.000531
FILLER_21_513,VGND,li1,241.7300,70.7200,0.000504
FILLER_21_505,VGND,li1,239.6600,70.7200,0.000494
FILLER_21_478,VGND,li1,225.8600,70.7200,0.000425
FILLER_21_461,VGND,li1,218.5000,70.7200,0.000379
FILLER_21_449,VGND,li1,214.8200,70.7200,0.000352
FILLER_21_446,VGND,li1,211.1400,70.7200,0.000319
FILLER_21_433,VGND,li1,205.1600,70.7200,0.000289
FILLER_21_405,VGND,li1,192.5100,70.7200,0.000186
FILLER_21_393,VGND,li1,189.0600,70.7200,0.000172
FILLER_21_390,VGND,li1,185.3800,70.7200,0.000145
FILLER_21_382,VGND,li1,183.0800,70.7200,0.000118
FILLER_21_364,VGND,li1,174.3400,70.7200,0.000107
FILLER_21_352,VGND,li1,170.2000,70.7200,0.000114
FILLER_21_327,VGND,li1,156.1700,70.7200,0.000137
FILLER_21_315,VGND,li1,153.1800,70.7200,0.000140
FILLER_21_304,VGND,li1,146.2800,70.7200,0.000146
FILLER_21_288,VGND,li1,138.4600,70.7200,0.000151
FILLER_21_276,VGND,li1,133.4000,70.7200,0.000152
FILLER_21_264,VGND,li1,129.7200,70.7200,0.000153
FILLER_21_252,VGND,li1,124.2000,70.7200,0.000153
FILLER_21_241,VGND,li1,116.6100,70.7200,0.000153
FILLER_21_237,VGND,li1,115.4600,70.7200,0.000153
FILLER_21_225,VGND,li1,111.7800,70.7200,0.000153
FILLER_21_222,VGND,li1,108.1000,70.7200,0.000153
FILLER_21_210,VGND,li1,104.8800,70.7200,0.000152
FILLER_21_196,VGND,li1,95.9100,70.7200,0.000150
FILLER_21_192,VGND,li1,94.7600,70.7200,0.000149
FILLER_21_180,VGND,li1,91.0800,70.7200,0.000148
FILLER_21_169,VGND,li1,84.1800,70.7200,0.000143
FILLER_21_160,VGND,li1,80.9600,70.7200,0.000141
FILLER_21_148,VGND,li1,75.4400,70.7200,0.000137
FILLER_21_135,VGND,li1,68.3100,70.7200,0.000131
FILLER_21_104,VGND,li1,55.2000,70.7200,0.000111
FILLER_21_83,VGND,li1,43.9300,70.7200,0.000086
FILLER_21_75,VGND,li1,41.8600,70.7200,0.000081
FILLER_21_63,VGND,li1,37.2600,70.7200,0.000070
FILLER_21_52,VGND,li1,30.3600,70.7200,0.000052
FILLER_21_15,VGND,li1,12.6500,70.7200,0.000042
FILLER_21_3,VGND,li1,9.6600,70.7200,0.000042
FILLER_20_699,VGND,li1,327.2900,65.2800,0.000786
FILLER_20_682,VGND,li1,319.4700,65.2800,0.000786
FILLER_20_678,VGND,li1,318.3200,65.2800,0.000786
FILLER_20_666,VGND,li1,314.6400,65.2800,0.000783
FILLER_20_648,VGND,li1,304.0600,65.2800,0.000776
FILLER_20_611,VGND,li1,286.8100,65.2800,0.000747
FILLER_20_607,VGND,li1,285.6600,65.2800,0.000747
FILLER_20_595,VGND,li1,281.9800,65.2800,0.000738
FILLER_20_586,VGND,li1,275.5400,65.2800,0.000722
FILLER_20_542,VGND,li1,255.5300,65.2800,0.000634
FILLER_20_533,VGND,li1,251.3900,65.2800,0.000607
FILLER_20_525,VGND,li1,247.7100,65.2800,0.000573
FILLER_20_511,VGND,li1,240.8100,65.2800,0.000529
FILLER_20_505,VGND,li1,239.2000,65.2800,0.000529
FILLER_20_477,VGND,li1,227.7000,65.2800,0.000446
FILLER_20_473,VGND,li1,223.7900,65.2800,0.000418
FILLER_20_465,VGND,li1,221.2600,65.2800,0.000402
FILLER_20_448,VGND,li1,212.2900,65.2800,0.000334
FILLER_20_436,VGND,li1,208.8400,65.2800,0.000321
FILLER_20_431,VGND,li1,204.0100,65.2800,0.000278
FILLER_20_418,VGND,li1,198.2600,65.2800,0.000239
FILLER_20_406,VGND,li1,195.0400,65.2800,0.000217
FILLER_20_394,VGND,li1,189.5200,65.2800,0.000176
FILLER_20_382,VGND,li1,184.0000,65.2800,0.000138
FILLER_20_365,VGND,li1,173.6500,65.2800,0.000095
FILLER_20_352,VGND,li1,170.2000,65.2800,0.000098
FILLER_20_340,VGND,li1,164.6800,65.2800,0.000105
FILLER_20_328,VGND,li1,159.1600,65.2800,0.000109
FILLER_20_316,VGND,li1,153.6400,65.2800,0.000115
FILLER_20_305,VGND,li1,146.5100,65.2800,0.000123
FILLER_20_293,VGND,li1,143.0600,65.2800,0.000127
FILLER_20_282,VGND,li1,135.4700,65.2800,0.000132
FILLER_20_278,VGND,li1,134.3200,65.2800,0.000132
FILLER_20_266,VGND,li1,130.6400,65.2800,0.000136
FILLER_20_249,VGND,li1,120.7500,65.2800,0.000140
FILLER_20_243,VGND,li1,117.5300,65.2800,0.000140
FILLER_20_222,VGND,li1,108.3300,65.2800,0.000140
FILLER_20_210,VGND,li1,104.8800,65.2800,0.000139
FILLER_20_205,VGND,li1,100.2800,65.2800,0.000138
FILLER_20_197,VGND,li1,97.9800,65.2800,0.000137
FILLER_20_193,VGND,li1,94.9900,65.2800,0.000136
FILLER_20_185,VGND,li1,92.4600,65.2800,0.000134
FILLER_20_169,VGND,li1,83.9500,65.2800,0.000129
FILLER_20_157,VGND,li1,80.5000,65.2800,0.000127
FILLER_20_149,VGND,li1,74.2900,65.2800,0.000120
FILLER_20_145,VGND,li1,73.1400,65.2800,0.000120
FILLER_20_138,VGND,li1,69.4600,65.2800,0.000116
FILLER_20_132,VGND,li1,66.7000,65.2800,0.000113
FILLER_20_124,VGND,li1,64.4000,65.2800,0.000109
FILLER_20_117,VGND,li1,59.5700,65.2800,0.000103
FILLER_20_109,VGND,li1,57.5000,65.2800,0.000099
FILLER_20_92,VGND,li1,48.7600,65.2800,0.000085
FILLER_20_77,VGND,li1,41.1700,65.2800,0.000067
FILLER_20_67,VGND,li1,37.2600,65.2800,0.000060
FILLER_20_49,VGND,li1,28.9800,65.2800,0.000037
FILLER_20_29,VGND,li1,19.3200,65.2800,0.000028
FILLER_20_25,VGND,li1,17.7100,65.2800,0.000028
FILLER_20_21,VGND,li1,15.4100,65.2800,0.000028
FILLER_20_15,VGND,li1,13.8000,65.2800,0.000028
FILLER_20_3,VGND,li1,9.6600,65.2800,0.000028
FILLER_19_694,VGND,li1,325.2200,65.2800,0.000786
FILLER_19_671,VGND,li1,314.4100,65.2800,0.000783
FILLER_19_661,VGND,li1,310.0400,65.2800,0.000781
FILLER_19_638,VGND,li1,299.6900,65.2800,0.000770
FILLER_19_621,VGND,li1,291.4100,65.2800,0.000759
FILLER_19_617,VGND,li1,290.2600,65.2800,0.000754
FILLER_19_615,VGND,li1,288.6500,65.2800,0.000754
FILLER_19_603,VGND,li1,285.6600,65.2800,0.000747
FILLER_19_593,VGND,li1,279.6800,65.2800,0.000733
FILLER_19_585,VGND,li1,274.8500,65.2800,0.000722
FILLER_19_559,VGND,li1,262.8900,65.2800,0.000670
FILLER_19_553,VGND,li1,261.2800,65.2800,0.000670
FILLER_19_541,VGND,li1,257.1400,65.2800,0.000634
FILLER_19_529,VGND,li1,251.6200,65.2800,0.000607
FILLER_19_517,VGND,li1,246.1000,65.2800,0.000573
FILLER_19_505,VGND,li1,240.5800,65.2800,0.000529
FILLER_19_503,VGND,li1,237.1300,65.2800,0.000508
FILLER_19_499,VGND,li1,235.9800,65.2800,0.000508
FILLER_19_487,VGND,li1,232.3000,65.2800,0.000483
FILLER_19_475,VGND,li1,226.7800,65.2800,0.000446
FILLER_19_465,VGND,li1,220.3400,65.2800,0.000402
FILLER_19_449,VGND,li1,212.5200,65.2800,0.000347
FILLER_19_444,VGND,li1,210.6800,65.2800,0.000334
FILLER_19_431,VGND,li1,204.4700,65.2800,0.000278
FILLER_19_423,VGND,li1,201.9400,65.2800,0.000261
FILLER_19_417,VGND,li1,197.5700,65.2800,0.000239
FILLER_19_405,VGND,li1,194.5800,65.2800,0.000217
FILLER_19_393,VGND,li1,189.0600,65.2800,0.000176
FILLER_19_391,VGND,li1,185.6100,65.2800,0.000138
FILLER_19_385,VGND,li1,184.0000,65.2800,0.000138
FILLER_19_373,VGND,li1,179.8600,65.2800,0.000107
FILLER_19_361,VGND,li1,174.3400,65.2800,0.000095
FILLER_19_349,VGND,li1,168.8200,65.2800,0.000101
FILLER_19_337,VGND,li1,163.3000,65.2800,0.000105
FILLER_19_335,VGND,li1,159.8500,65.2800,0.000109
FILLER_19_323,VGND,li1,156.8600,65.2800,0.000112
FILLER_19_311,VGND,li1,151.3400,65.2800,0.000117
FILLER_19_299,VGND,li1,145.8200,65.2800,0.000123
FILLER_19_289,VGND,li1,139.1500,65.2800,0.000129
FILLER_19_281,VGND,li1,136.6200,65.2800,0.000130
FILLER_19_276,VGND,li1,133.4000,65.2800,0.000134
FILLER_19_254,VGND,li1,125.1200,65.2800,0.000139
FILLER_19_244,VGND,li1,118.4500,65.2800,0.000140
FILLER_19_232,VGND,li1,115.0000,65.2800,0.000140
FILLER_19_221,VGND,li1,107.8700,65.2800,0.000139
FILLER_19_208,VGND,li1,101.8900,65.2800,0.000138
FILLER_19_200,VGND,li1,99.3600,65.2800,0.000137
FILLER_19_176,VGND,li1,88.3200,65.2800,0.000133
FILLER_19_166,VGND,li1,82.3400,65.2800,0.000129
FILLER_19_158,VGND,li1,80.0400,65.2800,0.000127
FILLER_19_146,VGND,li1,75.4400,65.2800,0.000123
FILLER_19_119,VGND,li1,60.9500,65.2800,0.000103
FILLER_19_113,VGND,li1,57.9600,65.2800,0.000099
FILLER_19_110,VGND,li1,56.5800,65.2800,0.000099
FILLER_19_99,VGND,li1,51.5200,65.2800,0.000091
FILLER_19_87,VGND,li1,48.3000,65.2800,0.000085
FILLER_19_50,VGND,li1,28.7500,65.2800,0.000037
FILLER_19_46,VGND,li1,27.6000,65.2800,0.000037
FILLER_19_35,VGND,li1,22.3100,65.2800,0.000028
FILLER_19_27,VGND,li1,19.7800,65.2800,0.000028
FILLER_19_15,VGND,li1,15.1800,65.2800,0.000028
FILLER_19_3,VGND,li1,9.6600,65.2800,0.000028
FILLER_18_673,VGND,li1,316.4800,59.8400,0.000374
FILLER_18_661,VGND,li1,312.3400,59.8400,0.000371
FILLER_18_657,VGND,li1,307.9700,59.8400,0.000369
FILLER_18_645,VGND,li1,304.9800,59.8400,0.000368
FILLER_18_642,VGND,li1,301.3000,59.8400,0.000366
FILLER_18_630,VGND,li1,298.0800,59.8400,0.000364
FILLER_18_618,VGND,li1,292.5600,59.8400,0.000356
FILLER_18_606,VGND,li1,287.0400,59.8400,0.000352
FILLER_18_589,VGND,li1,277.3800,59.8400,0.000340
FILLER_18_586,VGND,li1,275.5400,59.8400,0.000338
FILLER_18_578,VGND,li1,271.8600,59.8400,0.000333
FILLER_18_573,VGND,li1,269.3300,59.8400,0.000330
FILLER_18_565,VGND,li1,267.2600,59.8400,0.000326
FILLER_18_533,VGND,li1,251.6200,59.8400,0.000291
FILLER_18_531,VGND,li1,250.0100,59.8400,0.000291
FILLER_18_523,VGND,li1,246.3300,59.8400,0.000279
FILLER_18_519,VGND,li1,245.1800,59.8400,0.000279
FILLER_18_506,VGND,li1,238.7400,59.8400,0.000260
FILLER_18_484,VGND,li1,229.0800,59.8400,0.000230
FILLER_18_475,VGND,li1,224.2500,59.8400,0.000212
FILLER_18_470,VGND,li1,221.9500,59.8400,0.000205
FILLER_18_466,VGND,li1,220.8000,59.8400,0.000205
FILLER_18_454,VGND,li1,217.1200,59.8400,0.000193
FILLER_18_444,VGND,li1,211.1400,59.8400,0.000165
FILLER_18_433,VGND,li1,205.3900,59.8400,0.000149
FILLER_18_421,VGND,li1,201.9400,59.8400,0.000136
FILLER_18_419,VGND,li1,198.4900,59.8400,0.000117
FILLER_18_413,VGND,li1,196.8800,59.8400,0.000117
FILLER_18_401,VGND,li1,192.7400,59.8400,0.000102
FILLER_18_389,VGND,li1,187.2200,59.8400,0.000077
FILLER_18_377,VGND,li1,181.7000,59.8400,0.000060
FILLER_18_365,VGND,li1,176.1800,59.8400,0.000052
FILLER_18_361,VGND,li1,172.2700,59.8400,0.000056
FILLER_18_353,VGND,li1,169.7400,59.8400,0.000059
FILLER_18_341,VGND,li1,165.1400,59.8400,0.000065
FILLER_18_329,VGND,li1,159.6200,59.8400,0.000071
FILLER_18_317,VGND,li1,154.1000,59.8400,0.000078
FILLER_18_309,VGND,li1,147.8900,59.8400,0.000085
FILLER_18_304,VGND,li1,146.2800,59.8400,0.000085
FILLER_18_292,VGND,li1,142.6000,59.8400,0.000089
FILLER_18_279,VGND,li1,135.2400,59.8400,0.000094
FILLER_18_265,VGND,li1,128.3400,59.8400,0.000098
FILLER_18_253,VGND,li1,124.6600,59.8400,0.000100
FILLER_18_250,VGND,li1,120.9800,59.8400,0.000102
FILLER_18_244,VGND,li1,118.4500,59.8400,0.000103
FILLER_18_232,VGND,li1,115.0000,59.8400,0.000104
FILLER_18_220,VGND,li1,109.4800,59.8400,0.000105
FILLER_18_212,VGND,li1,103.2700,59.8400,0.000105
FILLER_18_200,VGND,li1,100.2800,59.8400,0.000104
FILLER_18_194,VGND,li1,95.2200,59.8400,0.000103
FILLER_18_184,VGND,li1,91.5400,59.8400,0.000102
FILLER_18_172,VGND,li1,87.4000,59.8400,0.000100
FILLER_18_165,VGND,li1,82.1100,59.8400,0.000097
FILLER_18_149,VGND,li1,74.2900,59.8400,0.000093
FILLER_18_141,VGND,li1,72.2200,59.8400,0.000091
FILLER_18_137,VGND,li1,69.2300,59.8400,0.000088
FILLER_18_115,VGND,li1,58.8800,59.8400,0.000074
FILLER_18_109,VGND,li1,56.1200,59.8400,0.000070
FILLER_18_97,VGND,li1,50.8300,59.8400,0.000065
FILLER_18_85,VGND,li1,47.3800,59.8400,0.000060
FILLER_18_83,VGND,li1,43.9300,59.8400,0.000053
FILLER_18_71,VGND,li1,40.9400,59.8400,0.000048
FILLER_18_66,VGND,li1,36.1100,59.8400,0.000038
FILLER_18_60,VGND,li1,34.5000,59.8400,0.000038
FILLER_18_50,VGND,li1,28.7500,59.8400,0.000026
FILLER_18_46,VGND,li1,27.6000,59.8400,0.000026
FILLER_18_35,VGND,li1,21.8500,59.8400,0.000021
FILLER_18_29,VGND,li1,20.2400,59.8400,0.000021
FILLER_18_27,VGND,li1,18.1700,59.8400,0.000021
FILLER_18_15,VGND,li1,15.1800,59.8400,0.000021
FILLER_18_3,VGND,li1,9.6600,59.8400,0.000021
FILLER_17_673,VGND,li1,315.7900,59.8400,0.000374
FILLER_17_668,VGND,li1,313.7200,59.8400,0.000373
FILLER_17_659,VGND,li1,308.8900,59.8400,0.000370
FILLER_17_655,VGND,li1,307.0500,59.8400,0.000369
FILLER_17_649,VGND,li1,305.4400,59.8400,0.000368
FILLER_17_624,VGND,li1,294.4000,59.8400,0.000360
FILLER_17_617,VGND,li1,289.8000,59.8400,0.000354
FILLER_17_612,VGND,li1,287.9600,59.8400,0.000352
FILLER_17_606,VGND,li1,284.7400,59.8400,0.000349
FILLER_17_598,VGND,li1,282.4400,59.8400,0.000347
FILLER_17_586,VGND,li1,277.8400,59.8400,0.000340
FILLER_17_574,VGND,li1,272.3200,59.8400,0.000333
FILLER_17_558,VGND,li1,262.6600,59.8400,0.000317
FILLER_17_540,VGND,li1,254.1500,59.8400,0.000299
FILLER_17_528,VGND,li1,251.1600,59.8400,0.000291
FILLER_17_520,VGND,li1,244.9500,59.8400,0.000279
FILLER_17_512,VGND,li1,242.8800,59.8400,0.000273
FILLER_17_505,VGND,li1,238.5100,59.8400,0.000260
FILLER_17_501,VGND,li1,236.6700,59.8400,0.000255
FILLER_17_493,VGND,li1,234.1400,59.8400,0.000247
FILLER_17_484,VGND,li1,228.6200,59.8400,0.000230
FILLER_17_466,VGND,li1,221.2600,59.8400,0.000205
FILLER_17_459,VGND,li1,216.8900,59.8400,0.000186
FILLER_17_447,VGND,li1,211.3700,59.8400,0.000165
FILLER_17_441,VGND,li1,209.7600,59.8400,0.000165
FILLER_17_429,VGND,li1,205.6200,59.8400,0.000149
FILLER_17_417,VGND,li1,200.1000,59.8400,0.000125
FILLER_17_405,VGND,li1,194.5800,59.8400,0.000109
FILLER_17_393,VGND,li1,189.0600,59.8400,0.000088
FILLER_17_391,VGND,li1,185.6100,59.8400,0.000069
FILLER_17_385,VGND,li1,184.0000,59.8400,0.000069
FILLER_17_373,VGND,li1,179.8600,59.8400,0.000049
FILLER_17_361,VGND,li1,174.3400,59.8400,0.000054
FILLER_17_349,VGND,li1,168.8200,59.8400,0.000062
FILLER_17_337,VGND,li1,163.3000,59.8400,0.000067
FILLER_17_335,VGND,li1,159.8500,59.8400,0.000071
FILLER_17_327,VGND,li1,157.7800,59.8400,0.000073
FILLER_17_299,VGND,li1,144.4400,59.8400,0.000087
FILLER_17_281,VGND,li1,136.6200,59.8400,0.000094
FILLER_17_279,VGND,li1,134.0900,59.8400,0.000095
FILLER_17_275,VGND,li1,132.9400,59.8400,0.000095
FILLER_17_271,VGND,li1,130.4100,59.8400,0.000097
FILLER_17_259,VGND,li1,127.4200,59.8400,0.000098
FILLER_17_246,VGND,li1,119.3700,59.8400,0.000102
FILLER_17_238,VGND,li1,116.8400,59.8400,0.000103
FILLER_17_225,VGND,li1,110.4000,59.8400,0.000104
FILLER_17_223,VGND,li1,108.3300,59.8400,0.000105
FILLER_17_215,VGND,li1,106.2600,59.8400,0.000105
FILLER_17_207,VGND,li1,100.9700,59.8400,0.000105
FILLER_17_199,VGND,li1,98.9000,59.8400,0.000104
FILLER_17_186,VGND,li1,91.7700,59.8400,0.000102
FILLER_17_178,VGND,li1,89.2400,59.8400,0.000101
FILLER_17_166,VGND,li1,82.3400,59.8400,0.000097
FILLER_17_154,VGND,li1,79.1200,59.8400,0.000096
FILLER_17_144,VGND,li1,72.4500,59.8400,0.000091
FILLER_17_136,VGND,li1,69.9200,59.8400,0.000088
FILLER_17_125,VGND,li1,64.4000,59.8400,0.000082
FILLER_17_113,VGND,li1,60.2600,59.8400,0.000077
FILLER_17_84,VGND,li1,44.8500,59.8400,0.000056
FILLER_17_77,VGND,li1,41.4000,59.8400,0.000048
FILLER_17_69,VGND,li1,38.1800,59.8400,0.000043
FILLER_17_57,VGND,li1,34.5000,59.8400,0.000038
FILLER_17_55,VGND,li1,31.0500,59.8400,0.000030
FILLER_17_47,VGND,li1,28.9800,59.8400,0.000026
FILLER_17_15,VGND,li1,15.1800,59.8400,0.000021
FILLER_17_3,VGND,li1,9.6600,59.8400,0.000021
FILLER_16_694,VGND,li1,325.2200,54.4000,0.000733
FILLER_16_679,VGND,li1,318.3200,54.4000,0.000733
FILLER_16_660,VGND,li1,309.8100,54.4000,0.000726
FILLER_16_652,VGND,li1,307.2800,54.4000,0.000724
FILLER_16_637,VGND,li1,298.7700,54.4000,0.000708
FILLER_16_616,VGND,li1,289.3400,54.4000,0.000692
FILLER_16_608,VGND,li1,285.4300,54.4000,0.000683
FILLER_16_593,VGND,li1,278.5300,54.4000,0.000659
FILLER_16_589,VGND,li1,277.3800,54.4000,0.000659
FILLER_16_571,VGND,li1,268.4100,54.4000,0.000621
FILLER_16_559,VGND,li1,265.4200,54.4000,0.000614
FILLER_16_545,VGND,li1,258.0600,54.4000,0.000582
FILLER_16_533,VGND,li1,253.4600,54.4000,0.000556
FILLER_16_530,VGND,li1,249.7800,54.4000,0.000534
FILLER_16_518,VGND,li1,246.5600,54.4000,0.000519
FILLER_16_514,VGND,li1,242.1900,54.4000,0.000502
FILLER_16_503,VGND,li1,237.1300,54.4000,0.000475
FILLER_16_477,VGND,li1,226.7800,54.4000,0.000410
FILLER_16_472,VGND,li1,223.5600,54.4000,0.000395
FILLER_16_445,VGND,li1,211.1400,54.4000,0.000314
FILLER_16_433,VGND,li1,207.4600,54.4000,0.000300
FILLER_16_421,VGND,li1,201.9400,54.4000,0.000266
FILLER_16_419,VGND,li1,198.4900,54.4000,0.000234
FILLER_16_413,VGND,li1,196.8800,54.4000,0.000234
FILLER_16_401,VGND,li1,192.7400,54.4000,0.000209
FILLER_16_389,VGND,li1,187.2200,54.4000,0.000167
FILLER_16_377,VGND,li1,181.7000,54.4000,0.000140
FILLER_16_365,VGND,li1,176.1800,54.4000,0.000138
FILLER_16_363,VGND,li1,172.7300,54.4000,0.000168
FILLER_16_357,VGND,li1,171.1200,54.4000,0.000168
FILLER_16_345,VGND,li1,166.9800,54.4000,0.000193
FILLER_16_333,VGND,li1,161.4600,54.4000,0.000233
FILLER_16_321,VGND,li1,155.9400,54.4000,0.000263
FILLER_16_309,VGND,li1,150.4200,54.4000,0.000297
FILLER_16_302,VGND,li1,145.8200,54.4000,0.000317
FILLER_16_291,VGND,li1,139.6100,54.4000,0.000359
FILLER_16_285,VGND,li1,138.0000,54.4000,0.000359
FILLER_16_223,VGND,li1,109.9400,54.4000,0.000389
FILLER_16_209,VGND,li1,101.8900,54.4000,0.000372
FILLER_16_197,VGND,li1,98.9000,54.4000,0.000364
FILLER_16_194,VGND,li1,95.2200,54.4000,0.000353
FILLER_16_184,VGND,li1,90.8500,54.4000,0.000340
FILLER_16_176,VGND,li1,88.3200,54.4000,0.000331
FILLER_16_171,VGND,li1,84.4100,54.4000,0.000318
FILLER_16_165,VGND,li1,82.8000,54.4000,0.000309
FILLER_16_153,VGND,li1,78.6600,54.4000,0.000296
FILLER_16_141,VGND,li1,73.1400,54.4000,0.000278
FILLER_16_139,VGND,li1,69.6900,54.4000,0.000266
FILLER_16_122,VGND,li1,61.8700,54.4000,0.000235
FILLER_16_114,VGND,li1,59.8000,54.4000,0.000227
FILLER_16_102,VGND,li1,55.2000,54.4000,0.000206
FILLER_16_97,VGND,li1,50.3700,54.4000,0.000183
FILLER_16_85,VGND,li1,47.3800,54.4000,0.000168
FILLER_16_83,VGND,li1,43.9300,54.4000,0.000151
FILLER_16_74,VGND,li1,40.0200,54.4000,0.000132
FILLER_16_64,VGND,li1,35.1900,54.4000,0.000108
FILLER_16_60,VGND,li1,34.0400,54.4000,0.000097
FILLER_16_44,VGND,li1,25.9900,54.4000,0.000054
FILLER_16_29,VGND,li1,19.3200,54.4000,0.000054
FILLER_16_27,VGND,li1,18.1700,54.4000,0.000054
FILLER_16_15,VGND,li1,15.1800,54.4000,0.000054
FILLER_16_3,VGND,li1,9.6600,54.4000,0.000054
FILLER_15_695,VGND,li1,325.4500,54.4000,0.000733
FILLER_15_689,VGND,li1,323.8400,54.4000,0.000733
FILLER_15_661,VGND,li1,310.2700,54.4000,0.000726
FILLER_15_654,VGND,li1,307.2800,54.4000,0.000724
FILLER_15_629,VGND,li1,297.6200,54.4000,0.000708
FILLER_15_617,VGND,li1,292.1000,54.4000,0.000699
FILLER_15_615,VGND,li1,288.6500,54.4000,0.000688
FILLER_15_609,VGND,li1,287.0400,54.4000,0.000683
FILLER_15_595,VGND,li1,281.0600,54.4000,0.000668
FILLER_15_573,VGND,li1,269.7900,54.4000,0.000632
FILLER_15_565,VGND,li1,267.2600,54.4000,0.000621
FILLER_15_557,VGND,li1,262.4300,54.4000,0.000595
FILLER_15_547,VGND,li1,258.5200,54.4000,0.000582
FILLER_15_530,VGND,li1,249.5500,54.4000,0.000534
FILLER_15_503,VGND,li1,237.1300,54.4000,0.000475
FILLER_15_495,VGND,li1,235.0600,54.4000,0.000462
FILLER_15_483,VGND,li1,228.1600,54.4000,0.000424
FILLER_15_475,VGND,li1,225.8600,54.4000,0.000410
FILLER_15_465,VGND,li1,219.6500,54.4000,0.000367
FILLER_15_461,VGND,li1,218.5000,54.4000,0.000367
FILLER_15_449,VGND,li1,214.8200,54.4000,0.000345
FILLER_15_447,VGND,li1,211.3700,54.4000,0.000314
FILLER_15_441,VGND,li1,209.7600,54.4000,0.000314
FILLER_15_429,VGND,li1,205.6200,54.4000,0.000288
FILLER_15_417,VGND,li1,200.1000,54.4000,0.000247
FILLER_15_405,VGND,li1,194.5800,54.4000,0.000220
FILLER_15_393,VGND,li1,189.0600,54.4000,0.000186
FILLER_15_391,VGND,li1,185.6100,54.4000,0.000155
FILLER_15_385,VGND,li1,184.0000,54.4000,0.000155
FILLER_15_373,VGND,li1,179.8600,54.4000,0.000122
FILLER_15_361,VGND,li1,174.3400,54.4000,0.000156
FILLER_15_349,VGND,li1,168.8200,54.4000,0.000182
FILLER_15_337,VGND,li1,163.3000,54.4000,0.000215
FILLER_15_335,VGND,li1,159.8500,54.4000,0.000246
FILLER_15_329,VGND,li1,158.2400,54.4000,0.000246
FILLER_15_299,VGND,li1,145.8200,54.4000,0.000317
FILLER_15_287,VGND,li1,140.3000,54.4000,0.000347
FILLER_15_279,VGND,li1,134.0900,54.4000,0.000388
FILLER_15_270,VGND,li1,130.4100,54.4000,0.000398
FILLER_15_262,VGND,li1,127.8800,54.4000,0.000410
FILLER_15_244,VGND,li1,119.6000,54.4000,0.000410
FILLER_15_237,VGND,li1,115.2300,54.4000,0.000403
FILLER_15_225,VGND,li1,111.7800,54.4000,0.000396
FILLER_15_209,VGND,li1,102.3500,54.4000,0.000372
FILLER_15_201,VGND,li1,99.8200,54.4000,0.000364
FILLER_15_176,VGND,li1,89.2400,54.4000,0.000331
FILLER_15_164,VGND,li1,81.8800,54.4000,0.000309
FILLER_15_145,VGND,li1,72.9100,54.4000,0.000278
FILLER_15_137,VGND,li1,70.3800,54.4000,0.000266
FILLER_15_129,VGND,li1,65.0900,54.4000,0.000248
FILLER_15_98,VGND,li1,52.4400,54.4000,0.000193
FILLER_15_86,VGND,li1,47.8400,54.4000,0.000168
FILLER_15_75,VGND,li1,41.8600,54.4000,0.000141
FILLER_15_63,VGND,li1,37.2600,54.4000,0.000118
FILLER_15_51,VGND,li1,29.2100,54.4000,0.000070
FILLER_15_39,VGND,li1,26.2200,54.4000,0.000054
FILLER_15_27,VGND,li1,20.7000,54.4000,0.000054
FILLER_15_15,VGND,li1,15.1800,54.4000,0.000054
FILLER_15_3,VGND,li1,9.6600,54.4000,0.000054
FILLER_14_672,VGND,li1,315.5600,48.9600,0.000527
FILLER_14_663,VGND,li1,310.7300,48.9600,0.000520
FILLER_14_657,VGND,li1,309.1200,48.9600,0.000520
FILLER_14_645,VGND,li1,304.9800,48.9600,0.000515
FILLER_14_625,VGND,li1,293.7100,48.9600,0.000491
FILLER_14_613,VGND,li1,290.2600,48.9600,0.000482
FILLER_14_601,VGND,li1,284.7400,48.9600,0.000466
FILLER_14_589,VGND,li1,279.2200,48.9600,0.000453
FILLER_14_587,VGND,li1,275.7700,48.9600,0.000439
FILLER_14_582,VGND,li1,273.4700,48.9600,0.000433
FILLER_14_574,VGND,li1,271.4000,48.9600,0.000426
FILLER_14_546,VGND,li1,258.5200,48.9600,0.000389
FILLER_14_533,VGND,li1,250.9300,48.9600,0.000361
FILLER_14_531,VGND,li1,250.0100,48.9600,0.000354
FILLER_14_525,VGND,li1,248.4000,48.9600,0.000354
FILLER_14_509,VGND,li1,241.0400,48.9600,0.000326
FILLER_14_500,VGND,li1,236.2100,48.9600,0.000306
FILLER_14_492,VGND,li1,233.6800,48.9600,0.000295
FILLER_14_469,VGND,li1,221.4900,48.9600,0.000243
FILLER_14_457,VGND,li1,218.5000,48.9600,0.000235
FILLER_14_445,VGND,li1,212.9800,48.9600,0.000206
FILLER_14_433,VGND,li1,207.4600,48.9600,0.000188
FILLER_14_421,VGND,li1,201.9400,48.9600,0.000164
FILLER_14_419,VGND,li1,198.4900,48.9600,0.000142
FILLER_14_413,VGND,li1,196.8800,48.9600,0.000142
FILLER_14_401,VGND,li1,192.7400,48.9600,0.000124
FILLER_14_389,VGND,li1,187.2200,48.9600,0.000094
FILLER_14_377,VGND,li1,181.7000,48.9600,0.000077
FILLER_14_365,VGND,li1,176.1800,48.9600,0.000070
FILLER_14_362,VGND,li1,172.5000,48.9600,0.000078
FILLER_14_354,VGND,li1,170.2000,48.9600,0.000082
FILLER_14_342,VGND,li1,165.6000,48.9600,0.000092
FILLER_14_330,VGND,li1,160.0800,48.9600,0.000105
FILLER_14_309,VGND,li1,148.1200,48.9600,0.000126
FILLER_14_280,VGND,li1,136.1600,48.9600,0.000138
FILLER_14_265,VGND,li1,130.1800,48.9600,0.000141
FILLER_14_253,VGND,li1,124.6600,48.9600,0.000144
FILLER_14_251,VGND,li1,121.2100,48.9600,0.000145
FILLER_14_243,VGND,li1,119.1400,48.9600,0.000145
FILLER_14_228,VGND,li1,112.2400,48.9600,0.000146
FILLER_14_216,VGND,li1,107.6400,48.9600,0.000145
FILLER_14_204,VGND,li1,102.1200,48.9600,0.000145
FILLER_14_193,VGND,li1,94.9900,48.9600,0.000143
FILLER_14_181,VGND,li1,91.5400,48.9600,0.000142
FILLER_14_167,VGND,li1,82.5700,48.9600,0.000136
FILLER_14_159,VGND,li1,80.5000,48.9600,0.000135
FILLER_14_147,VGND,li1,75.9000,48.9600,0.000131
FILLER_14_139,VGND,li1,69.6900,48.9600,0.000126
FILLER_14_128,VGND,li1,65.3200,48.9600,0.000119
FILLER_14_97,VGND,li1,52.9000,48.9600,0.000101
FILLER_14_85,VGND,li1,44.8500,48.9600,0.000087
FILLER_14_76,VGND,li1,40.7100,48.9600,0.000078
FILLER_14_68,VGND,li1,38.6400,48.9600,0.000071
FILLER_14_56,VGND,li1,34.0400,48.9600,0.000062
FILLER_14_45,VGND,li1,27.1400,48.9600,0.000045
FILLER_14_23,VGND,li1,16.5600,48.9600,0.000041
FILLER_14_15,VGND,li1,14.2600,48.9600,0.000041
FILLER_14_3,VGND,li1,9.6600,48.9600,0.000041
FILLER_13_694,VGND,li1,326.1400,48.9600,0.000533
FILLER_13_666,VGND,li1,313.2600,48.9600,0.000524
FILLER_13_608,VGND,li1,285.4300,48.9600,0.000466
FILLER_13_602,VGND,li1,283.8200,48.9600,0.000466
FILLER_13_596,VGND,li1,280.1400,48.9600,0.000453
FILLER_13_584,VGND,li1,276.9200,48.9600,0.000446
FILLER_13_573,VGND,li1,270.0200,48.9600,0.000426
FILLER_13_561,VGND,li1,265.4200,48.9600,0.000410
FILLER_13_557,VGND,li1,262.4300,48.9600,0.000400
FILLER_13_545,VGND,li1,258.9800,48.9600,0.000389
FILLER_13_532,VGND,li1,250.9300,48.9600,0.000361
FILLER_13_520,VGND,li1,247.4800,48.9600,0.000345
FILLER_13_515,VGND,li1,242.6500,48.9600,0.000326
FILLER_13_509,VGND,li1,241.0400,48.9600,0.000326
FILLER_13_503,VGND,li1,237.1300,48.9600,0.000306
FILLER_13_492,VGND,li1,233.2200,48.9600,0.000295
FILLER_13_461,VGND,li1,220.3400,48.9600,0.000243
FILLER_13_449,VGND,li1,214.8200,48.9600,0.000219
FILLER_13_447,VGND,li1,211.3700,48.9600,0.000197
FILLER_13_441,VGND,li1,209.7600,48.9600,0.000197
FILLER_13_429,VGND,li1,205.6200,48.9600,0.000180
FILLER_13_417,VGND,li1,200.1000,48.9600,0.000151
FILLER_13_405,VGND,li1,194.5800,48.9600,0.000132
FILLER_13_393,VGND,li1,189.0600,48.9600,0.000109
FILLER_13_391,VGND,li1,185.6100,48.9600,0.000094
FILLER_13_379,VGND,li1,182.6200,48.9600,0.000077
FILLER_13_367,VGND,li1,177.1000,48.9600,0.000070
FILLER_13_355,VGND,li1,171.5800,48.9600,0.000082
FILLER_13_344,VGND,li1,165.6000,48.9600,0.000092
FILLER_13_334,VGND,li1,159.6200,48.9600,0.000105
FILLER_13_325,VGND,li1,155.2500,48.9600,0.000116
FILLER_13_313,VGND,li1,149.7300,48.9600,0.000124
FILLER_13_301,VGND,li1,146.7400,48.9600,0.000129
FILLER_13_289,VGND,li1,141.2200,48.9600,0.000135
FILLER_13_278,VGND,li1,133.8600,48.9600,0.000139
FILLER_13_270,VGND,li1,131.5600,48.9600,0.000141
FILLER_13_249,VGND,li1,121.9000,48.9600,0.000145
FILLER_13_233,VGND,li1,113.3900,48.9600,0.000146
FILLER_13_225,VGND,li1,110.8600,48.9600,0.000146
FILLER_13_223,VGND,li1,108.3300,48.9600,0.000145
FILLER_13_219,VGND,li1,106.4900,48.9600,0.000145
FILLER_13_211,VGND,li1,104.4200,48.9600,0.000145
FILLER_13_199,VGND,li1,99.8200,48.9600,0.000145
FILLER_13_195,VGND,li1,95.4500,48.9600,0.000143
FILLER_13_189,VGND,li1,93.8400,48.9600,0.000143
FILLER_13_181,VGND,li1,89.7000,48.9600,0.000141
FILLER_13_169,VGND,li1,86.0200,48.9600,0.000138
FILLER_13_166,VGND,li1,82.3400,48.9600,0.000136
FILLER_13_158,VGND,li1,80.0400,48.9600,0.000135
FILLER_13_150,VGND,li1,74.7500,48.9600,0.000131
FILLER_13_144,VGND,li1,73.1400,48.9600,0.000128
FILLER_13_139,VGND,li1,69.6900,48.9600,0.000126
FILLER_13_133,VGND,li1,68.0800,48.9600,0.000124
FILLER_13_121,VGND,li1,63.9400,48.9600,0.000119
FILLER_13_113,VGND,li1,57.7300,48.9600,0.000110
FILLER_13_111,VGND,li1,56.8100,48.9600,0.000110
FILLER_13_103,VGND,li1,54.7400,48.9600,0.000106
FILLER_13_90,VGND,li1,47.1500,48.9600,0.000092
FILLER_13_78,VGND,li1,44.1600,48.9600,0.000084
FILLER_13_64,VGND,li1,35.1900,48.9600,0.000066
FILLER_13_50,VGND,li1,29.9000,48.9600,0.000052
FILLER_13_33,VGND,li1,20.9300,48.9600,0.000041
FILLER_13_27,VGND,li1,19.3200,48.9600,0.000041
FILLER_13_15,VGND,li1,15.1800,48.9600,0.000041
FILLER_13_3,VGND,li1,9.6600,48.9600,0.000041
FILLER_12_661,VGND,li1,310.5000,43.5200,0.000996
FILLER_12_639,VGND,li1,299.9200,43.5200,0.000954
FILLER_12_631,VGND,li1,297.6200,43.5200,0.000943
FILLER_12_624,VGND,li1,292.7900,43.5200,0.000912
FILLER_12_603,VGND,li1,283.3600,43.5200,0.000872
FILLER_12_595,VGND,li1,279.4500,43.5200,0.000841
FILLER_12_589,VGND,li1,277.8400,43.5200,0.000841
FILLER_12_584,VGND,li1,275.0800,43.5200,0.000825
FILLER_12_560,VGND,li1,264.9600,43.5200,0.000763
FILLER_12_524,VGND,li1,247.4800,43.5200,0.000650
FILLER_12_517,VGND,li1,243.5700,43.5200,0.000615
FILLER_12_513,VGND,li1,242.4200,43.5200,0.000615
FILLER_12_501,VGND,li1,238.7400,43.5200,0.000582
FILLER_12_489,VGND,li1,233.2200,43.5200,0.000549
FILLER_12_477,VGND,li1,225.1700,43.5200,0.000496
FILLER_12_475,VGND,li1,224.2500,43.5200,0.000481
FILLER_12_465,VGND,li1,219.8800,43.5200,0.000457
FILLER_12_457,VGND,li1,217.5800,43.5200,0.000440
FILLER_12_445,VGND,li1,212.9800,43.5200,0.000393
FILLER_12_433,VGND,li1,207.4600,43.5200,0.000358
FILLER_12_421,VGND,li1,201.9400,43.5200,0.000313
FILLER_12_412,VGND,li1,196.8800,43.5200,0.000272
FILLER_12_400,VGND,li1,192.2800,43.5200,0.000235
FILLER_12_388,VGND,li1,186.7600,43.5200,0.000184
FILLER_12_377,VGND,li1,179.6300,43.5200,0.000125
FILLER_12_365,VGND,li1,176.1800,43.5200,0.000136
FILLER_12_363,VGND,li1,172.7300,43.5200,0.000151
FILLER_12_355,VGND,li1,170.6600,43.5200,0.000160
FILLER_12_325,VGND,li1,155.2500,43.5200,0.000227
FILLER_12_321,VGND,li1,154.1000,43.5200,0.000236
FILLER_12_309,VGND,li1,150.4200,43.5200,0.000246
FILLER_12_306,VGND,li1,146.7400,43.5200,0.000259
FILLER_12_298,VGND,li1,144.4400,43.5200,0.000267
FILLER_12_278,VGND,li1,133.6300,43.5200,0.000297
FILLER_12_272,VGND,li1,132.0200,43.5200,0.000297
FILLER_12_253,VGND,li1,122.8200,43.5200,0.000316
FILLER_12_246,VGND,li1,120.0600,43.5200,0.000318
FILLER_12_234,VGND,li1,115.9200,43.5200,0.000326
FILLER_12_211,VGND,li1,103.2700,43.5200,0.000337
FILLER_12_197,VGND,li1,96.6000,43.5200,0.000339
FILLER_12_171,VGND,li1,84.4100,43.5200,0.000338
FILLER_12_141,VGND,li1,71.3000,43.5200,0.000316
FILLER_12_138,VGND,li1,69.4600,43.5200,0.000308
FILLER_12_126,VGND,li1,66.2400,43.5200,0.000289
FILLER_12_111,VGND,li1,57.0400,43.5200,0.000244
FILLER_12_103,VGND,li1,54.7400,43.5200,0.000228
FILLER_12_97,VGND,li1,50.6000,43.5200,0.000204
FILLER_12_85,VGND,li1,47.3800,43.5200,0.000190
FILLER_12_81,VGND,li1,43.4700,43.5200,0.000171
FILLER_12_63,VGND,li1,37.2600,43.5200,0.000128
FILLER_12_59,VGND,li1,32.8900,43.5200,0.000108
FILLER_12_53,VGND,li1,31.2800,43.5200,0.000090
FILLER_12_41,VGND,li1,27.1400,43.5200,0.000073
FILLER_12_29,VGND,li1,21.6200,43.5200,0.000061
FILLER_12_27,VGND,li1,18.1700,43.5200,0.000061
FILLER_12_15,VGND,li1,15.1800,43.5200,0.000061
FILLER_12_3,VGND,li1,9.6600,43.5200,0.000061
FILLER_11_695,VGND,li1,325.4500,43.5200,0.001015
FILLER_11_689,VGND,li1,323.8400,43.5200,0.001015
FILLER_11_662,VGND,li1,310.2700,43.5200,0.000996
FILLER_11_658,VGND,li1,309.1200,43.5200,0.000996
FILLER_11_653,VGND,li1,306.3600,43.5200,0.000983
FILLER_11_641,VGND,li1,303.1400,43.5200,0.000964
FILLER_11_629,VGND,li1,297.6200,43.5200,0.000943
FILLER_11_617,VGND,li1,292.1000,43.5200,0.000912
FILLER_11_615,VGND,li1,288.6500,43.5200,0.000899
FILLER_11_607,VGND,li1,286.5800,43.5200,0.000889
FILLER_11_593,VGND,li1,278.5300,43.5200,0.000841
FILLER_11_581,VGND,li1,275.5400,43.5200,0.000825
FILLER_11_567,VGND,li1,266.5700,43.5200,0.000763
FILLER_11_561,VGND,li1,264.9600,43.5200,0.000763
FILLER_11_558,VGND,li1,262.6600,43.5200,0.000743
FILLER_11_546,VGND,li1,259.4400,43.5200,0.000726
FILLER_11_529,VGND,li1,251.6200,43.5200,0.000678
FILLER_11_503,VGND,li1,237.1300,43.5200,0.000568
FILLER_11_497,VGND,li1,235.5200,43.5200,0.000568
FILLER_11_488,VGND,li1,230.6900,43.5200,0.000525
FILLER_11_455,VGND,li1,215.0500,43.5200,0.000419
FILLER_11_449,VGND,li1,213.4400,43.5200,0.000393
FILLER_11_447,VGND,li1,211.3700,43.5200,0.000376
FILLER_11_441,VGND,li1,209.7600,43.5200,0.000376
FILLER_11_429,VGND,li1,205.6200,43.5200,0.000343
FILLER_11_417,VGND,li1,200.1000,43.5200,0.000289
FILLER_11_405,VGND,li1,194.5800,43.5200,0.000253
FILLER_11_393,VGND,li1,189.0600,43.5200,0.000208
FILLER_11_391,VGND,li1,185.6100,43.5200,0.000167
FILLER_11_385,VGND,li1,184.0000,43.5200,0.000167
FILLER_11_373,VGND,li1,179.8600,43.5200,0.000125
FILLER_11_361,VGND,li1,174.3400,43.5200,0.000151
FILLER_11_349,VGND,li1,168.8200,43.5200,0.000175
FILLER_11_337,VGND,li1,163.3000,43.5200,0.000192
FILLER_11_332,VGND,li1,159.1600,43.5200,0.000210
FILLER_11_322,VGND,li1,153.8700,43.5200,0.000236
FILLER_11_281,VGND,li1,135.4700,43.5200,0.000291
FILLER_11_265,VGND,li1,128.8000,43.5200,0.000305
FILLER_11_256,VGND,li1,123.7400,43.5200,0.000316
FILLER_11_235,VGND,li1,114.3100,43.5200,0.000326
FILLER_11_221,VGND,li1,107.8700,43.5200,0.000333
FILLER_11_189,VGND,li1,93.1500,43.5200,0.000340
FILLER_11_175,VGND,li1,86.2500,43.5200,0.000339
FILLER_11_169,VGND,li1,84.6400,43.5200,0.000338
FILLER_11_167,VGND,li1,82.5700,43.5200,0.000337
FILLER_11_159,VGND,li1,80.5000,43.5200,0.000336
FILLER_11_144,VGND,li1,71.9900,43.5200,0.000316
FILLER_11_125,VGND,li1,65.7800,43.5200,0.000289
FILLER_11_113,VGND,li1,60.2600,43.5200,0.000256
FILLER_11_111,VGND,li1,56.8100,43.5200,0.000244
FILLER_11_99,VGND,li1,53.8200,43.5200,0.000228
FILLER_11_88,VGND,li1,46.9200,43.5200,0.000190
FILLER_11_65,VGND,li1,36.1100,43.5200,0.000128
FILLER_11_57,VGND,li1,33.5800,43.5200,0.000108
FILLER_11_55,VGND,li1,31.0500,43.5200,0.000090
FILLER_11_51,VGND,li1,29.9000,43.5200,0.000090
FILLER_11_39,VGND,li1,26.2200,43.5200,0.000061
FILLER_11_27,VGND,li1,20.7000,43.5200,0.000061
FILLER_11_15,VGND,li1,15.1800,43.5200,0.000061
FILLER_11_3,VGND,li1,9.6600,43.5200,0.000061
FILLER_10_696,VGND,li1,326.6000,38.0800,0.000328
FILLER_10_684,VGND,li1,322.9200,38.0800,0.000328
FILLER_10_678,VGND,li1,317.6300,38.0800,0.000328
FILLER_10_670,VGND,li1,315.5600,38.0800,0.000328
FILLER_10_661,VGND,li1,309.8100,38.0800,0.000328
FILLER_10_641,VGND,li1,301.0700,38.0800,0.000326
FILLER_10_621,VGND,li1,292.1000,38.0800,0.000321
FILLER_10_609,VGND,li1,288.4200,38.0800,0.000316
FILLER_10_597,VGND,li1,282.9000,38.0800,0.000309
FILLER_10_582,VGND,li1,273.4700,38.0800,0.000296
FILLER_10_578,VGND,li1,272.3200,38.0800,0.000296
FILLER_10_556,VGND,li1,261.7400,38.0800,0.000279
FILLER_10_533,VGND,li1,250.9300,38.0800,0.000257
FILLER_10_530,VGND,li1,249.7800,38.0800,0.000257
FILLER_10_510,VGND,li1,240.3500,38.0800,0.000237
FILLER_10_502,VGND,li1,238.2800,38.0800,0.000230
FILLER_10_490,VGND,li1,233.6800,38.0800,0.000222
FILLER_10_475,VGND,li1,224.2500,38.0800,0.000200
FILLER_10_463,VGND,li1,221.2600,38.0800,0.000191
FILLER_10_457,VGND,li1,216.4300,38.0800,0.000178
FILLER_10_445,VGND,li1,212.9800,38.0800,0.000171
FILLER_10_433,VGND,li1,207.4600,38.0800,0.000161
FILLER_10_421,VGND,li1,201.9400,38.0800,0.000147
FILLER_10_419,VGND,li1,198.4900,38.0800,0.000135
FILLER_10_413,VGND,li1,196.8800,38.0800,0.000135
FILLER_10_401,VGND,li1,192.7400,38.0800,0.000126
FILLER_10_389,VGND,li1,187.2200,38.0800,0.000112
FILLER_10_377,VGND,li1,181.7000,38.0800,0.000099
FILLER_10_365,VGND,li1,176.1800,38.0800,0.000110
FILLER_10_360,VGND,li1,172.0400,38.0800,0.000138
FILLER_10_348,VGND,li1,168.3600,38.0800,0.000166
FILLER_10_336,VGND,li1,162.8400,38.0800,0.000197
FILLER_10_307,VGND,li1,146.9700,38.0800,0.000254
FILLER_10_289,VGND,li1,140.3000,38.0800,0.000266
FILLER_10_277,VGND,li1,135.7000,38.0800,0.000274
FILLER_10_265,VGND,li1,130.1800,38.0800,0.000286
FILLER_10_253,VGND,li1,124.6600,38.0800,0.000292
FILLER_10_249,VGND,li1,120.7500,38.0800,0.000295
FILLER_10_241,VGND,li1,118.2200,38.0800,0.000297
FILLER_10_226,VGND,li1,109.9400,38.0800,0.000298
FILLER_10_216,VGND,li1,105.5700,38.0800,0.000297
FILLER_10_203,VGND,li1,99.1300,38.0800,0.000292
FILLER_10_197,VGND,li1,97.5200,38.0800,0.000292
FILLER_10_177,VGND,li1,87.1700,38.0800,0.000284
FILLER_10_173,VGND,li1,86.0200,38.0800,0.000284
FILLER_10_160,VGND,li1,80.9600,38.0800,0.000277
FILLER_10_153,VGND,li1,76.5900,38.0800,0.000270
FILLER_10_139,VGND,li1,69.6900,38.0800,0.000252
FILLER_10_135,VGND,li1,68.5400,38.0800,0.000252
FILLER_10_113,VGND,li1,58.4200,38.0800,0.000227
FILLER_10_93,VGND,li1,48.5300,38.0800,0.000196
FILLER_10_85,VGND,li1,46.4600,38.0800,0.000189
FILLER_10_69,VGND,li1,37.7200,38.0800,0.000156
FILLER_10_61,VGND,li1,35.4200,38.0800,0.000148
FILLER_10_47,VGND,li1,27.3700,38.0800,0.000091
FILLER_10_41,VGND,li1,25.7600,38.0800,0.000075
FILLER_10_29,VGND,li1,21.6200,38.0800,0.000075
FILLER_10_27,VGND,li1,18.1700,38.0800,0.000075
FILLER_10_15,VGND,li1,15.1800,38.0800,0.000075
FILLER_10_3,VGND,li1,9.6600,38.0800,0.000075
FILLER_9_697,VGND,li1,326.8300,38.0800,0.000328
FILLER_9_685,VGND,li1,323.3800,38.0800,0.000328
FILLER_9_673,VGND,li1,317.8600,38.0800,0.000328
FILLER_9_668,VGND,li1,313.7200,38.0800,0.000328
FILLER_9_656,VGND,li1,310.0400,38.0800,0.000328
FILLER_9_644,VGND,li1,304.5200,38.0800,0.000328
FILLER_9_632,VGND,li1,299.0000,38.0800,0.000326
FILLER_9_617,VGND,li1,292.1000,38.0800,0.000321
FILLER_9_615,VGND,li1,288.6500,38.0800,0.000316
FILLER_9_609,VGND,li1,287.0400,38.0800,0.000316
FILLER_9_594,VGND,li1,279.2200,38.0800,0.000306
FILLER_9_584,VGND,li1,274.3900,38.0800,0.000300
FILLER_9_578,VGND,li1,272.7800,38.0800,0.000296
FILLER_9_566,VGND,li1,268.6400,38.0800,0.000290
FILLER_9_561,VGND,li1,263.8100,38.0800,0.000282
FILLER_9_552,VGND,li1,261.2800,38.0800,0.000279
FILLER_9_545,VGND,li1,257.1400,38.0800,0.000271
FILLER_9_537,VGND,li1,253.0000,38.0800,0.000262
FILLER_9_529,VGND,li1,250.7000,38.0800,0.000257
FILLER_9_517,VGND,li1,246.1000,38.0800,0.000247
FILLER_9_505,VGND,li1,240.5800,38.0800,0.000237
FILLER_9_503,VGND,li1,237.1300,38.0800,0.000230
FILLER_9_488,VGND,li1,230.2300,38.0800,0.000212
FILLER_9_481,VGND,li1,227.4700,38.0800,0.000207
FILLER_9_473,VGND,li1,224.9400,38.0800,0.000200
FILLER_9_461,VGND,li1,220.3400,38.0800,0.000191
FILLER_9_449,VGND,li1,214.8200,38.0800,0.000178
FILLER_9_447,VGND,li1,211.3700,38.0800,0.000166
FILLER_9_441,VGND,li1,209.7600,38.0800,0.000166
FILLER_9_429,VGND,li1,205.6200,38.0800,0.000156
FILLER_9_417,VGND,li1,200.1000,38.0800,0.000140
FILLER_9_405,VGND,li1,194.5800,38.0800,0.000130
FILLER_9_393,VGND,li1,189.0600,38.0800,0.000117
FILLER_9_388,VGND,li1,184.9200,38.0800,0.000107
FILLER_9_358,VGND,li1,171.5800,38.0800,0.000138
FILLER_9_337,VGND,li1,161.0000,38.0800,0.000213
FILLER_9_334,VGND,li1,159.6200,38.0800,0.000213
FILLER_9_317,VGND,li1,151.5700,38.0800,0.000242
FILLER_9_305,VGND,li1,148.5800,38.0800,0.000248
FILLER_9_293,VGND,li1,143.0600,38.0800,0.000261
FILLER_9_281,VGND,li1,137.5400,38.0800,0.000270
FILLER_9_276,VGND,li1,133.4000,38.0800,0.000278
FILLER_9_254,VGND,li1,123.0500,38.0800,0.000292
FILLER_9_233,VGND,li1,113.1600,38.0800,0.000299
FILLER_9_225,VGND,li1,110.8600,38.0800,0.000298
FILLER_9_223,VGND,li1,108.3300,38.0800,0.000298
FILLER_9_216,VGND,li1,105.5700,38.0800,0.000297
FILLER_9_208,VGND,li1,103.0400,38.0800,0.000295
FILLER_9_200,VGND,li1,98.2100,38.0800,0.000292
FILLER_9_167,VGND,li1,82.5700,38.0800,0.000277
FILLER_9_147,VGND,li1,73.3700,38.0800,0.000260
FILLER_9_111,VGND,li1,56.8100,38.0800,0.000219
FILLER_9_107,VGND,li1,55.6600,38.0800,0.000219
FILLER_9_95,VGND,li1,51.9800,38.0800,0.000207
FILLER_9_84,VGND,li1,46.0000,38.0800,0.000181
FILLER_9_72,VGND,li1,41.4000,38.0800,0.000170
FILLER_9_57,VGND,li1,32.6600,38.0800,0.000129
FILLER_9_55,VGND,li1,31.0500,38.0800,0.000110
FILLER_9_51,VGND,li1,29.9000,38.0800,0.000110
FILLER_9_39,VGND,li1,26.2200,38.0800,0.000075
FILLER_9_27,VGND,li1,20.7000,38.0800,0.000075
FILLER_9_15,VGND,li1,15.1800,38.0800,0.000075
FILLER_9_3,VGND,li1,9.6600,38.0800,0.000075
FILLER_8_699,VGND,li1,327.2900,32.6400,0.000151
FILLER_8_693,VGND,li1,325.6800,32.6400,0.000151
FILLER_8_681,VGND,li1,321.5400,32.6400,0.000151
FILLER_8_669,VGND,li1,316.0200,32.6400,0.000151
FILLER_8_657,VGND,li1,310.5000,32.6400,0.000151
FILLER_8_645,VGND,li1,304.9800,32.6400,0.000151
FILLER_8_641,VGND,li1,301.0700,32.6400,0.000151
FILLER_8_633,VGND,li1,298.5400,32.6400,0.000151
FILLER_8_621,VGND,li1,293.9400,32.6400,0.000151
FILLER_8_609,VGND,li1,288.4200,32.6400,0.000151
FILLER_8_597,VGND,li1,282.9000,32.6400,0.000151
FILLER_8_587,VGND,li1,275.7700,32.6400,0.000150
FILLER_8_581,VGND,li1,274.1600,32.6400,0.000150
FILLER_8_569,VGND,li1,270.0200,32.6400,0.000150
FILLER_8_557,VGND,li1,264.5000,32.6400,0.000148
FILLER_8_545,VGND,li1,258.9800,32.6400,0.000147
FILLER_8_533,VGND,li1,253.4600,32.6400,0.000145
FILLER_8_513,VGND,li1,242.4200,32.6400,0.000141
FILLER_8_501,VGND,li1,238.7400,32.6400,0.000138
FILLER_8_493,VGND,li1,232.5300,32.6400,0.000134
FILLER_8_489,VGND,li1,231.3800,32.6400,0.000134
FILLER_8_477,VGND,li1,225.6300,32.6400,0.000128
FILLER_8_475,VGND,li1,224.2500,32.6400,0.000126
FILLER_8_469,VGND,li1,222.6400,32.6400,0.000126
FILLER_8_457,VGND,li1,218.5000,32.6400,0.000118
FILLER_8_445,VGND,li1,212.9800,32.6400,0.000107
FILLER_8_433,VGND,li1,207.4600,32.6400,0.000099
FILLER_8_421,VGND,li1,201.9400,32.6400,0.000090
FILLER_8_419,VGND,li1,198.4900,32.6400,0.000082
FILLER_8_415,VGND,li1,197.3400,32.6400,0.000082
FILLER_8_403,VGND,li1,193.6600,32.6400,0.000075
FILLER_8_391,VGND,li1,188.1400,32.6400,0.000066
FILLER_8_379,VGND,li1,182.6200,32.6400,0.000056
FILLER_8_365,VGND,li1,173.6500,32.6400,0.000071
FILLER_8_363,VGND,li1,172.7300,32.6400,0.000071
FILLER_8_341,VGND,li1,162.6100,32.6400,0.000099
FILLER_8_325,VGND,li1,155.7100,32.6400,0.000117
FILLER_8_309,VGND,li1,149.5000,32.6400,0.000134
FILLER_8_302,VGND,li1,145.8200,32.6400,0.000147
FILLER_8_285,VGND,li1,136.8500,32.6400,0.000164
FILLER_8_279,VGND,li1,135.2400,32.6400,0.000169
FILLER_8_257,VGND,li1,123.9700,32.6400,0.000184
FILLER_8_253,VGND,li1,122.8200,32.6400,0.000184
FILLER_8_232,VGND,li1,113.1600,32.6400,0.000197
FILLER_8_215,VGND,li1,104.6500,32.6400,0.000201
FILLER_8_197,VGND,li1,96.6000,32.6400,0.000199
FILLER_8_179,VGND,li1,88.0900,32.6400,0.000194
FILLER_8_141,VGND,li1,70.6100,32.6400,0.000180
FILLER_8_126,VGND,li1,63.7100,32.6400,0.000171
FILLER_8_98,VGND,li1,51.0600,32.6400,0.000140
FILLER_8_65,VGND,li1,38.1800,32.6400,0.000094
FILLER_8_53,VGND,li1,32.6600,32.6400,0.000071
FILLER_8_41,VGND,li1,27.1400,32.6400,0.000049
FILLER_8_29,VGND,li1,21.6200,32.6400,0.000041
FILLER_8_27,VGND,li1,18.1700,32.6400,0.000041
FILLER_8_15,VGND,li1,15.1800,32.6400,0.000041
FILLER_8_3,VGND,li1,9.6600,32.6400,0.000041
FILLER_7_697,VGND,li1,326.8300,32.6400,0.000151
FILLER_7_685,VGND,li1,323.3800,32.6400,0.000151
FILLER_7_673,VGND,li1,317.8600,32.6400,0.000151
FILLER_7_671,VGND,li1,314.4100,32.6400,0.000151
FILLER_7_665,VGND,li1,312.8000,32.6400,0.000151
FILLER_7_653,VGND,li1,308.6600,32.6400,0.000151
FILLER_7_641,VGND,li1,303.1400,32.6400,0.000151
FILLER_7_629,VGND,li1,297.6200,32.6400,0.000151
FILLER_7_617,VGND,li1,292.1000,32.6400,0.000151
FILLER_7_610,VGND,li1,287.5000,32.6400,0.000151
FILLER_7_598,VGND,li1,283.3600,32.6400,0.000151
FILLER_7_576,VGND,li1,270.9400,32.6400,0.000150
FILLER_7_561,VGND,li1,263.8100,32.6400,0.000148
FILLER_7_557,VGND,li1,262.4300,32.6400,0.000148
FILLER_7_532,VGND,li1,250.4700,32.6400,0.000145
FILLER_7_522,VGND,li1,245.8700,32.6400,0.000142
FILLER_7_513,VGND,li1,242.1900,32.6400,0.000140
FILLER_7_503,VGND,li1,237.1300,32.6400,0.000138
FILLER_7_499,VGND,li1,235.9800,32.6400,0.000137
FILLER_7_461,VGND,li1,218.9600,32.6400,0.000118
FILLER_7_449,VGND,li1,214.8200,32.6400,0.000112
FILLER_7_447,VGND,li1,211.3700,32.6400,0.000103
FILLER_7_441,VGND,li1,209.7600,32.6400,0.000103
FILLER_7_429,VGND,li1,205.6200,32.6400,0.000096
FILLER_7_417,VGND,li1,200.1000,32.6400,0.000087
FILLER_7_405,VGND,li1,194.5800,32.6400,0.000075
FILLER_7_393,VGND,li1,189.0600,32.6400,0.000066
FILLER_7_384,VGND,li1,184.0000,32.6400,0.000056
FILLER_7_372,VGND,li1,179.4000,32.6400,0.000050
FILLER_7_366,VGND,li1,174.5700,32.6400,0.000063
FILLER_7_357,VGND,li1,169.9700,32.6400,0.000078
FILLER_7_349,VGND,li1,167.9000,32.6400,0.000089
FILLER_7_337,VGND,li1,163.3000,32.6400,0.000099
FILLER_7_333,VGND,li1,159.3900,32.6400,0.000108
FILLER_7_325,VGND,li1,156.8600,32.6400,0.000117
FILLER_7_313,VGND,li1,152.2600,32.6400,0.000127
FILLER_7_292,VGND,li1,140.3000,32.6400,0.000160
FILLER_7_281,VGND,li1,136.6200,32.6400,0.000164
FILLER_7_277,VGND,li1,133.6300,32.6400,0.000169
FILLER_7_265,VGND,li1,130.1800,32.6400,0.000174
FILLER_7_256,VGND,li1,123.5100,32.6400,0.000184
FILLER_7_252,VGND,li1,122.3600,32.6400,0.000187
FILLER_7_222,VGND,li1,108.1000,32.6400,0.000201
FILLER_7_210,VGND,li1,102.3500,32.6400,0.000201
FILLER_7_192,VGND,li1,94.3000,32.6400,0.000198
FILLER_7_183,VGND,li1,89.9300,32.6400,0.000196
FILLER_7_177,VGND,li1,88.3200,32.6400,0.000194
FILLER_7_166,VGND,li1,82.3400,32.6400,0.000191
FILLER_7_158,VGND,li1,80.0400,32.6400,0.000190
FILLER_7_146,VGND,li1,75.4400,32.6400,0.000185
FILLER_7_134,VGND,li1,69.9200,32.6400,0.000180
FILLER_7_113,VGND,li1,57.7300,32.6400,0.000159
FILLER_7_108,VGND,li1,56.1200,32.6400,0.000152
FILLER_7_77,VGND,li1,41.4000,32.6400,0.000107
FILLER_7_69,VGND,li1,39.1000,32.6400,0.000094
FILLER_7_57,VGND,li1,34.5000,32.6400,0.000079
FILLER_7_55,VGND,li1,31.0500,32.6400,0.000060
FILLER_7_51,VGND,li1,29.9000,32.6400,0.000060
FILLER_7_39,VGND,li1,26.2200,32.6400,0.000041
FILLER_7_27,VGND,li1,20.7000,32.6400,0.000041
FILLER_7_15,VGND,li1,15.1800,32.6400,0.000041
FILLER_7_3,VGND,li1,9.6600,32.6400,0.000041
FILLER_6_699,VGND,li1,327.2900,27.2000,0.000188
FILLER_6_693,VGND,li1,325.6800,27.2000,0.000188
FILLER_6_681,VGND,li1,321.5400,27.2000,0.000188
FILLER_6_669,VGND,li1,316.0200,27.2000,0.000188
FILLER_6_657,VGND,li1,310.5000,27.2000,0.000188
FILLER_6_645,VGND,li1,304.9800,27.2000,0.000188
FILLER_6_641,VGND,li1,301.0700,27.2000,0.000188
FILLER_6_629,VGND,li1,297.6200,27.2000,0.000188
FILLER_6_617,VGND,li1,292.1000,27.2000,0.000188
FILLER_6_605,VGND,li1,286.5800,27.2000,0.000188
FILLER_6_593,VGND,li1,281.0600,27.2000,0.000188
FILLER_6_582,VGND,li1,274.6200,27.2000,0.000188
FILLER_6_563,VGND,li1,265.1900,27.2000,0.000187
FILLER_6_556,VGND,li1,261.9700,27.2000,0.000185
FILLER_6_531,VGND,li1,250.0100,27.2000,0.000178
FILLER_6_520,VGND,li1,245.1800,27.2000,0.000174
FILLER_6_512,VGND,li1,242.8800,27.2000,0.000172
FILLER_6_507,VGND,li1,238.9700,27.2000,0.000167
FILLER_6_503,VGND,li1,237.8200,27.2000,0.000167
FILLER_6_488,VGND,li1,231.3800,27.2000,0.000158
FILLER_6_477,VGND,li1,226.7800,27.2000,0.000151
FILLER_6_473,VGND,li1,223.7900,27.2000,0.000145
FILLER_6_469,VGND,li1,221.4900,27.2000,0.000142
FILLER_6_457,VGND,li1,218.5000,27.2000,0.000140
FILLER_6_445,VGND,li1,212.9800,27.2000,0.000130
FILLER_6_433,VGND,li1,207.4600,27.2000,0.000124
FILLER_6_421,VGND,li1,201.9400,27.2000,0.000116
FILLER_6_419,VGND,li1,198.4900,27.2000,0.000111
FILLER_6_407,VGND,li1,195.5000,27.2000,0.000105
FILLER_6_395,VGND,li1,189.9800,27.2000,0.000097
FILLER_6_365,VGND,li1,174.8000,27.2000,0.000117
FILLER_6_358,VGND,li1,171.5800,27.2000,0.000130
FILLER_6_346,VGND,li1,167.4400,27.2000,0.000151
FILLER_6_335,VGND,li1,160.3100,27.2000,0.000194
FILLER_6_309,VGND,li1,148.1200,27.2000,0.000264
FILLER_6_305,VGND,li1,146.5100,27.2000,0.000264
FILLER_6_297,VGND,li1,143.9800,27.2000,0.000276
FILLER_6_285,VGND,li1,139.3800,27.2000,0.000297
FILLER_6_280,VGND,li1,134.5500,27.2000,0.000318
FILLER_6_250,VGND,li1,120.9800,27.2000,0.000374
FILLER_6_233,VGND,li1,112.9300,27.2000,0.000375
FILLER_6_227,VGND,li1,111.3200,27.2000,0.000375
FILLER_6_219,VGND,li1,106.9500,27.2000,0.000371
FILLER_6_197,VGND,li1,96.6000,27.2000,0.000357
FILLER_6_190,VGND,li1,93.1500,27.2000,0.000351
FILLER_6_182,VGND,li1,91.0800,27.2000,0.000347
FILLER_6_162,VGND,li1,81.8800,27.2000,0.000321
FILLER_6_138,VGND,li1,69.4600,27.2000,0.000283
FILLER_6_121,VGND,li1,61.4100,27.2000,0.000250
FILLER_6_107,VGND,li1,54.9700,27.2000,0.000222
FILLER_6_82,VGND,li1,43.7000,27.2000,0.000164
FILLER_6_65,VGND,li1,35.6500,27.2000,0.000119
FILLER_6_53,VGND,li1,32.6600,27.2000,0.000108
FILLER_6_41,VGND,li1,27.1400,27.2000,0.000074
FILLER_6_29,VGND,li1,21.6200,27.2000,0.000061
FILLER_6_27,VGND,li1,18.1700,27.2000,0.000061
FILLER_6_15,VGND,li1,15.1800,27.2000,0.000061
FILLER_6_3,VGND,li1,9.6600,27.2000,0.000061
FILLER_5_697,VGND,li1,326.8300,27.2000,0.000188
FILLER_5_685,VGND,li1,323.3800,27.2000,0.000188
FILLER_5_673,VGND,li1,317.8600,27.2000,0.000188
FILLER_5_671,VGND,li1,314.4100,27.2000,0.000188
FILLER_5_665,VGND,li1,312.8000,27.2000,0.000188
FILLER_5_653,VGND,li1,308.6600,27.2000,0.000188
FILLER_5_641,VGND,li1,303.1400,27.2000,0.000188
FILLER_5_629,VGND,li1,297.6200,27.2000,0.000188
FILLER_5_617,VGND,li1,292.1000,27.2000,0.000188
FILLER_5_610,VGND,li1,287.5000,27.2000,0.000188
FILLER_5_598,VGND,li1,283.3600,27.2000,0.000188
FILLER_5_586,VGND,li1,277.8400,27.2000,0.000188
FILLER_5_569,VGND,li1,269.1000,27.2000,0.000188
FILLER_5_552,VGND,li1,261.2800,27.2000,0.000185
FILLER_5_534,VGND,li1,251.6200,27.2000,0.000180
FILLER_5_530,VGND,li1,249.5500,27.2000,0.000178
FILLER_5_526,VGND,li1,248.4000,27.2000,0.000176
FILLER_5_514,VGND,li1,244.7200,27.2000,0.000174
FILLER_5_498,VGND,li1,234.8300,27.2000,0.000163
FILLER_5_489,VGND,li1,230.6900,27.2000,0.000155
FILLER_5_483,VGND,li1,229.0800,27.2000,0.000155
FILLER_5_479,VGND,li1,226.0900,27.2000,0.000148
FILLER_5_473,VGND,li1,224.4800,27.2000,0.000148
FILLER_5_461,VGND,li1,220.3400,27.2000,0.000142
FILLER_5_449,VGND,li1,214.8200,27.2000,0.000134
FILLER_5_447,VGND,li1,211.3700,27.2000,0.000127
FILLER_5_441,VGND,li1,209.7600,27.2000,0.000127
FILLER_5_429,VGND,li1,205.6200,27.2000,0.000121
FILLER_5_417,VGND,li1,200.1000,27.2000,0.000111
FILLER_5_405,VGND,li1,194.5800,27.2000,0.000105
FILLER_5_393,VGND,li1,189.0600,27.2000,0.000097
FILLER_5_389,VGND,li1,185.1500,27.2000,0.000092
FILLER_5_351,VGND,li1,167.2100,27.2000,0.000161
FILLER_5_345,VGND,li1,165.6000,27.2000,0.000161
FILLER_5_337,VGND,li1,161.2300,27.2000,0.000194
FILLER_5_335,VGND,li1,159.8500,27.2000,0.000194
FILLER_5_327,VGND,li1,157.7800,27.2000,0.000206
FILLER_5_317,VGND,li1,152.7200,27.2000,0.000233
FILLER_5_289,VGND,li1,139.3800,27.2000,0.000297
FILLER_5_268,VGND,li1,131.5600,27.2000,0.000331
FILLER_5_241,VGND,li1,116.6100,27.2000,0.000376
FILLER_5_221,VGND,li1,107.8700,27.2000,0.000371
FILLER_5_204,VGND,li1,99.5900,27.2000,0.000362
FILLER_5_187,VGND,li1,91.7700,27.2000,0.000347
FILLER_5_169,VGND,li1,83.7200,27.2000,0.000327
FILLER_5_164,VGND,li1,81.8800,27.2000,0.000321
FILLER_5_152,VGND,li1,76.3600,27.2000,0.000305
FILLER_5_140,VGND,li1,70.1500,27.2000,0.000283
FILLER_5_128,VGND,li1,67.1600,27.2000,0.000276
FILLER_5_123,VGND,li1,62.5600,27.2000,0.000259
FILLER_5_119,VGND,li1,60.4900,27.2000,0.000250
FILLER_5_113,VGND,li1,58.8800,27.2000,0.000241
FILLER_5_109,VGND,li1,56.3500,27.2000,0.000233
FILLER_5_101,VGND,li1,53.8200,27.2000,0.000222
FILLER_5_79,VGND,li1,42.0900,27.2000,0.000164
FILLER_5_73,VGND,li1,40.4800,27.2000,0.000150
FILLER_5_69,VGND,li1,37.4900,27.2000,0.000137
FILLER_5_57,VGND,li1,34.5000,27.2000,0.000119
FILLER_5_55,VGND,li1,31.0500,27.2000,0.000091
FILLER_5_51,VGND,li1,29.9000,27.2000,0.000091
FILLER_5_39,VGND,li1,26.2200,27.2000,0.000061
FILLER_5_27,VGND,li1,20.7000,27.2000,0.000061
FILLER_5_15,VGND,li1,15.1800,27.2000,0.000061
FILLER_5_3,VGND,li1,9.6600,27.2000,0.000061
FILLER_4_699,VGND,li1,327.2900,21.7600,0.000564
FILLER_4_693,VGND,li1,325.6800,21.7600,0.000564
FILLER_4_681,VGND,li1,321.5400,21.7600,0.000564
FILLER_4_669,VGND,li1,316.0200,21.7600,0.000564
FILLER_4_657,VGND,li1,310.5000,21.7600,0.000564
FILLER_4_645,VGND,li1,304.9800,21.7600,0.000564
FILLER_4_643,VGND,li1,301.5300,21.7600,0.000564
FILLER_4_637,VGND,li1,299.9200,21.7600,0.000564
FILLER_4_625,VGND,li1,295.7800,21.7600,0.000564
FILLER_4_613,VGND,li1,290.2600,21.7600,0.000564
FILLER_4_601,VGND,li1,284.7400,21.7600,0.000564
FILLER_4_589,VGND,li1,279.2200,21.7600,0.000564
FILLER_4_587,VGND,li1,275.7700,21.7600,0.000564
FILLER_4_581,VGND,li1,274.1600,21.7600,0.000564
FILLER_4_569,VGND,li1,270.0200,21.7600,0.000564
FILLER_4_549,VGND,li1,258.9800,21.7600,0.000561
FILLER_4_531,VGND,li1,250.0100,21.7600,0.000544
FILLER_4_525,VGND,li1,248.4000,21.7600,0.000544
FILLER_4_508,VGND,li1,239.4300,21.7600,0.000523
FILLER_4_490,VGND,li1,231.3800,21.7600,0.000477
FILLER_4_481,VGND,li1,227.0100,21.7600,0.000451
FILLER_4_477,VGND,li1,225.8600,21.7600,0.000437
FILLER_4_475,VGND,li1,224.2500,21.7600,0.000424
FILLER_4_469,VGND,li1,222.6400,21.7600,0.000424
FILLER_4_457,VGND,li1,218.5000,21.7600,0.000398
FILLER_4_445,VGND,li1,212.9800,21.7600,0.000356
FILLER_4_433,VGND,li1,207.4600,21.7600,0.000329
FILLER_4_421,VGND,li1,201.9400,21.7600,0.000295
FILLER_4_417,VGND,li1,198.0300,21.7600,0.000270
FILLER_4_405,VGND,li1,194.5800,21.7600,0.000249
FILLER_4_393,VGND,li1,189.0600,21.7600,0.000214
FILLER_4_381,VGND,li1,183.5400,21.7600,0.000180
FILLER_4_361,VGND,li1,172.2700,21.7600,0.000163
FILLER_4_345,VGND,li1,166.0600,21.7600,0.000191
FILLER_4_333,VGND,li1,161.4600,21.7600,0.000212
FILLER_4_321,VGND,li1,155.9400,21.7600,0.000236
FILLER_4_309,VGND,li1,150.4200,21.7600,0.000259
FILLER_4_304,VGND,li1,146.2800,21.7600,0.000281
FILLER_4_290,VGND,li1,140.3000,21.7600,0.000304
FILLER_4_257,VGND,li1,123.9700,21.7600,0.000353
FILLER_4_253,VGND,li1,122.8200,21.7600,0.000360
FILLER_4_219,VGND,li1,106.4900,21.7600,0.000394
FILLER_4_197,VGND,li1,96.8300,21.7600,0.000402
FILLER_4_194,VGND,li1,95.2200,21.7600,0.000402
FILLER_4_182,VGND,li1,90.1600,21.7600,0.000397
FILLER_4_141,VGND,li1,70.6100,21.7600,0.000356
FILLER_4_136,VGND,li1,69.0000,21.7600,0.000342
FILLER_4_124,VGND,li1,65.3200,21.7600,0.000328
FILLER_4_109,VGND,li1,56.5800,21.7600,0.000267
FILLER_4_85,VGND,li1,46.4600,21.7600,0.000210
FILLER_4_83,VGND,li1,43.9300,21.7600,0.000182
FILLER_4_77,VGND,li1,42.3200,21.7600,0.000182
FILLER_4_65,VGND,li1,38.1800,21.7600,0.000154
FILLER_4_53,VGND,li1,32.6600,21.7600,0.000117
FILLER_4_41,VGND,li1,27.1400,21.7600,0.000080
FILLER_4_29,VGND,li1,21.6200,21.7600,0.000067
FILLER_4_27,VGND,li1,18.1700,21.7600,0.000067
FILLER_4_15,VGND,li1,15.1800,21.7600,0.000067
FILLER_4_3,VGND,li1,9.6600,21.7600,0.000067
FILLER_3_697,VGND,li1,326.8300,21.7600,0.000564
FILLER_3_685,VGND,li1,323.3800,21.7600,0.000564
FILLER_3_673,VGND,li1,317.8600,21.7600,0.000564
FILLER_3_671,VGND,li1,314.4100,21.7600,0.000564
FILLER_3_665,VGND,li1,312.8000,21.7600,0.000564
FILLER_3_653,VGND,li1,308.6600,21.7600,0.000564
FILLER_3_641,VGND,li1,303.1400,21.7600,0.000564
FILLER_3_629,VGND,li1,297.6200,21.7600,0.000564
FILLER_3_617,VGND,li1,292.1000,21.7600,0.000564
FILLER_3_615,VGND,li1,288.6500,21.7600,0.000564
FILLER_3_609,VGND,li1,287.0400,21.7600,0.000564
FILLER_3_597,VGND,li1,282.9000,21.7600,0.000564
FILLER_3_585,VGND,li1,277.3800,21.7600,0.000564
FILLER_3_573,VGND,li1,271.8600,21.7600,0.000564
FILLER_3_561,VGND,li1,266.3400,21.7600,0.000564
FILLER_3_559,VGND,li1,262.8900,21.7600,0.000564
FILLER_3_555,VGND,li1,261.0500,21.7600,0.000563
FILLER_3_540,VGND,li1,254.3800,21.7600,0.000556
FILLER_3_503,VGND,li1,237.1300,21.7600,0.000501
FILLER_3_497,VGND,li1,235.5200,21.7600,0.000501
FILLER_3_473,VGND,li1,224.9400,21.7600,0.000437
FILLER_3_461,VGND,li1,220.3400,21.7600,0.000410
FILLER_3_449,VGND,li1,214.8200,21.7600,0.000375
FILLER_3_447,VGND,li1,211.3700,21.7600,0.000343
FILLER_3_441,VGND,li1,209.7600,21.7600,0.000343
FILLER_3_429,VGND,li1,205.6200,21.7600,0.000318
FILLER_3_417,VGND,li1,200.1000,21.7600,0.000283
FILLER_3_405,VGND,li1,194.5800,21.7600,0.000249
FILLER_3_393,VGND,li1,189.0600,21.7600,0.000214
FILLER_3_391,VGND,li1,185.6100,21.7600,0.000193
FILLER_3_383,VGND,li1,183.5400,21.7600,0.000180
FILLER_3_377,VGND,li1,179.1700,21.7600,0.000152
FILLER_3_369,VGND,li1,175.4900,21.7600,0.000153
FILLER_3_357,VGND,li1,172.5000,21.7600,0.000163
FILLER_3_345,VGND,li1,166.9800,21.7600,0.000191
FILLER_3_330,VGND,li1,158.7000,21.7600,0.000224
FILLER_3_308,VGND,li1,148.5800,21.7600,0.000271
FILLER_3_302,VGND,li1,144.6700,21.7600,0.000281
FILLER_3_294,VGND,li1,142.6000,21.7600,0.000289
FILLER_3_279,VGND,li1,134.0900,21.7600,0.000322
FILLER_3_260,VGND,li1,125.8100,21.7600,0.000348
FILLER_3_238,VGND,li1,116.3800,21.7600,0.000372
FILLER_3_220,VGND,li1,107.6400,21.7600,0.000390
FILLER_3_214,VGND,li1,104.1900,21.7600,0.000400
FILLER_3_210,VGND,li1,103.0400,21.7600,0.000400
FILLER_3_194,VGND,li1,95.4500,21.7600,0.000402
FILLER_3_186,VGND,li1,92.9200,21.7600,0.000400
FILLER_3_179,VGND,li1,88.3200,21.7600,0.000394
FILLER_3_173,VGND,li1,85.3300,21.7600,0.000391
FILLER_3_165,VGND,li1,82.1100,21.7600,0.000389
FILLER_3_154,VGND,li1,77.0500,21.7600,0.000382
FILLER_3_113,VGND,li1,58.8800,21.7600,0.000279
FILLER_3_103,VGND,li1,53.1300,21.7600,0.000247
FILLER_3_89,VGND,li1,47.1500,21.7600,0.000210
FILLER_3_81,VGND,li1,44.6200,21.7600,0.000196
FILLER_3_69,VGND,li1,40.0200,21.7600,0.000167
FILLER_3_57,VGND,li1,34.5000,21.7600,0.000130
FILLER_3_55,VGND,li1,31.0500,21.7600,0.000099
FILLER_3_51,VGND,li1,29.9000,21.7600,0.000099
FILLER_3_39,VGND,li1,26.2200,21.7600,0.000067
FILLER_3_27,VGND,li1,20.7000,21.7600,0.000067
FILLER_3_15,VGND,li1,15.1800,21.7600,0.000067
FILLER_3_3,VGND,li1,9.6600,21.7600,0.000067
FILLER_2_699,VGND,li1,327.2900,16.3200,0.000532
FILLER_2_693,VGND,li1,325.6800,16.3200,0.000532
FILLER_2_681,VGND,li1,321.5400,16.3200,0.000532
FILLER_2_669,VGND,li1,316.0200,16.3200,0.000532
FILLER_2_657,VGND,li1,310.5000,16.3200,0.000532
FILLER_2_645,VGND,li1,304.9800,16.3200,0.000532
FILLER_2_643,VGND,li1,301.5300,16.3200,0.000532
FILLER_2_637,VGND,li1,299.9200,16.3200,0.000532
FILLER_2_625,VGND,li1,295.7800,16.3200,0.000532
FILLER_2_613,VGND,li1,290.2600,16.3200,0.000532
FILLER_2_601,VGND,li1,284.7400,16.3200,0.000532
FILLER_2_589,VGND,li1,279.2200,16.3200,0.000532
FILLER_2_585,VGND,li1,275.3100,16.3200,0.000532
FILLER_2_577,VGND,li1,272.7800,16.3200,0.000532
FILLER_2_565,VGND,li1,268.1800,16.3200,0.000532
FILLER_2_553,VGND,li1,262.6600,16.3200,0.000532
FILLER_2_541,VGND,li1,254.6100,16.3200,0.000524
FILLER_2_533,VGND,li1,252.5400,16.3200,0.000516
FILLER_2_528,VGND,li1,249.3200,16.3200,0.000503
FILLER_2_515,VGND,li1,243.8000,16.3200,0.000482
FILLER_2_489,VGND,li1,232.3000,16.3200,0.000425
FILLER_2_477,VGND,li1,227.7000,16.3200,0.000408
FILLER_2_475,VGND,li1,224.2500,16.3200,0.000384
FILLER_2_469,VGND,li1,222.6400,16.3200,0.000384
FILLER_2_457,VGND,li1,218.5000,16.3200,0.000364
FILLER_2_445,VGND,li1,212.9800,16.3200,0.000338
FILLER_2_433,VGND,li1,207.4600,16.3200,0.000312
FILLER_2_421,VGND,li1,201.9400,16.3200,0.000286
FILLER_2_417,VGND,li1,198.0300,16.3200,0.000268
FILLER_2_409,VGND,li1,195.5000,16.3200,0.000256
FILLER_2_397,VGND,li1,190.9000,16.3200,0.000230
FILLER_2_362,VGND,li1,172.5000,16.3200,0.000194
FILLER_2_350,VGND,li1,169.2800,16.3200,0.000219
FILLER_2_333,VGND,li1,158.9300,16.3200,0.000296
FILLER_2_301,VGND,li1,144.2100,16.3200,0.000373
FILLER_2_289,VGND,li1,141.2200,16.3200,0.000378
FILLER_2_266,VGND,li1,128.3400,16.3200,0.000398
FILLER_2_244,VGND,li1,119.6000,16.3200,0.000405
FILLER_2_222,VGND,li1,107.8700,16.3200,0.000404
FILLER_2_214,VGND,li1,105.8000,16.3200,0.000403
FILLER_2_197,VGND,li1,96.3700,16.3200,0.000390
FILLER_2_195,VGND,li1,95.4500,16.3200,0.000385
FILLER_2_174,VGND,li1,85.7900,16.3200,0.000363
FILLER_2_138,VGND,li1,69.4600,16.3200,0.000301
FILLER_2_129,VGND,li1,65.0900,16.3200,0.000281
FILLER_2_107,VGND,li1,54.9700,16.3200,0.000230
FILLER_2_101,VGND,li1,53.3600,16.3200,0.000214
FILLER_2_85,VGND,li1,46.4600,16.3200,0.000182
FILLER_2_83,VGND,li1,43.9300,16.3200,0.000158
FILLER_2_77,VGND,li1,42.3200,16.3200,0.000158
FILLER_2_65,VGND,li1,38.1800,16.3200,0.000134
FILLER_2_53,VGND,li1,32.6600,16.3200,0.000102
FILLER_2_41,VGND,li1,27.1400,16.3200,0.000070
FILLER_2_29,VGND,li1,21.6200,16.3200,0.000058
FILLER_2_27,VGND,li1,18.1700,16.3200,0.000058
FILLER_2_15,VGND,li1,15.1800,16.3200,0.000058
FILLER_2_3,VGND,li1,9.6600,16.3200,0.000058
FILLER_1_697,VGND,li1,326.8300,16.3200,0.000532
FILLER_1_685,VGND,li1,323.3800,16.3200,0.000532
FILLER_1_673,VGND,li1,317.8600,16.3200,0.000532
FILLER_1_671,VGND,li1,314.4100,16.3200,0.000532
FILLER_1_665,VGND,li1,312.8000,16.3200,0.000532
FILLER_1_653,VGND,li1,308.6600,16.3200,0.000532
FILLER_1_641,VGND,li1,303.1400,16.3200,0.000532
FILLER_1_629,VGND,li1,297.6200,16.3200,0.000532
FILLER_1_617,VGND,li1,292.1000,16.3200,0.000532
FILLER_1_615,VGND,li1,288.6500,16.3200,0.000532
FILLER_1_609,VGND,li1,287.0400,16.3200,0.000532
FILLER_1_597,VGND,li1,282.9000,16.3200,0.000532
FILLER_1_585,VGND,li1,277.3800,16.3200,0.000532
FILLER_1_573,VGND,li1,271.8600,16.3200,0.000532
FILLER_1_561,VGND,li1,266.3400,16.3200,0.000532
FILLER_1_559,VGND,li1,262.8900,16.3200,0.000532
FILLER_1_553,VGND,li1,261.2800,16.3200,0.000532
FILLER_1_503,VGND,li1,237.1300,16.3200,0.000445
FILLER_1_497,VGND,li1,235.5200,16.3200,0.000445
FILLER_1_485,VGND,li1,231.3800,16.3200,0.000425
FILLER_1_473,VGND,li1,225.8600,16.3200,0.000394
FILLER_1_461,VGND,li1,220.3400,16.3200,0.000373
FILLER_1_449,VGND,li1,214.8200,16.3200,0.000347
FILLER_1_445,VGND,li1,210.9100,16.3200,0.000328
FILLER_1_433,VGND,li1,207.4600,16.3200,0.000312
FILLER_1_421,VGND,li1,201.9400,16.3200,0.000286
FILLER_1_409,VGND,li1,196.4200,16.3200,0.000256
FILLER_1_389,VGND,li1,185.1500,16.3200,0.000200
FILLER_1_337,VGND,li1,161.4600,16.3200,0.000279
FILLER_1_319,VGND,li1,152.4900,16.3200,0.000337
FILLER_1_302,VGND,li1,144.6700,16.3200,0.000373
FILLER_1_298,VGND,li1,143.5200,16.3200,0.000373
FILLER_1_281,VGND,li1,135.0100,16.3200,0.000392
FILLER_1_278,VGND,li1,133.8600,16.3200,0.000392
FILLER_1_266,VGND,li1,130.6400,16.3200,0.000395
FILLER_1_247,VGND,li1,119.8300,16.3200,0.000405
FILLER_1_229,VGND,li1,111.3200,16.3200,0.000406
FILLER_1_207,VGND,li1,100.9700,16.3200,0.000397
FILLER_1_169,VGND,li1,83.7200,16.3200,0.000357
FILLER_1_129,VGND,li1,65.3200,16.3200,0.000281
FILLER_1_109,VGND,li1,56.3500,16.3200,0.000230
FILLER_1_81,VGND,li1,45.5400,16.3200,0.000170
FILLER_1_69,VGND,li1,40.0200,16.3200,0.000145
FILLER_1_57,VGND,li1,34.5000,16.3200,0.000113
FILLER_1_55,VGND,li1,31.0500,16.3200,0.000086
FILLER_1_51,VGND,li1,29.9000,16.3200,0.000086
FILLER_1_39,VGND,li1,26.2200,16.3200,0.000058
FILLER_1_27,VGND,li1,20.7000,16.3200,0.000058
FILLER_1_15,VGND,li1,15.1800,16.3200,0.000058
FILLER_1_3,VGND,li1,9.6600,16.3200,0.000058
FILLER_0_697,VGND,li1,326.8300,10.8800,0.000019
FILLER_0_685,VGND,li1,323.3800,10.8800,0.000019
FILLER_0_673,VGND,li1,317.8600,10.8800,0.000019
FILLER_0_669,VGND,li1,313.9500,10.8800,0.000019
FILLER_0_657,VGND,li1,310.5000,10.8800,0.000019
FILLER_0_645,VGND,li1,304.9800,10.8800,0.000019
FILLER_0_641,VGND,li1,301.0700,10.8800,0.000019
FILLER_0_629,VGND,li1,297.6200,10.8800,0.000019
FILLER_0_617,VGND,li1,292.1000,10.8800,0.000019
FILLER_0_613,VGND,li1,288.1900,10.8800,0.000019
FILLER_0_601,VGND,li1,284.7400,10.8800,0.000019
FILLER_0_589,VGND,li1,279.2200,10.8800,0.000019
FILLER_0_585,VGND,li1,275.3100,10.8800,0.000019
FILLER_0_573,VGND,li1,271.8600,10.8800,0.000019
FILLER_0_561,VGND,li1,266.3400,10.8800,0.000019
FILLER_0_558,VGND,li1,262.6600,10.8800,0.000019
FILLER_0_546,VGND,li1,259.4400,10.8800,0.000019
FILLER_0_539,VGND,li1,254.1500,10.8800,0.000019
FILLER_0_533,VGND,li1,251.1600,10.8800,0.000019
FILLER_0_531,VGND,li1,250.0100,10.8800,0.000019
FILLER_0_525,VGND,li1,248.4000,10.8800,0.000019
FILLER_0_517,VGND,li1,244.2600,10.8800,0.000019
FILLER_0_505,VGND,li1,240.5800,10.8800,0.000019
FILLER_0_501,VGND,li1,236.6700,10.8800,0.000019
FILLER_0_489,VGND,li1,233.2200,10.8800,0.000019
FILLER_0_477,VGND,li1,227.7000,10.8800,0.000019
FILLER_0_473,VGND,li1,223.7900,10.8800,0.000019
FILLER_0_461,VGND,li1,220.3400,10.8800,0.000019
FILLER_0_449,VGND,li1,214.8200,10.8800,0.000019
FILLER_0_445,VGND,li1,210.9100,10.8800,0.000019
FILLER_0_433,VGND,li1,207.4600,10.8800,0.000019
FILLER_0_421,VGND,li1,201.9400,10.8800,0.000019
FILLER_0_418,VGND,li1,198.2600,10.8800,0.000019
FILLER_0_406,VGND,li1,195.0400,10.8800,0.000019
FILLER_0_399,VGND,li1,189.7500,10.8800,0.000019
FILLER_0_393,VGND,li1,186.7600,10.8800,0.000019
FILLER_0_385,VGND,li1,183.3100,10.8800,0.000019
FILLER_0_379,VGND,li1,180.3200,10.8800,0.000019
FILLER_0_365,VGND,li1,173.8800,10.8800,0.000026
FILLER_0_337,VGND,li1,161.2300,10.8800,0.000043
FILLER_0_322,VGND,li1,155.0200,10.8800,0.000050
FILLER_0_317,VGND,li1,151.5700,10.8800,0.000054
FILLER_0_309,VGND,li1,149.5000,10.8800,0.000056
FILLER_0_307,VGND,li1,146.9700,10.8800,0.000060
FILLER_0_301,VGND,li1,145.3600,10.8800,0.000060
FILLER_0_294,VGND,li1,141.4500,10.8800,0.000064
FILLER_0_289,VGND,li1,138.6900,10.8800,0.000067
FILLER_0_281,VGND,li1,136.6200,10.8800,0.000069
FILLER_0_279,VGND,li1,134.0900,10.8800,0.000073
FILLER_0_273,VGND,li1,132.4800,10.8800,0.000073
FILLER_0_245,VGND,li1,118.9100,10.8800,0.000084
FILLER_0_238,VGND,li1,115.6900,10.8800,0.000085
FILLER_0_231,VGND,li1,112.4700,10.8800,0.000086
FILLER_0_225,VGND,li1,109.4800,10.8800,0.000088
FILLER_0_223,VGND,li1,108.3300,10.8800,0.000088
FILLER_0_197,VGND,li1,96.6000,10.8800,0.000088
FILLER_0_187,VGND,li1,91.7700,10.8800,0.000087
FILLER_0_169,VGND,li1,83.7200,10.8800,0.000084
FILLER_0_162,VGND,li1,80.5000,10.8800,0.000080
FILLER_0_134,VGND,li1,67.6200,10.8800,0.000068
FILLER_0_126,VGND,li1,65.3200,10.8800,0.000065
FILLER_0_109,VGND,li1,56.3500,10.8800,0.000054
FILLER_0_97,VGND,li1,52.9000,10.8800,0.000049
FILLER_0_85,VGND,li1,47.3800,10.8800,0.000042
FILLER_0_81,VGND,li1,43.4700,10.8800,0.000037
FILLER_0_69,VGND,li1,40.0200,10.8800,0.000032
FILLER_0_57,VGND,li1,34.5000,10.8800,0.000025
FILLER_0_53,VGND,li1,30.5900,10.8800,0.000020
FILLER_0_41,VGND,li1,27.1400,10.8800,0.000016
FILLER_0_29,VGND,li1,21.6200,10.8800,0.000013
FILLER_0_27,VGND,li1,18.1700,10.8800,0.000013
FILLER_0_15,VGND,li1,15.1800,10.8800,0.000013
FILLER_0_3,VGND,li1,9.6600,10.8800,0.000013
ANTENNA_11,VGND,li1,245.6400,16.3200,0.000490
ANTENNA_10,VGND,li1,87.4000,206.7200,0.000136
ANTENNA_9,VGND,li1,316.9400,310.0800,0.000395
ANTENNA_8,VGND,li1,98.9000,233.9200,0.000196
ANTENNA_7,VGND,li1,11.9600,119.6800,0.000045
ANTENNA_6,VGND,li1,83.2600,38.0800,0.000280
ANTENNA_5,VGND,li1,138.4600,168.6400,0.000165
ANTENNA_4,VGND,li1,150.8800,54.4000,0.000297
ANTENNA_3,VGND,li1,161.0000,201.2800,0.000117
ANTENNA_2,VGND,li1,92.4600,103.3600,0.000134
ANTENNA_1,VGND,li1,236.9000,239.3600,0.000472
hold521,VGND,li1,129.7200,174.0800,0.000401
hold520,VGND,li1,137.5400,152.3200,0.000142
hold519,VGND,li1,180.3200,282.8800,0.000146
hold518,VGND,li1,110.8600,282.8800,0.000281
hold517,VGND,li1,176.1800,293.7600,0.000141
hold516,VGND,li1,290.7200,163.2000,0.000654
hold515,VGND,li1,187.2200,282.8800,0.000195
hold514,VGND,li1,195.5000,293.7600,0.000306
hold513,VGND,li1,165.6000,76.1600,0.000187
hold512,VGND,li1,162.3800,266.5600,0.000174
hold511,VGND,li1,175.2600,282.8800,0.000143
hold510,VGND,li1,203.3200,293.7600,0.000376
hold509,VGND,li1,278.3000,168.6400,0.000391
hold508,VGND,li1,296.2400,163.2000,0.000659
hold507,VGND,li1,151.3400,266.5600,0.000175
hold506,VGND,li1,299.9200,152.3200,0.000597
hold505,VGND,li1,186.3000,288.3200,0.000198
hold504,VGND,li1,17.4800,201.2800,0.000043
hold503,VGND,li1,162.3800,70.7200,0.000128
hold502,VGND,li1,281.9800,174.0800,0.000462
hold501,VGND,li1,271.4000,152.3200,0.000528
hold500,VGND,li1,182.1600,43.5200,0.000152
hold499,VGND,li1,157.7800,293.7600,0.000192
hold498,VGND,li1,166.5200,81.6000,0.000165
hold497,VGND,li1,258.0600,179.5200,0.000668
hold496,VGND,li1,157.3200,266.5600,0.000175
hold495,VGND,li1,222.1800,282.8800,0.000396
hold494,VGND,li1,304.0600,179.5200,0.000869
hold493,VGND,li1,318.3200,114.2400,0.000428
hold492,VGND,li1,55.2000,21.7600,0.000267
hold491,VGND,li1,214.8200,282.8800,0.000359
hold490,VGND,li1,18.8600,212.1600,0.000048
hold489,VGND,li1,149.5000,299.2000,0.000203
hold488,VGND,li1,321.5400,108.8000,0.001482
hold487,VGND,li1,132.0200,304.6400,0.000148
hold486,VGND,li1,20.7000,223.0400,0.000040
hold485,VGND,li1,164.6800,43.5200,0.000192
hold484,VGND,li1,206.5400,304.6400,0.000241
hold483,VGND,li1,130.6400,304.6400,0.000151
hold482,VGND,li1,157.7800,326.4000,0.000279
hold481,VGND,li1,33.5800,228.4800,0.000101
hold480,VGND,li1,318.3200,59.8400,0.000375
hold479,VGND,li1,24.8400,233.9200,0.000046
hold478,VGND,li1,172.0400,32.6400,0.000071
hold477,VGND,li1,92.4600,38.0800,0.000288
hold476,VGND,li1,104.4200,32.6400,0.000201
hold475,VGND,li1,28.5200,212.1600,0.000060
hold474,VGND,li1,132.4800,27.2000,0.000331
hold473,VGND,li1,182.1600,38.0800,0.000099
hold472,VGND,li1,25.3000,206.7200,0.000035
hold471,VGND,li1,162.8400,27.2000,0.000177
hold470,VGND,li1,244.7200,21.7600,0.000533
hold469,VGND,li1,11.9600,277.4400,0.000025
hold468,VGND,li1,119.6000,21.7600,0.000364
hold467,VGND,li1,96.6000,32.6400,0.000199
hold466,VGND,li1,309.1200,157.7600,0.000705
hold465,VGND,li1,74.5200,16.3200,0.000323
hold464,VGND,li1,322.4600,76.1600,0.001656
hold463,VGND,li1,325.2200,119.6800,0.000849
hold462,VGND,li1,92.9200,21.7600,0.000400
hold461,VGND,li1,318.3200,97.9200,0.000568
hold460,VGND,li1,16.1000,250.2400,0.000057
hold459,VGND,li1,325.2200,97.9200,0.000570
hold458,VGND,li1,185.3800,27.2000,0.000092
hold457,VGND,li1,325.2200,130.5600,0.000775
hold456,VGND,li1,59.3400,10.8800,0.000058
hold455,VGND,li1,86.4800,326.4000,0.000343
hold454,VGND,li1,12.4200,266.5600,0.000041
hold453,VGND,li1,129.2600,320.9600,0.000492
hold452,VGND,li1,93.8400,320.9600,0.000523
hold451,VGND,li1,318.3200,136.0000,0.000481
hold450,VGND,li1,67.1600,16.3200,0.000289
hold449,VGND,li1,325.2200,146.8800,0.000948
hold448,VGND,li1,22.5400,223.0400,0.000039
hold447,VGND,li1,252.0800,21.7600,0.000548
hold446,VGND,li1,325.2200,92.4800,0.000674
hold445,VGND,li1,325.2200,65.2800,0.000786
hold444,VGND,li1,205.1600,310.0800,0.000220
hold443,VGND,li1,316.4800,76.1600,0.001656
hold442,VGND,li1,79.5800,21.7600,0.000386
hold441,VGND,li1,320.6200,125.1200,0.000947
hold440,VGND,li1,316.4800,146.8800,0.000943
hold439,VGND,li1,20.7000,119.6800,0.000040
hold438,VGND,li1,123.7400,320.9600,0.000508
hold437,VGND,li1,160.5400,32.6400,0.000108
hold436,VGND,li1,318.3200,43.5200,0.001014
hold435,VGND,li1,100.2800,326.4000,0.000373
hold434,VGND,li1,322.9200,54.4000,0.000733
hold433,VGND,li1,316.9400,81.6000,0.001078
hold432,VGND,li1,87.4000,21.7600,0.000394
hold431,VGND,li1,142.6000,326.4000,0.000333
hold430,VGND,li1,178.0200,310.0800,0.000104
hold429,VGND,li1,149.5000,27.2000,0.000249
hold428,VGND,li1,108.5600,21.7600,0.000390
hold427,VGND,li1,186.3000,304.6400,0.000123
hold426,VGND,li1,325.2200,293.7600,0.001129
hold425,VGND,li1,235.9800,16.3200,0.000445
hold424,VGND,li1,12.4200,97.9200,0.000047
hold423,VGND,li1,313.2600,87.0400,0.000669
hold422,VGND,li1,22.0800,239.3600,0.000053
hold421,VGND,li1,113.1600,315.5200,0.000128
hold420,VGND,li1,13.8000,201.2800,0.000045
hold419,VGND,li1,138.9200,21.7600,0.000304
hold418,VGND,li1,102.1200,27.2000,0.000367
hold417,VGND,li1,324.3000,141.4400,0.000663
hold416,VGND,li1,59.8000,326.4000,0.000237
hold415,VGND,li1,126.0400,16.3200,0.000400
hold414,VGND,li1,11.0400,108.8000,0.000088
hold413,VGND,li1,97.9800,320.9600,0.000533
hold412,VGND,li1,162.3800,21.7600,0.000212
hold411,VGND,li1,316.4800,304.6400,0.000525
hold410,VGND,li1,9.2000,255.6800,0.000103
hold409,VGND,li1,324.3000,261.1200,0.000662
hold408,VGND,li1,176.6400,27.2000,0.000096
hold407,VGND,li1,318.3200,48.9600,0.000530
hold406,VGND,li1,72.6800,326.4000,0.000298
hold405,VGND,li1,203.3200,315.5200,0.000264
hold404,VGND,li1,112.2400,21.7600,0.000383
hold403,VGND,li1,106.7200,315.5200,0.000132
hold402,VGND,li1,132.0200,21.7600,0.000329
hold401,VGND,li1,85.1000,331.8400,0.000047
hold400,VGND,li1,208.8400,310.0800,0.000229
hold399,VGND,li1,318.3200,282.8800,0.000715
hold398,VGND,li1,188.1400,315.5200,0.000161
hold397,VGND,li1,194.1200,315.5200,0.000206
hold396,VGND,li1,316.0200,184.9600,0.000619
hold395,VGND,li1,221.2600,320.9600,0.000423
hold394,VGND,li1,256.6800,326.4000,0.000758
hold393,VGND,li1,239.6600,326.4000,0.000682
hold392,VGND,li1,305.9000,212.1600,0.000703
hold391,VGND,li1,317.4000,299.2000,0.000649
hold390,VGND,li1,11.0400,87.0400,0.000075
hold389,VGND,li1,316.9400,272.0000,0.000623
hold388,VGND,li1,318.3200,174.0800,0.000501
hold387,VGND,li1,322.4600,250.2400,0.000570
hold386,VGND,li1,191.8200,304.6400,0.000163
hold385,VGND,li1,175.2600,304.6400,0.000089
hold384,VGND,li1,176.6400,320.9600,0.000184
hold383,VGND,li1,177.5600,293.7600,0.000134
hold382,VGND,li1,191.8200,299.2000,0.000213
hold381,VGND,li1,316.9400,250.2400,0.000567
hold380,VGND,li1,310.0400,206.7200,0.000481
hold379,VGND,li1,321.0800,206.7200,0.000490
hold378,VGND,li1,317.8600,217.6000,0.000444
hold377,VGND,li1,319.7000,244.8000,0.000567
hold376,VGND,li1,183.5400,315.5200,0.000129
rebuffer360,VGND,li1,189.2900,114.2400,0.000108
rebuffer359,VGND,li1,150.8800,146.8800,0.000117
rebuffer358,VGND,li1,154.3300,217.6000,0.000099
rebuffer357,VGND,li1,225.4000,217.6000,0.000260
rebuffer356,VGND,li1,157.5500,217.6000,0.000094
rebuffer354,VGND,li1,90.3900,174.0800,0.000297
rebuffer353,VGND,li1,90.1600,168.6400,0.000138
rebuffer352,VGND,li1,93.3800,174.0800,0.000303
rebuffer319,VGND,li1,81.4200,108.8000,0.000195
rebuffer313,VGND,li1,149.2700,244.8000,0.000289
rebuffer312,VGND,li1,100.9700,174.0800,0.000327
rebuffer311,VGND,li1,85.5600,184.9600,0.000119
rebuffer310,VGND,li1,82.1100,184.9600,0.000115
rebuffer253,VGND,li1,230.2300,92.4800,0.000401
clone233,VGND,li1,96.8300,76.1600,0.000173
rebuffer232,VGND,li1,90.3900,152.3200,0.000099
rebuffer231,VGND,li1,93.8400,146.8800,0.000093
clone230,VGND,li1,67.3900,87.0400,0.000292
clone229,VGND,li1,39.3300,103.3600,0.000063
clone228,VGND,li1,130.8700,81.6000,0.000180
rebuffer227,VGND,li1,89.9300,141.4400,0.000044
rebuffer226,VGND,li1,92.4600,141.4400,0.000046
rebuffer225,VGND,li1,86.2500,146.8800,0.000085
rebuffer215,VGND,li1,221.0300,217.6000,0.000240
clone192,VGND,li1,235.7500,282.8800,0.000458
clone191,VGND,li1,261.5100,261.1200,0.000508
rebuffer190,VGND,li1,209.5300,293.7600,0.000431
rebuffer189,VGND,li1,261.7400,261.1200,0.000508
rebuffer177,VGND,li1,62.7900,119.6800,0.000142
rebuffer176,VGND,li1,65.5500,70.7200,0.000128
rebuffer175,VGND,li1,118.9100,76.1600,0.000193
rebuffer174,VGND,li1,90.3900,92.4800,0.000559
clone173,VGND,li1,61.4100,92.4800,0.000400
rebuffer172,VGND,li1,65.0900,130.5600,0.000137
rebuffer171,VGND,li1,75.4400,125.1200,0.000130
clone169,VGND,li1,43.4700,223.0400,0.000087
clone168,VGND,li1,49.4500,190.4000,0.000073
rebuffer167,VGND,li1,95.4500,250.2400,0.000120
rebuffer166,VGND,li1,100.9700,190.4000,0.000117
rebuffer165,VGND,li1,92.6900,195.8400,0.000145
clone164,VGND,li1,58.1900,195.8400,0.000146
rebuffer163,VGND,li1,66.4700,179.5200,0.000174
rebuffer162,VGND,li1,77.0500,179.5200,0.000203
rebuffer161,VGND,li1,68.3100,174.0800,0.000221
rebuffer160,VGND,li1,66.4700,174.0800,0.000214
rebuffer144,VGND,li1,271.4000,272.0000,0.000584
rebuffer143,VGND,li1,207.2300,190.4000,0.000193
clone142,VGND,li1,234.8300,255.6800,0.000334
clone141,VGND,li1,261.7400,228.4800,0.000467
rebuffer140,VGND,li1,228.8500,239.3600,0.000442
clone139,VGND,li1,235.7500,288.3200,0.000429
clone138,VGND,li1,100.0500,81.6000,0.000177
rebuffer137,VGND,li1,77.0500,114.2400,0.000096
clone134,VGND,li1,256.4500,130.5600,0.000558
rebuffer131,VGND,li1,93.3800,103.3600,0.000134
rebuffer130,VGND,li1,104.8800,125.1200,0.000155
rebuffer129,VGND,li1,205.3900,261.1200,0.000269
rebuffer128,VGND,li1,218.2700,293.7600,0.000500
clone127,VGND,li1,240.8100,244.8000,0.000422
rebuffer126,VGND,li1,214.1300,293.7600,0.000470
rebuffer125,VGND,li1,211.3700,293.7600,0.000447
rebuffer124,VGND,li1,42.0900,228.4800,0.000132
rebuffer116,VGND,li1,34.0400,65.2800,0.000052
clone115,VGND,li1,143.2900,76.1600,0.000198
clone114,VGND,li1,127.1900,81.6000,0.000180
rebuffer113,VGND,li1,91.5400,48.9600,0.000142
rebuffer112,VGND,li1,63.0200,136.0000,0.000086
rebuffer111,VGND,li1,302.9100,108.8000,0.001462
rebuffer100,VGND,li1,210.9100,288.3200,0.000329
clone99,VGND,li1,207.6900,250.2400,0.000235
rebuffer98,VGND,li1,198.0300,212.1600,0.000235
clone97,VGND,li1,208.6100,277.4400,0.000226
rebuffer96,VGND,li1,207.2300,293.7600,0.000401
rebuffer95,VGND,li1,294.1700,299.2000,0.000614
rebuffer94,VGND,li1,199.8700,190.4000,0.000157
rebuffer93,VGND,li1,206.7700,288.3200,0.000314
rebuffer92,VGND,li1,210.6800,277.4400,0.000231
rebuffer91,VGND,li1,267.4900,266.5600,0.001380
rebuffer90,VGND,li1,190.9000,228.4800,0.000178
rebuffer89,VGND,li1,50.3700,282.8800,0.000143
rebuffer87,VGND,li1,59.5700,152.3200,0.000065
rebuffer86,VGND,li1,32.6600,277.4400,0.000040
rebuffer85,VGND,li1,38.1800,282.8800,0.000097
rebuffer84,VGND,li1,48.0700,272.0000,0.000114
rebuffer83,VGND,li1,43.2400,266.5600,0.000086
rebuffer82,VGND,li1,35.4200,266.5600,0.000062
rebuffer81,VGND,li1,37.4900,288.3200,0.000188
rebuffer79,VGND,li1,93.6100,136.0000,0.000116
rebuffer78,VGND,li1,265.1900,174.0800,0.000433
clone77,VGND,li1,176.4100,119.6800,0.000095
clone76,VGND,li1,244.4900,174.0800,0.000390
rebuffer75,VGND,li1,126.2700,152.3200,0.000136
rebuffer74,VGND,li1,175.0300,146.8800,0.000111
rebuffer73,VGND,li1,187.9100,168.6400,0.000122
rebuffer72,VGND,li1,179.1700,146.8800,0.000132
rebuffer71,VGND,li1,74.0600,114.2400,0.000094
rebuffer70,VGND,li1,104.4200,136.0000,0.000121
rebuffer69,VGND,li1,170.8900,130.5600,0.000105
rebuffer68,VGND,li1,200.7900,163.2000,0.000244
rebuffer67,VGND,li1,168.8200,97.9200,0.000127
rebuffer66,VGND,li1,76.8200,81.6000,0.000151
rebuffer65,VGND,li1,190.6700,163.2000,0.000184
rebuffer64,VGND,li1,166.9800,125.1200,0.000111
rebuffer63,VGND,li1,91.5400,146.8800,0.000091
rebuffer62,VGND,li1,135.2400,114.2400,0.000095
rebuffer60,VGND,li1,47.3800,223.0400,0.000095
rebuffer59,VGND,li1,46.9200,272.0000,0.000108
clone58,VGND,li1,39.7900,282.8800,0.000107
rebuffer57,VGND,li1,51.9800,277.4400,0.000083
rebuffer56,VGND,li1,43.7000,277.4400,0.000065
rebuffer48,VGND,li1,41.4000,261.1200,0.000089
rebuffer47,VGND,li1,75.9000,201.2800,0.000149
rebuffer46,VGND,li1,84.4100,190.4000,0.000115
rebuffer45,VGND,li1,106.9500,179.5200,0.000252
rebuffer44,VGND,li1,111.0900,168.6400,0.000157
rebuffer43,VGND,li1,261.9700,130.5600,0.000583
rebuffer42,VGND,li1,265.1900,130.5600,0.000601
rebuffer41,VGND,li1,261.5100,130.5600,0.000583
rebuffer40,VGND,li1,261.9700,125.1200,0.000679
rebuffer39,VGND,li1,265.1900,125.1200,0.000698
rebuffer38,VGND,li1,265.1900,125.1200,0.000698
rebuffer37,VGND,li1,261.5100,125.1200,0.000679
clone36,VGND,li1,245.8700,114.2400,0.000319
rebuffer35,VGND,li1,248.6300,141.4400,0.000455
rebuffer34,VGND,li1,239.8900,119.6800,0.000513
rebuffer33,VGND,li1,239.8900,114.2400,0.000300
rebuffer32,VGND,li1,229.3100,114.2400,0.000266
rebuffer31,VGND,li1,240.5800,108.8000,0.001068
rebuffer30,VGND,li1,143.9800,136.0000,0.000112
rebuffer29,VGND,li1,229.5400,114.2400,0.000266
rebuffer28,VGND,li1,244.4900,87.0400,0.000496
rebuffer27,VGND,li1,249.5500,87.0400,0.000516
rebuffer26,VGND,li1,245.1800,92.4800,0.000469
rebuffer25,VGND,li1,244.2600,97.9200,0.000388
rebuffer24,VGND,li1,243.5700,97.9200,0.000388
rebuffer23,VGND,li1,221.7200,114.2400,0.000241
rebuffer22,VGND,li1,227.2400,119.6800,0.000436
rebuffer21,VGND,li1,149.9600,119.6800,0.000134
rebuffer20,VGND,li1,128.1100,136.0000,0.000120
rebuffer19,VGND,li1,101.8900,119.6800,0.000168
rebuffer18,VGND,li1,94.7600,119.6800,0.000167
rebuffer17,VGND,li1,90.3900,119.6800,0.000166
rebuffer16,VGND,li1,90.8500,119.6800,0.000166
rebuffer15,VGND,li1,203.0900,103.3600,0.000354
rebuffer14,VGND,li1,200.7900,103.3600,0.000332
rebuffer13,VGND,li1,240.8100,92.4800,0.000452
rebuffer12,VGND,li1,258.7500,38.0800,0.000274
rebuffer11,VGND,li1,241.9600,103.3600,0.000701
rebuffer10,VGND,li1,241.5000,103.3600,0.000701
rebuffer9,VGND,li1,240.3500,119.6800,0.000513
rebuffer8,VGND,li1,209.5300,130.5600,0.000288
rebuffer6,VGND,li1,144.4400,119.6800,0.000138
rebuffer5,VGND,li1,219.4200,114.2400,0.000228
rebuffer4,VGND,li1,226.5500,103.3600,0.000568
rebuffer3,VGND,li1,210.2200,125.1200,0.000352
rebuffer2,VGND,li1,131.3300,103.3600,0.000151
rebuffer1,VGND,li1,242.4200,146.8800,0.000702
rebuffer7,VGND,li1,213.2100,136.0000,0.000243
clkload57,VGND,li1,317.1700,261.1200,0.000658
clkload56,VGND,li1,311.1900,293.7600,0.001107
clkload55,VGND,li1,254.3800,326.4000,0.000751
clkload54,VGND,li1,241.5000,320.9600,0.000460
clkload53,VGND,li1,186.5300,174.0800,0.000235
clkload52,VGND,li1,243.5700,190.4000,0.000326
clkload51,VGND,li1,284.5100,212.1600,0.000677
clkload50,VGND,li1,267.9500,184.9600,0.000534
clkload49,VGND,li1,305.9000,179.5200,0.000876
clkload48,VGND,li1,317.6300,228.4800,0.000617
clkload47,VGND,li1,303.6000,233.9200,0.000293
clkload46,VGND,li1,194.1200,239.3600,0.000253
clkload45,VGND,li1,193.2000,272.0000,0.000286
clkload44,VGND,li1,129.9500,282.8800,0.000300
clkload43,VGND,li1,142.8300,288.3200,0.000487
clkload42,VGND,li1,163.5300,326.4000,0.000253
clkload41,VGND,li1,136.3900,326.4000,0.000351
clkload40,VGND,li1,105.5700,304.6400,0.000176
clkload39,VGND,li1,66.4700,288.3200,0.000416
clkload38,VGND,li1,73.3700,315.5200,0.000128
clkload37,VGND,li1,169.5100,184.9600,0.000096
clkload36,VGND,li1,150.6500,255.6800,0.000253
clkload35,VGND,li1,20.2400,250.2400,0.000053
clkload34,VGND,li1,28.2900,195.8400,0.000084
clkload33,VGND,li1,94.9900,228.4800,0.000289
clkload32,VGND,li1,145.1300,179.5200,0.000271
clkload31,VGND,li1,314.8700,97.9200,0.000563
clkload30,VGND,li1,313.2600,157.7600,0.000707
clkload29,VGND,li1,271.1700,157.7600,0.000626
clkload28,VGND,li1,247.2500,103.3600,0.000741
clkload27,VGND,li1,241.7300,152.3200,0.000419
clkload26,VGND,li1,239.8900,27.2000,0.000170
clkload25,VGND,li1,262.4300,65.2800,0.000670
clkload24,VGND,li1,257.8300,21.7600,0.000561
clkload23,VGND,li1,312.5700,43.5200,0.001010
clkload22,VGND,li1,292.3300,87.0400,0.000639
clkload21,VGND,li1,17.0200,108.8000,0.000085
clkload20,VGND,li1,71.9900,87.0400,0.000317
clkload19,VGND,li1,15.8700,81.6000,0.000045
clkload18,VGND,li1,85.7900,87.0400,0.000358
clkload17,VGND,li1,158.4700,87.0400,0.000245
clkload16,VGND,li1,131.5600,97.9200,0.000230
clkload15,VGND,li1,174.3400,157.7600,0.000128
clkload14,VGND,li1,30.5900,38.0800,0.000110
clkload13,VGND,li1,75.2100,43.5200,0.000332
clkload12,VGND,li1,98.6700,27.2000,0.000362
clkload11,VGND,li1,118.2200,27.2000,0.000376
clkload10,VGND,li1,145.8200,16.3200,0.000368
clkload9,VGND,li1,156.1700,43.5200,0.000227
clkload8,VGND,li1,176.4100,76.1600,0.000172
clkload7,VGND,li1,177.3300,21.7600,0.000141
clkload6,VGND,li1,260.5900,272.0000,0.000563
clkload5,VGND,li1,264.0400,217.6000,0.000372
clkload4,VGND,li1,105.1100,244.8000,0.000476
clkload3,VGND,li1,263.8100,103.3600,0.000873
clkload2,VGND,li1,258.7500,70.7200,0.000572
clkload1,VGND,li1,110.8600,97.9200,0.000217
clkload0,VGND,li1,118.6800,54.4000,0.000410
clkbuf_3_7__f_clk,VGND,li1,261.2800,266.5600,0.001344
clkbuf_3_6__f_clk,VGND,li1,268.1800,223.0400,0.000154
clkbuf_3_5__f_clk,VGND,li1,126.5000,288.3200,0.000593
clkbuf_3_4__f_clk,VGND,li1,111.3200,244.8000,0.000490
clkbuf_3_3__f_clk,VGND,li1,268.1800,108.8000,0.001373
clkbuf_3_2__f_clk,VGND,li1,258.5200,76.1600,0.001338
clkbuf_3_1__f_clk,VGND,li1,114.0800,92.4800,0.000623
clkbuf_3_0__f_clk,VGND,li1,126.5000,54.4000,0.000423
clkbuf_0_clk,VGND,li1,169.2800,174.0800,0.000335
clkbuf_leaf_68_clk,VGND,li1,21.3900,108.8000,0.000081
clkbuf_leaf_67_clk,VGND,li1,72.9100,92.4800,0.000474
clkbuf_leaf_66_clk,VGND,li1,15.8700,81.6000,0.000045
clkbuf_leaf_65_clk,VGND,li1,36.1100,38.0800,0.000148
clkbuf_leaf_64_clk,VGND,li1,73.8300,21.7600,0.000377
clkbuf_leaf_63_clk,VGND,li1,74.7500,43.5200,0.000332
clkbuf_leaf_62_clk,VGND,li1,87.6300,87.0400,0.000362
clkbuf_leaf_61_clk,VGND,li1,100.0500,21.7600,0.000406
clkbuf_leaf_60_clk,VGND,li1,122.1300,27.2000,0.000374
clkbuf_leaf_59_clk,VGND,li1,150.1900,16.3200,0.000361
clkbuf_leaf_58_clk,VGND,li1,157.5500,38.0800,0.000225
clkbuf_leaf_57_clk,VGND,li1,163.0700,87.0400,0.000232
clkbuf_leaf_55_clk,VGND,li1,131.7900,97.9200,0.000230
clkbuf_leaf_54_clk,VGND,li1,167.6700,157.7600,0.000161
clkbuf_leaf_53_clk,VGND,li1,174.5700,81.6000,0.000156
clkbuf_leaf_52_clk,VGND,li1,178.2500,21.7600,0.000141
clkbuf_leaf_50_clk,VGND,li1,240.3500,21.7600,0.000523
clkbuf_leaf_48_clk,VGND,li1,267.9500,65.2800,0.000700
clkbuf_leaf_47_clk,VGND,li1,257.3700,16.3200,0.000532
clkbuf_leaf_46_clk,VGND,li1,313.9500,43.5200,0.001010
clkbuf_leaf_45_clk,VGND,li1,318.0900,76.1600,0.001656
clkbuf_leaf_44_clk,VGND,li1,290.0300,81.6000,0.001024
clkbuf_leaf_42_clk,VGND,li1,324.9900,103.3600,0.001211
clkbuf_leaf_41_clk,VGND,li1,316.7100,125.1200,0.000945
clkbuf_leaf_40_clk,VGND,li1,314.4100,152.3200,0.000620
clkbuf_leaf_39_clk,VGND,li1,273.4700,163.2000,0.000642
clkbuf_leaf_38_clk,VGND,li1,246.7900,108.8000,0.001151
clkbuf_leaf_37_clk,VGND,li1,241.2700,146.8800,0.000689
clkbuf_leaf_36_clk,VGND,li1,182.3900,174.0800,0.000225
clkbuf_leaf_35_clk,VGND,li1,244.4900,184.9600,0.000475
clkbuf_leaf_33_clk,VGND,li1,285.4300,212.1600,0.000677
clkbuf_leaf_32_clk,VGND,li1,268.8700,190.4000,0.000400
clkbuf_leaf_31_clk,VGND,li1,304.7500,174.0800,0.000489
clkbuf_leaf_30_clk,VGND,li1,317.6300,201.2800,0.000719
clkbuf_leaf_29_clk,VGND,li1,318.5500,228.4800,0.000617
clkbuf_leaf_28_clk,VGND,li1,304.7500,239.3600,0.000698
clkbuf_leaf_27_clk,VGND,li1,317.6300,266.5600,0.001649
clkbuf_leaf_26_clk,VGND,li1,315.7900,293.7600,0.001127
clkbuf_leaf_25_clk,VGND,li1,260.5900,326.4000,0.000770
clkbuf_leaf_23_clk,VGND,li1,239.4300,315.5200,0.000460
clkbuf_leaf_22_clk,VGND,li1,204.4700,320.9600,0.000377
clkbuf_leaf_21_clk,VGND,li1,181.0100,310.0800,0.000128
clkbuf_leaf_20_clk,VGND,li1,191.1300,277.4400,0.000171
clkbuf_leaf_18_clk,VGND,li1,201.7100,239.3600,0.000309
clkbuf_leaf_17_clk,VGND,li1,170.4300,179.5200,0.000217
clkbuf_leaf_15_clk,VGND,li1,137.3100,282.8800,0.000296
clkbuf_leaf_14_clk,VGND,li1,144.6700,255.6800,0.000274
clkbuf_leaf_13_clk,VGND,li1,146.9700,288.3200,0.000465
clkbuf_leaf_12_clk,VGND,li1,163.0700,331.8400,0.000076
clkbuf_leaf_11_clk,VGND,li1,137.3100,320.9600,0.000467
clkbuf_leaf_10_clk,VGND,li1,105.1100,320.9600,0.000547
clkbuf_leaf_9_clk,VGND,li1,106.4900,299.2000,0.000328
clkbuf_leaf_8_clk,VGND,li1,66.0100,288.3200,0.000416
clkbuf_leaf_7_clk,VGND,li1,74.2900,320.9600,0.000458
clkbuf_leaf_5_clk,VGND,li1,19.5500,255.6800,0.000101
clkbuf_leaf_4_clk,VGND,li1,22.3100,217.6000,0.000087
clkbuf_leaf_3_clk,VGND,li1,34.2700,195.8400,0.000121
clkbuf_leaf_2_clk,VGND,li1,100.5100,228.4800,0.000298
clkbuf_leaf_1_clk,VGND,li1,144.6700,174.0800,0.000419
clkbuf_leaf_0_clk,VGND,li1,144.6700,163.2000,0.000232
fanout515,VGND,li1,193.6600,228.4800,0.000193
fanout514,VGND,li1,181.2400,261.1200,0.000114
fanout513,VGND,li1,176.6400,288.3200,0.000175
fanout512,VGND,li1,139.8400,212.1600,0.000149
fanout511,VGND,li1,273.9300,179.5200,0.000746
fanout510,VGND,li1,190.9000,146.8800,0.000254
fanout509,VGND,li1,181.4700,108.8000,0.000207
fanout508,VGND,li1,205.6200,272.0000,0.000355
fanout507,VGND,li1,284.7400,163.2000,0.000651
fanout506,VGND,li1,171.5800,206.7200,0.000073
fanout505,VGND,li1,161.4600,233.9200,0.000108
fanout504,VGND,li1,144.4400,250.2400,0.000107
fanout503,VGND,li1,257.1400,174.0800,0.000415
fanout502,VGND,li1,173.8800,146.8800,0.000112
fanout501,VGND,li1,179.4000,146.8800,0.000132
fanout500,VGND,li1,184.0000,125.1200,0.000153
fanout499,VGND,li1,168.1300,272.0000,0.000151
fanout498,VGND,li1,171.1200,272.0000,0.000147
fanout497,VGND,li1,163.9900,272.0000,0.000157
fanout496,VGND,li1,168.8200,266.5600,0.000170
fanout495,VGND,li1,238.7400,179.5200,0.000554
fanout494,VGND,li1,236.4400,179.5200,0.000540
fanout493,VGND,li1,166.5200,184.9600,0.000100
fanout492,VGND,li1,168.3600,141.4400,0.000068
fanout491,VGND,li1,158.7000,201.2800,0.000120
fanout490,VGND,li1,155.9400,201.2800,0.000122
fanout489,VGND,li1,192.2800,179.5200,0.000252
fanout488,VGND,li1,190.6700,179.5200,0.000239
fanout487,VGND,li1,159.1600,141.4400,0.000069
fanout486,VGND,li1,92.9200,163.2000,0.000167
fanout485,VGND,li1,123.2800,184.9600,0.000128
fanout484,VGND,li1,138.2300,114.2400,0.000094
fanout483,VGND,li1,93.8400,157.7600,0.000142
fanout482,VGND,li1,162.3800,201.2800,0.000115
fanout481,VGND,li1,198.7200,179.5200,0.000286
fanout480,VGND,li1,164.2200,201.2800,0.000112
fanout479,VGND,li1,155.0200,146.8800,0.000116
fanout478,VGND,li1,74.9800,163.2000,0.000134
fanout477,VGND,li1,114.0800,168.6400,0.000158
fanout476,VGND,li1,72.2200,168.6400,0.000113
fanout475,VGND,li1,155.4800,217.6000,0.000099
fanout474,VGND,li1,149.7300,217.6000,0.000105
fanout473,VGND,li1,190.9000,212.1600,0.000184
fanout472,VGND,li1,144.4400,146.8800,0.000116
fanout471,VGND,li1,62.5600,168.6400,0.000095
fanout470,VGND,li1,68.0800,168.6400,0.000107
fanout469,VGND,li1,71.3000,157.7600,0.000112
fanout468,VGND,li1,65.3200,201.2800,0.000133
fanout467,VGND,li1,146.2800,212.1600,0.000138
fanout466,VGND,li1,204.7000,212.1600,0.000275
fanout465,VGND,li1,210.6800,157.7600,0.000329
fanout464,VGND,li1,171.1200,136.0000,0.000080
fanout463,VGND,li1,66.2400,195.8400,0.000148
fanout462,VGND,li1,63.4800,195.8400,0.000148
fanout461,VGND,li1,119.1400,157.7600,0.000172
fanout460,VGND,li1,60.7200,157.7600,0.000093
fanout459,VGND,li1,31.7400,288.3200,0.000141
fanout458,VGND,li1,238.7400,288.3200,0.000446
fanout457,VGND,li1,244.0300,288.3200,0.000465
fanout456,VGND,li1,241.0400,288.3200,0.000454
fanout455,VGND,li1,223.1000,239.3600,0.000417
fanout454,VGND,li1,206.0800,293.7600,0.000401
fanout453,VGND,li1,200.5600,293.7600,0.000348
fanout452,VGND,li1,192.0500,114.2400,0.000119
fanout451,VGND,li1,247.4800,146.8800,0.000725
fanout450,VGND,li1,247.4800,146.8800,0.000725
fanout449,VGND,li1,241.0400,130.5600,0.000479
fanout448,VGND,li1,249.7800,92.4800,0.000486
fanout447,VGND,li1,265.6500,81.6000,0.000862
fanout446,VGND,li1,244.2600,81.6000,0.000706
fanout445,VGND,li1,24.3800,288.3200,0.000091
fanout444,VGND,li1,122.8200,282.8800,0.000294
fanout443,VGND,li1,92.2300,190.4000,0.000117
fanout442,VGND,li1,23.2300,288.3200,0.000091
fanout441,VGND,li1,34.5000,282.8800,0.000084
fanout440,VGND,li1,36.5700,223.0400,0.000070
fanout439,VGND,li1,40.7100,223.0400,0.000080
fanout438,VGND,li1,107.1800,146.8800,0.000103
fanout437,VGND,li1,90.6200,87.0400,0.000361
fanout436,VGND,li1,58.8800,157.7600,0.000088
fanout435,VGND,li1,65.5500,157.7600,0.000101
fanout434,VGND,li1,86.0200,92.4800,0.000535
fanout433,VGND,li1,23.9200,97.9200,0.000040
fanout432,VGND,li1,288.4200,168.6400,0.000400
fanout431,VGND,li1,303.6000,244.8000,0.000564
fanout430,VGND,li1,287.5000,168.6400,0.000400
fanout429,VGND,li1,188.1400,239.3600,0.000192
fanout428,VGND,li1,193.6600,239.3600,0.000253
fanout427,VGND,li1,309.1200,48.9600,0.000520
fanout426,VGND,li1,298.0800,103.3600,0.001094
fanout425,VGND,li1,302.6800,48.9600,0.000511
fanout424,VGND,li1,306.8200,108.8000,0.001470
fanout423,VGND,li1,152.7200,54.4000,0.000279
fanout422,VGND,li1,155.4800,168.6400,0.000149
fanout421,VGND,li1,155.0200,255.6800,0.000235
fanout420,VGND,li1,81.8800,304.6400,0.000159
fanout419,VGND,li1,89.2400,206.7200,0.000138
fanout418,VGND,li1,155.4800,54.4000,0.000263
fanout417,VGND,li1,149.5000,54.4000,0.000297
fanout416,VGND,li1,161.9200,76.1600,0.000189
fanout415,VGND,li1,78.2000,38.0800,0.000270
fanout414,VGND,li1,55.6600,54.4000,0.000206
fanout413,VGND,li1,271.4000,184.9600,0.000539
fanout412,VGND,li1,273.2400,184.9600,0.000543
fanout411,VGND,li1,303.1400,250.2400,0.000551
fanout410,VGND,li1,189.0600,239.3600,0.000213
fanout409,VGND,li1,190.9000,239.3600,0.000229
fanout408,VGND,li1,300.8400,146.8800,0.000922
fanout407,VGND,li1,305.9000,97.9200,0.000548
fanout406,VGND,li1,290.7200,157.7600,0.000683
fanout405,VGND,li1,149.0400,261.1200,0.000153
fanout404,VGND,li1,139.8400,255.6800,0.000275
fanout403,VGND,li1,151.3400,261.1200,0.000147
fanout402,VGND,li1,28.5200,244.8000,0.000096
fanout401,VGND,li1,91.5400,206.7200,0.000139
fanout400,VGND,li1,158.4700,97.9200,0.000159
fanout399,VGND,li1,168.8200,92.4800,0.000229
fanout398,VGND,li1,84.6400,92.4800,0.000535
fanout397,VGND,li1,81.8800,92.4800,0.000523
fanout396,VGND,li1,154.5600,168.6400,0.000149
fanout395,VGND,li1,189.0600,277.4400,0.000149
fanout394,VGND,li1,194.5800,277.4400,0.000181
fanout393,VGND,li1,172.0400,304.6400,0.000095
fanout392,VGND,li1,170.2000,304.6400,0.000102
fanout391,VGND,li1,260.8200,184.9600,0.000517
fanout390,VGND,li1,258.9800,184.9600,0.000513
fanout389,VGND,li1,157.3200,272.0000,0.000166
fanout388,VGND,li1,155.9400,266.5600,0.000175
fanout387,VGND,li1,152.7200,293.7600,0.000204
fanout386,VGND,li1,131.1000,310.0800,0.000186
fanout385,VGND,li1,118.6800,310.0800,0.000201
fanout384,VGND,li1,85.7900,326.4000,0.000343
fanout383,VGND,li1,17.4800,244.8000,0.000070
fanout382,VGND,li1,24.8400,201.2800,0.000037
fanout381,VGND,li1,32.8900,212.1600,0.000074
fanout380,VGND,li1,31.2800,212.1600,0.000068
fanout379,VGND,li1,266.3400,163.2000,0.000608
fanout378,VGND,li1,266.3400,157.7600,0.000607
fanout377,VGND,li1,313.9500,130.5600,0.000767
fanout376,VGND,li1,311.4200,136.0000,0.000475
fanout375,VGND,li1,308.6600,87.0400,0.000663
fanout374,VGND,li1,310.2700,87.0400,0.000663
fanout373,VGND,li1,316.0200,87.0400,0.000671
fanout372,VGND,li1,180.3200,70.7200,0.000096
fanout371,VGND,li1,167.4400,38.0800,0.000166
fanout370,VGND,li1,151.8000,168.6400,0.000153
fanout369,VGND,li1,165.6000,76.1600,0.000187
fanout368,VGND,li1,163.0700,48.9600,0.000101
fanout367,VGND,li1,155.0200,27.2000,0.000221
fanout366,VGND,li1,122.5900,27.2000,0.000374
fanout365,VGND,li1,127.8800,27.2000,0.000347
fanout364,VGND,li1,84.4100,38.0800,0.000280
fanout363,VGND,li1,88.3200,27.2000,0.000339
fanout362,VGND,li1,172.0400,174.0800,0.000290
fanout361,VGND,li1,238.7400,233.9200,0.000240
fanout360,VGND,li1,267.7200,255.6800,0.000430
fanout359,VGND,li1,252.0800,261.1200,0.000470
fanout358,VGND,li1,176.1800,168.6400,0.000091
fanout357,VGND,li1,177.5600,239.3600,0.000108
fanout356,VGND,li1,179.4000,233.9200,0.000072
fanout355,VGND,li1,176.6400,184.9600,0.000084
fanout354,VGND,li1,178.0200,228.4800,0.000095
fanout353,VGND,li1,169.7400,184.9600,0.000096
fanout352,VGND,li1,168.8200,174.0800,0.000335
fanout351,VGND,li1,161.4600,184.9600,0.000104
fanout350,VGND,li1,156.8600,179.5200,0.000251
fanout349,VGND,li1,197.8000,184.9600,0.000200
fanout348,VGND,li1,171.5800,190.4000,0.000065
fanout347,VGND,li1,222.1800,184.9600,0.000344
fanout346,VGND,li1,158.7000,174.0800,0.000374
fanout345,VGND,li1,222.4100,212.1600,0.000376
fanout344,VGND,li1,166.9800,174.0800,0.000347
fanout343,VGND,li1,178.0200,168.6400,0.000084
fanout342,VGND,li1,234.6000,179.5200,0.000529
fanout341,VGND,li1,255.7600,136.0000,0.000384
fanout340,VGND,li1,247.4800,97.9200,0.000406
fanout339,VGND,li1,249.3200,97.9200,0.000413
fanout338,VGND,li1,221.2600,43.5200,0.000457
fanout337,VGND,li1,218.0400,174.0800,0.000326
fanout336,VGND,li1,172.0400,163.2000,0.000138
fanout335,VGND,li1,185.3800,163.2000,0.000147
fanout334,VGND,li1,180.7800,163.2000,0.000121
fanout333,VGND,li1,195.5000,168.6400,0.000150
fanout332,VGND,li1,159.1600,157.7600,0.000176
fanout331,VGND,li1,186.3000,168.6400,0.000115
fanout330,VGND,li1,158.7000,168.6400,0.000143
fanout329,VGND,li1,163.7600,163.2000,0.000168
fanout328,VGND,li1,183.0800,119.6800,0.000124
fanout327,VGND,li1,183.0800,152.3200,0.000109
fanout326,VGND,li1,191.8200,114.2400,0.000119
fanout325,VGND,li1,148.5800,174.0800,0.000412
fanout324,VGND,li1,146.2800,168.6400,0.000158
fanout323,VGND,li1,123.7400,228.4800,0.000250
fanout322,VGND,li1,144.4400,184.9600,0.000116
fanout321,VGND,li1,138.9200,184.9600,0.000120
fanout320,VGND,li1,144.9000,228.4800,0.000192
fanout319,VGND,li1,133.4000,184.9600,0.000123
fanout318,VGND,li1,144.4400,239.3600,0.000148
fanout317,VGND,li1,130.6400,179.5200,0.000270
fanout316,VGND,li1,83.2600,272.0000,0.000183
fanout315,VGND,li1,34.0400,244.8000,0.000119
fanout314,VGND,li1,59.8000,179.5200,0.000150
fanout313,VGND,li1,41.4000,184.9600,0.000062
fanout312,VGND,li1,150.4200,174.0800,0.000406
fanout311,VGND,li1,136.1600,174.0800,0.000409
fanout310,VGND,li1,133.4000,174.0800,0.000406
fanout309,VGND,li1,126.9600,174.0800,0.000394
fanout308,VGND,li1,115.9200,163.2000,0.000205
fanout307,VGND,li1,143.9800,157.7600,0.000187
fanout306,VGND,li1,154.1000,141.4400,0.000068
fanout305,VGND,li1,146.2800,146.8800,0.000116
fanout304,VGND,li1,133.4000,163.2000,0.000225
fanout303,VGND,li1,148.5800,157.7600,0.000185
fanout302,VGND,li1,154.5600,119.6800,0.000127
fanout301,VGND,li1,150.1900,157.7600,0.000185
fanout300,VGND,li1,153.6400,157.7600,0.000183
fanout299,VGND,li1,145.1300,152.3200,0.000142
fanout298,VGND,li1,95.2200,103.3600,0.000136
fanout297,VGND,li1,94.3000,97.9200,0.000199
fanout296,VGND,li1,97.0600,97.9200,0.000201
fanout295,VGND,li1,54.2800,103.3600,0.000086
fanout294,VGND,li1,138.9200,163.2000,0.000229
fanout293,VGND,li1,124.2000,146.8800,0.000111
fanout292,VGND,li1,129.7200,157.7600,0.000181
fanout291,VGND,li1,96.1400,157.7600,0.000145
fanout290,VGND,li1,129.2600,163.2000,0.000223
fanout289,VGND,li1,97.9800,157.7600,0.000148
fanout288,VGND,li1,142.1400,87.0400,0.000286
fanout287,VGND,li1,109.4800,103.3600,0.000145
fanout286,VGND,li1,78.2000,97.9200,0.000171
fanout285,VGND,li1,81.8800,97.9200,0.000175
fanout284,VGND,li1,51.7500,108.8000,0.000140
fanout283,VGND,li1,27.6000,92.4800,0.000116
fanout282,VGND,li1,54.0500,65.2800,0.000095
fanout281,VGND,li1,203.7800,272.0000,0.000346
fanout280,VGND,li1,260.3600,266.5600,0.001344
fanout279,VGND,li1,249.3200,282.8800,0.000516
fanout278,VGND,li1,245.1800,228.4800,0.000405
fanout277,VGND,li1,295.7800,244.8000,0.000554
fanout276,VGND,li1,202.4000,266.5600,0.000536
fanout275,VGND,li1,200.1000,255.6800,0.000201
fanout274,VGND,li1,205.6200,255.6800,0.000224
fanout273,VGND,li1,246.5600,130.5600,0.000500
fanout272,VGND,li1,244.7200,125.1200,0.000590
fanout271,VGND,li1,257.3700,103.3600,0.000816
fanout270,VGND,li1,252.0800,119.6800,0.000580
fanout269,VGND,li1,246.7900,87.0400,0.000505
fanout268,VGND,li1,247.9400,92.4800,0.000479
fanout267,VGND,li1,234.8300,54.4000,0.000462
fanout266,VGND,li1,230.0000,54.4000,0.000434
fanout265,VGND,li1,98.4400,255.6800,0.000261
fanout264,VGND,li1,97.5200,250.2400,0.000120
fanout263,VGND,li1,39.5600,244.8000,0.000160
fanout262,VGND,li1,34.5000,266.5600,0.000062
fanout261,VGND,li1,91.0800,195.8400,0.000146
fanout260,VGND,li1,41.8600,233.9200,0.000096
fanout259,VGND,li1,47.3800,206.7200,0.000078
fanout258,VGND,li1,157.7800,87.0400,0.000245
fanout257,VGND,li1,155.9400,87.0400,0.000250
fanout256,VGND,li1,92.0000,81.6000,0.000172
fanout255,VGND,li1,97.0600,92.4800,0.000578
fanout254,VGND,li1,156.4000,76.1600,0.000193
fanout253,VGND,li1,158.7000,76.1600,0.000191
fanout252,VGND,li1,161.4600,48.9600,0.000101
fanout251,VGND,li1,169.2800,38.0800,0.000153
fanout250,VGND,li1,135.7000,27.2000,0.000318
fanout249,VGND,li1,80.0400,81.6000,0.000158
fanout248,VGND,li1,93.3800,38.0800,0.000288
fanout247,VGND,li1,88.0900,38.0800,0.000285
fanout246,VGND,li1,95.2200,38.0800,0.000290
fanout245,VGND,li1,200.1000,282.8800,0.000279
fanout244,VGND,li1,314.6400,282.8800,0.000710
fanout243,VGND,li1,197.8000,282.8800,0.000266
fanout242,VGND,li1,200.5600,277.4400,0.000198
fanout241,VGND,li1,203.7800,272.0000,0.000346
fanout240,VGND,li1,252.5400,266.5600,0.001243
fanout239,VGND,li1,187.2200,277.4400,0.000136
fanout238,VGND,li1,197.8000,277.4400,0.000189
fanout237,VGND,li1,203.7800,288.3200,0.000299
fanout236,VGND,li1,312.8000,282.8800,0.000707
fanout235,VGND,li1,201.9400,282.8800,0.000290
fanout234,VGND,li1,204.7000,282.8800,0.000306
fanout233,VGND,li1,184.9200,304.6400,0.000123
fanout232,VGND,li1,286.5800,157.7600,0.000672
fanout231,VGND,li1,261.2800,163.2000,0.000584
fanout230,VGND,li1,304.5200,81.6000,0.001063
fanout229,VGND,li1,310.5000,103.3600,0.001158
fanout228,VGND,li1,279.2200,174.0800,0.000458
fanout227,VGND,li1,284.7400,174.0800,0.000465
fanout226,VGND,li1,281.0600,163.2000,0.000649
fanout225,VGND,li1,311.4200,141.4400,0.000650
fanout224,VGND,li1,268.1800,157.7600,0.000615
fanout223,VGND,li1,314.1800,103.3600,0.001168
fanout222,VGND,li1,316.4800,103.3600,0.001177
fanout221,VGND,li1,306.8200,87.0400,0.000661
fanout220,VGND,li1,152.7200,261.1200,0.000147
fanout219,VGND,li1,157.3200,255.6800,0.000221
fanout218,VGND,li1,91.5400,304.6400,0.000170
fanout217,VGND,li1,90.1600,212.1600,0.000174
fanout216,VGND,li1,144.4400,266.5600,0.000174
fanout215,VGND,li1,146.2800,266.5600,0.000174
fanout214,VGND,li1,143.5200,299.2000,0.000220
fanout213,VGND,li1,114.5400,310.0800,0.000205
fanout212,VGND,li1,81.8800,320.9600,0.000481
fanout211,VGND,li1,17.9400,261.1200,0.000051
fanout210,VGND,li1,28.7500,228.4800,0.000083
fanout209,VGND,li1,29.9000,212.1600,0.000060
fanout208,VGND,li1,84.6400,103.3600,0.000128
fanout207,VGND,li1,80.0400,108.8000,0.000195
fanout206,VGND,li1,60.2600,108.8000,0.000161
fanout205,VGND,li1,63.7100,65.2800,0.000109
fanout204,VGND,li1,86.4800,108.8000,0.000200
fanout203,VGND,li1,245.6400,223.0400,0.000142
fanout202,VGND,li1,225.8600,272.0000,0.000445
fanout201,VGND,li1,234.8300,223.0400,0.000133
fanout200,VGND,li1,260.5900,223.0400,0.000152
fanout199,VGND,li1,224.7100,250.2400,0.000317
fanout198,VGND,li1,226.7800,266.5600,0.000890
fanout197,VGND,li1,233.4500,103.3600,0.000620
fanout196,VGND,li1,274.6200,81.6000,0.000926
fanout195,VGND,li1,236.9000,81.6000,0.000641
fanout194,VGND,li1,233.4500,97.9200,0.000349
fanout193,VGND,li1,241.9600,92.4800,0.000452
fanout192,VGND,li1,105.8000,255.6800,0.000266
fanout191,VGND,li1,48.7600,239.3600,0.000108
fanout190,VGND,li1,88.7800,184.9600,0.000121
fanout189,VGND,li1,58.4200,174.0800,0.000178
fanout188,VGND,li1,106.4900,266.5600,0.000166
fanout187,VGND,li1,92.4600,179.5200,0.000233
fanout186,VGND,li1,51.9800,136.0000,0.000070
fanout185,VGND,li1,46.0000,119.6800,0.000098
fanout184,VGND,li1,40.4800,119.6800,0.000083
fanout183,VGND,li1,36.3400,87.0400,0.000133
fanout182,VGND,li1,49.6800,141.4400,0.000022
fanout181,VGND,li1,93.8400,59.8400,0.000103
fanout180,VGND,li1,52.9000,141.4400,0.000025
fanout179,VGND,li1,46.0000,87.0400,0.000190
fanout178,VGND,li1,51.9800,87.0400,0.000219
fanout177,VGND,li1,247.4800,239.3600,0.000517
fanout176,VGND,li1,68.5400,217.6000,0.000120
fanout175,VGND,li1,234.6000,255.6800,0.000334
fanout174,VGND,li1,230.4600,250.2400,0.000346
fanout173,VGND,li1,270.9400,250.2400,0.000487
fanout172,VGND,li1,221.2600,277.4400,0.000255
fanout171,VGND,li1,291.1800,255.6800,0.000483
fanout170,VGND,li1,200.5600,65.2800,0.000261
fanout169,VGND,li1,202.8600,65.2800,0.000278
fanout168,VGND,li1,248.4000,54.4000,0.000534
fanout167,VGND,li1,218.5000,59.8400,0.000193
fanout166,VGND,li1,261.7400,43.5200,0.000743
fanout165,VGND,li1,221.7200,54.4000,0.000382
fanout164,VGND,li1,60.2600,228.4800,0.000196
fanout163,VGND,li1,97.0600,266.5600,0.000162
fanout162,VGND,li1,49.6800,266.5600,0.000101
fanout161,VGND,li1,62.5600,223.0400,0.000120
fanout160,VGND,li1,65.7800,223.0400,0.000125
fanout159,VGND,li1,98.9000,272.0000,0.000193
fanout158,VGND,li1,283.3600,282.8800,0.000645
fanout157,VGND,li1,247.0200,261.1200,0.000451
fanout156,VGND,li1,281.0600,114.2400,0.000386
fanout155,VGND,li1,103.0400,277.4400,0.000131
max_cap154,VGND,li1,79.8100,244.8000,0.000377
max_cap153,VGND,li1,100.5100,108.8000,0.000209
wire151,VGND,li1,217.5800,223.0400,0.000109
output150,VGND,li1,190.4400,331.8400,0.000055
output149,VGND,li1,230.0000,331.8400,0.000084
output148,VGND,li1,181.7000,10.8800,0.000019
output147,VGND,li1,191.3600,10.8800,0.000019
output146,VGND,li1,188.1400,10.8800,0.000019
output145,VGND,li1,184.9200,10.8800,0.000019
output144,VGND,li1,136.6200,331.8400,0.000074
output143,VGND,li1,139.8400,331.8400,0.000074
output142,VGND,li1,114.0800,331.8400,0.000066
output141,VGND,li1,104.4200,331.8400,0.000058
output140,VGND,li1,101.2000,331.8400,0.000057
output139,VGND,li1,94.7600,331.8400,0.000052
output138,VGND,li1,220.3400,331.8400,0.000077
output137,VGND,li1,80.0400,331.8400,0.000043
output136,VGND,li1,81.8800,331.8400,0.000045
output135,VGND,li1,9.6600,255.6800,0.000103
output134,VGND,li1,7.8200,255.6800,0.000103
output133,VGND,li1,72.2200,331.8400,0.000038
output132,VGND,li1,13.3400,250.2400,0.000059
output131,VGND,li1,7.8200,250.2400,0.000061
output130,VGND,li1,9.6600,244.8000,0.000075
output129,VGND,li1,7.8200,239.3600,0.000067
output128,VGND,li1,7.8200,228.4800,0.000076
output127,VGND,li1,217.1200,331.8400,0.000075
output126,VGND,li1,9.6600,223.0400,0.000046
output125,VGND,li1,9.6600,217.6000,0.000096
output124,VGND,li1,7.8200,217.6000,0.000096
output123,VGND,li1,9.6600,233.9200,0.000058
output122,VGND,li1,7.8200,233.9200,0.000058
output121,VGND,li1,7.8200,244.8000,0.000075
output120,VGND,li1,7.8200,223.0400,0.000046
output119,VGND,li1,120.5200,331.8400,0.000070
output118,VGND,li1,110.8600,331.8400,0.000064
output117,VGND,li1,107.6400,331.8400,0.000060
output116,VGND,li1,223.5600,331.8400,0.000079
output115,VGND,li1,117.3000,331.8400,0.000068
output114,VGND,li1,166.5200,331.8400,0.000067
output113,VGND,li1,130.1800,331.8400,0.000074
output112,VGND,li1,143.0600,331.8400,0.000074
output111,VGND,li1,159.1600,331.8400,0.000075
output110,VGND,li1,155.9400,331.8400,0.000075
output109,VGND,li1,324.7600,157.7600,0.000711
output108,VGND,li1,326.6000,136.0000,0.000484
output107,VGND,li1,326.6000,125.1200,0.000949
output106,VGND,li1,313.2600,125.1200,0.000925
output105,VGND,li1,204.2400,331.8400,0.000067
output104,VGND,li1,319.2400,103.3600,0.001190
output103,VGND,li1,319.2400,114.2400,0.000428
output102,VGND,li1,326.6000,87.0400,0.000678
output101,VGND,li1,324.7600,76.1600,0.001656
output100,VGND,li1,326.6000,65.2800,0.000786
output99,VGND,li1,320.6200,65.2800,0.000786
output98,VGND,li1,326.6000,54.4000,0.000733
output97,VGND,li1,326.6000,54.4000,0.000733
output96,VGND,li1,322.9200,76.1600,0.001656
output95,VGND,li1,322.4600,65.2800,0.000786
output94,VGND,li1,201.9400,331.8400,0.000066
output93,VGND,li1,311.8800,76.1600,0.001640
output92,VGND,li1,313.7200,76.1600,0.001646
output91,VGND,li1,252.5400,10.8800,0.000019
output90,VGND,li1,246.1000,10.8800,0.000019
output89,VGND,li1,255.7600,10.8800,0.000019
output88,VGND,li1,326.1400,81.6000,0.001087
output87,VGND,li1,326.6000,76.1600,0.001656
output86,VGND,li1,326.6000,108.8000,0.001484
output85,VGND,li1,321.5400,114.2400,0.000430
output84,VGND,li1,326.6000,114.2400,0.000432
output83,VGND,li1,196.4200,326.4000,0.000373
output82,VGND,li1,319.2400,130.5600,0.000772
output81,VGND,li1,319.2400,146.8800,0.000946
output80,VGND,li1,326.6000,152.3200,0.000629
output79,VGND,li1,326.6000,157.7600,0.000711
output78,VGND,li1,326.6000,190.4000,0.000431
output77,VGND,li1,324.7600,190.4000,0.000431
output76,VGND,li1,326.6000,179.5200,0.000876
output75,VGND,li1,326.6000,184.9600,0.000627
output74,VGND,li1,213.9000,331.8400,0.000073
output73,VGND,li1,188.1400,331.8400,0.000052
output72,VGND,li1,184.9200,331.8400,0.000046
output71,VGND,li1,210.6800,331.8400,0.000071
output70,VGND,li1,207.4600,331.8400,0.000069
output69,VGND,li1,200.1000,331.8400,0.000063
output68,VGND,li1,181.7000,331.8400,0.000042
output67,VGND,li1,226.7800,331.8400,0.000082
output66,VGND,li1,247.0200,331.8400,0.000095
output65,VGND,li1,326.6000,310.0800,0.000399
output64,VGND,li1,326.6000,304.6400,0.000525
output63,VGND,li1,326.6000,293.7600,0.001129
output62,VGND,li1,326.6000,288.3200,0.000637
output61,VGND,li1,172.0400,331.8400,0.000052
output60,VGND,li1,259.4400,331.8400,0.000100
output59,VGND,li1,326.6000,272.0000,0.000623
output58,VGND,li1,324.7600,272.0000,0.000623
output57,VGND,li1,326.6000,250.2400,0.000570
output56,VGND,li1,326.6000,212.1600,0.000712
output55,VGND,li1,326.6000,206.7200,0.000490
output54,VGND,li1,326.6000,206.7200,0.000490
output53,VGND,li1,326.6000,201.2800,0.000722
output52,VGND,li1,177.1000,10.8800,0.000019
output51,VGND,li1,164.6800,10.8800,0.000039
output50,VGND,li1,175.2600,10.8800,0.000022
output49,VGND,li1,120.5200,10.8800,0.000082
output48,VGND,li1,117.3000,10.8800,0.000084
output47,VGND,li1,114.0800,10.8800,0.000085
output46,VGND,li1,109.9400,16.3200,0.000406
output45,VGND,li1,97.9800,10.8800,0.000088
output44,VGND,li1,326.6000,255.6800,0.000520
output43,VGND,li1,94.7600,10.8800,0.000088
output42,VGND,li1,81.8800,10.8800,0.000083
output41,VGND,li1,85.1000,16.3200,0.000357
output40,VGND,li1,84.1800,21.7600,0.000391
output39,VGND,li1,69.0000,10.8800,0.000068
output38,VGND,li1,92.9200,10.8800,0.000087
output37,VGND,li1,77.2800,16.3200,0.000334
output36,VGND,li1,8.2800,87.0400,0.000075
output35,VGND,li1,7.8200,141.4400,0.000007
output34,VGND,li1,7.8200,92.4800,0.000105
output33,VGND,li1,324.7600,255.6800,0.000520
output32,VGND,li1,94.3000,16.3200,0.000385
output31,VGND,li1,9.6600,92.4800,0.000105
output30,VGND,li1,99.8200,10.8800,0.000089
output29,VGND,li1,110.8600,10.8800,0.000086
output28,VGND,li1,130.1800,10.8800,0.000075
output27,VGND,li1,139.8400,10.8800,0.000067
output26,VGND,li1,143.0600,10.8800,0.000064
output25,VGND,li1,152.7200,10.8800,0.000054
output24,VGND,li1,162.8400,10.8800,0.000043
output23,VGND,li1,178.9400,10.8800,0.000019
output22,VGND,li1,178.4800,331.8400,0.000039
input21,VGND,li1,7.8200,163.2000,0.000026
input20,VGND,li1,7.8200,179.5200,0.000039
input19,VGND,li1,7.8200,157.7600,0.000024
input18,VGND,li1,7.8200,174.0800,0.000046
input17,VGND,li1,7.8200,179.5200,0.000039
input16,VGND,li1,7.8200,152.3200,0.000018
input15,VGND,li1,7.8200,174.0800,0.000046
input14,VGND,li1,7.8200,163.2000,0.000026
input13,VGND,li1,157.3200,10.8800,0.000048
input12,VGND,li1,7.8200,168.6400,0.000024
input11,VGND,li1,159.1600,10.8800,0.000046
input10,VGND,li1,313.7200,141.4400,0.000653
input9,VGND,li1,326.6000,43.5200,0.001016
input8,VGND,li1,9.6600,299.2000,0.000054
input7,VGND,li1,7.5900,195.8400,0.000080
input6,VGND,li1,8.9700,206.7200,0.000049
input5,VGND,li1,7.8200,206.7200,0.000049
input4,VGND,li1,8.9700,201.2800,0.000049
input3,VGND,li1,243.8000,331.8400,0.000093
input2,VGND,li1,322.9200,136.0000,0.000484
input1,VGND,li1,324.3000,125.1200,0.000949
TAP_TAPCELL_ROW_117_1675,VGND,li1,314.8700,331.5480,0.000100
TAP_TAPCELL_ROW_117_1674,VGND,li1,301.9900,331.5480,0.000100
TAP_TAPCELL_ROW_117_1673,VGND,li1,289.1100,331.5480,0.000100
TAP_TAPCELL_ROW_117_1672,VGND,li1,276.2300,331.5480,0.000100
TAP_TAPCELL_ROW_117_1671,VGND,li1,263.3500,331.5480,0.000100
TAP_TAPCELL_ROW_117_1670,VGND,li1,250.4700,331.5480,0.000097
TAP_TAPCELL_ROW_117_1669,VGND,li1,237.5900,331.5480,0.000089
TAP_TAPCELL_ROW_117_1668,VGND,li1,224.7100,331.5480,0.000081
TAP_TAPCELL_ROW_117_1667,VGND,li1,211.8300,331.5480,0.000071
TAP_TAPCELL_ROW_117_1666,VGND,li1,198.9500,331.5480,0.000063
TAP_TAPCELL_ROW_117_1665,VGND,li1,186.0700,331.5480,0.000050
TAP_TAPCELL_ROW_117_1664,VGND,li1,173.1900,331.5480,0.000052
TAP_TAPCELL_ROW_117_1663,VGND,li1,160.3100,331.5480,0.000075
TAP_TAPCELL_ROW_117_1662,VGND,li1,147.4300,331.5480,0.000075
TAP_TAPCELL_ROW_117_1661,VGND,li1,134.5500,331.5480,0.000074
TAP_TAPCELL_ROW_117_1660,VGND,li1,121.6700,331.5480,0.000070
TAP_TAPCELL_ROW_117_1659,VGND,li1,108.7900,331.5480,0.000062
TAP_TAPCELL_ROW_117_1658,VGND,li1,95.9100,331.5480,0.000054
TAP_TAPCELL_ROW_117_1657,VGND,li1,83.0300,331.5480,0.000045
TAP_TAPCELL_ROW_117_1656,VGND,li1,70.1500,331.5480,0.000036
TAP_TAPCELL_ROW_117_1655,VGND,li1,57.2700,331.5480,0.000028
TAP_TAPCELL_ROW_117_1654,VGND,li1,44.3900,331.5480,0.000019
TAP_TAPCELL_ROW_117_1653,VGND,li1,31.5100,331.5480,0.000010
TAP_TAPCELL_ROW_117_1652,VGND,li1,18.6300,331.5480,0.000007
TAP_TAPCELL_ROW_116_1651,VGND,li1,301.9900,326.6910,0.000770
TAP_TAPCELL_ROW_116_1650,VGND,li1,276.2300,326.6910,0.000770
TAP_TAPCELL_ROW_116_1649,VGND,li1,250.4700,326.6910,0.000732
TAP_TAPCELL_ROW_116_1648,VGND,li1,224.7100,326.6910,0.000595
TAP_TAPCELL_ROW_116_1647,VGND,li1,198.9500,326.6910,0.000396
TAP_TAPCELL_ROW_116_1646,VGND,li1,173.1900,326.6910,0.000202
TAP_TAPCELL_ROW_116_1645,VGND,li1,147.4300,326.6910,0.000318
TAP_TAPCELL_ROW_116_1644,VGND,li1,121.6700,326.6910,0.000374
TAP_TAPCELL_ROW_116_1643,VGND,li1,95.9100,326.6910,0.000368
TAP_TAPCELL_ROW_116_1642,VGND,li1,70.1500,326.6910,0.000287
TAP_TAPCELL_ROW_116_1641,VGND,li1,44.3900,326.6910,0.000155
TAP_TAPCELL_ROW_116_1640,VGND,li1,18.6300,326.6910,0.000053
TAP_TAPCELL_ROW_115_1639,VGND,li1,314.8700,326.1080,0.000770
TAP_TAPCELL_ROW_115_1638,VGND,li1,289.1100,326.1080,0.000770
TAP_TAPCELL_ROW_115_1637,VGND,li1,263.3500,326.1080,0.000770
TAP_TAPCELL_ROW_115_1636,VGND,li1,237.5900,326.1080,0.000672
TAP_TAPCELL_ROW_115_1635,VGND,li1,211.8300,326.1080,0.000496
TAP_TAPCELL_ROW_115_1634,VGND,li1,186.0700,326.1080,0.000255
TAP_TAPCELL_ROW_115_1633,VGND,li1,160.3100,326.1080,0.000270
TAP_TAPCELL_ROW_115_1632,VGND,li1,134.5500,326.1080,0.000355
TAP_TAPCELL_ROW_115_1631,VGND,li1,108.7900,326.1080,0.000380
TAP_TAPCELL_ROW_115_1630,VGND,li1,83.0300,326.1080,0.000335
TAP_TAPCELL_ROW_115_1629,VGND,li1,57.2700,326.1080,0.000223
TAP_TAPCELL_ROW_115_1628,VGND,li1,31.5100,326.1080,0.000078
TAP_TAPCELL_ROW_114_1627,VGND,li1,301.9900,321.2510,0.000463
TAP_TAPCELL_ROW_114_1626,VGND,li1,276.2300,321.2510,0.000463
TAP_TAPCELL_ROW_114_1625,VGND,li1,250.4700,321.2510,0.000462
TAP_TAPCELL_ROW_114_1624,VGND,li1,224.7100,321.2510,0.000429
TAP_TAPCELL_ROW_114_1623,VGND,li1,198.9500,321.2510,0.000326
TAP_TAPCELL_ROW_114_1622,VGND,li1,173.1900,321.2510,0.000215
TAP_TAPCELL_ROW_114_1621,VGND,li1,147.4300,321.2510,0.000406
TAP_TAPCELL_ROW_114_1620,VGND,li1,121.6700,321.2510,0.000514
TAP_TAPCELL_ROW_114_1619,VGND,li1,95.9100,321.2510,0.000528
TAP_TAPCELL_ROW_114_1618,VGND,li1,70.1500,321.2510,0.000427
TAP_TAPCELL_ROW_114_1617,VGND,li1,44.3900,321.2510,0.000231
TAP_TAPCELL_ROW_114_1616,VGND,li1,18.6300,321.2510,0.000079
TAP_TAPCELL_ROW_113_1615,VGND,li1,314.8700,320.6680,0.000463
TAP_TAPCELL_ROW_113_1614,VGND,li1,289.1100,320.6680,0.000463
TAP_TAPCELL_ROW_113_1613,VGND,li1,263.3500,320.6680,0.000463
TAP_TAPCELL_ROW_113_1612,VGND,li1,237.5900,320.6680,0.000454
TAP_TAPCELL_ROW_113_1611,VGND,li1,211.8300,320.6680,0.000399
TAP_TAPCELL_ROW_113_1610,VGND,li1,186.0700,320.6680,0.000226
TAP_TAPCELL_ROW_113_1609,VGND,li1,160.3100,320.6680,0.000307
TAP_TAPCELL_ROW_113_1608,VGND,li1,134.5500,320.6680,0.000478
TAP_TAPCELL_ROW_113_1607,VGND,li1,108.7900,320.6680,0.000541
TAP_TAPCELL_ROW_113_1606,VGND,li1,83.0300,320.6680,0.000490
TAP_TAPCELL_ROW_113_1605,VGND,li1,57.2700,320.6680,0.000333
TAP_TAPCELL_ROW_113_1604,VGND,li1,31.5100,320.6680,0.000117
TAP_TAPCELL_ROW_112_1603,VGND,li1,301.9900,315.8110,0.000475
TAP_TAPCELL_ROW_112_1602,VGND,li1,276.2300,315.8110,0.000475
TAP_TAPCELL_ROW_112_1601,VGND,li1,250.4700,315.8110,0.000470
TAP_TAPCELL_ROW_112_1600,VGND,li1,224.7100,315.8110,0.000382
TAP_TAPCELL_ROW_112_1599,VGND,li1,198.9500,315.8110,0.000229
TAP_TAPCELL_ROW_112_1598,VGND,li1,173.1900,315.8110,0.000088
TAP_TAPCELL_ROW_112_1597,VGND,li1,147.4300,315.8110,0.000105
TAP_TAPCELL_ROW_112_1596,VGND,li1,121.6700,315.8110,0.000122
TAP_TAPCELL_ROW_112_1595,VGND,li1,95.9100,315.8110,0.000137
TAP_TAPCELL_ROW_112_1594,VGND,li1,70.1500,315.8110,0.000124
TAP_TAPCELL_ROW_112_1593,VGND,li1,44.3900,315.8110,0.000068
TAP_TAPCELL_ROW_112_1592,VGND,li1,18.6300,315.8110,0.000023
TAP_TAPCELL_ROW_111_1591,VGND,li1,314.8700,315.2280,0.000475
TAP_TAPCELL_ROW_111_1590,VGND,li1,289.1100,315.2280,0.000475
TAP_TAPCELL_ROW_111_1589,VGND,li1,263.3500,315.2280,0.000475
TAP_TAPCELL_ROW_111_1588,VGND,li1,237.5900,315.2280,0.000451
TAP_TAPCELL_ROW_111_1587,VGND,li1,211.8300,315.2280,0.000318
TAP_TAPCELL_ROW_111_1586,VGND,li1,186.0700,315.2280,0.000144
TAP_TAPCELL_ROW_111_1585,VGND,li1,160.3100,315.2280,0.000097
TAP_TAPCELL_ROW_111_1584,VGND,li1,134.5500,315.2280,0.000114
TAP_TAPCELL_ROW_111_1583,VGND,li1,108.7900,315.2280,0.000130
TAP_TAPCELL_ROW_111_1582,VGND,li1,83.0300,315.2280,0.000137
TAP_TAPCELL_ROW_111_1581,VGND,li1,57.2700,315.2280,0.000096
TAP_TAPCELL_ROW_111_1580,VGND,li1,31.5100,315.2280,0.000035
TAP_TAPCELL_ROW_110_1579,VGND,li1,301.9900,310.3710,0.000387
TAP_TAPCELL_ROW_110_1578,VGND,li1,276.2300,310.3710,0.000370
TAP_TAPCELL_ROW_110_1577,VGND,li1,250.4700,310.3710,0.000330
TAP_TAPCELL_ROW_110_1576,VGND,li1,224.7100,310.3710,0.000277
TAP_TAPCELL_ROW_110_1575,VGND,li1,198.9500,310.3710,0.000202
TAP_TAPCELL_ROW_110_1574,VGND,li1,173.1900,310.3710,0.000114
TAP_TAPCELL_ROW_110_1573,VGND,li1,147.4300,310.3710,0.000158
TAP_TAPCELL_ROW_110_1572,VGND,li1,121.6700,310.3710,0.000199
TAP_TAPCELL_ROW_110_1571,VGND,li1,95.9100,310.3710,0.000202
TAP_TAPCELL_ROW_110_1570,VGND,li1,70.1500,310.3710,0.000164
TAP_TAPCELL_ROW_110_1569,VGND,li1,44.3900,310.3710,0.000099
TAP_TAPCELL_ROW_110_1568,VGND,li1,18.6300,310.3710,0.000034
TAP_TAPCELL_ROW_109_1567,VGND,li1,314.8700,309.7880,0.000394
TAP_TAPCELL_ROW_109_1566,VGND,li1,289.1100,309.7880,0.000379
TAP_TAPCELL_ROW_109_1565,VGND,li1,263.3500,309.7880,0.000354
TAP_TAPCELL_ROW_109_1564,VGND,li1,237.5900,309.7880,0.000307
TAP_TAPCELL_ROW_109_1563,VGND,li1,211.8300,309.7880,0.000238
TAP_TAPCELL_ROW_109_1562,VGND,li1,186.0700,309.7880,0.000147
TAP_TAPCELL_ROW_109_1561,VGND,li1,160.3100,309.7880,0.000137
TAP_TAPCELL_ROW_109_1560,VGND,li1,134.5500,309.7880,0.000180
TAP_TAPCELL_ROW_109_1559,VGND,li1,108.7900,309.7880,0.000207
TAP_TAPCELL_ROW_109_1558,VGND,li1,83.0300,309.7880,0.000187
TAP_TAPCELL_ROW_109_1557,VGND,li1,57.2700,309.7880,0.000138
TAP_TAPCELL_ROW_109_1556,VGND,li1,31.5100,309.7880,0.000050
TAP_TAPCELL_ROW_108_1555,VGND,li1,301.9900,304.9310,0.000521
TAP_TAPCELL_ROW_108_1554,VGND,li1,276.2300,304.9310,0.000478
TAP_TAPCELL_ROW_108_1553,VGND,li1,250.4700,304.9310,0.000413
TAP_TAPCELL_ROW_108_1552,VGND,li1,224.7100,304.9310,0.000325
TAP_TAPCELL_ROW_108_1551,VGND,li1,198.9500,304.9310,0.000200
TAP_TAPCELL_ROW_108_1550,VGND,li1,173.1900,304.9310,0.000095
TAP_TAPCELL_ROW_108_1549,VGND,li1,147.4300,304.9310,0.000129
TAP_TAPCELL_ROW_108_1548,VGND,li1,121.6700,304.9310,0.000162
TAP_TAPCELL_ROW_108_1547,VGND,li1,95.9100,304.9310,0.000173
TAP_TAPCELL_ROW_108_1546,VGND,li1,70.1500,304.9310,0.000141
TAP_TAPCELL_ROW_108_1545,VGND,li1,44.3900,304.9310,0.000084
TAP_TAPCELL_ROW_108_1544,VGND,li1,18.6300,304.9310,0.000029
TAP_TAPCELL_ROW_107_1543,VGND,li1,314.8700,304.3480,0.000525
TAP_TAPCELL_ROW_107_1542,VGND,li1,289.1100,304.3480,0.000503
TAP_TAPCELL_ROW_107_1541,VGND,li1,263.3500,304.3480,0.000447
TAP_TAPCELL_ROW_107_1540,VGND,li1,237.5900,304.3480,0.000371
TAP_TAPCELL_ROW_107_1539,VGND,li1,211.8300,304.3480,0.000273
TAP_TAPCELL_ROW_107_1538,VGND,li1,186.0700,304.3480,0.000123
TAP_TAPCELL_ROW_107_1537,VGND,li1,160.3100,304.3480,0.000112
TAP_TAPCELL_ROW_107_1536,VGND,li1,134.5500,304.3480,0.000145
TAP_TAPCELL_ROW_107_1535,VGND,li1,108.7900,304.3480,0.000174
TAP_TAPCELL_ROW_107_1534,VGND,li1,83.0300,304.3480,0.000162
TAP_TAPCELL_ROW_107_1533,VGND,li1,57.2700,304.3480,0.000115
TAP_TAPCELL_ROW_107_1532,VGND,li1,31.5100,304.3480,0.000042
TAP_TAPCELL_ROW_106_1531,VGND,li1,301.9900,299.4910,0.000628
TAP_TAPCELL_ROW_106_1530,VGND,li1,276.2300,299.4910,0.000562
TAP_TAPCELL_ROW_106_1529,VGND,li1,250.4700,299.4910,0.000481
TAP_TAPCELL_ROW_106_1528,VGND,li1,224.7100,299.4910,0.000381
TAP_TAPCELL_ROW_106_1527,VGND,li1,198.9500,299.4910,0.000247
TAP_TAPCELL_ROW_106_1526,VGND,li1,173.1900,299.4910,0.000129
TAP_TAPCELL_ROW_106_1525,VGND,li1,147.4300,299.4910,0.000212
TAP_TAPCELL_ROW_106_1524,VGND,li1,121.6700,299.4910,0.000288
TAP_TAPCELL_ROW_106_1523,VGND,li1,95.9100,299.4910,0.000319
TAP_TAPCELL_ROW_106_1522,VGND,li1,70.1500,299.4910,0.000252
TAP_TAPCELL_ROW_106_1521,VGND,li1,44.3900,299.4910,0.000149
TAP_TAPCELL_ROW_106_1520,VGND,li1,18.6300,299.4910,0.000054
TAP_TAPCELL_ROW_105_1519,VGND,li1,314.8700,298.9080,0.000647
TAP_TAPCELL_ROW_105_1518,VGND,li1,289.1100,298.9080,0.000597
TAP_TAPCELL_ROW_105_1517,VGND,li1,263.3500,298.9080,0.000525
TAP_TAPCELL_ROW_105_1516,VGND,li1,237.5900,298.9080,0.000436
TAP_TAPCELL_ROW_105_1515,VGND,li1,211.8300,298.9080,0.000326
TAP_TAPCELL_ROW_105_1514,VGND,li1,186.0700,298.9080,0.000171
TAP_TAPCELL_ROW_105_1513,VGND,li1,160.3100,298.9080,0.000166
TAP_TAPCELL_ROW_105_1512,VGND,li1,134.5500,298.9080,0.000253
TAP_TAPCELL_ROW_105_1511,VGND,li1,108.7900,298.9080,0.000323
TAP_TAPCELL_ROW_105_1510,VGND,li1,83.0300,298.9080,0.000293
TAP_TAPCELL_ROW_105_1509,VGND,li1,57.2700,298.9080,0.000203
TAP_TAPCELL_ROW_105_1508,VGND,li1,31.5100,298.9080,0.000094
TAP_TAPCELL_ROW_104_1507,VGND,li1,301.9900,294.0510,0.001062
TAP_TAPCELL_ROW_104_1506,VGND,li1,276.2300,294.0510,0.000912
TAP_TAPCELL_ROW_104_1505,VGND,li1,250.4700,294.0510,0.000748
TAP_TAPCELL_ROW_104_1504,VGND,li1,224.7100,294.0510,0.000553
TAP_TAPCELL_ROW_104_1503,VGND,li1,198.9500,294.0510,0.000325
TAP_TAPCELL_ROW_104_1502,VGND,li1,173.1900,294.0510,0.000148
TAP_TAPCELL_ROW_104_1501,VGND,li1,147.4300,294.0510,0.000214
TAP_TAPCELL_ROW_104_1500,VGND,li1,121.6700,294.0510,0.000239
TAP_TAPCELL_ROW_104_1499,VGND,li1,95.9100,294.0510,0.000225
TAP_TAPCELL_ROW_104_1498,VGND,li1,70.1500,294.0510,0.000187
TAP_TAPCELL_ROW_104_1497,VGND,li1,44.3900,294.0510,0.000110
TAP_TAPCELL_ROW_104_1496,VGND,li1,18.6300,294.0510,0.000039
TAP_TAPCELL_ROW_103_1495,VGND,li1,314.8700,293.4680,0.001119
TAP_TAPCELL_ROW_103_1494,VGND,li1,289.1100,293.4680,0.000987
TAP_TAPCELL_ROW_103_1493,VGND,li1,263.3500,293.4680,0.000829
TAP_TAPCELL_ROW_103_1492,VGND,li1,237.5900,293.4680,0.000656
TAP_TAPCELL_ROW_103_1491,VGND,li1,211.8300,293.4680,0.000447
TAP_TAPCELL_ROW_103_1490,VGND,li1,186.0700,293.4680,0.000216
TAP_TAPCELL_ROW_103_1489,VGND,li1,160.3100,293.4680,0.000183
TAP_TAPCELL_ROW_103_1488,VGND,li1,134.5500,293.4680,0.000230
TAP_TAPCELL_ROW_103_1487,VGND,li1,108.7900,293.4680,0.000236
TAP_TAPCELL_ROW_103_1486,VGND,li1,83.0300,293.4680,0.000212
TAP_TAPCELL_ROW_103_1485,VGND,li1,57.2700,293.4680,0.000155
TAP_TAPCELL_ROW_103_1484,VGND,li1,31.5100,293.4680,0.000057
TAP_TAPCELL_ROW_102_1483,VGND,li1,301.9900,288.6110,0.000617
TAP_TAPCELL_ROW_102_1482,VGND,li1,276.2300,288.6110,0.000557
TAP_TAPCELL_ROW_102_1481,VGND,li1,250.4700,288.6110,0.000485
TAP_TAPCELL_ROW_102_1480,VGND,li1,224.7100,288.6110,0.000388
TAP_TAPCELL_ROW_102_1479,VGND,li1,198.9500,288.6110,0.000270
TAP_TAPCELL_ROW_102_1478,VGND,li1,173.1900,288.6110,0.000208
TAP_TAPCELL_ROW_102_1477,VGND,li1,147.4300,288.6110,0.000465
TAP_TAPCELL_ROW_102_1476,VGND,li1,121.6700,288.6110,0.000585
TAP_TAPCELL_ROW_102_1475,VGND,li1,95.9100,288.6110,0.000524
TAP_TAPCELL_ROW_102_1474,VGND,li1,70.1500,288.6110,0.000431
TAP_TAPCELL_ROW_102_1473,VGND,li1,44.3900,288.6110,0.000238
TAP_TAPCELL_ROW_102_1472,VGND,li1,18.6300,288.6110,0.000091
TAP_TAPCELL_ROW_101_1471,VGND,li1,314.8700,288.0280,0.000632
TAP_TAPCELL_ROW_101_1470,VGND,li1,289.1100,288.0280,0.000590
TAP_TAPCELL_ROW_101_1469,VGND,li1,263.3500,288.0280,0.000519
TAP_TAPCELL_ROW_101_1468,VGND,li1,237.5900,288.0280,0.000439
TAP_TAPCELL_ROW_101_1467,VGND,li1,211.8300,288.0280,0.000337
TAP_TAPCELL_ROW_101_1466,VGND,li1,186.0700,288.0280,0.000198
TAP_TAPCELL_ROW_101_1465,VGND,li1,160.3100,288.0280,0.000331
TAP_TAPCELL_ROW_101_1464,VGND,li1,134.5500,288.0280,0.000548
TAP_TAPCELL_ROW_101_1463,VGND,li1,108.7900,288.0280,0.000560
TAP_TAPCELL_ROW_101_1462,VGND,li1,83.0300,288.0280,0.000482
TAP_TAPCELL_ROW_101_1461,VGND,li1,57.2700,288.0280,0.000339
TAP_TAPCELL_ROW_101_1460,VGND,li1,31.5100,288.0280,0.000141
TAP_TAPCELL_ROW_100_1459,VGND,li1,301.9900,283.1710,0.000692
TAP_TAPCELL_ROW_100_1458,VGND,li1,276.2300,283.1710,0.000619
TAP_TAPCELL_ROW_100_1457,VGND,li1,250.4700,283.1710,0.000516
TAP_TAPCELL_ROW_100_1456,VGND,li1,224.7100,283.1710,0.000406
TAP_TAPCELL_ROW_100_1455,VGND,li1,198.9500,283.1710,0.000266
TAP_TAPCELL_ROW_100_1454,VGND,li1,173.1900,283.1710,0.000154
TAP_TAPCELL_ROW_100_1453,VGND,li1,147.4300,283.1710,0.000260
TAP_TAPCELL_ROW_100_1452,VGND,li1,121.6700,283.1710,0.000293
TAP_TAPCELL_ROW_100_1451,VGND,li1,95.9100,283.1710,0.000253
TAP_TAPCELL_ROW_100_1450,VGND,li1,70.1500,283.1710,0.000199
TAP_TAPCELL_ROW_100_1449,VGND,li1,44.3900,283.1710,0.000119
TAP_TAPCELL_ROW_100_1448,VGND,li1,18.6300,283.1710,0.000056
TAP_TAPCELL_ROW_99_1447,VGND,li1,314.8700,282.5880,0.000710
TAP_TAPCELL_ROW_99_1446,VGND,li1,289.1100,282.5880,0.000664
TAP_TAPCELL_ROW_99_1445,VGND,li1,263.3500,282.5880,0.000574
TAP_TAPCELL_ROW_99_1444,VGND,li1,237.5900,282.5880,0.000466
TAP_TAPCELL_ROW_99_1443,VGND,li1,211.8300,282.5880,0.000339
TAP_TAPCELL_ROW_99_1442,VGND,li1,186.0700,282.5880,0.000177
TAP_TAPCELL_ROW_99_1441,VGND,li1,160.3100,282.5880,0.000213
TAP_TAPCELL_ROW_99_1440,VGND,li1,134.5500,282.5880,0.000298
TAP_TAPCELL_ROW_99_1439,VGND,li1,108.7900,282.5880,0.000278
TAP_TAPCELL_ROW_99_1438,VGND,li1,83.0300,282.5880,0.000229
TAP_TAPCELL_ROW_99_1437,VGND,li1,57.2700,282.5880,0.000165
TAP_TAPCELL_ROW_99_1436,VGND,li1,31.5100,282.5880,0.000073
TAP_TAPCELL_ROW_98_1435,VGND,li1,301.9900,277.7310,0.000362
TAP_TAPCELL_ROW_98_1434,VGND,li1,276.2300,277.7310,0.000339
TAP_TAPCELL_ROW_98_1433,VGND,li1,250.4700,277.7310,0.000305
TAP_TAPCELL_ROW_98_1432,VGND,li1,224.7100,277.7310,0.000259
TAP_TAPCELL_ROW_98_1431,VGND,li1,198.9500,277.7310,0.000198
TAP_TAPCELL_ROW_98_1430,VGND,li1,173.1900,277.7310,0.000090
TAP_TAPCELL_ROW_98_1429,VGND,li1,147.4300,277.7310,0.000114
TAP_TAPCELL_ROW_98_1428,VGND,li1,121.6700,277.7310,0.000131
TAP_TAPCELL_ROW_98_1427,VGND,li1,95.9100,277.7310,0.000128
TAP_TAPCELL_ROW_98_1426,VGND,li1,70.1500,277.7310,0.000107
TAP_TAPCELL_ROW_98_1425,VGND,li1,44.3900,277.7310,0.000065
TAP_TAPCELL_ROW_98_1424,VGND,li1,18.6300,277.7310,0.000025
TAP_TAPCELL_ROW_97_1423,VGND,li1,314.8700,277.1480,0.000369
TAP_TAPCELL_ROW_97_1422,VGND,li1,289.1100,277.1480,0.000350
TAP_TAPCELL_ROW_97_1421,VGND,li1,263.3500,277.1480,0.000325
TAP_TAPCELL_ROW_97_1420,VGND,li1,237.5900,277.1480,0.000285
TAP_TAPCELL_ROW_97_1419,VGND,li1,211.8300,277.1480,0.000231
TAP_TAPCELL_ROW_97_1418,VGND,li1,186.0700,277.1480,0.000136
TAP_TAPCELL_ROW_97_1417,VGND,li1,160.3100,277.1480,0.000101
TAP_TAPCELL_ROW_97_1416,VGND,li1,134.5500,277.1480,0.000125
TAP_TAPCELL_ROW_97_1415,VGND,li1,108.7900,277.1480,0.000131
TAP_TAPCELL_ROW_97_1414,VGND,li1,83.0300,277.1480,0.000119
TAP_TAPCELL_ROW_97_1413,VGND,li1,57.2700,277.1480,0.000092
TAP_TAPCELL_ROW_97_1412,VGND,li1,31.5100,277.1480,0.000040
TAP_TAPCELL_ROW_96_1411,VGND,li1,301.9900,272.2910,0.000622
TAP_TAPCELL_ROW_96_1410,VGND,li1,276.2300,272.2910,0.000590
TAP_TAPCELL_ROW_96_1409,VGND,li1,250.4700,272.2910,0.000535
TAP_TAPCELL_ROW_96_1408,VGND,li1,224.7100,272.2910,0.000445
TAP_TAPCELL_ROW_96_1407,VGND,li1,198.9500,272.2910,0.000311
TAP_TAPCELL_ROW_96_1406,VGND,li1,173.1900,272.2910,0.000142
TAP_TAPCELL_ROW_96_1405,VGND,li1,147.4300,272.2910,0.000176
TAP_TAPCELL_ROW_96_1404,VGND,li1,121.6700,272.2910,0.000192
TAP_TAPCELL_ROW_96_1403,VGND,li1,95.9100,272.2910,0.000192
TAP_TAPCELL_ROW_96_1402,VGND,li1,70.1500,272.2910,0.000168
TAP_TAPCELL_ROW_96_1401,VGND,li1,44.3900,272.2910,0.000101
TAP_TAPCELL_ROW_96_1400,VGND,li1,18.6300,272.2910,0.000055
TAP_TAPCELL_ROW_95_1399,VGND,li1,314.8700,271.7080,0.000623
TAP_TAPCELL_ROW_95_1398,VGND,li1,289.1100,271.7080,0.000610
TAP_TAPCELL_ROW_95_1397,VGND,li1,263.3500,271.7080,0.000569
TAP_TAPCELL_ROW_95_1396,VGND,li1,237.5900,271.7080,0.000495
TAP_TAPCELL_ROW_95_1395,VGND,li1,211.8300,271.7080,0.000386
TAP_TAPCELL_ROW_95_1394,VGND,li1,186.0700,271.7080,0.000213
TAP_TAPCELL_ROW_95_1393,VGND,li1,160.3100,271.7080,0.000163
TAP_TAPCELL_ROW_95_1392,VGND,li1,134.5500,271.7080,0.000186
TAP_TAPCELL_ROW_95_1391,VGND,li1,108.7900,271.7080,0.000195
TAP_TAPCELL_ROW_95_1390,VGND,li1,83.0300,271.7080,0.000183
TAP_TAPCELL_ROW_95_1389,VGND,li1,57.2700,271.7080,0.000134
TAP_TAPCELL_ROW_95_1388,VGND,li1,31.5100,271.7080,0.000062
TAP_TAPCELL_ROW_94_1387,VGND,li1,301.9900,266.8510,0.001572
TAP_TAPCELL_ROW_94_1386,VGND,li1,276.2300,266.8510,0.001433
TAP_TAPCELL_ROW_94_1385,VGND,li1,250.4700,266.8510,0.001207
TAP_TAPCELL_ROW_94_1384,VGND,li1,224.7100,266.8510,0.000853
TAP_TAPCELL_ROW_94_1383,VGND,li1,198.9500,266.8510,0.000475
TAP_TAPCELL_ROW_94_1382,VGND,li1,173.1900,266.8510,0.000166
TAP_TAPCELL_ROW_94_1381,VGND,li1,147.4300,266.8510,0.000174
TAP_TAPCELL_ROW_94_1380,VGND,li1,121.6700,266.8510,0.000170
TAP_TAPCELL_ROW_94_1379,VGND,li1,95.9100,266.8510,0.000161
TAP_TAPCELL_ROW_94_1378,VGND,li1,70.1500,266.8510,0.000137
TAP_TAPCELL_ROW_94_1377,VGND,li1,44.3900,266.8510,0.000086
TAP_TAPCELL_ROW_94_1376,VGND,li1,18.6300,266.8510,0.000040
TAP_TAPCELL_ROW_93_1375,VGND,li1,314.8700,266.2680,0.001634
TAP_TAPCELL_ROW_93_1374,VGND,li1,289.1100,266.2680,0.001503
TAP_TAPCELL_ROW_93_1373,VGND,li1,263.3500,266.2680,0.001362
TAP_TAPCELL_ROW_93_1372,VGND,li1,237.5900,266.2680,0.001038
TAP_TAPCELL_ROW_93_1371,VGND,li1,211.8300,266.2680,0.000661
TAP_TAPCELL_ROW_93_1370,VGND,li1,186.0700,266.2680,0.000281
TAP_TAPCELL_ROW_93_1369,VGND,li1,160.3100,266.2680,0.000175
TAP_TAPCELL_ROW_93_1368,VGND,li1,134.5500,266.2680,0.000173
TAP_TAPCELL_ROW_93_1367,VGND,li1,108.7900,266.2680,0.000167
TAP_TAPCELL_ROW_93_1366,VGND,li1,83.0300,266.2680,0.000152
TAP_TAPCELL_ROW_93_1365,VGND,li1,57.2700,266.2680,0.000115
TAP_TAPCELL_ROW_93_1364,VGND,li1,31.5100,266.2680,0.000049
TAP_TAPCELL_ROW_92_1363,VGND,li1,301.9900,261.4110,0.000629
TAP_TAPCELL_ROW_92_1362,VGND,li1,276.2300,261.4110,0.000552
TAP_TAPCELL_ROW_92_1361,VGND,li1,250.4700,261.4110,0.000470
TAP_TAPCELL_ROW_92_1360,VGND,li1,224.7100,261.4110,0.000356
TAP_TAPCELL_ROW_92_1359,VGND,li1,198.9500,261.4110,0.000235
TAP_TAPCELL_ROW_92_1358,VGND,li1,173.1900,261.4110,0.000102
TAP_TAPCELL_ROW_92_1357,VGND,li1,147.4300,261.4110,0.000153
TAP_TAPCELL_ROW_92_1356,VGND,li1,121.6700,261.4110,0.000173
TAP_TAPCELL_ROW_92_1355,VGND,li1,95.9100,261.4110,0.000171
TAP_TAPCELL_ROW_92_1354,VGND,li1,70.1500,261.4110,0.000146
TAP_TAPCELL_ROW_92_1353,VGND,li1,44.3900,261.4110,0.000095
TAP_TAPCELL_ROW_92_1352,VGND,li1,18.6300,261.4110,0.000051
TAP_TAPCELL_ROW_91_1351,VGND,li1,314.8700,260.8280,0.000653
TAP_TAPCELL_ROW_91_1350,VGND,li1,289.1100,260.8280,0.000595
TAP_TAPCELL_ROW_91_1349,VGND,li1,263.3500,260.8280,0.000515
TAP_TAPCELL_ROW_91_1348,VGND,li1,237.5900,260.8280,0.000419
TAP_TAPCELL_ROW_91_1347,VGND,li1,211.8300,260.8280,0.000299
TAP_TAPCELL_ROW_91_1346,VGND,li1,186.0700,260.8280,0.000146
TAP_TAPCELL_ROW_91_1345,VGND,li1,160.3100,260.8280,0.000132
TAP_TAPCELL_ROW_91_1344,VGND,li1,134.5500,260.8280,0.000166
TAP_TAPCELL_ROW_91_1343,VGND,li1,108.7900,260.8280,0.000175
TAP_TAPCELL_ROW_91_1342,VGND,li1,83.0300,260.8280,0.000159
TAP_TAPCELL_ROW_91_1341,VGND,li1,57.2700,260.8280,0.000122
TAP_TAPCELL_ROW_91_1340,VGND,li1,31.5100,260.8280,0.000061
TAP_TAPCELL_ROW_90_1339,VGND,li1,301.9900,255.9710,0.000502
TAP_TAPCELL_ROW_90_1338,VGND,li1,276.2300,255.9710,0.000450
TAP_TAPCELL_ROW_90_1337,VGND,li1,250.4700,255.9710,0.000379
TAP_TAPCELL_ROW_90_1336,VGND,li1,224.7100,255.9710,0.000298
TAP_TAPCELL_ROW_90_1335,VGND,li1,198.9500,255.9710,0.000193
TAP_TAPCELL_ROW_90_1334,VGND,li1,173.1900,255.9710,0.000144
TAP_TAPCELL_ROW_90_1333,VGND,li1,147.4300,255.9710,0.000264
TAP_TAPCELL_ROW_90_1332,VGND,li1,121.6700,255.9710,0.000271
TAP_TAPCELL_ROW_90_1331,VGND,li1,95.9100,255.9710,0.000258
TAP_TAPCELL_ROW_90_1330,VGND,li1,70.1500,255.9710,0.000228
TAP_TAPCELL_ROW_90_1329,VGND,li1,44.3900,255.9710,0.000152
TAP_TAPCELL_ROW_90_1328,VGND,li1,18.6300,255.9710,0.000101
TAP_TAPCELL_ROW_89_1327,VGND,li1,314.8700,255.3880,0.000515
TAP_TAPCELL_ROW_89_1326,VGND,li1,289.1100,255.3880,0.000478
TAP_TAPCELL_ROW_89_1325,VGND,li1,263.3500,255.3880,0.000415
TAP_TAPCELL_ROW_89_1324,VGND,li1,237.5900,255.3880,0.000343
TAP_TAPCELL_ROW_89_1323,VGND,li1,211.8300,255.3880,0.000249
TAP_TAPCELL_ROW_89_1322,VGND,li1,186.0700,255.3880,0.000134
TAP_TAPCELL_ROW_89_1321,VGND,li1,160.3100,255.3880,0.000211
TAP_TAPCELL_ROW_89_1320,VGND,li1,134.5500,255.3880,0.000274
TAP_TAPCELL_ROW_89_1319,VGND,li1,108.7900,255.3880,0.000267
TAP_TAPCELL_ROW_89_1318,VGND,li1,83.0300,255.3880,0.000246
TAP_TAPCELL_ROW_89_1317,VGND,li1,57.2700,255.3880,0.000194
TAP_TAPCELL_ROW_89_1316,VGND,li1,31.5100,255.3880,0.000108
TAP_TAPCELL_ROW_88_1315,VGND,li1,301.9900,250.5310,0.000549
TAP_TAPCELL_ROW_88_1314,VGND,li1,276.2300,250.5310,0.000498
TAP_TAPCELL_ROW_88_1313,VGND,li1,250.4700,250.5310,0.000429
TAP_TAPCELL_ROW_88_1312,VGND,li1,224.7100,250.5310,0.000317
TAP_TAPCELL_ROW_88_1311,VGND,li1,198.9500,250.5310,0.000186
TAP_TAPCELL_ROW_88_1310,VGND,li1,173.1900,250.5310,0.000079
TAP_TAPCELL_ROW_88_1309,VGND,li1,147.4300,250.5310,0.000105
TAP_TAPCELL_ROW_88_1308,VGND,li1,121.6700,250.5310,0.000121
TAP_TAPCELL_ROW_88_1307,VGND,li1,95.9100,250.5310,0.000120
TAP_TAPCELL_ROW_88_1306,VGND,li1,70.1500,250.5310,0.000105
TAP_TAPCELL_ROW_88_1305,VGND,li1,44.3900,250.5310,0.000078
TAP_TAPCELL_ROW_88_1304,VGND,li1,18.6300,250.5310,0.000056
TAP_TAPCELL_ROW_87_1303,VGND,li1,314.8700,249.9480,0.000564
TAP_TAPCELL_ROW_87_1302,VGND,li1,289.1100,249.9480,0.000525
TAP_TAPCELL_ROW_87_1301,VGND,li1,263.3500,249.9480,0.000467
TAP_TAPCELL_ROW_87_1300,VGND,li1,237.5900,249.9480,0.000381
TAP_TAPCELL_ROW_87_1299,VGND,li1,211.8300,249.9480,0.000248
TAP_TAPCELL_ROW_87_1298,VGND,li1,186.0700,249.9480,0.000113
TAP_TAPCELL_ROW_87_1297,VGND,li1,160.3100,249.9480,0.000092
TAP_TAPCELL_ROW_87_1296,VGND,li1,134.5500,249.9480,0.000114
TAP_TAPCELL_ROW_87_1295,VGND,li1,108.7900,249.9480,0.000122
TAP_TAPCELL_ROW_87_1294,VGND,li1,83.0300,249.9480,0.000115
TAP_TAPCELL_ROW_87_1293,VGND,li1,57.2700,249.9480,0.000094
TAP_TAPCELL_ROW_87_1292,VGND,li1,31.5100,249.9480,0.000055
TAP_TAPCELL_ROW_86_1291,VGND,li1,301.9900,245.0910,0.000564
TAP_TAPCELL_ROW_86_1290,VGND,li1,276.2300,245.0910,0.000519
TAP_TAPCELL_ROW_86_1289,VGND,li1,250.4700,245.0910,0.000451
TAP_TAPCELL_ROW_86_1288,VGND,li1,224.7100,245.0910,0.000355
TAP_TAPCELL_ROW_86_1287,VGND,li1,198.9500,245.0910,0.000244
TAP_TAPCELL_ROW_86_1286,VGND,li1,173.1900,245.0910,0.000159
TAP_TAPCELL_ROW_86_1285,VGND,li1,147.4300,245.0910,0.000302
TAP_TAPCELL_ROW_86_1284,VGND,li1,121.6700,245.0910,0.000435
TAP_TAPCELL_ROW_86_1283,VGND,li1,95.9100,245.0910,0.000442
TAP_TAPCELL_ROW_86_1282,VGND,li1,70.1500,245.0910,0.000328
TAP_TAPCELL_ROW_86_1281,VGND,li1,44.3900,245.0910,0.000188
TAP_TAPCELL_ROW_86_1280,VGND,li1,18.6300,245.0910,0.000070
TAP_TAPCELL_ROW_85_1279,VGND,li1,314.8700,244.5080,0.000567
TAP_TAPCELL_ROW_85_1278,VGND,li1,289.1100,244.5080,0.000545
TAP_TAPCELL_ROW_85_1277,VGND,li1,263.3500,244.5080,0.000492
TAP_TAPCELL_ROW_85_1276,VGND,li1,237.5900,244.5080,0.000409
TAP_TAPCELL_ROW_85_1275,VGND,li1,211.8300,244.5080,0.000301
TAP_TAPCELL_ROW_85_1274,VGND,li1,186.0700,244.5080,0.000164
TAP_TAPCELL_ROW_85_1273,VGND,li1,160.3100,244.5080,0.000235
TAP_TAPCELL_ROW_85_1272,VGND,li1,134.5500,244.5080,0.000376
TAP_TAPCELL_ROW_85_1271,VGND,li1,108.7900,244.5080,0.000484
TAP_TAPCELL_ROW_85_1270,VGND,li1,83.0300,244.5080,0.000391
TAP_TAPCELL_ROW_85_1269,VGND,li1,57.2700,244.5080,0.000258
TAP_TAPCELL_ROW_85_1268,VGND,li1,31.5100,244.5080,0.000106
TAP_TAPCELL_ROW_84_1267,VGND,li1,301.9900,239.6510,0.000689
TAP_TAPCELL_ROW_84_1266,VGND,li1,276.2300,239.6510,0.000612
TAP_TAPCELL_ROW_84_1265,VGND,li1,250.4700,239.6510,0.000527
TAP_TAPCELL_ROW_84_1264,VGND,li1,224.7100,239.6510,0.000417
TAP_TAPCELL_ROW_84_1263,VGND,li1,198.9500,239.6510,0.000295
TAP_TAPCELL_ROW_84_1262,VGND,li1,173.1900,239.6510,0.000117
TAP_TAPCELL_ROW_84_1261,VGND,li1,147.4300,239.6510,0.000146
TAP_TAPCELL_ROW_84_1260,VGND,li1,121.6700,239.6510,0.000169
TAP_TAPCELL_ROW_84_1259,VGND,li1,95.9100,239.6510,0.000170
TAP_TAPCELL_ROW_84_1258,VGND,li1,70.1500,239.6510,0.000148
TAP_TAPCELL_ROW_84_1257,VGND,li1,44.3900,239.6510,0.000100
TAP_TAPCELL_ROW_84_1256,VGND,li1,18.6300,239.6510,0.000060
TAP_TAPCELL_ROW_83_1255,VGND,li1,314.8700,239.0680,0.000703
TAP_TAPCELL_ROW_83_1254,VGND,li1,289.1100,239.0680,0.000647
TAP_TAPCELL_ROW_83_1253,VGND,li1,263.3500,239.0680,0.000569
TAP_TAPCELL_ROW_83_1252,VGND,li1,237.5900,239.0680,0.000472
TAP_TAPCELL_ROW_83_1251,VGND,li1,211.8300,239.0680,0.000359
TAP_TAPCELL_ROW_83_1250,VGND,li1,186.0700,239.0680,0.000171
TAP_TAPCELL_ROW_83_1249,VGND,li1,160.3100,239.0680,0.000132
TAP_TAPCELL_ROW_83_1248,VGND,li1,134.5500,239.0680,0.000159
TAP_TAPCELL_ROW_83_1247,VGND,li1,108.7900,239.0680,0.000175
TAP_TAPCELL_ROW_83_1246,VGND,li1,83.0300,239.0680,0.000160
TAP_TAPCELL_ROW_83_1245,VGND,li1,57.2700,239.0680,0.000127
TAP_TAPCELL_ROW_83_1244,VGND,li1,31.5100,239.0680,0.000069
TAP_TAPCELL_ROW_82_1243,VGND,li1,301.9900,234.2110,0.000293
TAP_TAPCELL_ROW_82_1242,VGND,li1,276.2300,234.2110,0.000284
TAP_TAPCELL_ROW_82_1241,VGND,li1,250.4700,234.2110,0.000256
TAP_TAPCELL_ROW_82_1240,VGND,li1,224.7100,234.2110,0.000214
TAP_TAPCELL_ROW_82_1239,VGND,li1,198.9500,234.2110,0.000150
TAP_TAPCELL_ROW_82_1238,VGND,li1,173.1900,234.2110,0.000085
TAP_TAPCELL_ROW_82_1237,VGND,li1,147.4300,234.2110,0.000136
TAP_TAPCELL_ROW_82_1236,VGND,li1,121.6700,234.2110,0.000178
TAP_TAPCELL_ROW_82_1235,VGND,li1,95.9100,234.2110,0.000197
TAP_TAPCELL_ROW_82_1234,VGND,li1,70.1500,234.2110,0.000170
TAP_TAPCELL_ROW_82_1233,VGND,li1,44.3900,234.2110,0.000103
TAP_TAPCELL_ROW_82_1232,VGND,li1,18.6300,234.2110,0.000053
TAP_TAPCELL_ROW_81_1231,VGND,li1,314.8700,233.6280,0.000293
TAP_TAPCELL_ROW_81_1230,VGND,li1,289.1100,233.6280,0.000290
TAP_TAPCELL_ROW_81_1229,VGND,li1,263.3500,233.6280,0.000273
TAP_TAPCELL_ROW_81_1228,VGND,li1,237.5900,233.6280,0.000235
TAP_TAPCELL_ROW_81_1227,VGND,li1,211.8300,233.6280,0.000191
TAP_TAPCELL_ROW_81_1226,VGND,li1,186.0700,233.6280,0.000108
TAP_TAPCELL_ROW_81_1225,VGND,li1,160.3100,233.6280,0.000112
TAP_TAPCELL_ROW_81_1224,VGND,li1,134.5500,233.6280,0.000160
TAP_TAPCELL_ROW_81_1223,VGND,li1,108.7900,233.6280,0.000192
TAP_TAPCELL_ROW_81_1222,VGND,li1,83.0300,233.6280,0.000188
TAP_TAPCELL_ROW_81_1221,VGND,li1,57.2700,233.6280,0.000138
TAP_TAPCELL_ROW_81_1220,VGND,li1,31.5100,233.6280,0.000064
TAP_TAPCELL_ROW_80_1219,VGND,li1,301.9900,228.7710,0.000577
TAP_TAPCELL_ROW_80_1218,VGND,li1,276.2300,228.7710,0.000508
TAP_TAPCELL_ROW_80_1217,VGND,li1,250.4700,228.7710,0.000426
TAP_TAPCELL_ROW_80_1216,VGND,li1,224.7100,228.7710,0.000324
TAP_TAPCELL_ROW_80_1215,VGND,li1,198.9500,228.7710,0.000217
TAP_TAPCELL_ROW_80_1214,VGND,li1,173.1900,228.7710,0.000109
TAP_TAPCELL_ROW_80_1213,VGND,li1,147.4300,228.7710,0.000185
TAP_TAPCELL_ROW_80_1212,VGND,li1,121.6700,228.7710,0.000254
TAP_TAPCELL_ROW_80_1211,VGND,li1,95.9100,228.7710,0.000291
TAP_TAPCELL_ROW_80_1210,VGND,li1,70.1500,228.7710,0.000222
TAP_TAPCELL_ROW_80_1209,VGND,li1,44.3900,228.7710,0.000139
TAP_TAPCELL_ROW_80_1208,VGND,li1,18.6300,228.7710,0.000070
TAP_TAPCELL_ROW_79_1207,VGND,li1,314.8700,228.1880,0.000610
TAP_TAPCELL_ROW_79_1206,VGND,li1,289.1100,228.1880,0.000544
TAP_TAPCELL_ROW_79_1205,VGND,li1,263.3500,228.1880,0.000467
TAP_TAPCELL_ROW_79_1204,VGND,li1,237.5900,228.1880,0.000375
TAP_TAPCELL_ROW_79_1203,VGND,li1,211.8300,228.1880,0.000277
TAP_TAPCELL_ROW_79_1202,VGND,li1,186.0700,228.1880,0.000144
TAP_TAPCELL_ROW_79_1201,VGND,li1,160.3100,228.1880,0.000151
TAP_TAPCELL_ROW_79_1200,VGND,li1,134.5500,228.1880,0.000225
TAP_TAPCELL_ROW_79_1199,VGND,li1,108.7900,228.1880,0.000285
TAP_TAPCELL_ROW_79_1198,VGND,li1,83.0300,228.1880,0.000262
TAP_TAPCELL_ROW_79_1197,VGND,li1,57.2700,228.1880,0.000182
TAP_TAPCELL_ROW_79_1196,VGND,li1,31.5100,228.1880,0.000093
TAP_TAPCELL_ROW_78_1195,VGND,li1,301.9900,223.3310,0.000156
TAP_TAPCELL_ROW_78_1194,VGND,li1,276.2300,223.3310,0.000155
TAP_TAPCELL_ROW_78_1193,VGND,li1,250.4700,223.3310,0.000146
TAP_TAPCELL_ROW_78_1192,VGND,li1,224.7100,223.3310,0.000119
TAP_TAPCELL_ROW_78_1191,VGND,li1,198.9500,223.3310,0.000081
TAP_TAPCELL_ROW_78_1190,VGND,li1,173.1900,223.3310,0.000052
TAP_TAPCELL_ROW_78_1189,VGND,li1,147.4300,223.3310,0.000096
TAP_TAPCELL_ROW_78_1188,VGND,li1,121.6700,223.3310,0.000131
TAP_TAPCELL_ROW_78_1187,VGND,li1,95.9100,223.3310,0.000145
TAP_TAPCELL_ROW_78_1186,VGND,li1,70.1500,223.3310,0.000129
TAP_TAPCELL_ROW_78_1185,VGND,li1,44.3900,223.3310,0.000087
TAP_TAPCELL_ROW_78_1184,VGND,li1,18.6300,223.3310,0.000041
TAP_TAPCELL_ROW_77_1183,VGND,li1,314.8700,222.7480,0.000156
TAP_TAPCELL_ROW_77_1182,VGND,li1,289.1100,222.7480,0.000156
TAP_TAPCELL_ROW_77_1181,VGND,li1,263.3500,222.7480,0.000152
TAP_TAPCELL_ROW_77_1180,VGND,li1,237.5900,222.7480,0.000135
TAP_TAPCELL_ROW_77_1179,VGND,li1,211.8300,222.7480,0.000100
TAP_TAPCELL_ROW_77_1178,VGND,li1,186.0700,222.7480,0.000053
TAP_TAPCELL_ROW_77_1177,VGND,li1,160.3100,222.7480,0.000077
TAP_TAPCELL_ROW_77_1176,VGND,li1,134.5500,222.7480,0.000116
TAP_TAPCELL_ROW_77_1175,VGND,li1,108.7900,222.7480,0.000142
TAP_TAPCELL_ROW_77_1174,VGND,li1,83.0300,222.7480,0.000141
TAP_TAPCELL_ROW_77_1173,VGND,li1,57.2700,222.7480,0.000113
TAP_TAPCELL_ROW_77_1172,VGND,li1,31.5100,222.7480,0.000058
TAP_TAPCELL_ROW_76_1171,VGND,li1,301.9900,217.8910,0.000435
TAP_TAPCELL_ROW_76_1170,VGND,li1,276.2300,217.8910,0.000397
TAP_TAPCELL_ROW_76_1169,VGND,li1,250.4700,217.8910,0.000336
TAP_TAPCELL_ROW_76_1168,VGND,li1,224.7100,217.8910,0.000260
TAP_TAPCELL_ROW_76_1167,VGND,li1,198.9500,217.8910,0.000151
TAP_TAPCELL_ROW_76_1166,VGND,li1,173.1900,217.8910,0.000073
TAP_TAPCELL_ROW_76_1165,VGND,li1,147.4300,217.8910,0.000107
TAP_TAPCELL_ROW_76_1164,VGND,li1,121.6700,217.8910,0.000129
TAP_TAPCELL_ROW_76_1163,VGND,li1,95.9100,217.8910,0.000136
TAP_TAPCELL_ROW_76_1162,VGND,li1,70.1500,217.8910,0.000122
TAP_TAPCELL_ROW_76_1161,VGND,li1,44.3900,217.8910,0.000097
TAP_TAPCELL_ROW_76_1160,VGND,li1,18.6300,217.8910,0.000090
TAP_TAPCELL_ROW_75_1159,VGND,li1,314.8700,217.3080,0.000442
TAP_TAPCELL_ROW_75_1158,VGND,li1,289.1100,217.3080,0.000424
TAP_TAPCELL_ROW_75_1157,VGND,li1,263.3500,217.3080,0.000372
TAP_TAPCELL_ROW_75_1156,VGND,li1,237.5900,217.3080,0.000302
TAP_TAPCELL_ROW_75_1155,VGND,li1,211.8300,217.3080,0.000209
TAP_TAPCELL_ROW_75_1154,VGND,li1,186.0700,217.3080,0.000097
TAP_TAPCELL_ROW_75_1153,VGND,li1,160.3100,217.3080,0.000090
TAP_TAPCELL_ROW_75_1152,VGND,li1,134.5500,217.3080,0.000120
TAP_TAPCELL_ROW_75_1151,VGND,li1,108.7900,217.3080,0.000133
TAP_TAPCELL_ROW_75_1150,VGND,li1,83.0300,217.3080,0.000130
TAP_TAPCELL_ROW_75_1149,VGND,li1,57.2700,217.3080,0.000110
TAP_TAPCELL_ROW_75_1148,VGND,li1,31.5100,217.3080,0.000077
TAP_TAPCELL_ROW_74_1147,VGND,li1,301.9900,212.4510,0.000696
TAP_TAPCELL_ROW_74_1146,VGND,li1,276.2300,212.4510,0.000646
TAP_TAPCELL_ROW_74_1145,VGND,li1,250.4700,212.4510,0.000521
TAP_TAPCELL_ROW_74_1144,VGND,li1,224.7100,212.4510,0.000389
TAP_TAPCELL_ROW_74_1143,VGND,li1,198.9500,212.4510,0.000235
TAP_TAPCELL_ROW_74_1142,VGND,li1,173.1900,212.4510,0.000095
TAP_TAPCELL_ROW_74_1141,VGND,li1,147.4300,212.4510,0.000138
TAP_TAPCELL_ROW_74_1140,VGND,li1,121.6700,212.4510,0.000168
TAP_TAPCELL_ROW_74_1139,VGND,li1,95.9100,212.4510,0.000175
TAP_TAPCELL_ROW_74_1138,VGND,li1,70.1500,212.4510,0.000152
TAP_TAPCELL_ROW_74_1137,VGND,li1,44.3900,212.4510,0.000103
TAP_TAPCELL_ROW_74_1136,VGND,li1,18.6300,212.4510,0.000048
TAP_TAPCELL_ROW_73_1135,VGND,li1,314.8700,211.8680,0.000708
TAP_TAPCELL_ROW_73_1134,VGND,li1,289.1100,211.8680,0.000681
TAP_TAPCELL_ROW_73_1133,VGND,li1,263.3500,211.8680,0.000592
TAP_TAPCELL_ROW_73_1132,VGND,li1,237.5900,211.8680,0.000455
TAP_TAPCELL_ROW_73_1131,VGND,li1,211.8300,211.8680,0.000314
TAP_TAPCELL_ROW_73_1130,VGND,li1,186.0700,211.8680,0.000153
TAP_TAPCELL_ROW_73_1129,VGND,li1,160.3100,211.8680,0.000116
TAP_TAPCELL_ROW_73_1128,VGND,li1,134.5500,211.8680,0.000156
TAP_TAPCELL_ROW_73_1127,VGND,li1,108.7900,211.8680,0.000174
TAP_TAPCELL_ROW_73_1126,VGND,li1,83.0300,211.8680,0.000169
TAP_TAPCELL_ROW_73_1125,VGND,li1,57.2700,211.8680,0.000127
TAP_TAPCELL_ROW_73_1124,VGND,li1,31.5100,211.8680,0.000068
TAP_TAPCELL_ROW_72_1123,VGND,li1,301.9900,207.0110,0.000468
TAP_TAPCELL_ROW_72_1122,VGND,li1,276.2300,207.0110,0.000416
TAP_TAPCELL_ROW_72_1121,VGND,li1,250.4700,207.0110,0.000326
TAP_TAPCELL_ROW_72_1120,VGND,li1,224.7100,207.0110,0.000233
TAP_TAPCELL_ROW_72_1119,VGND,li1,198.9500,207.0110,0.000147
TAP_TAPCELL_ROW_72_1118,VGND,li1,173.1900,207.0110,0.000073
TAP_TAPCELL_ROW_72_1117,VGND,li1,147.4300,207.0110,0.000104
TAP_TAPCELL_ROW_72_1116,VGND,li1,121.6700,207.0110,0.000131
TAP_TAPCELL_ROW_72_1115,VGND,li1,95.9100,207.0110,0.000141
TAP_TAPCELL_ROW_72_1114,VGND,li1,70.1500,207.0110,0.000117
TAP_TAPCELL_ROW_72_1113,VGND,li1,44.3900,207.0110,0.000073
TAP_TAPCELL_ROW_72_1112,VGND,li1,18.6300,207.0110,0.000043
TAP_TAPCELL_ROW_71_1111,VGND,li1,314.8700,206.4280,0.000484
TAP_TAPCELL_ROW_71_1110,VGND,li1,289.1100,206.4280,0.000445
TAP_TAPCELL_ROW_71_1109,VGND,li1,263.3500,206.4280,0.000371
TAP_TAPCELL_ROW_71_1108,VGND,li1,237.5900,206.4280,0.000280
TAP_TAPCELL_ROW_71_1107,VGND,li1,211.8300,206.4280,0.000193
TAP_TAPCELL_ROW_71_1106,VGND,li1,186.0700,206.4280,0.000098
TAP_TAPCELL_ROW_71_1105,VGND,li1,160.3100,206.4280,0.000090
TAP_TAPCELL_ROW_71_1104,VGND,li1,134.5500,206.4280,0.000120
TAP_TAPCELL_ROW_71_1103,VGND,li1,108.7900,206.4280,0.000140
TAP_TAPCELL_ROW_71_1102,VGND,li1,83.0300,206.4280,0.000130
TAP_TAPCELL_ROW_71_1101,VGND,li1,57.2700,206.4280,0.000097
TAP_TAPCELL_ROW_71_1100,VGND,li1,31.5100,206.4280,0.000045
TAP_TAPCELL_ROW_70_1099,VGND,li1,301.9900,201.5710,0.000672
TAP_TAPCELL_ROW_70_1098,VGND,li1,276.2300,201.5710,0.000590
TAP_TAPCELL_ROW_70_1097,VGND,li1,250.4700,201.5710,0.000500
TAP_TAPCELL_ROW_70_1096,VGND,li1,224.7100,201.5710,0.000378
TAP_TAPCELL_ROW_70_1095,VGND,li1,198.9500,201.5710,0.000226
TAP_TAPCELL_ROW_70_1094,VGND,li1,173.1900,201.5710,0.000101
TAP_TAPCELL_ROW_70_1093,VGND,li1,147.4300,201.5710,0.000129
TAP_TAPCELL_ROW_70_1092,VGND,li1,121.6700,201.5710,0.000148
TAP_TAPCELL_ROW_70_1091,VGND,li1,95.9100,201.5710,0.000157
TAP_TAPCELL_ROW_70_1090,VGND,li1,70.1500,201.5710,0.000140
TAP_TAPCELL_ROW_70_1089,VGND,li1,44.3900,201.5710,0.000088
TAP_TAPCELL_ROW_70_1088,VGND,li1,18.6300,201.5710,0.000043
TAP_TAPCELL_ROW_69_1087,VGND,li1,314.8700,200.9880,0.000711
TAP_TAPCELL_ROW_69_1086,VGND,li1,289.1100,200.9880,0.000633
TAP_TAPCELL_ROW_69_1085,VGND,li1,263.3500,200.9880,0.000552
TAP_TAPCELL_ROW_69_1084,VGND,li1,237.5900,200.9880,0.000443
TAP_TAPCELL_ROW_69_1083,VGND,li1,211.8300,200.9880,0.000303
TAP_TAPCELL_ROW_69_1082,VGND,li1,186.0700,200.9880,0.000135
TAP_TAPCELL_ROW_69_1081,VGND,li1,160.3100,200.9880,0.000117
TAP_TAPCELL_ROW_69_1080,VGND,li1,134.5500,200.9880,0.000140
TAP_TAPCELL_ROW_69_1079,VGND,li1,108.7900,200.9880,0.000155
TAP_TAPCELL_ROW_69_1078,VGND,li1,83.0300,200.9880,0.000154
TAP_TAPCELL_ROW_69_1077,VGND,li1,57.2700,200.9880,0.000120
TAP_TAPCELL_ROW_69_1076,VGND,li1,31.5100,200.9880,0.000057
TAP_TAPCELL_ROW_68_1075,VGND,li1,301.9900,196.1310,0.000206
TAP_TAPCELL_ROW_68_1074,VGND,li1,276.2300,196.1310,0.000206
TAP_TAPCELL_ROW_68_1073,VGND,li1,250.4700,196.1310,0.000200
TAP_TAPCELL_ROW_68_1072,VGND,li1,224.7100,196.1310,0.000166
TAP_TAPCELL_ROW_68_1071,VGND,li1,198.9500,196.1310,0.000110
TAP_TAPCELL_ROW_68_1070,VGND,li1,173.1900,196.1310,0.000055
TAP_TAPCELL_ROW_68_1069,VGND,li1,147.4300,196.1310,0.000090
TAP_TAPCELL_ROW_68_1068,VGND,li1,121.6700,196.1310,0.000125
TAP_TAPCELL_ROW_68_1067,VGND,li1,95.9100,196.1310,0.000144
TAP_TAPCELL_ROW_68_1066,VGND,li1,70.1500,196.1310,0.000149
TAP_TAPCELL_ROW_68_1065,VGND,li1,44.3900,196.1310,0.000133
TAP_TAPCELL_ROW_68_1064,VGND,li1,18.6300,196.1310,0.000078
TAP_TAPCELL_ROW_67_1063,VGND,li1,314.8700,195.5480,0.000206
TAP_TAPCELL_ROW_67_1062,VGND,li1,289.1100,195.5480,0.000206
TAP_TAPCELL_ROW_67_1061,VGND,li1,263.3500,195.5480,0.000205
TAP_TAPCELL_ROW_67_1060,VGND,li1,237.5900,195.5480,0.000188
TAP_TAPCELL_ROW_67_1059,VGND,li1,211.8300,195.5480,0.000141
TAP_TAPCELL_ROW_67_1058,VGND,li1,186.0700,195.5480,0.000068
TAP_TAPCELL_ROW_67_1057,VGND,li1,160.3100,195.5480,0.000072
TAP_TAPCELL_ROW_67_1056,VGND,li1,134.5500,195.5480,0.000110
TAP_TAPCELL_ROW_67_1055,VGND,li1,108.7900,195.5480,0.000135
TAP_TAPCELL_ROW_67_1054,VGND,li1,83.0300,195.5480,0.000149
TAP_TAPCELL_ROW_67_1053,VGND,li1,57.2700,195.5480,0.000146
TAP_TAPCELL_ROW_67_1052,VGND,li1,31.5100,195.5480,0.000105
TAP_TAPCELL_ROW_66_1051,VGND,li1,301.9900,190.6910,0.000419
TAP_TAPCELL_ROW_66_1050,VGND,li1,276.2300,190.6910,0.000404
TAP_TAPCELL_ROW_66_1049,VGND,li1,250.4700,190.6910,0.000347
TAP_TAPCELL_ROW_66_1048,VGND,li1,224.7100,190.6910,0.000256
TAP_TAPCELL_ROW_66_1047,VGND,li1,198.9500,190.6910,0.000157
TAP_TAPCELL_ROW_66_1046,VGND,li1,173.1900,190.6910,0.000063
TAP_TAPCELL_ROW_66_1045,VGND,li1,147.4300,190.6910,0.000088
TAP_TAPCELL_ROW_66_1044,VGND,li1,121.6700,190.6910,0.000108
TAP_TAPCELL_ROW_66_1043,VGND,li1,95.9100,190.6910,0.000117
TAP_TAPCELL_ROW_66_1042,VGND,li1,70.1500,190.6910,0.000104
TAP_TAPCELL_ROW_66_1041,VGND,li1,44.3900,190.6910,0.000065
TAP_TAPCELL_ROW_66_1040,VGND,li1,18.6300,190.6910,0.000027
TAP_TAPCELL_ROW_65_1039,VGND,li1,314.8700,190.1080,0.000426
TAP_TAPCELL_ROW_65_1038,VGND,li1,289.1100,190.1080,0.000411
TAP_TAPCELL_ROW_65_1037,VGND,li1,263.3500,190.1080,0.000381
TAP_TAPCELL_ROW_65_1036,VGND,li1,237.5900,190.1080,0.000300
TAP_TAPCELL_ROW_65_1035,VGND,li1,211.8300,190.1080,0.000207
TAP_TAPCELL_ROW_65_1034,VGND,li1,186.0700,190.1080,0.000090
TAP_TAPCELL_ROW_65_1033,VGND,li1,160.3100,190.1080,0.000076
TAP_TAPCELL_ROW_65_1032,VGND,li1,134.5500,190.1080,0.000098
TAP_TAPCELL_ROW_65_1031,VGND,li1,108.7900,190.1080,0.000116
TAP_TAPCELL_ROW_65_1030,VGND,li1,83.0300,190.1080,0.000115
TAP_TAPCELL_ROW_65_1029,VGND,li1,57.2700,190.1080,0.000085
TAP_TAPCELL_ROW_65_1028,VGND,li1,31.5100,190.1080,0.000041
TAP_TAPCELL_ROW_64_1027,VGND,li1,301.9900,185.2510,0.000597
TAP_TAPCELL_ROW_64_1026,VGND,li1,276.2300,185.2510,0.000549
TAP_TAPCELL_ROW_64_1025,VGND,li1,250.4700,185.2510,0.000492
TAP_TAPCELL_ROW_64_1024,VGND,li1,224.7100,185.2510,0.000358
TAP_TAPCELL_ROW_64_1023,VGND,li1,198.9500,185.2510,0.000200
TAP_TAPCELL_ROW_64_1022,VGND,li1,173.1900,185.2510,0.000093
TAP_TAPCELL_ROW_64_1021,VGND,li1,147.4300,185.2510,0.000114
TAP_TAPCELL_ROW_64_1020,VGND,li1,121.6700,185.2510,0.000129
TAP_TAPCELL_ROW_64_1019,VGND,li1,95.9100,185.2510,0.000126
TAP_TAPCELL_ROW_64_1018,VGND,li1,70.1500,185.2510,0.000104
TAP_TAPCELL_ROW_64_1017,VGND,li1,44.3900,185.2510,0.000066
TAP_TAPCELL_ROW_64_1016,VGND,li1,18.6300,185.2510,0.000026
TAP_TAPCELL_ROW_63_1015,VGND,li1,314.8700,184.6680,0.000616
TAP_TAPCELL_ROW_63_1014,VGND,li1,289.1100,184.6680,0.000574
TAP_TAPCELL_ROW_63_1013,VGND,li1,263.3500,184.6680,0.000523
TAP_TAPCELL_ROW_63_1012,VGND,li1,237.5900,184.6680,0.000438
TAP_TAPCELL_ROW_63_1011,VGND,li1,211.8300,184.6680,0.000278
TAP_TAPCELL_ROW_63_1010,VGND,li1,186.0700,184.6680,0.000117
TAP_TAPCELL_ROW_63_1009,VGND,li1,160.3100,184.6680,0.000104
TAP_TAPCELL_ROW_63_1008,VGND,li1,134.5500,184.6680,0.000123
TAP_TAPCELL_ROW_63_1007,VGND,li1,108.7900,184.6680,0.000131
TAP_TAPCELL_ROW_63_1006,VGND,li1,83.0300,184.6680,0.000117
TAP_TAPCELL_ROW_63_1005,VGND,li1,57.2700,184.6680,0.000086
TAP_TAPCELL_ROW_63_1004,VGND,li1,31.5100,184.6680,0.000038
TAP_TAPCELL_ROW_62_1003,VGND,li1,301.9900,179.8110,0.000861
TAP_TAPCELL_ROW_62_1002,VGND,li1,276.2300,179.8110,0.000757
TAP_TAPCELL_ROW_62_1001,VGND,li1,250.4700,179.8110,0.000622
TAP_TAPCELL_ROW_62_1000,VGND,li1,224.7100,179.8110,0.000463
TAP_TAPCELL_ROW_62_999,VGND,li1,198.9500,179.8110,0.000286
TAP_TAPCELL_ROW_62_998,VGND,li1,173.1900,179.8110,0.000188
TAP_TAPCELL_ROW_62_997,VGND,li1,147.4300,179.8110,0.000267
TAP_TAPCELL_ROW_62_996,VGND,li1,121.6700,179.8110,0.000263
TAP_TAPCELL_ROW_62_995,VGND,li1,95.9100,179.8110,0.000238
TAP_TAPCELL_ROW_62_994,VGND,li1,70.1500,179.8110,0.000186
TAP_TAPCELL_ROW_62_993,VGND,li1,44.3900,179.8110,0.000102
TAP_TAPCELL_ROW_62_992,VGND,li1,18.6300,179.8110,0.000037
TAP_TAPCELL_ROW_61_991,VGND,li1,314.8700,179.2280,0.000876
TAP_TAPCELL_ROW_61_990,VGND,li1,289.1100,179.2280,0.000807
TAP_TAPCELL_ROW_61_989,VGND,li1,263.3500,179.2280,0.000696
TAP_TAPCELL_ROW_61_988,VGND,li1,237.5900,179.2280,0.000540
TAP_TAPCELL_ROW_61_987,VGND,li1,211.8300,179.2280,0.000379
TAP_TAPCELL_ROW_61_986,VGND,li1,186.0700,179.2280,0.000209
TAP_TAPCELL_ROW_61_985,VGND,li1,160.3100,179.2280,0.000244
TAP_TAPCELL_ROW_61_984,VGND,li1,134.5500,179.2280,0.000273
TAP_TAPCELL_ROW_61_983,VGND,li1,108.7900,179.2280,0.000254
TAP_TAPCELL_ROW_61_982,VGND,li1,83.0300,179.2280,0.000213
TAP_TAPCELL_ROW_61_981,VGND,li1,57.2700,179.2280,0.000144
TAP_TAPCELL_ROW_61_980,VGND,li1,31.5100,179.2280,0.000057
TAP_TAPCELL_ROW_60_979,VGND,li1,301.9900,174.3710,0.000485
TAP_TAPCELL_ROW_60_978,VGND,li1,276.2300,174.3710,0.000449
TAP_TAPCELL_ROW_60_977,VGND,li1,250.4700,174.3710,0.000400
TAP_TAPCELL_ROW_60_976,VGND,li1,224.7100,174.3710,0.000339
TAP_TAPCELL_ROW_60_975,VGND,li1,198.9500,174.3710,0.000270
TAP_TAPCELL_ROW_60_974,VGND,li1,173.1900,174.3710,0.000290
TAP_TAPCELL_ROW_60_973,VGND,li1,147.4300,174.3710,0.000412
TAP_TAPCELL_ROW_60_972,VGND,li1,121.6700,174.3710,0.000384
TAP_TAPCELL_ROW_60_971,VGND,li1,95.9100,174.3710,0.000310
TAP_TAPCELL_ROW_60_970,VGND,li1,70.1500,174.3710,0.000228
TAP_TAPCELL_ROW_60_969,VGND,li1,44.3900,174.3710,0.000127
TAP_TAPCELL_ROW_60_968,VGND,li1,18.6300,174.3710,0.000045
TAP_TAPCELL_ROW_59_967,VGND,li1,314.8700,173.7880,0.000499
TAP_TAPCELL_ROW_59_966,VGND,li1,289.1100,173.7880,0.000471
TAP_TAPCELL_ROW_59_965,VGND,li1,263.3500,173.7880,0.000427
TAP_TAPCELL_ROW_59_964,VGND,li1,237.5900,173.7880,0.000372
TAP_TAPCELL_ROW_59_963,VGND,li1,211.8300,173.7880,0.000308
TAP_TAPCELL_ROW_59_962,VGND,li1,186.0700,173.7880,0.000235
TAP_TAPCELL_ROW_59_961,VGND,li1,160.3100,173.7880,0.000374
TAP_TAPCELL_ROW_59_960,VGND,li1,134.5500,173.7880,0.000409
TAP_TAPCELL_ROW_59_959,VGND,li1,108.7900,173.7880,0.000351
TAP_TAPCELL_ROW_59_958,VGND,li1,83.0300,173.7880,0.000267
TAP_TAPCELL_ROW_59_957,VGND,li1,57.2700,173.7880,0.000178
TAP_TAPCELL_ROW_59_956,VGND,li1,31.5100,173.7880,0.000069
TAP_TAPCELL_ROW_58_955,VGND,li1,301.9900,168.9310,0.000403
TAP_TAPCELL_ROW_58_954,VGND,li1,276.2300,168.9310,0.000388
TAP_TAPCELL_ROW_58_953,VGND,li1,250.4700,168.9310,0.000334
TAP_TAPCELL_ROW_58_952,VGND,li1,224.7100,168.9310,0.000254
TAP_TAPCELL_ROW_58_951,VGND,li1,198.9500,168.9310,0.000161
TAP_TAPCELL_ROW_58_950,VGND,li1,173.1900,168.9310,0.000102
TAP_TAPCELL_ROW_58_949,VGND,li1,147.4300,168.9310,0.000158
TAP_TAPCELL_ROW_58_948,VGND,li1,121.6700,168.9310,0.000161
TAP_TAPCELL_ROW_58_947,VGND,li1,95.9100,168.9310,0.000144
TAP_TAPCELL_ROW_58_946,VGND,li1,70.1500,168.9310,0.000110
TAP_TAPCELL_ROW_58_945,VGND,li1,44.3900,168.9310,0.000061
TAP_TAPCELL_ROW_58_944,VGND,li1,18.6300,168.9310,0.000023
TAP_TAPCELL_ROW_57_943,VGND,li1,314.8700,168.3480,0.000403
TAP_TAPCELL_ROW_57_942,VGND,li1,289.1100,168.3480,0.000400
TAP_TAPCELL_ROW_57_941,VGND,li1,263.3500,168.3480,0.000366
TAP_TAPCELL_ROW_57_940,VGND,li1,237.5900,168.3480,0.000297
TAP_TAPCELL_ROW_57_939,VGND,li1,211.8300,168.3480,0.000210
TAP_TAPCELL_ROW_57_938,VGND,li1,186.0700,168.3480,0.000115
TAP_TAPCELL_ROW_57_937,VGND,li1,160.3100,168.3480,0.000143
TAP_TAPCELL_ROW_57_936,VGND,li1,134.5500,168.3480,0.000165
TAP_TAPCELL_ROW_57_935,VGND,li1,108.7900,168.3480,0.000155
TAP_TAPCELL_ROW_57_934,VGND,li1,83.0300,168.3480,0.000129
TAP_TAPCELL_ROW_57_933,VGND,li1,57.2700,168.3480,0.000087
TAP_TAPCELL_ROW_57_932,VGND,li1,31.5100,168.3480,0.000034
TAP_TAPCELL_ROW_56_931,VGND,li1,301.9900,163.4910,0.000662
TAP_TAPCELL_ROW_56_930,VGND,li1,276.2300,163.4910,0.000644
TAP_TAPCELL_ROW_56_929,VGND,li1,250.4700,163.4910,0.000532
TAP_TAPCELL_ROW_56_928,VGND,li1,224.7100,163.4910,0.000387
TAP_TAPCELL_ROW_56_927,VGND,li1,198.9500,163.4910,0.000229
TAP_TAPCELL_ROW_56_926,VGND,li1,173.1900,163.4910,0.000138
TAP_TAPCELL_ROW_56_925,VGND,li1,147.4300,163.4910,0.000220
TAP_TAPCELL_ROW_56_924,VGND,li1,121.6700,163.4910,0.000213
TAP_TAPCELL_ROW_56_923,VGND,li1,95.9100,163.4910,0.000172
TAP_TAPCELL_ROW_56_922,VGND,li1,70.1500,163.4910,0.000123
TAP_TAPCELL_ROW_56_921,VGND,li1,44.3900,163.4910,0.000067
TAP_TAPCELL_ROW_56_920,VGND,li1,18.6300,163.4910,0.000024
TAP_TAPCELL_ROW_55_919,VGND,li1,314.8700,162.9080,0.000669
TAP_TAPCELL_ROW_55_918,VGND,li1,289.1100,162.9080,0.000654
TAP_TAPCELL_ROW_55_917,VGND,li1,263.3500,162.9080,0.000595
TAP_TAPCELL_ROW_55_916,VGND,li1,237.5900,162.9080,0.000461
TAP_TAPCELL_ROW_55_915,VGND,li1,211.8300,162.9080,0.000312
TAP_TAPCELL_ROW_55_914,VGND,li1,186.0700,162.9080,0.000147
TAP_TAPCELL_ROW_55_913,VGND,li1,160.3100,162.9080,0.000182
TAP_TAPCELL_ROW_55_912,VGND,li1,134.5500,162.9080,0.000227
TAP_TAPCELL_ROW_55_911,VGND,li1,108.7900,162.9080,0.000195
TAP_TAPCELL_ROW_55_910,VGND,li1,83.0300,162.9080,0.000151
TAP_TAPCELL_ROW_55_909,VGND,li1,57.2700,162.9080,0.000096
TAP_TAPCELL_ROW_55_908,VGND,li1,31.5100,162.9080,0.000037
TAP_TAPCELL_ROW_54_907,VGND,li1,301.9900,158.0510,0.000699
TAP_TAPCELL_ROW_54_906,VGND,li1,276.2300,158.0510,0.000640
TAP_TAPCELL_ROW_54_905,VGND,li1,250.4700,158.0510,0.000539
TAP_TAPCELL_ROW_54_904,VGND,li1,224.7100,158.0510,0.000411
TAP_TAPCELL_ROW_54_903,VGND,li1,198.9500,158.0510,0.000254
TAP_TAPCELL_ROW_54_902,VGND,li1,173.1900,158.0510,0.000136
TAP_TAPCELL_ROW_54_901,VGND,li1,147.4300,158.0510,0.000186
TAP_TAPCELL_ROW_54_900,VGND,li1,121.6700,158.0510,0.000174
TAP_TAPCELL_ROW_54_899,VGND,li1,95.9100,158.0510,0.000145
TAP_TAPCELL_ROW_54_898,VGND,li1,70.1500,158.0510,0.000109
TAP_TAPCELL_ROW_54_897,VGND,li1,44.3900,158.0510,0.000062
TAP_TAPCELL_ROW_54_896,VGND,li1,18.6300,158.0510,0.000023
TAP_TAPCELL_ROW_53_895,VGND,li1,314.8700,157.4680,0.000708
TAP_TAPCELL_ROW_53_894,VGND,li1,289.1100,157.4680,0.000678
TAP_TAPCELL_ROW_53_893,VGND,li1,263.3500,157.4680,0.000593
TAP_TAPCELL_ROW_53_892,VGND,li1,237.5900,157.4680,0.000471
TAP_TAPCELL_ROW_53_891,VGND,li1,211.8300,157.4680,0.000329
TAP_TAPCELL_ROW_53_890,VGND,li1,186.0700,157.4680,0.000173
TAP_TAPCELL_ROW_53_889,VGND,li1,160.3100,157.4680,0.000173
TAP_TAPCELL_ROW_53_888,VGND,li1,134.5500,157.4680,0.000186
TAP_TAPCELL_ROW_53_887,VGND,li1,108.7900,157.4680,0.000159
TAP_TAPCELL_ROW_53_886,VGND,li1,83.0300,157.4680,0.000128
TAP_TAPCELL_ROW_53_885,VGND,li1,57.2700,157.4680,0.000088
TAP_TAPCELL_ROW_53_884,VGND,li1,31.5100,157.4680,0.000032
TAP_TAPCELL_ROW_52_883,VGND,li1,301.9900,152.6110,0.000601
TAP_TAPCELL_ROW_52_882,VGND,li1,276.2300,152.6110,0.000540
TAP_TAPCELL_ROW_52_881,VGND,li1,250.4700,152.6110,0.000452
TAP_TAPCELL_ROW_52_880,VGND,li1,224.7100,152.6110,0.000331
TAP_TAPCELL_ROW_52_879,VGND,li1,198.9500,152.6110,0.000204
TAP_TAPCELL_ROW_52_878,VGND,li1,173.1900,152.6110,0.000112
TAP_TAPCELL_ROW_52_877,VGND,li1,147.4300,152.6110,0.000142
TAP_TAPCELL_ROW_52_876,VGND,li1,121.6700,152.6110,0.000132
TAP_TAPCELL_ROW_52_875,VGND,li1,95.9100,152.6110,0.000105
TAP_TAPCELL_ROW_52_874,VGND,li1,70.1500,152.6110,0.000078
TAP_TAPCELL_ROW_52_873,VGND,li1,44.3900,152.6110,0.000043
TAP_TAPCELL_ROW_52_872,VGND,li1,18.6300,152.6110,0.000016
TAP_TAPCELL_ROW_51_871,VGND,li1,314.8700,152.0280,0.000620
TAP_TAPCELL_ROW_51_870,VGND,li1,289.1100,152.0280,0.000574
TAP_TAPCELL_ROW_51_869,VGND,li1,263.3500,152.0280,0.000501
TAP_TAPCELL_ROW_51_868,VGND,li1,237.5900,152.0280,0.000400
TAP_TAPCELL_ROW_51_867,VGND,li1,211.8300,152.0280,0.000264
TAP_TAPCELL_ROW_51_866,VGND,li1,186.0700,152.0280,0.000132
TAP_TAPCELL_ROW_51_865,VGND,li1,160.3100,152.0280,0.000135
TAP_TAPCELL_ROW_51_864,VGND,li1,134.5500,152.0280,0.000141
TAP_TAPCELL_ROW_51_863,VGND,li1,108.7900,152.0280,0.000119
TAP_TAPCELL_ROW_51_862,VGND,li1,83.0300,152.0280,0.000092
TAP_TAPCELL_ROW_51_861,VGND,li1,57.2700,152.0280,0.000060
TAP_TAPCELL_ROW_51_860,VGND,li1,31.5100,152.0280,0.000022
TAP_TAPCELL_ROW_50_859,VGND,li1,301.9900,147.1710,0.000922
TAP_TAPCELL_ROW_50_858,VGND,li1,276.2300,147.1710,0.000840
TAP_TAPCELL_ROW_50_857,VGND,li1,250.4700,147.1710,0.000738
TAP_TAPCELL_ROW_50_856,VGND,li1,224.7100,147.1710,0.000564
TAP_TAPCELL_ROW_50_855,VGND,li1,198.9500,147.1710,0.000318
TAP_TAPCELL_ROW_50_854,VGND,li1,173.1900,147.1710,0.000112
TAP_TAPCELL_ROW_50_853,VGND,li1,147.4300,147.1710,0.000116
TAP_TAPCELL_ROW_50_852,VGND,li1,121.6700,147.1710,0.000110
TAP_TAPCELL_ROW_50_851,VGND,li1,95.9100,147.1710,0.000095
TAP_TAPCELL_ROW_50_850,VGND,li1,70.1500,147.1710,0.000070
TAP_TAPCELL_ROW_50_849,VGND,li1,44.3900,147.1710,0.000040
TAP_TAPCELL_ROW_50_848,VGND,li1,18.6300,147.1710,0.000014
TAP_TAPCELL_ROW_49_847,VGND,li1,314.8700,146.5880,0.000940
TAP_TAPCELL_ROW_49_846,VGND,li1,289.1100,146.5880,0.000889
TAP_TAPCELL_ROW_49_845,VGND,li1,263.3500,146.5880,0.000788
TAP_TAPCELL_ROW_49_844,VGND,li1,237.5900,146.5880,0.000670
TAP_TAPCELL_ROW_49_843,VGND,li1,211.8300,146.5880,0.000447
TAP_TAPCELL_ROW_49_842,VGND,li1,186.0700,146.5880,0.000204
TAP_TAPCELL_ROW_49_841,VGND,li1,160.3100,146.5880,0.000115
TAP_TAPCELL_ROW_49_840,VGND,li1,134.5500,146.5880,0.000114
TAP_TAPCELL_ROW_49_839,VGND,li1,108.7900,146.5880,0.000104
TAP_TAPCELL_ROW_49_838,VGND,li1,83.0300,146.5880,0.000083
TAP_TAPCELL_ROW_49_837,VGND,li1,57.2700,146.5880,0.000058
TAP_TAPCELL_ROW_49_836,VGND,li1,31.5100,146.5880,0.000021
TAP_TAPCELL_ROW_48_835,VGND,li1,301.9900,141.7310,0.000634
TAP_TAPCELL_ROW_48_834,VGND,li1,276.2300,141.7310,0.000553
TAP_TAPCELL_ROW_48_833,VGND,li1,250.4700,141.7310,0.000464
TAP_TAPCELL_ROW_48_832,VGND,li1,224.7100,141.7310,0.000347
TAP_TAPCELL_ROW_48_831,VGND,li1,198.9500,141.7310,0.000186
TAP_TAPCELL_ROW_48_830,VGND,li1,173.1900,141.7310,0.000068
TAP_TAPCELL_ROW_48_829,VGND,li1,147.4300,141.7310,0.000066
TAP_TAPCELL_ROW_48_828,VGND,li1,121.6700,141.7310,0.000058
TAP_TAPCELL_ROW_48_827,VGND,li1,95.9100,141.7310,0.000047
TAP_TAPCELL_ROW_48_826,VGND,li1,70.1500,141.7310,0.000035
TAP_TAPCELL_ROW_48_825,VGND,li1,44.3900,141.7310,0.000019
TAP_TAPCELL_ROW_48_824,VGND,li1,18.6300,141.7310,0.000007
TAP_TAPCELL_ROW_47_823,VGND,li1,314.8700,141.1480,0.000656
TAP_TAPCELL_ROW_47_822,VGND,li1,289.1100,141.1480,0.000593
TAP_TAPCELL_ROW_47_821,VGND,li1,263.3500,141.1480,0.000512
TAP_TAPCELL_ROW_47_820,VGND,li1,237.5900,141.1480,0.000407
TAP_TAPCELL_ROW_47_819,VGND,li1,211.8300,141.1480,0.000272
TAP_TAPCELL_ROW_47_818,VGND,li1,186.0700,141.1480,0.000108
TAP_TAPCELL_ROW_47_817,VGND,li1,160.3100,141.1480,0.000069
TAP_TAPCELL_ROW_47_816,VGND,li1,134.5500,141.1480,0.000063
TAP_TAPCELL_ROW_47_815,VGND,li1,108.7900,141.1480,0.000053
TAP_TAPCELL_ROW_47_814,VGND,li1,83.0300,141.1480,0.000041
TAP_TAPCELL_ROW_47_813,VGND,li1,57.2700,141.1480,0.000027
TAP_TAPCELL_ROW_47_812,VGND,li1,31.5100,141.1480,0.000011
TAP_TAPCELL_ROW_46_811,VGND,li1,301.9900,136.2910,0.000466
TAP_TAPCELL_ROW_46_810,VGND,li1,276.2300,136.2910,0.000425
TAP_TAPCELL_ROW_46_809,VGND,li1,250.4700,136.2910,0.000371
TAP_TAPCELL_ROW_46_808,VGND,li1,224.7100,136.2910,0.000286
TAP_TAPCELL_ROW_46_807,VGND,li1,198.9500,136.2910,0.000173
TAP_TAPCELL_ROW_46_806,VGND,li1,173.1900,136.2910,0.000077
TAP_TAPCELL_ROW_46_805,VGND,li1,147.4300,136.2910,0.000110
TAP_TAPCELL_ROW_46_804,VGND,li1,121.6700,136.2910,0.000121
TAP_TAPCELL_ROW_46_803,VGND,li1,95.9100,136.2910,0.000118
TAP_TAPCELL_ROW_46_802,VGND,li1,70.1500,136.2910,0.000094
TAP_TAPCELL_ROW_46_801,VGND,li1,44.3900,136.2910,0.000057
TAP_TAPCELL_ROW_46_800,VGND,li1,18.6300,136.2910,0.000027
TAP_TAPCELL_ROW_45_799,VGND,li1,314.8700,135.7080,0.000477
TAP_TAPCELL_ROW_45_798,VGND,li1,289.1100,135.7080,0.000448
TAP_TAPCELL_ROW_45_797,VGND,li1,263.3500,135.7080,0.000399
TAP_TAPCELL_ROW_45_796,VGND,li1,237.5900,135.7080,0.000331
TAP_TAPCELL_ROW_45_795,VGND,li1,211.8300,135.7080,0.000235
TAP_TAPCELL_ROW_45_794,VGND,li1,186.0700,135.7080,0.000112
TAP_TAPCELL_ROW_45_793,VGND,li1,160.3100,135.7080,0.000092
TAP_TAPCELL_ROW_45_792,VGND,li1,134.5500,135.7080,0.000117
TAP_TAPCELL_ROW_45_791,VGND,li1,108.7900,135.7080,0.000121
TAP_TAPCELL_ROW_45_790,VGND,li1,83.0300,135.7080,0.000107
TAP_TAPCELL_ROW_45_789,VGND,li1,57.2700,135.7080,0.000075
TAP_TAPCELL_ROW_45_788,VGND,li1,31.5100,135.7080,0.000031
TAP_TAPCELL_ROW_44_787,VGND,li1,301.9900,130.8510,0.000744
TAP_TAPCELL_ROW_44_786,VGND,li1,276.2300,130.8510,0.000645
TAP_TAPCELL_ROW_44_785,VGND,li1,250.4700,130.8510,0.000519
TAP_TAPCELL_ROW_44_784,VGND,li1,224.7100,130.8510,0.000387
TAP_TAPCELL_ROW_44_783,VGND,li1,198.9500,130.8510,0.000221
TAP_TAPCELL_ROW_44_782,VGND,li1,173.1900,130.8510,0.000098
TAP_TAPCELL_ROW_44_781,VGND,li1,147.4300,130.8510,0.000148
TAP_TAPCELL_ROW_44_780,VGND,li1,121.6700,130.8510,0.000180
TAP_TAPCELL_ROW_44_779,VGND,li1,95.9100,130.8510,0.000180
TAP_TAPCELL_ROW_44_778,VGND,li1,70.1500,130.8510,0.000146
TAP_TAPCELL_ROW_44_777,VGND,li1,44.3900,130.8510,0.000085
TAP_TAPCELL_ROW_44_776,VGND,li1,18.6300,130.8510,0.000029
TAP_TAPCELL_ROW_43_775,VGND,li1,314.8700,130.2680,0.000767
TAP_TAPCELL_ROW_43_774,VGND,li1,289.1100,130.2680,0.000698
TAP_TAPCELL_ROW_43_773,VGND,li1,263.3500,130.2680,0.000592
TAP_TAPCELL_ROW_43_772,VGND,li1,237.5900,130.2680,0.000460
TAP_TAPCELL_ROW_43_771,VGND,li1,211.8300,130.2680,0.000304
TAP_TAPCELL_ROW_43_770,VGND,li1,186.0700,130.2680,0.000137
TAP_TAPCELL_ROW_43_769,VGND,li1,160.3100,130.2680,0.000122
TAP_TAPCELL_ROW_43_768,VGND,li1,134.5500,130.2680,0.000167
TAP_TAPCELL_ROW_43_767,VGND,li1,108.7900,130.2680,0.000185
TAP_TAPCELL_ROW_43_766,VGND,li1,83.0300,130.2680,0.000165
TAP_TAPCELL_ROW_43_765,VGND,li1,57.2700,130.2680,0.000115
TAP_TAPCELL_ROW_43_764,VGND,li1,31.5100,130.2680,0.000043
TAP_TAPCELL_ROW_42_763,VGND,li1,301.9900,125.4110,0.000876
TAP_TAPCELL_ROW_42_762,VGND,li1,276.2300,125.4110,0.000754
TAP_TAPCELL_ROW_42_761,VGND,li1,250.4700,125.4110,0.000612
TAP_TAPCELL_ROW_42_760,VGND,li1,224.7100,125.4110,0.000470
TAP_TAPCELL_ROW_42_759,VGND,li1,198.9500,125.4110,0.000271
TAP_TAPCELL_ROW_42_758,VGND,li1,173.1900,125.4110,0.000103
TAP_TAPCELL_ROW_42_757,VGND,li1,147.4300,125.4110,0.000138
TAP_TAPCELL_ROW_42_756,VGND,li1,121.6700,125.4110,0.000155
TAP_TAPCELL_ROW_42_755,VGND,li1,95.9100,125.4110,0.000150
TAP_TAPCELL_ROW_42_754,VGND,li1,70.1500,125.4110,0.000121
TAP_TAPCELL_ROW_42_753,VGND,li1,44.3900,125.4110,0.000072
TAP_TAPCELL_ROW_42_752,VGND,li1,18.6300,125.4110,0.000025
TAP_TAPCELL_ROW_41_751,VGND,li1,314.8700,124.8280,0.000937
TAP_TAPCELL_ROW_41_750,VGND,li1,289.1100,124.8280,0.000817
TAP_TAPCELL_ROW_41_749,VGND,li1,263.3500,124.8280,0.000689
TAP_TAPCELL_ROW_41_748,VGND,li1,237.5900,124.8280,0.000542
TAP_TAPCELL_ROW_41_747,VGND,li1,211.8300,124.8280,0.000368
TAP_TAPCELL_ROW_41_746,VGND,li1,186.0700,124.8280,0.000170
TAP_TAPCELL_ROW_41_745,VGND,li1,160.3100,124.8280,0.000120
TAP_TAPCELL_ROW_41_744,VGND,li1,134.5500,124.8280,0.000150
TAP_TAPCELL_ROW_41_743,VGND,li1,108.7900,124.8280,0.000156
TAP_TAPCELL_ROW_41_742,VGND,li1,83.0300,124.8280,0.000139
TAP_TAPCELL_ROW_41_741,VGND,li1,57.2700,124.8280,0.000101
TAP_TAPCELL_ROW_41_740,VGND,li1,31.5100,124.8280,0.000036
TAP_TAPCELL_ROW_40_739,VGND,li1,301.9900,119.9710,0.000815
TAP_TAPCELL_ROW_40_738,VGND,li1,276.2300,119.9710,0.000709
TAP_TAPCELL_ROW_40_737,VGND,li1,250.4700,119.9710,0.000570
TAP_TAPCELL_ROW_40_736,VGND,li1,224.7100,119.9710,0.000417
TAP_TAPCELL_ROW_40_735,VGND,li1,198.9500,119.9710,0.000235
TAP_TAPCELL_ROW_40_734,VGND,li1,173.1900,119.9710,0.000102
TAP_TAPCELL_ROW_40_733,VGND,li1,147.4300,119.9710,0.000136
TAP_TAPCELL_ROW_40_732,VGND,li1,121.6700,119.9710,0.000160
TAP_TAPCELL_ROW_40_731,VGND,li1,95.9100,119.9710,0.000168
TAP_TAPCELL_ROW_40_730,VGND,li1,70.1500,119.9710,0.000153
TAP_TAPCELL_ROW_40_729,VGND,li1,44.3900,119.9710,0.000098
TAP_TAPCELL_ROW_40_728,VGND,li1,18.6300,119.9710,0.000042
TAP_TAPCELL_ROW_39_727,VGND,li1,314.8700,119.3880,0.000841
TAP_TAPCELL_ROW_39_726,VGND,li1,289.1100,119.3880,0.000768
TAP_TAPCELL_ROW_39_725,VGND,li1,263.3500,119.3880,0.000640
TAP_TAPCELL_ROW_39_724,VGND,li1,237.5900,119.3880,0.000500
TAP_TAPCELL_ROW_39_723,VGND,li1,211.8300,119.3880,0.000332
TAP_TAPCELL_ROW_39_722,VGND,li1,186.0700,119.3880,0.000138
TAP_TAPCELL_ROW_39_721,VGND,li1,160.3100,119.3880,0.000121
TAP_TAPCELL_ROW_39_720,VGND,li1,134.5500,119.3880,0.000150
TAP_TAPCELL_ROW_39_719,VGND,li1,108.7900,119.3880,0.000166
TAP_TAPCELL_ROW_39_718,VGND,li1,83.0300,119.3880,0.000164
TAP_TAPCELL_ROW_39_717,VGND,li1,57.2700,119.3880,0.000130
TAP_TAPCELL_ROW_39_716,VGND,li1,31.5100,119.3880,0.000055
TAP_TAPCELL_ROW_38_715,VGND,li1,301.9900,114.5310,0.000414
TAP_TAPCELL_ROW_38_714,VGND,li1,276.2300,114.5310,0.000376
TAP_TAPCELL_ROW_38_713,VGND,li1,250.4700,114.5310,0.000327
TAP_TAPCELL_ROW_38_712,VGND,li1,224.7100,114.5310,0.000250
TAP_TAPCELL_ROW_38_711,VGND,li1,198.9500,114.5310,0.000150
TAP_TAPCELL_ROW_38_710,VGND,li1,173.1900,114.5310,0.000064
TAP_TAPCELL_ROW_38_709,VGND,li1,147.4300,114.5310,0.000088
TAP_TAPCELL_ROW_38_708,VGND,li1,121.6700,114.5310,0.000101
TAP_TAPCELL_ROW_38_707,VGND,li1,95.9100,114.5310,0.000104
TAP_TAPCELL_ROW_38_706,VGND,li1,70.1500,114.5310,0.000090
TAP_TAPCELL_ROW_38_705,VGND,li1,44.3900,114.5310,0.000059
TAP_TAPCELL_ROW_38_704,VGND,li1,18.6300,114.5310,0.000025
TAP_TAPCELL_ROW_37_703,VGND,li1,314.8700,113.9480,0.000426
TAP_TAPCELL_ROW_37_702,VGND,li1,289.1100,113.9480,0.000397
TAP_TAPCELL_ROW_37_701,VGND,li1,263.3500,113.9480,0.000356
TAP_TAPCELL_ROW_37_700,VGND,li1,237.5900,113.9480,0.000293
TAP_TAPCELL_ROW_37_699,VGND,li1,211.8300,113.9480,0.000202
TAP_TAPCELL_ROW_37_698,VGND,li1,186.0700,113.9480,0.000089
TAP_TAPCELL_ROW_37_697,VGND,li1,160.3100,113.9480,0.000077
TAP_TAPCELL_ROW_37_696,VGND,li1,134.5500,113.9480,0.000096
TAP_TAPCELL_ROW_37_695,VGND,li1,108.7900,113.9480,0.000104
TAP_TAPCELL_ROW_37_694,VGND,li1,83.0300,113.9480,0.000099
TAP_TAPCELL_ROW_37_693,VGND,li1,57.2700,113.9480,0.000077
TAP_TAPCELL_ROW_37_692,VGND,li1,31.5100,113.9480,0.000037
TAP_TAPCELL_ROW_36_691,VGND,li1,301.9900,109.0910,0.001462
TAP_TAPCELL_ROW_36_690,VGND,li1,276.2300,109.0910,0.001398
TAP_TAPCELL_ROW_36_689,VGND,li1,250.4700,109.0910,0.001189
TAP_TAPCELL_ROW_36_688,VGND,li1,224.7100,109.0910,0.000844
TAP_TAPCELL_ROW_36_687,VGND,li1,198.9500,109.0910,0.000472
TAP_TAPCELL_ROW_36_686,VGND,li1,173.1900,109.0910,0.000172
TAP_TAPCELL_ROW_36_685,VGND,li1,147.4300,109.0910,0.000195
TAP_TAPCELL_ROW_36_684,VGND,li1,121.6700,109.0910,0.000210
TAP_TAPCELL_ROW_36_683,VGND,li1,95.9100,109.0910,0.000206
TAP_TAPCELL_ROW_36_682,VGND,li1,70.1500,109.0910,0.000181
TAP_TAPCELL_ROW_36_681,VGND,li1,44.3900,109.0910,0.000119
TAP_TAPCELL_ROW_36_680,VGND,li1,18.6300,109.0910,0.000083
TAP_TAPCELL_ROW_35_679,VGND,li1,314.8700,108.5080,0.001478
TAP_TAPCELL_ROW_35_678,VGND,li1,289.1100,108.5080,0.001435
TAP_TAPCELL_ROW_35_677,VGND,li1,263.3500,108.5080,0.001314
TAP_TAPCELL_ROW_35_676,VGND,li1,237.5900,108.5080,0.001033
TAP_TAPCELL_ROW_35_675,VGND,li1,211.8300,108.5080,0.000665
TAP_TAPCELL_ROW_35_674,VGND,li1,186.0700,108.5080,0.000277
TAP_TAPCELL_ROW_35_673,VGND,li1,160.3100,108.5080,0.000184
TAP_TAPCELL_ROW_35_672,VGND,li1,134.5500,108.5080,0.000204
TAP_TAPCELL_ROW_35_671,VGND,li1,108.7900,108.5080,0.000210
TAP_TAPCELL_ROW_35_670,VGND,li1,83.0300,108.5080,0.000198
TAP_TAPCELL_ROW_35_669,VGND,li1,57.2700,108.5080,0.000155
TAP_TAPCELL_ROW_35_668,VGND,li1,31.5100,108.5080,0.000084
TAP_TAPCELL_ROW_34_667,VGND,li1,301.9900,103.6510,0.001116
TAP_TAPCELL_ROW_34_666,VGND,li1,276.2300,103.6510,0.000955
TAP_TAPCELL_ROW_34_665,VGND,li1,250.4700,103.6510,0.000775
TAP_TAPCELL_ROW_34_664,VGND,li1,224.7100,103.6510,0.000545
TAP_TAPCELL_ROW_34_663,VGND,li1,198.9500,103.6510,0.000315
TAP_TAPCELL_ROW_34_662,VGND,li1,173.1900,103.6510,0.000114
TAP_TAPCELL_ROW_34_661,VGND,li1,147.4300,103.6510,0.000143
TAP_TAPCELL_ROW_34_660,VGND,li1,121.6700,103.6510,0.000150
TAP_TAPCELL_ROW_34_659,VGND,li1,95.9100,103.6510,0.000136
TAP_TAPCELL_ROW_34_658,VGND,li1,70.1500,103.6510,0.000109
TAP_TAPCELL_ROW_34_657,VGND,li1,44.3900,103.6510,0.000069
TAP_TAPCELL_ROW_34_656,VGND,li1,18.6300,103.6510,0.000038
TAP_TAPCELL_ROW_33_655,VGND,li1,314.8700,103.0680,0.001177
TAP_TAPCELL_ROW_33_654,VGND,li1,289.1100,103.0680,0.001038
TAP_TAPCELL_ROW_33_653,VGND,li1,263.3500,103.0680,0.000873
TAP_TAPCELL_ROW_33_652,VGND,li1,237.5900,103.0680,0.000658
TAP_TAPCELL_ROW_33_651,VGND,li1,211.8300,103.0680,0.000427
TAP_TAPCELL_ROW_33_650,VGND,li1,186.0700,103.0680,0.000189
TAP_TAPCELL_ROW_33_649,VGND,li1,160.3100,103.0680,0.000128
TAP_TAPCELL_ROW_33_648,VGND,li1,134.5500,103.0680,0.000151
TAP_TAPCELL_ROW_33_647,VGND,li1,108.7900,103.0680,0.000145
TAP_TAPCELL_ROW_33_646,VGND,li1,83.0300,103.0680,0.000126
TAP_TAPCELL_ROW_33_645,VGND,li1,57.2700,103.0680,0.000093
TAP_TAPCELL_ROW_33_644,VGND,li1,31.5100,103.0680,0.000047
TAP_TAPCELL_ROW_32_643,VGND,li1,301.9900,98.2110,0.000543
TAP_TAPCELL_ROW_32_642,VGND,li1,276.2300,98.2110,0.000489
TAP_TAPCELL_ROW_32_641,VGND,li1,250.4700,98.2110,0.000413
TAP_TAPCELL_ROW_32_640,VGND,li1,224.7100,98.2110,0.000309
TAP_TAPCELL_ROW_32_639,VGND,li1,198.9500,98.2110,0.000186
TAP_TAPCELL_ROW_32_638,VGND,li1,173.1900,98.2110,0.000112
TAP_TAPCELL_ROW_32_637,VGND,li1,147.4300,98.2110,0.000192
TAP_TAPCELL_ROW_32_636,VGND,li1,121.6700,98.2110,0.000225
TAP_TAPCELL_ROW_32_635,VGND,li1,95.9100,98.2110,0.000199
TAP_TAPCELL_ROW_32_634,VGND,li1,70.1500,98.2110,0.000153
TAP_TAPCELL_ROW_32_633,VGND,li1,44.3900,98.2110,0.000099
TAP_TAPCELL_ROW_32_632,VGND,li1,18.6300,98.2110,0.000043
TAP_TAPCELL_ROW_31_631,VGND,li1,314.8700,97.6280,0.000563
TAP_TAPCELL_ROW_31_630,VGND,li1,289.1100,97.6280,0.000516
TAP_TAPCELL_ROW_31_629,VGND,li1,263.3500,97.6280,0.000453
TAP_TAPCELL_ROW_31_628,VGND,li1,237.5900,97.6280,0.000367
TAP_TAPCELL_ROW_31_627,VGND,li1,211.8300,97.6280,0.000254
TAP_TAPCELL_ROW_31_626,VGND,li1,186.0700,97.6280,0.000125
TAP_TAPCELL_ROW_31_625,VGND,li1,160.3100,97.6280,0.000152
TAP_TAPCELL_ROW_31_624,VGND,li1,134.5500,97.6280,0.000225
TAP_TAPCELL_ROW_31_623,VGND,li1,108.7900,97.6280,0.000214
TAP_TAPCELL_ROW_31_622,VGND,li1,83.0300,97.6280,0.000179
TAP_TAPCELL_ROW_31_621,VGND,li1,57.2700,97.6280,0.000127
TAP_TAPCELL_ROW_31_620,VGND,li1,31.5100,97.6280,0.000061
TAP_TAPCELL_ROW_30_619,VGND,li1,301.9900,92.7710,0.000648
TAP_TAPCELL_ROW_30_618,VGND,li1,276.2300,92.7710,0.000579
TAP_TAPCELL_ROW_30_617,VGND,li1,250.4700,92.7710,0.000486
TAP_TAPCELL_ROW_30_616,VGND,li1,224.7100,92.7710,0.000380
TAP_TAPCELL_ROW_30_615,VGND,li1,198.9500,92.7710,0.000252
TAP_TAPCELL_ROW_30_614,VGND,li1,173.1900,92.7710,0.000189
TAP_TAPCELL_ROW_30_613,VGND,li1,147.4300,92.7710,0.000415
TAP_TAPCELL_ROW_30_612,VGND,li1,121.6700,92.7710,0.000590
TAP_TAPCELL_ROW_30_611,VGND,li1,95.9100,92.7710,0.000578
TAP_TAPCELL_ROW_30_610,VGND,li1,70.1500,92.7710,0.000454
TAP_TAPCELL_ROW_30_609,VGND,li1,44.3900,92.7710,0.000250
TAP_TAPCELL_ROW_30_608,VGND,li1,18.6300,92.7710,0.000100
TAP_TAPCELL_ROW_29_607,VGND,li1,314.8700,92.1880,0.000667
TAP_TAPCELL_ROW_29_606,VGND,li1,289.1100,92.1880,0.000617
TAP_TAPCELL_ROW_29_605,VGND,li1,263.3500,92.1880,0.000528
TAP_TAPCELL_ROW_29_604,VGND,li1,237.5900,92.1880,0.000435
TAP_TAPCELL_ROW_29_603,VGND,li1,211.8300,92.1880,0.000319
TAP_TAPCELL_ROW_29_602,VGND,li1,186.0700,92.1880,0.000190
TAP_TAPCELL_ROW_29_601,VGND,li1,160.3100,92.1880,0.000311
TAP_TAPCELL_ROW_29_600,VGND,li1,134.5500,92.1880,0.000504
TAP_TAPCELL_ROW_29_599,VGND,li1,108.7900,92.1880,0.000612
TAP_TAPCELL_ROW_29_598,VGND,li1,83.0300,92.1880,0.000523
TAP_TAPCELL_ROW_29_597,VGND,li1,57.2700,92.1880,0.000355
TAP_TAPCELL_ROW_29_596,VGND,li1,31.5100,92.1880,0.000136
TAP_TAPCELL_ROW_28_595,VGND,li1,301.9900,87.3310,0.000653
TAP_TAPCELL_ROW_28_594,VGND,li1,276.2300,87.3310,0.000597
TAP_TAPCELL_ROW_28_593,VGND,li1,250.4700,87.3310,0.000516
TAP_TAPCELL_ROW_28_592,VGND,li1,224.7100,87.3310,0.000397
TAP_TAPCELL_ROW_28_591,VGND,li1,198.9500,87.3310,0.000252
TAP_TAPCELL_ROW_28_590,VGND,li1,173.1900,87.3310,0.000163
TAP_TAPCELL_ROW_28_589,VGND,li1,147.4300,87.3310,0.000272
TAP_TAPCELL_ROW_28_588,VGND,li1,121.6700,87.3310,0.000322
TAP_TAPCELL_ROW_28_587,VGND,li1,95.9100,87.3310,0.000358
TAP_TAPCELL_ROW_28_586,VGND,li1,70.1500,87.3310,0.000309
TAP_TAPCELL_ROW_28_585,VGND,li1,44.3900,87.3310,0.000177
TAP_TAPCELL_ROW_28_584,VGND,li1,18.6300,87.3310,0.000073
TAP_TAPCELL_ROW_27_583,VGND,li1,314.8700,86.7480,0.000671
TAP_TAPCELL_ROW_27_582,VGND,li1,289.1100,86.7480,0.000632
TAP_TAPCELL_ROW_27_581,VGND,li1,263.3500,86.7480,0.000563
TAP_TAPCELL_ROW_27_580,VGND,li1,237.5900,86.7480,0.000462
TAP_TAPCELL_ROW_27_579,VGND,li1,211.8300,86.7480,0.000330
TAP_TAPCELL_ROW_27_578,VGND,li1,186.0700,86.7480,0.000175
TAP_TAPCELL_ROW_27_577,VGND,li1,160.3100,86.7480,0.000239
TAP_TAPCELL_ROW_27_576,VGND,li1,134.5500,86.7480,0.000301
TAP_TAPCELL_ROW_27_575,VGND,li1,108.7900,86.7480,0.000344
TAP_TAPCELL_ROW_27_574,VGND,li1,83.0300,86.7480,0.000351
TAP_TAPCELL_ROW_27_573,VGND,li1,57.2700,86.7480,0.000250
TAP_TAPCELL_ROW_27_572,VGND,li1,31.5100,86.7480,0.000100
TAP_TAPCELL_ROW_26_571,VGND,li1,301.9900,81.8910,0.001058
TAP_TAPCELL_ROW_26_570,VGND,li1,276.2300,81.8910,0.000926
TAP_TAPCELL_ROW_26_569,VGND,li1,250.4700,81.8910,0.000745
TAP_TAPCELL_ROW_26_568,VGND,li1,224.7100,81.8910,0.000543
TAP_TAPCELL_ROW_26_567,VGND,li1,198.9500,81.8910,0.000324
TAP_TAPCELL_ROW_26_566,VGND,li1,173.1900,81.8910,0.000156
TAP_TAPCELL_ROW_26_565,VGND,li1,147.4300,81.8910,0.000176
TAP_TAPCELL_ROW_26_564,VGND,li1,121.6700,81.8910,0.000180
TAP_TAPCELL_ROW_26_563,VGND,li1,95.9100,81.8910,0.000174
TAP_TAPCELL_ROW_26_562,VGND,li1,70.1500,81.8910,0.000138
TAP_TAPCELL_ROW_26_561,VGND,li1,44.3900,81.8910,0.000084
TAP_TAPCELL_ROW_26_560,VGND,li1,18.6300,81.8910,0.000043
TAP_TAPCELL_ROW_25_559,VGND,li1,314.8700,81.3080,0.001076
TAP_TAPCELL_ROW_25_558,VGND,li1,289.1100,81.3080,0.001024
TAP_TAPCELL_ROW_25_557,VGND,li1,263.3500,81.3080,0.000844
TAP_TAPCELL_ROW_25_556,VGND,li1,237.5900,81.3080,0.000656
TAP_TAPCELL_ROW_25_555,VGND,li1,211.8300,81.3080,0.000440
TAP_TAPCELL_ROW_25_554,VGND,li1,186.0700,81.3080,0.000205
TAP_TAPCELL_ROW_25_553,VGND,li1,160.3100,81.3080,0.000171
TAP_TAPCELL_ROW_25_552,VGND,li1,134.5500,81.3080,0.000179
TAP_TAPCELL_ROW_25_551,VGND,li1,108.7900,81.3080,0.000179
TAP_TAPCELL_ROW_25_550,VGND,li1,83.0300,81.3080,0.000162
TAP_TAPCELL_ROW_25_549,VGND,li1,57.2700,81.3080,0.000115
TAP_TAPCELL_ROW_25_548,VGND,li1,31.5100,81.3080,0.000055
TAP_TAPCELL_ROW_24_547,VGND,li1,301.9900,76.4510,0.001592
TAP_TAPCELL_ROW_24_546,VGND,li1,276.2300,76.4510,0.001455
TAP_TAPCELL_ROW_24_545,VGND,li1,250.4700,76.4510,0.001230
TAP_TAPCELL_ROW_24_544,VGND,li1,224.7100,76.4510,0.000851
TAP_TAPCELL_ROW_24_543,VGND,li1,198.9500,76.4510,0.000462
TAP_TAPCELL_ROW_24_542,VGND,li1,173.1900,76.4510,0.000177
TAP_TAPCELL_ROW_24_541,VGND,li1,147.4300,76.4510,0.000197
TAP_TAPCELL_ROW_24_540,VGND,li1,121.6700,76.4510,0.000194
TAP_TAPCELL_ROW_24_539,VGND,li1,95.9100,76.4510,0.000170
TAP_TAPCELL_ROW_24_538,VGND,li1,70.1500,76.4510,0.000137
TAP_TAPCELL_ROW_24_537,VGND,li1,44.3900,76.4510,0.000090
TAP_TAPCELL_ROW_24_536,VGND,li1,18.6300,76.4510,0.000043
TAP_TAPCELL_ROW_23_535,VGND,li1,314.8700,75.8680,0.001646
TAP_TAPCELL_ROW_23_534,VGND,li1,289.1100,75.8680,0.001532
TAP_TAPCELL_ROW_23_533,VGND,li1,263.3500,75.8680,0.001370
TAP_TAPCELL_ROW_23_532,VGND,li1,237.5900,75.8680,0.001035
TAP_TAPCELL_ROW_23_531,VGND,li1,211.8300,75.8680,0.000653
TAP_TAPCELL_ROW_23_530,VGND,li1,186.0700,75.8680,0.000280
TAP_TAPCELL_ROW_23_529,VGND,li1,160.3100,75.8680,0.000191
TAP_TAPCELL_ROW_23_528,VGND,li1,134.5500,75.8680,0.000199
TAP_TAPCELL_ROW_23_527,VGND,li1,108.7900,75.8680,0.000184
TAP_TAPCELL_ROW_23_526,VGND,li1,83.0300,75.8680,0.000155
TAP_TAPCELL_ROW_23_525,VGND,li1,57.2700,75.8680,0.000117
TAP_TAPCELL_ROW_23_524,VGND,li1,31.5100,75.8680,0.000055
TAP_TAPCELL_ROW_22_523,VGND,li1,301.9900,71.0110,0.000683
TAP_TAPCELL_ROW_22_522,VGND,li1,276.2300,71.0110,0.000622
TAP_TAPCELL_ROW_22_521,VGND,li1,250.4700,71.0110,0.000538
TAP_TAPCELL_ROW_22_520,VGND,li1,224.7100,71.0110,0.000413
TAP_TAPCELL_ROW_22_519,VGND,li1,198.9500,71.0110,0.000245
TAP_TAPCELL_ROW_22_518,VGND,li1,173.1900,71.0110,0.000107
TAP_TAPCELL_ROW_22_517,VGND,li1,147.4300,71.0110,0.000146
TAP_TAPCELL_ROW_22_516,VGND,li1,121.6700,71.0110,0.000153
TAP_TAPCELL_ROW_22_515,VGND,li1,95.9100,71.0110,0.000150
TAP_TAPCELL_ROW_22_514,VGND,li1,70.1500,71.0110,0.000133
TAP_TAPCELL_ROW_22_513,VGND,li1,44.3900,71.0110,0.000086
TAP_TAPCELL_ROW_22_512,VGND,li1,18.6300,71.0110,0.000039
TAP_TAPCELL_ROW_21_511,VGND,li1,314.8700,70.4280,0.000702
TAP_TAPCELL_ROW_21_510,VGND,li1,289.1100,70.4280,0.000659
TAP_TAPCELL_ROW_21_509,VGND,li1,263.3500,70.4280,0.000583
TAP_TAPCELL_ROW_21_508,VGND,li1,237.5900,70.4280,0.000479
TAP_TAPCELL_ROW_21_507,VGND,li1,211.8300,70.4280,0.000335
TAP_TAPCELL_ROW_21_506,VGND,li1,186.0700,70.4280,0.000145
TAP_TAPCELL_ROW_21_505,VGND,li1,160.3100,70.4280,0.000131
TAP_TAPCELL_ROW_21_504,VGND,li1,134.5500,70.4280,0.000152
TAP_TAPCELL_ROW_21_503,VGND,li1,108.7900,70.4280,0.000153
TAP_TAPCELL_ROW_21_502,VGND,li1,83.0300,70.4280,0.000143
TAP_TAPCELL_ROW_21_501,VGND,li1,57.2700,70.4280,0.000116
TAP_TAPCELL_ROW_21_500,VGND,li1,31.5100,70.4280,0.000052
TAP_TAPCELL_ROW_20_499,VGND,li1,301.9900,65.5710,0.000774
TAP_TAPCELL_ROW_20_498,VGND,li1,276.2300,65.5710,0.000722
TAP_TAPCELL_ROW_20_497,VGND,li1,250.4700,65.5710,0.000594
TAP_TAPCELL_ROW_20_496,VGND,li1,224.7100,65.5710,0.000432
TAP_TAPCELL_ROW_20_495,VGND,li1,198.9500,65.5710,0.000239
TAP_TAPCELL_ROW_20_494,VGND,li1,173.1900,65.5710,0.000095
TAP_TAPCELL_ROW_20_493,VGND,li1,147.4300,65.5710,0.000123
TAP_TAPCELL_ROW_20_492,VGND,li1,121.6700,65.5710,0.000140
TAP_TAPCELL_ROW_20_491,VGND,li1,95.9100,65.5710,0.000136
TAP_TAPCELL_ROW_20_490,VGND,li1,70.1500,65.5710,0.000116
TAP_TAPCELL_ROW_20_489,VGND,li1,44.3900,65.5710,0.000077
TAP_TAPCELL_ROW_20_488,VGND,li1,18.6300,65.5710,0.000028
TAP_TAPCELL_ROW_19_487,VGND,li1,314.8700,64.9880,0.000783
TAP_TAPCELL_ROW_19_486,VGND,li1,289.1100,64.9880,0.000754
TAP_TAPCELL_ROW_19_485,VGND,li1,263.3500,64.9880,0.000682
TAP_TAPCELL_ROW_19_484,VGND,li1,237.5900,64.9880,0.000508
TAP_TAPCELL_ROW_19_483,VGND,li1,211.8300,64.9880,0.000334
TAP_TAPCELL_ROW_19_482,VGND,li1,186.0700,64.9880,0.000153
TAP_TAPCELL_ROW_19_481,VGND,li1,160.3100,64.9880,0.000109
TAP_TAPCELL_ROW_19_480,VGND,li1,134.5500,64.9880,0.000132
TAP_TAPCELL_ROW_19_479,VGND,li1,108.7900,64.9880,0.000140
TAP_TAPCELL_ROW_19_478,VGND,li1,83.0300,64.9880,0.000129
TAP_TAPCELL_ROW_19_477,VGND,li1,57.2700,64.9880,0.000099
TAP_TAPCELL_ROW_19_476,VGND,li1,31.5100,64.9880,0.000044
TAP_TAPCELL_ROW_18_475,VGND,li1,301.9900,60.1310,0.000366
TAP_TAPCELL_ROW_18_474,VGND,li1,276.2300,60.1310,0.000338
TAP_TAPCELL_ROW_18_473,VGND,li1,250.4700,60.1310,0.000291
TAP_TAPCELL_ROW_18_472,VGND,li1,224.7100,60.1310,0.000212
TAP_TAPCELL_ROW_18_471,VGND,li1,198.9500,60.1310,0.000125
TAP_TAPCELL_ROW_18_470,VGND,li1,173.1900,60.1310,0.000056
TAP_TAPCELL_ROW_18_469,VGND,li1,147.4300,60.1310,0.000085
TAP_TAPCELL_ROW_18_468,VGND,li1,121.6700,60.1310,0.000101
TAP_TAPCELL_ROW_18_467,VGND,li1,95.9100,60.1310,0.000104
TAP_TAPCELL_ROW_18_466,VGND,li1,70.1500,60.1310,0.000088
TAP_TAPCELL_ROW_18_465,VGND,li1,44.3900,60.1310,0.000053
TAP_TAPCELL_ROW_18_464,VGND,li1,18.6300,60.1310,0.000021
TAP_TAPCELL_ROW_17_463,VGND,li1,314.8700,59.5480,0.000373
TAP_TAPCELL_ROW_17_462,VGND,li1,289.1100,59.5480,0.000354
TAP_TAPCELL_ROW_17_461,VGND,li1,263.3500,59.5480,0.000321
TAP_TAPCELL_ROW_17_460,VGND,li1,237.5900,59.5480,0.000255
TAP_TAPCELL_ROW_17_459,VGND,li1,211.8300,59.5480,0.000173
TAP_TAPCELL_ROW_17_458,VGND,li1,186.0700,59.5480,0.000077
TAP_TAPCELL_ROW_17_457,VGND,li1,160.3100,59.5480,0.000071
TAP_TAPCELL_ROW_17_456,VGND,li1,134.5500,59.5480,0.000095
TAP_TAPCELL_ROW_17_455,VGND,li1,108.7900,59.5480,0.000105
TAP_TAPCELL_ROW_17_454,VGND,li1,83.0300,59.5480,0.000098
TAP_TAPCELL_ROW_17_453,VGND,li1,57.2700,59.5480,0.000074
TAP_TAPCELL_ROW_17_452,VGND,li1,31.5100,59.5480,0.000030
TAP_TAPCELL_ROW_16_451,VGND,li1,301.9900,54.6910,0.000714
TAP_TAPCELL_ROW_16_450,VGND,li1,276.2300,54.6910,0.000653
TAP_TAPCELL_ROW_16_449,VGND,li1,250.4700,54.6910,0.000544
TAP_TAPCELL_ROW_16_448,VGND,li1,224.7100,54.6910,0.000395
TAP_TAPCELL_ROW_16_447,VGND,li1,198.9500,54.6910,0.000247
TAP_TAPCELL_ROW_16_446,VGND,li1,173.1900,54.6910,0.000156
TAP_TAPCELL_ROW_16_445,VGND,li1,147.4300,54.6910,0.000317
TAP_TAPCELL_ROW_16_444,VGND,li1,121.6700,54.6910,0.000414
TAP_TAPCELL_ROW_16_443,VGND,li1,95.9100,54.6910,0.000353
TAP_TAPCELL_ROW_16_442,VGND,li1,70.1500,54.6910,0.000266
TAP_TAPCELL_ROW_16_441,VGND,li1,44.3900,54.6910,0.000151
TAP_TAPCELL_ROW_16_440,VGND,li1,18.6300,54.6910,0.000054
TAP_TAPCELL_ROW_15_439,VGND,li1,314.8700,54.1080,0.000731
TAP_TAPCELL_ROW_15_438,VGND,li1,289.1100,54.1080,0.000692
TAP_TAPCELL_ROW_15_437,VGND,li1,263.3500,54.1080,0.000605
TAP_TAPCELL_ROW_15_436,VGND,li1,237.5900,54.1080,0.000475
TAP_TAPCELL_ROW_15_435,VGND,li1,211.8300,54.1080,0.000327
TAP_TAPCELL_ROW_15_434,VGND,li1,186.0700,54.1080,0.000167
TAP_TAPCELL_ROW_15_433,VGND,li1,160.3100,54.1080,0.000233
TAP_TAPCELL_ROW_15_432,VGND,li1,134.5500,54.1080,0.000377
TAP_TAPCELL_ROW_15_431,VGND,li1,108.7900,54.1080,0.000389
TAP_TAPCELL_ROW_15_430,VGND,li1,83.0300,54.1080,0.000309
TAP_TAPCELL_ROW_15_429,VGND,li1,57.2700,54.1080,0.000216
TAP_TAPCELL_ROW_15_428,VGND,li1,31.5100,54.1080,0.000083
TAP_TAPCELL_ROW_14_427,VGND,li1,301.9900,49.2510,0.000511
TAP_TAPCELL_ROW_14_426,VGND,li1,276.2300,49.2510,0.000439
TAP_TAPCELL_ROW_14_425,VGND,li1,250.4700,49.2510,0.000361
TAP_TAPCELL_ROW_14_424,VGND,li1,224.7100,49.2510,0.000255
TAP_TAPCELL_ROW_14_423,VGND,li1,198.9500,49.2510,0.000151
TAP_TAPCELL_ROW_14_422,VGND,li1,173.1900,49.2510,0.000078
TAP_TAPCELL_ROW_14_421,VGND,li1,147.4300,49.2510,0.000126
TAP_TAPCELL_ROW_14_420,VGND,li1,121.6700,49.2510,0.000145
TAP_TAPCELL_ROW_14_419,VGND,li1,95.9100,49.2510,0.000144
TAP_TAPCELL_ROW_14_418,VGND,li1,70.1500,49.2510,0.000126
TAP_TAPCELL_ROW_14_417,VGND,li1,44.3900,49.2510,0.000087
TAP_TAPCELL_ROW_14_416,VGND,li1,18.6300,49.2510,0.000041
TAP_TAPCELL_ROW_13_415,VGND,li1,314.8700,48.6680,0.000524
TAP_TAPCELL_ROW_13_414,VGND,li1,289.1100,48.6680,0.000482
TAP_TAPCELL_ROW_13_413,VGND,li1,263.3500,48.6680,0.000400
TAP_TAPCELL_ROW_13_412,VGND,li1,237.5900,48.6680,0.000313
TAP_TAPCELL_ROW_13_411,VGND,li1,211.8300,48.6680,0.000206
TAP_TAPCELL_ROW_13_410,VGND,li1,186.0700,48.6680,0.000094
TAP_TAPCELL_ROW_13_409,VGND,li1,160.3100,48.6680,0.000105
TAP_TAPCELL_ROW_13_408,VGND,li1,134.5500,48.6680,0.000139
TAP_TAPCELL_ROW_13_407,VGND,li1,108.7900,48.6680,0.000145
TAP_TAPCELL_ROW_13_406,VGND,li1,83.0300,48.6680,0.000136
TAP_TAPCELL_ROW_13_405,VGND,li1,57.2700,48.6680,0.000110
TAP_TAPCELL_ROW_13_404,VGND,li1,31.5100,48.6680,0.000057
TAP_TAPCELL_ROW_12_403,VGND,li1,301.9900,43.8110,0.000964
TAP_TAPCELL_ROW_12_402,VGND,li1,276.2300,43.8110,0.000825
TAP_TAPCELL_ROW_12_401,VGND,li1,250.4700,43.8110,0.000662
TAP_TAPCELL_ROW_12_400,VGND,li1,224.7100,43.8110,0.000481
TAP_TAPCELL_ROW_12_399,VGND,li1,198.9500,43.8110,0.000289
TAP_TAPCELL_ROW_12_398,VGND,li1,173.1900,43.8110,0.000151
TAP_TAPCELL_ROW_12_397,VGND,li1,147.4300,43.8110,0.000259
TAP_TAPCELL_ROW_12_396,VGND,li1,121.6700,43.8110,0.000318
TAP_TAPCELL_ROW_12_395,VGND,li1,95.9100,43.8110,0.000339
TAP_TAPCELL_ROW_12_394,VGND,li1,70.1500,43.8110,0.000308
TAP_TAPCELL_ROW_12_393,VGND,li1,44.3900,43.8110,0.000171
TAP_TAPCELL_ROW_12_392,VGND,li1,18.6300,43.8110,0.000061
TAP_TAPCELL_ROW_11_391,VGND,li1,314.8700,43.2280,0.001012
TAP_TAPCELL_ROW_11_390,VGND,li1,289.1100,43.2280,0.000899
TAP_TAPCELL_ROW_11_389,VGND,li1,263.3500,43.2280,0.000743
TAP_TAPCELL_ROW_11_388,VGND,li1,237.5900,43.2280,0.000582
TAP_TAPCELL_ROW_11_387,VGND,li1,211.8300,43.2280,0.000393
TAP_TAPCELL_ROW_11_386,VGND,li1,186.0700,43.2280,0.000184
TAP_TAPCELL_ROW_11_385,VGND,li1,160.3100,43.2280,0.000210
TAP_TAPCELL_ROW_11_384,VGND,li1,134.5500,43.2280,0.000291
TAP_TAPCELL_ROW_11_383,VGND,li1,108.7900,43.2280,0.000333
TAP_TAPCELL_ROW_11_382,VGND,li1,83.0300,43.2280,0.000337
TAP_TAPCELL_ROW_11_381,VGND,li1,57.2700,43.2280,0.000244
TAP_TAPCELL_ROW_11_380,VGND,li1,31.5100,43.2280,0.000090
TAP_TAPCELL_ROW_10_379,VGND,li1,301.9900,38.3710,0.000326
TAP_TAPCELL_ROW_10_378,VGND,li1,276.2300,38.3710,0.000302
TAP_TAPCELL_ROW_10_377,VGND,li1,250.4700,38.3710,0.000257
TAP_TAPCELL_ROW_10_376,VGND,li1,224.7100,38.3710,0.000200
TAP_TAPCELL_ROW_10_375,VGND,li1,198.9500,38.3710,0.000140
TAP_TAPCELL_ROW_10_374,VGND,li1,173.1900,38.3710,0.000138
TAP_TAPCELL_ROW_10_373,VGND,li1,147.4300,38.3710,0.000254
TAP_TAPCELL_ROW_10_372,VGND,li1,121.6700,38.3710,0.000295
TAP_TAPCELL_ROW_10_371,VGND,li1,95.9100,38.3710,0.000290
TAP_TAPCELL_ROW_10_370,VGND,li1,70.1500,38.3710,0.000252
TAP_TAPCELL_ROW_10_369,VGND,li1,44.3900,38.3710,0.000181
TAP_TAPCELL_ROW_10_368,VGND,li1,18.6300,38.3710,0.000075
TAP_TAPCELL_ROW_9_367,VGND,li1,314.8700,37.7880,0.000328
TAP_TAPCELL_ROW_9_366,VGND,li1,289.1100,37.7880,0.000318
TAP_TAPCELL_ROW_9_365,VGND,li1,263.3500,37.7880,0.000282
TAP_TAPCELL_ROW_9_364,VGND,li1,237.5900,37.7880,0.000230
TAP_TAPCELL_ROW_9_363,VGND,li1,211.8300,37.7880,0.000171
TAP_TAPCELL_ROW_9_362,VGND,li1,186.0700,37.7880,0.000107
TAP_TAPCELL_ROW_9_361,VGND,li1,160.3100,37.7880,0.000213
TAP_TAPCELL_ROW_9_360,VGND,li1,134.5500,37.7880,0.000278
TAP_TAPCELL_ROW_9_359,VGND,li1,108.7900,37.7880,0.000298
TAP_TAPCELL_ROW_9_358,VGND,li1,83.0300,37.7880,0.000280
TAP_TAPCELL_ROW_9_357,VGND,li1,57.2700,37.7880,0.000219
TAP_TAPCELL_ROW_9_356,VGND,li1,31.5100,37.7880,0.000110
TAP_TAPCELL_ROW_8_355,VGND,li1,301.9900,32.9310,0.000151
TAP_TAPCELL_ROW_8_354,VGND,li1,276.2300,32.9310,0.000151
TAP_TAPCELL_ROW_8_353,VGND,li1,250.4700,32.9310,0.000145
TAP_TAPCELL_ROW_8_352,VGND,li1,224.7100,32.9310,0.000128
TAP_TAPCELL_ROW_8_351,VGND,li1,198.9500,32.9310,0.000082
TAP_TAPCELL_ROW_8_350,VGND,li1,173.1900,32.9310,0.000071
TAP_TAPCELL_ROW_8_349,VGND,li1,147.4300,32.9310,0.000139
TAP_TAPCELL_ROW_8_348,VGND,li1,121.6700,32.9310,0.000187
TAP_TAPCELL_ROW_8_347,VGND,li1,95.9100,32.9310,0.000198
TAP_TAPCELL_ROW_8_346,VGND,li1,70.1500,32.9310,0.000180
TAP_TAPCELL_ROW_8_345,VGND,li1,44.3900,32.9310,0.000119
TAP_TAPCELL_ROW_8_344,VGND,li1,18.6300,32.9310,0.000041
TAP_TAPCELL_ROW_7_343,VGND,li1,314.8700,32.3480,0.000151
TAP_TAPCELL_ROW_7_342,VGND,li1,289.1100,32.3480,0.000151
TAP_TAPCELL_ROW_7_341,VGND,li1,263.3500,32.3480,0.000148
TAP_TAPCELL_ROW_7_340,VGND,li1,237.5900,32.3480,0.000138
TAP_TAPCELL_ROW_7_339,VGND,li1,211.8300,32.3480,0.000107
TAP_TAPCELL_ROW_7_338,VGND,li1,186.0700,32.3480,0.000062
TAP_TAPCELL_ROW_7_337,VGND,li1,160.3100,32.3480,0.000108
TAP_TAPCELL_ROW_7_336,VGND,li1,134.5500,32.3480,0.000169
TAP_TAPCELL_ROW_7_335,VGND,li1,108.7900,32.3480,0.000200
TAP_TAPCELL_ROW_7_334,VGND,li1,83.0300,32.3480,0.000191
TAP_TAPCELL_ROW_7_333,VGND,li1,57.2700,32.3480,0.000159
TAP_TAPCELL_ROW_7_332,VGND,li1,31.5100,32.3480,0.000060
TAP_TAPCELL_ROW_6_331,VGND,li1,301.9900,27.4910,0.000188
TAP_TAPCELL_ROW_6_330,VGND,li1,276.2300,27.4910,0.000188
TAP_TAPCELL_ROW_6_329,VGND,li1,250.4700,27.4910,0.000178
TAP_TAPCELL_ROW_6_328,VGND,li1,224.7100,27.4910,0.000148
TAP_TAPCELL_ROW_6_327,VGND,li1,198.9500,27.4910,0.000111
TAP_TAPCELL_ROW_6_326,VGND,li1,173.1900,27.4910,0.000117
TAP_TAPCELL_ROW_6_325,VGND,li1,147.4300,27.4910,0.000264
TAP_TAPCELL_ROW_6_324,VGND,li1,121.6700,27.4910,0.000374
TAP_TAPCELL_ROW_6_323,VGND,li1,95.9100,27.4910,0.000357
TAP_TAPCELL_ROW_6_322,VGND,li1,70.1500,27.4910,0.000283
TAP_TAPCELL_ROW_6_321,VGND,li1,44.3900,27.4910,0.000176
TAP_TAPCELL_ROW_6_320,VGND,li1,18.6300,27.4910,0.000061
TAP_TAPCELL_ROW_5_319,VGND,li1,314.8700,26.9080,0.000188
TAP_TAPCELL_ROW_5_318,VGND,li1,289.1100,26.9080,0.000188
TAP_TAPCELL_ROW_5_317,VGND,li1,263.3500,26.9080,0.000186
TAP_TAPCELL_ROW_5_316,VGND,li1,237.5900,26.9080,0.000167
TAP_TAPCELL_ROW_5_315,VGND,li1,211.8300,26.9080,0.000130
TAP_TAPCELL_ROW_5_314,VGND,li1,186.0700,26.9080,0.000092
TAP_TAPCELL_ROW_5_313,VGND,li1,160.3100,26.9080,0.000194
TAP_TAPCELL_ROW_5_312,VGND,li1,134.5500,26.9080,0.000318
TAP_TAPCELL_ROW_5_311,VGND,li1,108.7900,26.9080,0.000373
TAP_TAPCELL_ROW_5_310,VGND,li1,83.0300,26.9080,0.000321
TAP_TAPCELL_ROW_5_309,VGND,li1,57.2700,26.9080,0.000233
TAP_TAPCELL_ROW_5_308,VGND,li1,31.5100,26.9080,0.000091
TAP_TAPCELL_ROW_4_307,VGND,li1,301.9900,22.0510,0.000564
TAP_TAPCELL_ROW_4_306,VGND,li1,276.2300,22.0510,0.000564
TAP_TAPCELL_ROW_4_305,VGND,li1,250.4700,22.0510,0.000548
TAP_TAPCELL_ROW_4_304,VGND,li1,224.7100,22.0510,0.000437
TAP_TAPCELL_ROW_4_303,VGND,li1,198.9500,22.0510,0.000270
TAP_TAPCELL_ROW_4_302,VGND,li1,173.1900,22.0510,0.000163
TAP_TAPCELL_ROW_4_301,VGND,li1,147.4300,22.0510,0.000271
TAP_TAPCELL_ROW_4_300,VGND,li1,121.6700,22.0510,0.000360
TAP_TAPCELL_ROW_4_299,VGND,li1,95.9100,22.0510,0.000402
TAP_TAPCELL_ROW_4_298,VGND,li1,70.1500,22.0510,0.000356
TAP_TAPCELL_ROW_4_297,VGND,li1,44.3900,22.0510,0.000196
TAP_TAPCELL_ROW_4_296,VGND,li1,18.6300,22.0510,0.000067
TAP_TAPCELL_ROW_3_295,VGND,li1,314.8700,21.4680,0.000564
TAP_TAPCELL_ROW_3_294,VGND,li1,289.1100,21.4680,0.000564
TAP_TAPCELL_ROW_3_293,VGND,li1,263.3500,21.4680,0.000564
TAP_TAPCELL_ROW_3_292,VGND,li1,237.5900,21.4680,0.000513
TAP_TAPCELL_ROW_3_291,VGND,li1,211.8300,21.4680,0.000356
TAP_TAPCELL_ROW_3_290,VGND,li1,186.0700,21.4680,0.000193
TAP_TAPCELL_ROW_3_289,VGND,li1,160.3100,21.4680,0.000224
TAP_TAPCELL_ROW_3_288,VGND,li1,134.5500,21.4680,0.000322
TAP_TAPCELL_ROW_3_287,VGND,li1,108.7900,21.4680,0.000390
TAP_TAPCELL_ROW_3_286,VGND,li1,83.0300,21.4680,0.000389
TAP_TAPCELL_ROW_3_285,VGND,li1,57.2700,21.4680,0.000279
TAP_TAPCELL_ROW_3_284,VGND,li1,31.5100,21.4680,0.000099
TAP_TAPCELL_ROW_2_283,VGND,li1,301.9900,16.6110,0.000532
TAP_TAPCELL_ROW_2_282,VGND,li1,276.2300,16.6110,0.000532
TAP_TAPCELL_ROW_2_281,VGND,li1,250.4700,16.6110,0.000503
TAP_TAPCELL_ROW_2_280,VGND,li1,224.7100,16.6110,0.000394
TAP_TAPCELL_ROW_2_279,VGND,li1,198.9500,16.6110,0.000268
TAP_TAPCELL_ROW_2_278,VGND,li1,173.1900,16.6110,0.000194
TAP_TAPCELL_ROW_2_277,VGND,li1,147.4300,16.6110,0.000368
TAP_TAPCELL_ROW_2_276,VGND,li1,121.6700,16.6110,0.000404
TAP_TAPCELL_ROW_2_275,VGND,li1,95.9100,16.6110,0.000385
TAP_TAPCELL_ROW_2_274,VGND,li1,70.1500,16.6110,0.000301
TAP_TAPCELL_ROW_2_273,VGND,li1,44.3900,16.6110,0.000170
TAP_TAPCELL_ROW_2_272,VGND,li1,18.6300,16.6110,0.000058
TAP_TAPCELL_ROW_1_271,VGND,li1,314.8700,16.0280,0.000532
TAP_TAPCELL_ROW_1_270,VGND,li1,289.1100,16.0280,0.000532
TAP_TAPCELL_ROW_1_269,VGND,li1,263.3500,16.0280,0.000532
TAP_TAPCELL_ROW_1_268,VGND,li1,237.5900,16.0280,0.000454
TAP_TAPCELL_ROW_1_267,VGND,li1,211.8300,16.0280,0.000328
TAP_TAPCELL_ROW_1_266,VGND,li1,186.0700,16.0280,0.000200
TAP_TAPCELL_ROW_1_265,VGND,li1,160.3100,16.0280,0.000296
TAP_TAPCELL_ROW_1_264,VGND,li1,134.5500,16.0280,0.000392
TAP_TAPCELL_ROW_1_263,VGND,li1,108.7900,16.0280,0.000404
TAP_TAPCELL_ROW_1_262,VGND,li1,83.0300,16.0280,0.000351
TAP_TAPCELL_ROW_1_261,VGND,li1,57.2700,16.0280,0.000242
TAP_TAPCELL_ROW_1_260,VGND,li1,31.5100,16.0280,0.000086
TAP_TAPCELL_ROW_0_259,VGND,li1,314.8700,11.1710,0.000019
TAP_TAPCELL_ROW_0_258,VGND,li1,301.9900,11.1710,0.000019
TAP_TAPCELL_ROW_0_257,VGND,li1,289.1100,11.1710,0.000019
TAP_TAPCELL_ROW_0_256,VGND,li1,276.2300,11.1710,0.000019
TAP_TAPCELL_ROW_0_255,VGND,li1,263.3500,11.1710,0.000019
TAP_TAPCELL_ROW_0_254,VGND,li1,250.4700,11.1710,0.000019
TAP_TAPCELL_ROW_0_253,VGND,li1,237.5900,11.1710,0.000019
TAP_TAPCELL_ROW_0_252,VGND,li1,224.7100,11.1710,0.000019
TAP_TAPCELL_ROW_0_251,VGND,li1,211.8300,11.1710,0.000019
TAP_TAPCELL_ROW_0_250,VGND,li1,198.9500,11.1710,0.000019
TAP_TAPCELL_ROW_0_249,VGND,li1,186.0700,11.1710,0.000019
TAP_TAPCELL_ROW_0_248,VGND,li1,173.1900,11.1710,0.000026
TAP_TAPCELL_ROW_0_247,VGND,li1,160.3100,11.1710,0.000046
TAP_TAPCELL_ROW_0_246,VGND,li1,147.4300,11.1710,0.000058
TAP_TAPCELL_ROW_0_245,VGND,li1,134.5500,11.1710,0.000071
TAP_TAPCELL_ROW_0_244,VGND,li1,121.6700,11.1710,0.000082
TAP_TAPCELL_ROW_0_243,VGND,li1,108.7900,11.1710,0.000088
TAP_TAPCELL_ROW_0_242,VGND,li1,95.9100,11.1710,0.000088
TAP_TAPCELL_ROW_0_241,VGND,li1,83.0300,11.1710,0.000083
TAP_TAPCELL_ROW_0_240,VGND,li1,70.1500,11.1710,0.000072
TAP_TAPCELL_ROW_0_239,VGND,li1,57.2700,11.1710,0.000054
TAP_TAPCELL_ROW_0_238,VGND,li1,44.3900,11.1710,0.000037
TAP_TAPCELL_ROW_0_237,VGND,li1,31.5100,11.1710,0.000020
TAP_TAPCELL_ROW_0_236,VGND,li1,18.6300,11.1710,0.000013
PHY_EDGE_ROW_117_Left_235,VGND,li1,6.2100,331.8400,0.000007
PHY_EDGE_ROW_116_Left_234,VGND,li1,6.2100,326.4000,0.000053
PHY_EDGE_ROW_115_Left_233,VGND,li1,6.2100,326.4000,0.000053
PHY_EDGE_ROW_114_Left_232,VGND,li1,6.2100,320.9600,0.000079
PHY_EDGE_ROW_113_Left_231,VGND,li1,6.2100,320.9600,0.000079
PHY_EDGE_ROW_112_Left_230,VGND,li1,6.2100,315.5200,0.000023
PHY_EDGE_ROW_111_Left_229,VGND,li1,6.2100,315.5200,0.000023
PHY_EDGE_ROW_110_Left_228,VGND,li1,6.2100,310.0800,0.000034
PHY_EDGE_ROW_109_Left_227,VGND,li1,6.2100,310.0800,0.000034
PHY_EDGE_ROW_108_Left_226,VGND,li1,6.2100,304.6400,0.000029
PHY_EDGE_ROW_107_Left_225,VGND,li1,6.2100,304.6400,0.000029
PHY_EDGE_ROW_106_Left_224,VGND,li1,6.2100,299.2000,0.000054
PHY_EDGE_ROW_105_Left_223,VGND,li1,6.2100,299.2000,0.000054
PHY_EDGE_ROW_104_Left_222,VGND,li1,6.2100,293.7600,0.000039
PHY_EDGE_ROW_103_Left_221,VGND,li1,6.2100,293.7600,0.000039
PHY_EDGE_ROW_102_Left_220,VGND,li1,6.2100,288.3200,0.000091
PHY_EDGE_ROW_101_Left_219,VGND,li1,6.2100,288.3200,0.000091
PHY_EDGE_ROW_100_Left_218,VGND,li1,6.2100,282.8800,0.000056
PHY_EDGE_ROW_99_Left_217,VGND,li1,6.2100,282.8800,0.000056
PHY_EDGE_ROW_98_Left_216,VGND,li1,6.2100,277.4400,0.000025
PHY_EDGE_ROW_97_Left_215,VGND,li1,6.2100,277.4400,0.000025
PHY_EDGE_ROW_96_Left_214,VGND,li1,6.2100,272.0000,0.000059
PHY_EDGE_ROW_95_Left_213,VGND,li1,6.2100,272.0000,0.000059
PHY_EDGE_ROW_94_Left_212,VGND,li1,6.2100,266.5600,0.000041
PHY_EDGE_ROW_93_Left_211,VGND,li1,6.2100,266.5600,0.000041
PHY_EDGE_ROW_92_Left_210,VGND,li1,6.2100,261.1200,0.000055
PHY_EDGE_ROW_91_Left_209,VGND,li1,6.2100,261.1200,0.000055
PHY_EDGE_ROW_90_Left_208,VGND,li1,6.2100,255.6800,0.000103
PHY_EDGE_ROW_89_Left_207,VGND,li1,6.2100,255.6800,0.000103
PHY_EDGE_ROW_88_Left_206,VGND,li1,6.2100,250.2400,0.000061
PHY_EDGE_ROW_87_Left_205,VGND,li1,6.2100,250.2400,0.000061
PHY_EDGE_ROW_86_Left_204,VGND,li1,6.2100,244.8000,0.000075
PHY_EDGE_ROW_85_Left_203,VGND,li1,6.2100,244.8000,0.000075
PHY_EDGE_ROW_84_Left_202,VGND,li1,6.2100,239.3600,0.000067
PHY_EDGE_ROW_83_Left_201,VGND,li1,6.2100,239.3600,0.000067
PHY_EDGE_ROW_82_Left_200,VGND,li1,6.2100,233.9200,0.000058
PHY_EDGE_ROW_81_Left_199,VGND,li1,6.2100,233.9200,0.000058
PHY_EDGE_ROW_80_Left_198,VGND,li1,6.2100,228.4800,0.000076
PHY_EDGE_ROW_79_Left_197,VGND,li1,6.2100,228.4800,0.000076
PHY_EDGE_ROW_78_Left_196,VGND,li1,6.2100,223.0400,0.000046
PHY_EDGE_ROW_77_Left_195,VGND,li1,6.2100,223.0400,0.000046
PHY_EDGE_ROW_76_Left_194,VGND,li1,6.2100,217.6000,0.000096
PHY_EDGE_ROW_75_Left_193,VGND,li1,6.2100,217.6000,0.000096
PHY_EDGE_ROW_74_Left_192,VGND,li1,6.2100,212.1600,0.000052
PHY_EDGE_ROW_73_Left_191,VGND,li1,6.2100,212.1600,0.000052
PHY_EDGE_ROW_72_Left_190,VGND,li1,6.2100,206.7200,0.000049
PHY_EDGE_ROW_71_Left_189,VGND,li1,6.2100,206.7200,0.000049
PHY_EDGE_ROW_70_Left_188,VGND,li1,6.2100,201.2800,0.000049
PHY_EDGE_ROW_69_Left_187,VGND,li1,6.2100,201.2800,0.000049
PHY_EDGE_ROW_68_Left_186,VGND,li1,6.2100,195.8400,0.000080
PHY_EDGE_ROW_67_Left_185,VGND,li1,6.2100,195.8400,0.000080
PHY_EDGE_ROW_66_Left_184,VGND,li1,6.2100,190.4000,0.000027
PHY_EDGE_ROW_65_Left_183,VGND,li1,6.2100,190.4000,0.000027
PHY_EDGE_ROW_64_Left_182,VGND,li1,6.2100,184.9600,0.000026
PHY_EDGE_ROW_63_Left_181,VGND,li1,6.2100,184.9600,0.000026
PHY_EDGE_ROW_62_Left_180,VGND,li1,6.2100,179.5200,0.000039
PHY_EDGE_ROW_61_Left_179,VGND,li1,6.2100,179.5200,0.000039
PHY_EDGE_ROW_60_Left_178,VGND,li1,6.2100,174.0800,0.000046
PHY_EDGE_ROW_59_Left_177,VGND,li1,6.2100,174.0800,0.000046
PHY_EDGE_ROW_58_Left_176,VGND,li1,6.2100,168.6400,0.000024
PHY_EDGE_ROW_57_Left_175,VGND,li1,6.2100,168.6400,0.000024
PHY_EDGE_ROW_56_Left_174,VGND,li1,6.2100,163.2000,0.000026
PHY_EDGE_ROW_55_Left_173,VGND,li1,6.2100,163.2000,0.000026
PHY_EDGE_ROW_54_Left_172,VGND,li1,6.2100,157.7600,0.000024
PHY_EDGE_ROW_53_Left_171,VGND,li1,6.2100,157.7600,0.000024
PHY_EDGE_ROW_52_Left_170,VGND,li1,6.2100,152.3200,0.000018
PHY_EDGE_ROW_51_Left_169,VGND,li1,6.2100,152.3200,0.000018
PHY_EDGE_ROW_50_Left_168,VGND,li1,6.2100,146.8800,0.000014
PHY_EDGE_ROW_49_Left_167,VGND,li1,6.2100,146.8800,0.000014
PHY_EDGE_ROW_48_Left_166,VGND,li1,6.2100,141.4400,0.000007
PHY_EDGE_ROW_47_Left_165,VGND,li1,6.2100,141.4400,0.000007
PHY_EDGE_ROW_46_Left_164,VGND,li1,6.2100,136.0000,0.000032
PHY_EDGE_ROW_45_Left_163,VGND,li1,6.2100,136.0000,0.000032
PHY_EDGE_ROW_44_Left_162,VGND,li1,6.2100,130.5600,0.000029
PHY_EDGE_ROW_43_Left_161,VGND,li1,6.2100,130.5600,0.000029
PHY_EDGE_ROW_42_Left_160,VGND,li1,6.2100,125.1200,0.000025
PHY_EDGE_ROW_41_Left_159,VGND,li1,6.2100,125.1200,0.000025
PHY_EDGE_ROW_40_Left_158,VGND,li1,6.2100,119.6800,0.000045
PHY_EDGE_ROW_39_Left_157,VGND,li1,6.2100,119.6800,0.000045
PHY_EDGE_ROW_38_Left_156,VGND,li1,6.2100,114.2400,0.000025
PHY_EDGE_ROW_37_Left_155,VGND,li1,6.2100,114.2400,0.000025
PHY_EDGE_ROW_36_Left_154,VGND,li1,6.2100,108.8000,0.000089
PHY_EDGE_ROW_35_Left_153,VGND,li1,6.2100,108.8000,0.000089
PHY_EDGE_ROW_34_Left_152,VGND,li1,6.2100,103.3600,0.000043
PHY_EDGE_ROW_33_Left_151,VGND,li1,6.2100,103.3600,0.000043
PHY_EDGE_ROW_32_Left_150,VGND,li1,6.2100,97.9200,0.000047
PHY_EDGE_ROW_31_Left_149,VGND,li1,6.2100,97.9200,0.000047
PHY_EDGE_ROW_30_Left_148,VGND,li1,6.2100,92.4800,0.000105
PHY_EDGE_ROW_29_Left_147,VGND,li1,6.2100,92.4800,0.000105
PHY_EDGE_ROW_28_Left_146,VGND,li1,6.2100,87.0400,0.000075
PHY_EDGE_ROW_27_Left_145,VGND,li1,6.2100,87.0400,0.000075
PHY_EDGE_ROW_26_Left_144,VGND,li1,6.2100,81.6000,0.000049
PHY_EDGE_ROW_25_Left_143,VGND,li1,6.2100,81.6000,0.000049
PHY_EDGE_ROW_24_Left_142,VGND,li1,6.2100,76.1600,0.000044
PHY_EDGE_ROW_23_Left_141,VGND,li1,6.2100,76.1600,0.000044
PHY_EDGE_ROW_22_Left_140,VGND,li1,6.2100,70.7200,0.000042
PHY_EDGE_ROW_21_Left_139,VGND,li1,6.2100,70.7200,0.000042
PHY_EDGE_ROW_20_Left_138,VGND,li1,6.2100,65.2800,0.000028
PHY_EDGE_ROW_19_Left_137,VGND,li1,6.2100,65.2800,0.000028
PHY_EDGE_ROW_18_Left_136,VGND,li1,6.2100,59.8400,0.000021
PHY_EDGE_ROW_17_Left_135,VGND,li1,6.2100,59.8400,0.000021
PHY_EDGE_ROW_16_Left_134,VGND,li1,6.2100,54.4000,0.000054
PHY_EDGE_ROW_15_Left_133,VGND,li1,6.2100,54.4000,0.000054
PHY_EDGE_ROW_14_Left_132,VGND,li1,6.2100,48.9600,0.000041
PHY_EDGE_ROW_13_Left_131,VGND,li1,6.2100,48.9600,0.000041
PHY_EDGE_ROW_12_Left_130,VGND,li1,6.2100,43.5200,0.000061
PHY_EDGE_ROW_11_Left_129,VGND,li1,6.2100,43.5200,0.000061
PHY_EDGE_ROW_10_Left_128,VGND,li1,6.2100,38.0800,0.000075
PHY_EDGE_ROW_9_Left_127,VGND,li1,6.2100,38.0800,0.000075
PHY_EDGE_ROW_8_Left_126,VGND,li1,6.2100,32.6400,0.000041
PHY_EDGE_ROW_7_Left_125,VGND,li1,6.2100,32.6400,0.000041
PHY_EDGE_ROW_6_Left_124,VGND,li1,6.2100,27.2000,0.000061
PHY_EDGE_ROW_5_Left_123,VGND,li1,6.2100,27.2000,0.000061
PHY_EDGE_ROW_4_Left_122,VGND,li1,6.2100,21.7600,0.000067
PHY_EDGE_ROW_3_Left_121,VGND,li1,6.2100,21.7600,0.000067
PHY_EDGE_ROW_2_Left_120,VGND,li1,6.2100,16.3200,0.000058
PHY_EDGE_ROW_1_Left_119,VGND,li1,6.2100,16.3200,0.000058
PHY_EDGE_ROW_0_Left_118,VGND,li1,6.2100,10.8800,0.000013
PHY_EDGE_ROW_117_Right_117,VGND,li1,328.2100,331.8400,0.000100
PHY_EDGE_ROW_116_Right_116,VGND,li1,328.2100,326.4000,0.000770
PHY_EDGE_ROW_115_Right_115,VGND,li1,328.2100,326.4000,0.000770
PHY_EDGE_ROW_114_Right_114,VGND,li1,328.2100,320.9600,0.000463
PHY_EDGE_ROW_113_Right_113,VGND,li1,328.2100,320.9600,0.000463
PHY_EDGE_ROW_112_Right_112,VGND,li1,328.2100,315.5200,0.000475
PHY_EDGE_ROW_111_Right_111,VGND,li1,328.2100,315.5200,0.000475
PHY_EDGE_ROW_110_Right_110,VGND,li1,328.2100,310.0800,0.000399
PHY_EDGE_ROW_109_Right_109,VGND,li1,328.2100,310.0800,0.000399
PHY_EDGE_ROW_108_Right_108,VGND,li1,328.2100,304.6400,0.000525
PHY_EDGE_ROW_107_Right_107,VGND,li1,328.2100,304.6400,0.000525
PHY_EDGE_ROW_106_Right_106,VGND,li1,328.2100,299.2000,0.000653
PHY_EDGE_ROW_105_Right_105,VGND,li1,328.2100,299.2000,0.000653
PHY_EDGE_ROW_104_Right_104,VGND,li1,328.2100,293.7600,0.001129
PHY_EDGE_ROW_103_Right_103,VGND,li1,328.2100,293.7600,0.001129
PHY_EDGE_ROW_102_Right_102,VGND,li1,328.2100,288.3200,0.000637
PHY_EDGE_ROW_101_Right_101,VGND,li1,328.2100,288.3200,0.000637
PHY_EDGE_ROW_100_Right_100,VGND,li1,328.2100,282.8800,0.000718
PHY_EDGE_ROW_99_Right_99,VGND,li1,328.2100,282.8800,0.000718
PHY_EDGE_ROW_98_Right_98,VGND,li1,328.2100,277.4400,0.000369
PHY_EDGE_ROW_97_Right_97,VGND,li1,328.2100,277.4400,0.000369
PHY_EDGE_ROW_96_Right_96,VGND,li1,328.2100,272.0000,0.000623
PHY_EDGE_ROW_95_Right_95,VGND,li1,328.2100,272.0000,0.000623
PHY_EDGE_ROW_94_Right_94,VGND,li1,328.2100,266.5600,0.001652
PHY_EDGE_ROW_93_Right_93,VGND,li1,328.2100,266.5600,0.001652
PHY_EDGE_ROW_92_Right_92,VGND,li1,328.2100,261.1200,0.000662
PHY_EDGE_ROW_91_Right_91,VGND,li1,328.2100,261.1200,0.000662
PHY_EDGE_ROW_90_Right_90,VGND,li1,328.2100,255.6800,0.000520
PHY_EDGE_ROW_89_Right_89,VGND,li1,328.2100,255.6800,0.000520
PHY_EDGE_ROW_88_Right_88,VGND,li1,328.2100,250.2400,0.000570
PHY_EDGE_ROW_87_Right_87,VGND,li1,328.2100,250.2400,0.000570
PHY_EDGE_ROW_86_Right_86,VGND,li1,328.2100,244.8000,0.000567
PHY_EDGE_ROW_85_Right_85,VGND,li1,328.2100,244.8000,0.000567
PHY_EDGE_ROW_84_Right_84,VGND,li1,328.2100,239.3600,0.000703
PHY_EDGE_ROW_83_Right_83,VGND,li1,328.2100,239.3600,0.000703
PHY_EDGE_ROW_82_Right_82,VGND,li1,328.2100,233.9200,0.000293
PHY_EDGE_ROW_81_Right_81,VGND,li1,328.2100,233.9200,0.000293
PHY_EDGE_ROW_80_Right_80,VGND,li1,328.2100,228.4800,0.000617
PHY_EDGE_ROW_79_Right_79,VGND,li1,328.2100,228.4800,0.000617
PHY_EDGE_ROW_78_Right_78,VGND,li1,328.2100,223.0400,0.000156
PHY_EDGE_ROW_77_Right_77,VGND,li1,328.2100,223.0400,0.000156
PHY_EDGE_ROW_76_Right_76,VGND,li1,328.2100,217.6000,0.000447
PHY_EDGE_ROW_75_Right_75,VGND,li1,328.2100,217.6000,0.000447
PHY_EDGE_ROW_74_Right_74,VGND,li1,328.2100,212.1600,0.000712
PHY_EDGE_ROW_73_Right_73,VGND,li1,328.2100,212.1600,0.000712
PHY_EDGE_ROW_72_Right_72,VGND,li1,328.2100,206.7200,0.000490
PHY_EDGE_ROW_71_Right_71,VGND,li1,328.2100,206.7200,0.000490
PHY_EDGE_ROW_70_Right_70,VGND,li1,328.2100,201.2800,0.000722
PHY_EDGE_ROW_69_Right_69,VGND,li1,328.2100,201.2800,0.000722
PHY_EDGE_ROW_68_Right_68,VGND,li1,328.2100,195.8400,0.000206
PHY_EDGE_ROW_67_Right_67,VGND,li1,328.2100,195.8400,0.000206
PHY_EDGE_ROW_66_Right_66,VGND,li1,328.2100,190.4000,0.000431
PHY_EDGE_ROW_65_Right_65,VGND,li1,328.2100,190.4000,0.000431
PHY_EDGE_ROW_64_Right_64,VGND,li1,328.2100,184.9600,0.000627
PHY_EDGE_ROW_63_Right_63,VGND,li1,328.2100,184.9600,0.000627
PHY_EDGE_ROW_62_Right_62,VGND,li1,328.2100,179.5200,0.000876
PHY_EDGE_ROW_61_Right_61,VGND,li1,328.2100,179.5200,0.000876
PHY_EDGE_ROW_60_Right_60,VGND,li1,328.2100,174.0800,0.000503
PHY_EDGE_ROW_59_Right_59,VGND,li1,328.2100,174.0800,0.000503
PHY_EDGE_ROW_58_Right_58,VGND,li1,328.2100,168.6400,0.000403
PHY_EDGE_ROW_57_Right_57,VGND,li1,328.2100,168.6400,0.000403
PHY_EDGE_ROW_56_Right_56,VGND,li1,328.2100,163.2000,0.000674
PHY_EDGE_ROW_55_Right_55,VGND,li1,328.2100,163.2000,0.000674
PHY_EDGE_ROW_54_Right_54,VGND,li1,328.2100,157.7600,0.000711
PHY_EDGE_ROW_53_Right_53,VGND,li1,328.2100,157.7600,0.000711
PHY_EDGE_ROW_52_Right_52,VGND,li1,328.2100,152.3200,0.000629
PHY_EDGE_ROW_51_Right_51,VGND,li1,328.2100,152.3200,0.000629
PHY_EDGE_ROW_50_Right_50,VGND,li1,328.2100,146.8800,0.000948
PHY_EDGE_ROW_49_Right_49,VGND,li1,328.2100,146.8800,0.000948
PHY_EDGE_ROW_48_Right_48,VGND,li1,328.2100,141.4400,0.000663
PHY_EDGE_ROW_47_Right_47,VGND,li1,328.2100,141.4400,0.000663
PHY_EDGE_ROW_46_Right_46,VGND,li1,328.2100,136.0000,0.000484
PHY_EDGE_ROW_45_Right_45,VGND,li1,328.2100,136.0000,0.000484
PHY_EDGE_ROW_44_Right_44,VGND,li1,328.2100,130.5600,0.000775
PHY_EDGE_ROW_43_Right_43,VGND,li1,328.2100,130.5600,0.000775
PHY_EDGE_ROW_42_Right_42,VGND,li1,328.2100,125.1200,0.000949
PHY_EDGE_ROW_41_Right_41,VGND,li1,328.2100,125.1200,0.000949
PHY_EDGE_ROW_40_Right_40,VGND,li1,328.2100,119.6800,0.000849
PHY_EDGE_ROW_39_Right_39,VGND,li1,328.2100,119.6800,0.000849
PHY_EDGE_ROW_38_Right_38,VGND,li1,328.2100,114.2400,0.000432
PHY_EDGE_ROW_37_Right_37,VGND,li1,328.2100,114.2400,0.000432
PHY_EDGE_ROW_36_Right_36,VGND,li1,328.2100,108.8000,0.001484
PHY_EDGE_ROW_35_Right_35,VGND,li1,328.2100,108.8000,0.001484
PHY_EDGE_ROW_34_Right_34,VGND,li1,328.2100,103.3600,0.001211
PHY_EDGE_ROW_33_Right_33,VGND,li1,328.2100,103.3600,0.001211
PHY_EDGE_ROW_32_Right_32,VGND,li1,328.2100,97.9200,0.000570
PHY_EDGE_ROW_31_Right_31,VGND,li1,328.2100,97.9200,0.000570
PHY_EDGE_ROW_30_Right_30,VGND,li1,328.2100,92.4800,0.000674
PHY_EDGE_ROW_29_Right_29,VGND,li1,328.2100,92.4800,0.000674
PHY_EDGE_ROW_28_Right_28,VGND,li1,328.2100,87.0400,0.000678
PHY_EDGE_ROW_27_Right_27,VGND,li1,328.2100,87.0400,0.000678
PHY_EDGE_ROW_26_Right_26,VGND,li1,328.2100,81.6000,0.001087
PHY_EDGE_ROW_25_Right_25,VGND,li1,328.2100,81.6000,0.001087
PHY_EDGE_ROW_24_Right_24,VGND,li1,328.2100,76.1600,0.001656
PHY_EDGE_ROW_23_Right_23,VGND,li1,328.2100,76.1600,0.001656
PHY_EDGE_ROW_22_Right_22,VGND,li1,328.2100,70.7200,0.000709
PHY_EDGE_ROW_21_Right_21,VGND,li1,328.2100,70.7200,0.000709
PHY_EDGE_ROW_20_Right_20,VGND,li1,328.2100,65.2800,0.000786
PHY_EDGE_ROW_19_Right_19,VGND,li1,328.2100,65.2800,0.000786
PHY_EDGE_ROW_18_Right_18,VGND,li1,328.2100,59.8400,0.000379
PHY_EDGE_ROW_17_Right_17,VGND,li1,328.2100,59.8400,0.000379
PHY_EDGE_ROW_16_Right_16,VGND,li1,328.2100,54.4000,0.000733
PHY_EDGE_ROW_15_Right_15,VGND,li1,328.2100,54.4000,0.000733
PHY_EDGE_ROW_14_Right_14,VGND,li1,328.2100,48.9600,0.000533
PHY_EDGE_ROW_13_Right_13,VGND,li1,328.2100,48.9600,0.000533
PHY_EDGE_ROW_12_Right_12,VGND,li1,328.2100,43.5200,0.001016
PHY_EDGE_ROW_11_Right_11,VGND,li1,328.2100,43.5200,0.001016
PHY_EDGE_ROW_10_Right_10,VGND,li1,328.2100,38.0800,0.000328
PHY_EDGE_ROW_9_Right_9,VGND,li1,328.2100,38.0800,0.000328
PHY_EDGE_ROW_8_Right_8,VGND,li1,328.2100,32.6400,0.000151
PHY_EDGE_ROW_7_Right_7,VGND,li1,328.2100,32.6400,0.000151
PHY_EDGE_ROW_6_Right_6,VGND,li1,328.2100,27.2000,0.000188
PHY_EDGE_ROW_5_Right_5,VGND,li1,328.2100,27.2000,0.000188
PHY_EDGE_ROW_4_Right_4,VGND,li1,328.2100,21.7600,0.000564
PHY_EDGE_ROW_3_Right_3,VGND,li1,328.2100,21.7600,0.000564
PHY_EDGE_ROW_2_Right_2,VGND,li1,328.2100,16.3200,0.000532
PHY_EDGE_ROW_1_Right_1,VGND,li1,328.2100,16.3200,0.000532
PHY_EDGE_ROW_0_Right_0,VGND,li1,328.2100,10.8800,0.000019
_9321_,VGND,li1,126.9600,299.2000,0.000276
_9320_,VGND,li1,125.1200,310.0800,0.000195
_9319_,VGND,li1,114.0800,310.0800,0.000205
_9318_,VGND,li1,99.8200,315.5200,0.000137
_9317_,VGND,li1,90.6200,320.9600,0.000515
_9316_,VGND,li1,86.4800,320.9600,0.000498
_9315_,VGND,li1,67.6200,326.4000,0.000271
_9314_,VGND,li1,76.3600,320.9600,0.000466
_9313_,VGND,li1,12.8800,272.0000,0.000059
_9312_,VGND,li1,15.6400,266.5600,0.000041
_9311_,VGND,li1,58.4200,320.9600,0.000333
_9310_,VGND,li1,14.7200,255.6800,0.000103
_9309_,VGND,li1,18.8600,250.2400,0.000056
_9308_,VGND,li1,19.7800,239.3600,0.000058
_9307_,VGND,li1,21.1600,233.9200,0.000051
_9306_,VGND,li1,24.3800,228.4800,0.000063
_9305_,VGND,li1,25.3000,212.1600,0.000044
_9304_,VGND,li1,22.0800,206.7200,0.000041
_9303_,VGND,li1,14.7200,195.8400,0.000080
_9302_,VGND,li1,23.0000,195.8400,0.000075
_9301_,VGND,li1,14.7200,206.7200,0.000048
_9300_,VGND,li1,14.7200,217.6000,0.000095
_9299_,VGND,li1,25.7600,217.6000,0.000070
_9298_,VGND,li1,103.0400,239.3600,0.000175
_9297_,VGND,li1,103.5000,320.9600,0.000547
_9296_,VGND,li1,105.8000,310.0800,0.000208
_9295_,VGND,li1,117.7600,320.9600,0.000526
_9294_,VGND,li1,152.7200,320.9600,0.000363
_9293_,VGND,li1,126.0400,320.9600,0.000502
_9292_,VGND,li1,138.4600,320.9600,0.000467
_9291_,VGND,li1,152.2600,293.7600,0.000204
_9290_,VGND,li1,143.5200,293.7600,0.000219
_9289_,VGND,li1,125.5800,288.3200,0.000593
_9288_,VGND,li1,117.7600,293.7600,0.000240
_9287_,VGND,li1,113.6200,304.6400,0.000173
_9286_,VGND,li1,92.0000,299.2000,0.000314
_9285_,VGND,li1,83.7200,299.2000,0.000293
_9284_,VGND,li1,76.8200,299.2000,0.000277
_9283_,VGND,li1,66.7000,293.7600,0.000183
_9282_,VGND,li1,64.4000,282.8800,0.000185
_9281_,VGND,li1,19.3200,282.8800,0.000056
_9280_,VGND,li1,20.2400,272.0000,0.000054
_9279_,VGND,li1,27.6000,299.2000,0.000073
_9278_,VGND,li1,23.0000,261.1200,0.000049
_9277_,VGND,li1,25.3000,250.2400,0.000045
_9276_,VGND,li1,27.6000,239.3600,0.000061
_9275_,VGND,li1,30.3600,228.4800,0.000083
_9274_,VGND,li1,35.4200,223.0400,0.000070
_9273_,VGND,li1,35.4200,212.1600,0.000082
_9272_,VGND,li1,30.8200,195.8400,0.000105
_9271_,VGND,li1,28.5200,190.4000,0.000036
_9270_,VGND,li1,34.5000,184.9600,0.000050
_9269_,VGND,li1,53.3600,195.8400,0.000144
_9268_,VGND,li1,86.9400,212.1600,0.000172
_9267_,VGND,li1,89.2400,201.2800,0.000158
_9266_,VGND,li1,94.3000,233.9200,0.000197
_9265_,VGND,li1,94.7600,244.8000,0.000442
_9264_,VGND,li1,104.8800,233.9200,0.000195
_9263_,VGND,li1,111.7800,239.3600,0.000176
_9262_,VGND,li1,146.2800,255.6800,0.000274
_9261_,VGND,li1,129.2600,277.4400,0.000130
_9260_,VGND,li1,131.5600,282.8800,0.000300
_9259_,VGND,li1,148.1200,282.8800,0.000260
_9258_,VGND,li1,138.4600,293.7600,0.000227
_9257_,VGND,li1,146.7400,261.1200,0.000156
_9256_,VGND,li1,152.2600,272.0000,0.000173
_9255_,VGND,li1,164.2200,266.5600,0.000174
_9254_,VGND,li1,154.5600,255.6800,0.000235
_9253_,VGND,li1,131.7900,152.3200,0.000141
_9252_,VGND,li1,128.3400,163.2000,0.000223
_9251_,VGND,li1,133.4000,157.7600,0.000185
_9250_,VGND,li1,143.0600,163.2000,0.000232
_9249_,VGND,li1,156.1700,152.3200,0.000141
_9248_,VGND,li1,153.1800,157.7600,0.000183
_9247_,VGND,li1,141.2200,157.7600,0.000188
_9246_,VGND,li1,154.5600,152.3200,0.000141
_9245_,VGND,li1,301.3000,157.7600,0.000699
_9244_,VGND,li1,310.5000,152.3200,0.000614
_9243_,VGND,li1,318.7800,141.4400,0.000660
_9242_,VGND,li1,314.6400,130.5600,0.000767
_9241_,VGND,li1,310.9600,114.2400,0.000424
_9240_,VGND,li1,315.1000,119.6800,0.000841
_9239_,VGND,li1,318.7800,103.3600,0.001190
_9238_,VGND,li1,318.7800,92.4800,0.000672
_9237_,VGND,li1,310.0400,76.1600,0.001630
_9236_,VGND,li1,318.7800,65.2800,0.000786
_9235_,VGND,li1,318.7800,48.9600,0.000530
_9234_,VGND,li1,318.7800,43.5200,0.001014
_9233_,VGND,li1,314.1800,54.4000,0.000730
_9232_,VGND,li1,318.7800,54.4000,0.000733
_9231_,VGND,li1,315.5600,70.7200,0.000704
_9230_,VGND,li1,310.9600,81.6000,0.001072
_9229_,VGND,li1,235.5200,21.7600,0.000501
_9228_,VGND,li1,230.4600,21.7600,0.000464
_9227_,VGND,li1,243.3400,21.7600,0.000533
_9226_,VGND,li1,306.8200,87.0400,0.000661
_9225_,VGND,li1,318.7800,97.9200,0.000568
_9224_,VGND,li1,314.6400,108.8000,0.001478
_9223_,VGND,li1,318.7800,119.6800,0.000847
_9222_,VGND,li1,318.7800,130.5600,0.000772
_9221_,VGND,li1,318.7800,146.8800,0.000946
_9220_,VGND,li1,270.4800,152.3200,0.000528
_9219_,VGND,li1,275.0800,157.7600,0.000640
_9218_,VGND,li1,267.2600,163.2000,0.000617
_9217_,VGND,li1,259.4400,179.5200,0.000668
_9216_,VGND,li1,310.9600,184.9600,0.000613
_9215_,VGND,li1,312.8000,174.0800,0.000497
_9214_,VGND,li1,283.3600,179.5200,0.000789
_9213_,VGND,li1,293.0200,157.7600,0.000688
_9212_,VGND,li1,298.0800,146.8800,0.000916
_9211_,VGND,li1,307.7400,141.4400,0.000647
_9210_,VGND,li1,304.0600,130.5600,0.000749
_9209_,VGND,li1,298.0800,119.6800,0.000800
_9208_,VGND,li1,305.9000,119.6800,0.000826
_9207_,VGND,li1,305.9000,103.3600,0.001138
_9206_,VGND,li1,305.9000,92.4800,0.000656
_9205_,VGND,li1,298.0800,81.6000,0.001050
_9204_,VGND,li1,307.2800,70.7200,0.000695
_9203_,VGND,li1,305.9000,43.5200,0.000983
_9202_,VGND,li1,296.7000,38.0800,0.000325
_9201_,VGND,li1,272.3200,54.4000,0.000642
_9200_,VGND,li1,263.5800,21.7600,0.000564
_9199_,VGND,li1,254.3800,21.7600,0.000556
_9198_,VGND,li1,246.5600,76.1600,0.001177
_9197_,VGND,li1,224.0200,32.6400,0.000126
_9196_,VGND,li1,218.9600,43.5200,0.000440
_9195_,VGND,li1,231.3800,70.7200,0.000456
_9194_,VGND,li1,254.3800,87.0400,0.000535
_9193_,VGND,li1,250.2400,97.9200,0.000413
_9192_,VGND,li1,246.1000,108.8000,0.001151
_9191_,VGND,li1,246.1000,114.2400,0.000319
_9190_,VGND,li1,241.5000,136.0000,0.000349
_9189_,VGND,li1,236.9000,141.4400,0.000407
_9188_,VGND,li1,233.6800,157.7600,0.000455
_9187_,VGND,li1,258.0600,163.2000,0.000574
_9186_,VGND,li1,250.2400,168.6400,0.000334
_9185_,VGND,li1,248.8600,184.9600,0.000487
_9184_,VGND,li1,241.5000,184.9600,0.000452
_9183_,VGND,li1,265.4200,168.6400,0.000371
_9182_,VGND,li1,268.1800,179.5200,0.000715
_9181_,VGND,li1,275.0800,168.6400,0.000386
_9180_,VGND,li1,281.5200,174.0800,0.000462
_9179_,VGND,li1,293.0200,168.6400,0.000403
_9178_,VGND,li1,281.9800,157.7600,0.000663
_9177_,VGND,li1,198.7200,282.8800,0.000266
_9176_,VGND,li1,180.7800,304.6400,0.000098
_9175_,VGND,li1,202.8600,315.5200,0.000264
_9174_,VGND,li1,205.6200,304.6400,0.000241
_9173_,VGND,li1,194.5800,315.5200,0.000206
_9172_,VGND,li1,174.3400,320.9600,0.000215
_9171_,VGND,li1,215.7400,320.9600,0.000408
_9170_,VGND,li1,238.2800,326.4000,0.000672
_9169_,VGND,li1,310.9600,304.6400,0.000525
_9168_,VGND,li1,315.1000,299.2000,0.000647
_9167_,VGND,li1,318.7800,293.7600,0.001129
_9166_,VGND,li1,318.7800,282.8800,0.000715
_9165_,VGND,li1,251.1600,326.4000,0.000732
_9164_,VGND,li1,314.1800,266.5600,0.001634
_9163_,VGND,li1,318.7800,261.1200,0.000658
_9162_,VGND,li1,316.9400,250.2400,0.000567
_9161_,VGND,li1,310.9600,217.6000,0.000440
_9160_,VGND,li1,305.9000,212.1600,0.000703
_9159_,VGND,li1,308.2000,206.7200,0.000477
_9158_,VGND,li1,315.5600,206.7200,0.000487
_9157_,VGND,li1,308.6600,244.8000,0.000567
_9156_,VGND,li1,313.7200,239.3600,0.000703
_9155_,VGND,li1,216.2000,239.3600,0.000385
_9154_,VGND,li1,207.9200,244.8000,0.000288
_9153_,VGND,li1,199.6400,310.0800,0.000202
_9152_,VGND,li1,195.9600,261.1200,0.000218
_9151_,VGND,li1,190.4400,310.0800,0.000171
_9150_,VGND,li1,187.6800,299.2000,0.000186
_9149_,VGND,li1,185.3800,310.0800,0.000147
_9148_,VGND,li1,178.0200,299.2000,0.000111
_9147_,VGND,li1,170.2000,304.6400,0.000102
_9146_,VGND,li1,172.0400,310.0800,0.000119
_9145_,VGND,li1,197.3400,272.0000,0.000311
_9144_,VGND,li1,189.9800,272.0000,0.000254
_9143_,VGND,li1,205.1600,261.1200,0.000269
_9142_,VGND,li1,205.1600,299.2000,0.000293
_9141_,VGND,li1,195.0400,299.2000,0.000227
_9140_,VGND,li1,195.0400,288.3200,0.000255
_9139_,VGND,li1,212.9800,304.6400,0.000273
_9138_,VGND,li1,241.5000,293.7600,0.000686
_9137_,VGND,li1,298.0800,304.6400,0.000517
_9136_,VGND,li1,306.3600,299.2000,0.000637
_9135_,VGND,li1,309.1200,288.3200,0.000628
_9134_,VGND,li1,309.5800,277.4400,0.000369
_9133_,VGND,li1,246.5600,266.5600,0.001159
_9132_,VGND,li1,305.9000,261.1200,0.000640
_9131_,VGND,li1,309.5800,255.6800,0.000513
_9130_,VGND,li1,299.9200,244.8000,0.000562
_9129_,VGND,li1,293.0200,217.6000,0.000429
_9128_,VGND,li1,285.2000,217.6000,0.000419
_9127_,VGND,li1,281.9800,206.7200,0.000433
_9126_,VGND,li1,280.1400,206.7200,0.000429
_9125_,VGND,li1,247.0200,250.2400,0.000419
_9124_,VGND,li1,241.5000,244.8000,0.000422
_9123_,VGND,li1,211.1400,233.9200,0.000186
_9122_,VGND,li1,206.0800,228.4800,0.000247
_9121_,VGND,li1,195.9600,244.8000,0.000229
_9120_,VGND,li1,189.9800,233.9200,0.000124
_9119_,VGND,li1,182.1600,233.9200,0.000091
_9118_,VGND,li1,189.5200,244.8000,0.000190
_9117_,VGND,li1,189.5200,261.1200,0.000173
_9116_,VGND,li1,179.8600,272.0000,0.000133
_9115_,VGND,li1,166.9800,282.8800,0.000179
_9114_,VGND,li1,170.6600,293.7600,0.000156
_9113_,VGND,li1,181.7000,293.7600,0.000170
_9112_,VGND,li1,189.9800,293.7600,0.000256
_9111_,VGND,li1,189.9800,282.8800,0.000215
_9110_,VGND,li1,178.9400,282.8800,0.000127
_9109_,VGND,li1,128.8000,174.0800,0.000401
_9108_,VGND,li1,132.0200,168.6400,0.000166
_9107_,VGND,li1,139.3800,168.6400,0.000165
_9106_,VGND,li1,142.1400,174.0800,0.000417
_9105_,VGND,li1,135.2400,179.5200,0.000273
_9104_,VGND,li1,142.6000,179.5200,0.000272
_9103_,VGND,li1,151.3400,179.5200,0.000263
_9102_,VGND,li1,149.5000,174.0800,0.000406
_9101_,VGND,li1,166.0600,16.3200,0.000245
_9100_,VGND,li1,162.8400,16.3200,0.000279
_9099_,VGND,li1,169.2800,10.8800,0.000033
_9098_,VGND,li1,125.5800,10.8800,0.000080
_9097_,VGND,li1,115.4600,16.3200,0.000407
_9096_,VGND,li1,111.7800,16.3200,0.000407
_9095_,VGND,li1,104.4200,10.8800,0.000089
_9094_,VGND,li1,97.0600,16.3200,0.000390
_9093_,VGND,li1,89.7000,16.3200,0.000374
_9092_,VGND,li1,79.1200,16.3200,0.000342
_9091_,VGND,li1,81.8800,16.3200,0.000351
_9090_,VGND,li1,74.0600,10.8800,0.000077
_9089_,VGND,li1,61.1800,16.3200,0.000263
_9088_,VGND,li1,89.7000,16.3200,0.000374
_9087_,VGND,li1,71.7600,16.3200,0.000311
_9086_,VGND,li1,10.5800,81.6000,0.000049
_9085_,VGND,li1,10.5800,136.0000,0.000032
_9084_,VGND,li1,10.5800,103.3600,0.000043
_9083_,VGND,li1,87.8600,10.8800,0.000087
_9082_,VGND,li1,10.5800,92.4800,0.000105
_9081_,VGND,li1,100.2800,16.3200,0.000397
_9080_,VGND,li1,104.8800,16.3200,0.000403
_9079_,VGND,li1,124.2000,16.3200,0.000402
_9078_,VGND,li1,134.7800,16.3200,0.000392
_9077_,VGND,li1,138.9200,16.3200,0.000383
_9076_,VGND,li1,148.5800,16.3200,0.000361
_9075_,VGND,li1,156.4000,16.3200,0.000313
_9074_,VGND,li1,173.4200,16.3200,0.000194
_9073_,VGND,li1,177.1000,16.3200,0.000155
_9072_,VGND,li1,189.9800,16.3200,0.000230
_9071_,VGND,li1,184.4600,16.3200,0.000200
_9070_,VGND,li1,180.7800,16.3200,0.000179
_9069_,VGND,li1,130.6400,326.4000,0.000363
_9068_,VGND,li1,132.4800,326.4000,0.000360
_9067_,VGND,li1,111.3200,320.9600,0.000538
_9066_,VGND,li1,97.5200,326.4000,0.000368
_9065_,VGND,li1,92.0000,326.4000,0.000361
_9064_,VGND,li1,90.1600,326.4000,0.000356
_9063_,VGND,li1,75.9000,326.4000,0.000310
_9062_,VGND,li1,80.9600,326.4000,0.000328
_9061_,VGND,li1,10.5800,261.1200,0.000055
_9060_,VGND,li1,10.5800,261.1200,0.000055
_9059_,VGND,li1,66.2400,326.4000,0.000271
_9058_,VGND,li1,10.5800,250.2400,0.000061
_9057_,VGND,li1,11.0400,244.8000,0.000075
_9056_,VGND,li1,10.5800,239.3600,0.000067
_9055_,VGND,li1,10.5800,233.9200,0.000058
_9054_,VGND,li1,10.5800,223.0400,0.000046
_9053_,VGND,li1,10.5800,212.1600,0.000052
_9052_,VGND,li1,10.5800,212.1600,0.000052
_9051_,VGND,li1,10.5800,201.2800,0.000049
_9050_,VGND,li1,11.0400,228.4800,0.000076
_9049_,VGND,li1,15.6400,228.4800,0.000073
_9048_,VGND,li1,12.4200,239.3600,0.000066
_9047_,VGND,li1,11.9600,217.6000,0.000096
_9046_,VGND,li1,115.0000,326.4000,0.000380
_9045_,VGND,li1,106.7200,326.4000,0.000380
_9044_,VGND,li1,104.8800,326.4000,0.000379
_9043_,VGND,li1,116.3800,326.4000,0.000380
_9042_,VGND,li1,160.5400,326.4000,0.000270
_9041_,VGND,li1,125.5800,331.8400,0.000073
_9040_,VGND,li1,139.8400,326.4000,0.000344
_9039_,VGND,li1,153.1800,326.4000,0.000299
_9038_,VGND,li1,150.8800,326.4000,0.000308
_9037_,VGND,li1,318.7800,157.7600,0.000711
_9036_,VGND,li1,321.5400,152.3200,0.000628
_9035_,VGND,li1,323.8400,136.0000,0.000484
_9034_,VGND,li1,323.8400,130.5600,0.000775
_9033_,VGND,li1,323.8400,108.8000,0.001484
_9032_,VGND,li1,323.8400,119.6800,0.000849
_9031_,VGND,li1,323.8400,97.9200,0.000570
_9030_,VGND,li1,323.8400,87.0400,0.000678
_9029_,VGND,li1,321.5400,81.6000,0.001085
_9028_,VGND,li1,323.8400,59.8400,0.000379
_9027_,VGND,li1,323.8400,48.9600,0.000533
_9026_,VGND,li1,323.8400,43.5200,0.001015
_9025_,VGND,li1,323.8400,70.7200,0.000709
_9024_,VGND,li1,323.8400,59.8400,0.000379
_9023_,VGND,li1,323.8400,70.7200,0.000709
_9022_,VGND,li1,323.8400,81.6000,0.001087
_9021_,VGND,li1,248.8600,16.3200,0.000503
_9020_,VGND,li1,241.5000,16.3200,0.000472
_9019_,VGND,li1,256.2200,16.3200,0.000524
_9018_,VGND,li1,319.7000,87.0400,0.000675
_9017_,VGND,li1,323.8400,92.4800,0.000674
_9016_,VGND,li1,323.8400,103.3600,0.001211
_9015_,VGND,li1,323.8400,114.2400,0.000432
_9014_,VGND,li1,323.8400,125.1200,0.000949
_9013_,VGND,li1,323.8400,141.4400,0.000663
_9012_,VGND,li1,323.8400,146.8800,0.000948
_9011_,VGND,li1,323.8400,152.3200,0.000629
_9010_,VGND,li1,323.8400,163.2000,0.000675
_9009_,VGND,li1,321.5400,184.9600,0.000625
_9008_,VGND,li1,323.8400,190.4000,0.000431
_9007_,VGND,li1,323.8400,174.0800,0.000503
_9006_,VGND,li1,323.8400,184.9600,0.000627
_9005_,VGND,li1,210.2200,326.4000,0.000482
_9004_,VGND,li1,191.8200,326.4000,0.000330
_9003_,VGND,li1,207.0000,320.9600,0.000386
_9002_,VGND,li1,204.2400,326.4000,0.000432
_9001_,VGND,li1,194.5800,320.9600,0.000301
_9000_,VGND,li1,177.1000,326.4000,0.000174
_8999_,VGND,li1,224.9400,326.4000,0.000595
_8998_,VGND,li1,245.6400,326.4000,0.000713
_8997_,VGND,li1,323.8400,310.0800,0.000399
_8996_,VGND,li1,323.8400,299.2000,0.000653
_8995_,VGND,li1,323.8400,288.3200,0.000637
_8994_,VGND,li1,323.8400,282.8800,0.000718
_8993_,VGND,li1,254.8400,331.8400,0.000100
_8992_,VGND,li1,323.8400,266.5600,0.001652
_8991_,VGND,li1,323.8400,266.5600,0.001652
_8990_,VGND,li1,323.8400,255.6800,0.000520
_8989_,VGND,li1,323.8400,217.6000,0.000447
_8988_,VGND,li1,323.8400,212.1600,0.000712
_8987_,VGND,li1,322.0000,206.7200,0.000490
_8986_,VGND,li1,323.8400,201.2800,0.000722
_8985_,VGND,li1,323.8400,250.2400,0.000570
_8984_,VGND,li1,323.8400,261.1200,0.000662
_8983_,VGND,li1,228.6200,326.4000,0.000620
_8982_,VGND,li1,217.5800,326.4000,0.000546
_8981_,VGND,li1,215.7400,315.5200,0.000332
_8980_,VGND,li1,217.5800,326.4000,0.000546
_8979_,VGND,li1,202.8600,326.4000,0.000432
_8978_,VGND,li1,195.0400,331.8400,0.000061
_8977_,VGND,li1,189.9800,326.4000,0.000312
_8976_,VGND,li1,184.4600,326.4000,0.000255
_8975_,VGND,li1,168.3600,326.4000,0.000233
_8974_,VGND,li1,177.1000,326.4000,0.000174
_8973_,VGND,li1,178.0200,315.5200,0.000085
_8972_,VGND,li1,171.5800,152.3200,0.000112
_8971_,VGND,li1,177.1000,152.3200,0.000099
_8970_,VGND,li1,163.7600,157.7600,0.000171
_8969_,VGND,li1,164.6800,168.6400,0.000130
_8968_,VGND,li1,163.7600,152.3200,0.000129
_8967_,VGND,li1,169.2800,163.2000,0.000149
_8966_,VGND,li1,176.6400,163.2000,0.000122
_8965_,VGND,li1,178.4800,168.6400,0.000084
_8964_,VGND,li1,186.3000,320.9600,0.000226
_8963_,VGND,li1,159.1600,43.5200,0.000210
_8962_,VGND,li1,155.4800,38.0800,0.000232
_8961_,VGND,li1,155.9400,27.2000,0.000221
_8960_,VGND,li1,126.9600,27.2000,0.000356
_8959_,VGND,li1,116.8400,27.2000,0.000376
_8958_,VGND,li1,112.7000,27.2000,0.000375
_8957_,VGND,li1,100.7400,32.6400,0.000201
_8956_,VGND,li1,92.0000,32.6400,0.000197
_8955_,VGND,li1,87.8600,27.2000,0.000339
_8954_,VGND,li1,74.5200,21.7600,0.000377
_8953_,VGND,li1,67.6200,21.7600,0.000342
_8952_,VGND,li1,51.9800,21.7600,0.000247
_8951_,VGND,li1,51.9800,16.3200,0.000214
_8950_,VGND,li1,81.8800,21.7600,0.000389
_8949_,VGND,li1,61.1800,16.3200,0.000263
_8948_,VGND,li1,13.8000,87.0400,0.000075
_8947_,VGND,li1,14.7200,119.6800,0.000045
_8946_,VGND,li1,10.5800,108.8000,0.000089
_8945_,VGND,li1,86.9400,38.0800,0.000284
_8944_,VGND,li1,13.3400,97.9200,0.000047
_8943_,VGND,li1,95.6800,27.2000,0.000357
_8942_,VGND,li1,103.5000,27.2000,0.000367
_8941_,VGND,li1,121.4400,21.7600,0.000360
_8940_,VGND,li1,127.8800,21.7600,0.000343
_8939_,VGND,li1,135.2400,21.7600,0.000322
_8938_,VGND,li1,143.9800,27.2000,0.000276
_8937_,VGND,li1,153.6400,21.7600,0.000246
_8936_,VGND,li1,166.5200,32.6400,0.000089
_8935_,VGND,li1,171.1200,27.2000,0.000130
_8934_,VGND,li1,179.8600,27.2000,0.000083
_8933_,VGND,li1,177.5600,65.2800,0.000090
_8932_,VGND,li1,176.6400,38.0800,0.000110
_8931_,VGND,li1,152.2600,48.9600,0.000121
_8930_,VGND,li1,148.5800,43.5200,0.000253
_8929_,VGND,li1,140.7600,32.6400,0.000160
_8928_,VGND,li1,128.8000,38.0800,0.000286
_8927_,VGND,li1,118.6800,38.0800,0.000297
_8926_,VGND,li1,108.5600,32.6400,0.000201
_8925_,VGND,li1,98.9000,87.0400,0.000356
_8924_,VGND,li1,85.1000,81.6000,0.000166
_8923_,VGND,li1,78.6600,38.0800,0.000274
_8922_,VGND,li1,65.3200,27.2000,0.000270
_8921_,VGND,li1,61.1800,54.4000,0.000227
_8920_,VGND,li1,39.5600,27.2000,0.000150
_8919_,VGND,li1,22.5400,48.9600,0.000041
_8918_,VGND,li1,16.5600,70.7200,0.000042
_8917_,VGND,li1,17.9400,76.1600,0.000044
_8916_,VGND,li1,22.5400,92.4800,0.000097
_8915_,VGND,li1,22.5400,103.3600,0.000036
_8914_,VGND,li1,23.9200,114.2400,0.000025
_8913_,VGND,li1,73.6000,87.0400,0.000317
_8912_,VGND,li1,63.9400,92.4800,0.000421
_8911_,VGND,li1,81.4200,87.0400,0.000347
_8910_,VGND,li1,90.6200,92.4800,0.000559
_8909_,VGND,li1,105.8000,92.4800,0.000606
_8908_,VGND,li1,117.7600,92.4800,0.000604
_8907_,VGND,li1,130.6400,92.4800,0.000527
_8906_,VGND,li1,139.8400,92.4800,0.000472
_8905_,VGND,li1,148.1200,97.9200,0.000192
_8904_,VGND,li1,155.9400,92.4800,0.000350
_8903_,VGND,li1,164.2200,92.4800,0.000271
_8902_,VGND,li1,172.0400,76.1600,0.000181
_8901_,VGND,li1,178.9400,87.0400,0.000133
_8900_,VGND,li1,170.2000,87.0400,0.000183
_8899_,VGND,li1,157.7800,70.7200,0.000137
_8898_,VGND,li1,166.5200,70.7200,0.000123
_8897_,VGND,li1,161.0000,81.6000,0.000170
_8896_,VGND,li1,153.1800,87.0400,0.000258
_8895_,VGND,li1,178.0200,179.5200,0.000154
_8894_,VGND,li1,169.2800,168.6400,0.000116
_8893_,VGND,li1,161.9200,168.6400,0.000139
_8892_,VGND,li1,161.4600,179.5200,0.000244
_8891_,VGND,li1,164.2200,179.5200,0.000233
_8890_,VGND,li1,169.2800,179.5200,0.000217
_8889_,VGND,li1,178.9400,179.5200,0.000154
_8888_,VGND,li1,178.9400,174.0800,0.000202
_8887_,VGND,li1,126.0400,299.2000,0.000276
_8886_,VGND,li1,123.9700,293.7600,0.000237
_8885_,VGND,li1,123.7400,304.6400,0.000158
_8884_,VGND,li1,120.2900,304.6400,0.000162
_8883_,VGND,li1,111.7800,310.0800,0.000206
_8882_,VGND,li1,116.6100,310.0800,0.000203
_8881_,VGND,li1,93.8400,315.5200,0.000137
_8880_,VGND,li1,95.4500,315.5200,0.000137
_8879_,VGND,li1,89.2400,315.5200,0.000137
_8878_,VGND,li1,86.7100,315.5200,0.000138
_8877_,VGND,li1,85.1000,320.9600,0.000498
_8876_,VGND,li1,81.6500,320.9600,0.000481
_8875_,VGND,li1,68.0800,320.9600,0.000410
_8874_,VGND,li1,67.8500,320.9600,0.000410
_8873_,VGND,li1,78.6600,320.9600,0.000475
_8872_,VGND,li1,70.6100,320.9600,0.000427
_8871_,VGND,li1,14.7200,272.0000,0.000057
_8870_,VGND,li1,16.3300,277.4400,0.000025
_8869_,VGND,li1,16.1000,266.5600,0.000041
_8868_,VGND,li1,20.0100,266.5600,0.000039
_8867_,VGND,li1,52.9000,320.9600,0.000298
_8866_,VGND,li1,54.9700,320.9600,0.000315
_8865_,VGND,li1,15.1800,255.6800,0.000103
_8864_,VGND,li1,20.0100,255.6800,0.000101
_8863_,VGND,li1,20.7000,244.8000,0.000068
_8862_,VGND,li1,25.0700,250.2400,0.000045
_8861_,VGND,li1,20.7000,244.8000,0.000068
_8860_,VGND,li1,23.6900,244.8000,0.000066
_8859_,VGND,li1,21.1600,228.4800,0.000067
_8858_,VGND,li1,25.5300,233.9200,0.000046
_8857_,VGND,li1,24.8400,223.0400,0.000037
_8856_,VGND,li1,29.2100,223.0400,0.000051
_8855_,VGND,li1,28.9800,206.7200,0.000041
_8854_,VGND,li1,27.8300,206.7200,0.000041
_8853_,VGND,li1,22.0800,201.2800,0.000039
_8852_,VGND,li1,24.6100,201.2800,0.000037
_8851_,VGND,li1,15.1800,195.8400,0.000080
_8850_,VGND,li1,17.7100,195.8400,0.000078
_8849_,VGND,li1,22.5400,195.8400,0.000075
_8848_,VGND,li1,22.7700,190.4000,0.000027
_8847_,VGND,li1,15.6400,206.7200,0.000045
_8846_,VGND,li1,16.3300,212.1600,0.000049
_8845_,VGND,li1,16.5600,223.0400,0.000042
_8844_,VGND,li1,16.7900,217.6000,0.000092
_8843_,VGND,li1,26.6800,217.6000,0.000070
_8842_,VGND,li1,91.7700,217.6000,0.000134
_8841_,VGND,li1,101.2000,233.9200,0.000196
_8840_,VGND,li1,97.7500,233.9200,0.000197
_8839_,VGND,li1,100.7400,320.9600,0.000540
_8838_,VGND,li1,103.7300,250.2400,0.000121
_8837_,VGND,li1,105.3400,310.0800,0.000208
_8836_,VGND,li1,106.0300,250.2400,0.000122
_8835_,VGND,li1,116.3800,315.5200,0.000126
_8834_,VGND,li1,115.6900,315.5200,0.000126
_8833_,VGND,li1,149.9600,320.9600,0.000392
_8832_,VGND,li1,147.4300,320.9600,0.000406
_8831_,VGND,li1,125.1200,315.5200,0.000120
_8830_,VGND,li1,127.6500,315.5200,0.000118
_8829_,VGND,li1,136.1600,315.5200,0.000113
_8828_,VGND,li1,135.4700,315.5200,0.000113
_8827_,VGND,li1,150.4200,288.3200,0.000428
_8826_,VGND,li1,150.1900,288.3200,0.000428
_8825_,VGND,li1,143.9800,293.7600,0.000219
_8824_,VGND,li1,146.5100,293.7600,0.000214
_8823_,VGND,li1,119.8300,288.3200,0.000581
_8822_,VGND,li1,118.2200,288.3200,0.000577
_8821_,VGND,li1,113.3900,288.3200,0.000569
_8820_,VGND,li1,108.7900,282.8800,0.000278
_8819_,VGND,li1,105.1100,272.0000,0.000195
_8818_,VGND,li1,101.8900,272.0000,0.000195
_8817_,VGND,li1,105.1100,261.1200,0.000175
_8816_,VGND,li1,101.8900,277.4400,0.000131
_8815_,VGND,li1,114.3100,282.8800,0.000284
_8814_,VGND,li1,112.0100,277.4400,0.000131
_8813_,VGND,li1,123.5100,282.8800,0.000294
_8812_,VGND,li1,116.8400,282.8800,0.000287
_8811_,VGND,li1,119.1400,282.8800,0.000290
_8810_,VGND,li1,99.3600,266.5600,0.000164
_8809_,VGND,li1,106.9500,288.3200,0.000555
_8808_,VGND,li1,116.1500,299.2000,0.000307
_8807_,VGND,li1,120.0600,293.7600,0.000239
_8806_,VGND,li1,110.1700,293.7600,0.000237
_8805_,VGND,li1,109.7100,288.3200,0.000560
_8804_,VGND,li1,106.9500,288.3200,0.000555
_8803_,VGND,li1,109.7100,288.3200,0.000560
_8802_,VGND,li1,106.4900,282.8800,0.000274
_8801_,VGND,li1,103.7300,282.8800,0.000269
_8800_,VGND,li1,100.0500,277.4400,0.000131
_8799_,VGND,li1,100.9700,266.5600,0.000164
_8798_,VGND,li1,93.8400,266.5600,0.000159
_8797_,VGND,li1,100.7400,266.5600,0.000164
_8796_,VGND,li1,97.7500,261.1200,0.000172
_8795_,VGND,li1,102.3500,261.1200,0.000174
_8794_,VGND,li1,105.1100,261.1200,0.000175
_8793_,VGND,li1,107.1800,261.1200,0.000175
_8792_,VGND,li1,108.7900,261.1200,0.000175
_8791_,VGND,li1,107.8700,272.0000,0.000195
_8790_,VGND,li1,115.6900,272.0000,0.000194
_8789_,VGND,li1,113.1600,272.0000,0.000194
_8788_,VGND,li1,119.3700,277.4400,0.000131
_8787_,VGND,li1,118.4500,282.8800,0.000290
_8786_,VGND,li1,105.5700,299.2000,0.000328
_8785_,VGND,li1,112.0100,304.6400,0.000173
_8784_,VGND,li1,114.5400,299.2000,0.000307
_8783_,VGND,li1,102.3500,310.0800,0.000207
_8782_,VGND,li1,109.0200,304.6400,0.000174
_8781_,VGND,li1,105.1100,304.6400,0.000176
_8780_,VGND,li1,109.7100,299.2000,0.000318
_8779_,VGND,li1,107.8700,299.2000,0.000323
_8778_,VGND,li1,102.8100,299.2000,0.000326
_8777_,VGND,li1,100.0500,288.3200,0.000537
_8776_,VGND,li1,103.0400,288.3200,0.000544
_8775_,VGND,li1,94.7600,288.3200,0.000518
_8774_,VGND,li1,99.1300,288.3200,0.000532
_8773_,VGND,li1,100.5100,282.8800,0.000260
_8772_,VGND,li1,97.7500,277.4400,0.000130
_8771_,VGND,li1,98.4400,277.4400,0.000131
_8770_,VGND,li1,96.1400,277.4400,0.000128
_8769_,VGND,li1,94.0700,272.0000,0.000191
_8768_,VGND,li1,94.9900,266.5600,0.000161
_8767_,VGND,li1,94.5300,261.1200,0.000169
_8766_,VGND,li1,96.1400,261.1200,0.000171
_8765_,VGND,li1,93.8400,261.1200,0.000169
_8764_,VGND,li1,103.2700,255.6800,0.000265
_8763_,VGND,li1,108.3300,255.6800,0.000267
_8762_,VGND,li1,105.1100,255.6800,0.000266
_8761_,VGND,li1,102.8100,255.6800,0.000265
_8760_,VGND,li1,101.4300,255.6800,0.000263
_8759_,VGND,li1,100.0500,250.2400,0.000121
_8758_,VGND,li1,111.5500,272.0000,0.000195
_8757_,VGND,li1,113.1600,272.0000,0.000194
_8756_,VGND,li1,110.8600,272.0000,0.000195
_8755_,VGND,li1,115.2300,277.4400,0.000131
_8754_,VGND,li1,109.2500,272.0000,0.000195
_8753_,VGND,li1,91.7700,299.2000,0.000314
_8752_,VGND,li1,99.8200,299.2000,0.000324
_8751_,VGND,li1,97.2900,310.0800,0.000204
_8750_,VGND,li1,100.0500,310.0800,0.000206
_8749_,VGND,li1,92.6900,310.0800,0.000198
_8748_,VGND,li1,100.9700,304.6400,0.000175
_8747_,VGND,li1,97.7500,304.6400,0.000174
_8746_,VGND,li1,100.5100,304.6400,0.000175
_8745_,VGND,li1,97.2900,299.2000,0.000319
_8744_,VGND,li1,100.2800,299.2000,0.000324
_8743_,VGND,li1,92.4600,293.7600,0.000223
_8742_,VGND,li1,94.9900,293.7600,0.000225
_8741_,VGND,li1,93.6100,288.3200,0.000518
_8740_,VGND,li1,94.7600,282.8800,0.000253
_8739_,VGND,li1,92.4600,282.8800,0.000248
_8738_,VGND,li1,90.8500,277.4400,0.000126
_8737_,VGND,li1,93.6100,277.4400,0.000127
_8736_,VGND,li1,89.4700,272.0000,0.000187
_8735_,VGND,li1,92.2300,272.0000,0.000190
_8734_,VGND,li1,87.8600,272.0000,0.000187
_8733_,VGND,li1,90.8500,261.1200,0.000167
_8732_,VGND,li1,92.6900,255.6800,0.000257
_8731_,VGND,li1,90.8500,255.6800,0.000254
_8730_,VGND,li1,87.1700,255.6800,0.000252
_8729_,VGND,li1,89.9300,255.6800,0.000254
_8728_,VGND,li1,88.5500,255.6800,0.000252
_8727_,VGND,li1,90.8500,250.2400,0.000119
_8726_,VGND,li1,94.3000,250.2400,0.000119
_8725_,VGND,li1,94.7600,255.6800,0.000258
_8724_,VGND,li1,92.2300,250.2400,0.000119
_8723_,VGND,li1,98.6700,250.2400,0.000120
_8722_,VGND,li1,80.9600,310.0800,0.000184
_8721_,VGND,li1,78.2000,310.0800,0.000179
_8720_,VGND,li1,71.7600,310.0800,0.000170
_8719_,VGND,li1,76.3600,304.6400,0.000152
_8718_,VGND,li1,75.2100,310.0800,0.000175
_8717_,VGND,li1,83.4900,315.5200,0.000137
_8716_,VGND,li1,82.1100,299.2000,0.000293
_8715_,VGND,li1,86.9400,304.6400,0.000166
_8714_,VGND,li1,86.2500,315.5200,0.000138
_8713_,VGND,li1,81.1900,315.5200,0.000136
_8712_,VGND,li1,79.3500,315.5200,0.000135
_8711_,VGND,li1,76.5900,310.0800,0.000179
_8710_,VGND,li1,86.7100,310.0800,0.000192
_8709_,VGND,li1,90.6200,304.6400,0.000170
_8708_,VGND,li1,87.6300,304.6400,0.000168
_8707_,VGND,li1,87.1700,293.7600,0.000218
_8706_,VGND,li1,90.1600,293.7600,0.000221
_8705_,VGND,li1,88.0900,288.3200,0.000500
_8704_,VGND,li1,90.3900,282.8800,0.000242
_8703_,VGND,li1,86.7100,282.8800,0.000237
_8702_,VGND,li1,89.0100,282.8800,0.000242
_8701_,VGND,li1,90.3900,272.0000,0.000189
_8700_,VGND,li1,86.2500,266.5600,0.000155
_8699_,VGND,li1,88.0900,266.5600,0.000156
_8698_,VGND,li1,83.4900,266.5600,0.000152
_8697_,VGND,li1,83.9500,255.6800,0.000249
_8696_,VGND,li1,84.6400,261.1200,0.000161
_8695_,VGND,li1,81.8800,261.1200,0.000159
_8694_,VGND,li1,89.0100,261.1200,0.000166
_8693_,VGND,li1,87.1700,261.1200,0.000164
_8692_,VGND,li1,84.8700,272.0000,0.000184
_8691_,VGND,li1,82.8000,277.4400,0.000119
_8690_,VGND,li1,84.6400,293.7600,0.000214
_8689_,VGND,li1,59.3400,299.2000,0.000212
_8688_,VGND,li1,72.4500,299.2000,0.000261
_8687_,VGND,li1,79.5800,293.7600,0.000206
_8686_,VGND,li1,76.1300,315.5200,0.000133
_8685_,VGND,li1,70.1500,315.5200,0.000124
_8684_,VGND,li1,72.9100,315.5200,0.000128
_8683_,VGND,li1,66.0100,315.5200,0.000117
_8682_,VGND,li1,68.7700,310.0800,0.000164
_8681_,VGND,li1,60.0300,315.5200,0.000101
_8680_,VGND,li1,60.7200,310.0800,0.000144
_8679_,VGND,li1,49.6800,310.0800,0.000113
_8678_,VGND,li1,57.2700,310.0800,0.000138
_8677_,VGND,li1,60.9500,299.2000,0.000212
_8676_,VGND,li1,62.1000,293.7600,0.000168
_8675_,VGND,li1,59.8000,293.7600,0.000162
_8674_,VGND,li1,61.4100,293.7600,0.000168
_8673_,VGND,li1,81.6500,288.3200,0.000474
_8672_,VGND,li1,80.2700,293.7600,0.000209
_8671_,VGND,li1,75.4400,288.3200,0.000449
_8670_,VGND,li1,84.8700,288.3200,0.000489
_8669_,VGND,li1,81.6500,282.8800,0.000225
_8668_,VGND,li1,80.2700,277.4400,0.000117
_8667_,VGND,li1,76.5900,282.8800,0.000215
_8666_,VGND,li1,78.4300,272.0000,0.000178
_8665_,VGND,li1,79.8100,272.0000,0.000178
_8664_,VGND,li1,78.8900,277.4400,0.000116
_8663_,VGND,li1,81.1900,272.0000,0.000181
_8662_,VGND,li1,66.9300,293.7600,0.000183
_8661_,VGND,li1,74.0600,293.7600,0.000197
_8660_,VGND,li1,77.5100,310.0800,0.000179
_8659_,VGND,li1,72.2200,310.0800,0.000170
_8658_,VGND,li1,69.0000,310.0800,0.000164
_8657_,VGND,li1,62.7900,310.0800,0.000151
_8656_,VGND,li1,65.0900,310.0800,0.000156
_8655_,VGND,li1,53.1300,310.0800,0.000126
_8654_,VGND,li1,54.2800,315.5200,0.000092
_8653_,VGND,li1,51.9800,304.6400,0.000104
_8652_,VGND,li1,49.9100,310.0800,0.000113
_8651_,VGND,li1,47.6100,310.0800,0.000106
_8650_,VGND,li1,48.7600,304.6400,0.000096
_8649_,VGND,li1,46.4600,304.6400,0.000090
_8648_,VGND,li1,47.1500,293.7600,0.000121
_8647_,VGND,li1,57.2700,293.7600,0.000155
_8646_,VGND,li1,53.1300,293.7600,0.000141
_8645_,VGND,li1,58.8800,288.3200,0.000361
_8644_,VGND,li1,39.5600,293.7600,0.000090
_8643_,VGND,li1,55.8900,288.3200,0.000339
_8642_,VGND,li1,77.0500,288.3200,0.000460
_8641_,VGND,li1,80.9600,288.3200,0.000474
_8640_,VGND,li1,77.7400,288.3200,0.000460
_8639_,VGND,li1,74.5200,277.4400,0.000112
_8638_,VGND,li1,78.8900,282.8800,0.000220
_8637_,VGND,li1,74.7500,282.8800,0.000211
_8636_,VGND,li1,72.9100,282.8800,0.000204
_8635_,VGND,li1,63.2500,282.8800,0.000185
_8634_,VGND,li1,72.2200,288.3200,0.000441
_8633_,VGND,li1,70.6100,304.6400,0.000145
_8632_,VGND,li1,75.4400,304.6400,0.000152
_8631_,VGND,li1,73.1400,304.6400,0.000149
_8630_,VGND,li1,68.7700,304.6400,0.000141
_8629_,VGND,li1,66.0100,299.2000,0.000236
_8628_,VGND,li1,66.4700,304.6400,0.000137
_8627_,VGND,li1,60.4900,304.6400,0.000124
_8626_,VGND,li1,63.4800,304.6400,0.000130
_8625_,VGND,li1,59.5700,282.8800,0.000172
_8624_,VGND,li1,54.0500,304.6400,0.000110
_8623_,VGND,li1,49.4500,304.6400,0.000096
_8622_,VGND,li1,50.6000,299.2000,0.000177
_8621_,VGND,li1,48.7600,288.3200,0.000272
_8620_,VGND,li1,46.6900,299.2000,0.000160
_8619_,VGND,li1,48.9900,299.2000,0.000169
_8618_,VGND,li1,41.1700,299.2000,0.000137
_8617_,VGND,li1,43.9300,299.2000,0.000149
_8616_,VGND,li1,44.8500,288.3200,0.000252
_8615_,VGND,li1,38.4100,293.7600,0.000090
_8614_,VGND,li1,41.1700,293.7600,0.000100
_8613_,VGND,li1,40.9400,288.3200,0.000218
_8612_,VGND,li1,36.8000,293.7600,0.000083
_8611_,VGND,li1,46.4600,288.3200,0.000252
_8610_,VGND,li1,51.2900,288.3200,0.000303
_8609_,VGND,li1,71.3000,288.3200,0.000431
_8608_,VGND,li1,69.2300,282.8800,0.000199
_8607_,VGND,li1,71.5300,282.8800,0.000204
_8606_,VGND,li1,72.2200,272.0000,0.000170
_8605_,VGND,li1,78.8900,255.6800,0.000243
_8604_,VGND,li1,63.2500,272.0000,0.000153
_8603_,VGND,li1,66.9300,266.5600,0.000132
_8602_,VGND,li1,66.2400,261.1200,0.000142
_8601_,VGND,li1,89.9300,239.3600,0.000166
_8600_,VGND,li1,86.2500,239.3600,0.000164
_8599_,VGND,li1,72.4500,261.1200,0.000149
_8598_,VGND,li1,14.9500,282.8800,0.000056
_8597_,VGND,li1,26.6800,282.8800,0.000050
_8596_,VGND,li1,66.9300,272.0000,0.000160
_8595_,VGND,li1,68.3100,277.4400,0.000105
_8594_,VGND,li1,67.8500,272.0000,0.000164
_8593_,VGND,li1,64.1700,277.4400,0.000098
_8592_,VGND,li1,66.2400,277.4400,0.000103
_8591_,VGND,li1,58.8800,277.4400,0.000092
_8590_,VGND,li1,58.8800,282.8800,0.000172
_8589_,VGND,li1,55.2000,277.4400,0.000088
_8588_,VGND,li1,57.0400,282.8800,0.000165
_8587_,VGND,li1,54.7400,282.8800,0.000159
_8586_,VGND,li1,50.1400,282.8800,0.000143
_8585_,VGND,li1,52.4400,282.8800,0.000151
_8584_,VGND,li1,47.8400,277.4400,0.000075
_8583_,VGND,li1,45.5400,282.8800,0.000127
_8582_,VGND,li1,47.6100,282.8800,0.000135
_8581_,VGND,li1,41.4000,282.8800,0.000107
_8580_,VGND,li1,43.0100,288.3200,0.000238
_8579_,VGND,li1,42.7800,277.4400,0.000065
_8578_,VGND,li1,40.4800,288.3200,0.000218
_8577_,VGND,li1,38.1800,288.3200,0.000188
_8576_,VGND,li1,29.2100,288.3200,0.000125
_8575_,VGND,li1,34.0400,288.3200,0.000166
_8574_,VGND,li1,23.0000,282.8800,0.000052
_8573_,VGND,li1,28.2900,282.8800,0.000058
_8572_,VGND,li1,32.6600,293.7600,0.000064
_8571_,VGND,li1,26.4500,288.3200,0.000090
_8570_,VGND,li1,20.2400,288.3200,0.000091
_8569_,VGND,li1,20.4700,272.0000,0.000054
_8568_,VGND,li1,27.6000,272.0000,0.000055
_8567_,VGND,li1,71.0700,272.0000,0.000168
_8566_,VGND,li1,71.5300,266.5600,0.000140
_8565_,VGND,li1,74.2900,266.5600,0.000143
_8564_,VGND,li1,61.8700,266.5600,0.000125
_8563_,VGND,li1,62.7900,272.0000,0.000148
_8562_,VGND,li1,61.4100,277.4400,0.000095
_8561_,VGND,li1,61.1800,272.0000,0.000148
_8560_,VGND,li1,59.1100,272.0000,0.000143
_8559_,VGND,li1,52.4400,266.5600,0.000107
_8558_,VGND,li1,58.4200,277.4400,0.000092
_8557_,VGND,li1,55.8900,272.0000,0.000134
_8556_,VGND,li1,52.2100,277.4400,0.000083
_8555_,VGND,li1,50.3700,272.0000,0.000120
_8554_,VGND,li1,46.9200,266.5600,0.000095
_8553_,VGND,li1,45.5400,277.4400,0.000071
_8552_,VGND,li1,48.5300,277.4400,0.000075
_8551_,VGND,li1,40.7100,272.0000,0.000093
_8550_,VGND,li1,43.4700,272.0000,0.000101
_8549_,VGND,li1,39.5600,266.5600,0.000076
_8548_,VGND,li1,40.0200,277.4400,0.000058
_8547_,VGND,li1,39.3300,277.4400,0.000058
_8546_,VGND,li1,31.0500,282.8800,0.000073
_8545_,VGND,li1,33.1200,272.0000,0.000071
_8544_,VGND,li1,36.8000,277.4400,0.000052
_8543_,VGND,li1,23.9200,277.4400,0.000025
_8542_,VGND,li1,28.2900,277.4400,0.000029
_8541_,VGND,li1,33.5800,282.8800,0.000084
_8540_,VGND,li1,26.9100,277.4400,0.000029
_8539_,VGND,li1,23.9200,277.4400,0.000025
_8538_,VGND,li1,28.2900,293.7600,0.000047
_8537_,VGND,li1,35.4200,299.2000,0.000112
_8536_,VGND,li1,73.6000,266.5600,0.000143
_8535_,VGND,li1,80.0400,261.1200,0.000156
_8534_,VGND,li1,76.5900,261.1200,0.000152
_8533_,VGND,li1,66.9300,261.1200,0.000142
_8532_,VGND,li1,64.6300,266.5600,0.000128
_8531_,VGND,li1,60.4900,261.1200,0.000132
_8530_,VGND,li1,59.1100,266.5600,0.000120
_8529_,VGND,li1,57.7300,255.6800,0.000200
_8528_,VGND,li1,54.0500,266.5600,0.000107
_8527_,VGND,li1,52.9000,261.1200,0.000117
_8526_,VGND,li1,48.7600,261.1200,0.000105
_8525_,VGND,li1,50.3700,261.1200,0.000112
_8524_,VGND,li1,47.8400,261.1200,0.000105
_8523_,VGND,li1,43.2400,261.1200,0.000095
_8522_,VGND,li1,47.6100,266.5600,0.000095
_8521_,VGND,li1,40.7100,261.1200,0.000089
_8520_,VGND,li1,45.7700,261.1200,0.000100
_8519_,VGND,li1,37.2600,261.1200,0.000080
_8518_,VGND,li1,37.7200,272.0000,0.000081
_8517_,VGND,li1,41.1700,266.5600,0.000076
_8516_,VGND,li1,27.8300,266.5600,0.000041
_8515_,VGND,li1,33.1200,261.1200,0.000068
_8514_,VGND,li1,31.2800,266.5600,0.000049
_8513_,VGND,li1,30.3600,277.4400,0.000035
_8512_,VGND,li1,33.8100,272.0000,0.000071
_8511_,VGND,li1,29.9000,272.0000,0.000062
_8510_,VGND,li1,34.7300,277.4400,0.000048
_8509_,VGND,li1,26.4500,272.0000,0.000047
_8508_,VGND,li1,21.3900,261.1200,0.000050
_8507_,VGND,li1,26.2200,261.1200,0.000045
_8506_,VGND,li1,75.4400,255.6800,0.000238
_8505_,VGND,li1,83.9500,255.6800,0.000249
_8504_,VGND,li1,74.0600,255.6800,0.000238
_8503_,VGND,li1,90.6200,233.9200,0.000195
_8502_,VGND,li1,84.1800,239.3600,0.000162
_8501_,VGND,li1,77.0500,244.8000,0.000365
_8500_,VGND,li1,71.3000,244.8000,0.000328
_8499_,VGND,li1,74.7500,233.9200,0.000180
_8498_,VGND,li1,83.9500,244.8000,0.000391
_8497_,VGND,li1,68.7700,255.6800,0.000228
_8496_,VGND,li1,71.0700,250.2400,0.000105
_8495_,VGND,li1,63.2500,255.6800,0.000215
_8494_,VGND,li1,63.9400,250.2400,0.000101
_8493_,VGND,li1,56.1200,250.2400,0.000092
_8492_,VGND,li1,59.1100,255.6800,0.000200
_8491_,VGND,li1,53.5900,255.6800,0.000188
_8490_,VGND,li1,55.2000,255.6800,0.000188
_8489_,VGND,li1,53.5900,250.2400,0.000089
_8488_,VGND,li1,49.9100,255.6800,0.000177
_8487_,VGND,li1,48.3000,255.6800,0.000171
_8486_,VGND,li1,42.7800,255.6800,0.000152
_8485_,VGND,li1,44.8500,255.6800,0.000159
_8484_,VGND,li1,42.3200,250.2400,0.000075
_8483_,VGND,li1,40.0200,255.6800,0.000142
_8482_,VGND,li1,46.2300,255.6800,0.000159
_8481_,VGND,li1,33.3500,255.6800,0.000115
_8480_,VGND,li1,35.4200,255.6800,0.000125
_8479_,VGND,li1,36.8000,255.6800,0.000125
_8478_,VGND,li1,35.4200,261.1200,0.000074
_8477_,VGND,li1,33.8100,261.1200,0.000068
_8476_,VGND,li1,28.0600,266.5600,0.000041
_8475_,VGND,li1,29.9000,266.5600,0.000049
_8474_,VGND,li1,28.7500,261.1200,0.000055
_8473_,VGND,li1,23.6900,250.2400,0.000049
_8472_,VGND,li1,32.6600,250.2400,0.000060
_8471_,VGND,li1,79.3500,250.2400,0.000113
_8470_,VGND,li1,83.9500,244.8000,0.000391
_8469_,VGND,li1,73.3700,244.8000,0.000347
_8468_,VGND,li1,79.8100,239.3600,0.000159
_8467_,VGND,li1,67.8500,244.8000,0.000318
_8466_,VGND,li1,67.3900,250.2400,0.000104
_8465_,VGND,li1,68.7700,239.3600,0.000145
_8464_,VGND,li1,62.3300,250.2400,0.000099
_8463_,VGND,li1,59.3400,250.2400,0.000097
_8462_,VGND,li1,54.2800,244.8000,0.000244
_8461_,VGND,li1,56.8100,244.8000,0.000258
_8460_,VGND,li1,53.8200,239.3600,0.000118
_8459_,VGND,li1,52.9000,250.2400,0.000089
_8458_,VGND,li1,51.9800,244.8000,0.000231
_8457_,VGND,li1,46.9200,244.8000,0.000203
_8456_,VGND,li1,49.2200,244.8000,0.000216
_8455_,VGND,li1,46.0000,239.3600,0.000104
_8454_,VGND,li1,48.3000,250.2400,0.000082
_8453_,VGND,li1,45.3100,250.2400,0.000078
_8452_,VGND,li1,35.1900,250.2400,0.000064
_8451_,VGND,li1,37.2600,244.8000,0.000147
_8450_,VGND,li1,38.6400,250.2400,0.000068
_8449_,VGND,li1,39.5600,250.2400,0.000071
_8448_,VGND,li1,37.4900,250.2400,0.000068
_8447_,VGND,li1,37.7200,255.6800,0.000133
_8446_,VGND,li1,32.8900,255.6800,0.000115
_8445_,VGND,li1,28.5200,250.2400,0.000052
_8444_,VGND,li1,24.1500,239.3600,0.000050
_8443_,VGND,li1,30.3600,233.9200,0.000064
_8442_,VGND,li1,77.7400,244.8000,0.000365
_8441_,VGND,li1,83.9500,233.9200,0.000191
_8440_,VGND,li1,77.5100,239.3600,0.000157
_8439_,VGND,li1,72.4500,239.3600,0.000151
_8438_,VGND,li1,74.0600,239.3600,0.000151
_8437_,VGND,li1,65.3200,239.3600,0.000141
_8436_,VGND,li1,66.4700,239.3600,0.000141
_8435_,VGND,li1,65.3200,233.9200,0.000160
_8434_,VGND,li1,63.4800,239.3600,0.000138
_8433_,VGND,li1,61.1800,239.3600,0.000135
_8432_,VGND,li1,58.8800,239.3600,0.000130
_8431_,VGND,li1,61.1800,239.3600,0.000135
_8430_,VGND,li1,55.6600,233.9200,0.000138
_8429_,VGND,li1,52.9000,239.3600,0.000118
_8428_,VGND,li1,54.9700,239.3600,0.000123
_8427_,VGND,li1,48.7600,233.9200,0.000120
_8426_,VGND,li1,50.3700,239.3600,0.000114
_8425_,VGND,li1,49.6800,228.4800,0.000160
_8424_,VGND,li1,46.0000,233.9200,0.000112
_8423_,VGND,li1,47.6100,239.3600,0.000108
_8422_,VGND,li1,38.4100,239.3600,0.000084
_8421_,VGND,li1,40.4800,233.9200,0.000096
_8420_,VGND,li1,41.8600,239.3600,0.000095
_8419_,VGND,li1,39.1000,239.3600,0.000089
_8418_,VGND,li1,37.0300,239.3600,0.000084
_8417_,VGND,li1,35.8800,244.8000,0.000131
_8416_,VGND,li1,32.8900,239.3600,0.000074
_8415_,VGND,li1,34.9600,239.3600,0.000079
_8414_,VGND,li1,28.2900,233.9200,0.000054
_8413_,VGND,li1,35.4200,233.9200,0.000080
_8412_,VGND,li1,86.2500,233.9200,0.000193
_8411_,VGND,li1,84.8700,228.4800,0.000267
_8410_,VGND,li1,78.8900,233.9200,0.000184
_8409_,VGND,li1,77.5100,233.9200,0.000184
_8408_,VGND,li1,79.3500,233.9200,0.000186
_8407_,VGND,li1,72.9100,233.9200,0.000176
_8406_,VGND,li1,71.5300,223.0400,0.000132
_8405_,VGND,li1,67.3900,233.9200,0.000166
_8404_,VGND,li1,67.8500,233.9200,0.000166
_8403_,VGND,li1,60.7200,233.9200,0.000150
_8402_,VGND,li1,61.1800,228.4800,0.000196
_8401_,VGND,li1,58.4200,223.0400,0.000113
_8400_,VGND,li1,58.4200,228.4800,0.000190
_8399_,VGND,li1,58.6500,228.4800,0.000190
_8398_,VGND,li1,51.0600,233.9200,0.000126
_8397_,VGND,li1,55.8900,228.4800,0.000182
_8396_,VGND,li1,50.6000,223.0400,0.000101
_8395_,VGND,li1,53.3600,228.4800,0.000173
_8394_,VGND,li1,50.3700,228.4800,0.000160
_8393_,VGND,li1,41.6300,228.4800,0.000132
_8392_,VGND,li1,45.5400,228.4800,0.000146
_8391_,VGND,li1,46.4600,228.4800,0.000146
_8390_,VGND,li1,36.8000,228.4800,0.000109
_8389_,VGND,li1,38.8700,228.4800,0.000121
_8388_,VGND,li1,42.7800,233.9200,0.000103
_8387_,VGND,li1,36.5700,228.4800,0.000109
_8386_,VGND,li1,34.9600,233.9200,0.000080
_8385_,VGND,li1,30.5900,223.0400,0.000051
_8384_,VGND,li1,35.8800,217.6000,0.000086
_8383_,VGND,li1,81.4200,223.0400,0.000141
_8382_,VGND,li1,89.2400,228.4800,0.000278
_8381_,VGND,li1,86.2500,223.0400,0.000142
_8380_,VGND,li1,92.4600,223.0400,0.000144
_8379_,VGND,li1,80.2700,195.8400,0.000149
_8378_,VGND,li1,81.6500,206.7200,0.000130
_8377_,VGND,li1,80.7300,201.2800,0.000153
_8376_,VGND,li1,79.1200,190.4000,0.000112
_8375_,VGND,li1,79.3500,206.7200,0.000128
_8374_,VGND,li1,89.0100,228.4800,0.000278
_8373_,VGND,li1,76.1300,228.4800,0.000245
_8372_,VGND,li1,72.4500,228.4800,0.000234
_8371_,VGND,li1,74.2900,223.0400,0.000134
_8370_,VGND,li1,68.5400,228.4800,0.000222
_8369_,VGND,li1,78.4300,228.4800,0.000251
_8368_,VGND,li1,66.0100,228.4800,0.000211
_8367_,VGND,li1,65.3200,212.1600,0.000144
_8366_,VGND,li1,67.1600,223.0400,0.000125
_8365_,VGND,li1,64.8600,223.0400,0.000123
_8364_,VGND,li1,59.3400,223.0400,0.000116
_8363_,VGND,li1,60.7200,223.0400,0.000116
_8362_,VGND,li1,56.5800,212.1600,0.000127
_8361_,VGND,li1,56.1200,223.0400,0.000110
_8360_,VGND,li1,61.8700,223.0400,0.000120
_8359_,VGND,li1,52.9000,223.0400,0.000106
_8358_,VGND,li1,56.3500,217.6000,0.000110
_8357_,VGND,li1,50.6000,212.1600,0.000117
_8356_,VGND,li1,53.8200,217.6000,0.000107
_8355_,VGND,li1,50.8300,217.6000,0.000104
_8354_,VGND,li1,42.5500,217.6000,0.000095
_8353_,VGND,li1,44.6200,217.6000,0.000097
_8352_,VGND,li1,46.4600,217.6000,0.000099
_8351_,VGND,li1,43.7000,223.0400,0.000087
_8350_,VGND,li1,41.6300,223.0400,0.000084
_8349_,VGND,li1,45.5400,223.0400,0.000091
_8348_,VGND,li1,33.5800,223.0400,0.000065
_8347_,VGND,li1,37.9500,217.6000,0.000089
_8346_,VGND,li1,31.5100,206.7200,0.000045
_8345_,VGND,li1,35.8800,206.7200,0.000057
_8344_,VGND,li1,75.2100,212.1600,0.000160
_8343_,VGND,li1,76.1300,206.7200,0.000125
_8342_,VGND,li1,76.1300,206.7200,0.000125
_8341_,VGND,li1,74.5200,206.7200,0.000123
_8340_,VGND,li1,72.2200,206.7200,0.000121
_8339_,VGND,li1,71.3000,212.1600,0.000152
_8338_,VGND,li1,68.3100,212.1600,0.000149
_8337_,VGND,li1,64.4000,201.2800,0.000133
_8336_,VGND,li1,64.8600,212.1600,0.000144
_8335_,VGND,li1,62.5600,212.1600,0.000140
_8334_,VGND,li1,57.9600,206.7200,0.000097
_8333_,VGND,li1,59.1100,212.1600,0.000131
_8332_,VGND,li1,59.3400,206.7200,0.000101
_8331_,VGND,li1,54.2800,212.1600,0.000121
_8330_,VGND,li1,60.0300,212.1600,0.000135
_8329_,VGND,li1,51.0600,212.1600,0.000117
_8328_,VGND,li1,55.8900,212.1600,0.000127
_8327_,VGND,li1,49.6800,195.8400,0.000138
_8326_,VGND,li1,53.3600,212.1600,0.000121
_8325_,VGND,li1,50.8300,206.7200,0.000086
_8324_,VGND,li1,42.5500,206.7200,0.000069
_8323_,VGND,li1,39.5600,206.7200,0.000065
_8322_,VGND,li1,46.4600,206.7200,0.000078
_8321_,VGND,li1,45.5400,212.1600,0.000103
_8320_,VGND,li1,42.5500,212.1600,0.000099
_8319_,VGND,li1,41.4000,217.6000,0.000091
_8318_,VGND,li1,41.6300,206.7200,0.000069
_8317_,VGND,li1,36.3400,212.1600,0.000082
_8316_,VGND,li1,67.3900,217.6000,0.000120
_8315_,VGND,li1,65.3200,217.6000,0.000118
_8314_,VGND,li1,94.5300,239.3600,0.000169
_8313_,VGND,li1,79.3500,217.6000,0.000129
_8312_,VGND,li1,28.7500,201.2800,0.000049
_8311_,VGND,li1,31.7400,201.2800,0.000057
_8310_,VGND,li1,74.7500,201.2800,0.000146
_8309_,VGND,li1,74.2900,195.8400,0.000149
_8308_,VGND,li1,79.3500,201.2800,0.000151
_8307_,VGND,li1,69.4600,206.7200,0.000117
_8306_,VGND,li1,74.7500,195.8400,0.000149
_8305_,VGND,li1,68.0800,201.2800,0.000137
_8304_,VGND,li1,72.2200,206.7200,0.000121
_8303_,VGND,li1,63.9400,206.7200,0.000109
_8302_,VGND,li1,67.3900,201.2800,0.000137
_8301_,VGND,li1,58.4200,201.2800,0.000120
_8300_,VGND,li1,60.0300,201.2800,0.000125
_8299_,VGND,li1,59.8000,184.9600,0.000091
_8298_,VGND,li1,57.5000,201.2800,0.000120
_8297_,VGND,li1,55.2000,201.2800,0.000115
_8296_,VGND,li1,52.9000,201.2800,0.000110
_8295_,VGND,li1,50.6000,201.2800,0.000101
_8294_,VGND,li1,49.6800,190.4000,0.000073
_8293_,VGND,li1,46.9200,201.2800,0.000093
_8292_,VGND,li1,49.9100,201.2800,0.000101
_8291_,VGND,li1,39.7900,201.2800,0.000079
_8290_,VGND,li1,41.8600,195.8400,0.000131
_8289_,VGND,li1,43.2400,201.2800,0.000088
_8288_,VGND,li1,37.2600,201.2800,0.000073
_8287_,VGND,li1,40.7100,201.2800,0.000079
_8286_,VGND,li1,37.2600,206.7200,0.000057
_8285_,VGND,li1,36.1100,201.2800,0.000068
_8284_,VGND,li1,33.5800,201.2800,0.000063
_8283_,VGND,li1,65.0900,217.6000,0.000118
_8282_,VGND,li1,83.9500,223.0400,0.000141
_8281_,VGND,li1,88.0900,217.6000,0.000133
_8280_,VGND,li1,84.4100,217.6000,0.000131
_8279_,VGND,li1,81.6500,217.6000,0.000130
_8278_,VGND,li1,80.0400,217.6000,0.000129
_8277_,VGND,li1,74.9800,223.0400,0.000136
_8276_,VGND,li1,68.3100,195.8400,0.000149
_8275_,VGND,li1,65.7800,195.8400,0.000148
_8274_,VGND,li1,24.1500,190.4000,0.000027
_8273_,VGND,li1,33.5800,190.4000,0.000045
_8272_,VGND,li1,71.9900,190.4000,0.000107
_8271_,VGND,li1,85.1000,195.8400,0.000148
_8270_,VGND,li1,78.4300,195.8400,0.000149
_8269_,VGND,li1,74.9800,190.4000,0.000109
_8268_,VGND,li1,75.9000,190.4000,0.000111
_8267_,VGND,li1,74.0600,190.4000,0.000109
_8266_,VGND,li1,76.8200,184.9600,0.000111
_8265_,VGND,li1,73.6000,184.9600,0.000108
_8264_,VGND,li1,72.2200,179.5200,0.000192
_8263_,VGND,li1,70.8400,184.9600,0.000104
_8262_,VGND,li1,70.3800,179.5200,0.000186
_8261_,VGND,li1,66.2400,179.5200,0.000174
_8260_,VGND,li1,64.8600,184.9600,0.000098
_8259_,VGND,li1,62.7900,184.9600,0.000096
_8258_,VGND,li1,53.3600,184.9600,0.000083
_8257_,VGND,li1,55.6600,184.9600,0.000086
_8256_,VGND,li1,54.2800,179.5200,0.000137
_8255_,VGND,li1,45.5400,184.9600,0.000070
_8254_,VGND,li1,50.3700,184.9600,0.000078
_8253_,VGND,li1,46.2300,184.9600,0.000070
_8252_,VGND,li1,42.7800,184.9600,0.000062
_8251_,VGND,li1,45.0800,190.4000,0.000065
_8250_,VGND,li1,40.4800,190.4000,0.000058
_8249_,VGND,li1,46.6900,190.4000,0.000069
_8248_,VGND,li1,40.4800,195.8400,0.000127
_8247_,VGND,li1,39.3300,190.4000,0.000054
_8246_,VGND,li1,37.7200,195.8400,0.000125
_8245_,VGND,li1,60.4900,190.4000,0.000089
_8244_,VGND,li1,63.4800,190.4000,0.000093
_8243_,VGND,li1,63.9400,168.6400,0.000100
_8242_,VGND,li1,64.6300,190.4000,0.000096
_8241_,VGND,li1,62.7900,195.8400,0.000148
_8240_,VGND,li1,61.8700,217.6000,0.000115
_8239_,VGND,li1,61.4100,195.8400,0.000147
_8238_,VGND,li1,74.7500,217.6000,0.000126
_8237_,VGND,li1,72.9100,217.6000,0.000124
_8236_,VGND,li1,76.8200,217.6000,0.000127
_8235_,VGND,li1,36.1100,190.4000,0.000050
_8234_,VGND,li1,35.4200,190.4000,0.000050
_8233_,VGND,li1,83.4900,195.8400,0.000149
_8232_,VGND,li1,90.6200,217.6000,0.000134
_8231_,VGND,li1,99.3600,212.1600,0.000175
_8230_,VGND,li1,94.5300,212.1600,0.000175
_8229_,VGND,li1,97.5200,212.1600,0.000175
_8228_,VGND,li1,81.6500,190.4000,0.000114
_8227_,VGND,li1,77.7400,190.4000,0.000112
_8226_,VGND,li1,80.7300,190.4000,0.000114
_8225_,VGND,li1,79.1200,179.5200,0.000208
_8224_,VGND,li1,80.9600,184.9600,0.000115
_8223_,VGND,li1,74.9800,174.0800,0.000245
_8222_,VGND,li1,76.8200,174.0800,0.000251
_8221_,VGND,li1,79.1200,168.6400,0.000125
_8220_,VGND,li1,77.0500,179.5200,0.000203
_8219_,VGND,li1,78.6600,174.0800,0.000258
_8218_,VGND,li1,75.4400,179.5200,0.000198
_8217_,VGND,li1,72.6800,174.0800,0.000237
_8216_,VGND,li1,73.3700,179.5200,0.000192
_8215_,VGND,li1,71.7600,174.0800,0.000228
_8214_,VGND,li1,63.4800,174.0800,0.000203
_8213_,VGND,li1,84.6400,174.0800,0.000275
_8212_,VGND,li1,50.6000,174.0800,0.000153
_8211_,VGND,li1,54.0500,174.0800,0.000167
_8210_,VGND,li1,47.6100,174.0800,0.000141
_8209_,VGND,li1,47.8400,174.0800,0.000141
_8208_,VGND,li1,51.0600,179.5200,0.000125
_8207_,VGND,li1,42.7800,179.5200,0.000093
_8206_,VGND,li1,45.7700,179.5200,0.000108
_8205_,VGND,li1,45.5400,179.5200,0.000108
_8204_,VGND,li1,38.1800,179.5200,0.000083
_8203_,VGND,li1,41.1700,179.5200,0.000093
_8202_,VGND,li1,70.1500,174.0800,0.000228
_8201_,VGND,li1,71.5300,168.6400,0.000113
_8200_,VGND,li1,72.2200,163.2000,0.000128
_8199_,VGND,li1,65.5500,168.6400,0.000103
_8198_,VGND,li1,74.7500,179.5200,0.000198
_8197_,VGND,li1,60.0300,168.6400,0.000091
_8196_,VGND,li1,56.3500,168.6400,0.000082
_8195_,VGND,li1,61.4100,168.6400,0.000095
_8194_,VGND,li1,60.7200,163.2000,0.000102
_8193_,VGND,li1,59.1100,168.6400,0.000091
_8192_,VGND,li1,112.2400,179.5200,0.000257
_8191_,VGND,li1,93.6100,168.6400,0.000142
_8190_,VGND,li1,51.7500,190.4000,0.000077
_8189_,VGND,li1,54.7400,190.4000,0.000080
_8188_,VGND,li1,99.1300,206.7200,0.000142
_8187_,VGND,li1,99.5900,212.1600,0.000175
_8186_,VGND,li1,93.6100,206.7200,0.000141
_8185_,VGND,li1,97.7500,206.7200,0.000142
_8184_,VGND,li1,102.8100,206.7200,0.000141
_8183_,VGND,li1,103.9600,184.9600,0.000131
_8182_,VGND,li1,100.0500,184.9600,0.000129
_8181_,VGND,li1,106.7200,168.6400,0.000154
_8180_,VGND,li1,101.2000,168.6400,0.000149
_8179_,VGND,li1,104.4200,174.0800,0.000336
_8178_,VGND,li1,98.9000,174.0800,0.000321
_8177_,VGND,li1,86.9400,168.6400,0.000136
_8176_,VGND,li1,84.1800,168.6400,0.000132
_8175_,VGND,li1,93.6100,168.6400,0.000142
_8174_,VGND,li1,92.4600,174.0800,0.000303
_8173_,VGND,li1,87.8600,174.0800,0.000285
_8172_,VGND,li1,85.5600,179.5200,0.000221
_8171_,VGND,li1,89.0100,179.5200,0.000224
_8170_,VGND,li1,83.9500,179.5200,0.000217
_8169_,VGND,li1,90.6200,179.5200,0.000230
_8168_,VGND,li1,87.4000,179.5200,0.000224
_8167_,VGND,li1,58.4200,179.5200,0.000150
_8166_,VGND,li1,61.4100,179.5200,0.000160
_8165_,VGND,li1,50.6000,179.5200,0.000125
_8164_,VGND,li1,52.4400,179.5200,0.000131
_8163_,VGND,li1,55.4300,179.5200,0.000137
_8162_,VGND,li1,112.4700,174.0800,0.000362
_8161_,VGND,li1,114.7700,174.0800,0.000368
_8160_,VGND,li1,114.3100,168.6400,0.000158
_8159_,VGND,li1,93.8400,179.5200,0.000233
_8158_,VGND,li1,80.7300,163.2000,0.000146
_8157_,VGND,li1,83.4900,163.2000,0.000151
_8156_,VGND,li1,88.3200,163.2000,0.000160
_8155_,VGND,li1,77.5100,163.2000,0.000140
_8154_,VGND,li1,77.9700,163.2000,0.000140
_8153_,VGND,li1,71.9900,163.2000,0.000128
_8152_,VGND,li1,74.7500,163.2000,0.000134
_8151_,VGND,li1,71.7600,157.7600,0.000112
_8150_,VGND,li1,67.3900,163.2000,0.000118
_8149_,VGND,li1,68.7700,163.2000,0.000118
_8148_,VGND,li1,89.2400,168.6400,0.000138
_8147_,VGND,li1,87.1700,206.7200,0.000136
_8146_,VGND,li1,87.4000,212.1600,0.000173
_8145_,VGND,li1,94.5300,217.6000,0.000136
_8144_,VGND,li1,97.0600,217.6000,0.000135
_8143_,VGND,li1,94.3000,212.1600,0.000175
_8142_,VGND,li1,105.8000,217.6000,0.000134
_8141_,VGND,li1,105.1100,206.7200,0.000141
_8140_,VGND,li1,105.5700,212.1600,0.000174
_8139_,VGND,li1,107.8700,206.7200,0.000140
_8138_,VGND,li1,106.4900,201.2800,0.000156
_8137_,VGND,li1,111.3200,201.2800,0.000154
_8136_,VGND,li1,112.0100,184.9600,0.000131
_8135_,VGND,li1,113.1600,179.5200,0.000257
_8134_,VGND,li1,108.5600,179.5200,0.000252
_8133_,VGND,li1,112.2400,184.9600,0.000131
_8132_,VGND,li1,101.4300,179.5200,0.000245
_8131_,VGND,li1,107.1800,174.0800,0.000345
_8130_,VGND,li1,106.0300,184.9600,0.000131
_8129_,VGND,li1,103.5000,184.9600,0.000131
_8128_,VGND,li1,100.2800,179.5200,0.000245
_8127_,VGND,li1,95.6800,179.5200,0.000238
_8126_,VGND,li1,97.0600,179.5200,0.000238
_8125_,VGND,li1,93.1500,184.9600,0.000124
_8124_,VGND,li1,94.3000,190.4000,0.000117
_8123_,VGND,li1,86.9400,190.4000,0.000116
_8122_,VGND,li1,89.9300,190.4000,0.000117
_8121_,VGND,li1,86.9400,184.9600,0.000119
_8120_,VGND,li1,85.1000,190.4000,0.000116
_8119_,VGND,li1,88.0900,190.4000,0.000116
_8118_,VGND,li1,117.5300,288.3200,0.000577
_8117_,VGND,li1,86.0200,250.2400,0.000117
_8116_,VGND,li1,98.4400,179.5200,0.000242
_8115_,VGND,li1,106.2600,174.0800,0.000345
_8114_,VGND,li1,104.8800,190.4000,0.000116
_8113_,VGND,li1,101.8900,163.2000,0.000183
_8112_,VGND,li1,101.4300,163.2000,0.000183
_8111_,VGND,li1,110.4000,163.2000,0.000195
_8110_,VGND,li1,98.2100,163.2000,0.000176
_8109_,VGND,li1,98.2100,168.6400,0.000146
_8108_,VGND,li1,91.7700,163.2000,0.000167
_8107_,VGND,li1,89.0100,163.2000,0.000160
_8106_,VGND,li1,88.7800,157.7600,0.000136
_8105_,VGND,li1,84.8700,163.2000,0.000154
_8104_,VGND,li1,94.5300,163.2000,0.000172
_8103_,VGND,li1,98.9000,163.2000,0.000179
_8102_,VGND,li1,84.8700,201.2800,0.000156
_8101_,VGND,li1,90.1600,201.2800,0.000158
_8100_,VGND,li1,97.2900,223.0400,0.000145
_8099_,VGND,li1,102.5800,223.0400,0.000144
_8098_,VGND,li1,93.6100,223.0400,0.000144
_8097_,VGND,li1,97.2900,223.0400,0.000145
_8096_,VGND,li1,102.8100,217.6000,0.000135
_8095_,VGND,li1,102.3500,223.0400,0.000144
_8094_,VGND,li1,108.3300,212.1600,0.000174
_8093_,VGND,li1,110.1700,212.1600,0.000173
_8092_,VGND,li1,113.3900,206.7200,0.000138
_8091_,VGND,li1,113.6200,201.2800,0.000153
_8090_,VGND,li1,116.8400,201.2800,0.000151
_8089_,VGND,li1,111.7800,206.7200,0.000138
_8088_,VGND,li1,116.6100,201.2800,0.000151
_8087_,VGND,li1,123.7400,201.2800,0.000147
_8086_,VGND,li1,111.7800,190.4000,0.000114
_8085_,VGND,li1,112.2400,190.4000,0.000114
_8084_,VGND,li1,111.7800,195.8400,0.000133
_8083_,VGND,li1,115.9200,190.4000,0.000111
_8082_,VGND,li1,107.6400,190.4000,0.000116
_8081_,VGND,li1,105.3400,190.4000,0.000116
_8080_,VGND,li1,100.5100,190.4000,0.000117
_8079_,VGND,li1,101.6600,195.8400,0.000140
_8078_,VGND,li1,97.0600,190.4000,0.000117
_8077_,VGND,li1,97.2900,195.8400,0.000143
_8076_,VGND,li1,89.7000,195.8400,0.000146
_8075_,VGND,li1,93.1500,201.2800,0.000158
_8074_,VGND,li1,97.0600,195.8400,0.000143
_8073_,VGND,li1,92.0000,244.8000,0.000424
_8072_,VGND,li1,104.8800,179.5200,0.000250
_8071_,VGND,li1,109.9400,174.0800,0.000351
_8070_,VGND,li1,117.3000,195.8400,0.000129
_8069_,VGND,li1,118.4500,184.9600,0.000130
_8068_,VGND,li1,118.6800,184.9600,0.000130
_8067_,VGND,li1,125.1200,184.9600,0.000127
_8066_,VGND,li1,117.0700,168.6400,0.000160
_8065_,VGND,li1,116.8400,163.2000,0.000205
_8064_,VGND,li1,113.8500,163.2000,0.000202
_8063_,VGND,li1,113.8500,163.2000,0.000202
_8062_,VGND,li1,111.3200,163.2000,0.000199
_8061_,VGND,li1,106.9500,163.2000,0.000192
_8060_,VGND,li1,112.0100,168.6400,0.000157
_8059_,VGND,li1,120.0600,168.6400,0.000161
_8058_,VGND,li1,116.1500,212.1600,0.000171
_8057_,VGND,li1,94.5300,233.9200,0.000197
_8056_,VGND,li1,97.9800,228.4800,0.000295
_8055_,VGND,li1,94.0700,228.4800,0.000289
_8054_,VGND,li1,100.0500,223.0400,0.000145
_8053_,VGND,li1,100.0500,223.0400,0.000145
_8052_,VGND,li1,113.6200,223.0400,0.000139
_8051_,VGND,li1,107.8700,217.6000,0.000133
_8050_,VGND,li1,120.0600,217.6000,0.000130
_8049_,VGND,li1,115.9200,217.6000,0.000131
_8048_,VGND,li1,114.5400,212.1600,0.000172
_8047_,VGND,li1,115.9200,206.7200,0.000135
_8046_,VGND,li1,118.2200,212.1600,0.000170
_8045_,VGND,li1,122.3600,212.1600,0.000168
_8044_,VGND,li1,122.3600,206.7200,0.000131
_8043_,VGND,li1,124.6600,206.7200,0.000129
_8042_,VGND,li1,126.9600,201.2800,0.000146
_8041_,VGND,li1,120.5200,201.2800,0.000150
_8040_,VGND,li1,136.1600,206.7200,0.000120
_8039_,VGND,li1,120.0600,195.8400,0.000125
_8038_,VGND,li1,117.7600,195.8400,0.000129
_8037_,VGND,li1,123.5100,190.4000,0.000107
_8036_,VGND,li1,121.4400,195.8400,0.000125
_8035_,VGND,li1,104.4200,195.8400,0.000138
_8034_,VGND,li1,100.7400,195.8400,0.000140
_8033_,VGND,li1,103.0400,201.2800,0.000156
_8032_,VGND,li1,100.5100,201.2800,0.000157
_8031_,VGND,li1,98.4400,201.2800,0.000157
_8030_,VGND,li1,123.7400,179.5200,0.000265
_8029_,VGND,li1,119.3700,174.0800,0.000379
_8028_,VGND,li1,119.6000,174.0800,0.000379
_8027_,VGND,li1,117.5300,179.5200,0.000261
_8026_,VGND,li1,123.5100,174.0800,0.000389
_8025_,VGND,li1,119.1400,179.5200,0.000261
_8024_,VGND,li1,123.5100,174.0800,0.000389
_8023_,VGND,li1,130.4100,201.2800,0.000142
_8022_,VGND,li1,130.4100,201.2800,0.000142
_8021_,VGND,li1,142.1400,201.2800,0.000133
_8020_,VGND,li1,129.9500,190.4000,0.000102
_8019_,VGND,li1,132.2500,190.4000,0.000100
_8018_,VGND,li1,127.1900,184.9600,0.000126
_8017_,VGND,li1,130.4100,184.9600,0.000125
_8016_,VGND,li1,128.3400,184.9600,0.000126
_8015_,VGND,li1,121.6700,184.9600,0.000129
_8014_,VGND,li1,125.3500,179.5200,0.000267
_8013_,VGND,li1,136.3900,184.9600,0.000122
_8012_,VGND,li1,142.1400,206.7200,0.000112
_8011_,VGND,li1,106.2600,244.8000,0.000476
_8010_,VGND,li1,93.6100,239.3600,0.000169
_8009_,VGND,li1,100.2800,244.8000,0.000461
_8008_,VGND,li1,101.4300,244.8000,0.000461
_8007_,VGND,li1,103.5000,244.8000,0.000470
_8006_,VGND,li1,110.4000,244.8000,0.000490
_8005_,VGND,li1,113.1600,244.8000,0.000477
_8004_,VGND,li1,110.1700,223.0400,0.000141
_8003_,VGND,li1,110.6300,223.0400,0.000141
_8002_,VGND,li1,112.4700,223.0400,0.000139
_8001_,VGND,li1,118.9100,223.0400,0.000134
_8000_,VGND,li1,118.4500,217.6000,0.000130
_7999_,VGND,li1,123.5100,217.6000,0.000127
_7998_,VGND,li1,120.2900,217.6000,0.000129
_7997_,VGND,li1,127.6500,212.1600,0.000162
_7996_,VGND,li1,125.8100,212.1600,0.000164
_7995_,VGND,li1,140.9900,212.1600,0.000145
_7994_,VGND,li1,145.5900,206.7200,0.000107
_7993_,VGND,li1,148.8100,206.7200,0.000104
_7992_,VGND,li1,144.2100,201.2800,0.000131
_7991_,VGND,li1,148.8100,201.2800,0.000127
_7990_,VGND,li1,138.6900,201.2800,0.000136
_7989_,VGND,li1,143.0600,195.8400,0.000096
_7988_,VGND,li1,149.2700,212.1600,0.000133
_7987_,VGND,li1,128.1100,212.1600,0.000162
_7986_,VGND,li1,130.8700,212.1600,0.000158
_7985_,VGND,li1,135.9300,206.7200,0.000120
_7984_,VGND,li1,132.7100,206.7200,0.000123
_7983_,VGND,li1,138.2300,206.7200,0.000116
_7982_,VGND,li1,133.6300,206.7200,0.000123
_7981_,VGND,li1,136.3900,223.0400,0.000112
_7980_,VGND,li1,130.8700,195.8400,0.000113
_7979_,VGND,li1,128.1100,195.8400,0.000116
_7978_,VGND,li1,133.1700,195.8400,0.000110
_7977_,VGND,li1,125.3500,195.8400,0.000119
_7976_,VGND,li1,123.5100,195.8400,0.000123
_7975_,VGND,li1,137.7700,190.4000,0.000096
_7974_,VGND,li1,140.3000,190.4000,0.000093
_7973_,VGND,li1,136.8500,190.4000,0.000096
_7972_,VGND,li1,138.6900,184.9600,0.000120
_7971_,VGND,li1,136.6200,217.6000,0.000118
_7970_,VGND,li1,126.9600,223.0400,0.000126
_7969_,VGND,li1,114.5400,228.4800,0.000269
_7968_,VGND,li1,115.6900,223.0400,0.000136
_7967_,VGND,li1,111.5500,250.2400,0.000123
_7966_,VGND,li1,103.7300,228.4800,0.000294
_7965_,VGND,li1,107.1800,228.4800,0.000285
_7964_,VGND,li1,115.2300,250.2400,0.000123
_7963_,VGND,li1,113.3900,250.2400,0.000123
_7962_,VGND,li1,117.7600,250.2400,0.000122
_7961_,VGND,li1,114.0800,233.9200,0.000187
_7960_,VGND,li1,112.2400,228.4800,0.000276
_7959_,VGND,li1,124.8900,228.4800,0.000245
_7958_,VGND,li1,126.5000,228.4800,0.000245
_7957_,VGND,li1,127.4200,223.0400,0.000126
_7956_,VGND,li1,129.7200,223.0400,0.000122
_7955_,VGND,li1,142.8300,223.0400,0.000102
_7954_,VGND,li1,143.9800,217.6000,0.000111
_7953_,VGND,li1,144.6700,217.6000,0.000109
_7952_,VGND,li1,145.5900,201.2800,0.000131
_7951_,VGND,li1,144.2100,212.1600,0.000141
_7950_,VGND,li1,145.1300,195.8400,0.000094
_7949_,VGND,li1,141.9100,217.6000,0.000113
_7948_,VGND,li1,149.5000,223.0400,0.000093
_7947_,VGND,li1,131.1000,223.0400,0.000119
_7946_,VGND,li1,131.1000,217.6000,0.000123
_7945_,VGND,li1,135.7000,217.6000,0.000118
_7944_,VGND,li1,138.0000,217.6000,0.000116
_7943_,VGND,li1,151.1100,217.6000,0.000103
_7942_,VGND,li1,155.4800,212.1600,0.000123
_7941_,VGND,li1,149.7300,212.1600,0.000133
_7940_,VGND,li1,152.4900,212.1600,0.000128
_7939_,VGND,li1,143.2900,190.4000,0.000092
_7938_,VGND,li1,148.8100,217.6000,0.000105
_7937_,VGND,li1,139.1500,228.4800,0.000208
_7936_,VGND,li1,140.3000,228.4800,0.000208
_7935_,VGND,li1,136.6200,228.4800,0.000215
_7934_,VGND,li1,143.5200,228.4800,0.000200
_7933_,VGND,li1,134.7800,228.4800,0.000220
_7932_,VGND,li1,132.9400,228.4800,0.000225
_7931_,VGND,li1,139.6100,223.0400,0.000107
_7930_,VGND,li1,133.4000,233.9200,0.000160
_7929_,VGND,li1,113.6200,266.5600,0.000168
_7928_,VGND,li1,110.1700,239.3600,0.000176
_7927_,VGND,li1,117.3000,239.3600,0.000171
_7926_,VGND,li1,114.3100,261.1200,0.000175
_7925_,VGND,li1,115.4600,261.1200,0.000175
_7924_,VGND,li1,114.7700,255.6800,0.000269
_7923_,VGND,li1,117.5300,261.1200,0.000174
_7922_,VGND,li1,119.8300,261.1200,0.000174
_7921_,VGND,li1,119.6000,261.1200,0.000174
_7920_,VGND,li1,118.4500,244.8000,0.000451
_7919_,VGND,li1,122.5900,244.8000,0.000435
_7918_,VGND,li1,122.3600,250.2400,0.000121
_7917_,VGND,li1,125.3500,239.3600,0.000167
_7916_,VGND,li1,125.5800,233.9200,0.000172
_7915_,VGND,li1,126.7300,233.9200,0.000172
_7914_,VGND,li1,115.6900,233.9200,0.000187
_7913_,VGND,li1,124.2000,233.9200,0.000175
_7912_,VGND,li1,120.9800,233.9200,0.000178
_7911_,VGND,li1,128.8000,233.9200,0.000168
_7910_,VGND,li1,129.0300,228.4800,0.000237
_7909_,VGND,li1,129.2600,233.9200,0.000168
_7908_,VGND,li1,136.6200,233.9200,0.000157
_7907_,VGND,li1,132.9400,233.9200,0.000160
_7906_,VGND,li1,147.4300,233.9200,0.000136
_7905_,VGND,li1,149.9600,228.4800,0.000178
_7904_,VGND,li1,152.9500,223.0400,0.000087
_7903_,VGND,li1,149.2700,223.0400,0.000093
_7902_,VGND,li1,149.7300,233.9200,0.000131
_7901_,VGND,li1,139.1500,239.3600,0.000154
_7900_,VGND,li1,143.0600,239.3600,0.000151
_7899_,VGND,li1,144.9000,233.9200,0.000140
_7898_,VGND,li1,140.3000,233.9200,0.000149
_7897_,VGND,li1,143.0600,233.9200,0.000143
_7896_,VGND,li1,141.4500,239.3600,0.000151
_7895_,VGND,li1,136.6200,239.3600,0.000156
_7894_,VGND,li1,130.1800,239.3600,0.000161
_7893_,VGND,li1,123.0500,266.5600,0.000171
_7892_,VGND,li1,139.6100,255.6800,0.000275
_7891_,VGND,li1,149.5000,250.2400,0.000102
_7890_,VGND,li1,126.2700,272.0000,0.000191
_7889_,VGND,li1,124.8900,261.1200,0.000171
_7888_,VGND,li1,123.0500,261.1200,0.000173
_7887_,VGND,li1,134.3200,261.1200,0.000166
_7886_,VGND,li1,124.8900,250.2400,0.000120
_7885_,VGND,li1,129.9500,250.2400,0.000117
_7884_,VGND,li1,125.8100,250.2400,0.000120
_7883_,VGND,li1,128.8000,255.6800,0.000273
_7882_,VGND,li1,129.9500,244.8000,0.000393
_7881_,VGND,li1,124.8900,239.3600,0.000167
_7880_,VGND,li1,118.9100,239.3600,0.000171
_7879_,VGND,li1,123.0500,233.9200,0.000175
_7878_,VGND,li1,119.1400,233.9200,0.000181
_7877_,VGND,li1,119.3700,228.4800,0.000258
_7876_,VGND,li1,117.0700,233.9200,0.000183
_7875_,VGND,li1,133.6300,244.8000,0.000376
_7874_,VGND,li1,135.4700,244.8000,0.000366
_7873_,VGND,li1,136.6200,244.8000,0.000366
_7872_,VGND,li1,144.4400,244.8000,0.000315
_7871_,VGND,li1,139.8400,244.8000,0.000340
_7870_,VGND,li1,144.4400,244.8000,0.000315
_7869_,VGND,li1,152.0300,244.8000,0.000273
_7868_,VGND,li1,146.2800,250.2400,0.000105
_7867_,VGND,li1,124.8900,277.4400,0.000130
_7866_,VGND,li1,128.3400,277.4400,0.000130
_7865_,VGND,li1,125.3500,272.0000,0.000191
_7864_,VGND,li1,121.6700,272.0000,0.000192
_7863_,VGND,li1,129.0300,272.0000,0.000189
_7862_,VGND,li1,125.3500,266.5600,0.000171
_7861_,VGND,li1,123.5100,272.0000,0.000191
_7860_,VGND,li1,131.3300,261.1200,0.000167
_7859_,VGND,li1,130.4100,266.5600,0.000173
_7858_,VGND,li1,128.1100,255.6800,0.000273
_7857_,VGND,li1,123.5100,255.6800,0.000272
_7856_,VGND,li1,119.8300,250.2400,0.000121
_7855_,VGND,li1,121.4400,255.6800,0.000271
_7854_,VGND,li1,130.8700,255.6800,0.000274
_7853_,VGND,li1,134.7800,255.6800,0.000274
_7852_,VGND,li1,136.8500,261.1200,0.000164
_7851_,VGND,li1,138.4600,261.1200,0.000162
_7850_,VGND,li1,136.8500,255.6800,0.000274
_7849_,VGND,li1,139.3800,250.2400,0.000110
_7848_,VGND,li1,141.4500,255.6800,0.000274
_7847_,VGND,li1,141.2200,261.1200,0.000160
_7846_,VGND,li1,133.6300,282.8800,0.000298
_7845_,VGND,li1,137.0800,282.8800,0.000296
_7844_,VGND,li1,136.3900,277.4400,0.000123
_7843_,VGND,li1,141.4500,282.8800,0.000285
_7842_,VGND,li1,141.4500,277.4400,0.000118
_7841_,VGND,li1,136.8500,272.0000,0.000184
_7840_,VGND,li1,142.8300,272.0000,0.000180
_7839_,VGND,li1,140.3000,272.0000,0.000182
_7838_,VGND,li1,136.6200,266.5600,0.000174
_7837_,VGND,li1,132.7100,266.5600,0.000173
_7836_,VGND,li1,137.5400,272.0000,0.000183
_7835_,VGND,li1,133.8600,266.5600,0.000173
_7834_,VGND,li1,133.1700,272.0000,0.000186
_7833_,VGND,li1,139.1500,266.5600,0.000174
_7832_,VGND,li1,137.7700,266.5600,0.000174
_7831_,VGND,li1,140.7600,266.5600,0.000174
_7830_,VGND,li1,145.5900,282.8800,0.000267
_7829_,VGND,li1,149.5000,282.8800,0.000252
_7828_,VGND,li1,143.2900,282.8800,0.000275
_7827_,VGND,li1,143.7500,282.8800,0.000275
_7826_,VGND,li1,148.8100,277.4400,0.000112
_7825_,VGND,li1,144.4400,277.4400,0.000117
_7824_,VGND,li1,146.5100,277.4400,0.000114
_7823_,VGND,li1,148.3500,272.0000,0.000176
_7822_,VGND,li1,141.9100,272.0000,0.000180
_7821_,VGND,li1,145.5900,272.0000,0.000177
_7820_,VGND,li1,133.6300,293.7600,0.000230
_7819_,VGND,li1,138.9200,288.3200,0.000520
_7818_,VGND,li1,144.2100,288.3200,0.000487
_7817_,VGND,li1,136.1600,288.3200,0.000535
_7816_,VGND,li1,141.9100,288.3200,0.000500
_7815_,VGND,li1,147.6600,266.5600,0.000174
_7814_,VGND,li1,151.1100,266.5600,0.000175
_7813_,VGND,li1,156.1700,261.1200,0.000138
_7812_,VGND,li1,146.5100,272.0000,0.000177
_7811_,VGND,li1,148.5800,266.5600,0.000175
_7810_,VGND,li1,159.3900,261.1200,0.000132
_7809_,VGND,li1,161.4600,261.1200,0.000128
_7808_,VGND,li1,154.3300,266.5600,0.000175
_7807_,VGND,li1,159.1600,266.5600,0.000175
_7806_,VGND,li1,152.0300,250.2400,0.000100
_7805_,VGND,li1,154.7900,250.2400,0.000097
_7804_,VGND,li1,157.0900,261.1200,0.000138
_7803_,VGND,li1,154.1000,261.1200,0.000142
_7802_,VGND,li1,129.4900,152.3200,0.000139
_7801_,VGND,li1,128.1100,157.7600,0.000181
_7800_,VGND,li1,133.1700,163.2000,0.000225
_7799_,VGND,li1,137.7700,163.2000,0.000229
_7798_,VGND,li1,150.1900,152.3200,0.000142
_7797_,VGND,li1,146.5100,157.7600,0.000186
_7796_,VGND,li1,137.7700,157.7600,0.000187
_7795_,VGND,li1,149.2700,152.3200,0.000142
_7794_,VGND,li1,151.5700,163.2000,0.000207
_7793_,VGND,li1,149.5000,163.2000,0.000213
_7792_,VGND,li1,298.0800,152.3200,0.000594
_7791_,VGND,li1,296.9300,152.3200,0.000590
_7790_,VGND,li1,311.4200,146.8800,0.000937
_7789_,VGND,li1,303.8300,152.3200,0.000604
_7788_,VGND,li1,314.1800,136.0000,0.000477
_7787_,VGND,li1,312.1100,141.4400,0.000653
_7786_,VGND,li1,309.1200,130.5600,0.000757
_7785_,VGND,li1,306.5900,130.5600,0.000754
_7784_,VGND,li1,305.4400,108.8000,0.001465
_7783_,VGND,li1,305.6700,114.2400,0.000417
_7782_,VGND,li1,311.8800,114.2400,0.000424
_7781_,VGND,li1,310.7300,125.1200,0.000913
_7780_,VGND,li1,312.8000,103.3600,0.001168
_7779_,VGND,li1,309.3500,97.9200,0.000554
_7778_,VGND,li1,312.3400,92.4800,0.000664
_7777_,VGND,li1,309.3500,92.4800,0.000659
_7776_,VGND,li1,304.5200,76.1600,0.001610
_7775_,VGND,li1,300.6100,76.1600,0.001592
_7774_,VGND,li1,312.3400,65.2800,0.000782
_7773_,VGND,li1,308.8900,59.8400,0.000370
_7772_,VGND,li1,312.8000,48.9600,0.000522
_7771_,VGND,li1,311.1900,48.9600,0.000522
_7770_,VGND,li1,311.8800,38.0800,0.000328
_7769_,VGND,li1,307.5100,43.5200,0.000983
_7768_,VGND,li1,310.9600,59.8400,0.000371
_7767_,VGND,li1,307.9700,59.8400,0.000369
_7766_,VGND,li1,312.8000,54.4000,0.000730
_7765_,VGND,li1,308.8900,54.4000,0.000724
_7764_,VGND,li1,310.0400,70.7200,0.000698
_7763_,VGND,li1,311.6500,70.7200,0.000698
_7762_,VGND,li1,310.0400,81.6000,0.001072
_7761_,VGND,li1,305.6700,81.6000,0.001063
_7760_,VGND,li1,232.7600,27.2000,0.000158
_7759_,VGND,li1,229.3100,27.2000,0.000155
_7758_,VGND,li1,229.0800,21.7600,0.000464
_7757_,VGND,li1,227.0100,27.2000,0.000151
_7756_,VGND,li1,248.4000,21.7600,0.000544
_7755_,VGND,li1,236.2100,27.2000,0.000163
_7754_,VGND,li1,304.0600,87.0400,0.000657
_7753_,VGND,li1,259.2100,87.0400,0.000548
_7752_,VGND,li1,311.8800,97.9200,0.000559
_7751_,VGND,li1,254.6100,97.9200,0.000426
_7750_,VGND,li1,309.1200,108.8000,0.001472
_7749_,VGND,li1,251.3900,108.8000,0.001189
_7748_,VGND,li1,315.5600,114.2400,0.000426
_7747_,VGND,li1,249.0900,119.6800,0.000558
_7746_,VGND,li1,311.4200,130.5600,0.000762
_7745_,VGND,li1,246.7900,130.5600,0.000500
_7744_,VGND,li1,311.4200,146.8800,0.000937
_7743_,VGND,li1,244.0300,146.8800,0.000702
_7742_,VGND,li1,264.9600,152.3200,0.000509
_7741_,VGND,li1,261.9700,152.3200,0.000493
_7740_,VGND,li1,267.2600,157.7600,0.000607
_7739_,VGND,li1,269.7900,157.7600,0.000615
_7738_,VGND,li1,263.5800,157.7600,0.000593
_7737_,VGND,li1,262.4300,163.2000,0.000595
_7736_,VGND,li1,254.3800,179.5200,0.000647
_7735_,VGND,li1,255.0700,179.5200,0.000647
_7734_,VGND,li1,308.6600,179.5200,0.000876
_7733_,VGND,li1,304.7500,184.9600,0.000601
_7732_,VGND,li1,307.2800,174.0800,0.000492
_7731_,VGND,li1,271.1700,174.0800,0.000442
_7730_,VGND,li1,279.6800,179.5200,0.000770
_7729_,VGND,li1,278.9900,179.5200,0.000770
_7728_,VGND,li1,287.2700,157.7600,0.000672
_7727_,VGND,li1,292.5600,152.3200,0.000584
_7726_,VGND,li1,292.3300,152.3200,0.000584
_7725_,VGND,li1,282.2100,152.3200,0.000560
_7724_,VGND,li1,274.8500,152.3200,0.000540
_7723_,VGND,li1,265.1900,152.3200,0.000509
_7722_,VGND,li1,265.6500,146.8800,0.000804
_7721_,VGND,li1,258.7500,152.3200,0.000484
_7720_,VGND,li1,255.5300,152.3200,0.000474
_7719_,VGND,li1,255.5300,141.4400,0.000483
_7718_,VGND,li1,252.3100,152.3200,0.000462
_7717_,VGND,li1,251.6200,146.8800,0.000738
_7716_,VGND,li1,252.0800,146.8800,0.000738
_7715_,VGND,li1,273.2400,146.8800,0.000831
_7714_,VGND,li1,294.4000,146.8800,0.000904
_7713_,VGND,li1,300.6100,152.3200,0.000597
_7712_,VGND,li1,305.9000,146.8800,0.000931
_7711_,VGND,li1,303.8300,146.8800,0.000928
_7710_,VGND,li1,297.1600,141.4400,0.000622
_7709_,VGND,li1,298.3100,141.4400,0.000622
_7708_,VGND,li1,299.6900,141.4400,0.000628
_7707_,VGND,li1,291.4100,146.8800,0.000898
_7706_,VGND,li1,286.8100,146.8800,0.000878
_7705_,VGND,li1,285.2000,146.8800,0.000878
_7704_,VGND,li1,282.9000,146.8800,0.000870
_7703_,VGND,li1,278.0700,146.8800,0.000853
_7702_,VGND,li1,275.3100,146.8800,0.000840
_7701_,VGND,li1,274.6200,146.8800,0.000840
_7700_,VGND,li1,272.3200,146.8800,0.000831
_7699_,VGND,li1,269.3300,146.8800,0.000819
_7698_,VGND,li1,262.4300,146.8800,0.000788
_7697_,VGND,li1,264.5000,141.4400,0.000512
_7696_,VGND,li1,262.4300,141.4400,0.000504
_7695_,VGND,li1,259.2100,141.4400,0.000497
_7694_,VGND,li1,255.5300,146.8800,0.000754
_7693_,VGND,li1,255.3000,141.4400,0.000483
_7692_,VGND,li1,253.2300,141.4400,0.000475
_7691_,VGND,li1,248.1700,141.4400,0.000455
_7690_,VGND,li1,247.2500,152.3200,0.000442
_7689_,VGND,li1,308.8900,141.4400,0.000647
_7688_,VGND,li1,308.6600,136.0000,0.000473
_7687_,VGND,li1,305.2100,141.4400,0.000642
_7686_,VGND,li1,303.8300,136.0000,0.000468
_7685_,VGND,li1,299.2300,136.0000,0.000464
_7684_,VGND,li1,297.8500,136.0000,0.000460
_7683_,VGND,li1,296.4700,136.0000,0.000460
_7682_,VGND,li1,294.6300,136.0000,0.000457
_7681_,VGND,li1,292.7900,141.4400,0.000609
_7680_,VGND,li1,288.8800,136.0000,0.000448
_7679_,VGND,li1,290.7200,141.4400,0.000602
_7678_,VGND,li1,287.9600,130.5600,0.000698
_7677_,VGND,li1,284.9700,141.4400,0.000585
_7676_,VGND,li1,283.5900,146.8800,0.000870
_7675_,VGND,li1,282.2100,136.0000,0.000434
_7674_,VGND,li1,281.9800,141.4400,0.000577
_7673_,VGND,li1,279.6800,141.4400,0.000569
_7672_,VGND,li1,275.3100,141.4400,0.000553
_7671_,VGND,li1,273.0100,141.4400,0.000544
_7670_,VGND,li1,272.0900,141.4400,0.000544
_7669_,VGND,li1,271.8600,136.0000,0.000417
_7668_,VGND,li1,269.5600,136.0000,0.000413
_7667_,VGND,li1,264.7300,136.0000,0.000403
_7666_,VGND,li1,262.4300,136.0000,0.000395
_7665_,VGND,li1,258.7500,136.0000,0.000388
_7664_,VGND,li1,259.2100,136.0000,0.000388
_7663_,VGND,li1,258.2900,130.5600,0.000567
_7662_,VGND,li1,248.1700,136.0000,0.000366
_7661_,VGND,li1,251.1600,136.0000,0.000371
_7660_,VGND,li1,253.9200,136.0000,0.000379
_7659_,VGND,li1,251.8500,136.0000,0.000371
_7658_,VGND,li1,249.5500,136.0000,0.000366
_7657_,VGND,li1,302.9100,130.5600,0.000744
_7656_,VGND,li1,305.9000,125.1200,0.000898
_7655_,VGND,li1,300.1500,130.5600,0.000739
_7654_,VGND,li1,299.2300,125.1200,0.000867
_7653_,VGND,li1,293.2500,125.1200,0.000832
_7652_,VGND,li1,298.7700,130.5600,0.000734
_7651_,VGND,li1,294.6300,130.5600,0.000717
_7650_,VGND,li1,296.4700,130.5600,0.000728
_7649_,VGND,li1,296.9300,125.1200,0.000856
_7648_,VGND,li1,293.9400,130.5600,0.000717
_7647_,VGND,li1,291.1800,130.5600,0.000708
_7646_,VGND,li1,286.5800,119.6800,0.000758
_7645_,VGND,li1,286.3500,130.5600,0.000690
_7644_,VGND,li1,282.6700,130.5600,0.000676
_7643_,VGND,li1,285.6600,130.5600,0.000690
_7642_,VGND,li1,275.0800,119.6800,0.000698
_7641_,VGND,li1,279.4500,130.5600,0.000666
_7640_,VGND,li1,279.4500,136.0000,0.000430
_7639_,VGND,li1,278.0700,130.5600,0.000654
_7638_,VGND,li1,272.7800,130.5600,0.000631
_7637_,VGND,li1,275.0800,130.5600,0.000645
_7636_,VGND,li1,271.6300,130.5600,0.000631
_7635_,VGND,li1,269.7900,136.0000,0.000413
_7634_,VGND,li1,265.6500,130.5600,0.000601
_7633_,VGND,li1,268.4100,130.5600,0.000614
_7632_,VGND,li1,266.5700,119.6800,0.000659
_7631_,VGND,li1,269.7900,130.5600,0.000623
_7630_,VGND,li1,257.6000,130.5600,0.000558
_7629_,VGND,li1,255.3000,130.5600,0.000544
_7628_,VGND,li1,257.8300,125.1200,0.000657
_7627_,VGND,li1,267.9500,130.5600,0.000614
_7626_,VGND,li1,295.3200,108.8000,0.001449
_7625_,VGND,li1,292.5600,108.8000,0.001440
_7624_,VGND,li1,295.7800,103.3600,0.001081
_7623_,VGND,li1,298.0800,97.9200,0.000535
_7622_,VGND,li1,302.4500,97.9200,0.000543
_7621_,VGND,li1,298.3100,108.8000,0.001454
_7620_,VGND,li1,296.9300,119.6800,0.000800
_7619_,VGND,li1,302.2200,119.6800,0.000815
_7618_,VGND,li1,301.5300,114.2400,0.000411
_7617_,VGND,li1,300.1500,103.3600,0.001106
_7616_,VGND,li1,292.3300,114.2400,0.000403
_7615_,VGND,li1,294.6300,114.2400,0.000405
_7614_,VGND,li1,290.9500,119.6800,0.000776
_7613_,VGND,li1,291.1800,119.6800,0.000776
_7612_,VGND,li1,283.3600,114.2400,0.000389
_7611_,VGND,li1,286.8100,119.6800,0.000758
_7610_,VGND,li1,282.6700,119.6800,0.000738
_7609_,VGND,li1,283.8200,119.6800,0.000738
_7608_,VGND,li1,270.0200,114.2400,0.000369
_7607_,VGND,li1,280.6000,119.6800,0.000730
_7606_,VGND,li1,279.4500,125.1200,0.000766
_7605_,VGND,li1,280.3700,119.6800,0.000730
_7604_,VGND,li1,278.0700,119.6800,0.000719
_7603_,VGND,li1,258.0600,119.6800,0.000614
_7602_,VGND,li1,272.0900,119.6800,0.000688
_7601_,VGND,li1,273.4700,125.1200,0.000740
_7600_,VGND,li1,268.4100,125.1200,0.000709
_7599_,VGND,li1,268.8700,125.1200,0.000709
_7598_,VGND,li1,252.3100,125.1200,0.000630
_7597_,VGND,li1,264.2700,119.6800,0.000640
_7596_,VGND,li1,261.7400,119.6800,0.000629
_7595_,VGND,li1,258.9800,125.1200,0.000666
_7594_,VGND,li1,259.6700,119.6800,0.000614
_7593_,VGND,li1,264.2700,119.6800,0.000640
_7592_,VGND,li1,302.9100,125.1200,0.000884
_7591_,VGND,li1,309.5800,119.6800,0.000834
_7590_,VGND,li1,303.8300,108.8000,0.001465
_7589_,VGND,li1,300.6100,108.8000,0.001458
_7588_,VGND,li1,299.6900,108.8000,0.001458
_7587_,VGND,li1,289.1100,108.8000,0.001435
_7586_,VGND,li1,291.8700,108.8000,0.001440
_7585_,VGND,li1,283.5900,108.8000,0.001421
_7584_,VGND,li1,284.7400,108.8000,0.001421
_7583_,VGND,li1,281.0600,97.9200,0.000500
_7582_,VGND,li1,279.9100,108.8000,0.001411
_7581_,VGND,li1,277.1500,108.8000,0.001398
_7580_,VGND,li1,277.3800,108.8000,0.001398
_7579_,VGND,li1,274.1600,108.8000,0.001388
_7578_,VGND,li1,270.2500,114.2400,0.000369
_7577_,VGND,li1,264.7300,114.2400,0.000360
_7576_,VGND,li1,267.7200,114.2400,0.000365
_7575_,VGND,li1,262.2000,108.8000,0.001314
_7574_,VGND,li1,260.1300,114.2400,0.000351
_7573_,VGND,li1,255.5300,114.2400,0.000340
_7572_,VGND,li1,257.8300,114.2400,0.000346
_7571_,VGND,li1,253.2300,108.8000,0.001207
_7570_,VGND,li1,252.3100,114.2400,0.000334
_7569_,VGND,li1,250.0100,125.1200,0.000612
_7568_,VGND,li1,251.8500,119.6800,0.000580
_7567_,VGND,li1,255.0700,125.1200,0.000646
_7566_,VGND,li1,308.8900,108.8000,0.001472
_7565_,VGND,li1,307.2800,103.3600,0.001138
_7564_,VGND,li1,301.0700,103.3600,0.001106
_7563_,VGND,li1,299.0000,97.9200,0.000539
_7562_,VGND,li1,298.5400,103.3600,0.001094
_7561_,VGND,li1,291.4100,97.9200,0.000524
_7560_,VGND,li1,292.7900,103.3600,0.001063
_7559_,VGND,li1,286.3500,103.3600,0.001026
_7558_,VGND,li1,290.7200,103.3600,0.001051
_7557_,VGND,li1,284.2800,92.4800,0.000602
_7556_,VGND,li1,282.6700,103.3600,0.001003
_7555_,VGND,li1,279.9100,103.3600,0.000984
_7554_,VGND,li1,279.6800,103.3600,0.000984
_7553_,VGND,li1,277.3800,103.3600,0.000969
_7552_,VGND,li1,273.4700,103.3600,0.000943
_7551_,VGND,li1,275.7700,108.8000,0.001398
_7550_,VGND,li1,268.4100,103.3600,0.000908
_7549_,VGND,li1,273.9300,108.8000,0.001388
_7548_,VGND,li1,265.4200,92.4800,0.000535
_7547_,VGND,li1,265.1900,108.8000,0.001344
_7546_,VGND,li1,260.3600,103.3600,0.000851
_7545_,VGND,li1,255.9900,108.8000,0.001252
_7544_,VGND,li1,259.4400,108.8000,0.001286
_7543_,VGND,li1,255.7600,103.3600,0.000816
_7542_,VGND,li1,255.5300,108.8000,0.001233
_7541_,VGND,li1,251.8500,103.3600,0.000775
_7540_,VGND,li1,253.6900,103.3600,0.000800
_7539_,VGND,li1,301.0700,92.4800,0.000648
_7538_,VGND,li1,305.4400,92.4800,0.000656
_7537_,VGND,li1,299.6900,92.4800,0.000643
_7536_,VGND,li1,297.1600,92.4800,0.000636
_7535_,VGND,li1,297.1600,92.4800,0.000636
_7534_,VGND,li1,294.6300,87.0400,0.000643
_7533_,VGND,li1,298.7700,92.4800,0.000643
_7532_,VGND,li1,290.9500,92.4800,0.000624
_7531_,VGND,li1,293.9400,92.4800,0.000631
_7530_,VGND,li1,283.5900,87.0400,0.000619
_7529_,VGND,li1,286.3500,92.4800,0.000610
_7528_,VGND,li1,285.8900,92.4800,0.000610
_7527_,VGND,li1,283.3600,92.4800,0.000602
_7526_,VGND,li1,281.0600,92.4800,0.000595
_7525_,VGND,li1,278.0700,92.4800,0.000585
_7524_,VGND,li1,277.1500,97.9200,0.000489
_7523_,VGND,li1,272.0900,97.9200,0.000479
_7522_,VGND,li1,274.8500,97.9200,0.000484
_7521_,VGND,li1,267.2600,87.0400,0.000577
_7520_,VGND,li1,268.8700,97.9200,0.000470
_7519_,VGND,li1,265.8800,97.9200,0.000461
_7518_,VGND,li1,260.5900,97.9200,0.000447
_7517_,VGND,li1,265.4200,97.9200,0.000461
_7516_,VGND,li1,258.9800,97.9200,0.000439
_7515_,VGND,li1,259.6700,92.4800,0.000521
_7514_,VGND,li1,258.0600,103.3600,0.000833
_7513_,VGND,li1,259.6700,103.3600,0.000833
_7512_,VGND,li1,257.8300,97.9200,0.000439
_7511_,VGND,li1,258.2900,81.6000,0.000808
_7510_,VGND,li1,260.3600,70.7200,0.000572
_7509_,VGND,li1,297.1600,70.7200,0.000675
_7508_,VGND,li1,294.4000,70.7200,0.000667
_7507_,VGND,li1,264.7300,70.7200,0.000592
_7506_,VGND,li1,301.0700,70.7200,0.000683
_7505_,VGND,li1,301.9900,81.6000,0.001058
_7504_,VGND,li1,297.6200,81.6000,0.001050
_7503_,VGND,li1,302.6800,76.1600,0.001601
_7502_,VGND,li1,298.7700,65.2800,0.000770
_7501_,VGND,li1,295.0900,76.1600,0.001565
_7500_,VGND,li1,296.4700,70.7200,0.000671
_7499_,VGND,li1,291.4100,76.1600,0.001544
_7498_,VGND,li1,294.4000,76.1600,0.001555
_7497_,VGND,li1,287.0400,76.1600,0.001519
_7496_,VGND,li1,290.9500,81.6000,0.001030
_7495_,VGND,li1,286.3500,81.6000,0.001000
_7494_,VGND,li1,283.5900,81.6000,0.000988
_7493_,VGND,li1,282.4400,76.1600,0.001492
_7492_,VGND,li1,279.9100,81.6000,0.000963
_7491_,VGND,li1,281.2900,87.0400,0.000610
_7490_,VGND,li1,280.3700,87.0400,0.000610
_7489_,VGND,li1,274.8500,87.0400,0.000597
_7488_,VGND,li1,277.8400,87.0400,0.000605
_7487_,VGND,li1,272.3200,81.6000,0.000910
_7486_,VGND,li1,270.2500,87.0400,0.000585
_7485_,VGND,li1,272.5500,87.0400,0.000592
_7484_,VGND,li1,268.6400,87.0400,0.000577
_7483_,VGND,li1,265.4200,87.0400,0.000568
_7482_,VGND,li1,264.5000,87.0400,0.000568
_7481_,VGND,li1,262.4300,87.0400,0.000557
_7480_,VGND,li1,259.9000,92.4800,0.000521
_7479_,VGND,li1,261.0500,87.0400,0.000557
_7478_,VGND,li1,258.9800,87.0400,0.000548
_7477_,VGND,li1,302.9100,65.2800,0.000774
_7476_,VGND,li1,308.2000,65.2800,0.000780
_7475_,VGND,li1,303.3700,65.2800,0.000774
_7474_,VGND,li1,307.9700,65.2800,0.000780
_7473_,VGND,li1,303.1400,59.8400,0.000367
_7472_,VGND,li1,297.1600,54.4000,0.000708
_7471_,VGND,li1,294.6300,65.2800,0.000765
_7470_,VGND,li1,298.3100,65.2800,0.000770
_7469_,VGND,li1,290.0300,65.2800,0.000754
_7468_,VGND,li1,294.4000,65.2800,0.000765
_7467_,VGND,li1,286.1200,59.8400,0.000349
_7466_,VGND,li1,285.8900,70.7200,0.000651
_7465_,VGND,li1,284.9700,70.7200,0.000651
_7464_,VGND,li1,289.3400,70.7200,0.000659
_7463_,VGND,li1,281.9800,65.2800,0.000738
_7462_,VGND,li1,279.9100,76.1600,0.001477
_7461_,VGND,li1,276.2300,76.1600,0.001455
_7460_,VGND,li1,277.8400,70.7200,0.000631
_7459_,VGND,li1,277.8400,65.2800,0.000726
_7458_,VGND,li1,277.1500,76.1600,0.001455
_7457_,VGND,li1,272.3200,76.1600,0.001421
_7456_,VGND,li1,273.9300,76.1600,0.001440
_7455_,VGND,li1,268.4100,76.1600,0.001404
_7454_,VGND,li1,271.4000,76.1600,0.001421
_7453_,VGND,li1,268.6400,81.6000,0.000884
_7452_,VGND,li1,265.6500,76.1600,0.001386
_7451_,VGND,li1,263.1200,81.6000,0.000844
_7450_,VGND,li1,264.7300,76.1600,0.001370
_7449_,VGND,li1,262.6600,76.1600,0.001358
_7448_,VGND,li1,301.0700,43.5200,0.000954
_7447_,VGND,li1,305.9000,48.9600,0.000515
_7446_,VGND,li1,303.8300,54.4000,0.000719
_7445_,VGND,li1,300.3800,54.4000,0.000714
_7444_,VGND,li1,299.2300,59.8400,0.000364
_7443_,VGND,li1,292.7900,54.4000,0.000699
_7442_,VGND,li1,291.4100,59.8400,0.000356
_7441_,VGND,li1,287.2700,48.9600,0.000476
_7440_,VGND,li1,287.2700,54.4000,0.000688
_7439_,VGND,li1,283.5900,54.4000,0.000678
_7438_,VGND,li1,284.2800,54.4000,0.000678
_7437_,VGND,li1,281.5200,48.9600,0.000460
_7436_,VGND,li1,280.3700,54.4000,0.000668
_7435_,VGND,li1,279.9100,59.8400,0.000344
_7434_,VGND,li1,282.9000,59.8400,0.000347
_7433_,VGND,li1,279.2200,38.0800,0.000306
_7432_,VGND,li1,276.6900,65.2800,0.000726
_7431_,VGND,li1,274.8500,70.7200,0.000622
_7430_,VGND,li1,273.0100,65.2800,0.000717
_7429_,VGND,li1,273.7000,59.8400,0.000336
_7428_,VGND,li1,270.4800,59.8400,0.000330
_7427_,VGND,li1,273.9300,65.2800,0.000717
_7426_,VGND,li1,268.6400,70.7200,0.000604
_7425_,VGND,li1,271.6300,65.2800,0.000711
_7424_,VGND,li1,270.4800,65.2800,0.000711
_7423_,VGND,li1,295.5500,38.0800,0.000325
_7422_,VGND,li1,305.9000,38.0800,0.000328
_7421_,VGND,li1,303.3700,54.4000,0.000719
_7420_,VGND,li1,266.5700,65.2800,0.000700
_7419_,VGND,li1,257.8300,65.2800,0.000648
_7418_,VGND,li1,266.1100,70.7200,0.000592
_7417_,VGND,li1,261.5100,59.8400,0.000317
_7416_,VGND,li1,255.9900,59.8400,0.000305
_7415_,VGND,li1,298.7700,48.9600,0.000506
_7414_,VGND,li1,295.0900,48.9600,0.000498
_7413_,VGND,li1,298.3100,48.9600,0.000506
_7412_,VGND,li1,294.4000,43.5200,0.000927
_7411_,VGND,li1,272.5500,48.9600,0.000433
_7410_,VGND,li1,292.3300,48.9600,0.000491
_7409_,VGND,li1,286.8100,43.5200,0.000889
_7408_,VGND,li1,291.1800,43.5200,0.000912
_7407_,VGND,li1,272.7800,43.5200,0.000806
_7406_,VGND,li1,281.2900,43.5200,0.000856
_7405_,VGND,li1,280.3700,43.5200,0.000856
_7404_,VGND,li1,283.3600,43.5200,0.000872
_7403_,VGND,li1,270.2500,38.0800,0.000293
_7402_,VGND,li1,281.2900,38.0800,0.000309
_7401_,VGND,li1,284.2800,38.0800,0.000313
_7400_,VGND,li1,277.1500,32.6400,0.000151
_7399_,VGND,li1,278.3000,32.6400,0.000151
_7398_,VGND,li1,277.8400,38.0800,0.000302
_7397_,VGND,li1,275.7700,38.0800,0.000300
_7396_,VGND,li1,274.6200,48.9600,0.000439
_7395_,VGND,li1,274.8500,38.0800,0.000300
_7394_,VGND,li1,277.3800,38.0800,0.000302
_7393_,VGND,li1,271.1700,54.4000,0.000632
_7392_,VGND,li1,275.5400,54.4000,0.000653
_7391_,VGND,li1,266.5700,59.8400,0.000326
_7390_,VGND,li1,258.0600,59.8400,0.000310
_7389_,VGND,li1,261.2800,54.4000,0.000595
_7388_,VGND,li1,264.5000,54.4000,0.000605
_7387_,VGND,li1,260.8200,54.4000,0.000595
_7386_,VGND,li1,261.7400,48.9600,0.000400
_7385_,VGND,li1,264.9600,48.9600,0.000410
_7384_,VGND,li1,254.8400,48.9600,0.000377
_7383_,VGND,li1,268.1800,48.9600,0.000420
_7382_,VGND,li1,268.1800,48.9600,0.000420
_7381_,VGND,li1,270.0200,43.5200,0.000795
_7380_,VGND,li1,267.7200,43.5200,0.000780
_7379_,VGND,li1,258.9800,43.5200,0.000726
_7378_,VGND,li1,271.8600,43.5200,0.000806
_7377_,VGND,li1,268.8700,43.5200,0.000780
_7376_,VGND,li1,263.1200,38.0800,0.000282
_7375_,VGND,li1,267.9500,38.0800,0.000290
_7374_,VGND,li1,259.9000,38.0800,0.000274
_7373_,VGND,li1,265.4200,38.0800,0.000285
_7372_,VGND,li1,264.9600,38.0800,0.000285
_7371_,VGND,li1,267.4900,27.2000,0.000188
_7370_,VGND,li1,268.1800,32.6400,0.000149
_7369_,VGND,li1,272.3200,32.6400,0.000150
_7368_,VGND,li1,273.0100,27.2000,0.000188
_7367_,VGND,li1,279.6800,32.6400,0.000151
_7366_,VGND,li1,274.3900,32.6400,0.000150
_7365_,VGND,li1,277.3800,27.2000,0.000188
_7364_,VGND,li1,261.9700,21.7600,0.000563
_7363_,VGND,li1,265.4200,27.2000,0.000187
_7362_,VGND,li1,263.8100,59.8400,0.000321
_7361_,VGND,li1,255.5300,70.7200,0.000557
_7360_,VGND,li1,249.3200,65.2800,0.000594
_7359_,VGND,li1,261.9700,70.7200,0.000583
_7358_,VGND,li1,259.2100,59.8400,0.000310
_7357_,VGND,li1,255.5300,54.4000,0.000570
_7356_,VGND,li1,250.7000,54.4000,0.000544
_7355_,VGND,li1,252.7700,54.4000,0.000556
_7354_,VGND,li1,245.6400,54.4000,0.000519
_7353_,VGND,li1,253.0000,48.9600,0.000370
_7352_,VGND,li1,252.0800,48.9600,0.000361
_7351_,VGND,li1,256.2200,43.5200,0.000703
_7350_,VGND,li1,249.3200,43.5200,0.000662
_7349_,VGND,li1,245.1800,43.5200,0.000634
_7348_,VGND,li1,255.3000,48.9600,0.000377
_7347_,VGND,li1,255.5300,43.5200,0.000703
_7346_,VGND,li1,252.0800,38.0800,0.000262
_7345_,VGND,li1,254.1500,38.0800,0.000266
_7344_,VGND,li1,247.9400,38.0800,0.000253
_7343_,VGND,li1,254.8400,38.0800,0.000266
_7342_,VGND,li1,256.9100,38.0800,0.000271
_7341_,VGND,li1,252.3100,32.6400,0.000145
_7340_,VGND,li1,256.2200,27.2000,0.000183
_7339_,VGND,li1,255.7600,32.6400,0.000146
_7338_,VGND,li1,260.3600,27.2000,0.000185
_7337_,VGND,li1,259.6700,32.6400,0.000147
_7336_,VGND,li1,264.9600,32.6400,0.000148
_7335_,VGND,li1,263.5800,27.2000,0.000186
_7334_,VGND,li1,271.1700,27.2000,0.000188
_7333_,VGND,li1,250.4700,27.2000,0.000178
_7332_,VGND,li1,255.7600,27.2000,0.000183
_7331_,VGND,li1,254.1500,70.7200,0.000557
_7330_,VGND,li1,249.5500,70.7200,0.000538
_7329_,VGND,li1,248.1700,59.8400,0.000284
_7328_,VGND,li1,253.2300,59.8400,0.000299
_7327_,VGND,li1,243.1100,59.8400,0.000273
_7326_,VGND,li1,246.7900,59.8400,0.000284
_7325_,VGND,li1,243.1100,54.4000,0.000502
_7324_,VGND,li1,243.8000,48.9600,0.000337
_7323_,VGND,li1,246.1000,48.9600,0.000345
_7322_,VGND,li1,238.2800,48.9600,0.000313
_7321_,VGND,li1,243.8000,48.9600,0.000337
_7320_,VGND,li1,252.7700,43.5200,0.000678
_7319_,VGND,li1,247.9400,43.5200,0.000650
_7318_,VGND,li1,245.8700,43.5200,0.000634
_7317_,VGND,li1,243.3400,43.5200,0.000615
_7316_,VGND,li1,241.9600,38.0800,0.000237
_7315_,VGND,li1,244.9500,38.0800,0.000247
_7314_,VGND,li1,248.6300,32.6400,0.000144
_7313_,VGND,li1,244.2600,32.6400,0.000142
_7312_,VGND,li1,245.1800,32.6400,0.000142
_7311_,VGND,li1,248.8600,27.2000,0.000178
_7310_,VGND,li1,248.1700,32.6400,0.000144
_7309_,VGND,li1,251.6200,27.2000,0.000180
_7308_,VGND,li1,258.5200,27.2000,0.000185
_7307_,VGND,li1,253.6900,27.2000,0.000181
_7306_,VGND,li1,253.4600,65.2800,0.000620
_7305_,VGND,li1,247.7100,76.1600,0.001177
_7304_,VGND,li1,252.5400,76.1600,0.001258
_7303_,VGND,li1,255.9900,76.1600,0.001304
_7302_,VGND,li1,255.0700,81.6000,0.000773
_7301_,VGND,li1,227.9300,81.6000,0.000580
_7300_,VGND,li1,226.5500,87.0400,0.000414
_7299_,VGND,li1,223.5600,81.6000,0.000543
_7298_,VGND,li1,221.7200,76.1600,0.000817
_7297_,VGND,li1,222.8700,76.1600,0.000817
_7296_,VGND,li1,245.8700,70.7200,0.000524
_7295_,VGND,li1,246.3300,70.7200,0.000524
_7294_,VGND,li1,243.5700,70.7200,0.000514
_7293_,VGND,li1,244.2600,65.2800,0.000562
_7292_,VGND,li1,246.1000,65.2800,0.000573
_7291_,VGND,li1,242.1900,65.2800,0.000548
_7290_,VGND,li1,214.8200,65.2800,0.000364
_7289_,VGND,li1,240.5800,59.8400,0.000266
_7288_,VGND,li1,240.1200,59.8400,0.000260
_7287_,VGND,li1,238.7400,54.4000,0.000475
_7286_,VGND,li1,241.0400,54.4000,0.000489
_7285_,VGND,li1,219.4200,54.4000,0.000367
_7284_,VGND,li1,242.8800,54.4000,0.000502
_7283_,VGND,li1,239.8900,54.4000,0.000489
_7282_,VGND,li1,238.7400,48.9600,0.000313
_7281_,VGND,li1,235.7500,48.9600,0.000306
_7280_,VGND,li1,230.4600,48.9600,0.000284
_7279_,VGND,li1,232.7600,43.5200,0.000549
_7278_,VGND,li1,239.8900,43.5200,0.000598
_7277_,VGND,li1,234.3700,32.6400,0.000137
_7276_,VGND,li1,231.8400,38.0800,0.000218
_7275_,VGND,li1,235.0600,38.0800,0.000222
_7274_,VGND,li1,238.7400,32.6400,0.000138
_7273_,VGND,li1,234.8300,27.2000,0.000163
_7272_,VGND,li1,240.5800,32.6400,0.000140
_7271_,VGND,li1,240.1200,27.2000,0.000170
_7270_,VGND,li1,246.7900,27.2000,0.000176
_7269_,VGND,li1,222.4100,27.2000,0.000145
_7268_,VGND,li1,231.3800,32.6400,0.000134
_7267_,VGND,li1,227.9300,70.7200,0.000437
_7266_,VGND,li1,221.4900,70.7200,0.000399
_7265_,VGND,li1,224.2500,76.1600,0.000851
_7264_,VGND,li1,216.4300,70.7200,0.000366
_7263_,VGND,li1,218.5000,70.7200,0.000379
_7262_,VGND,li1,218.0400,65.2800,0.000387
_7261_,VGND,li1,214.8200,65.2800,0.000364
_7260_,VGND,li1,207.0000,70.7200,0.000302
_7259_,VGND,li1,218.0400,65.2800,0.000387
_7258_,VGND,li1,213.4400,59.8400,0.000173
_7257_,VGND,li1,215.2800,59.8400,0.000186
_7256_,VGND,li1,212.9800,59.8400,0.000173
_7255_,VGND,li1,207.9200,59.8400,0.000159
_7254_,VGND,li1,212.9800,54.4000,0.000327
_7253_,VGND,li1,215.9700,54.4000,0.000345
_7252_,VGND,li1,223.1000,54.4000,0.000395
_7251_,VGND,li1,221.0300,54.4000,0.000382
_7250_,VGND,li1,224.0200,59.8400,0.000212
_7249_,VGND,li1,223.1000,48.9600,0.000255
_7248_,VGND,li1,227.0100,48.9600,0.000271
_7247_,VGND,li1,224.7100,48.9600,0.000255
_7246_,VGND,li1,226.7800,43.5200,0.000496
_7245_,VGND,li1,228.1600,48.9600,0.000271
_7244_,VGND,li1,230.0000,38.0800,0.000212
_7243_,VGND,li1,227.0100,38.0800,0.000207
_7242_,VGND,li1,229.0800,38.0800,0.000212
_7241_,VGND,li1,227.4700,32.6400,0.000131
_7240_,VGND,li1,229.5400,32.6400,0.000133
_7239_,VGND,li1,204.0100,70.7200,0.000271
_7238_,VGND,li1,202.6300,70.7200,0.000271
_7237_,VGND,li1,198.9500,65.2800,0.000239
_7236_,VGND,li1,250.4700,108.8000,0.001189
_7235_,VGND,li1,196.8800,70.7200,0.000230
_7234_,VGND,li1,217.8100,38.0800,0.000185
_7233_,VGND,li1,226.3200,43.5200,0.000496
_7232_,VGND,li1,222.4100,70.7200,0.000399
_7231_,VGND,li1,221.4900,81.6000,0.000525
_7230_,VGND,li1,221.2600,87.0400,0.000386
_7229_,VGND,li1,223.7900,70.7200,0.000413
_7228_,VGND,li1,221.0300,76.1600,0.000787
_7227_,VGND,li1,214.3600,70.7200,0.000352
_7226_,VGND,li1,217.8100,76.1600,0.000742
_7225_,VGND,li1,208.3800,76.1600,0.000618
_7224_,VGND,li1,213.9000,76.1600,0.000701
_7223_,VGND,li1,209.7600,70.7200,0.000319
_7222_,VGND,li1,207.6900,70.7200,0.000302
_7221_,VGND,li1,205.1600,65.2800,0.000295
_7220_,VGND,li1,209.5300,70.7200,0.000319
_7219_,VGND,li1,206.5400,76.1600,0.000570
_7218_,VGND,li1,206.5400,65.2800,0.000295
_7217_,VGND,li1,208.8400,65.2800,0.000321
_7216_,VGND,li1,222.6400,65.2800,0.000418
_7215_,VGND,li1,223.1000,59.8400,0.000212
_7214_,VGND,li1,230.9200,76.1600,0.000951
_7213_,VGND,li1,226.7800,59.8400,0.000224
_7212_,VGND,li1,226.5500,59.8400,0.000224
_7211_,VGND,li1,230.6900,59.8400,0.000237
_7210_,VGND,li1,235.0600,59.8400,0.000247
_7209_,VGND,li1,231.8400,59.8400,0.000237
_7208_,VGND,li1,232.3000,54.4000,0.000448
_7207_,VGND,li1,230.6900,54.4000,0.000434
_7206_,VGND,li1,230.9200,48.9600,0.000284
_7205_,VGND,li1,229.3100,43.5200,0.000525
_7204_,VGND,li1,223.1000,43.5200,0.000481
_7203_,VGND,li1,198.2600,70.7200,0.000230
_7202_,VGND,li1,193.8900,70.7200,0.000208
_7201_,VGND,li1,200.7900,70.7200,0.000258
_7200_,VGND,li1,195.2700,70.7200,0.000208
_7199_,VGND,li1,193.8900,70.7200,0.000208
_7198_,VGND,li1,187.9100,76.1600,0.000308
_7197_,VGND,li1,203.0900,76.1600,0.000517
_7196_,VGND,li1,195.9600,76.1600,0.000430
_7195_,VGND,li1,227.0100,70.7200,0.000425
_7194_,VGND,li1,234.1400,65.2800,0.000496
_7193_,VGND,li1,230.9200,81.6000,0.000605
_7192_,VGND,li1,223.7900,87.0400,0.000397
_7191_,VGND,li1,226.5500,81.6000,0.000559
_7190_,VGND,li1,219.1900,87.0400,0.000376
_7189_,VGND,li1,216.6600,87.0400,0.000364
_7188_,VGND,li1,214.8200,87.0400,0.000354
_7187_,VGND,li1,216.2000,87.0400,0.000354
_7186_,VGND,li1,213.2100,87.0400,0.000343
_7185_,VGND,li1,208.3800,87.0400,0.000317
_7184_,VGND,li1,207.4600,87.0400,0.000302
_7183_,VGND,li1,207.0000,81.6000,0.000397
_7182_,VGND,li1,207.4600,81.6000,0.000397
_7181_,VGND,li1,204.2400,81.6000,0.000372
_7180_,VGND,li1,209.9900,81.6000,0.000424
_7179_,VGND,li1,231.8400,81.6000,0.000605
_7178_,VGND,li1,229.5400,81.6000,0.000580
_7177_,VGND,li1,234.6000,87.0400,0.000449
_7176_,VGND,li1,235.5200,81.6000,0.000641
_7175_,VGND,li1,234.3700,76.1600,0.000985
_7174_,VGND,li1,239.4300,76.1600,0.001074
_7173_,VGND,li1,239.2000,81.6000,0.000656
_7172_,VGND,li1,240.1200,76.1600,0.001074
_7171_,VGND,li1,239.2000,70.7200,0.000494
_7170_,VGND,li1,237.1300,70.7200,0.000479
_7169_,VGND,li1,237.3600,59.8400,0.000255
_7168_,VGND,li1,236.2100,70.7200,0.000479
_7167_,VGND,li1,233.6800,70.7200,0.000468
_7166_,VGND,li1,198.0300,81.6000,0.000305
_7165_,VGND,li1,195.9600,76.1600,0.000430
_7164_,VGND,li1,194.8100,81.6000,0.000286
_7163_,VGND,li1,186.9900,76.1600,0.000280
_7162_,VGND,li1,192.9700,76.1600,0.000385
_7161_,VGND,li1,189.2900,76.1600,0.000308
_7160_,VGND,li1,190.6700,76.1600,0.000350
_7159_,VGND,li1,184.2300,76.1600,0.000252
_7158_,VGND,li1,182.1600,76.1600,0.000207
_7157_,VGND,li1,188.6000,81.6000,0.000228
_7156_,VGND,li1,252.7700,92.4800,0.000497
_7155_,VGND,li1,253.9200,87.0400,0.000535
_7154_,VGND,li1,229.7700,87.0400,0.000430
_7153_,VGND,li1,226.0900,92.4800,0.000390
_7152_,VGND,li1,225.1700,92.4800,0.000380
_7151_,VGND,li1,226.7800,125.1200,0.000483
_7150_,VGND,li1,227.9300,136.0000,0.000296
_7149_,VGND,li1,222.4100,125.1200,0.000454
_7148_,VGND,li1,227.4700,130.5600,0.000403
_7147_,VGND,li1,221.9500,92.4800,0.000365
_7146_,VGND,li1,226.5500,87.0400,0.000414
_7145_,VGND,li1,218.7300,92.4800,0.000356
_7144_,VGND,li1,218.5000,92.4800,0.000347
_7143_,VGND,li1,214.1300,97.9200,0.000264
_7142_,VGND,li1,217.5800,97.9200,0.000281
_7141_,VGND,li1,207.4600,97.9200,0.000233
_7140_,VGND,li1,205.3900,97.9200,0.000222
_7139_,VGND,li1,209.3000,92.4800,0.000311
_7138_,VGND,li1,212.7500,92.4800,0.000319
_7137_,VGND,li1,209.3000,97.9200,0.000242
_7136_,VGND,li1,209.7600,92.4800,0.000311
_7135_,VGND,li1,205.6200,92.4800,0.000283
_7134_,VGND,li1,207.6900,92.4800,0.000294
_7133_,VGND,li1,228.6200,92.4800,0.000401
_7132_,VGND,li1,234.1400,92.4800,0.000425
_7131_,VGND,li1,234.1400,92.4800,0.000425
_7130_,VGND,li1,239.2000,92.4800,0.000442
_7129_,VGND,li1,233.9100,87.0400,0.000449
_7128_,VGND,li1,238.9700,87.0400,0.000472
_7127_,VGND,li1,245.6400,92.4800,0.000469
_7126_,VGND,li1,242.4200,87.0400,0.000484
_7125_,VGND,li1,239.6600,87.0400,0.000472
_7124_,VGND,li1,241.7300,87.0400,0.000484
_7123_,VGND,li1,241.5000,81.6000,0.000678
_7122_,VGND,li1,247.2500,87.0400,0.000505
_7121_,VGND,li1,249.3200,87.0400,0.000516
_7120_,VGND,li1,198.0300,92.4800,0.000252
_7119_,VGND,li1,200.3300,87.0400,0.000266
_7118_,VGND,li1,194.8100,87.0400,0.000237
_7117_,VGND,li1,196.1900,87.0400,0.000237
_7116_,VGND,li1,191.1300,87.0400,0.000215
_7115_,VGND,li1,187.9100,87.0400,0.000196
_7114_,VGND,li1,189.2900,87.0400,0.000196
_7113_,VGND,li1,187.9100,87.0400,0.000196
_7112_,VGND,li1,184.4600,87.0400,0.000175
_7111_,VGND,li1,196.8800,103.3600,0.000295
_7110_,VGND,li1,197.1100,103.3600,0.000295
_7109_,VGND,li1,192.2800,92.4800,0.000222
_7108_,VGND,li1,251.3900,92.4800,0.000486
_7107_,VGND,li1,252.7700,92.4800,0.000497
_7106_,VGND,li1,232.3000,125.1200,0.000515
_7105_,VGND,li1,231.6100,125.1200,0.000515
_7104_,VGND,li1,225.1700,125.1200,0.000470
_7103_,VGND,li1,222.8700,130.5600,0.000376
_7102_,VGND,li1,220.5700,125.1200,0.000438
_7101_,VGND,li1,221.4900,119.6800,0.000401
_7100_,VGND,li1,222.8700,125.1200,0.000454
_7099_,VGND,li1,223.7900,119.6800,0.000417
_7098_,VGND,li1,218.2700,119.6800,0.000379
_7097_,VGND,li1,214.8200,114.2400,0.000215
_7096_,VGND,li1,217.1200,108.8000,0.000723
_7095_,VGND,li1,218.0400,103.3600,0.000493
_7094_,VGND,li1,215.7400,108.8000,0.000723
_7093_,VGND,li1,211.1400,103.3600,0.000427
_7092_,VGND,li1,213.4400,103.3600,0.000451
_7091_,VGND,li1,213.9000,97.9200,0.000264
_7090_,VGND,li1,224.4800,97.9200,0.000309
_7089_,VGND,li1,227.7000,97.9200,0.000326
_7088_,VGND,li1,233.2200,108.8000,0.000959
_7087_,VGND,li1,231.3800,92.4800,0.000413
_7086_,VGND,li1,232.9900,97.9200,0.000349
_7085_,VGND,li1,240.8100,97.9200,0.000377
_7084_,VGND,li1,239.2000,103.3600,0.000682
_7083_,VGND,li1,237.3600,97.9200,0.000367
_7082_,VGND,li1,236.4400,97.9200,0.000358
_7081_,VGND,li1,239.8900,97.9200,0.000377
_7080_,VGND,li1,238.2800,92.4800,0.000442
_7079_,VGND,li1,245.4100,97.9200,0.000398
_7078_,VGND,li1,248.4000,92.4800,0.000479
_7077_,VGND,li1,226.3200,103.3600,0.000568
_7076_,VGND,li1,227.9300,97.9200,0.000326
_7075_,VGND,li1,200.7900,97.9200,0.000198
_7074_,VGND,li1,203.5500,97.9200,0.000211
_7073_,VGND,li1,195.7300,97.9200,0.000174
_7072_,VGND,li1,198.0300,97.9200,0.000186
_7071_,VGND,li1,190.2100,97.9200,0.000146
_7070_,VGND,li1,189.2900,97.9200,0.000135
_7069_,VGND,li1,192.5100,97.9200,0.000158
_7068_,VGND,li1,186.9900,92.4800,0.000190
_7067_,VGND,li1,189.9800,92.4800,0.000205
_7066_,VGND,li1,204.0100,103.3600,0.000354
_7065_,VGND,li1,187.6800,103.3600,0.000208
_7064_,VGND,li1,243.5700,108.8000,0.001116
_7063_,VGND,li1,246.1000,103.3600,0.000741
_7062_,VGND,li1,236.2100,125.1200,0.000542
_7061_,VGND,li1,224.2500,136.0000,0.000286
_7060_,VGND,li1,226.3200,136.0000,0.000296
_7059_,VGND,li1,225.6300,130.5600,0.000387
_7058_,VGND,li1,220.8000,130.5600,0.000361
_7057_,VGND,li1,223.1000,130.5600,0.000376
_7056_,VGND,li1,218.0400,125.1200,0.000420
_7055_,VGND,li1,215.7400,130.5600,0.000333
_7054_,VGND,li1,213.9000,125.1200,0.000393
_7053_,VGND,li1,215.2800,119.6800,0.000351
_7052_,VGND,li1,209.7600,119.6800,0.000317
_7051_,VGND,li1,211.6000,114.2400,0.000202
_7050_,VGND,li1,211.8300,108.8000,0.000665
_7049_,VGND,li1,208.1500,108.8000,0.000611
_7048_,VGND,li1,223.1000,114.2400,0.000241
_7047_,VGND,li1,210.9100,114.2400,0.000194
_7046_,VGND,li1,228.1600,108.8000,0.000900
_7045_,VGND,li1,226.7800,114.2400,0.000258
_7044_,VGND,li1,228.1600,108.8000,0.000900
_7043_,VGND,li1,226.7800,114.2400,0.000258
_7042_,VGND,li1,236.6700,108.8000,0.001001
_7041_,VGND,li1,240.1200,108.8000,0.001068
_7040_,VGND,li1,232.3000,108.8000,0.000959
_7039_,VGND,li1,235.2900,108.8000,0.001001
_7038_,VGND,li1,236.4400,103.3600,0.000658
_7037_,VGND,li1,233.9100,103.3600,0.000636
_7036_,VGND,li1,237.5900,103.3600,0.000658
_7035_,VGND,li1,223.7900,108.8000,0.000815
_7034_,VGND,li1,220.5700,103.3600,0.000516
_7033_,VGND,li1,220.1100,108.8000,0.000785
_7032_,VGND,li1,204.0100,108.8000,0.000542
_7031_,VGND,li1,203.7800,114.2400,0.000170
_7030_,VGND,li1,203.5500,108.8000,0.000542
_7029_,VGND,li1,206.7700,108.8000,0.000573
_7028_,VGND,li1,196.1900,108.8000,0.000430
_7027_,VGND,li1,198.9500,108.8000,0.000472
_7026_,VGND,li1,188.3700,108.8000,0.000312
_7025_,VGND,li1,190.6700,108.8000,0.000347
_7024_,VGND,li1,191.5900,103.3600,0.000243
_7023_,VGND,li1,188.8300,103.3600,0.000208
_7022_,VGND,li1,185.6100,103.3600,0.000189
_7021_,VGND,li1,196.4200,114.2400,0.000139
_7020_,VGND,li1,184.9200,119.6800,0.000138
_7019_,VGND,li1,244.4900,114.2400,0.000310
_7018_,VGND,li1,246.5600,119.6800,0.000546
_7017_,VGND,li1,231.6100,136.0000,0.000316
_7016_,VGND,li1,221.4900,136.0000,0.000275
_7015_,VGND,li1,216.4300,136.0000,0.000257
_7014_,VGND,li1,216.4300,130.5600,0.000333
_7013_,VGND,li1,191.8200,136.0000,0.000145
_7012_,VGND,li1,218.7300,136.0000,0.000266
_7011_,VGND,li1,211.1400,130.5600,0.000304
_7010_,VGND,li1,214.3600,125.1200,0.000393
_7009_,VGND,li1,213.2100,130.5600,0.000318
_7008_,VGND,li1,203.3200,130.5600,0.000257
_7007_,VGND,li1,204.7000,125.1200,0.000315
_7006_,VGND,li1,210.6800,125.1200,0.000368
_7005_,VGND,li1,205.6200,119.6800,0.000291
_7004_,VGND,li1,208.6100,125.1200,0.000352
_7003_,VGND,li1,206.5400,119.6800,0.000291
_7002_,VGND,li1,209.3000,119.6800,0.000317
_7001_,VGND,li1,208.3800,130.5600,0.000288
_7000_,VGND,li1,226.7800,119.6800,0.000436
_6999_,VGND,li1,229.0800,119.6800,0.000450
_6998_,VGND,li1,237.1300,119.6800,0.000489
_6997_,VGND,li1,238.2800,114.2400,0.000293
_6996_,VGND,li1,242.8800,114.2400,0.000310
_6995_,VGND,li1,233.9100,114.2400,0.000281
_6994_,VGND,li1,232.3000,114.2400,0.000272
_6993_,VGND,li1,235.7500,119.6800,0.000489
_6992_,VGND,li1,235.2900,114.2400,0.000281
_6991_,VGND,li1,200.7900,114.2400,0.000157
_6990_,VGND,li1,198.9500,114.2400,0.000150
_6989_,VGND,li1,195.5000,114.2400,0.000130
_6988_,VGND,li1,192.0500,119.6800,0.000191
_6987_,VGND,li1,195.7300,119.6800,0.000208
_6986_,VGND,li1,196.1900,125.1200,0.000252
_6985_,VGND,li1,196.1900,119.6800,0.000221
_6984_,VGND,li1,189.7500,119.6800,0.000174
_6983_,VGND,li1,192.5100,119.6800,0.000191
_6982_,VGND,li1,185.1500,114.2400,0.000089
_6981_,VGND,li1,189.2900,114.2400,0.000108
_6980_,VGND,li1,185.1500,114.2400,0.000089
_6979_,VGND,li1,183.0800,114.2400,0.000075
_6978_,VGND,li1,181.9300,114.2400,0.000075
_6977_,VGND,li1,189.5200,125.1200,0.000185
_6976_,VGND,li1,181.2400,125.1200,0.000130
_6975_,VGND,li1,185.1500,130.5600,0.000137
_6974_,VGND,li1,229.0800,136.0000,0.000306
_6973_,VGND,li1,237.1300,130.5600,0.000448
_6972_,VGND,li1,242.4200,130.5600,0.000479
_6971_,VGND,li1,235.7500,136.0000,0.000325
_6970_,VGND,li1,234.1400,136.0000,0.000325
_6969_,VGND,li1,231.8400,136.0000,0.000316
_6968_,VGND,li1,228.3900,141.4400,0.000363
_6967_,VGND,li1,224.9400,146.8800,0.000564
_6966_,VGND,li1,213.6700,141.4400,0.000286
_6965_,VGND,li1,216.4300,141.4400,0.000302
_6964_,VGND,li1,197.5700,136.0000,0.000173
_6963_,VGND,li1,189.5200,136.0000,0.000131
_6962_,VGND,li1,192.5100,141.4400,0.000155
_6961_,VGND,li1,194.8100,136.0000,0.000159
_6960_,VGND,li1,194.5800,136.0000,0.000159
_6959_,VGND,li1,197.3400,136.0000,0.000173
_6958_,VGND,li1,201.0200,130.5600,0.000242
_6957_,VGND,li1,202.4000,136.0000,0.000196
_6956_,VGND,li1,204.7000,130.5600,0.000257
_6955_,VGND,li1,204.7000,136.0000,0.000206
_6954_,VGND,li1,206.0800,125.1200,0.000332
_6953_,VGND,li1,207.4600,130.5600,0.000274
_6952_,VGND,li1,239.2000,130.5600,0.000460
_6951_,VGND,li1,240.5800,125.1200,0.000567
_6950_,VGND,li1,242.4200,141.4400,0.000425
_6949_,VGND,li1,242.4200,125.1200,0.000577
_6948_,VGND,li1,239.8900,125.1200,0.000557
_6947_,VGND,li1,242.8800,119.6800,0.000530
_6946_,VGND,li1,238.7400,125.1200,0.000557
_6945_,VGND,li1,247.2500,125.1200,0.000600
_6944_,VGND,li1,246.5600,125.1200,0.000600
_6943_,VGND,li1,192.9700,125.1200,0.000226
_6942_,VGND,li1,192.9700,125.1200,0.000226
_6941_,VGND,li1,189.2900,130.5600,0.000165
_6940_,VGND,li1,187.9100,125.1200,0.000185
_6939_,VGND,li1,190.9000,125.1200,0.000209
_6938_,VGND,li1,183.7700,136.0000,0.000099
_6937_,VGND,li1,181.0100,136.0000,0.000080
_6936_,VGND,li1,180.5500,130.5600,0.000107
_6935_,VGND,li1,183.3100,130.5600,0.000125
_6934_,VGND,li1,178.7100,125.1200,0.000097
_6933_,VGND,li1,182.8500,125.1200,0.000130
_6932_,VGND,li1,177.3300,125.1200,0.000097
_6931_,VGND,li1,176.6400,119.6800,0.000095
_6930_,VGND,li1,175.4900,125.1200,0.000100
_6929_,VGND,li1,173.8800,136.0000,0.000074
_6928_,VGND,li1,175.2600,141.4400,0.000067
_6927_,VGND,li1,188.1400,141.4400,0.000127
_6926_,VGND,li1,207.0000,141.4400,0.000242
_6925_,VGND,li1,236.2100,146.8800,0.000655
_6924_,VGND,li1,239.6600,146.8800,0.000689
_6923_,VGND,li1,234.8300,146.8800,0.000638
_6922_,VGND,li1,233.2200,146.8800,0.000638
_6921_,VGND,li1,228.6200,146.8800,0.000600
_6920_,VGND,li1,229.3100,152.3200,0.000361
_6919_,VGND,li1,227.9300,146.8800,0.000581
_6918_,VGND,li1,221.4900,141.4400,0.000324
_6917_,VGND,li1,221.0300,146.8800,0.000537
_6916_,VGND,li1,216.4300,141.4400,0.000302
_6915_,VGND,li1,217.8100,152.3200,0.000304
_6914_,VGND,li1,215.0500,146.8800,0.000485
_6913_,VGND,li1,207.2300,146.8800,0.000413
_6912_,VGND,li1,204.4700,141.4400,0.000231
_6911_,VGND,li1,200.5600,157.7600,0.000267
_6910_,VGND,li1,201.2500,146.8800,0.000356
_6909_,VGND,li1,199.8700,141.4400,0.000202
_6908_,VGND,li1,195.2700,146.8800,0.000282
_6907_,VGND,li1,195.0400,141.4400,0.000172
_6906_,VGND,li1,196.8800,152.3200,0.000193
_6905_,VGND,li1,202.6300,141.4400,0.000216
_6904_,VGND,li1,206.3100,141.4400,0.000242
_6903_,VGND,li1,208.6100,141.4400,0.000256
_6902_,VGND,li1,210.6800,152.3200,0.000264
_6901_,VGND,li1,240.8100,141.4400,0.000425
_6900_,VGND,li1,237.1300,146.8800,0.000670
_6899_,VGND,li1,244.0300,141.4400,0.000438
_6898_,VGND,li1,245.4100,141.4400,0.000438
_6897_,VGND,li1,252.0800,125.1200,0.000630
_6896_,VGND,li1,177.3300,136.0000,0.000068
_6895_,VGND,li1,174.1100,136.0000,0.000074
_6894_,VGND,li1,175.0300,130.5600,0.000093
_6893_,VGND,li1,172.5000,130.5600,0.000098
_6892_,VGND,li1,187.9100,146.8800,0.000223
_6891_,VGND,li1,185.3800,141.4400,0.000108
_6890_,VGND,li1,182.3900,141.4400,0.000090
_6889_,VGND,li1,178.7100,141.4400,0.000067
_6888_,VGND,li1,172.7300,141.4400,0.000068
_6887_,VGND,li1,169.0500,141.4400,0.000068
_6886_,VGND,li1,171.5800,141.4400,0.000068
_6885_,VGND,li1,184.2300,152.3200,0.000122
_6884_,VGND,li1,191.1300,141.4400,0.000139
_6883_,VGND,li1,232.5300,157.7600,0.000455
_6882_,VGND,li1,235.0600,152.3200,0.000389
_6881_,VGND,li1,231.1500,152.3200,0.000371
_6880_,VGND,li1,246.3300,157.7600,0.000520
_6879_,VGND,li1,227.9300,152.3200,0.000348
_6878_,VGND,li1,226.5500,152.3200,0.000348
_6877_,VGND,li1,224.7100,152.3200,0.000331
_6876_,VGND,li1,222.4100,152.3200,0.000319
_6875_,VGND,li1,221.2600,157.7600,0.000383
_6874_,VGND,li1,218.2700,157.7600,0.000365
_6873_,VGND,li1,214.8200,157.7600,0.000354
_6872_,VGND,li1,200.5600,152.3200,0.000204
_6871_,VGND,li1,201.9400,157.7600,0.000267
_6870_,VGND,li1,197.3400,157.7600,0.000239
_6869_,VGND,li1,200.1000,157.7600,0.000254
_6868_,VGND,li1,202.4000,168.6400,0.000176
_6867_,VGND,li1,194.5800,157.7600,0.000220
_6866_,VGND,li1,197.3400,157.7600,0.000239
_6865_,VGND,li1,205.1600,157.7600,0.000295
_6864_,VGND,li1,203.5500,152.3200,0.000227
_6863_,VGND,li1,207.9200,152.3200,0.000252
_6862_,VGND,li1,208.3800,152.3200,0.000252
_6861_,VGND,li1,213.2100,152.3200,0.000277
_6860_,VGND,li1,210.2200,152.3200,0.000264
_6859_,VGND,li1,212.7500,152.3200,0.000277
_6858_,VGND,li1,190.2100,152.3200,0.000156
_6857_,VGND,li1,188.6000,157.7600,0.000190
_6856_,VGND,li1,186.9900,152.3200,0.000132
_6855_,VGND,li1,187.9100,152.3200,0.000143
_6854_,VGND,li1,169.5100,136.0000,0.000080
_6853_,VGND,li1,192.5100,152.3200,0.000167
_6852_,VGND,li1,181.4700,157.7600,0.000143
_6851_,VGND,li1,182.8500,146.8800,0.000154
_6850_,VGND,li1,184.6900,146.8800,0.000180
_6849_,VGND,li1,176.4100,152.3200,0.000099
_6848_,VGND,li1,170.4300,146.8800,0.000113
_6847_,VGND,li1,179.6300,152.3200,0.000091
_6846_,VGND,li1,183.3100,157.7600,0.000155
_6845_,VGND,li1,256.4500,163.2000,0.000558
_6844_,VGND,li1,258.5200,157.7600,0.000574
_6843_,VGND,li1,252.3100,157.7600,0.000547
_6842_,VGND,li1,250.4700,157.7600,0.000539
_6841_,VGND,li1,244.4900,157.7600,0.000509
_6840_,VGND,li1,244.0300,157.7600,0.000509
_6839_,VGND,li1,241.0400,157.7600,0.000495
_6838_,VGND,li1,226.5500,157.7600,0.000422
_6837_,VGND,li1,222.4100,157.7600,0.000398
_6836_,VGND,li1,223.1000,163.2000,0.000377
_6835_,VGND,li1,220.5700,157.7600,0.000383
_6834_,VGND,li1,214.3600,163.2000,0.000323
_6833_,VGND,li1,212.2900,163.2000,0.000312
_6832_,VGND,li1,209.7600,168.6400,0.000203
_6831_,VGND,li1,213.6700,163.2000,0.000323
_6830_,VGND,li1,209.7600,163.2000,0.000299
_6829_,VGND,li1,214.8200,168.6400,0.000220
_6828_,VGND,li1,205.6200,168.6400,0.000188
_6827_,VGND,li1,203.3200,163.2000,0.000261
_6826_,VGND,li1,209.0700,174.0800,0.000301
_6825_,VGND,li1,205.1600,174.0800,0.000289
_6824_,VGND,li1,201.0200,174.0800,0.000278
_6823_,VGND,li1,200.1000,174.0800,0.000278
_6822_,VGND,li1,205.1600,163.2000,0.000272
_6821_,VGND,li1,197.5700,174.0800,0.000270
_6820_,VGND,li1,195.5000,174.0800,0.000262
_6819_,VGND,li1,183.7700,168.6400,0.000104
_6818_,VGND,li1,184.6900,163.2000,0.000147
_6817_,VGND,li1,183.0800,163.2000,0.000133
_6816_,VGND,li1,182.3900,163.2000,0.000133
_6815_,VGND,li1,183.3100,168.6400,0.000104
_6814_,VGND,li1,198.0300,163.2000,0.000229
_6813_,VGND,li1,193.6600,163.2000,0.000202
_6812_,VGND,li1,195.5000,163.2000,0.000213
_6811_,VGND,li1,248.6300,163.2000,0.000522
_6810_,VGND,li1,255.7600,168.6400,0.000347
_6809_,VGND,li1,254.1500,157.7600,0.000555
_6808_,VGND,li1,251.8500,157.7600,0.000539
_6807_,VGND,li1,249.0900,157.7600,0.000531
_6806_,VGND,li1,246.7900,157.7600,0.000520
_6805_,VGND,li1,239.4300,157.7600,0.000484
_6804_,VGND,li1,241.2700,157.7600,0.000495
_6803_,VGND,li1,230.2300,163.2000,0.000419
_6802_,VGND,li1,220.5700,163.2000,0.000363
_6801_,VGND,li1,223.5600,168.6400,0.000247
_6800_,VGND,li1,221.4900,168.6400,0.000238
_6799_,VGND,li1,228.6200,168.6400,0.000264
_6798_,VGND,li1,218.0400,168.6400,0.000232
_6797_,VGND,li1,216.2000,163.2000,0.000337
_6796_,VGND,li1,217.8100,179.5200,0.000420
_6795_,VGND,li1,219.4200,174.0800,0.000326
_6794_,VGND,li1,215.2800,174.0800,0.000317
_6793_,VGND,li1,214.3600,174.0800,0.000317
_6792_,VGND,li1,208.3800,174.0800,0.000301
_6791_,VGND,li1,213.6700,179.5200,0.000394
_6790_,VGND,li1,210.2200,179.5200,0.000364
_6789_,VGND,li1,192.0500,168.6400,0.000138
_6788_,VGND,li1,191.8200,163.2000,0.000184
_6787_,VGND,li1,192.2800,168.6400,0.000138
_6786_,VGND,li1,196.4200,163.2000,0.000213
_6785_,VGND,li1,188.3700,163.2000,0.000170
_6784_,VGND,li1,246.3300,179.5200,0.000600
_6783_,VGND,li1,252.5400,179.5200,0.000635
_6782_,VGND,li1,251.8500,174.0800,0.000406
_6781_,VGND,li1,249.0900,174.0800,0.000400
_6780_,VGND,li1,248.6300,157.7600,0.000531
_6779_,VGND,li1,244.9500,174.0800,0.000390
_6778_,VGND,li1,244.0300,163.2000,0.000497
_6777_,VGND,li1,245.6400,168.6400,0.000322
_6776_,VGND,li1,240.5800,168.6400,0.000306
_6775_,VGND,li1,232.0700,168.6400,0.000279
_6774_,VGND,li1,228.3900,163.2000,0.000407
_6773_,VGND,li1,222.8700,163.2000,0.000377
_6772_,VGND,li1,226.3200,163.2000,0.000387
_6771_,VGND,li1,230.4600,163.2000,0.000419
_6770_,VGND,li1,229.7700,179.5200,0.000498
_6769_,VGND,li1,230.4600,174.0800,0.000357
_6768_,VGND,li1,231.3800,174.0800,0.000357
_6767_,VGND,li1,226.0900,174.0800,0.000346
_6766_,VGND,li1,227.2400,174.0800,0.000346
_6765_,VGND,li1,227.0100,179.5200,0.000480
_6764_,VGND,li1,224.9400,179.5200,0.000463
_6763_,VGND,li1,236.6700,184.9600,0.000424
_6762_,VGND,li1,241.5000,179.5200,0.000571
_6761_,VGND,li1,248.1700,179.5200,0.000611
_6760_,VGND,li1,247.2500,174.0800,0.000395
_6759_,VGND,li1,246.7900,174.0800,0.000395
_6758_,VGND,li1,242.6500,168.6400,0.000313
_6757_,VGND,li1,243.3400,168.6400,0.000313
_6756_,VGND,li1,240.1200,163.2000,0.000475
_6755_,VGND,li1,238.0500,168.6400,0.000297
_6754_,VGND,li1,242.6500,174.0800,0.000384
_6753_,VGND,li1,253.2300,174.0800,0.000406
_6752_,VGND,li1,236.6700,174.0800,0.000372
_6751_,VGND,li1,239.6600,174.0800,0.000379
_6750_,VGND,li1,238.2800,174.0800,0.000372
_6749_,VGND,li1,239.4300,179.5200,0.000554
_6748_,VGND,li1,241.5000,179.5200,0.000571
_6747_,VGND,li1,261.0500,168.6400,0.000360
_6746_,VGND,li1,270.9400,168.6400,0.000379
_6745_,VGND,li1,268.4100,174.0800,0.000439
_6744_,VGND,li1,262.4300,174.0800,0.000427
_6743_,VGND,li1,256.4500,168.6400,0.000347
_6742_,VGND,li1,260.3600,174.0800,0.000424
_6741_,VGND,li1,256.2200,174.0800,0.000415
_6740_,VGND,li1,258.2900,168.6400,0.000355
_6739_,VGND,li1,260.8200,174.0800,0.000424
_6738_,VGND,li1,267.0300,179.5200,0.000715
_6737_,VGND,li1,273.7000,179.5200,0.000746
_6736_,VGND,li1,276.6900,179.5200,0.000757
_6735_,VGND,li1,268.6400,179.5200,0.000715
_6734_,VGND,li1,270.7100,179.5200,0.000732
_6733_,VGND,li1,281.9800,168.6400,0.000394
_6732_,VGND,li1,274.3900,168.6400,0.000386
_6731_,VGND,li1,282.6700,163.2000,0.000649
_6730_,VGND,li1,288.1900,174.0800,0.000468
_6729_,VGND,li1,286.5800,174.0800,0.000468
_6728_,VGND,li1,284.9700,168.6400,0.000397
_6727_,VGND,li1,290.7200,168.6400,0.000402
_6726_,VGND,li1,284.9700,163.2000,0.000651
_6725_,VGND,li1,287.0400,163.2000,0.000653
_6724_,VGND,li1,277.6100,157.7600,0.000646
_6723_,VGND,li1,283.1300,157.7600,0.000663
_6722_,VGND,li1,279.9100,168.6400,0.000391
_6721_,VGND,li1,282.9000,168.6400,0.000394
_6720_,VGND,li1,197.3400,277.4400,0.000189
_6719_,VGND,li1,199.4100,288.3200,0.000270
_6718_,VGND,li1,180.5500,304.6400,0.000098
_6717_,VGND,li1,206.7700,315.5200,0.000288
_6716_,VGND,li1,203.0900,304.6400,0.000227
_6715_,VGND,li1,197.5700,315.5200,0.000229
_6714_,VGND,li1,179.6300,320.9600,0.000167
_6713_,VGND,li1,214.1300,315.5200,0.000332
_6712_,VGND,li1,243.1100,326.4000,0.000700
_6711_,VGND,li1,305.6700,304.6400,0.000522
_6710_,VGND,li1,311.6500,299.2000,0.000645
_6709_,VGND,li1,314.6400,288.3200,0.000632
_6708_,VGND,li1,312.5700,282.8800,0.000707
_6707_,VGND,li1,252.3100,320.9600,0.000462
_6706_,VGND,li1,308.8900,266.5600,0.001611
_6705_,VGND,li1,312.5700,261.1200,0.000649
_6704_,VGND,li1,311.6500,250.2400,0.000561
_6703_,VGND,li1,310.9600,217.6000,0.000440
_6702_,VGND,li1,297.8500,212.1600,0.000693
_6701_,VGND,li1,303.8300,206.7200,0.000472
_6700_,VGND,li1,310.7300,201.2800,0.000698
_6699_,VGND,li1,307.7400,244.8000,0.000567
_6698_,VGND,li1,311.1900,244.8000,0.000567
_6697_,VGND,li1,215.7400,239.3600,0.000385
_6696_,VGND,li1,206.3100,239.3600,0.000337
_6695_,VGND,li1,196.6500,304.6400,0.000190
_6694_,VGND,li1,192.5100,255.6800,0.000166
_6693_,VGND,li1,187.9100,304.6400,0.000140
_6692_,VGND,li1,187.9100,299.2000,0.000186
_6691_,VGND,li1,187.9100,315.5200,0.000161
_6690_,VGND,li1,181.0100,293.7600,0.000170
_6689_,VGND,li1,175.7200,304.6400,0.000089
_6688_,VGND,li1,177.3300,315.5200,0.000085
_6687_,VGND,li1,196.1900,277.4400,0.000189
_6686_,VGND,li1,201.0200,272.0000,0.000331
_6685_,VGND,li1,206.3100,277.4400,0.000220
_6684_,VGND,li1,203.5500,277.4400,0.000208
_6683_,VGND,li1,243.1100,272.0000,0.000516
_6682_,VGND,li1,242.6500,261.1200,0.000440
_6681_,VGND,li1,238.9700,250.2400,0.000381
_6680_,VGND,li1,235.7500,250.2400,0.000372
_6679_,VGND,li1,216.8900,250.2400,0.000284
_6678_,VGND,li1,220.5700,250.2400,0.000301
_6677_,VGND,li1,195.7300,255.6800,0.000182
_6676_,VGND,li1,193.2000,255.6800,0.000166
_6675_,VGND,li1,200.1000,250.2400,0.000186
_6674_,VGND,li1,233.4500,250.2400,0.000357
_6673_,VGND,li1,243.8000,255.6800,0.000358
_6672_,VGND,li1,190.2100,266.5600,0.000340
_6671_,VGND,li1,186.0700,272.0000,0.000213
_6670_,VGND,li1,203.0900,277.4400,0.000208
_6669_,VGND,li1,207.9200,277.4400,0.000220
_6668_,VGND,li1,209.9900,277.4400,0.000226
_6667_,VGND,li1,210.9100,272.0000,0.000376
_6666_,VGND,li1,212.7500,272.0000,0.000386
_6665_,VGND,li1,245.8700,272.0000,0.000522
_6664_,VGND,li1,241.2700,272.0000,0.000508
_6663_,VGND,li1,243.3400,272.0000,0.000516
_6662_,VGND,li1,245.8700,261.1200,0.000451
_6661_,VGND,li1,248.1700,261.1200,0.000462
_6660_,VGND,li1,241.0400,255.6800,0.000350
_6659_,VGND,li1,239.6600,261.1200,0.000428
_6658_,VGND,li1,239.4300,255.6800,0.000350
_6657_,VGND,li1,230.2300,255.6800,0.000317
_6656_,VGND,li1,229.5400,255.6800,0.000317
_6655_,VGND,li1,229.5400,250.2400,0.000346
_6654_,VGND,li1,232.0700,250.2400,0.000357
_6653_,VGND,li1,226.0900,250.2400,0.000329
_6652_,VGND,li1,221.7200,250.2400,0.000301
_6651_,VGND,li1,213.9000,255.6800,0.000257
_6650_,VGND,li1,215.0500,250.2400,0.000272
_6649_,VGND,li1,207.2300,250.2400,0.000223
_6648_,VGND,li1,203.0900,250.2400,0.000209
_6647_,VGND,li1,232.9900,255.6800,0.000324
_6646_,VGND,li1,208.6100,282.8800,0.000327
_6645_,VGND,li1,203.5500,255.6800,0.000216
_6644_,VGND,li1,207.2300,255.6800,0.000224
_6643_,VGND,li1,205.8500,282.8800,0.000306
_6642_,VGND,li1,210.9100,282.8800,0.000339
_6641_,VGND,li1,209.9900,288.3200,0.000329
_6640_,VGND,li1,212.7500,282.8800,0.000348
_6639_,VGND,li1,214.1300,282.8800,0.000348
_6638_,VGND,li1,213.6700,277.4400,0.000235
_6637_,VGND,li1,215.2800,272.0000,0.000401
_6636_,VGND,li1,214.8200,272.0000,0.000401
_6635_,VGND,li1,219.4200,272.0000,0.000419
_6634_,VGND,li1,237.1300,272.0000,0.000495
_6633_,VGND,li1,240.8100,272.0000,0.000508
_6632_,VGND,li1,238.9700,272.0000,0.000501
_6631_,VGND,li1,238.5100,272.0000,0.000495
_6630_,VGND,li1,239.6600,266.5600,0.001070
_6629_,VGND,li1,237.3600,266.5600,0.001038
_6628_,VGND,li1,235.2900,261.1200,0.000410
_6627_,VGND,li1,236.6700,261.1200,0.000410
_6626_,VGND,li1,233.4500,261.1200,0.000401
_6625_,VGND,li1,230.4600,261.1200,0.000388
_6624_,VGND,li1,228.1600,261.1200,0.000370
_6623_,VGND,li1,227.9300,255.6800,0.000309
_6622_,VGND,li1,223.7900,255.6800,0.000290
_6621_,VGND,li1,226.0900,255.6800,0.000298
_6620_,VGND,li1,217.3500,255.6800,0.000271
_6619_,VGND,li1,220.3400,255.6800,0.000282
_6618_,VGND,li1,214.5900,261.1200,0.000314
_6617_,VGND,li1,215.5100,255.6800,0.000257
_6616_,VGND,li1,212.5200,250.2400,0.000261
_6615_,VGND,li1,210.2200,250.2400,0.000248
_6614_,VGND,li1,210.4500,255.6800,0.000237
_6613_,VGND,li1,209.9900,255.6800,0.000237
_6612_,VGND,li1,200.7900,299.2000,0.000261
_6611_,VGND,li1,215.2800,293.7600,0.000470
_6610_,VGND,li1,209.5300,299.2000,0.000315
_6609_,VGND,li1,210.9100,293.7600,0.000431
_6608_,VGND,li1,213.6700,299.2000,0.000334
_6607_,VGND,li1,210.9100,299.2000,0.000315
_6606_,VGND,li1,216.4300,299.2000,0.000344
_6605_,VGND,li1,217.8100,293.7600,0.000500
_6604_,VGND,li1,215.9700,282.8800,0.000359
_6603_,VGND,li1,225.4000,282.8800,0.000406
_6602_,VGND,li1,218.5000,282.8800,0.000369
_6601_,VGND,li1,223.5600,277.4400,0.000259
_6600_,VGND,li1,218.7300,277.4400,0.000246
_6599_,VGND,li1,218.7300,272.0000,0.000419
_6598_,VGND,li1,221.7200,272.0000,0.000428
_6597_,VGND,li1,228.6200,277.4400,0.000270
_6596_,VGND,li1,231.6100,272.0000,0.000473
_6595_,VGND,li1,234.3700,266.5600,0.000977
_6594_,VGND,li1,231.1500,266.5600,0.000951
_6593_,VGND,li1,228.1600,272.0000,0.000454
_6592_,VGND,li1,227.7000,266.5600,0.000890
_6591_,VGND,li1,228.8500,266.5600,0.000919
_6590_,VGND,li1,226.5500,261.1200,0.000370
_6589_,VGND,li1,228.3900,261.1200,0.000379
_6588_,VGND,li1,217.8100,266.5600,0.000761
_6587_,VGND,li1,218.2700,261.1200,0.000324
_6586_,VGND,li1,203.0900,266.5600,0.000536
_6585_,VGND,li1,215.0500,266.5600,0.000721
_6584_,VGND,li1,212.9800,261.1200,0.000299
_6583_,VGND,li1,215.2800,261.1200,0.000314
_6582_,VGND,li1,210.9100,266.5600,0.000661
_6581_,VGND,li1,213.2100,266.5600,0.000691
_6580_,VGND,li1,230.6900,315.5200,0.000412
_6579_,VGND,li1,229.5400,315.5200,0.000412
_6578_,VGND,li1,224.9400,315.5200,0.000382
_6577_,VGND,li1,247.0200,315.5200,0.000469
_6576_,VGND,li1,243.1100,315.5200,0.000465
_6575_,VGND,li1,235.2900,315.5200,0.000440
_6574_,VGND,li1,235.2900,315.5200,0.000440
_6573_,VGND,li1,194.8100,299.2000,0.000227
_6572_,VGND,li1,201.0200,299.2000,0.000261
_6571_,VGND,li1,220.1100,315.5200,0.000362
_6570_,VGND,li1,226.3200,320.9600,0.000434
_6569_,VGND,li1,221.4900,315.5200,0.000372
_6568_,VGND,li1,226.5500,315.5200,0.000394
_6567_,VGND,li1,220.1100,304.6400,0.000308
_6566_,VGND,li1,222.1800,299.2000,0.000373
_6565_,VGND,li1,222.6400,304.6400,0.000317
_6564_,VGND,li1,219.1900,299.2000,0.000360
_6563_,VGND,li1,227.4700,282.8800,0.000421
_6562_,VGND,li1,228.1600,282.8800,0.000421
_6561_,VGND,li1,233.6800,293.7600,0.000622
_6560_,VGND,li1,230.0000,277.4400,0.000270
_6559_,VGND,li1,232.0700,277.4400,0.000276
_6558_,VGND,li1,230.2300,277.4400,0.000270
_6557_,VGND,li1,226.0900,277.4400,0.000265
_6556_,VGND,li1,221.7200,288.3200,0.000378
_6555_,VGND,li1,222.8700,272.0000,0.000438
_6554_,VGND,li1,225.6300,266.5600,0.000853
_6553_,VGND,li1,206.3100,266.5600,0.000594
_6552_,VGND,li1,209.0700,266.5600,0.000634
_6551_,VGND,li1,204.2400,288.3200,0.000299
_6550_,VGND,li1,198.0300,266.5600,0.000447
_6549_,VGND,li1,200.5600,266.5600,0.000506
_6548_,VGND,li1,198.2600,266.5600,0.000475
_6547_,VGND,li1,204.0100,266.5600,0.000536
_6546_,VGND,li1,200.3300,266.5600,0.000506
_6545_,VGND,li1,194.8100,293.7600,0.000290
_6544_,VGND,li1,201.0200,288.3200,0.000286
_6543_,VGND,li1,227.9300,320.9600,0.000434
_6542_,VGND,li1,235.9800,320.9600,0.000450
_6541_,VGND,li1,229.7700,310.0800,0.000291
_6540_,VGND,li1,232.0700,310.0800,0.000296
_6539_,VGND,li1,224.2500,310.0800,0.000277
_6538_,VGND,li1,227.2400,310.0800,0.000282
_6537_,VGND,li1,239.6600,310.0800,0.000312
_6536_,VGND,li1,220.1100,310.0800,0.000266
_6535_,VGND,li1,227.0100,304.6400,0.000335
_6534_,VGND,li1,232.3000,304.6400,0.000355
_6533_,VGND,li1,230.0000,304.6400,0.000347
_6532_,VGND,li1,227.9300,299.2000,0.000398
_6531_,VGND,li1,228.3900,293.7600,0.000580
_6530_,VGND,li1,231.3800,293.7600,0.000608
_6529_,VGND,li1,229.5400,288.3200,0.000410
_6528_,VGND,li1,225.1700,293.7600,0.000553
_6527_,VGND,li1,221.9500,293.7600,0.000529
_6526_,VGND,li1,223.3300,288.3200,0.000378
_6525_,VGND,li1,219.6500,288.3200,0.000369
_6524_,VGND,li1,207.2300,288.3200,0.000314
_6523_,VGND,li1,212.7500,288.3200,0.000337
_6522_,VGND,li1,198.0300,288.3200,0.000270
_6521_,VGND,li1,201.2500,288.3200,0.000286
_6520_,VGND,li1,212.7500,304.6400,0.000273
_6519_,VGND,li1,218.5000,304.6400,0.000299
_6518_,VGND,li1,239.4300,320.9600,0.000457
_6517_,VGND,li1,245.1800,315.5200,0.000467
_6516_,VGND,li1,241.7300,320.9600,0.000460
_6515_,VGND,li1,248.6300,315.5200,0.000469
_6514_,VGND,li1,253.6900,315.5200,0.000473
_6513_,VGND,li1,251.8500,315.5200,0.000472
_6512_,VGND,li1,247.7100,315.5200,0.000469
_6511_,VGND,li1,233.4500,310.0800,0.000296
_6510_,VGND,li1,247.0200,310.0800,0.000323
_6509_,VGND,li1,252.5400,310.0800,0.000334
_6508_,VGND,li1,243.5700,310.0800,0.000320
_6507_,VGND,li1,239.8900,304.6400,0.000382
_6506_,VGND,li1,242.8800,304.6400,0.000391
_6505_,VGND,li1,246.5600,304.6400,0.000399
_6504_,VGND,li1,236.6700,304.6400,0.000371
_6503_,VGND,li1,233.9100,304.6400,0.000355
_6502_,VGND,li1,235.7500,299.2000,0.000430
_6501_,VGND,li1,238.5100,299.2000,0.000436
_6500_,VGND,li1,241.5000,288.3200,0.000454
_6499_,VGND,li1,232.9900,299.2000,0.000419
_6498_,VGND,li1,232.3000,288.3200,0.000421
_6497_,VGND,li1,235.7500,288.3200,0.000429
_6496_,VGND,li1,232.3000,288.3200,0.000421
_6495_,VGND,li1,217.1200,288.3200,0.000359
_6494_,VGND,li1,217.3500,288.3200,0.000359
_6493_,VGND,li1,214.1300,288.3200,0.000347
_6492_,VGND,li1,215.0500,288.3200,0.000347
_6491_,VGND,li1,236.6700,293.7600,0.000638
_6490_,VGND,li1,241.5000,293.7600,0.000686
_6489_,VGND,li1,246.7900,320.9600,0.000462
_6488_,VGND,li1,255.5300,315.5200,0.000474
_6487_,VGND,li1,258.7500,315.5200,0.000474
_6486_,VGND,li1,257.3700,315.5200,0.000474
_6485_,VGND,li1,259.6700,320.9600,0.000463
_6484_,VGND,li1,262.6600,315.5200,0.000475
_6483_,VGND,li1,259.9000,315.5200,0.000475
_6482_,VGND,li1,265.1900,310.0800,0.000357
_6481_,VGND,li1,255.5300,315.5200,0.000474
_6480_,VGND,li1,254.1500,310.0800,0.000339
_6479_,VGND,li1,258.5200,310.0800,0.000346
_6478_,VGND,li1,256.2200,310.0800,0.000343
_6477_,VGND,li1,252.3100,304.6400,0.000420
_6476_,VGND,li1,246.3300,299.2000,0.000466
_6475_,VGND,li1,247.4800,299.2000,0.000473
_6474_,VGND,li1,252.5400,293.7600,0.000762
_6473_,VGND,li1,243.5700,299.2000,0.000459
_6472_,VGND,li1,244.2600,288.3200,0.000465
_6471_,VGND,li1,246.7900,282.8800,0.000501
_6470_,VGND,li1,243.3400,282.8800,0.000489
_6469_,VGND,li1,239.2000,288.3200,0.000446
_6468_,VGND,li1,239.8900,282.8800,0.000474
_6467_,VGND,li1,235.0600,282.8800,0.000448
_6466_,VGND,li1,237.3600,282.8800,0.000458
_6465_,VGND,li1,239.4300,282.8800,0.000474
_6464_,VGND,li1,298.5400,277.4400,0.000359
_6463_,VGND,li1,298.3100,282.8800,0.000688
_6462_,VGND,li1,296.4700,277.4400,0.000357
_6461_,VGND,li1,291.1800,304.6400,0.000508
_6460_,VGND,li1,289.3400,299.2000,0.000601
_6459_,VGND,li1,296.0100,288.3200,0.000605
_6458_,VGND,li1,302.4500,277.4400,0.000362
_6457_,VGND,li1,298.5400,288.3200,0.000612
_6456_,VGND,li1,296.9300,304.6400,0.000517
_6455_,VGND,li1,299.9200,304.6400,0.000520
_6454_,VGND,li1,297.3900,299.2000,0.000622
_6453_,VGND,li1,297.6200,299.2000,0.000622
_6452_,VGND,li1,294.6300,304.6400,0.000513
_6451_,VGND,li1,279.9100,310.0800,0.000374
_6450_,VGND,li1,278.7600,315.5200,0.000475
_6449_,VGND,li1,279.2200,304.6400,0.000487
_6448_,VGND,li1,274.3900,310.0800,0.000369
_6447_,VGND,li1,270.7100,310.0800,0.000364
_6446_,VGND,li1,268.4100,310.0800,0.000360
_6445_,VGND,li1,268.1800,304.6400,0.000458
_6444_,VGND,li1,265.1900,310.0800,0.000357
_6443_,VGND,li1,267.4900,310.0800,0.000360
_6442_,VGND,li1,261.9700,310.0800,0.000350
_6441_,VGND,li1,257.8300,304.6400,0.000433
_6440_,VGND,li1,257.1400,304.6400,0.000433
_6439_,VGND,li1,258.5200,299.2000,0.000509
_6438_,VGND,li1,252.7700,299.2000,0.000491
_6437_,VGND,li1,255.0700,293.7600,0.000779
_6436_,VGND,li1,248.8600,288.3200,0.000479
_6435_,VGND,li1,252.5400,288.3200,0.000491
_6434_,VGND,li1,248.4000,288.3200,0.000479
_6433_,VGND,li1,251.8500,282.8800,0.000525
_6432_,VGND,li1,245.6400,282.8800,0.000501
_6431_,VGND,li1,249.0900,282.8800,0.000516
_6430_,VGND,li1,251.1600,282.8800,0.000525
_6429_,VGND,li1,304.2900,293.7600,0.001074
_6428_,VGND,li1,306.8200,293.7600,0.001083
_6427_,VGND,li1,301.0700,299.2000,0.000628
_6426_,VGND,li1,303.1400,288.3200,0.000620
_6425_,VGND,li1,306.5900,282.8800,0.000700
_6424_,VGND,li1,290.7200,288.3200,0.000595
_6423_,VGND,li1,292.5600,282.8800,0.000675
_6422_,VGND,li1,297.8500,293.7600,0.001035
_6421_,VGND,li1,292.7900,293.7600,0.001012
_6420_,VGND,li1,285.6600,293.7600,0.000977
_6419_,VGND,li1,284.9700,299.2000,0.000589
_6418_,VGND,li1,286.1200,304.6400,0.000499
_6417_,VGND,li1,285.6600,293.7600,0.000977
_6416_,VGND,li1,281.2900,304.6400,0.000491
_6415_,VGND,li1,277.1500,304.6400,0.000483
_6414_,VGND,li1,278.3000,299.2000,0.000570
_6413_,VGND,li1,275.5400,299.2000,0.000562
_6412_,VGND,li1,272.5500,304.6400,0.000473
_6411_,VGND,li1,266.5700,304.6400,0.000458
_6410_,VGND,li1,269.5600,304.6400,0.000465
_6409_,VGND,li1,268.1800,293.7600,0.000868
_6408_,VGND,li1,266.1100,299.2000,0.000534
_6407_,VGND,li1,264.5000,299.2000,0.000525
_6406_,VGND,li1,261.0500,299.2000,0.000518
_6405_,VGND,li1,260.1300,293.7600,0.000814
_6404_,VGND,li1,259.9000,288.3200,0.000513
_6403_,VGND,li1,256.6800,293.7600,0.000779
_6402_,VGND,li1,257.3700,288.3200,0.000506
_6401_,VGND,li1,250.7000,288.3200,0.000485
_6400_,VGND,li1,256.4500,288.3200,0.000500
_6399_,VGND,li1,255.3000,288.3200,0.000500
_6398_,VGND,li1,307.0500,293.7600,0.001083
_6397_,VGND,li1,308.6600,288.3200,0.000628
_6396_,VGND,li1,303.8300,288.3200,0.000620
_6395_,VGND,li1,303.8300,282.8800,0.000696
_6394_,VGND,li1,292.3300,288.3200,0.000600
_6393_,VGND,li1,287.7300,288.3200,0.000590
_6392_,VGND,li1,288.4200,293.7600,0.000987
_6391_,VGND,li1,281.7500,277.4400,0.000344
_6390_,VGND,li1,283.1300,293.7600,0.000962
_6389_,VGND,li1,279.9100,293.7600,0.000943
_6388_,VGND,li1,280.6000,288.3200,0.000571
_6387_,VGND,li1,272.7800,282.8800,0.000611
_6386_,VGND,li1,276.6900,293.7600,0.000924
_6385_,VGND,li1,273.0100,293.7600,0.000900
_6384_,VGND,li1,277.8400,293.7600,0.000924
_6383_,VGND,li1,260.8200,282.8800,0.000564
_6382_,VGND,li1,269.3300,299.2000,0.000544
_6381_,VGND,li1,270.2500,293.7600,0.000882
_6380_,VGND,li1,268.4100,288.3200,0.000535
_6379_,VGND,li1,271.4000,288.3200,0.000543
_6378_,VGND,li1,267.2600,288.3200,0.000535
_6377_,VGND,li1,265.6500,288.3200,0.000526
_6376_,VGND,li1,263.1200,288.3200,0.000519
_6375_,VGND,li1,270.2500,288.3200,0.000543
_6374_,VGND,li1,265.4200,288.3200,0.000526
_6373_,VGND,li1,305.2100,277.4400,0.000364
_6372_,VGND,li1,309.1200,277.4400,0.000369
_6371_,VGND,li1,306.1300,282.8800,0.000700
_6370_,VGND,li1,299.9200,277.4400,0.000359
_6369_,VGND,li1,294.8600,272.0000,0.000618
_6368_,VGND,li1,299.2300,272.0000,0.000621
_6367_,VGND,li1,293.4800,272.0000,0.000616
_6366_,VGND,li1,299.6900,282.8800,0.000688
_6365_,VGND,li1,292.3300,282.8800,0.000675
_6364_,VGND,li1,290.7200,277.4400,0.000352
_6363_,VGND,li1,289.1100,272.0000,0.000610
_6362_,VGND,li1,285.8900,282.8800,0.000657
_6361_,VGND,li1,279.9100,282.8800,0.000636
_6360_,VGND,li1,278.7600,277.4400,0.000341
_6359_,VGND,li1,274.6200,272.0000,0.000590
_6358_,VGND,li1,275.3100,282.8800,0.000619
_6357_,VGND,li1,268.8700,277.4400,0.000331
_6356_,VGND,li1,271.8600,277.4400,0.000334
_6355_,VGND,li1,266.1100,272.0000,0.000574
_6354_,VGND,li1,261.5100,277.4400,0.000323
_6353_,VGND,li1,258.9800,277.4400,0.000319
_6352_,VGND,li1,253.2300,277.4400,0.000310
_6351_,VGND,li1,256.6800,277.4400,0.000314
_6350_,VGND,li1,258.9800,282.8800,0.000557
_6349_,VGND,li1,256.9100,282.8800,0.000543
_6348_,VGND,li1,267.2600,282.8800,0.000585
_6347_,VGND,li1,274.3900,277.4400,0.000337
_6346_,VGND,li1,266.3400,277.4400,0.000327
_6345_,VGND,li1,251.3900,266.5600,0.001207
_6344_,VGND,li1,250.4700,272.0000,0.000535
_6343_,VGND,li1,299.6900,272.0000,0.000621
_6342_,VGND,li1,303.6000,266.5600,0.001585
_6341_,VGND,li1,296.2400,272.0000,0.000618
_6340_,VGND,li1,291.1800,272.0000,0.000613
_6339_,VGND,li1,291.1800,272.0000,0.000613
_6338_,VGND,li1,284.7400,272.0000,0.000607
_6337_,VGND,li1,286.1200,272.0000,0.000607
_6336_,VGND,li1,286.1200,266.5600,0.001490
_6335_,VGND,li1,282.9000,272.0000,0.000603
_6334_,VGND,li1,280.6000,272.0000,0.000601
_6333_,VGND,li1,277.8400,272.0000,0.000596
_6332_,VGND,li1,280.6000,272.0000,0.000601
_6331_,VGND,li1,275.5400,266.5600,0.001433
_6330_,VGND,li1,278.7600,272.0000,0.000596
_6329_,VGND,li1,275.7700,272.0000,0.000590
_6328_,VGND,li1,269.5600,266.5600,0.001392
_6327_,VGND,li1,267.4900,272.0000,0.000574
_6326_,VGND,li1,267.7200,266.5600,0.001380
_6325_,VGND,li1,264.9600,272.0000,0.000569
_6324_,VGND,li1,262.2000,272.0000,0.000563
_6323_,VGND,li1,255.0700,266.5600,0.001276
_6322_,VGND,li1,258.0600,272.0000,0.000556
_6321_,VGND,li1,263.5800,272.0000,0.000569
_6320_,VGND,li1,256.4500,272.0000,0.000549
_6319_,VGND,li1,253.4600,277.4400,0.000310
_6318_,VGND,li1,253.6900,272.0000,0.000542
_6317_,VGND,li1,247.4800,272.0000,0.000528
_6316_,VGND,li1,304.7500,261.1200,0.000635
_6315_,VGND,li1,309.5800,266.5600,0.001611
_6314_,VGND,li1,306.5900,272.0000,0.000623
_6313_,VGND,li1,296.9300,266.5600,0.001551
_6312_,VGND,li1,298.7700,255.6800,0.000497
_6311_,VGND,li1,298.7700,261.1200,0.000621
_6310_,VGND,li1,305.6700,266.5600,0.001596
_6309_,VGND,li1,298.7700,266.5600,0.001561
_6308_,VGND,li1,294.1700,266.5600,0.001532
_6307_,VGND,li1,294.6300,261.1200,0.000613
_6306_,VGND,li1,287.9600,266.5600,0.001503
_6305_,VGND,li1,290.4900,266.5600,0.001517
_6304_,VGND,li1,288.4200,255.6800,0.000478
_6303_,VGND,li1,286.1200,261.1200,0.000587
_6302_,VGND,li1,285.6600,266.5600,0.001490
_6301_,VGND,li1,282.4400,266.5600,0.001473
_6300_,VGND,li1,282.9000,261.1200,0.000578
_6299_,VGND,li1,281.0600,255.6800,0.000461
_6298_,VGND,li1,279.2200,261.1200,0.000567
_6297_,VGND,li1,278.9900,266.5600,0.001453
_6296_,VGND,li1,277.3800,261.1200,0.000561
_6295_,VGND,li1,274.8500,261.1200,0.000552
_6294_,VGND,li1,273.7000,255.6800,0.000445
_6293_,VGND,li1,264.9600,266.5600,0.001362
_6292_,VGND,li1,272.0900,261.1200,0.000544
_6291_,VGND,li1,268.8700,261.1200,0.000534
_6290_,VGND,li1,264.9600,261.1200,0.000515
_6289_,VGND,li1,265.4200,261.1200,0.000522
_6288_,VGND,li1,256.6800,266.5600,0.001276
_6287_,VGND,li1,258.7500,261.1200,0.000499
_6286_,VGND,li1,255.3000,261.1200,0.000482
_6285_,VGND,li1,253.9200,261.1200,0.000482
_6284_,VGND,li1,256.9100,261.1200,0.000491
_6283_,VGND,li1,307.0500,250.2400,0.000555
_6282_,VGND,li1,309.1200,255.6800,0.000513
_6281_,VGND,li1,303.8300,255.6800,0.000505
_6280_,VGND,li1,304.7500,255.6800,0.000505
_6279_,VGND,li1,297.3900,250.2400,0.000543
_6278_,VGND,li1,295.3200,250.2400,0.000539
_6277_,VGND,li1,295.3200,255.6800,0.000491
_6276_,VGND,li1,299.2300,255.6800,0.000497
_6275_,VGND,li1,290.2600,250.2400,0.000530
_6274_,VGND,li1,293.2500,255.6800,0.000487
_6273_,VGND,li1,268.6400,244.8000,0.000504
_6272_,VGND,li1,290.7200,255.6800,0.000483
_6271_,VGND,li1,287.9600,250.2400,0.000525
_6270_,VGND,li1,283.8200,255.6800,0.000466
_6269_,VGND,li1,284.2800,250.2400,0.000518
_6268_,VGND,li1,279.2200,244.8000,0.000527
_6267_,VGND,li1,281.5200,250.2400,0.000512
_6266_,VGND,li1,286.3500,255.6800,0.000474
_6265_,VGND,li1,277.3800,255.6800,0.000454
_6264_,VGND,li1,278.5300,250.2400,0.000505
_6263_,VGND,li1,280.1400,239.3600,0.000620
_6262_,VGND,li1,273.2400,250.2400,0.000494
_6261_,VGND,li1,280.3700,255.6800,0.000461
_6260_,VGND,li1,277.1500,255.6800,0.000450
_6259_,VGND,li1,270.4800,250.2400,0.000487
_6258_,VGND,li1,273.7000,255.6800,0.000445
_6257_,VGND,li1,266.3400,250.2400,0.000473
_6256_,VGND,li1,267.9500,255.6800,0.000430
_6255_,VGND,li1,262.6600,255.6800,0.000415
_6254_,VGND,li1,264.5000,255.6800,0.000421
_6253_,VGND,li1,265.6500,255.6800,0.000421
_6252_,VGND,li1,298.3100,239.3600,0.000675
_6251_,VGND,li1,300.1500,250.2400,0.000546
_6250_,VGND,li1,299.2300,250.2400,0.000546
_6249_,VGND,li1,302.4500,255.6800,0.000502
_6248_,VGND,li1,255.9900,250.2400,0.000449
_6247_,VGND,li1,256.6800,250.2400,0.000449
_6246_,VGND,li1,255.0700,255.6800,0.000395
_6245_,VGND,li1,260.8200,250.2400,0.000462
_6244_,VGND,li1,261.0500,244.8000,0.000486
_6243_,VGND,li1,263.1200,239.3600,0.000569
_6242_,VGND,li1,264.0400,244.8000,0.000492
_6241_,VGND,li1,265.6500,250.2400,0.000473
_6240_,VGND,li1,273.2400,244.8000,0.000516
_6239_,VGND,li1,271.1700,244.8000,0.000511
_6238_,VGND,li1,270.4800,239.3600,0.000597
_6237_,VGND,li1,275.0800,244.8000,0.000519
_6236_,VGND,li1,271.1700,244.8000,0.000511
_6235_,VGND,li1,274.6200,244.8000,0.000516
_6234_,VGND,li1,276.6900,244.8000,0.000519
_6233_,VGND,li1,280.1400,239.3600,0.000620
_6232_,VGND,li1,283.3600,244.8000,0.000533
_6231_,VGND,li1,279.9100,244.8000,0.000527
_6230_,VGND,li1,287.2700,244.8000,0.000542
_6229_,VGND,li1,289.3400,239.3600,0.000652
_6228_,VGND,li1,291.1800,244.8000,0.000549
_6227_,VGND,li1,294.6300,244.8000,0.000554
_6226_,VGND,li1,288.6500,244.8000,0.000542
_6225_,VGND,li1,284.7400,244.8000,0.000538
_6224_,VGND,li1,287.5000,250.2400,0.000522
_6223_,VGND,li1,291.8700,244.8000,0.000549
_6222_,VGND,li1,266.8000,206.7200,0.000385
_6221_,VGND,li1,267.0300,206.7200,0.000385
_6220_,VGND,li1,258.5200,206.7200,0.000356
_6219_,VGND,li1,262.8900,206.7200,0.000371
_6218_,VGND,li1,270.2500,201.2800,0.000576
_6217_,VGND,li1,269.7900,206.7200,0.000395
_6216_,VGND,li1,290.0300,212.1600,0.000684
_6215_,VGND,li1,293.4800,212.1600,0.000688
_6214_,VGND,li1,269.3300,212.1600,0.000619
_6213_,VGND,li1,267.2600,212.1600,0.000610
_6212_,VGND,li1,260.5900,212.1600,0.000581
_6211_,VGND,li1,258.2900,239.3600,0.000555
_6210_,VGND,li1,251.8500,250.2400,0.000435
_6209_,VGND,li1,254.1500,239.3600,0.000536
_6208_,VGND,li1,256.4500,244.8000,0.000473
_6207_,VGND,li1,264.7300,244.8000,0.000492
_6206_,VGND,li1,266.3400,239.3600,0.000583
_6205_,VGND,li1,266.8000,244.8000,0.000498
_6204_,VGND,li1,263.1200,233.9200,0.000273
_6203_,VGND,li1,269.1000,239.3600,0.000590
_6202_,VGND,li1,266.1100,239.3600,0.000583
_6201_,VGND,li1,271.4000,233.9200,0.000281
_6200_,VGND,li1,273.4700,233.9200,0.000282
_6199_,VGND,li1,275.5400,233.9200,0.000284
_6198_,VGND,li1,281.9800,233.9200,0.000287
_6197_,VGND,li1,278.9900,233.9200,0.000286
_6196_,VGND,li1,283.5900,233.9200,0.000289
_6195_,VGND,li1,286.5800,233.9200,0.000290
_6194_,VGND,li1,285.2000,233.9200,0.000289
_6193_,VGND,li1,292.1000,233.9200,0.000291
_6192_,VGND,li1,289.1100,233.9200,0.000290
_6191_,VGND,li1,290.2600,239.3600,0.000652
_6190_,VGND,li1,291.4100,233.9200,0.000291
_6189_,VGND,li1,293.4800,233.9200,0.000292
_6188_,VGND,li1,246.7900,244.8000,0.000440
_6187_,VGND,li1,250.0100,255.6800,0.000379
_6186_,VGND,li1,224.2500,244.8000,0.000355
_6185_,VGND,li1,282.2100,212.1600,0.000668
_6184_,VGND,li1,289.8000,212.1600,0.000684
_6183_,VGND,li1,270.7100,212.1600,0.000619
_6182_,VGND,li1,265.6500,195.8400,0.000206
_6181_,VGND,li1,261.2800,201.2800,0.000544
_6180_,VGND,li1,264.7300,212.1600,0.000592
_6179_,VGND,li1,264.2700,212.1600,0.000592
_6178_,VGND,li1,262.2000,212.1600,0.000581
_6177_,VGND,li1,260.1300,212.1600,0.000571
_6176_,VGND,li1,253.4600,217.6000,0.000348
_6175_,VGND,li1,257.1400,212.1600,0.000556
_6174_,VGND,li1,253.0000,233.9200,0.000263
_6173_,VGND,li1,252.5400,239.3600,0.000536
_6172_,VGND,li1,255.7600,233.9200,0.000266
_6171_,VGND,li1,255.3000,233.9200,0.000266
_6170_,VGND,li1,251.6200,233.9200,0.000260
_6169_,VGND,li1,259.9000,233.9200,0.000271
_6168_,VGND,li1,260.8200,233.9200,0.000271
_6167_,VGND,li1,267.2600,233.9200,0.000278
_6166_,VGND,li1,269.5600,233.9200,0.000280
_6165_,VGND,li1,268.1800,228.4800,0.000481
_6164_,VGND,li1,273.7000,228.4800,0.000502
_6163_,VGND,li1,278.0700,228.4800,0.000515
_6162_,VGND,li1,282.2100,228.4800,0.000526
_6161_,VGND,li1,275.5400,228.4800,0.000508
_6160_,VGND,li1,278.7600,228.4800,0.000515
_6159_,VGND,li1,284.7400,228.4800,0.000533
_6158_,VGND,li1,284.0500,223.0400,0.000156
_6157_,VGND,li1,286.5800,228.4800,0.000538
_6156_,VGND,li1,287.7300,223.0400,0.000156
_6155_,VGND,li1,289.8000,223.0400,0.000156
_6154_,VGND,li1,245.8700,239.3600,0.000510
_6153_,VGND,li1,227.9300,244.8000,0.000371
_6152_,VGND,li1,227.4700,244.8000,0.000371
_6151_,VGND,li1,230.6900,244.8000,0.000384
_6150_,VGND,li1,230.6900,244.8000,0.000384
_6149_,VGND,li1,224.9400,239.3600,0.000425
_6148_,VGND,li1,228.1600,233.9200,0.000222
_6147_,VGND,li1,243.8000,239.3600,0.000503
_6146_,VGND,li1,280.3700,212.1600,0.000662
_6145_,VGND,li1,285.6600,206.7200,0.000440
_6144_,VGND,li1,267.2600,201.2800,0.000566
_6143_,VGND,li1,268.8700,201.2800,0.000566
_6142_,VGND,li1,265.6500,201.2800,0.000558
_6141_,VGND,li1,265.1900,201.2800,0.000558
_6140_,VGND,li1,267.9500,195.8400,0.000206
_6139_,VGND,li1,256.2200,201.2800,0.000525
_6138_,VGND,li1,258.0600,201.2800,0.000532
_6137_,VGND,li1,252.0800,201.2800,0.000509
_6136_,VGND,li1,250.2400,206.7200,0.000326
_6135_,VGND,li1,251.1600,212.1600,0.000533
_6134_,VGND,li1,253.0000,212.1600,0.000542
_6133_,VGND,li1,245.6400,217.6000,0.000328
_6132_,VGND,li1,249.7800,217.6000,0.000336
_6131_,VGND,li1,249.3200,228.4800,0.000426
_6130_,VGND,li1,251.8500,228.4800,0.000434
_6129_,VGND,li1,257.6000,228.4800,0.000448
_6128_,VGND,li1,259.9000,228.4800,0.000461
_6127_,VGND,li1,258.0600,228.4800,0.000455
_6126_,VGND,li1,264.9600,228.4800,0.000475
_6125_,VGND,li1,267.4900,228.4800,0.000481
_6124_,VGND,li1,274.3900,223.0400,0.000155
_6123_,VGND,li1,266.3400,217.6000,0.000377
_6122_,VGND,li1,269.5600,217.6000,0.000382
_6121_,VGND,li1,281.5200,217.6000,0.000409
_6120_,VGND,li1,278.5300,217.6000,0.000405
_6119_,VGND,li1,277.8400,223.0400,0.000155
_6118_,VGND,li1,280.3700,217.6000,0.000409
_6117_,VGND,li1,278.3000,217.6000,0.000401
_6116_,VGND,li1,243.1100,233.9200,0.000246
_6115_,VGND,li1,246.1000,233.9200,0.000252
_6114_,VGND,li1,239.4300,239.3600,0.000485
_6113_,VGND,li1,233.9100,239.3600,0.000463
_6112_,VGND,li1,231.6100,239.3600,0.000451
_6111_,VGND,li1,236.2100,239.3600,0.000472
_6110_,VGND,li1,231.1500,239.3600,0.000451
_6109_,VGND,li1,227.9300,233.9200,0.000222
_6108_,VGND,li1,232.3000,233.9200,0.000226
_6107_,VGND,li1,232.3000,228.4800,0.000355
_6106_,VGND,li1,271.6300,206.7200,0.000401
_6105_,VGND,li1,274.1600,206.7200,0.000409
_6104_,VGND,li1,270.7100,201.2800,0.000576
_6103_,VGND,li1,269.3300,195.8400,0.000206
_6102_,VGND,li1,255.5300,195.8400,0.000204
_6101_,VGND,li1,250.9300,195.8400,0.000200
_6100_,VGND,li1,251.8500,195.8400,0.000202
_6099_,VGND,li1,243.5700,195.8400,0.000195
_6098_,VGND,li1,247.0200,195.8400,0.000198
_6097_,VGND,li1,247.9400,201.2800,0.000486
_6096_,VGND,li1,246.5600,201.2800,0.000486
_6095_,VGND,li1,244.7200,201.2800,0.000478
_6094_,VGND,li1,254.1500,201.2800,0.000517
_6093_,VGND,li1,244.7200,206.7200,0.000309
_6092_,VGND,li1,247.0200,212.1600,0.000511
_6091_,VGND,li1,248.8600,212.1600,0.000521
_6090_,VGND,li1,244.9500,212.1600,0.000500
_6089_,VGND,li1,246.5600,217.6000,0.000328
_6088_,VGND,li1,249.7800,223.0400,0.000146
_6087_,VGND,li1,241.9600,228.4800,0.000397
_6086_,VGND,li1,255.3000,228.4800,0.000441
_6085_,VGND,li1,255.0700,223.0400,0.000148
_6084_,VGND,li1,255.5300,223.0400,0.000149
_6083_,VGND,li1,264.0400,223.0400,0.000152
_6082_,VGND,li1,258.9800,223.0400,0.000150
_6081_,VGND,li1,266.3400,223.0400,0.000154
_6080_,VGND,li1,261.0500,217.6000,0.000366
_6079_,VGND,li1,268.1800,223.0400,0.000154
_6078_,VGND,li1,269.5600,217.6000,0.000382
_6077_,VGND,li1,272.5500,217.6000,0.000392
_6076_,VGND,li1,238.9700,212.1600,0.000468
_6075_,VGND,li1,241.7300,212.1600,0.000483
_6074_,VGND,li1,234.3700,212.1600,0.000441
_6073_,VGND,li1,236.6700,212.1600,0.000455
_6072_,VGND,li1,229.7700,228.4800,0.000345
_6071_,VGND,li1,228.3900,228.4800,0.000345
_6070_,VGND,li1,230.6900,233.9200,0.000226
_6069_,VGND,li1,226.5500,228.4800,0.000337
_6068_,VGND,li1,226.3200,228.4800,0.000337
_6067_,VGND,li1,219.1900,212.1600,0.000350
_6066_,VGND,li1,217.8100,217.6000,0.000233
_6065_,VGND,li1,230.4600,212.1600,0.000415
_6064_,VGND,li1,228.1600,201.2800,0.000401
_6063_,VGND,li1,227.7000,195.8400,0.000174
_6062_,VGND,li1,249.0900,244.8000,0.000451
_6061_,VGND,li1,249.7800,244.8000,0.000451
_6060_,VGND,li1,230.2300,201.2800,0.000412
_6059_,VGND,li1,228.8500,195.8400,0.000174
_6058_,VGND,li1,249.5500,190.4000,0.000340
_6057_,VGND,li1,247.9400,195.8400,0.000198
_6056_,VGND,li1,245.1800,195.8400,0.000195
_6055_,VGND,li1,212.7500,190.4000,0.000215
_6054_,VGND,li1,243.1100,195.8400,0.000192
_6053_,VGND,li1,241.5000,190.4000,0.000319
_6052_,VGND,li1,245.6400,190.4000,0.000333
_6051_,VGND,li1,235.0600,195.8400,0.000184
_6050_,VGND,li1,239.6600,195.8400,0.000190
_6049_,VGND,li1,239.2000,201.2800,0.000454
_6048_,VGND,li1,239.2000,201.2800,0.000454
_6047_,VGND,li1,241.0400,217.6000,0.000313
_6046_,VGND,li1,237.8200,217.6000,0.000302
_6045_,VGND,li1,222.6400,217.6000,0.000252
_6044_,VGND,li1,239.2000,228.4800,0.000388
_6043_,VGND,li1,242.6500,223.0400,0.000140
_6042_,VGND,li1,239.4300,223.0400,0.000137
_6041_,VGND,li1,242.8800,223.0400,0.000140
_6040_,VGND,li1,239.6600,223.0400,0.000137
_6039_,VGND,li1,248.4000,223.0400,0.000144
_6038_,VGND,li1,246.3300,223.0400,0.000142
_6037_,VGND,li1,251.6200,223.0400,0.000147
_6036_,VGND,li1,249.5500,228.4800,0.000426
_6035_,VGND,li1,245.1800,228.4800,0.000405
_6034_,VGND,li1,220.8000,233.9200,0.000208
_6033_,VGND,li1,218.7300,228.4800,0.000306
_6032_,VGND,li1,234.8300,201.2800,0.000433
_6031_,VGND,li1,235.7500,201.2800,0.000433
_6030_,VGND,li1,231.6100,206.7200,0.000263
_6029_,VGND,li1,233.9100,206.7200,0.000271
_6028_,VGND,li1,227.9300,212.1600,0.000401
_6027_,VGND,li1,227.0100,212.1600,0.000401
_6026_,VGND,li1,225.6300,212.1600,0.000389
_6025_,VGND,li1,224.7100,212.1600,0.000389
_6024_,VGND,li1,226.3200,206.7200,0.000243
_6023_,VGND,li1,217.8100,212.1600,0.000350
_6022_,VGND,li1,232.3000,184.9600,0.000407
_6021_,VGND,li1,225.8600,201.2800,0.000389
_6020_,VGND,li1,236.6700,244.8000,0.000409
_6019_,VGND,li1,239.2000,239.3600,0.000485
_6018_,VGND,li1,231.1500,217.6000,0.000281
_6017_,VGND,li1,197.1100,223.0400,0.000077
_6016_,VGND,li1,195.2700,217.6000,0.000141
_6015_,VGND,li1,220.1100,201.2800,0.000357
_6014_,VGND,li1,219.4200,195.8400,0.000158
_6013_,VGND,li1,215.5100,195.8400,0.000150
_6012_,VGND,li1,216.6600,195.8400,0.000150
_6011_,VGND,li1,201.2500,190.4000,0.000168
_6010_,VGND,li1,216.4300,190.4000,0.000228
_6009_,VGND,li1,210.6800,190.4000,0.000207
_6008_,VGND,li1,213.9000,190.4000,0.000215
_6007_,VGND,li1,209.3000,195.8400,0.000136
_6006_,VGND,li1,209.7600,195.8400,0.000136
_6005_,VGND,li1,221.2600,195.8400,0.000162
_6004_,VGND,li1,223.3300,195.8400,0.000166
_6003_,VGND,li1,221.7200,201.2800,0.000367
_6002_,VGND,li1,229.7700,195.8400,0.000177
_6001_,VGND,li1,225.8600,206.7200,0.000243
_6000_,VGND,li1,212.0600,201.2800,0.000303
_5999_,VGND,li1,226.3200,217.6000,0.000260
_5998_,VGND,li1,222.6400,212.1600,0.000376
_5997_,VGND,li1,221.4900,223.0400,0.000116
_5996_,VGND,li1,225.4000,223.0400,0.000119
_5995_,VGND,li1,228.1600,223.0400,0.000124
_5994_,VGND,li1,226.0900,223.0400,0.000122
_5993_,VGND,li1,235.0600,228.4800,0.000365
_5992_,VGND,li1,235.9800,228.4800,0.000375
_5991_,VGND,li1,239.4300,228.4800,0.000388
_5990_,VGND,li1,217.3500,217.6000,0.000226
_5989_,VGND,li1,217.3500,233.9200,0.000198
_5988_,VGND,li1,219.6500,217.6000,0.000240
_5987_,VGND,li1,215.9700,212.1600,0.000339
_5986_,VGND,li1,208.8400,212.1600,0.000289
_5985_,VGND,li1,221.9500,190.4000,0.000248
_5984_,VGND,li1,236.2100,190.4000,0.000300
_5983_,VGND,li1,233.4500,190.4000,0.000290
_5982_,VGND,li1,234.3700,190.4000,0.000290
_5981_,VGND,li1,229.7700,184.9600,0.000391
_5980_,VGND,li1,226.0900,184.9600,0.000370
_5979_,VGND,li1,227.4700,184.9600,0.000370
_5978_,VGND,li1,226.5500,184.9600,0.000370
_5977_,VGND,li1,229.5400,184.9600,0.000391
_5976_,VGND,li1,213.9000,206.7200,0.000200
_5975_,VGND,li1,218.0400,184.9600,0.000323
_5974_,VGND,li1,209.5300,233.9200,0.000186
_5973_,VGND,li1,213.9000,233.9200,0.000195
_5972_,VGND,li1,196.6500,228.4800,0.000208
_5971_,VGND,li1,197.1100,228.4800,0.000208
_5970_,VGND,li1,201.2500,212.1600,0.000249
_5969_,VGND,li1,196.6500,212.1600,0.000219
_5968_,VGND,li1,191.5900,206.7200,0.000119
_5967_,VGND,li1,198.9500,212.1600,0.000235
_5966_,VGND,li1,192.7400,201.2800,0.000195
_5965_,VGND,li1,194.8100,195.8400,0.000097
_5964_,VGND,li1,203.3200,190.4000,0.000177
_5963_,VGND,li1,196.8800,190.4000,0.000147
_5962_,VGND,li1,199.6400,195.8400,0.000110
_5961_,VGND,li1,203.5500,195.8400,0.000117
_5960_,VGND,li1,203.7800,190.4000,0.000177
_5959_,VGND,li1,205.6200,190.4000,0.000185
_5958_,VGND,li1,206.3100,195.8400,0.000128
_5957_,VGND,li1,205.6200,201.2800,0.000268
_5956_,VGND,li1,208.3800,201.2800,0.000290
_5955_,VGND,li1,204.7000,201.2800,0.000268
_5954_,VGND,li1,208.3800,201.2800,0.000290
_5953_,VGND,li1,210.6800,201.2800,0.000303
_5952_,VGND,li1,209.9900,217.6000,0.000202
_5951_,VGND,li1,210.6800,217.6000,0.000202
_5950_,VGND,li1,210.6800,223.0400,0.000100
_5949_,VGND,li1,214.1300,223.0400,0.000104
_5948_,VGND,li1,219.4200,223.0400,0.000113
_5947_,VGND,li1,216.4300,223.0400,0.000109
_5946_,VGND,li1,212.9800,223.0400,0.000104
_5945_,VGND,li1,209.9900,206.7200,0.000183
_5944_,VGND,li1,216.4300,206.7200,0.000209
_5943_,VGND,li1,213.9000,212.1600,0.000328
_5942_,VGND,li1,207.2300,212.1600,0.000289
_5941_,VGND,li1,209.0700,206.7200,0.000183
_5940_,VGND,li1,204.9300,184.9600,0.000244
_5939_,VGND,li1,206.7700,179.5200,0.000348
_5938_,VGND,li1,208.1500,184.9600,0.000260
_5937_,VGND,li1,207.6900,184.9600,0.000260
_5936_,VGND,li1,216.4300,184.9600,0.000309
_5935_,VGND,li1,214.1300,184.9600,0.000291
_5934_,VGND,li1,219.6500,179.5200,0.000433
_5933_,VGND,li1,219.6500,184.9600,0.000323
_5932_,VGND,li1,217.5800,179.5200,0.000420
_5931_,VGND,li1,198.2600,184.9600,0.000200
_5930_,VGND,li1,190.4400,179.5200,0.000239
_5929_,VGND,li1,190.2100,190.4000,0.000117
_5928_,VGND,li1,201.7100,228.4800,0.000232
_5927_,VGND,li1,206.5400,228.4800,0.000255
_5926_,VGND,li1,199.4100,233.9200,0.000156
_5925_,VGND,li1,195.2700,223.0400,0.000072
_5924_,VGND,li1,200.3300,223.0400,0.000081
_5923_,VGND,li1,189.5200,223.0400,0.000061
_5922_,VGND,li1,193.4300,212.1600,0.000205
_5921_,VGND,li1,192.9700,201.2800,0.000195
_5920_,VGND,li1,187.6800,201.2800,0.000148
_5919_,VGND,li1,189.2900,195.8400,0.000081
_5918_,VGND,li1,188.6000,195.8400,0.000081
_5917_,VGND,li1,184.4600,195.8400,0.000068
_5916_,VGND,li1,190.4400,201.2800,0.000179
_5915_,VGND,li1,194.1200,195.8400,0.000097
_5914_,VGND,li1,195.5000,201.2800,0.000212
_5913_,VGND,li1,201.0200,201.2800,0.000246
_5912_,VGND,li1,188.1400,206.7200,0.000106
_5911_,VGND,li1,199.6400,206.7200,0.000147
_5910_,VGND,li1,201.9400,206.7200,0.000157
_5909_,VGND,li1,202.4000,212.1600,0.000262
_5908_,VGND,li1,204.7000,212.1600,0.000275
_5907_,VGND,li1,203.3200,239.3600,0.000322
_5906_,VGND,li1,206.5400,217.6000,0.000181
_5905_,VGND,li1,204.4700,217.6000,0.000173
_5904_,VGND,li1,206.0800,217.6000,0.000181
_5903_,VGND,li1,204.7000,223.0400,0.000090
_5902_,VGND,li1,207.6900,223.0400,0.000093
_5901_,VGND,li1,201.2500,261.1200,0.000248
_5900_,VGND,li1,201.7100,184.9600,0.000224
_5899_,VGND,li1,199.8700,179.5200,0.000303
_5898_,VGND,li1,192.5100,184.9600,0.000167
_5897_,VGND,li1,194.8100,184.9600,0.000181
_5896_,VGND,li1,197.3400,179.5200,0.000286
_5895_,VGND,li1,187.9100,190.4000,0.000106
_5894_,VGND,li1,190.6700,184.9600,0.000155
_5893_,VGND,li1,185.6100,184.9600,0.000117
_5892_,VGND,li1,188.3700,184.9600,0.000141
_5891_,VGND,li1,187.9100,179.5200,0.000222
_5890_,VGND,li1,189.2900,179.5200,0.000222
_5889_,VGND,li1,185.1500,179.5200,0.000192
_5888_,VGND,li1,189.7500,174.0800,0.000245
_5887_,VGND,li1,192.7400,174.0800,0.000256
_5886_,VGND,li1,178.4800,190.4000,0.000058
_5885_,VGND,li1,166.0600,190.4000,0.000070
_5884_,VGND,li1,169.7400,195.8400,0.000059
_5883_,VGND,li1,177.5600,206.7200,0.000063
_5882_,VGND,li1,194.3500,244.8000,0.000215
_5881_,VGND,li1,201.0200,244.8000,0.000254
_5880_,VGND,li1,202.1700,233.9200,0.000164
_5879_,VGND,li1,196.6500,233.9200,0.000142
_5878_,VGND,li1,197.5700,233.9200,0.000150
_5877_,VGND,li1,182.1600,239.3600,0.000151
_5876_,VGND,li1,191.1300,228.4800,0.000178
_5875_,VGND,li1,187.9100,228.4800,0.000160
_5874_,VGND,li1,185.1500,228.4800,0.000144
_5873_,VGND,li1,169.7400,228.4800,0.000118
_5872_,VGND,li1,181.0100,206.7200,0.000071
_5871_,VGND,li1,175.0300,206.7200,0.000068
_5870_,VGND,li1,174.5700,206.7200,0.000068
_5869_,VGND,li1,167.9000,212.1600,0.000103
_5868_,VGND,li1,175.4900,201.2800,0.000097
_5867_,VGND,li1,177.7900,195.8400,0.000047
_5866_,VGND,li1,178.7100,201.2800,0.000092
_5865_,VGND,li1,181.7000,201.2800,0.000114
_5864_,VGND,li1,177.1000,212.1600,0.000088
_5863_,VGND,li1,184.2300,206.7200,0.000091
_5862_,VGND,li1,186.0700,206.7200,0.000098
_5861_,VGND,li1,188.3700,212.1600,0.000169
_5860_,VGND,li1,190.4400,217.6000,0.000120
_5859_,VGND,li1,200.7900,239.3600,0.000309
_5858_,VGND,li1,197.1100,239.3600,0.000279
_5857_,VGND,li1,198.4900,239.3600,0.000279
_5856_,VGND,li1,202.1700,250.2400,0.000199
_5855_,VGND,li1,210.6800,239.3600,0.000359
_5854_,VGND,li1,179.6300,190.4000,0.000068
_5853_,VGND,li1,181.0100,190.4000,0.000068
_5852_,VGND,li1,175.0300,190.4000,0.000061
_5851_,VGND,li1,177.1000,184.9600,0.000084
_5850_,VGND,li1,170.4300,201.2800,0.000105
_5849_,VGND,li1,170.2000,195.8400,0.000059
_5848_,VGND,li1,167.2100,195.8400,0.000062
_5847_,VGND,li1,165.8300,190.4000,0.000070
_5846_,VGND,li1,168.1300,190.4000,0.000068
_5845_,VGND,li1,162.1500,190.4000,0.000074
_5844_,VGND,li1,169.2800,190.4000,0.000068
_5843_,VGND,li1,162.1500,201.2800,0.000115
_5842_,VGND,li1,192.5100,228.4800,0.000178
_5841_,VGND,li1,187.4500,239.3600,0.000192
_5840_,VGND,li1,190.9000,239.3600,0.000229
_5839_,VGND,li1,183.7700,239.3600,0.000151
_5838_,VGND,li1,184.2300,250.2400,0.000102
_5837_,VGND,li1,178.7100,239.3600,0.000108
_5836_,VGND,li1,179.6300,239.3600,0.000127
_5835_,VGND,li1,169.0500,233.9200,0.000095
_5834_,VGND,li1,167.4400,228.4800,0.000126
_5833_,VGND,li1,163.5300,228.4800,0.000138
_5832_,VGND,li1,166.9800,228.4800,0.000131
_5831_,VGND,li1,166.5200,217.6000,0.000081
_5830_,VGND,li1,164.2200,212.1600,0.000112
_5829_,VGND,li1,169.2800,217.6000,0.000077
_5828_,VGND,li1,171.5800,217.6000,0.000073
_5827_,VGND,li1,166.0600,217.6000,0.000085
_5826_,VGND,li1,174.8000,217.6000,0.000067
_5825_,VGND,li1,177.1000,217.6000,0.000063
_5824_,VGND,li1,180.3200,217.6000,0.000074
_5823_,VGND,li1,179.6300,217.6000,0.000074
_5822_,VGND,li1,187.6800,217.6000,0.000109
_5821_,VGND,li1,184.9200,217.6000,0.000097
_5820_,VGND,li1,188.3700,217.6000,0.000109
_5819_,VGND,li1,187.2200,212.1600,0.000153
_5818_,VGND,li1,186.5300,217.6000,0.000097
_5817_,VGND,li1,163.0700,206.7200,0.000085
_5816_,VGND,li1,165.1400,201.2800,0.000112
_5815_,VGND,li1,159.3900,195.8400,0.000075
_5814_,VGND,li1,158.4700,201.2800,0.000120
_5813_,VGND,li1,182.3900,190.4000,0.000081
_5812_,VGND,li1,165.8300,201.2800,0.000112
_5811_,VGND,li1,163.9900,206.7200,0.000085
_5810_,VGND,li1,169.9700,206.7200,0.000077
_5809_,VGND,li1,167.2100,206.7200,0.000081
_5808_,VGND,li1,167.6700,195.8400,0.000062
_5807_,VGND,li1,168.1300,184.9600,0.000098
_5806_,VGND,li1,167.2100,206.7200,0.000081
_5805_,VGND,li1,158.9300,206.7200,0.000090
_5804_,VGND,li1,182.3900,228.4800,0.000120
_5803_,VGND,li1,188.1400,233.9200,0.000117
_5802_,VGND,li1,187.9100,255.6800,0.000147
_5801_,VGND,li1,180.5500,250.2400,0.000081
_5800_,VGND,li1,181.9300,250.2400,0.000081
_5799_,VGND,li1,175.0300,244.8000,0.000144
_5798_,VGND,li1,175.4900,244.8000,0.000144
_5797_,VGND,li1,165.6000,244.8000,0.000198
_5796_,VGND,li1,166.2900,223.0400,0.000066
_5795_,VGND,li1,156.8600,228.4800,0.000161
_5794_,VGND,li1,158.9300,228.4800,0.000151
_5793_,VGND,li1,159.1600,223.0400,0.000080
_5792_,VGND,li1,156.8600,223.0400,0.000084
_5791_,VGND,li1,161.6900,223.0400,0.000074
_5790_,VGND,li1,162.8400,239.3600,0.000128
_5789_,VGND,li1,162.8400,223.0400,0.000074
_5788_,VGND,li1,165.1400,223.0400,0.000070
_5787_,VGND,li1,171.3500,223.0400,0.000056
_5786_,VGND,li1,175.7200,223.0400,0.000048
_5785_,VGND,li1,179.8600,223.0400,0.000041
_5784_,VGND,li1,179.8600,223.0400,0.000041
_5783_,VGND,li1,182.6200,223.0400,0.000049
_5782_,VGND,li1,179.1700,228.4800,0.000107
_5781_,VGND,li1,181.2400,228.4800,0.000120
_5780_,VGND,li1,162.1500,217.6000,0.000088
_5779_,VGND,li1,161.2300,206.7200,0.000087
_5778_,VGND,li1,157.3200,206.7200,0.000094
_5777_,VGND,li1,155.7100,206.7200,0.000094
_5776_,VGND,li1,164.4500,217.6000,0.000085
_5775_,VGND,li1,158.9300,228.4800,0.000151
_5774_,VGND,li1,156.8600,228.4800,0.000161
_5773_,VGND,li1,157.3200,233.9200,0.000117
_5772_,VGND,li1,185.1500,244.8000,0.000164
_5771_,VGND,li1,189.0600,244.8000,0.000190
_5770_,VGND,li1,188.3700,250.2400,0.000126
_5769_,VGND,li1,190.6700,255.6800,0.000157
_5768_,VGND,li1,185.1500,255.6800,0.000134
_5767_,VGND,li1,180.5500,255.6800,0.000113
_5766_,VGND,li1,177.7900,250.2400,0.000073
_5765_,VGND,li1,177.7900,250.2400,0.000073
_5764_,VGND,li1,167.6700,250.2400,0.000084
_5763_,VGND,li1,162.6100,244.8000,0.000215
_5762_,VGND,li1,163.7600,244.8000,0.000215
_5761_,VGND,li1,162.3800,255.6800,0.000195
_5760_,VGND,li1,160.7700,239.3600,0.000130
_5759_,VGND,li1,163.5300,239.3600,0.000128
_5758_,VGND,li1,169.0500,239.3600,0.000120
_5757_,VGND,li1,168.8200,239.3600,0.000120
_5756_,VGND,li1,172.0400,239.3600,0.000117
_5755_,VGND,li1,170.8900,233.9200,0.000089
_5754_,VGND,li1,175.7200,233.9200,0.000078
_5753_,VGND,li1,176.4100,233.9200,0.000078
_5752_,VGND,li1,174.8000,239.3600,0.000112
_5751_,VGND,li1,158.9300,239.3600,0.000132
_5750_,VGND,li1,156.4000,239.3600,0.000135
_5749_,VGND,li1,156.8600,233.9200,0.000117
_5748_,VGND,li1,157.3200,239.3600,0.000135
_5747_,VGND,li1,152.9500,233.9200,0.000126
_5746_,VGND,li1,189.2900,266.5600,0.000340
_5745_,VGND,li1,188.6000,261.1200,0.000173
_5744_,VGND,li1,187.4500,266.5600,0.000313
_5743_,VGND,li1,182.8500,261.1200,0.000133
_5742_,VGND,li1,185.1500,261.1200,0.000146
_5741_,VGND,li1,184.6900,261.1200,0.000146
_5740_,VGND,li1,180.0900,261.1200,0.000114
_5739_,VGND,li1,177.5600,255.6800,0.000117
_5738_,VGND,li1,177.1000,261.1200,0.000093
_5737_,VGND,li1,162.1500,255.6800,0.000195
_5736_,VGND,li1,161.2300,250.2400,0.000092
_5735_,VGND,li1,158.9300,244.8000,0.000235
_5734_,VGND,li1,157.7800,250.2400,0.000094
_5733_,VGND,li1,162.8400,261.1200,0.000124
_5732_,VGND,li1,165.3700,255.6800,0.000178
_5731_,VGND,li1,168.8200,255.6800,0.000168
_5730_,VGND,li1,173.4200,255.6800,0.000133
_5729_,VGND,li1,169.5100,255.6800,0.000155
_5728_,VGND,li1,172.5000,244.8000,0.000159
_5727_,VGND,li1,174.5700,250.2400,0.000076
_5726_,VGND,li1,171.5800,250.2400,0.000079
_5725_,VGND,li1,175.4900,272.0000,0.000138
_5724_,VGND,li1,181.2400,266.5600,0.000218
_5723_,VGND,li1,184.6900,272.0000,0.000190
_5722_,VGND,li1,178.7100,272.0000,0.000133
_5721_,VGND,li1,178.7100,266.5600,0.000162
_5720_,VGND,li1,178.2500,261.1200,0.000093
_5719_,VGND,li1,178.0200,266.5600,0.000162
_5718_,VGND,li1,174.8000,261.1200,0.000102
_5717_,VGND,li1,175.0300,261.1200,0.000098
_5716_,VGND,li1,171.3500,261.1200,0.000106
_5715_,VGND,li1,171.8100,277.4400,0.000090
_5714_,VGND,li1,169.5100,261.1200,0.000112
_5713_,VGND,li1,168.3600,261.1200,0.000112
_5712_,VGND,li1,170.2000,266.5600,0.000170
_5711_,VGND,li1,171.3500,266.5600,0.000168
_5710_,VGND,li1,166.5200,266.5600,0.000172
_5709_,VGND,li1,166.2900,277.4400,0.000095
_5708_,VGND,li1,172.2700,282.8800,0.000154
_5707_,VGND,li1,174.5700,288.3200,0.000208
_5706_,VGND,li1,177.7900,282.8800,0.000127
_5705_,VGND,li1,173.1900,277.4400,0.000090
_5704_,VGND,li1,169.2800,277.4400,0.000092
_5703_,VGND,li1,170.6600,272.0000,0.000147
_5702_,VGND,li1,174.5700,272.0000,0.000142
_5701_,VGND,li1,167.4400,272.0000,0.000154
_5700_,VGND,li1,169.5100,288.3200,0.000258
_5699_,VGND,li1,171.5800,288.3200,0.000234
_5698_,VGND,li1,178.2500,288.3200,0.000175
_5697_,VGND,li1,172.0400,288.3200,0.000234
_5696_,VGND,li1,174.5700,288.3200,0.000208
_5695_,VGND,li1,182.6200,288.3200,0.000172
_5694_,VGND,li1,184.0000,293.7600,0.000198
_5693_,VGND,li1,191.3600,277.4400,0.000171
_5692_,VGND,li1,186.9900,293.7600,0.000216
_5691_,VGND,li1,189.5200,288.3200,0.000221
_5690_,VGND,li1,189.2900,288.3200,0.000221
_5689_,VGND,li1,184.0000,277.4400,0.000119
_5688_,VGND,li1,184.6900,282.8800,0.000177
_5687_,VGND,li1,184.4600,282.8800,0.000164
_5686_,VGND,li1,177.5600,277.4400,0.000085
_5685_,VGND,li1,174.5700,282.8800,0.000143
_5684_,VGND,li1,185.1500,277.4400,0.000119
_5683_,VGND,li1,194.3500,282.8800,0.000240
_5682_,VGND,li1,136.3900,174.0800,0.000412
_5681_,VGND,li1,129.9500,168.6400,0.000165
_5680_,VGND,li1,136.3900,168.6400,0.000165
_5679_,VGND,li1,140.5300,174.0800,0.000417
_5678_,VGND,li1,132.7100,179.5200,0.000271
_5677_,VGND,li1,137.3100,179.5200,0.000273
_5676_,VGND,li1,140.5300,179.5200,0.000272
_5675_,VGND,li1,149.2700,168.6400,0.000155
_5674_,VGND,li1,133.6300,174.0800,0.000406
_5673_,VGND,li1,152.9500,168.6400,0.000153
_5672_,VGND,li1,167.6700,43.5200,0.000175
_5671_,VGND,li1,157.5500,32.6400,0.000113
_5670_,VGND,li1,163.0700,27.2000,0.000177
_5669_,VGND,li1,125.8100,27.2000,0.000356
_5668_,VGND,li1,116.6100,16.3200,0.000407
_5667_,VGND,li1,113.8500,21.7600,0.000377
_5666_,VGND,li1,105.1100,27.2000,0.000370
_5665_,VGND,li1,94.5300,27.2000,0.000351
_5664_,VGND,li1,89.9300,21.7600,0.000397
_5663_,VGND,li1,71.5300,16.3200,0.000311
_5662_,VGND,li1,78.8900,10.8800,0.000080
_5661_,VGND,li1,56.3500,16.3200,0.000230
_5660_,VGND,li1,62.3300,10.8800,0.000062
_5659_,VGND,li1,86.7100,21.7600,0.000394
_5658_,VGND,li1,66.9300,16.3200,0.000289
_5657_,VGND,li1,8.9700,87.0400,0.000075
_5656_,VGND,li1,13.5700,119.6800,0.000045
_5655_,VGND,li1,10.3500,103.3600,0.000043
_5654_,VGND,li1,85.7900,32.6400,0.000193
_5653_,VGND,li1,9.4300,97.9200,0.000047
_5652_,VGND,li1,100.9700,21.7600,0.000406
_5651_,VGND,li1,105.5700,21.7600,0.000394
_5650_,VGND,li1,123.0500,16.3200,0.000404
_5649_,VGND,li1,129.9500,16.3200,0.000398
_5648_,VGND,li1,135.9300,21.7600,0.000315
_5647_,VGND,li1,146.0500,21.7600,0.000281
_5646_,VGND,li1,157.5500,16.3200,0.000313
_5645_,VGND,li1,171.3500,32.6400,0.000078
_5644_,VGND,li1,174.5700,21.7600,0.000153
_5643_,VGND,li1,183.3100,27.2000,0.000089
_5642_,VGND,li1,180.5500,21.7600,0.000152
_5641_,VGND,li1,178.7100,32.6400,0.000050
_5640_,VGND,li1,129.0300,304.6400,0.000151
_5639_,VGND,li1,133.6300,304.6400,0.000148
_5638_,VGND,li1,110.1700,315.5200,0.000130
_5637_,VGND,li1,97.2900,320.9600,0.000528
_5636_,VGND,li1,93.1500,315.5200,0.000137
_5635_,VGND,li1,88.0900,331.8400,0.000049
_5634_,VGND,li1,75.6700,326.4000,0.000310
_5633_,VGND,li1,80.7300,326.4000,0.000328
_5632_,VGND,li1,9.8900,272.0000,0.000059
_5631_,VGND,li1,10.3500,266.5600,0.000041
_5630_,VGND,li1,62.7900,326.4000,0.000248
_5629_,VGND,li1,12.1900,255.6800,0.000103
_5628_,VGND,li1,11.2700,250.2400,0.000060
_5627_,VGND,li1,17.2500,239.3600,0.000060
_5626_,VGND,li1,20.4700,233.9200,0.000051
_5625_,VGND,li1,31.5100,223.0400,0.000058
_5624_,VGND,li1,23.6900,212.1600,0.000044
_5623_,VGND,li1,20.9300,206.7200,0.000041
_5622_,VGND,li1,15.4100,201.2800,0.000045
_5621_,VGND,li1,9.8900,195.8400,0.000080
_5620_,VGND,li1,15.4100,212.1600,0.000049
_5619_,VGND,li1,15.4100,233.9200,0.000054
_5618_,VGND,li1,18.6300,217.6000,0.000090
_5617_,VGND,li1,110.1700,320.9600,0.000538
_5616_,VGND,li1,97.2900,326.4000,0.000368
_5615_,VGND,li1,103.7300,315.5200,0.000135
_5614_,VGND,li1,116.1500,320.9600,0.000526
_5613_,VGND,li1,157.5500,320.9600,0.000327
_5612_,VGND,li1,124.4300,326.4000,0.000372
_5611_,VGND,li1,139.1500,326.4000,0.000344
_5610_,VGND,li1,157.0900,288.3200,0.000362
_5609_,VGND,li1,148.8100,299.2000,0.000203
_5608_,VGND,li1,310.2700,157.7600,0.000705
_5607_,VGND,li1,316.2500,152.3200,0.000622
_5606_,VGND,li1,319.0100,136.0000,0.000481
_5605_,VGND,li1,313.4900,136.0000,0.000477
_5604_,VGND,li1,318.5500,108.8000,0.001481
_5603_,VGND,li1,313.4900,125.1200,0.000925
_5602_,VGND,li1,319.0100,92.4800,0.000672
_5601_,VGND,li1,324.5300,87.0400,0.000678
_5600_,VGND,li1,319.4700,76.1600,0.001656
_5599_,VGND,li1,323.6100,65.2800,0.000786
_5598_,VGND,li1,323.6100,48.9600,0.000533
_5597_,VGND,li1,319.0100,38.0800,0.000328
_5596_,VGND,li1,319.0100,59.8400,0.000375
_5595_,VGND,li1,319.9300,54.4000,0.000733
_5594_,VGND,li1,325.4500,76.1600,0.001656
_5593_,VGND,li1,316.7100,81.6000,0.001078
_5592_,VGND,li1,241.2700,16.3200,0.000472
_5591_,VGND,li1,238.9700,16.3200,0.000454
_5590_,VGND,li1,247.2500,16.3200,0.000490
_5589_,VGND,li1,313.0300,87.0400,0.000669
_5588_,VGND,li1,316.7100,92.4800,0.000669
_5587_,VGND,li1,324.5300,108.8000,0.001484
_5586_,VGND,li1,323.6100,114.2400,0.000432
_5585_,VGND,li1,317.6300,125.1200,0.000945
_5584_,VGND,li1,319.0100,141.4400,0.000660
_5583_,VGND,li1,278.9900,152.3200,0.000551
_5582_,VGND,li1,318.0900,152.3200,0.000624
_5581_,VGND,li1,318.5500,163.2000,0.000671
_5580_,VGND,li1,265.1900,184.9600,0.000527
_5579_,VGND,li1,316.7100,184.9600,0.000619
_5578_,VGND,li1,319.0100,174.0800,0.000501
_5577_,VGND,li1,318.0900,179.5200,0.000876
_5576_,VGND,li1,208.1500,320.9600,0.000386
_5575_,VGND,li1,184.6900,310.0800,0.000147
_5574_,VGND,li1,207.6900,315.5200,0.000288
_5573_,VGND,li1,204.4700,310.0800,0.000214
_5572_,VGND,li1,193.8900,320.9600,0.000284
_5571_,VGND,li1,179.6300,320.9600,0.000167
_5570_,VGND,li1,219.1900,320.9600,0.000418
_5569_,VGND,li1,241.7300,331.8400,0.000092
_5568_,VGND,li1,318.5500,310.0800,0.000395
_5567_,VGND,li1,320.3900,299.2000,0.000650
_5566_,VGND,li1,323.6100,293.7600,0.001129
_5565_,VGND,li1,319.0100,288.3200,0.000634
_5564_,VGND,li1,249.0900,331.8400,0.000097
_5563_,VGND,li1,319.9300,272.0000,0.000623
_5562_,VGND,li1,319.0100,266.5600,0.001649
_5561_,VGND,li1,320.3900,255.6800,0.000518
_5560_,VGND,li1,318.5500,217.6000,0.000444
_5559_,VGND,li1,319.0100,212.1600,0.000710
_5558_,VGND,li1,316.2500,206.7200,0.000487
_5557_,VGND,li1,324.0700,206.7200,0.000490
_5556_,VGND,li1,321.3100,244.8000,0.000567
_5555_,VGND,li1,319.0100,244.8000,0.000567
_5554_,VGND,li1,221.9500,320.9600,0.000423
_5553_,VGND,li1,211.8300,320.9600,0.000399
_5552_,VGND,li1,208.1500,310.0800,0.000229
_5551_,VGND,li1,209.0700,326.4000,0.000482
_5550_,VGND,li1,194.3500,310.0800,0.000180
_5549_,VGND,li1,191.1300,304.6400,0.000151
_5548_,VGND,li1,187.4500,320.9600,0.000243
_5547_,VGND,li1,178.7100,299.2000,0.000111
_5546_,VGND,li1,169.5100,299.2000,0.000136
_5545_,VGND,li1,174.5700,310.0800,0.000114
_5544_,VGND,li1,177.7900,310.0800,0.000104
_5543_,VGND,li1,193.8900,282.8800,0.000240
_5542_,VGND,li1,190.9000,282.8800,0.000215
_5541_,VGND,li1,171.8100,157.7600,0.000146
_5540_,VGND,li1,169.5100,152.3200,0.000117
_5539_,VGND,li1,162.1500,163.2000,0.000176
_5538_,VGND,li1,161.2300,163.2000,0.000176
_5537_,VGND,li1,162.1500,157.7600,0.000171
_5536_,VGND,li1,170.4300,157.7600,0.000146
_5535_,VGND,li1,175.0300,157.7600,0.000128
_5534_,VGND,li1,173.6500,168.6400,0.000102
_5533_,VGND,li1,164.9100,152.3200,0.000129
_5532_,VGND,li1,157.3200,163.2000,0.000189
_5531_,VGND,li1,180.5500,315.5200,0.000098
_5530_,VGND,li1,157.3200,48.9600,0.000111
_5529_,VGND,li1,154.3300,48.9600,0.000116
_5528_,VGND,li1,153.1800,32.6400,0.000127
_5527_,VGND,li1,152.9500,43.5200,0.000236
_5526_,VGND,li1,150.4200,27.2000,0.000249
_5525_,VGND,li1,148.8100,32.6400,0.000139
_5524_,VGND,li1,125.5800,32.6400,0.000181
_5523_,VGND,li1,125.3500,32.6400,0.000181
_5522_,VGND,li1,118.2200,32.6400,0.000191
_5521_,VGND,li1,120.7500,32.6400,0.000187
_5520_,VGND,li1,110.8600,21.7600,0.000383
_5519_,VGND,li1,108.7900,27.2000,0.000373
_5518_,VGND,li1,100.2800,32.6400,0.000201
_5517_,VGND,li1,100.0500,38.0800,0.000293
_5516_,VGND,li1,92.0000,32.6400,0.000197
_5515_,VGND,li1,96.8300,38.0800,0.000290
_5514_,VGND,li1,85.5600,27.2000,0.000332
_5513_,VGND,li1,83.9500,32.6400,0.000191
_5512_,VGND,li1,73.6000,27.2000,0.000297
_5511_,VGND,li1,71.0700,27.2000,0.000283
_5510_,VGND,li1,62.1000,21.7600,0.000307
_5509_,VGND,li1,61.4100,27.2000,0.000250
_5508_,VGND,li1,49.6800,21.7600,0.000231
_5507_,VGND,li1,43.4700,27.2000,0.000164
_5506_,VGND,li1,50.1400,16.3200,0.000204
_5505_,VGND,li1,52.2100,21.7600,0.000247
_5504_,VGND,li1,79.1200,27.2000,0.000313
_5503_,VGND,li1,78.8900,27.2000,0.000313
_5502_,VGND,li1,59.3400,21.7600,0.000292
_5501_,VGND,li1,61.8700,21.7600,0.000307
_5500_,VGND,li1,14.7200,87.0400,0.000075
_5499_,VGND,li1,17.2500,87.0400,0.000073
_5498_,VGND,li1,14.7200,114.2400,0.000025
_5497_,VGND,li1,15.8700,114.2400,0.000025
_5496_,VGND,li1,16.1000,108.8000,0.000085
_5495_,VGND,li1,14.4900,108.8000,0.000087
_5494_,VGND,li1,86.0200,32.6400,0.000193
_5493_,VGND,li1,77.9700,81.6000,0.000154
_5492_,VGND,li1,16.1000,97.9200,0.000045
_5491_,VGND,li1,17.7100,97.9200,0.000045
_5490_,VGND,li1,97.9800,21.7600,0.000404
_5489_,VGND,li1,94.5300,87.0400,0.000359
_5488_,VGND,li1,104.4200,21.7600,0.000400
_5487_,VGND,li1,101.4300,87.0400,0.000353
_5486_,VGND,li1,115.9200,21.7600,0.000372
_5485_,VGND,li1,122.1300,92.4800,0.000578
_5484_,VGND,li1,128.3400,21.7600,0.000343
_5483_,VGND,li1,126.7300,92.4800,0.000553
_5482_,VGND,li1,136.6200,27.2000,0.000309
_5481_,VGND,li1,135.4700,97.9200,0.000225
_5480_,VGND,li1,143.5200,21.7600,0.000289
_5479_,VGND,li1,144.2100,92.4800,0.000431
_5478_,VGND,li1,154.5600,16.3200,0.000324
_5477_,VGND,li1,150.6500,92.4800,0.000390
_5476_,VGND,li1,164.6800,38.0800,0.000181
_5475_,VGND,li1,162.1500,38.0800,0.000197
_5474_,VGND,li1,169.7400,21.7600,0.000175
_5473_,VGND,li1,168.1300,48.9600,0.000087
_5472_,VGND,li1,180.3200,27.2000,0.000083
_5471_,VGND,li1,175.9500,32.6400,0.000063
_5470_,VGND,li1,177.5600,70.7200,0.000101
_5469_,VGND,li1,177.7900,76.1600,0.000172
_5468_,VGND,li1,175.7200,32.6400,0.000063
_5467_,VGND,li1,176.4100,76.1600,0.000172
_5466_,VGND,li1,156.6300,48.9600,0.000111
_5465_,VGND,li1,151.8000,48.9600,0.000121
_5464_,VGND,li1,145.5900,48.9600,0.000129
_5463_,VGND,li1,142.8300,54.4000,0.000334
_5462_,VGND,li1,141.4500,65.2800,0.000127
_5461_,VGND,li1,140.5300,70.7200,0.000150
_5460_,VGND,li1,140.5300,76.1600,0.000199
_5459_,VGND,li1,143.7500,70.7200,0.000148
_5458_,VGND,li1,148.8100,70.7200,0.000144
_5457_,VGND,li1,150.1900,76.1600,0.000196
_5456_,VGND,li1,150.1900,59.8400,0.000082
_5455_,VGND,li1,153.1800,59.8400,0.000078
_5454_,VGND,li1,147.2000,59.8400,0.000085
_5453_,VGND,li1,139.3800,65.2800,0.000129
_5452_,VGND,li1,142.6000,48.9600,0.000132
_5451_,VGND,li1,146.0500,38.0800,0.000254
_5450_,VGND,li1,151.3400,38.0800,0.000242
_5449_,VGND,li1,143.7500,38.0800,0.000261
_5448_,VGND,li1,139.3800,43.5200,0.000280
_5447_,VGND,li1,135.7000,43.5200,0.000291
_5446_,VGND,li1,141.9100,43.5200,0.000273
_5445_,VGND,li1,139.6100,48.9600,0.000135
_5444_,VGND,li1,140.5300,54.4000,0.000347
_5443_,VGND,li1,142.1400,59.8400,0.000089
_5442_,VGND,li1,139.8400,59.8400,0.000092
_5441_,VGND,li1,138.2300,59.8400,0.000092
_5440_,VGND,li1,136.3900,70.7200,0.000152
_5439_,VGND,li1,137.0800,65.2800,0.000130
_5438_,VGND,li1,136.3900,76.1600,0.000199
_5437_,VGND,li1,137.3100,76.1600,0.000199
_5436_,VGND,li1,138.9200,76.1600,0.000199
_5435_,VGND,li1,140.9900,76.1600,0.000199
_5434_,VGND,li1,149.2700,76.1600,0.000197
_5433_,VGND,li1,149.2700,81.6000,0.000175
_5432_,VGND,li1,152.0300,76.1600,0.000195
_5431_,VGND,li1,146.2800,76.1600,0.000197
_5430_,VGND,li1,149.2700,65.2800,0.000120
_5429_,VGND,li1,149.7300,59.8400,0.000082
_5428_,VGND,li1,130.6400,70.7200,0.000152
_5427_,VGND,li1,139.1500,32.6400,0.000160
_5426_,VGND,li1,144.4400,32.6400,0.000147
_5425_,VGND,li1,140.5300,43.5200,0.000280
_5424_,VGND,li1,132.2500,43.5200,0.000297
_5423_,VGND,li1,144.2100,43.5200,0.000267
_5422_,VGND,li1,136.8500,43.5200,0.000286
_5421_,VGND,li1,137.7700,48.9600,0.000136
_5420_,VGND,li1,135.9300,48.9600,0.000138
_5419_,VGND,li1,133.6300,48.9600,0.000139
_5418_,VGND,li1,132.4800,54.4000,0.000388
_5417_,VGND,li1,136.1600,54.4000,0.000377
_5416_,VGND,li1,120.5200,54.4000,0.000414
_5415_,VGND,li1,132.7100,54.4000,0.000388
_5414_,VGND,li1,135.4700,54.4000,0.000377
_5413_,VGND,li1,131.3300,59.8400,0.000097
_5412_,VGND,li1,132.9400,59.8400,0.000095
_5411_,VGND,li1,130.6400,59.8400,0.000097
_5410_,VGND,li1,129.4900,65.2800,0.000136
_5409_,VGND,li1,133.6300,70.7200,0.000152
_5408_,VGND,li1,130.6400,76.1600,0.000198
_5407_,VGND,li1,128.3400,76.1600,0.000198
_5406_,VGND,li1,125.8100,76.1600,0.000197
_5405_,VGND,li1,143.2900,76.1600,0.000198
_5404_,VGND,li1,138.2300,87.0400,0.000291
_5403_,VGND,li1,139.6100,81.6000,0.000178
_5402_,VGND,li1,135.9300,81.6000,0.000178
_5401_,VGND,li1,143.2900,87.0400,0.000280
_5400_,VGND,li1,146.5100,87.0400,0.000276
_5399_,VGND,li1,145.1300,81.6000,0.000177
_5398_,VGND,li1,145.5900,81.6000,0.000177
_5397_,VGND,li1,142.8300,81.6000,0.000177
_5396_,VGND,li1,124.4300,38.0800,0.000292
_5395_,VGND,li1,130.1800,32.6400,0.000174
_5394_,VGND,li1,125.8100,43.5200,0.000311
_5393_,VGND,li1,122.1300,43.5200,0.000316
_5392_,VGND,li1,117.9900,43.5200,0.000321
_5391_,VGND,li1,129.9500,43.5200,0.000302
_5390_,VGND,li1,125.3500,43.5200,0.000311
_5389_,VGND,li1,128.1100,43.5200,0.000305
_5388_,VGND,li1,125.3500,48.9600,0.000144
_5387_,VGND,li1,128.3400,48.9600,0.000142
_5386_,VGND,li1,116.8400,54.4000,0.000403
_5385_,VGND,li1,123.0500,54.4000,0.000419
_5384_,VGND,li1,125.3500,54.4000,0.000423
_5383_,VGND,li1,123.7400,59.8400,0.000100
_5382_,VGND,li1,121.4400,59.8400,0.000101
_5381_,VGND,li1,120.7500,65.2800,0.000140
_5380_,VGND,li1,131.7900,65.2800,0.000134
_5379_,VGND,li1,123.5100,65.2800,0.000139
_5378_,VGND,li1,126.5000,65.2800,0.000137
_5377_,VGND,li1,120.0600,76.1600,0.000194
_5376_,VGND,li1,124.8900,76.1600,0.000197
_5375_,VGND,li1,126.2700,76.1600,0.000197
_5374_,VGND,li1,128.5700,76.1600,0.000198
_5373_,VGND,li1,126.2700,81.6000,0.000180
_5372_,VGND,li1,129.0300,81.6000,0.000180
_5371_,VGND,li1,123.5100,87.0400,0.000318
_5370_,VGND,li1,129.4900,87.0400,0.000308
_5369_,VGND,li1,132.9400,87.0400,0.000301
_5368_,VGND,li1,135.7000,87.0400,0.000296
_5367_,VGND,li1,130.8700,87.0400,0.000308
_5366_,VGND,li1,133.1700,81.6000,0.000179
_5365_,VGND,li1,109.0200,43.5200,0.000333
_5364_,VGND,li1,107.1800,38.0800,0.000297
_5363_,VGND,li1,98.4400,43.5200,0.000338
_5362_,VGND,li1,99.8200,43.5200,0.000338
_5361_,VGND,li1,100.5100,38.0800,0.000293
_5360_,VGND,li1,112.0100,43.5200,0.000329
_5359_,VGND,li1,114.3100,38.0800,0.000299
_5358_,VGND,li1,117.7600,32.6400,0.000191
_5357_,VGND,li1,113.3900,38.0800,0.000299
_5356_,VGND,li1,110.1700,43.5200,0.000331
_5355_,VGND,li1,105.5700,43.5200,0.000336
_5354_,VGND,li1,107.4100,48.9600,0.000145
_5353_,VGND,li1,115.6900,48.9600,0.000146
_5352_,VGND,li1,118.6800,48.9600,0.000145
_5351_,VGND,li1,104.4200,59.8400,0.000105
_5350_,VGND,li1,115.6900,48.9600,0.000146
_5349_,VGND,li1,113.3900,54.4000,0.000396
_5348_,VGND,li1,116.3800,54.4000,0.000403
_5347_,VGND,li1,113.6200,65.2800,0.000140
_5346_,VGND,li1,113.3900,59.8400,0.000104
_5345_,VGND,li1,119.8300,59.8400,0.000102
_5344_,VGND,li1,118.9100,65.2800,0.000140
_5343_,VGND,li1,120.5200,70.7200,0.000153
_5342_,VGND,li1,118.2200,70.7200,0.000153
_5341_,VGND,li1,117.5300,76.1600,0.000193
_5340_,VGND,li1,115.6900,76.1600,0.000191
_5339_,VGND,li1,123.0500,76.1600,0.000195
_5338_,VGND,li1,114.3100,87.0400,0.000333
_5337_,VGND,li1,122.5900,81.6000,0.000180
_5336_,VGND,li1,120.9800,87.0400,0.000322
_5335_,VGND,li1,120.5200,81.6000,0.000180
_5334_,VGND,li1,125.3500,87.0400,0.000315
_5333_,VGND,li1,118.4500,87.0400,0.000326
_5332_,VGND,li1,106.9500,32.6400,0.000201
_5331_,VGND,li1,112.7000,32.6400,0.000197
_5330_,VGND,li1,107.8700,38.0800,0.000298
_5329_,VGND,li1,112.4700,43.5200,0.000329
_5328_,VGND,li1,103.2700,38.0800,0.000295
_5327_,VGND,li1,104.6500,54.4000,0.000378
_5326_,VGND,li1,107.4100,54.4000,0.000385
_5325_,VGND,li1,103.7300,54.4000,0.000378
_5324_,VGND,li1,106.7200,54.4000,0.000385
_5323_,VGND,li1,96.1400,59.8400,0.000104
_5322_,VGND,li1,102.8100,59.8400,0.000105
_5321_,VGND,li1,106.0300,59.8400,0.000105
_5320_,VGND,li1,106.2600,65.2800,0.000139
_5319_,VGND,li1,103.9600,65.2800,0.000139
_5318_,VGND,li1,110.6300,65.2800,0.000140
_5317_,VGND,li1,116.1500,65.2800,0.000140
_5316_,VGND,li1,110.6300,65.2800,0.000140
_5315_,VGND,li1,102.1200,76.1600,0.000179
_5314_,VGND,li1,110.1700,70.7200,0.000153
_5313_,VGND,li1,115.2300,70.7200,0.000153
_5312_,VGND,li1,109.7100,76.1600,0.000186
_5311_,VGND,li1,112.4700,76.1600,0.000188
_5310_,VGND,li1,105.5700,76.1600,0.000182
_5309_,VGND,li1,110.6300,87.0400,0.000340
_5308_,VGND,li1,112.0100,87.0400,0.000337
_5307_,VGND,li1,113.3900,81.6000,0.000179
_5306_,VGND,li1,111.5500,81.6000,0.000179
_5305_,VGND,li1,94.5300,87.0400,0.000359
_5304_,VGND,li1,101.2000,81.6000,0.000177
_5303_,VGND,li1,105.1100,43.5200,0.000336
_5302_,VGND,li1,92.4600,43.5200,0.000340
_5301_,VGND,li1,101.2000,43.5200,0.000337
_5300_,VGND,li1,97.7500,48.9600,0.000145
_5299_,VGND,li1,96.3700,48.9600,0.000144
_5298_,VGND,li1,93.6100,54.4000,0.000347
_5297_,VGND,li1,96.6000,54.4000,0.000353
_5296_,VGND,li1,85.5600,54.4000,0.000318
_5295_,VGND,li1,93.1500,54.4000,0.000347
_5294_,VGND,li1,96.8300,59.8400,0.000104
_5293_,VGND,li1,93.8400,59.8400,0.000103
_5292_,VGND,li1,92.9200,65.2800,0.000135
_5291_,VGND,li1,95.9100,65.2800,0.000136
_5290_,VGND,li1,101.4300,65.2800,0.000138
_5289_,VGND,li1,97.7500,70.7200,0.000151
_5288_,VGND,li1,100.7400,70.7200,0.000151
_5287_,VGND,li1,89.7000,70.7200,0.000146
_5286_,VGND,li1,98.6700,70.7200,0.000151
_5285_,VGND,li1,103.7300,76.1600,0.000181
_5284_,VGND,li1,98.4400,76.1600,0.000175
_5283_,VGND,li1,101.6600,76.1600,0.000179
_5282_,VGND,li1,106.2600,81.6000,0.000178
_5281_,VGND,li1,104.1900,81.6000,0.000178
_5280_,VGND,li1,107.8700,81.6000,0.000179
_5279_,VGND,li1,106.0300,81.6000,0.000178
_5278_,VGND,li1,83.9500,81.6000,0.000162
_5277_,VGND,li1,90.1600,81.6000,0.000170
_5276_,VGND,li1,89.4700,43.5200,0.000340
_5275_,VGND,li1,95.2200,43.5200,0.000339
_5274_,VGND,li1,86.2500,43.5200,0.000339
_5273_,VGND,li1,88.5500,43.5200,0.000340
_5272_,VGND,li1,84.4100,48.9600,0.000138
_5271_,VGND,li1,87.4000,48.9600,0.000140
_5270_,VGND,li1,80.0400,54.4000,0.000303
_5269_,VGND,li1,84.8700,54.4000,0.000318
_5268_,VGND,li1,86.7100,59.8400,0.000100
_5267_,VGND,li1,83.7200,59.8400,0.000098
_5266_,VGND,li1,84.6400,59.8400,0.000098
_5265_,VGND,li1,84.8700,65.2800,0.000131
_5264_,VGND,li1,90.8500,65.2800,0.000134
_5263_,VGND,li1,86.2500,65.2800,0.000131
_5262_,VGND,li1,89.2400,65.2800,0.000133
_5261_,VGND,li1,78.2000,70.7200,0.000139
_5260_,VGND,li1,86.7100,70.7200,0.000145
_5259_,VGND,li1,91.3100,70.7200,0.000148
_5258_,VGND,li1,92.4600,76.1600,0.000167
_5257_,VGND,li1,89.2400,76.1600,0.000164
_5256_,VGND,li1,89.7000,76.1600,0.000164
_5255_,VGND,li1,91.7700,76.1600,0.000167
_5254_,VGND,li1,94.3000,76.1600,0.000170
_5253_,VGND,li1,96.8300,81.6000,0.000175
_5252_,VGND,li1,94.9900,81.6000,0.000174
_5251_,VGND,li1,89.9300,38.0800,0.000286
_5250_,VGND,li1,72.9100,81.6000,0.000145
_5249_,VGND,li1,66.0100,81.6000,0.000133
_5248_,VGND,li1,70.1500,81.6000,0.000138
_5247_,VGND,li1,61.8700,32.6400,0.000168
_5246_,VGND,li1,72.2200,38.0800,0.000260
_5245_,VGND,li1,74.9800,38.0800,0.000265
_5244_,VGND,li1,74.2900,38.0800,0.000265
_5243_,VGND,li1,80.5000,32.6400,0.000190
_5242_,VGND,li1,73.8300,32.6400,0.000185
_5241_,VGND,li1,70.1500,38.0800,0.000252
_5240_,VGND,li1,70.1500,43.5200,0.000308
_5239_,VGND,li1,77.9700,43.5200,0.000334
_5238_,VGND,li1,79.8100,43.5200,0.000336
_5237_,VGND,li1,82.8000,43.5200,0.000337
_5236_,VGND,li1,70.8400,48.9600,0.000126
_5235_,VGND,li1,76.5900,48.9600,0.000132
_5234_,VGND,li1,75.2100,54.4000,0.000286
_5233_,VGND,li1,77.9700,54.4000,0.000296
_5232_,VGND,li1,68.0800,54.4000,0.000255
_5231_,VGND,li1,74.7500,59.8400,0.000093
_5230_,VGND,li1,80.7300,59.8400,0.000097
_5229_,VGND,li1,76.1300,59.8400,0.000094
_5228_,VGND,li1,78.8900,59.8400,0.000096
_5227_,VGND,li1,67.6200,65.2800,0.000113
_5226_,VGND,li1,76.1300,65.2800,0.000123
_5225_,VGND,li1,73.8300,70.7200,0.000135
_5224_,VGND,li1,79.5800,70.7200,0.000139
_5223_,VGND,li1,76.3600,70.7200,0.000137
_5222_,VGND,li1,78.6600,76.1600,0.000149
_5221_,VGND,li1,78.8900,76.1600,0.000149
_5220_,VGND,li1,84.1800,76.1600,0.000155
_5219_,VGND,li1,81.1900,76.1600,0.000153
_5218_,VGND,li1,76.8200,76.1600,0.000147
_5217_,VGND,li1,63.7100,27.2000,0.000259
_5216_,VGND,li1,74.0600,27.2000,0.000297
_5215_,VGND,li1,66.9300,32.6400,0.000176
_5214_,VGND,li1,63.7100,38.0800,0.000238
_5213_,VGND,li1,66.4700,32.6400,0.000176
_5212_,VGND,li1,52.4400,32.6400,0.000140
_5211_,VGND,li1,58.8800,38.0800,0.000227
_5210_,VGND,li1,62.3300,38.0800,0.000238
_5209_,VGND,li1,66.4700,38.0800,0.000247
_5208_,VGND,li1,59.1100,43.5200,0.000256
_5207_,VGND,li1,62.1000,43.5200,0.000271
_5206_,VGND,li1,51.9800,43.5200,0.000218
_5205_,VGND,li1,59.5700,48.9600,0.000114
_5204_,VGND,li1,67.8500,48.9600,0.000124
_5203_,VGND,li1,71.7600,48.9600,0.000128
_5202_,VGND,li1,49.2200,48.9600,0.000097
_5201_,VGND,li1,66.9300,54.4000,0.000255
_5200_,VGND,li1,65.0900,54.4000,0.000248
_5199_,VGND,li1,62.7900,54.4000,0.000235
_5198_,VGND,li1,51.5200,54.4000,0.000183
_5197_,VGND,li1,66.9300,59.8400,0.000085
_5196_,VGND,li1,62.5600,59.8400,0.000080
_5195_,VGND,li1,64.6300,59.8400,0.000082
_5194_,VGND,li1,71.0700,65.2800,0.000116
_5193_,VGND,li1,67.1600,59.8400,0.000085
_5192_,VGND,li1,71.3000,65.2800,0.000118
_5191_,VGND,li1,72.4500,70.7200,0.000135
_5190_,VGND,li1,71.3000,70.7200,0.000133
_5189_,VGND,li1,70.1500,70.7200,0.000133
_5188_,VGND,li1,68.0800,65.2800,0.000113
_5187_,VGND,li1,56.3500,48.9600,0.000106
_5186_,VGND,li1,60.7200,48.9600,0.000114
_5185_,VGND,li1,58.1900,27.2000,0.000241
_5184_,VGND,li1,50.8300,32.6400,0.000140
_5183_,VGND,li1,58.4200,32.6400,0.000159
_5182_,VGND,li1,51.7500,38.0800,0.000207
_5181_,VGND,li1,56.1200,38.0800,0.000219
_5180_,VGND,li1,44.3900,43.5200,0.000171
_5179_,VGND,li1,49.4500,43.5200,0.000204
_5178_,VGND,li1,48.9900,48.9600,0.000097
_5177_,VGND,li1,51.7500,48.9600,0.000101
_5176_,VGND,li1,40.0200,48.9600,0.000078
_5175_,VGND,li1,46.6900,48.9600,0.000092
_5174_,VGND,li1,42.5500,48.9600,0.000084
_5173_,VGND,li1,44.3900,54.4000,0.000151
_5172_,VGND,li1,30.3600,54.4000,0.000083
_5171_,VGND,li1,42.0900,54.4000,0.000141
_5170_,VGND,li1,48.7600,59.8400,0.000060
_5169_,VGND,li1,55.4300,59.8400,0.000070
_5168_,VGND,li1,51.9800,59.8400,0.000065
_5167_,VGND,li1,52.4400,59.8400,0.000065
_5166_,VGND,li1,54.5100,59.8400,0.000070
_5165_,VGND,li1,59.3400,65.2800,0.000103
_5164_,VGND,li1,60.4900,59.8400,0.000077
_5163_,VGND,li1,57.5000,59.8400,0.000074
_5162_,VGND,li1,38.4100,27.2000,0.000137
_5161_,VGND,li1,48.3000,27.2000,0.000197
_5160_,VGND,li1,49.6800,27.2000,0.000197
_5159_,VGND,li1,66.7000,76.1600,0.000132
_5158_,VGND,li1,61.1800,76.1600,0.000123
_5157_,VGND,li1,51.5200,76.1600,0.000107
_5156_,VGND,li1,60.4900,76.1600,0.000123
_5155_,VGND,li1,54.5100,32.6400,0.000152
_5154_,VGND,li1,44.8500,32.6400,0.000119
_5153_,VGND,li1,48.5300,38.0800,0.000196
_5152_,VGND,li1,47.6100,32.6400,0.000130
_5151_,VGND,li1,42.5500,32.6400,0.000107
_5150_,VGND,li1,44.6200,65.2800,0.000077
_5149_,VGND,li1,41.1700,38.0800,0.000170
_5148_,VGND,li1,39.7900,43.5200,0.000150
_5147_,VGND,li1,41.4000,43.5200,0.000150
_5146_,VGND,li1,40.0200,65.2800,0.000067
_5145_,VGND,li1,37.0300,48.9600,0.000071
_5144_,VGND,li1,33.3500,48.9600,0.000062
_5143_,VGND,li1,33.8100,43.5200,0.000108
_5142_,VGND,li1,31.9700,59.8400,0.000034
_5141_,VGND,li1,29.6700,48.9600,0.000052
_5140_,VGND,li1,33.1200,54.4000,0.000097
_5139_,VGND,li1,27.8300,54.4000,0.000070
_5138_,VGND,li1,31.2800,54.4000,0.000083
_5137_,VGND,li1,38.6400,54.4000,0.000118
_5136_,VGND,li1,36.5700,54.4000,0.000108
_5135_,VGND,li1,46.4600,59.8400,0.000056
_5134_,VGND,li1,43.0100,59.8400,0.000053
_5133_,VGND,li1,40.0200,59.8400,0.000048
_5132_,VGND,li1,17.7100,48.9600,0.000041
_5131_,VGND,li1,24.8400,48.9600,0.000038
_5130_,VGND,li1,52.6700,65.2800,0.000091
_5129_,VGND,li1,50.3700,70.7200,0.000102
_5128_,VGND,li1,60.4900,70.7200,0.000122
_5127_,VGND,li1,54.9700,76.1600,0.000113
_5126_,VGND,li1,45.7700,70.7200,0.000092
_5125_,VGND,li1,47.6100,70.7200,0.000096
_5124_,VGND,li1,45.5400,76.1600,0.000090
_5123_,VGND,li1,46.2300,65.2800,0.000081
_5122_,VGND,li1,42.7800,65.2800,0.000074
_5121_,VGND,li1,39.5600,65.2800,0.000067
_5120_,VGND,li1,42.5500,65.2800,0.000074
_5119_,VGND,li1,38.1800,70.7200,0.000070
_5118_,VGND,li1,37.2600,59.8400,0.000043
_5117_,VGND,li1,36.5700,65.2800,0.000060
_5116_,VGND,li1,30.8200,65.2800,0.000044
_5115_,VGND,li1,30.1300,65.2800,0.000044
_5114_,VGND,li1,33.1200,70.7200,0.000059
_5113_,VGND,li1,33.1200,65.2800,0.000052
_5112_,VGND,li1,29.9000,59.8400,0.000030
_5111_,VGND,li1,21.3900,59.8400,0.000021
_5110_,VGND,li1,24.3800,59.8400,0.000020
_5109_,VGND,li1,18.8600,59.8400,0.000021
_5108_,VGND,li1,25.0700,59.8400,0.000020
_5107_,VGND,li1,24.8400,54.4000,0.000054
_5106_,VGND,li1,22.7700,54.4000,0.000054
_5105_,VGND,li1,20.7000,54.4000,0.000054
_5104_,VGND,li1,16.3300,65.2800,0.000028
_5103_,VGND,li1,23.9200,70.7200,0.000035
_5102_,VGND,li1,64.4000,70.7200,0.000128
_5101_,VGND,li1,61.1800,65.2800,0.000105
_5100_,VGND,li1,64.6300,76.1600,0.000127
_5099_,VGND,li1,59.3400,87.0400,0.000260
_5098_,VGND,li1,54.2800,70.7200,0.000111
_5097_,VGND,li1,54.2800,76.1600,0.000113
_5096_,VGND,li1,48.5300,76.1600,0.000100
_5095_,VGND,li1,50.3700,81.6000,0.000100
_5094_,VGND,li1,51.2900,87.0400,0.000219
_5093_,VGND,li1,46.2300,81.6000,0.000093
_5092_,VGND,li1,42.7800,76.1600,0.000086
_5091_,VGND,li1,39.1000,76.1600,0.000075
_5090_,VGND,li1,40.2500,76.1600,0.000080
_5089_,VGND,li1,38.1800,87.0400,0.000147
_5088_,VGND,li1,38.1800,76.1600,0.000075
_5087_,VGND,li1,42.5500,76.1600,0.000086
_5086_,VGND,li1,33.1200,76.1600,0.000061
_5085_,VGND,li1,35.6500,76.1600,0.000068
_5084_,VGND,li1,32.6600,81.6000,0.000055
_5083_,VGND,li1,33.1200,76.1600,0.000061
_5082_,VGND,li1,32.8900,70.7200,0.000059
_5081_,VGND,li1,26.4500,76.1600,0.000038
_5080_,VGND,li1,29.4400,76.1600,0.000049
_5079_,VGND,li1,28.5200,70.7200,0.000047
_5078_,VGND,li1,28.5200,70.7200,0.000047
_5077_,VGND,li1,25.9900,65.2800,0.000032
_5076_,VGND,li1,25.7600,65.2800,0.000032
_5075_,VGND,li1,23.9200,65.2800,0.000028
_5074_,VGND,li1,21.8500,65.2800,0.000028
_5073_,VGND,li1,17.2500,76.1600,0.000044
_5072_,VGND,li1,23.0000,81.6000,0.000039
_5071_,VGND,li1,61.4100,81.6000,0.000125
_5070_,VGND,li1,59.5700,81.6000,0.000121
_5069_,VGND,li1,58.8800,87.0400,0.000250
_5068_,VGND,li1,54.7400,87.0400,0.000229
_5067_,VGND,li1,55.4300,81.6000,0.000109
_5066_,VGND,li1,48.3000,87.0400,0.000203
_5065_,VGND,li1,48.7600,87.0400,0.000203
_5064_,VGND,li1,48.7600,97.9200,0.000110
_5063_,VGND,li1,46.4600,92.4800,0.000277
_5062_,VGND,li1,42.3200,87.0400,0.000162
_5061_,VGND,li1,39.1000,87.0400,0.000147
_5060_,VGND,li1,40.9400,87.0400,0.000162
_5059_,VGND,li1,40.0200,97.9200,0.000084
_5058_,VGND,li1,40.9400,92.4800,0.000230
_5057_,VGND,li1,38.8700,92.4800,0.000207
_5056_,VGND,li1,33.5800,92.4800,0.000156
_5055_,VGND,li1,33.8100,87.0400,0.000111
_5054_,VGND,li1,34.0400,92.4800,0.000172
_5053_,VGND,li1,30.3600,87.0400,0.000100
_5052_,VGND,li1,33.3500,87.0400,0.000111
_5051_,VGND,li1,25.0700,87.0400,0.000068
_5050_,VGND,li1,27.1400,81.6000,0.000043
_5049_,VGND,li1,28.5200,87.0400,0.000089
_5048_,VGND,li1,24.8400,81.6000,0.000037
_5047_,VGND,li1,29.6700,81.6000,0.000050
_5046_,VGND,li1,25.3000,76.1600,0.000038
_5045_,VGND,li1,21.1600,76.1600,0.000041
_5044_,VGND,li1,27.8300,81.6000,0.000043
_5043_,VGND,li1,17.7100,92.4800,0.000101
_5042_,VGND,li1,22.5400,92.4800,0.000097
_5041_,VGND,li1,63.7100,87.0400,0.000278
_5040_,VGND,li1,66.0100,81.6000,0.000133
_5039_,VGND,li1,73.8300,81.6000,0.000145
_5038_,VGND,li1,72.4500,114.2400,0.000092
_5037_,VGND,li1,101.8900,103.3600,0.000140
_5036_,VGND,li1,65.0900,114.2400,0.000087
_5035_,VGND,li1,69.6900,119.6800,0.000153
_5034_,VGND,li1,66.4700,114.2400,0.000087
_5033_,VGND,li1,59.5700,92.4800,0.000372
_5032_,VGND,li1,57.9600,92.4800,0.000372
_5031_,VGND,li1,55.8900,92.4800,0.000355
_5030_,VGND,li1,51.9800,92.4800,0.000323
_5029_,VGND,li1,49.6800,92.4800,0.000294
_5028_,VGND,li1,52.6700,92.4800,0.000323
_5027_,VGND,li1,49.6800,119.6800,0.000112
_5026_,VGND,li1,51.9800,97.9200,0.000118
_5025_,VGND,li1,46.0000,97.9200,0.000099
_5024_,VGND,li1,42.7800,97.9200,0.000095
_5023_,VGND,li1,45.5400,97.9200,0.000099
_5022_,VGND,li1,41.4000,119.6800,0.000090
_5021_,VGND,li1,40.4800,97.9200,0.000089
_5020_,VGND,li1,42.5500,97.9200,0.000095
_5019_,VGND,li1,38.6400,97.9200,0.000084
_5018_,VGND,li1,36.5700,97.9200,0.000078
_5017_,VGND,li1,38.1800,108.8000,0.000105
_5016_,VGND,li1,33.1200,97.9200,0.000066
_5015_,VGND,li1,34.7300,97.9200,0.000073
_5014_,VGND,li1,26.4500,97.9200,0.000046
_5013_,VGND,li1,28.5200,97.9200,0.000054
_5012_,VGND,li1,29.9000,97.9200,0.000054
_5011_,VGND,li1,25.7600,97.9200,0.000046
_5010_,VGND,li1,28.2900,92.4800,0.000116
_5009_,VGND,li1,29.9000,92.4800,0.000136
_5008_,VGND,li1,22.0800,97.9200,0.000042
_5007_,VGND,li1,23.6900,87.0400,0.000069
_5006_,VGND,li1,18.6300,108.8000,0.000083
_5005_,VGND,li1,23.0000,108.8000,0.000081
_5004_,VGND,li1,57.7300,108.8000,0.000155
_5003_,VGND,li1,58.4200,114.2400,0.000077
_5002_,VGND,li1,66.9300,119.6800,0.000150
_5001_,VGND,li1,54.9700,119.6800,0.000125
_5000_,VGND,li1,55.4300,119.6800,0.000125
_4999_,VGND,li1,51.9800,125.1200,0.000090
_4998_,VGND,li1,55.2000,125.1200,0.000094
_4997_,VGND,li1,53.5900,114.2400,0.000071
_4996_,VGND,li1,52.9000,130.5600,0.000108
_4995_,VGND,li1,49.6800,119.6800,0.000112
_4994_,VGND,li1,49.6800,125.1200,0.000085
_4993_,VGND,li1,42.7800,119.6800,0.000090
_4992_,VGND,li1,44.6200,125.1200,0.000072
_4991_,VGND,li1,47.3800,125.1200,0.000078
_4990_,VGND,li1,39.1000,119.6800,0.000083
_4989_,VGND,li1,44.8500,119.6800,0.000098
_4988_,VGND,li1,41.4000,114.2400,0.000056
_4987_,VGND,li1,39.3300,114.2400,0.000052
_4986_,VGND,li1,44.1600,114.2400,0.000059
_4985_,VGND,li1,33.5800,114.2400,0.000040
_4984_,VGND,li1,36.5700,114.2400,0.000048
_4983_,VGND,li1,33.3500,108.8000,0.000092
_4982_,VGND,li1,36.3400,108.8000,0.000100
_4981_,VGND,li1,34.9600,108.8000,0.000092
_4980_,VGND,li1,28.9800,108.8000,0.000075
_4979_,VGND,li1,31.0500,103.3600,0.000047
_4978_,VGND,li1,26.6800,103.3600,0.000039
_4977_,VGND,li1,27.3700,103.3600,0.000039
_4976_,VGND,li1,23.4600,103.3600,0.000033
_4975_,VGND,li1,48.3000,136.0000,0.000061
_4974_,VGND,li1,53.3600,141.4400,0.000025
_4973_,VGND,li1,19.5500,114.2400,0.000025
_4972_,VGND,li1,27.6000,108.8000,0.000075
_4971_,VGND,li1,62.7900,114.2400,0.000085
_4970_,VGND,li1,71.7600,114.2400,0.000092
_4969_,VGND,li1,73.3700,119.6800,0.000157
_4968_,VGND,li1,64.8600,119.6800,0.000147
_4967_,VGND,li1,59.3400,119.6800,0.000134
_4966_,VGND,li1,62.7900,125.1200,0.000112
_4965_,VGND,li1,59.3400,130.5600,0.000125
_4964_,VGND,li1,57.9600,125.1200,0.000101
_4963_,VGND,li1,53.8200,125.1200,0.000094
_4962_,VGND,li1,59.5700,130.5600,0.000125
_4961_,VGND,li1,50.6000,130.5600,0.000102
_4960_,VGND,li1,50.3700,125.1200,0.000085
_4959_,VGND,li1,63.0200,125.1200,0.000112
_4958_,VGND,li1,48.3000,130.5600,0.000093
_4957_,VGND,li1,46.0000,130.5600,0.000085
_4956_,VGND,li1,49.6800,114.2400,0.000068
_4955_,VGND,li1,51.9800,114.2400,0.000071
_4954_,VGND,li1,53.3600,108.8000,0.000145
_4953_,VGND,li1,46.9200,114.2400,0.000064
_4952_,VGND,li1,48.9900,108.8000,0.000133
_4951_,VGND,li1,50.3700,103.3600,0.000083
_4950_,VGND,li1,46.4600,103.3600,0.000073
_4949_,VGND,li1,46.9200,108.8000,0.000124
_4948_,VGND,li1,42.7800,103.3600,0.000069
_4947_,VGND,li1,41.6300,108.8000,0.000113
_4946_,VGND,li1,38.6400,108.8000,0.000105
_4945_,VGND,li1,30.1300,114.2400,0.000037
_4944_,VGND,li1,32.2000,108.8000,0.000084
_4943_,VGND,li1,52.4400,136.0000,0.000070
_4942_,VGND,li1,50.3700,141.4400,0.000023
_4941_,VGND,li1,55.2000,146.8800,0.000055
_4940_,VGND,li1,51.9800,146.8800,0.000051
_4939_,VGND,li1,46.2300,146.8800,0.000043
_4938_,VGND,li1,59.5700,152.3200,0.000065
_4937_,VGND,li1,58.1900,136.0000,0.000078
_4936_,VGND,li1,57.5000,136.0000,0.000078
_4935_,VGND,li1,69.2300,87.0400,0.000300
_4934_,VGND,li1,75.4400,87.0400,0.000328
_4933_,VGND,li1,75.6700,114.2400,0.000094
_4932_,VGND,li1,78.6600,114.2400,0.000096
_4931_,VGND,li1,75.6700,114.2400,0.000094
_4930_,VGND,li1,77.5100,119.6800,0.000161
_4929_,VGND,li1,73.8300,119.6800,0.000157
_4928_,VGND,li1,79.5800,125.1200,0.000136
_4927_,VGND,li1,71.3000,125.1200,0.000125
_4926_,VGND,li1,75.9000,125.1200,0.000130
_4925_,VGND,li1,72.2200,130.5600,0.000150
_4924_,VGND,li1,70.8400,130.5600,0.000146
_4923_,VGND,li1,67.6200,136.0000,0.000092
_4922_,VGND,li1,66.2400,130.5600,0.000137
_4921_,VGND,li1,66.4700,125.1200,0.000118
_4920_,VGND,li1,66.4700,125.1200,0.000118
_4919_,VGND,li1,68.5400,108.8000,0.000177
_4918_,VGND,li1,70.8400,108.8000,0.000181
_4917_,VGND,li1,68.5400,103.3600,0.000109
_4916_,VGND,li1,59.3400,103.3600,0.000097
_4915_,VGND,li1,65.0900,108.8000,0.000168
_4914_,VGND,li1,59.1100,97.9200,0.000134
_4913_,VGND,li1,66.7000,103.3600,0.000106
_4912_,VGND,li1,63.4800,103.3600,0.000102
_4911_,VGND,li1,54.2800,97.9200,0.000123
_4910_,VGND,li1,59.5700,103.3600,0.000097
_4909_,VGND,li1,56.1200,103.3600,0.000090
_4908_,VGND,li1,51.7500,103.3600,0.000083
_4907_,VGND,li1,54.7400,103.3600,0.000090
_4906_,VGND,li1,60.4900,136.0000,0.000082
_4905_,VGND,li1,59.1100,141.4400,0.000029
_4904_,VGND,li1,61.4100,141.4400,0.000030
_4903_,VGND,li1,61.4100,146.8800,0.000061
_4902_,VGND,li1,53.8200,152.3200,0.000057
_4901_,VGND,li1,55.8900,152.3200,0.000060
_4900_,VGND,li1,63.0200,152.3200,0.000068
_4899_,VGND,li1,56.1200,152.3200,0.000060
_4898_,VGND,li1,66.0100,146.8800,0.000066
_4897_,VGND,li1,59.5700,92.4800,0.000372
_4896_,VGND,li1,66.7000,92.4800,0.000441
_4895_,VGND,li1,74.7500,108.8000,0.000189
_4894_,VGND,li1,77.9700,108.8000,0.000193
_4893_,VGND,li1,76.1300,108.8000,0.000189
_4892_,VGND,li1,101.4300,103.3600,0.000140
_4891_,VGND,li1,111.7800,103.3600,0.000147
_4890_,VGND,li1,102.3500,108.8000,0.000210
_4889_,VGND,li1,102.5800,108.8000,0.000210
_4888_,VGND,li1,81.6500,119.6800,0.000163
_4887_,VGND,li1,80.7300,119.6800,0.000163
_4886_,VGND,li1,77.2800,119.6800,0.000161
_4885_,VGND,li1,80.7300,130.5600,0.000162
_4884_,VGND,li1,81.8800,125.1200,0.000139
_4883_,VGND,li1,82.8000,136.0000,0.000107
_4882_,VGND,li1,79.5800,136.0000,0.000105
_4881_,VGND,li1,79.5800,136.0000,0.000105
_4880_,VGND,li1,76.1300,136.0000,0.000101
_4879_,VGND,li1,79.5800,130.5600,0.000159
_4878_,VGND,li1,74.9800,130.5600,0.000154
_4877_,VGND,li1,71.7600,136.0000,0.000097
_4876_,VGND,li1,73.8300,136.0000,0.000099
_4875_,VGND,li1,73.6000,108.8000,0.000184
_4874_,VGND,li1,75.9000,103.3600,0.000119
_4873_,VGND,li1,80.5000,103.3600,0.000123
_4872_,VGND,li1,76.8200,103.3600,0.000119
_4871_,VGND,li1,73.3700,103.3600,0.000115
_4870_,VGND,li1,78.4300,97.9200,0.000171
_4869_,VGND,li1,74.0600,92.4800,0.000486
_4868_,VGND,li1,74.9800,97.9200,0.000165
_4867_,VGND,li1,71.3000,92.4800,0.000474
_4866_,VGND,li1,71.0700,97.9200,0.000157
_4865_,VGND,li1,63.0200,97.9200,0.000138
_4864_,VGND,li1,66.9300,97.9200,0.000147
_4863_,VGND,li1,64.4000,97.9200,0.000142
_4862_,VGND,li1,70.1500,141.4400,0.000035
_4861_,VGND,li1,72.9100,141.4400,0.000036
_4860_,VGND,li1,67.8500,141.4400,0.000034
_4859_,VGND,li1,67.3900,141.4400,0.000033
_4858_,VGND,li1,62.7900,146.8800,0.000064
_4857_,VGND,li1,61.4100,141.4400,0.000030
_4856_,VGND,li1,63.9400,157.7600,0.000101
_4855_,VGND,li1,65.3200,152.3200,0.000072
_4854_,VGND,li1,60.0300,146.8800,0.000061
_4853_,VGND,li1,61.8700,157.7600,0.000097
_4852_,VGND,li1,86.2500,136.0000,0.000111
_4851_,VGND,li1,87.1700,141.4400,0.000043
_4850_,VGND,li1,70.8400,152.3200,0.000078
_4849_,VGND,li1,80.2700,87.0400,0.000341
_4848_,VGND,li1,92.0000,87.0400,0.000361
_4847_,VGND,li1,103.2700,92.4800,0.000596
_4846_,VGND,li1,100.7400,97.9200,0.000207
_4845_,VGND,li1,113.3900,103.3600,0.000147
_4844_,VGND,li1,98.2100,119.6800,0.000168
_4843_,VGND,li1,99.1300,119.6800,0.000168
_4842_,VGND,li1,94.3000,125.1200,0.000150
_4841_,VGND,li1,99.3600,125.1200,0.000152
_4840_,VGND,li1,91.5400,125.1200,0.000148
_4839_,VGND,li1,89.2400,125.1200,0.000146
_4838_,VGND,li1,96.1400,130.5600,0.000180
_4837_,VGND,li1,90.6200,130.5600,0.000174
_4836_,VGND,li1,84.6400,125.1200,0.000142
_4835_,VGND,li1,82.8000,130.5600,0.000165
_4834_,VGND,li1,85.3300,130.5600,0.000168
_4833_,VGND,li1,88.7800,108.8000,0.000203
_4832_,VGND,li1,85.5600,108.8000,0.000200
_4831_,VGND,li1,92.4600,108.8000,0.000205
_4830_,VGND,li1,90.6200,108.8000,0.000204
_4829_,VGND,li1,85.3300,103.3600,0.000128
_4828_,VGND,li1,92.6900,97.9200,0.000196
_4827_,VGND,li1,82.3400,97.9200,0.000179
_4826_,VGND,li1,85.5600,97.9200,0.000184
_4825_,VGND,li1,88.3200,97.9200,0.000189
_4824_,VGND,li1,85.3300,97.9200,0.000184
_4823_,VGND,li1,77.7400,92.4800,0.000496
_4822_,VGND,li1,83.0300,92.4800,0.000523
_4821_,VGND,li1,80.0400,92.4800,0.000514
_4820_,VGND,li1,89.4700,114.2400,0.000102
_4819_,VGND,li1,89.0100,114.2400,0.000102
_4818_,VGND,li1,86.7100,119.6800,0.000165
_4817_,VGND,li1,79.8100,146.8800,0.000081
_4816_,VGND,li1,79.3500,141.4400,0.000039
_4815_,VGND,li1,76.5900,146.8800,0.000078
_4814_,VGND,li1,82.1100,146.8800,0.000083
_4813_,VGND,li1,71.9900,146.8800,0.000073
_4812_,VGND,li1,72.4500,152.3200,0.000080
_4811_,VGND,li1,69.2300,152.3200,0.000075
_4810_,VGND,li1,71.9900,152.3200,0.000080
_4809_,VGND,li1,74.9800,152.3200,0.000084
_4808_,VGND,li1,84.8700,146.8800,0.000085
_4807_,VGND,li1,80.5000,157.7600,0.000125
_4806_,VGND,li1,82.1100,87.0400,0.000347
_4805_,VGND,li1,96.1400,92.4800,0.000578
_4804_,VGND,li1,100.0500,92.4800,0.000590
_4803_,VGND,li1,107.1800,103.3600,0.000143
_4802_,VGND,li1,120.0600,103.3600,0.000149
_4801_,VGND,li1,127.6500,103.3600,0.000151
_4800_,VGND,li1,122.8200,103.3600,0.000150
_4799_,VGND,li1,100.9700,97.9200,0.000207
_4798_,VGND,li1,102.3500,97.9200,0.000207
_4797_,VGND,li1,100.9700,130.5600,0.000183
_4796_,VGND,li1,101.8900,130.5600,0.000183
_4795_,VGND,li1,106.4900,130.5600,0.000185
_4794_,VGND,li1,101.6600,125.1200,0.000153
_4793_,VGND,li1,105.8000,125.1200,0.000155
_4792_,VGND,li1,101.2000,136.0000,0.000120
_4791_,VGND,li1,101.2000,141.4400,0.000049
_4790_,VGND,li1,97.5200,136.0000,0.000118
_4789_,VGND,li1,94.0700,136.0000,0.000116
_4788_,VGND,li1,101.6600,136.0000,0.000120
_4787_,VGND,li1,93.8400,130.5600,0.000178
_4786_,VGND,li1,89.2400,136.0000,0.000113
_4785_,VGND,li1,91.3100,136.0000,0.000115
_4784_,VGND,li1,94.3000,114.2400,0.000104
_4783_,VGND,li1,99.3600,114.2400,0.000104
_4782_,VGND,li1,104.4200,114.2400,0.000104
_4781_,VGND,li1,93.8400,114.2400,0.000104
_4780_,VGND,li1,96.1400,114.2400,0.000104
_4779_,VGND,li1,89.4700,103.3600,0.000132
_4778_,VGND,li1,96.1400,108.8000,0.000206
_4777_,VGND,li1,98.9000,97.9200,0.000204
_4776_,VGND,li1,89.9300,103.3600,0.000132
_4775_,VGND,li1,89.2400,97.9200,0.000189
_4774_,VGND,li1,96.1400,97.9200,0.000201
_4773_,VGND,li1,92.2300,97.9200,0.000196
_4772_,VGND,li1,155.2500,59.8400,0.000076
_4771_,VGND,li1,107.1800,87.0400,0.000344
_4770_,VGND,li1,86.7100,119.6800,0.000165
_4769_,VGND,li1,93.1500,119.6800,0.000167
_4768_,VGND,li1,92.2300,146.8800,0.000091
_4767_,VGND,li1,94.9900,146.8800,0.000093
_4766_,VGND,li1,88.5500,146.8800,0.000087
_4765_,VGND,li1,90.8500,141.4400,0.000044
_4764_,VGND,li1,83.0300,152.3200,0.000092
_4763_,VGND,li1,82.1100,152.3200,0.000092
_4762_,VGND,li1,85.7900,152.3200,0.000096
_4761_,VGND,li1,79.8100,152.3200,0.000090
_4760_,VGND,li1,79.8100,152.3200,0.000090
_4759_,VGND,li1,89.0100,146.8800,0.000089
_4758_,VGND,li1,94.7600,152.3200,0.000105
_4757_,VGND,li1,105.5700,92.4800,0.000606
_4756_,VGND,li1,112.2400,92.4800,0.000619
_4755_,VGND,li1,119.8300,97.9200,0.000224
_4754_,VGND,li1,118.4500,103.3600,0.000149
_4753_,VGND,li1,112.9300,125.1200,0.000158
_4752_,VGND,li1,109.0200,125.1200,0.000156
_4751_,VGND,li1,121.9000,130.5600,0.000180
_4750_,VGND,li1,110.6300,125.1200,0.000157
_4749_,VGND,li1,110.8600,130.5600,0.000185
_4748_,VGND,li1,112.7000,136.0000,0.000122
_4747_,VGND,li1,115.9200,130.5600,0.000184
_4746_,VGND,li1,109.4800,136.0000,0.000121
_4745_,VGND,li1,106.2600,130.5600,0.000185
_4744_,VGND,li1,106.7200,136.0000,0.000121
_4743_,VGND,li1,106.7200,119.6800,0.000167
_4742_,VGND,li1,110.8600,119.6800,0.000165
_4741_,VGND,li1,115.9200,119.6800,0.000163
_4740_,VGND,li1,109.9400,114.2400,0.000104
_4739_,VGND,li1,112.2400,114.2400,0.000103
_4738_,VGND,li1,109.9400,108.8000,0.000210
_4737_,VGND,li1,106.0300,108.8000,0.000210
_4736_,VGND,li1,114.0800,97.9200,0.000220
_4735_,VGND,li1,110.8600,97.9200,0.000217
_4734_,VGND,li1,107.8700,97.9200,0.000214
_4733_,VGND,li1,116.3800,97.9200,0.000221
_4732_,VGND,li1,146.2800,92.4800,0.000415
_4731_,VGND,li1,105.5700,114.2400,0.000104
_4730_,VGND,li1,103.7300,119.6800,0.000167
_4729_,VGND,li1,102.8100,146.8800,0.000100
_4728_,VGND,li1,101.8900,141.4400,0.000049
_4727_,VGND,li1,99.5900,146.8800,0.000097
_4726_,VGND,li1,97.2900,146.8800,0.000095
_4725_,VGND,li1,97.7500,152.3200,0.000109
_4724_,VGND,li1,100.0500,152.3200,0.000111
_4723_,VGND,li1,94.0700,157.7600,0.000142
_4722_,VGND,li1,94.3000,152.3200,0.000105
_4721_,VGND,li1,92.2300,152.3200,0.000103
_4720_,VGND,li1,106.0300,146.8800,0.000103
_4719_,VGND,li1,104.4200,152.3200,0.000114
_4718_,VGND,li1,124.2000,97.9200,0.000226
_4717_,VGND,li1,117.0700,87.0400,0.000329
_4716_,VGND,li1,123.7400,92.4800,0.000578
_4715_,VGND,li1,131.7900,103.3600,0.000151
_4714_,VGND,li1,128.1100,97.9200,0.000229
_4713_,VGND,li1,123.9700,103.3600,0.000150
_4712_,VGND,li1,128.3400,125.1200,0.000153
_4711_,VGND,li1,123.5100,108.8000,0.000209
_4710_,VGND,li1,126.5000,108.8000,0.000207
_4709_,VGND,li1,117.9900,130.5600,0.000183
_4708_,VGND,li1,124.6600,130.5600,0.000177
_4707_,VGND,li1,123.9700,130.5600,0.000177
_4706_,VGND,li1,118.2200,136.0000,0.000122
_4705_,VGND,li1,122.3600,136.0000,0.000121
_4704_,VGND,li1,119.1400,130.5600,0.000183
_4703_,VGND,li1,117.9900,136.0000,0.000122
_4702_,VGND,li1,115.9200,125.1200,0.000157
_4701_,VGND,li1,114.7700,130.5600,0.000185
_4700_,VGND,li1,119.1400,125.1200,0.000156
_4699_,VGND,li1,128.8000,119.6800,0.000155
_4698_,VGND,li1,119.1400,119.6800,0.000162
_4697_,VGND,li1,118.6800,119.6800,0.000162
_4696_,VGND,li1,119.3700,114.2400,0.000102
_4695_,VGND,li1,124.2000,114.2400,0.000100
_4694_,VGND,li1,118.9100,108.8000,0.000210
_4693_,VGND,li1,115.0000,108.8000,0.000210
_4692_,VGND,li1,115.4600,108.8000,0.000210
_4691_,VGND,li1,118.6800,108.8000,0.000210
_4690_,VGND,li1,111.5500,119.6800,0.000165
_4689_,VGND,li1,87.1700,136.0000,0.000111
_4688_,VGND,li1,113.3900,119.6800,0.000164
_4687_,VGND,li1,90.3900,136.0000,0.000113
_4686_,VGND,li1,111.7800,146.8800,0.000106
_4685_,VGND,li1,108.7900,141.4400,0.000053
_4684_,VGND,li1,112.9300,141.4400,0.000055
_4683_,VGND,li1,115.6900,141.4400,0.000056
_4682_,VGND,li1,111.0900,152.3200,0.000122
_4681_,VGND,li1,113.8500,152.3200,0.000125
_4680_,VGND,li1,107.8700,152.3200,0.000119
_4679_,VGND,li1,123.9700,152.3200,0.000134
_4678_,VGND,li1,102.8100,152.3200,0.000114
_4677_,VGND,li1,106.2600,157.7600,0.000157
_4676_,VGND,li1,103.2700,157.7600,0.000154
_4675_,VGND,li1,119.1400,157.7600,0.000172
_4674_,VGND,li1,117.7600,146.8800,0.000109
_4673_,VGND,li1,124.6600,141.4400,0.000060
_4672_,VGND,li1,128.8000,130.5600,0.000172
_4671_,VGND,li1,126.2700,92.4800,0.000553
_4670_,VGND,li1,132.0200,92.4800,0.000527
_4669_,VGND,li1,135.9300,103.3600,0.000150
_4668_,VGND,li1,134.0900,97.9200,0.000225
_4667_,VGND,li1,133.6300,103.3600,0.000151
_4666_,VGND,li1,141.6800,103.3600,0.000146
_4665_,VGND,li1,126.2700,119.6800,0.000157
_4664_,VGND,li1,125.5800,125.1200,0.000154
_4663_,VGND,li1,134.3200,125.1200,0.000150
_4662_,VGND,li1,130.6400,125.1200,0.000151
_4661_,VGND,li1,134.3200,130.5600,0.000167
_4660_,VGND,li1,130.8700,130.5600,0.000170
_4659_,VGND,li1,132.0200,136.0000,0.000119
_4658_,VGND,li1,131.3300,136.0000,0.000119
_4657_,VGND,li1,132.0200,130.5600,0.000170
_4656_,VGND,li1,126.7300,136.0000,0.000120
_4655_,VGND,li1,132.9400,130.5600,0.000167
_4654_,VGND,li1,133.8600,119.6800,0.000150
_4653_,VGND,li1,125.8100,136.0000,0.000120
_4652_,VGND,li1,131.7900,119.6800,0.000152
_4651_,VGND,li1,141.6800,119.6800,0.000141
_4650_,VGND,li1,132.0200,119.6800,0.000152
_4649_,VGND,li1,130.6400,125.1200,0.000151
_4648_,VGND,li1,130.6400,114.2400,0.000097
_4647_,VGND,li1,130.8700,114.2400,0.000097
_4646_,VGND,li1,131.1000,108.8000,0.000205
_4645_,VGND,li1,135.9300,108.8000,0.000202
_4644_,VGND,li1,129.2600,108.8000,0.000207
_4643_,VGND,li1,120.7500,114.2400,0.000102
_4642_,VGND,li1,133.4000,108.8000,0.000204
_4641_,VGND,li1,122.5900,157.7600,0.000174
_4640_,VGND,li1,120.7500,157.7600,0.000172
_4639_,VGND,li1,115.6900,157.7600,0.000167
_4638_,VGND,li1,119.6000,152.3200,0.000130
_4637_,VGND,li1,122.5900,152.3200,0.000132
_4636_,VGND,li1,127.1900,141.4400,0.000061
_4635_,VGND,li1,125.8100,146.8800,0.000112
_4634_,VGND,li1,128.5700,146.8800,0.000112
_4633_,VGND,li1,121.2100,146.8800,0.000110
_4632_,VGND,li1,118.4500,146.8800,0.000109
_4631_,VGND,li1,114.3100,141.4400,0.000055
_4630_,VGND,li1,118.2200,141.4400,0.000057
_4629_,VGND,li1,140.9900,152.3200,0.000142
_4628_,VGND,li1,122.1300,141.4400,0.000058
_4627_,VGND,li1,135.4700,92.4800,0.000504
_4626_,VGND,li1,140.7600,92.4800,0.000457
_4625_,VGND,li1,140.0700,97.9200,0.000213
_4624_,VGND,li1,142.3700,97.9200,0.000204
_4623_,VGND,li1,139.3800,103.3600,0.000148
_4622_,VGND,li1,140.0700,125.1200,0.000146
_4621_,VGND,li1,143.5200,130.5600,0.000154
_4620_,VGND,li1,138.9200,130.5600,0.000159
_4619_,VGND,li1,141.4500,136.0000,0.000114
_4618_,VGND,li1,144.2100,136.0000,0.000112
_4617_,VGND,li1,138.9200,136.0000,0.000115
_4616_,VGND,li1,142.6000,130.5600,0.000154
_4615_,VGND,li1,141.2200,125.1200,0.000144
_4614_,VGND,li1,144.4400,125.1200,0.000141
_4613_,VGND,li1,151.8000,130.5600,0.000140
_4612_,VGND,li1,143.9800,125.1200,0.000141
_4611_,VGND,li1,146.2800,119.6800,0.000136
_4610_,VGND,li1,144.6700,114.2400,0.000090
_4609_,VGND,li1,145.3600,119.6800,0.000138
_4608_,VGND,li1,148.1200,114.2400,0.000088
_4607_,VGND,li1,143.5200,114.2400,0.000090
_4606_,VGND,li1,138.0000,108.8000,0.000201
_4605_,VGND,li1,142.8300,108.8000,0.000198
_4604_,VGND,li1,142.1400,114.2400,0.000092
_4603_,VGND,li1,141.4500,152.3200,0.000142
_4602_,VGND,li1,144.4400,152.3200,0.000142
_4601_,VGND,li1,138.2300,152.3200,0.000142
_4600_,VGND,li1,138.6900,146.8800,0.000115
_4599_,VGND,li1,141.4500,146.8800,0.000115
_4598_,VGND,li1,136.3900,141.4400,0.000063
_4597_,VGND,li1,133.6300,141.4400,0.000063
_4596_,VGND,li1,135.4700,146.8800,0.000114
_4595_,VGND,li1,131.3300,141.4400,0.000062
_4594_,VGND,li1,129.4900,141.4400,0.000061
_4593_,VGND,li1,122.5900,141.4400,0.000059
_4592_,VGND,li1,132.2500,146.8800,0.000113
_4591_,VGND,li1,144.6700,146.8800,0.000116
_4590_,VGND,li1,146.5100,92.4800,0.000415
_4589_,VGND,li1,149.5000,92.4800,0.000390
_4588_,VGND,li1,147.4300,103.3600,0.000143
_4587_,VGND,li1,157.0900,103.3600,0.000133
_4586_,VGND,li1,145.1300,108.8000,0.000197
_4585_,VGND,li1,147.4300,108.8000,0.000195
_4584_,VGND,li1,157.3200,108.8000,0.000187
_4583_,VGND,li1,149.0400,136.0000,0.000107
_4582_,VGND,li1,146.0500,136.0000,0.000110
_4581_,VGND,li1,149.2700,130.5600,0.000144
_4580_,VGND,li1,148.5800,130.5600,0.000144
_4579_,VGND,li1,149.5000,136.0000,0.000107
_4578_,VGND,li1,152.9500,136.0000,0.000102
_4577_,VGND,li1,158.2400,125.1200,0.000123
_4576_,VGND,li1,152.7200,130.5600,0.000140
_4575_,VGND,li1,155.9400,136.0000,0.000098
_4574_,VGND,li1,155.7100,130.5600,0.000131
_4573_,VGND,li1,156.4000,130.5600,0.000131
_4572_,VGND,li1,153.6400,125.1200,0.000129
_4571_,VGND,li1,153.1800,125.1200,0.000132
_4570_,VGND,li1,151.3400,119.6800,0.000130
_4569_,VGND,li1,154.3300,119.6800,0.000127
_4568_,VGND,li1,157.3200,119.6800,0.000124
_4567_,VGND,li1,151.1100,146.8800,0.000117
_4566_,VGND,li1,150.1900,141.4400,0.000067
_4565_,VGND,li1,154.1000,146.8800,0.000116
_4564_,VGND,li1,147.8900,146.8800,0.000116
_4563_,VGND,li1,148.3500,141.4400,0.000066
_4562_,VGND,li1,141.4500,141.4400,0.000065
_4561_,VGND,li1,138.6900,141.4400,0.000064
_4560_,VGND,li1,138.6900,141.4400,0.000064
_4559_,VGND,li1,154.5600,141.4400,0.000068
_4558_,VGND,li1,154.7900,92.4800,0.000350
_4557_,VGND,li1,161.4600,92.4800,0.000294
_4556_,VGND,li1,157.5500,97.9200,0.000159
_4555_,VGND,li1,165.8300,97.9200,0.000136
_4554_,VGND,li1,152.4900,103.3600,0.000136
_4553_,VGND,li1,155.9400,103.3600,0.000133
_4552_,VGND,li1,163.9900,103.3600,0.000126
_4551_,VGND,li1,153.4100,108.8000,0.000190
_4550_,VGND,li1,154.5600,108.8000,0.000190
_4549_,VGND,li1,157.3200,114.2400,0.000079
_4548_,VGND,li1,159.8500,114.2400,0.000077
_4547_,VGND,li1,166.2900,114.2400,0.000070
_4546_,VGND,li1,159.6200,119.6800,0.000121
_4545_,VGND,li1,161.9200,119.6800,0.000117
_4544_,VGND,li1,164.9100,119.6800,0.000113
_4543_,VGND,li1,164.2200,125.1200,0.000117
_4542_,VGND,li1,169.2800,130.5600,0.000105
_4541_,VGND,li1,164.6800,130.5600,0.000114
_4540_,VGND,li1,162.8400,130.5600,0.000117
_4539_,VGND,li1,167.2100,130.5600,0.000109
_4538_,VGND,li1,159.6200,130.5600,0.000127
_4537_,VGND,li1,157.5500,141.4400,0.000068
_4536_,VGND,li1,152.4900,141.4400,0.000067
_4535_,VGND,li1,158.4700,136.0000,0.000095
_4534_,VGND,li1,162.3800,141.4400,0.000069
_4533_,VGND,li1,156.6300,141.4400,0.000068
_4532_,VGND,li1,159.3900,92.4800,0.000311
_4531_,VGND,li1,165.1400,87.0400,0.000210
_4530_,VGND,li1,169.0500,97.9200,0.000121
_4529_,VGND,li1,164.4500,97.9200,0.000136
_4528_,VGND,li1,168.3600,103.3600,0.000120
_4527_,VGND,li1,166.2900,103.3600,0.000123
_4526_,VGND,li1,166.0600,103.3600,0.000123
_4525_,VGND,li1,168.3600,103.3600,0.000120
_4524_,VGND,li1,169.2800,108.8000,0.000175
_4523_,VGND,li1,166.2900,108.8000,0.000177
_4522_,VGND,li1,161.4600,114.2400,0.000075
_4521_,VGND,li1,163.5300,114.2400,0.000073
_4520_,VGND,li1,159.3900,108.8000,0.000184
_4519_,VGND,li1,152.9500,114.2400,0.000083
_4518_,VGND,li1,156.8600,114.2400,0.000079
_4517_,VGND,li1,169.2800,114.2400,0.000067
_4516_,VGND,li1,166.0600,108.8000,0.000179
_4515_,VGND,li1,172.0400,119.6800,0.000102
_4514_,VGND,li1,167.4400,119.6800,0.000109
_4513_,VGND,li1,168.8200,125.1200,0.000109
_4512_,VGND,li1,162.6100,119.6800,0.000117
_4511_,VGND,li1,164.2200,114.2400,0.000073
_4510_,VGND,li1,168.5900,81.6000,0.000163
_4509_,VGND,li1,171.1200,76.1600,0.000181
_4508_,VGND,li1,175.9500,92.4800,0.000168
_4507_,VGND,li1,173.8800,97.9200,0.000104
_4506_,VGND,li1,175.9500,97.9200,0.000097
_4505_,VGND,li1,175.9500,97.9200,0.000097
_4504_,VGND,li1,177.5600,103.3600,0.000108
_4503_,VGND,li1,175.4900,103.3600,0.000111
_4502_,VGND,li1,179.4000,103.3600,0.000128
_4501_,VGND,li1,176.1800,108.8000,0.000167
_4500_,VGND,li1,174.1100,108.8000,0.000170
_4499_,VGND,li1,174.5700,114.2400,0.000061
_4498_,VGND,li1,175.0300,114.2400,0.000061
_4497_,VGND,li1,178.0200,114.2400,0.000057
_4496_,VGND,li1,172.0400,103.3600,0.000114
_4495_,VGND,li1,174.5700,103.3600,0.000111
_4494_,VGND,li1,174.5700,87.0400,0.000151
_4493_,VGND,li1,177.3300,87.0400,0.000133
_4492_,VGND,li1,177.7900,92.4800,0.000146
_4491_,VGND,li1,181.4700,97.9200,0.000101
_4490_,VGND,li1,179.1700,97.9200,0.000087
_4489_,VGND,li1,179.1700,103.3600,0.000128
_4488_,VGND,li1,184.6900,108.8000,0.000245
_4487_,VGND,li1,177.7900,108.8000,0.000167
_4486_,VGND,li1,169.0500,81.6000,0.000161
_4485_,VGND,li1,175.2600,81.6000,0.000148
_4484_,VGND,li1,173.6500,92.4800,0.000189
_4483_,VGND,li1,171.1200,92.4800,0.000208
_4482_,VGND,li1,171.8100,92.4800,0.000208
_4481_,VGND,li1,158.2400,70.7200,0.000134
_4480_,VGND,li1,165.8300,70.7200,0.000123
_4479_,VGND,li1,157.5500,81.6000,0.000172
_4478_,VGND,li1,162.1500,70.7200,0.000128
_4477_,VGND,li1,167.9000,76.1600,0.000184
_4476_,VGND,li1,162.6100,76.1600,0.000189
_4475_,VGND,li1,159.1600,81.6000,0.000171
_4474_,VGND,li1,165.3700,81.6000,0.000165
_4473_,VGND,li1,161.4600,87.0400,0.000232
_4472_,VGND,li1,148.8100,87.0400,0.000268
_4471_,VGND,li1,154.7900,81.6000,0.000173
_4470_,VGND,li1,167.2100,81.6000,0.000163
_4469_,VGND,li1,162.3800,81.6000,0.000170
_4468_,VGND,li1,175.0300,174.0800,0.000254
_4467_,VGND,li1,163.0700,174.0800,0.000357
_4466_,VGND,li1,162.1500,174.0800,0.000365
_4465_,VGND,li1,158.4700,179.5200,0.000251
_4464_,VGND,li1,158.4700,184.9600,0.000106
_4463_,VGND,li1,164.9100,184.9600,0.000100
_4462_,VGND,li1,174.1100,184.9600,0.000089
_4461_,VGND,li1,178.2500,174.0800,0.000202
_4460_,VGND,li1,158.9300,174.0800,0.000374
_4459_,VGND,li1,156.1700,174.0800,0.000383
_4458_,VGND,li1,153.8700,163.2000,0.000199
_4457_,VGND,li1,125.8100,179.5200,0.000267
_4456_,VGND,li1,147.4300,201.2800,0.000129
_4455_,VGND,li1,156.6300,168.6400,0.000146
_4454_,VGND,li1,151.5700,195.8400,0.000086
_4453_,VGND,li1,183.7700,146.8800,0.000180
_4452_,VGND,li1,181.9300,152.3200,0.000109
_4451_,VGND,li1,195.2700,239.3600,0.000253
_4450_,VGND,li1,165.8300,195.8400,0.000066
_4449_,VGND,li1,65.0900,152.3200,0.000072
_4448_,VGND,li1,68.3100,157.7600,0.000106
_4447_,VGND,li1,147.4300,152.3200,0.000142
_4446_,VGND,li1,181.0100,81.6000,0.000158
_4445_,VGND,li1,207.2300,272.0000,0.000355
_4444_,VGND,li1,299.2300,184.9600,0.000593
