
===========================================================================
report_checks -path_delay min (Hold)
============================================================================
======================= nom_ff_n40C_1v95 Corner ===================================

Startpoint: _3168_ (rising edge-triggered flip-flop clocked by clk)
Endpoint: _3168_ (rising edge-triggered flip-flop clocked by clk)
Path Group: clk
Path Type: min

Fanout         Cap        Slew       Delay        Time   Description
---------------------------------------------------------------------------------------------
                      0.150000    0.000000    0.000000   clock clk (rise edge)
                                  0.000000    0.000000   clock network delay (ideal)
                      0.150000    0.000000    0.000000 ^ _3168_/CLK (sky130_fd_sc_hd__dfxtp_2)
     3    0.011295    0.051192    0.238913    0.238913 ^ _3168_/Q (sky130_fd_sc_hd__dfxtp_2)
                                                         u_core.pe_array[0].u_pe.tap_count[3] (net)
                      0.051192    0.000000    0.238913 ^ _2852_/A1 (sky130_fd_sc_hd__a21oi_2)
     1    0.001783    0.014179    0.025177    0.264090 v _2852_/Y (sky130_fd_sc_hd__a21oi_2)
                                                         _0282_ (net)
                      0.014179    0.000000    0.264090 v _3168_/D (sky130_fd_sc_hd__dfxtp_2)
                                              0.264090   data arrival time

                      0.150000    0.000000    0.000000   clock clk (rise edge)
                                  0.000000    0.000000   clock network delay (ideal)
                                  0.250000    0.250000   clock uncertainty
                                  0.000000    0.250000   clock reconvergence pessimism
                                              0.250000 ^ _3168_/CLK (sky130_fd_sc_hd__dfxtp_2)
                                 -0.017357    0.232643   library hold time
                                              0.232643   data required time
---------------------------------------------------------------------------------------------
                                              0.232643   data required time
                                             -0.264090   data arrival time
---------------------------------------------------------------------------------------------
                                              0.031447   slack (MET)


Startpoint: _3201_ (rising edge-triggered flip-flop clocked by clk)
Endpoint: _2991_ (rising edge-triggered flip-flop clocked by clk)
Path Group: clk
Path Type: min

Fanout         Cap        Slew       Delay        Time   Description
---------------------------------------------------------------------------------------------
                      0.150000    0.000000    0.000000   clock clk (rise edge)
                                  0.000000    0.000000   clock network delay (ideal)
                      0.150000    0.000000    0.000000 ^ _3201_/CLK (sky130_fd_sc_hd__dfxtp_2)
     1    0.002575    0.021658    0.214519    0.214519 ^ _3201_/Q (sky130_fd_sc_hd__dfxtp_2)
                                                         done_r (net)
                      0.021658    0.000000    0.214519 ^ _1729_/A2 (sky130_fd_sc_hd__o21a_2)
     1    0.001748    0.017166    0.057836    0.272355 ^ _1729_/X (sky130_fd_sc_hd__o21a_2)
                                                         _0105_ (net)
                      0.017166    0.000000    0.272355 ^ _2991_/D (sky130_fd_sc_hd__dfxtp_2)
                                              0.272355   data arrival time

                      0.150000    0.000000    0.000000   clock clk (rise edge)
                                  0.000000    0.000000   clock network delay (ideal)
                                  0.250000    0.250000   clock uncertainty
                                  0.000000    0.250000   clock reconvergence pessimism
                                              0.250000 ^ _2991_/CLK (sky130_fd_sc_hd__dfxtp_2)
                                 -0.013498    0.236502   library hold time
                                              0.236502   data required time
---------------------------------------------------------------------------------------------
                                              0.236502   data required time
                                             -0.272355   data arrival time
---------------------------------------------------------------------------------------------
                                              0.035853   slack (MET)


Startpoint: _2900_ (rising edge-triggered flip-flop clocked by clk)
Endpoint: _2900_ (rising edge-triggered flip-flop clocked by clk)
Path Group: clk
Path Type: min

Fanout         Cap        Slew       Delay        Time   Description
---------------------------------------------------------------------------------------------
                      0.150000    0.000000    0.000000   clock clk (rise edge)
                                  0.000000    0.000000   clock network delay (ideal)
                      0.150000    0.000000    0.000000 ^ _2900_/CLK (sky130_fd_sc_hd__dfxtp_2)
     2    0.003453    0.024455    0.217325    0.217325 ^ _2900_/Q (sky130_fd_sc_hd__dfxtp_2)
                                                         u_intf.u_slave.wr_addr_lat[1] (net)
                      0.024455    0.000000    0.217325 ^ _1499_/A0 (sky130_fd_sc_hd__mux2_1)
     1    0.001748    0.023471    0.063987    0.281312 ^ _1499_/X (sky130_fd_sc_hd__mux2_1)
                                                         _0017_ (net)
                      0.023471    0.000000    0.281312 ^ _2900_/D (sky130_fd_sc_hd__dfxtp_2)
                                              0.281312   data arrival time

                      0.150000    0.000000    0.000000   clock clk (rise edge)
                                  0.000000    0.000000   clock network delay (ideal)
                                  0.250000    0.250000   clock uncertainty
                                  0.000000    0.250000   clock reconvergence pessimism
                                              0.250000 ^ _2900_/CLK (sky130_fd_sc_hd__dfxtp_2)
                                 -0.013937    0.236063   library hold time
                                              0.236063   data required time
---------------------------------------------------------------------------------------------
                                              0.236063   data required time
                                             -0.281312   data arrival time
---------------------------------------------------------------------------------------------
                                              0.045248   slack (MET)


Startpoint: _2899_ (rising edge-triggered flip-flop clocked by clk)
Endpoint: _2899_ (rising edge-triggered flip-flop clocked by clk)
Path Group: clk
Path Type: min

Fanout         Cap        Slew       Delay        Time   Description
---------------------------------------------------------------------------------------------
                      0.150000    0.000000    0.000000   clock clk (rise edge)
                                  0.000000    0.000000   clock network delay (ideal)
                      0.150000    0.000000    0.000000 ^ _2899_/CLK (sky130_fd_sc_hd__dfxtp_2)
     2    0.003489    0.024570    0.217440    0.217440 ^ _2899_/Q (sky130_fd_sc_hd__dfxtp_2)
                                                         u_intf.u_slave.wr_addr_lat[0] (net)
                      0.024570    0.000000    0.217440 ^ _1498_/A0 (sky130_fd_sc_hd__mux2_1)
     1    0.001748    0.023471    0.064019    0.281459 ^ _1498_/X (sky130_fd_sc_hd__mux2_1)
                                                         _0016_ (net)
                      0.023471    0.000000    0.281459 ^ _2899_/D (sky130_fd_sc_hd__dfxtp_2)
                                              0.281459   data arrival time

                      0.150000    0.000000    0.000000   clock clk (rise edge)
                                  0.000000    0.000000   clock network delay (ideal)
                                  0.250000    0.250000   clock uncertainty
                                  0.000000    0.250000   clock reconvergence pessimism
                                              0.250000 ^ _2899_/CLK (sky130_fd_sc_hd__dfxtp_2)
                                 -0.013937    0.236063   library hold time
                                              0.236063   data required time
---------------------------------------------------------------------------------------------
                                              0.236063   data required time
                                             -0.281459   data arrival time
---------------------------------------------------------------------------------------------
                                              0.045395   slack (MET)


Startpoint: _3132_ (rising edge-triggered flip-flop clocked by clk)
Endpoint: _3132_ (rising edge-triggered flip-flop clocked by clk)
Path Group: clk
Path Type: min

Fanout         Cap        Slew       Delay        Time   Description
---------------------------------------------------------------------------------------------
                      0.150000    0.000000    0.000000   clock clk (rise edge)
                                  0.000000    0.000000   clock network delay (ideal)
                      0.150000    0.000000    0.000000 ^ _3132_/CLK (sky130_fd_sc_hd__dfxtp_2)
     2    0.004087    0.026475    0.219351    0.219351 ^ _3132_/Q (sky130_fd_sc_hd__dfxtp_2)
                                                         u_core.pe_accum[0][31] (net)
                      0.026475    0.000000    0.219351 ^ _2764_/A1 (sky130_fd_sc_hd__a21bo_2)
     1    0.001748    0.017933    0.062839    0.282190 ^ _2764_/X (sky130_fd_sc_hd__a21bo_2)
                                                         _0246_ (net)
                      0.017933    0.000000    0.282190 ^ _3132_/D (sky130_fd_sc_hd__dfxtp_2)
                                              0.282190   data arrival time

                      0.150000    0.000000    0.000000   clock clk (rise edge)
                                  0.000000    0.000000   clock network delay (ideal)
                                  0.250000    0.250000   clock uncertainty
                                  0.000000    0.250000   clock reconvergence pessimism
                                              0.250000 ^ _3132_/CLK (sky130_fd_sc_hd__dfxtp_2)
                                 -0.013551    0.236449   library hold time
                                              0.236449   data required time
---------------------------------------------------------------------------------------------
                                              0.236449   data required time
                                             -0.282190   data arrival time
---------------------------------------------------------------------------------------------
                                              0.045741   slack (MET)


Startpoint: _3101_ (rising edge-triggered flip-flop clocked by clk)
Endpoint: _3101_ (rising edge-triggered flip-flop clocked by clk)
Path Group: clk
Path Type: min

Fanout         Cap        Slew       Delay        Time   Description
---------------------------------------------------------------------------------------------
                      0.150000    0.000000    0.000000   clock clk (rise edge)
                                  0.000000    0.000000   clock network delay (ideal)
                      0.150000    0.000000    0.000000 ^ _3101_/CLK (sky130_fd_sc_hd__dfxtp_2)
     2    0.004095    0.026500    0.219376    0.219376 ^ _3101_/Q (sky130_fd_sc_hd__dfxtp_2)
                                                         u_core.pe_accum[0][0] (net)
                      0.026500    0.000000    0.219376 ^ _1950_/B2 (sky130_fd_sc_hd__a22o_2)
     1    0.001748    0.018402    0.063548    0.282924 ^ _1950_/X (sky130_fd_sc_hd__a22o_2)
                                                         _0215_ (net)
                      0.018402    0.000000    0.282924 ^ _3101_/D (sky130_fd_sc_hd__dfxtp_2)
                                              0.282924   data arrival time

                      0.150000    0.000000    0.000000   clock clk (rise edge)
                                  0.000000    0.000000   clock network delay (ideal)
                                  0.250000    0.250000   clock uncertainty
                                  0.000000    0.250000   clock reconvergence pessimism
                                              0.250000 ^ _3101_/CLK (sky130_fd_sc_hd__dfxtp_2)
                                 -0.013584    0.236416   library hold time
                                              0.236416   data required time
---------------------------------------------------------------------------------------------
                                              0.236416   data required time
                                             -0.282924   data arrival time
---------------------------------------------------------------------------------------------
                                              0.046508   slack (MET)


Startpoint: _2890_ (rising edge-triggered flip-flop clocked by clk)
Endpoint: _2958_ (rising edge-triggered flip-flop clocked by clk)
Path Group: clk
Path Type: min

Fanout         Cap        Slew       Delay        Time   Description
---------------------------------------------------------------------------------------------
                      0.150000    0.000000    0.000000   clock clk (rise edge)
                                  0.000000    0.000000   clock network delay (ideal)
                      0.150000    0.000000    0.000000 ^ _2890_/CLK (sky130_fd_sc_hd__dfxtp_2)
     4    0.010090    0.047035    0.235692    0.235692 ^ _2890_/Q (sky130_fd_sc_hd__dfxtp_2)
                                                         u_intf.u_slave.rd_state[1] (net)
                      0.047035    0.000000    0.235692 ^ _1600_/A1 (sky130_fd_sc_hd__a311oi_2)
     1    0.001783    0.016524    0.042996    0.278688 v _1600_/Y (sky130_fd_sc_hd__a311oi_2)
                                                         _0072_ (net)
                      0.016524    0.000000    0.278688 v _2958_/D (sky130_fd_sc_hd__dfxtp_2)
                                              0.278688   data arrival time

                      0.150000    0.000000    0.000000   clock clk (rise edge)
                                  0.000000    0.000000   clock network delay (ideal)
                                  0.250000    0.250000   clock uncertainty
                                  0.000000    0.250000   clock reconvergence pessimism
                                              0.250000 ^ _2958_/CLK (sky130_fd_sc_hd__dfxtp_2)
                                 -0.018138    0.231862   library hold time
                                              0.231862   data required time
---------------------------------------------------------------------------------------------
                                              0.231862   data required time
                                             -0.278688   data arrival time
---------------------------------------------------------------------------------------------
                                              0.046826   slack (MET)


Startpoint: _2948_ (rising edge-triggered flip-flop clocked by clk)
Endpoint: _3100_ (rising edge-triggered flip-flop clocked by clk)
Path Group: clk
Path Type: min

Fanout         Cap        Slew       Delay        Time   Description
---------------------------------------------------------------------------------------------
                      0.150000    0.000000    0.000000   clock clk (rise edge)
                                  0.000000    0.000000   clock network delay (ideal)
                      0.150000    0.000000    0.000000 ^ _2948_/CLK (sky130_fd_sc_hd__dfxtp_2)
     1    0.001632    0.018654    0.211505    0.211505 ^ _2948_/Q (sky130_fd_sc_hd__dfxtp_2)
                                                         u_core.pe_array[0].u_pe.valid_out (net)
                      0.018654    0.000000    0.211505 ^ _1944_/B (sky130_fd_sc_hd__and2_2)
     1    0.001748    0.021775    0.071579    0.283084 ^ _1944_/X (sky130_fd_sc_hd__and2_2)
                                                         _0214_ (net)
                      0.021775    0.000000    0.283084 ^ _3100_/D (sky130_fd_sc_hd__dfxtp_2)
                                              0.283084   data arrival time

                      0.150000    0.000000    0.000000   clock clk (rise edge)
                                  0.000000    0.000000   clock network delay (ideal)
                                  0.250000    0.250000   clock uncertainty
                                  0.000000    0.250000   clock reconvergence pessimism
                                              0.250000 ^ _3100_/CLK (sky130_fd_sc_hd__dfxtp_2)
                                 -0.013819    0.236181   library hold time
                                              0.236181   data required time
---------------------------------------------------------------------------------------------
                                              0.236181   data required time
                                             -0.283084   data arrival time
---------------------------------------------------------------------------------------------
                                              0.046903   slack (MET)


Startpoint: _3119_ (rising edge-triggered flip-flop clocked by clk)
Endpoint: _3119_ (rising edge-triggered flip-flop clocked by clk)
Path Group: clk
Path Type: min

Fanout         Cap        Slew       Delay        Time   Description
---------------------------------------------------------------------------------------------
                      0.150000    0.000000    0.000000   clock clk (rise edge)
                                  0.000000    0.000000   clock network delay (ideal)
                      0.150000    0.000000    0.000000 ^ _3119_/CLK (sky130_fd_sc_hd__dfxtp_2)
     2    0.004046    0.026344    0.219220    0.219220 ^ _3119_/Q (sky130_fd_sc_hd__dfxtp_2)
                                                         u_core.pe_accum[0][18] (net)
                      0.026344    0.000000    0.219220 ^ _2491_/A1 (sky130_fd_sc_hd__a22o_2)
     1    0.001748    0.018411    0.066994    0.286214 ^ _2491_/X (sky130_fd_sc_hd__a22o_2)
                                                         _0233_ (net)
                      0.018411    0.000000    0.286214 ^ _3119_/D (sky130_fd_sc_hd__dfxtp_2)
                                              0.286214   data arrival time

                      0.150000    0.000000    0.000000   clock clk (rise edge)
                                  0.000000    0.000000   clock network delay (ideal)
                                  0.250000    0.250000   clock uncertainty
                                  0.000000    0.250000   clock reconvergence pessimism
                                              0.250000 ^ _3119_/CLK (sky130_fd_sc_hd__dfxtp_2)
                                 -0.013585    0.236415   library hold time
                                              0.236415   data required time
---------------------------------------------------------------------------------------------
                                              0.236415   data required time
                                             -0.286214   data arrival time
---------------------------------------------------------------------------------------------
                                              0.049798   slack (MET)


Startpoint: _3115_ (rising edge-triggered flip-flop clocked by clk)
Endpoint: _3115_ (rising edge-triggered flip-flop clocked by clk)
Path Group: clk
Path Type: min

Fanout         Cap        Slew       Delay        Time   Description
---------------------------------------------------------------------------------------------
                      0.150000    0.000000    0.000000   clock clk (rise edge)
                                  0.000000    0.000000   clock network delay (ideal)
                      0.150000    0.000000    0.000000 ^ _3115_/CLK (sky130_fd_sc_hd__dfxtp_2)
     2    0.004046    0.026344    0.219220    0.219220 ^ _3115_/Q (sky130_fd_sc_hd__dfxtp_2)
                                                         u_core.pe_accum[0][14] (net)
                      0.026344    0.000000    0.219220 ^ _2393_/A1 (sky130_fd_sc_hd__a22o_2)
     1    0.001748    0.018412    0.066994    0.286214 ^ _2393_/X (sky130_fd_sc_hd__a22o_2)
                                                         _0229_ (net)
                      0.018412    0.000000    0.286214 ^ _3115_/D (sky130_fd_sc_hd__dfxtp_2)
                                              0.286214   data arrival time

                      0.150000    0.000000    0.000000   clock clk (rise edge)
                                  0.000000    0.000000   clock network delay (ideal)
                                  0.250000    0.250000   clock uncertainty
                                  0.000000    0.250000   clock reconvergence pessimism
                                              0.250000 ^ _3115_/CLK (sky130_fd_sc_hd__dfxtp_2)
                                 -0.013585    0.236415   library hold time
                                              0.236415   data required time
---------------------------------------------------------------------------------------------
                                              0.236415   data required time
                                             -0.286214   data arrival time
---------------------------------------------------------------------------------------------
                                              0.049798   slack (MET)


Startpoint: _3131_ (rising edge-triggered flip-flop clocked by clk)
Endpoint: _3131_ (rising edge-triggered flip-flop clocked by clk)
Path Group: clk
Path Type: min

Fanout         Cap        Slew       Delay        Time   Description
---------------------------------------------------------------------------------------------
                      0.150000    0.000000    0.000000   clock clk (rise edge)
                                  0.000000    0.000000   clock network delay (ideal)
                      0.150000    0.000000    0.000000 ^ _3131_/CLK (sky130_fd_sc_hd__dfxtp_2)
     2    0.004046    0.026344    0.219220    0.219220 ^ _3131_/Q (sky130_fd_sc_hd__dfxtp_2)
                                                         u_core.pe_accum[0][30] (net)
                      0.026344    0.000000    0.219220 ^ _2751_/A1 (sky130_fd_sc_hd__a22o_2)
     1    0.001748    0.018412    0.066994    0.286214 ^ _2751_/X (sky130_fd_sc_hd__a22o_2)
                                                         _0245_ (net)
                      0.018412    0.000000    0.286214 ^ _3131_/D (sky130_fd_sc_hd__dfxtp_2)
                                              0.286214   data arrival time

                      0.150000    0.000000    0.000000   clock clk (rise edge)
                                  0.000000    0.000000   clock network delay (ideal)
                                  0.250000    0.250000   clock uncertainty
                                  0.000000    0.250000   clock reconvergence pessimism
                                              0.250000 ^ _3131_/CLK (sky130_fd_sc_hd__dfxtp_2)
                                 -0.013585    0.236415   library hold time
                                              0.236415   data required time
---------------------------------------------------------------------------------------------
                                              0.236415   data required time
                                             -0.286214   data arrival time
---------------------------------------------------------------------------------------------
                                              0.049798   slack (MET)


Startpoint: _3102_ (rising edge-triggered flip-flop clocked by clk)
Endpoint: _3102_ (rising edge-triggered flip-flop clocked by clk)
Path Group: clk
Path Type: min

Fanout         Cap        Slew       Delay        Time   Description
---------------------------------------------------------------------------------------------
                      0.150000    0.000000    0.000000   clock clk (rise edge)
                                  0.000000    0.000000   clock network delay (ideal)
                      0.150000    0.000000    0.000000 ^ _3102_/CLK (sky130_fd_sc_hd__dfxtp_2)
     2    0.004046    0.026344    0.219220    0.219220 ^ _3102_/Q (sky130_fd_sc_hd__dfxtp_2)
                                                         u_core.pe_accum[0][1] (net)
                      0.026344    0.000000    0.219220 ^ _1958_/A1 (sky130_fd_sc_hd__a22o_2)
     1    0.001748    0.018416    0.066994    0.286214 ^ _1958_/X (sky130_fd_sc_hd__a22o_2)
                                                         _0216_ (net)
                      0.018416    0.000000    0.286214 ^ _3102_/D (sky130_fd_sc_hd__dfxtp_2)
                                              0.286214   data arrival time

                      0.150000    0.000000    0.000000   clock clk (rise edge)
                                  0.000000    0.000000   clock network delay (ideal)
                                  0.250000    0.250000   clock uncertainty
                                  0.000000    0.250000   clock reconvergence pessimism
                                              0.250000 ^ _3102_/CLK (sky130_fd_sc_hd__dfxtp_2)
                                 -0.013585    0.236415   library hold time
                                              0.236415   data required time
---------------------------------------------------------------------------------------------
                                              0.236415   data required time
                                             -0.286214   data arrival time
---------------------------------------------------------------------------------------------
                                              0.049799   slack (MET)


Startpoint: _3103_ (rising edge-triggered flip-flop clocked by clk)
Endpoint: _3103_ (rising edge-triggered flip-flop clocked by clk)
Path Group: clk
Path Type: min

Fanout         Cap        Slew       Delay        Time   Description
---------------------------------------------------------------------------------------------
                      0.150000    0.000000    0.000000   clock clk (rise edge)
                                  0.000000    0.000000   clock network delay (ideal)
                      0.150000    0.000000    0.000000 ^ _3103_/CLK (sky130_fd_sc_hd__dfxtp_2)
     2    0.004046    0.026344    0.219220    0.219220 ^ _3103_/Q (sky130_fd_sc_hd__dfxtp_2)
                                                         u_core.pe_accum[0][2] (net)
                      0.026344    0.000000    0.219220 ^ _1973_/A1 (sky130_fd_sc_hd__a22o_2)
     1    0.001748    0.018416    0.066994    0.286214 ^ _1973_/X (sky130_fd_sc_hd__a22o_2)
                                                         _0217_ (net)
                      0.018416    0.000000    0.286214 ^ _3103_/D (sky130_fd_sc_hd__dfxtp_2)
                                              0.286214   data arrival time

                      0.150000    0.000000    0.000000   clock clk (rise edge)
                                  0.000000    0.000000   clock network delay (ideal)
                                  0.250000    0.250000   clock uncertainty
                                  0.000000    0.250000   clock reconvergence pessimism
                                              0.250000 ^ _3103_/CLK (sky130_fd_sc_hd__dfxtp_2)
                                 -0.013585    0.236415   library hold time
                                              0.236415   data required time
---------------------------------------------------------------------------------------------
                                              0.236415   data required time
                                             -0.286214   data arrival time
---------------------------------------------------------------------------------------------
                                              0.049799   slack (MET)


Startpoint: _3114_ (rising edge-triggered flip-flop clocked by clk)
Endpoint: _3114_ (rising edge-triggered flip-flop clocked by clk)
Path Group: clk
Path Type: min

Fanout         Cap        Slew       Delay        Time   Description
---------------------------------------------------------------------------------------------
                      0.150000    0.000000    0.000000   clock clk (rise edge)
                                  0.000000    0.000000   clock network delay (ideal)
                      0.150000    0.000000    0.000000 ^ _3114_/CLK (sky130_fd_sc_hd__dfxtp_2)
     2    0.004046    0.026344    0.219220    0.219220 ^ _3114_/Q (sky130_fd_sc_hd__dfxtp_2)
                                                         u_core.pe_accum[0][13] (net)
                      0.026344    0.000000    0.219220 ^ _2361_/A1 (sky130_fd_sc_hd__a22o_2)
     1    0.001748    0.018416    0.066994    0.286214 ^ _2361_/X (sky130_fd_sc_hd__a22o_2)
                                                         _0228_ (net)
                      0.018416    0.000000    0.286214 ^ _3114_/D (sky130_fd_sc_hd__dfxtp_2)
                                              0.286214   data arrival time

                      0.150000    0.000000    0.000000   clock clk (rise edge)
                                  0.000000    0.000000   clock network delay (ideal)
                                  0.250000    0.250000   clock uncertainty
                                  0.000000    0.250000   clock reconvergence pessimism
                                              0.250000 ^ _3114_/CLK (sky130_fd_sc_hd__dfxtp_2)
                                 -0.013585    0.236415   library hold time
                                              0.236415   data required time
---------------------------------------------------------------------------------------------
                                              0.236415   data required time
                                             -0.286214   data arrival time
---------------------------------------------------------------------------------------------
                                              0.049799   slack (MET)


Startpoint: _3116_ (rising edge-triggered flip-flop clocked by clk)
Endpoint: _3116_ (rising edge-triggered flip-flop clocked by clk)
Path Group: clk
Path Type: min

Fanout         Cap        Slew       Delay        Time   Description
---------------------------------------------------------------------------------------------
                      0.150000    0.000000    0.000000   clock clk (rise edge)
                                  0.000000    0.000000   clock network delay (ideal)
                      0.150000    0.000000    0.000000 ^ _3116_/CLK (sky130_fd_sc_hd__dfxtp_2)
     2    0.004046    0.026344    0.219220    0.219220 ^ _3116_/Q (sky130_fd_sc_hd__dfxtp_2)
                                                         u_core.pe_accum[0][15] (net)
                      0.026344    0.000000    0.219220 ^ _2416_/A1 (sky130_fd_sc_hd__a22o_2)
     1    0.001748    0.018416    0.066994    0.286214 ^ _2416_/X (sky130_fd_sc_hd__a22o_2)
                                                         _0230_ (net)
                      0.018416    0.000000    0.286214 ^ _3116_/D (sky130_fd_sc_hd__dfxtp_2)
                                              0.286214   data arrival time

                      0.150000    0.000000    0.000000   clock clk (rise edge)
                                  0.000000    0.000000   clock network delay (ideal)
                                  0.250000    0.250000   clock uncertainty
                                  0.000000    0.250000   clock reconvergence pessimism
                                              0.250000 ^ _3116_/CLK (sky130_fd_sc_hd__dfxtp_2)
                                 -0.013585    0.236415   library hold time
                                              0.236415   data required time
---------------------------------------------------------------------------------------------
                                              0.236415   data required time
                                             -0.286214   data arrival time
---------------------------------------------------------------------------------------------
                                              0.049799   slack (MET)


Startpoint: _3121_ (rising edge-triggered flip-flop clocked by clk)
Endpoint: _3121_ (rising edge-triggered flip-flop clocked by clk)
Path Group: clk
Path Type: min

Fanout         Cap        Slew       Delay        Time   Description
---------------------------------------------------------------------------------------------
                      0.150000    0.000000    0.000000   clock clk (rise edge)
                                  0.000000    0.000000   clock network delay (ideal)
                      0.150000    0.000000    0.000000 ^ _3121_/CLK (sky130_fd_sc_hd__dfxtp_2)
     2    0.004046    0.026344    0.219220    0.219220 ^ _3121_/Q (sky130_fd_sc_hd__dfxtp_2)
                                                         u_core.pe_accum[0][20] (net)
                      0.026344    0.000000    0.219220 ^ _2536_/A1 (sky130_fd_sc_hd__a22o_2)
     1    0.001748    0.018416    0.066994    0.286214 ^ _2536_/X (sky130_fd_sc_hd__a22o_2)
                                                         _0235_ (net)
                      0.018416    0.000000    0.286214 ^ _3121_/D (sky130_fd_sc_hd__dfxtp_2)
                                              0.286214   data arrival time

                      0.150000    0.000000    0.000000   clock clk (rise edge)
                                  0.000000    0.000000   clock network delay (ideal)
                                  0.250000    0.250000   clock uncertainty
                                  0.000000    0.250000   clock reconvergence pessimism
                                              0.250000 ^ _3121_/CLK (sky130_fd_sc_hd__dfxtp_2)
                                 -0.013585    0.236415   library hold time
                                              0.236415   data required time
---------------------------------------------------------------------------------------------
                                              0.236415   data required time
                                             -0.286214   data arrival time
---------------------------------------------------------------------------------------------
                                              0.049799   slack (MET)


Startpoint: _3122_ (rising edge-triggered flip-flop clocked by clk)
Endpoint: _3122_ (rising edge-triggered flip-flop clocked by clk)
Path Group: clk
Path Type: min

Fanout         Cap        Slew       Delay        Time   Description
---------------------------------------------------------------------------------------------
                      0.150000    0.000000    0.000000   clock clk (rise edge)
                                  0.000000    0.000000   clock network delay (ideal)
                      0.150000    0.000000    0.000000 ^ _3122_/CLK (sky130_fd_sc_hd__dfxtp_2)
     2    0.004046    0.026344    0.219220    0.219220 ^ _3122_/Q (sky130_fd_sc_hd__dfxtp_2)
                                                         u_core.pe_accum[0][21] (net)
                      0.026344    0.000000    0.219220 ^ _2554_/A1 (sky130_fd_sc_hd__a22o_2)
     1    0.001748    0.018416    0.066994    0.286214 ^ _2554_/X (sky130_fd_sc_hd__a22o_2)
                                                         _0236_ (net)
                      0.018416    0.000000    0.286214 ^ _3122_/D (sky130_fd_sc_hd__dfxtp_2)
                                              0.286214   data arrival time

                      0.150000    0.000000    0.000000   clock clk (rise edge)
                                  0.000000    0.000000   clock network delay (ideal)
                                  0.250000    0.250000   clock uncertainty
                                  0.000000    0.250000   clock reconvergence pessimism
                                              0.250000 ^ _3122_/CLK (sky130_fd_sc_hd__dfxtp_2)
                                 -0.013585    0.236415   library hold time
                                              0.236415   data required time
---------------------------------------------------------------------------------------------
                                              0.236415   data required time
                                             -0.286214   data arrival time
---------------------------------------------------------------------------------------------
                                              0.049799   slack (MET)


Startpoint: _3123_ (rising edge-triggered flip-flop clocked by clk)
Endpoint: _3123_ (rising edge-triggered flip-flop clocked by clk)
Path Group: clk
Path Type: min

Fanout         Cap        Slew       Delay        Time   Description
---------------------------------------------------------------------------------------------
                      0.150000    0.000000    0.000000   clock clk (rise edge)
                                  0.000000    0.000000   clock network delay (ideal)
                      0.150000    0.000000    0.000000 ^ _3123_/CLK (sky130_fd_sc_hd__dfxtp_2)
     2    0.004046    0.026344    0.219220    0.219220 ^ _3123_/Q (sky130_fd_sc_hd__dfxtp_2)
                                                         u_core.pe_accum[0][22] (net)
                      0.026344    0.000000    0.219220 ^ _2576_/A1 (sky130_fd_sc_hd__a22o_2)
     1    0.001748    0.018416    0.066994    0.286214 ^ _2576_/X (sky130_fd_sc_hd__a22o_2)
                                                         _0237_ (net)
                      0.018416    0.000000    0.286214 ^ _3123_/D (sky130_fd_sc_hd__dfxtp_2)
                                              0.286214   data arrival time

                      0.150000    0.000000    0.000000   clock clk (rise edge)
                                  0.000000    0.000000   clock network delay (ideal)
                                  0.250000    0.250000   clock uncertainty
                                  0.000000    0.250000   clock reconvergence pessimism
                                              0.250000 ^ _3123_/CLK (sky130_fd_sc_hd__dfxtp_2)
                                 -0.013585    0.236415   library hold time
                                              0.236415   data required time
---------------------------------------------------------------------------------------------
                                              0.236415   data required time
                                             -0.286214   data arrival time
---------------------------------------------------------------------------------------------
                                              0.049799   slack (MET)


Startpoint: _3124_ (rising edge-triggered flip-flop clocked by clk)
Endpoint: _3124_ (rising edge-triggered flip-flop clocked by clk)
Path Group: clk
Path Type: min

Fanout         Cap        Slew       Delay        Time   Description
---------------------------------------------------------------------------------------------
                      0.150000    0.000000    0.000000   clock clk (rise edge)
                                  0.000000    0.000000   clock network delay (ideal)
                      0.150000    0.000000    0.000000 ^ _3124_/CLK (sky130_fd_sc_hd__dfxtp_2)
     2    0.004046    0.026344    0.219220    0.219220 ^ _3124_/Q (sky130_fd_sc_hd__dfxtp_2)
                                                         u_core.pe_accum[0][23] (net)
                      0.026344    0.000000    0.219220 ^ _2594_/A1 (sky130_fd_sc_hd__a22o_2)
     1    0.001748    0.018416    0.066994    0.286214 ^ _2594_/X (sky130_fd_sc_hd__a22o_2)
                                                         _0238_ (net)
                      0.018416    0.000000    0.286214 ^ _3124_/D (sky130_fd_sc_hd__dfxtp_2)
                                              0.286214   data arrival time

                      0.150000    0.000000    0.000000   clock clk (rise edge)
                                  0.000000    0.000000   clock network delay (ideal)
                                  0.250000    0.250000   clock uncertainty
                                  0.000000    0.250000   clock reconvergence pessimism
                                              0.250000 ^ _3124_/CLK (sky130_fd_sc_hd__dfxtp_2)
                                 -0.013585    0.236415   library hold time
                                              0.236415   data required time
---------------------------------------------------------------------------------------------
                                              0.236415   data required time
                                             -0.286214   data arrival time
---------------------------------------------------------------------------------------------
                                              0.049799   slack (MET)


Startpoint: _3126_ (rising edge-triggered flip-flop clocked by clk)
Endpoint: _3126_ (rising edge-triggered flip-flop clocked by clk)
Path Group: clk
Path Type: min

Fanout         Cap        Slew       Delay        Time   Description
---------------------------------------------------------------------------------------------
                      0.150000    0.000000    0.000000   clock clk (rise edge)
                                  0.000000    0.000000   clock network delay (ideal)
                      0.150000    0.000000    0.000000 ^ _3126_/CLK (sky130_fd_sc_hd__dfxtp_2)
     2    0.004046    0.026344    0.219220    0.219220 ^ _3126_/Q (sky130_fd_sc_hd__dfxtp_2)
                                                         u_core.pe_accum[0][25] (net)
                      0.026344    0.000000    0.219220 ^ _2643_/A1 (sky130_fd_sc_hd__a22o_2)
     1    0.001748    0.018416    0.066994    0.286214 ^ _2643_/X (sky130_fd_sc_hd__a22o_2)
                                                         _0240_ (net)
                      0.018416    0.000000    0.286214 ^ _3126_/D (sky130_fd_sc_hd__dfxtp_2)
                                              0.286214   data arrival time

                      0.150000    0.000000    0.000000   clock clk (rise edge)
                                  0.000000    0.000000   clock network delay (ideal)
                                  0.250000    0.250000   clock uncertainty
                                  0.000000    0.250000   clock reconvergence pessimism
                                              0.250000 ^ _3126_/CLK (sky130_fd_sc_hd__dfxtp_2)
                                 -0.013585    0.236415   library hold time
                                              0.236415   data required time
---------------------------------------------------------------------------------------------
                                              0.236415   data required time
                                             -0.286214   data arrival time
---------------------------------------------------------------------------------------------
                                              0.049799   slack (MET)


Startpoint: _3127_ (rising edge-triggered flip-flop clocked by clk)
Endpoint: _3127_ (rising edge-triggered flip-flop clocked by clk)
Path Group: clk
Path Type: min

Fanout         Cap        Slew       Delay        Time   Description
---------------------------------------------------------------------------------------------
                      0.150000    0.000000    0.000000   clock clk (rise edge)
                                  0.000000    0.000000   clock network delay (ideal)
                      0.150000    0.000000    0.000000 ^ _3127_/CLK (sky130_fd_sc_hd__dfxtp_2)
     2    0.004046    0.026344    0.219220    0.219220 ^ _3127_/Q (sky130_fd_sc_hd__dfxtp_2)
                                                         u_core.pe_accum[0][26] (net)
                      0.026344    0.000000    0.219220 ^ _2665_/A1 (sky130_fd_sc_hd__a22o_2)
     1    0.001748    0.018416    0.066994    0.286214 ^ _2665_/X (sky130_fd_sc_hd__a22o_2)
                                                         _0241_ (net)
                      0.018416    0.000000    0.286214 ^ _3127_/D (sky130_fd_sc_hd__dfxtp_2)
                                              0.286214   data arrival time

                      0.150000    0.000000    0.000000   clock clk (rise edge)
                                  0.000000    0.000000   clock network delay (ideal)
                                  0.250000    0.250000   clock uncertainty
                                  0.000000    0.250000   clock reconvergence pessimism
                                              0.250000 ^ _3127_/CLK (sky130_fd_sc_hd__dfxtp_2)
                                 -0.013585    0.236415   library hold time
                                              0.236415   data required time
---------------------------------------------------------------------------------------------
                                              0.236415   data required time
                                             -0.286214   data arrival time
---------------------------------------------------------------------------------------------
                                              0.049799   slack (MET)


Startpoint: _3128_ (rising edge-triggered flip-flop clocked by clk)
Endpoint: _3128_ (rising edge-triggered flip-flop clocked by clk)
Path Group: clk
Path Type: min

Fanout         Cap        Slew       Delay        Time   Description
---------------------------------------------------------------------------------------------
                      0.150000    0.000000    0.000000   clock clk (rise edge)
                                  0.000000    0.000000   clock network delay (ideal)
                      0.150000    0.000000    0.000000 ^ _3128_/CLK (sky130_fd_sc_hd__dfxtp_2)
     2    0.004046    0.026344    0.219220    0.219220 ^ _3128_/Q (sky130_fd_sc_hd__dfxtp_2)
                                                         u_core.pe_accum[0][27] (net)
                      0.026344    0.000000    0.219220 ^ _2683_/A1 (sky130_fd_sc_hd__a22o_2)
     1    0.001748    0.018416    0.066994    0.286214 ^ _2683_/X (sky130_fd_sc_hd__a22o_2)
                                                         _0242_ (net)
                      0.018416    0.000000    0.286214 ^ _3128_/D (sky130_fd_sc_hd__dfxtp_2)
                                              0.286214   data arrival time

                      0.150000    0.000000    0.000000   clock clk (rise edge)
                                  0.000000    0.000000   clock network delay (ideal)
                                  0.250000    0.250000   clock uncertainty
                                  0.000000    0.250000   clock reconvergence pessimism
                                              0.250000 ^ _3128_/CLK (sky130_fd_sc_hd__dfxtp_2)
                                 -0.013585    0.236415   library hold time
                                              0.236415   data required time
---------------------------------------------------------------------------------------------
                                              0.236415   data required time
                                             -0.286214   data arrival time
---------------------------------------------------------------------------------------------
                                              0.049799   slack (MET)


Startpoint: _3130_ (rising edge-triggered flip-flop clocked by clk)
Endpoint: _3130_ (rising edge-triggered flip-flop clocked by clk)
Path Group: clk
Path Type: min

Fanout         Cap        Slew       Delay        Time   Description
---------------------------------------------------------------------------------------------
                      0.150000    0.000000    0.000000   clock clk (rise edge)
                                  0.000000    0.000000   clock network delay (ideal)
                      0.150000    0.000000    0.000000 ^ _3130_/CLK (sky130_fd_sc_hd__dfxtp_2)
     2    0.004046    0.026344    0.219220    0.219220 ^ _3130_/Q (sky130_fd_sc_hd__dfxtp_2)
                                                         u_core.pe_accum[0][29] (net)
                      0.026344    0.000000    0.219220 ^ _2728_/A1 (sky130_fd_sc_hd__a22o_2)
     1    0.001748    0.018416    0.066994    0.286214 ^ _2728_/X (sky130_fd_sc_hd__a22o_2)
                                                         _0244_ (net)
                      0.018416    0.000000    0.286214 ^ _3130_/D (sky130_fd_sc_hd__dfxtp_2)
                                              0.286214   data arrival time

                      0.150000    0.000000    0.000000   clock clk (rise edge)
                                  0.000000    0.000000   clock network delay (ideal)
                                  0.250000    0.250000   clock uncertainty
                                  0.000000    0.250000   clock reconvergence pessimism
                                              0.250000 ^ _3130_/CLK (sky130_fd_sc_hd__dfxtp_2)
                                 -0.013585    0.236415   library hold time
                                              0.236415   data required time
---------------------------------------------------------------------------------------------
                                              0.236415   data required time
                                             -0.286214   data arrival time
---------------------------------------------------------------------------------------------
                                              0.049799   slack (MET)


Startpoint: _3117_ (rising edge-triggered flip-flop clocked by clk)
Endpoint: _3117_ (rising edge-triggered flip-flop clocked by clk)
Path Group: clk
Path Type: min

Fanout         Cap        Slew       Delay        Time   Description
---------------------------------------------------------------------------------------------
                      0.150000    0.000000    0.000000   clock clk (rise edge)
                                  0.000000    0.000000   clock network delay (ideal)
                      0.150000    0.000000    0.000000 ^ _3117_/CLK (sky130_fd_sc_hd__dfxtp_2)
     2    0.004046    0.026344    0.219220    0.219220 ^ _3117_/Q (sky130_fd_sc_hd__dfxtp_2)
                                                         u_core.pe_accum[0][16] (net)
                      0.026344    0.000000    0.219220 ^ _2446_/A1 (sky130_fd_sc_hd__a22o_2)
     1    0.001748    0.018417    0.066994    0.286214 ^ _2446_/X (sky130_fd_sc_hd__a22o_2)
                                                         _0231_ (net)
                      0.018417    0.000000    0.286214 ^ _3117_/D (sky130_fd_sc_hd__dfxtp_2)
                                              0.286214   data arrival time

                      0.150000    0.000000    0.000000   clock clk (rise edge)
                                  0.000000    0.000000   clock network delay (ideal)
                                  0.250000    0.250000   clock uncertainty
                                  0.000000    0.250000   clock reconvergence pessimism
                                              0.250000 ^ _3117_/CLK (sky130_fd_sc_hd__dfxtp_2)
                                 -0.013585    0.236415   library hold time
                                              0.236415   data required time
---------------------------------------------------------------------------------------------
                                              0.236415   data required time
                                             -0.286214   data arrival time
---------------------------------------------------------------------------------------------
                                              0.049799   slack (MET)


Startpoint: _3113_ (rising edge-triggered flip-flop clocked by clk)
Endpoint: _3113_ (rising edge-triggered flip-flop clocked by clk)
Path Group: clk
Path Type: min

Fanout         Cap        Slew       Delay        Time   Description
---------------------------------------------------------------------------------------------
                      0.150000    0.000000    0.000000   clock clk (rise edge)
                                  0.000000    0.000000   clock network delay (ideal)
                      0.150000    0.000000    0.000000 ^ _3113_/CLK (sky130_fd_sc_hd__dfxtp_2)
     2    0.004046    0.026344    0.219220    0.219220 ^ _3113_/Q (sky130_fd_sc_hd__dfxtp_2)
                                                         u_core.pe_accum[0][12] (net)
                      0.026344    0.000000    0.219220 ^ _2327_/A1 (sky130_fd_sc_hd__a22o_2)
     1    0.001748    0.018666    0.066994    0.286214 ^ _2327_/X (sky130_fd_sc_hd__a22o_2)
                                                         _0227_ (net)
                      0.018666    0.000000    0.286214 ^ _3113_/D (sky130_fd_sc_hd__dfxtp_2)
                                              0.286214   data arrival time

                      0.150000    0.000000    0.000000   clock clk (rise edge)
                                  0.000000    0.000000   clock network delay (ideal)
                                  0.250000    0.250000   clock uncertainty
                                  0.000000    0.250000   clock reconvergence pessimism
                                              0.250000 ^ _3113_/CLK (sky130_fd_sc_hd__dfxtp_2)
                                 -0.013602    0.236398   library hold time
                                              0.236398   data required time
---------------------------------------------------------------------------------------------
                                              0.236398   data required time
                                             -0.286214   data arrival time
---------------------------------------------------------------------------------------------
                                              0.049816   slack (MET)


Startpoint: _3108_ (rising edge-triggered flip-flop clocked by clk)
Endpoint: _3108_ (rising edge-triggered flip-flop clocked by clk)
Path Group: clk
Path Type: min

Fanout         Cap        Slew       Delay        Time   Description
---------------------------------------------------------------------------------------------
                      0.150000    0.000000    0.000000   clock clk (rise edge)
                                  0.000000    0.000000   clock network delay (ideal)
                      0.150000    0.000000    0.000000 ^ _3108_/CLK (sky130_fd_sc_hd__dfxtp_2)
     2    0.004046    0.026344    0.219220    0.219220 ^ _3108_/Q (sky130_fd_sc_hd__dfxtp_2)
                                                         u_core.pe_accum[0][7] (net)
                      0.026344    0.000000    0.219220 ^ _2125_/A1 (sky130_fd_sc_hd__a22o_2)
     1    0.001748    0.019096    0.066994    0.286214 ^ _2125_/X (sky130_fd_sc_hd__a22o_2)
                                                         _0222_ (net)
                      0.019096    0.000000    0.286214 ^ _3108_/D (sky130_fd_sc_hd__dfxtp_2)
                                              0.286214   data arrival time

                      0.150000    0.000000    0.000000   clock clk (rise edge)
                                  0.000000    0.000000   clock network delay (ideal)
                                  0.250000    0.250000   clock uncertainty
                                  0.000000    0.250000   clock reconvergence pessimism
                                              0.250000 ^ _3108_/CLK (sky130_fd_sc_hd__dfxtp_2)
                                 -0.013632    0.236368   library hold time
                                              0.236368   data required time
---------------------------------------------------------------------------------------------
                                              0.236368   data required time
                                             -0.286214   data arrival time
---------------------------------------------------------------------------------------------
                                              0.049846   slack (MET)


Startpoint: _3104_ (rising edge-triggered flip-flop clocked by clk)
Endpoint: _3104_ (rising edge-triggered flip-flop clocked by clk)
Path Group: clk
Path Type: min

Fanout         Cap        Slew       Delay        Time   Description
---------------------------------------------------------------------------------------------
                      0.150000    0.000000    0.000000   clock clk (rise edge)
                                  0.000000    0.000000   clock network delay (ideal)
                      0.150000    0.000000    0.000000 ^ _3104_/CLK (sky130_fd_sc_hd__dfxtp_2)
     2    0.004046    0.026344    0.219220    0.219220 ^ _3104_/Q (sky130_fd_sc_hd__dfxtp_2)
                                                         u_core.pe_accum[0][3] (net)
                      0.026344    0.000000    0.219220 ^ _1993_/A1 (sky130_fd_sc_hd__a22o_2)
     1    0.001748    0.019108    0.066994    0.286214 ^ _1993_/X (sky130_fd_sc_hd__a22o_2)
                                                         _0218_ (net)
                      0.019108    0.000000    0.286214 ^ _3104_/D (sky130_fd_sc_hd__dfxtp_2)
                                              0.286214   data arrival time

                      0.150000    0.000000    0.000000   clock clk (rise edge)
                                  0.000000    0.000000   clock network delay (ideal)
                                  0.250000    0.250000   clock uncertainty
                                  0.000000    0.250000   clock reconvergence pessimism
                                              0.250000 ^ _3104_/CLK (sky130_fd_sc_hd__dfxtp_2)
                                 -0.013633    0.236367   library hold time
                                              0.236367   data required time
---------------------------------------------------------------------------------------------
                                              0.236367   data required time
                                             -0.286214   data arrival time
---------------------------------------------------------------------------------------------
                                              0.049847   slack (MET)


Startpoint: _3105_ (rising edge-triggered flip-flop clocked by clk)
Endpoint: _3105_ (rising edge-triggered flip-flop clocked by clk)
Path Group: clk
Path Type: min

Fanout         Cap        Slew       Delay        Time   Description
---------------------------------------------------------------------------------------------
                      0.150000    0.000000    0.000000   clock clk (rise edge)
                                  0.000000    0.000000   clock network delay (ideal)
                      0.150000    0.000000    0.000000 ^ _3105_/CLK (sky130_fd_sc_hd__dfxtp_2)
     2    0.004046    0.026344    0.219220    0.219220 ^ _3105_/Q (sky130_fd_sc_hd__dfxtp_2)
                                                         u_core.pe_accum[0][4] (net)
                      0.026344    0.000000    0.219220 ^ _2016_/A1 (sky130_fd_sc_hd__a22o_2)
     1    0.001748    0.019402    0.066994    0.286214 ^ _2016_/X (sky130_fd_sc_hd__a22o_2)
                                                         _0219_ (net)
                      0.019402    0.000000    0.286214 ^ _3105_/D (sky130_fd_sc_hd__dfxtp_2)
                                              0.286214   data arrival time

                      0.150000    0.000000    0.000000   clock clk (rise edge)
                                  0.000000    0.000000   clock network delay (ideal)
                                  0.250000    0.250000   clock uncertainty
                                  0.000000    0.250000   clock reconvergence pessimism
                                              0.250000 ^ _3105_/CLK (sky130_fd_sc_hd__dfxtp_2)
                                 -0.013654    0.236346   library hold time
                                              0.236346   data required time
---------------------------------------------------------------------------------------------
                                              0.236346   data required time
                                             -0.286214   data arrival time
---------------------------------------------------------------------------------------------
                                              0.049867   slack (MET)


Startpoint: _3106_ (rising edge-triggered flip-flop clocked by clk)
Endpoint: _3106_ (rising edge-triggered flip-flop clocked by clk)
Path Group: clk
Path Type: min

Fanout         Cap        Slew       Delay        Time   Description
---------------------------------------------------------------------------------------------
                      0.150000    0.000000    0.000000   clock clk (rise edge)
                                  0.000000    0.000000   clock network delay (ideal)
                      0.150000    0.000000    0.000000 ^ _3106_/CLK (sky130_fd_sc_hd__dfxtp_2)
     2    0.004046    0.026344    0.219220    0.219220 ^ _3106_/Q (sky130_fd_sc_hd__dfxtp_2)
                                                         u_core.pe_accum[0][5] (net)
                      0.026344    0.000000    0.219220 ^ _2045_/A1 (sky130_fd_sc_hd__a22o_2)
     1    0.001748    0.019402    0.066994    0.286214 ^ _2045_/X (sky130_fd_sc_hd__a22o_2)
                                                         _0220_ (net)
                      0.019402    0.000000    0.286214 ^ _3106_/D (sky130_fd_sc_hd__dfxtp_2)
                                              0.286214   data arrival time

                      0.150000    0.000000    0.000000   clock clk (rise edge)
                                  0.000000    0.000000   clock network delay (ideal)
                                  0.250000    0.250000   clock uncertainty
                                  0.000000    0.250000   clock reconvergence pessimism
                                              0.250000 ^ _3106_/CLK (sky130_fd_sc_hd__dfxtp_2)
                                 -0.013654    0.236346   library hold time
                                              0.236346   data required time
---------------------------------------------------------------------------------------------
                                              0.236346   data required time
                                             -0.286214   data arrival time
---------------------------------------------------------------------------------------------
                                              0.049867   slack (MET)


Startpoint: _3107_ (rising edge-triggered flip-flop clocked by clk)
Endpoint: _3107_ (rising edge-triggered flip-flop clocked by clk)
Path Group: clk
Path Type: min

Fanout         Cap        Slew       Delay        Time   Description
---------------------------------------------------------------------------------------------
                      0.150000    0.000000    0.000000   clock clk (rise edge)
                                  0.000000    0.000000   clock network delay (ideal)
                      0.150000    0.000000    0.000000 ^ _3107_/CLK (sky130_fd_sc_hd__dfxtp_2)
     2    0.004046    0.026344    0.219220    0.219220 ^ _3107_/Q (sky130_fd_sc_hd__dfxtp_2)
                                                         u_core.pe_accum[0][6] (net)
                      0.026344    0.000000    0.219220 ^ _2081_/A1 (sky130_fd_sc_hd__a22o_2)
     1    0.001748    0.019402    0.066994    0.286214 ^ _2081_/X (sky130_fd_sc_hd__a22o_2)
                                                         _0221_ (net)
                      0.019402    0.000000    0.286214 ^ _3107_/D (sky130_fd_sc_hd__dfxtp_2)
                                              0.286214   data arrival time

                      0.150000    0.000000    0.000000   clock clk (rise edge)
                                  0.000000    0.000000   clock network delay (ideal)
                                  0.250000    0.250000   clock uncertainty
                                  0.000000    0.250000   clock reconvergence pessimism
                                              0.250000 ^ _3107_/CLK (sky130_fd_sc_hd__dfxtp_2)
                                 -0.013654    0.236346   library hold time
                                              0.236346   data required time
---------------------------------------------------------------------------------------------
                                              0.236346   data required time
                                             -0.286214   data arrival time
---------------------------------------------------------------------------------------------
                                              0.049867   slack (MET)


Startpoint: _3109_ (rising edge-triggered flip-flop clocked by clk)
Endpoint: _3109_ (rising edge-triggered flip-flop clocked by clk)
Path Group: clk
Path Type: min

Fanout         Cap        Slew       Delay        Time   Description
---------------------------------------------------------------------------------------------
                      0.150000    0.000000    0.000000   clock clk (rise edge)
                                  0.000000    0.000000   clock network delay (ideal)
                      0.150000    0.000000    0.000000 ^ _3109_/CLK (sky130_fd_sc_hd__dfxtp_2)
     2    0.004046    0.026344    0.219220    0.219220 ^ _3109_/Q (sky130_fd_sc_hd__dfxtp_2)
                                                         u_core.pe_accum[0][8] (net)
                      0.026344    0.000000    0.219220 ^ _2167_/A1 (sky130_fd_sc_hd__a22o_2)
     1    0.001748    0.019402    0.066994    0.286214 ^ _2167_/X (sky130_fd_sc_hd__a22o_2)
                                                         _0223_ (net)
                      0.019402    0.000000    0.286214 ^ _3109_/D (sky130_fd_sc_hd__dfxtp_2)
                                              0.286214   data arrival time

                      0.150000    0.000000    0.000000   clock clk (rise edge)
                                  0.000000    0.000000   clock network delay (ideal)
                                  0.250000    0.250000   clock uncertainty
                                  0.000000    0.250000   clock reconvergence pessimism
                                              0.250000 ^ _3109_/CLK (sky130_fd_sc_hd__dfxtp_2)
                                 -0.013654    0.236346   library hold time
                                              0.236346   data required time
---------------------------------------------------------------------------------------------
                                              0.236346   data required time
                                             -0.286214   data arrival time
---------------------------------------------------------------------------------------------
                                              0.049867   slack (MET)


Startpoint: _3110_ (rising edge-triggered flip-flop clocked by clk)
Endpoint: _3110_ (rising edge-triggered flip-flop clocked by clk)
Path Group: clk
Path Type: min

Fanout         Cap        Slew       Delay        Time   Description
---------------------------------------------------------------------------------------------
                      0.150000    0.000000    0.000000   clock clk (rise edge)
                                  0.000000    0.000000   clock network delay (ideal)
                      0.150000    0.000000    0.000000 ^ _3110_/CLK (sky130_fd_sc_hd__dfxtp_2)
     2    0.004046    0.026344    0.219220    0.219220 ^ _3110_/Q (sky130_fd_sc_hd__dfxtp_2)
                                                         u_core.pe_accum[0][9] (net)
                      0.026344    0.000000    0.219220 ^ _2207_/A1 (sky130_fd_sc_hd__a22o_2)
     1    0.001748    0.019402    0.066994    0.286214 ^ _2207_/X (sky130_fd_sc_hd__a22o_2)
                                                         _0224_ (net)
                      0.019402    0.000000    0.286214 ^ _3110_/D (sky130_fd_sc_hd__dfxtp_2)
                                              0.286214   data arrival time

                      0.150000    0.000000    0.000000   clock clk (rise edge)
                                  0.000000    0.000000   clock network delay (ideal)
                                  0.250000    0.250000   clock uncertainty
                                  0.000000    0.250000   clock reconvergence pessimism
                                              0.250000 ^ _3110_/CLK (sky130_fd_sc_hd__dfxtp_2)
                                 -0.013654    0.236346   library hold time
                                              0.236346   data required time
---------------------------------------------------------------------------------------------
                                              0.236346   data required time
                                             -0.286214   data arrival time
---------------------------------------------------------------------------------------------
                                              0.049867   slack (MET)


Startpoint: _3111_ (rising edge-triggered flip-flop clocked by clk)
Endpoint: _3111_ (rising edge-triggered flip-flop clocked by clk)
Path Group: clk
Path Type: min

Fanout         Cap        Slew       Delay        Time   Description
---------------------------------------------------------------------------------------------
                      0.150000    0.000000    0.000000   clock clk (rise edge)
                                  0.000000    0.000000   clock network delay (ideal)
                      0.150000    0.000000    0.000000 ^ _3111_/CLK (sky130_fd_sc_hd__dfxtp_2)
     2    0.004046    0.026344    0.219220    0.219220 ^ _3111_/Q (sky130_fd_sc_hd__dfxtp_2)
                                                         u_core.pe_accum[0][10] (net)
                      0.026344    0.000000    0.219220 ^ _2245_/A1 (sky130_fd_sc_hd__a22o_2)
     1    0.001748    0.019402    0.066994    0.286214 ^ _2245_/X (sky130_fd_sc_hd__a22o_2)
                                                         _0225_ (net)
                      0.019402    0.000000    0.286214 ^ _3111_/D (sky130_fd_sc_hd__dfxtp_2)
                                              0.286214   data arrival time

                      0.150000    0.000000    0.000000   clock clk (rise edge)
                                  0.000000    0.000000   clock network delay (ideal)
                                  0.250000    0.250000   clock uncertainty
                                  0.000000    0.250000   clock reconvergence pessimism
                                              0.250000 ^ _3111_/CLK (sky130_fd_sc_hd__dfxtp_2)
                                 -0.013654    0.236346   library hold time
                                              0.236346   data required time
---------------------------------------------------------------------------------------------
                                              0.236346   data required time
                                             -0.286214   data arrival time
---------------------------------------------------------------------------------------------
                                              0.049867   slack (MET)


Startpoint: _3112_ (rising edge-triggered flip-flop clocked by clk)
Endpoint: _3112_ (rising edge-triggered flip-flop clocked by clk)
Path Group: clk
Path Type: min

Fanout         Cap        Slew       Delay        Time   Description
---------------------------------------------------------------------------------------------
                      0.150000    0.000000    0.000000   clock clk (rise edge)
                                  0.000000    0.000000   clock network delay (ideal)
                      0.150000    0.000000    0.000000 ^ _3112_/CLK (sky130_fd_sc_hd__dfxtp_2)
     2    0.004046    0.026344    0.219220    0.219220 ^ _3112_/Q (sky130_fd_sc_hd__dfxtp_2)
                                                         u_core.pe_accum[0][11] (net)
                      0.026344    0.000000    0.219220 ^ _2284_/A1 (sky130_fd_sc_hd__a22o_2)
     1    0.001748    0.019402    0.066994    0.286214 ^ _2284_/X (sky130_fd_sc_hd__a22o_2)
                                                         _0226_ (net)
                      0.019402    0.000000    0.286214 ^ _3112_/D (sky130_fd_sc_hd__dfxtp_2)
                                              0.286214   data arrival time

                      0.150000    0.000000    0.000000   clock clk (rise edge)
                                  0.000000    0.000000   clock network delay (ideal)
                                  0.250000    0.250000   clock uncertainty
                                  0.000000    0.250000   clock reconvergence pessimism
                                              0.250000 ^ _3112_/CLK (sky130_fd_sc_hd__dfxtp_2)
                                 -0.013654    0.236346   library hold time
                                              0.236346   data required time
---------------------------------------------------------------------------------------------
                                              0.236346   data required time
                                             -0.286214   data arrival time
---------------------------------------------------------------------------------------------
                                              0.049867   slack (MET)


Startpoint: _3118_ (rising edge-triggered flip-flop clocked by clk)
Endpoint: _3118_ (rising edge-triggered flip-flop clocked by clk)
Path Group: clk
Path Type: min

Fanout         Cap        Slew       Delay        Time   Description
---------------------------------------------------------------------------------------------
                      0.150000    0.000000    0.000000   clock clk (rise edge)
                                  0.000000    0.000000   clock network delay (ideal)
                      0.150000    0.000000    0.000000 ^ _3118_/CLK (sky130_fd_sc_hd__dfxtp_2)
     2    0.004046    0.026344    0.219220    0.219220 ^ _3118_/Q (sky130_fd_sc_hd__dfxtp_2)
                                                         u_core.pe_accum[0][17] (net)
                      0.026344    0.000000    0.219220 ^ _2466_/A1 (sky130_fd_sc_hd__a22o_2)
     1    0.001748    0.019402    0.066994    0.286214 ^ _2466_/X (sky130_fd_sc_hd__a22o_2)
                                                         _0232_ (net)
                      0.019402    0.000000    0.286214 ^ _3118_/D (sky130_fd_sc_hd__dfxtp_2)
                                              0.286214   data arrival time

                      0.150000    0.000000    0.000000   clock clk (rise edge)
                                  0.000000    0.000000   clock network delay (ideal)
                                  0.250000    0.250000   clock uncertainty
                                  0.000000    0.250000   clock reconvergence pessimism
                                              0.250000 ^ _3118_/CLK (sky130_fd_sc_hd__dfxtp_2)
                                 -0.013654    0.236346   library hold time
                                              0.236346   data required time
---------------------------------------------------------------------------------------------
                                              0.236346   data required time
                                             -0.286214   data arrival time
---------------------------------------------------------------------------------------------
                                              0.049867   slack (MET)


Startpoint: _3120_ (rising edge-triggered flip-flop clocked by clk)
Endpoint: _3120_ (rising edge-triggered flip-flop clocked by clk)
Path Group: clk
Path Type: min

Fanout         Cap        Slew       Delay        Time   Description
---------------------------------------------------------------------------------------------
                      0.150000    0.000000    0.000000   clock clk (rise edge)
                                  0.000000    0.000000   clock network delay (ideal)
                      0.150000    0.000000    0.000000 ^ _3120_/CLK (sky130_fd_sc_hd__dfxtp_2)
     2    0.004046    0.026344    0.219220    0.219220 ^ _3120_/Q (sky130_fd_sc_hd__dfxtp_2)
                                                         u_core.pe_accum[0][19] (net)
                      0.026344    0.000000    0.219220 ^ _2511_/A1 (sky130_fd_sc_hd__a22o_2)
     1    0.001748    0.019402    0.066994    0.286214 ^ _2511_/X (sky130_fd_sc_hd__a22o_2)
                                                         _0234_ (net)
                      0.019402    0.000000    0.286214 ^ _3120_/D (sky130_fd_sc_hd__dfxtp_2)
                                              0.286214   data arrival time

                      0.150000    0.000000    0.000000   clock clk (rise edge)
                                  0.000000    0.000000   clock network delay (ideal)
                                  0.250000    0.250000   clock uncertainty
                                  0.000000    0.250000   clock reconvergence pessimism
                                              0.250000 ^ _3120_/CLK (sky130_fd_sc_hd__dfxtp_2)
                                 -0.013654    0.236346   library hold time
                                              0.236346   data required time
---------------------------------------------------------------------------------------------
                                              0.236346   data required time
                                             -0.286214   data arrival time
---------------------------------------------------------------------------------------------
                                              0.049867   slack (MET)


Startpoint: _3125_ (rising edge-triggered flip-flop clocked by clk)
Endpoint: _3125_ (rising edge-triggered flip-flop clocked by clk)
Path Group: clk
Path Type: min

Fanout         Cap        Slew       Delay        Time   Description
---------------------------------------------------------------------------------------------
                      0.150000    0.000000    0.000000   clock clk (rise edge)
                                  0.000000    0.000000   clock network delay (ideal)
                      0.150000    0.000000    0.000000 ^ _3125_/CLK (sky130_fd_sc_hd__dfxtp_2)
     2    0.004046    0.026344    0.219220    0.219220 ^ _3125_/Q (sky130_fd_sc_hd__dfxtp_2)
                                                         u_core.pe_accum[0][24] (net)
                      0.026344    0.000000    0.219220 ^ _2623_/A1 (sky130_fd_sc_hd__a22o_2)
     1    0.001748    0.019402    0.066994    0.286214 ^ _2623_/X (sky130_fd_sc_hd__a22o_2)
                                                         _0239_ (net)
                      0.019402    0.000000    0.286214 ^ _3125_/D (sky130_fd_sc_hd__dfxtp_2)
                                              0.286214   data arrival time

                      0.150000    0.000000    0.000000   clock clk (rise edge)
                                  0.000000    0.000000   clock network delay (ideal)
                                  0.250000    0.250000   clock uncertainty
                                  0.000000    0.250000   clock reconvergence pessimism
                                              0.250000 ^ _3125_/CLK (sky130_fd_sc_hd__dfxtp_2)
                                 -0.013654    0.236346   library hold time
                                              0.236346   data required time
---------------------------------------------------------------------------------------------
                                              0.236346   data required time
                                             -0.286214   data arrival time
---------------------------------------------------------------------------------------------
                                              0.049867   slack (MET)


Startpoint: _3129_ (rising edge-triggered flip-flop clocked by clk)
Endpoint: _3129_ (rising edge-triggered flip-flop clocked by clk)
Path Group: clk
Path Type: min

Fanout         Cap        Slew       Delay        Time   Description
---------------------------------------------------------------------------------------------
                      0.150000    0.000000    0.000000   clock clk (rise edge)
                                  0.000000    0.000000   clock network delay (ideal)
                      0.150000    0.000000    0.000000 ^ _3129_/CLK (sky130_fd_sc_hd__dfxtp_2)
     2    0.004046    0.026344    0.219220    0.219220 ^ _3129_/Q (sky130_fd_sc_hd__dfxtp_2)
                                                         u_core.pe_accum[0][28] (net)
                      0.026344    0.000000    0.219220 ^ _2707_/A1 (sky130_fd_sc_hd__a22o_2)
     1    0.001748    0.019402    0.066994    0.286214 ^ _2707_/X (sky130_fd_sc_hd__a22o_2)
                                                         _0243_ (net)
                      0.019402    0.000000    0.286214 ^ _3129_/D (sky130_fd_sc_hd__dfxtp_2)
                                              0.286214   data arrival time

                      0.150000    0.000000    0.000000   clock clk (rise edge)
                                  0.000000    0.000000   clock network delay (ideal)
                                  0.250000    0.250000   clock uncertainty
                                  0.000000    0.250000   clock reconvergence pessimism
                                              0.250000 ^ _3129_/CLK (sky130_fd_sc_hd__dfxtp_2)
                                 -0.013654    0.236346   library hold time
                                              0.236346   data required time
---------------------------------------------------------------------------------------------
                                              0.236346   data required time
                                             -0.286214   data arrival time
---------------------------------------------------------------------------------------------
                                              0.049867   slack (MET)


Startpoint: _3102_ (rising edge-triggered flip-flop clocked by clk)
Endpoint: _3170_ (rising edge-triggered flip-flop clocked by clk)
Path Group: clk
Path Type: min

Fanout         Cap        Slew       Delay        Time   Description
---------------------------------------------------------------------------------------------
                      0.150000    0.000000    0.000000   clock clk (rise edge)
                                  0.000000    0.000000   clock network delay (ideal)
                      0.150000    0.000000    0.000000 ^ _3102_/CLK (sky130_fd_sc_hd__dfxtp_2)
     2    0.004046    0.026344    0.219220    0.219220 ^ _3102_/Q (sky130_fd_sc_hd__dfxtp_2)
                                                         u_core.pe_accum[0][1] (net)
                      0.026344    0.000000    0.219220 ^ _2854_/A (sky130_fd_sc_hd__and2_2)
     1    0.001748    0.021793    0.069837    0.289057 ^ _2854_/X (sky130_fd_sc_hd__and2_2)
                                                         _0284_ (net)
                      0.021793    0.000000    0.289057 ^ _3170_/D (sky130_fd_sc_hd__dfxtp_2)
                                              0.289057   data arrival time

                      0.150000    0.000000    0.000000   clock clk (rise edge)
                                  0.000000    0.000000   clock network delay (ideal)
                                  0.250000    0.250000   clock uncertainty
                                  0.000000    0.250000   clock reconvergence pessimism
                                              0.250000 ^ _3170_/CLK (sky130_fd_sc_hd__dfxtp_2)
                                 -0.013820    0.236180   library hold time
                                              0.236180   data required time
---------------------------------------------------------------------------------------------
                                              0.236180   data required time
                                             -0.289057   data arrival time
---------------------------------------------------------------------------------------------
                                              0.052877   slack (MET)


Startpoint: _3103_ (rising edge-triggered flip-flop clocked by clk)
Endpoint: _3171_ (rising edge-triggered flip-flop clocked by clk)
Path Group: clk
Path Type: min

Fanout         Cap        Slew       Delay        Time   Description
---------------------------------------------------------------------------------------------
                      0.150000    0.000000    0.000000   clock clk (rise edge)
                                  0.000000    0.000000   clock network delay (ideal)
                      0.150000    0.000000    0.000000 ^ _3103_/CLK (sky130_fd_sc_hd__dfxtp_2)
     2    0.004046    0.026344    0.219220    0.219220 ^ _3103_/Q (sky130_fd_sc_hd__dfxtp_2)
                                                         u_core.pe_accum[0][2] (net)
                      0.026344    0.000000    0.219220 ^ _2855_/A (sky130_fd_sc_hd__and2_2)
     1    0.001748    0.021793    0.069837    0.289057 ^ _2855_/X (sky130_fd_sc_hd__and2_2)
                                                         _0285_ (net)
                      0.021793    0.000000    0.289057 ^ _3171_/D (sky130_fd_sc_hd__dfxtp_2)
                                              0.289057   data arrival time

                      0.150000    0.000000    0.000000   clock clk (rise edge)
                                  0.000000    0.000000   clock network delay (ideal)
                                  0.250000    0.250000   clock uncertainty
                                  0.000000    0.250000   clock reconvergence pessimism
                                              0.250000 ^ _3171_/CLK (sky130_fd_sc_hd__dfxtp_2)
                                 -0.013820    0.236180   library hold time
                                              0.236180   data required time
---------------------------------------------------------------------------------------------
                                              0.236180   data required time
                                             -0.289057   data arrival time
---------------------------------------------------------------------------------------------
                                              0.052877   slack (MET)


Startpoint: _3104_ (rising edge-triggered flip-flop clocked by clk)
Endpoint: _3172_ (rising edge-triggered flip-flop clocked by clk)
Path Group: clk
Path Type: min

Fanout         Cap        Slew       Delay        Time   Description
---------------------------------------------------------------------------------------------
                      0.150000    0.000000    0.000000   clock clk (rise edge)
                                  0.000000    0.000000   clock network delay (ideal)
                      0.150000    0.000000    0.000000 ^ _3104_/CLK (sky130_fd_sc_hd__dfxtp_2)
     2    0.004046    0.026344    0.219220    0.219220 ^ _3104_/Q (sky130_fd_sc_hd__dfxtp_2)
                                                         u_core.pe_accum[0][3] (net)
                      0.026344    0.000000    0.219220 ^ _2856_/A (sky130_fd_sc_hd__and2_2)
     1    0.001748    0.021793    0.069837    0.289057 ^ _2856_/X (sky130_fd_sc_hd__and2_2)
                                                         _0286_ (net)
                      0.021793    0.000000    0.289057 ^ _3172_/D (sky130_fd_sc_hd__dfxtp_2)
                                              0.289057   data arrival time

                      0.150000    0.000000    0.000000   clock clk (rise edge)
                                  0.000000    0.000000   clock network delay (ideal)
                                  0.250000    0.250000   clock uncertainty
                                  0.000000    0.250000   clock reconvergence pessimism
                                              0.250000 ^ _3172_/CLK (sky130_fd_sc_hd__dfxtp_2)
                                 -0.013820    0.236180   library hold time
                                              0.236180   data required time
---------------------------------------------------------------------------------------------
                                              0.236180   data required time
                                             -0.289057   data arrival time
---------------------------------------------------------------------------------------------
                                              0.052877   slack (MET)


Startpoint: _3105_ (rising edge-triggered flip-flop clocked by clk)
Endpoint: _3173_ (rising edge-triggered flip-flop clocked by clk)
Path Group: clk
Path Type: min

Fanout         Cap        Slew       Delay        Time   Description
---------------------------------------------------------------------------------------------
                      0.150000    0.000000    0.000000   clock clk (rise edge)
                                  0.000000    0.000000   clock network delay (ideal)
                      0.150000    0.000000    0.000000 ^ _3105_/CLK (sky130_fd_sc_hd__dfxtp_2)
     2    0.004046    0.026344    0.219220    0.219220 ^ _3105_/Q (sky130_fd_sc_hd__dfxtp_2)
                                                         u_core.pe_accum[0][4] (net)
                      0.026344    0.000000    0.219220 ^ _2857_/A (sky130_fd_sc_hd__and2_2)
     1    0.001748    0.021793    0.069837    0.289057 ^ _2857_/X (sky130_fd_sc_hd__and2_2)
                                                         _0287_ (net)
                      0.021793    0.000000    0.289057 ^ _3173_/D (sky130_fd_sc_hd__dfxtp_2)
                                              0.289057   data arrival time

                      0.150000    0.000000    0.000000   clock clk (rise edge)
                                  0.000000    0.000000   clock network delay (ideal)
                                  0.250000    0.250000   clock uncertainty
                                  0.000000    0.250000   clock reconvergence pessimism
                                              0.250000 ^ _3173_/CLK (sky130_fd_sc_hd__dfxtp_2)
                                 -0.013820    0.236180   library hold time
                                              0.236180   data required time
---------------------------------------------------------------------------------------------
                                              0.236180   data required time
                                             -0.289057   data arrival time
---------------------------------------------------------------------------------------------
                                              0.052877   slack (MET)


Startpoint: _3106_ (rising edge-triggered flip-flop clocked by clk)
Endpoint: _3174_ (rising edge-triggered flip-flop clocked by clk)
Path Group: clk
Path Type: min

Fanout         Cap        Slew       Delay        Time   Description
---------------------------------------------------------------------------------------------
                      0.150000    0.000000    0.000000   clock clk (rise edge)
                                  0.000000    0.000000   clock network delay (ideal)
                      0.150000    0.000000    0.000000 ^ _3106_/CLK (sky130_fd_sc_hd__dfxtp_2)
     2    0.004046    0.026344    0.219220    0.219220 ^ _3106_/Q (sky130_fd_sc_hd__dfxtp_2)
                                                         u_core.pe_accum[0][5] (net)
                      0.026344    0.000000    0.219220 ^ _2858_/A (sky130_fd_sc_hd__and2_2)
     1    0.001748    0.021793    0.069837    0.289057 ^ _2858_/X (sky130_fd_sc_hd__and2_2)
                                                         _0288_ (net)
                      0.021793    0.000000    0.289057 ^ _3174_/D (sky130_fd_sc_hd__dfxtp_2)
                                              0.289057   data arrival time

                      0.150000    0.000000    0.000000   clock clk (rise edge)
                                  0.000000    0.000000   clock network delay (ideal)
                                  0.250000    0.250000   clock uncertainty
                                  0.000000    0.250000   clock reconvergence pessimism
                                              0.250000 ^ _3174_/CLK (sky130_fd_sc_hd__dfxtp_2)
                                 -0.013820    0.236180   library hold time
                                              0.236180   data required time
---------------------------------------------------------------------------------------------
                                              0.236180   data required time
                                             -0.289057   data arrival time
---------------------------------------------------------------------------------------------
                                              0.052877   slack (MET)


Startpoint: _3107_ (rising edge-triggered flip-flop clocked by clk)
Endpoint: _3175_ (rising edge-triggered flip-flop clocked by clk)
Path Group: clk
Path Type: min

Fanout         Cap        Slew       Delay        Time   Description
---------------------------------------------------------------------------------------------
                      0.150000    0.000000    0.000000   clock clk (rise edge)
                                  0.000000    0.000000   clock network delay (ideal)
                      0.150000    0.000000    0.000000 ^ _3107_/CLK (sky130_fd_sc_hd__dfxtp_2)
     2    0.004046    0.026344    0.219220    0.219220 ^ _3107_/Q (sky130_fd_sc_hd__dfxtp_2)
                                                         u_core.pe_accum[0][6] (net)
                      0.026344    0.000000    0.219220 ^ _2859_/A (sky130_fd_sc_hd__and2_2)
     1    0.001748    0.021793    0.069837    0.289057 ^ _2859_/X (sky130_fd_sc_hd__and2_2)
                                                         _0289_ (net)
                      0.021793    0.000000    0.289057 ^ _3175_/D (sky130_fd_sc_hd__dfxtp_2)
                                              0.289057   data arrival time

                      0.150000    0.000000    0.000000   clock clk (rise edge)
                                  0.000000    0.000000   clock network delay (ideal)
                                  0.250000    0.250000   clock uncertainty
                                  0.000000    0.250000   clock reconvergence pessimism
                                              0.250000 ^ _3175_/CLK (sky130_fd_sc_hd__dfxtp_2)
                                 -0.013820    0.236180   library hold time
                                              0.236180   data required time
---------------------------------------------------------------------------------------------
                                              0.236180   data required time
                                             -0.289057   data arrival time
---------------------------------------------------------------------------------------------
                                              0.052877   slack (MET)


Startpoint: _3108_ (rising edge-triggered flip-flop clocked by clk)
Endpoint: _3176_ (rising edge-triggered flip-flop clocked by clk)
Path Group: clk
Path Type: min

Fanout         Cap        Slew       Delay        Time   Description
---------------------------------------------------------------------------------------------
                      0.150000    0.000000    0.000000   clock clk (rise edge)
                                  0.000000    0.000000   clock network delay (ideal)
                      0.150000    0.000000    0.000000 ^ _3108_/CLK (sky130_fd_sc_hd__dfxtp_2)
     2    0.004046    0.026344    0.219220    0.219220 ^ _3108_/Q (sky130_fd_sc_hd__dfxtp_2)
                                                         u_core.pe_accum[0][7] (net)
                      0.026344    0.000000    0.219220 ^ _2860_/A (sky130_fd_sc_hd__and2_2)
     1    0.001748    0.021793    0.069837    0.289057 ^ _2860_/X (sky130_fd_sc_hd__and2_2)
                                                         _0290_ (net)
                      0.021793    0.000000    0.289057 ^ _3176_/D (sky130_fd_sc_hd__dfxtp_2)
                                              0.289057   data arrival time

                      0.150000    0.000000    0.000000   clock clk (rise edge)
                                  0.000000    0.000000   clock network delay (ideal)
                                  0.250000    0.250000   clock uncertainty
                                  0.000000    0.250000   clock reconvergence pessimism
                                              0.250000 ^ _3176_/CLK (sky130_fd_sc_hd__dfxtp_2)
                                 -0.013820    0.236180   library hold time
                                              0.236180   data required time
---------------------------------------------------------------------------------------------
                                              0.236180   data required time
                                             -0.289057   data arrival time
---------------------------------------------------------------------------------------------
                                              0.052877   slack (MET)


Startpoint: _3109_ (rising edge-triggered flip-flop clocked by clk)
Endpoint: _3177_ (rising edge-triggered flip-flop clocked by clk)
Path Group: clk
Path Type: min

Fanout         Cap        Slew       Delay        Time   Description
---------------------------------------------------------------------------------------------
                      0.150000    0.000000    0.000000   clock clk (rise edge)
                                  0.000000    0.000000   clock network delay (ideal)
                      0.150000    0.000000    0.000000 ^ _3109_/CLK (sky130_fd_sc_hd__dfxtp_2)
     2    0.004046    0.026344    0.219220    0.219220 ^ _3109_/Q (sky130_fd_sc_hd__dfxtp_2)
                                                         u_core.pe_accum[0][8] (net)
                      0.026344    0.000000    0.219220 ^ _2861_/A (sky130_fd_sc_hd__and2_2)
     1    0.001748    0.021793    0.069837    0.289057 ^ _2861_/X (sky130_fd_sc_hd__and2_2)
                                                         _0291_ (net)
                      0.021793    0.000000    0.289057 ^ _3177_/D (sky130_fd_sc_hd__dfxtp_2)
                                              0.289057   data arrival time

                      0.150000    0.000000    0.000000   clock clk (rise edge)
                                  0.000000    0.000000   clock network delay (ideal)
                                  0.250000    0.250000   clock uncertainty
                                  0.000000    0.250000   clock reconvergence pessimism
                                              0.250000 ^ _3177_/CLK (sky130_fd_sc_hd__dfxtp_2)
                                 -0.013820    0.236180   library hold time
                                              0.236180   data required time
---------------------------------------------------------------------------------------------
                                              0.236180   data required time
                                             -0.289057   data arrival time
---------------------------------------------------------------------------------------------
                                              0.052877   slack (MET)


Startpoint: _3110_ (rising edge-triggered flip-flop clocked by clk)
Endpoint: _3178_ (rising edge-triggered flip-flop clocked by clk)
Path Group: clk
Path Type: min

Fanout         Cap        Slew       Delay        Time   Description
---------------------------------------------------------------------------------------------
                      0.150000    0.000000    0.000000   clock clk (rise edge)
                                  0.000000    0.000000   clock network delay (ideal)
                      0.150000    0.000000    0.000000 ^ _3110_/CLK (sky130_fd_sc_hd__dfxtp_2)
     2    0.004046    0.026344    0.219220    0.219220 ^ _3110_/Q (sky130_fd_sc_hd__dfxtp_2)
                                                         u_core.pe_accum[0][9] (net)
                      0.026344    0.000000    0.219220 ^ _2862_/A (sky130_fd_sc_hd__and2_2)
     1    0.001748    0.021793    0.069837    0.289057 ^ _2862_/X (sky130_fd_sc_hd__and2_2)
                                                         _0292_ (net)
                      0.021793    0.000000    0.289057 ^ _3178_/D (sky130_fd_sc_hd__dfxtp_2)
                                              0.289057   data arrival time

                      0.150000    0.000000    0.000000   clock clk (rise edge)
                                  0.000000    0.000000   clock network delay (ideal)
                                  0.250000    0.250000   clock uncertainty
                                  0.000000    0.250000   clock reconvergence pessimism
                                              0.250000 ^ _3178_/CLK (sky130_fd_sc_hd__dfxtp_2)
                                 -0.013820    0.236180   library hold time
                                              0.236180   data required time
---------------------------------------------------------------------------------------------
                                              0.236180   data required time
                                             -0.289057   data arrival time
---------------------------------------------------------------------------------------------
                                              0.052877   slack (MET)


Startpoint: _3111_ (rising edge-triggered flip-flop clocked by clk)
Endpoint: _3179_ (rising edge-triggered flip-flop clocked by clk)
Path Group: clk
Path Type: min

Fanout         Cap        Slew       Delay        Time   Description
---------------------------------------------------------------------------------------------
                      0.150000    0.000000    0.000000   clock clk (rise edge)
                                  0.000000    0.000000   clock network delay (ideal)
                      0.150000    0.000000    0.000000 ^ _3111_/CLK (sky130_fd_sc_hd__dfxtp_2)
     2    0.004046    0.026344    0.219220    0.219220 ^ _3111_/Q (sky130_fd_sc_hd__dfxtp_2)
                                                         u_core.pe_accum[0][10] (net)
                      0.026344    0.000000    0.219220 ^ _2863_/A (sky130_fd_sc_hd__and2_2)
     1    0.001748    0.021793    0.069837    0.289057 ^ _2863_/X (sky130_fd_sc_hd__and2_2)
                                                         _0293_ (net)
                      0.021793    0.000000    0.289057 ^ _3179_/D (sky130_fd_sc_hd__dfxtp_2)
                                              0.289057   data arrival time

                      0.150000    0.000000    0.000000   clock clk (rise edge)
                                  0.000000    0.000000   clock network delay (ideal)
                                  0.250000    0.250000   clock uncertainty
                                  0.000000    0.250000   clock reconvergence pessimism
                                              0.250000 ^ _3179_/CLK (sky130_fd_sc_hd__dfxtp_2)
                                 -0.013820    0.236180   library hold time
                                              0.236180   data required time
---------------------------------------------------------------------------------------------
                                              0.236180   data required time
                                             -0.289057   data arrival time
---------------------------------------------------------------------------------------------
                                              0.052877   slack (MET)


Startpoint: _3112_ (rising edge-triggered flip-flop clocked by clk)
Endpoint: _3180_ (rising edge-triggered flip-flop clocked by clk)
Path Group: clk
Path Type: min

Fanout         Cap        Slew       Delay        Time   Description
---------------------------------------------------------------------------------------------
                      0.150000    0.000000    0.000000   clock clk (rise edge)
                                  0.000000    0.000000   clock network delay (ideal)
                      0.150000    0.000000    0.000000 ^ _3112_/CLK (sky130_fd_sc_hd__dfxtp_2)
     2    0.004046    0.026344    0.219220    0.219220 ^ _3112_/Q (sky130_fd_sc_hd__dfxtp_2)
                                                         u_core.pe_accum[0][11] (net)
                      0.026344    0.000000    0.219220 ^ _2864_/A (sky130_fd_sc_hd__and2_2)
     1    0.001748    0.021793    0.069837    0.289057 ^ _2864_/X (sky130_fd_sc_hd__and2_2)
                                                         _0294_ (net)
                      0.021793    0.000000    0.289057 ^ _3180_/D (sky130_fd_sc_hd__dfxtp_2)
                                              0.289057   data arrival time

                      0.150000    0.000000    0.000000   clock clk (rise edge)
                                  0.000000    0.000000   clock network delay (ideal)
                                  0.250000    0.250000   clock uncertainty
                                  0.000000    0.250000   clock reconvergence pessimism
                                              0.250000 ^ _3180_/CLK (sky130_fd_sc_hd__dfxtp_2)
                                 -0.013820    0.236180   library hold time
                                              0.236180   data required time
---------------------------------------------------------------------------------------------
                                              0.236180   data required time
                                             -0.289057   data arrival time
---------------------------------------------------------------------------------------------
                                              0.052877   slack (MET)


Startpoint: _3113_ (rising edge-triggered flip-flop clocked by clk)
Endpoint: _3181_ (rising edge-triggered flip-flop clocked by clk)
Path Group: clk
Path Type: min

Fanout         Cap        Slew       Delay        Time   Description
---------------------------------------------------------------------------------------------
                      0.150000    0.000000    0.000000   clock clk (rise edge)
                                  0.000000    0.000000   clock network delay (ideal)
                      0.150000    0.000000    0.000000 ^ _3113_/CLK (sky130_fd_sc_hd__dfxtp_2)
     2    0.004046    0.026344    0.219220    0.219220 ^ _3113_/Q (sky130_fd_sc_hd__dfxtp_2)
                                                         u_core.pe_accum[0][12] (net)
                      0.026344    0.000000    0.219220 ^ _2865_/A (sky130_fd_sc_hd__and2_2)
     1    0.001748    0.021793    0.069837    0.289057 ^ _2865_/X (sky130_fd_sc_hd__and2_2)
                                                         _0295_ (net)
                      0.021793    0.000000    0.289057 ^ _3181_/D (sky130_fd_sc_hd__dfxtp_2)
                                              0.289057   data arrival time

                      0.150000    0.000000    0.000000   clock clk (rise edge)
                                  0.000000    0.000000   clock network delay (ideal)
                                  0.250000    0.250000   clock uncertainty
                                  0.000000    0.250000   clock reconvergence pessimism
                                              0.250000 ^ _3181_/CLK (sky130_fd_sc_hd__dfxtp_2)
                                 -0.013820    0.236180   library hold time
                                              0.236180   data required time
---------------------------------------------------------------------------------------------
                                              0.236180   data required time
                                             -0.289057   data arrival time
---------------------------------------------------------------------------------------------
                                              0.052877   slack (MET)


Startpoint: _3114_ (rising edge-triggered flip-flop clocked by clk)
Endpoint: _3182_ (rising edge-triggered flip-flop clocked by clk)
Path Group: clk
Path Type: min

Fanout         Cap        Slew       Delay        Time   Description
---------------------------------------------------------------------------------------------
                      0.150000    0.000000    0.000000   clock clk (rise edge)
                                  0.000000    0.000000   clock network delay (ideal)
                      0.150000    0.000000    0.000000 ^ _3114_/CLK (sky130_fd_sc_hd__dfxtp_2)
     2    0.004046    0.026344    0.219220    0.219220 ^ _3114_/Q (sky130_fd_sc_hd__dfxtp_2)
                                                         u_core.pe_accum[0][13] (net)
                      0.026344    0.000000    0.219220 ^ _2866_/A (sky130_fd_sc_hd__and2_2)
     1    0.001748    0.021793    0.069837    0.289057 ^ _2866_/X (sky130_fd_sc_hd__and2_2)
                                                         _0296_ (net)
                      0.021793    0.000000    0.289057 ^ _3182_/D (sky130_fd_sc_hd__dfxtp_2)
                                              0.289057   data arrival time

                      0.150000    0.000000    0.000000   clock clk (rise edge)
                                  0.000000    0.000000   clock network delay (ideal)
                                  0.250000    0.250000   clock uncertainty
                                  0.000000    0.250000   clock reconvergence pessimism
                                              0.250000 ^ _3182_/CLK (sky130_fd_sc_hd__dfxtp_2)
                                 -0.013820    0.236180   library hold time
                                              0.236180   data required time
---------------------------------------------------------------------------------------------
                                              0.236180   data required time
                                             -0.289057   data arrival time
---------------------------------------------------------------------------------------------
                                              0.052877   slack (MET)


Startpoint: _3115_ (rising edge-triggered flip-flop clocked by clk)
Endpoint: _3183_ (rising edge-triggered flip-flop clocked by clk)
Path Group: clk
Path Type: min

Fanout         Cap        Slew       Delay        Time   Description
---------------------------------------------------------------------------------------------
                      0.150000    0.000000    0.000000   clock clk (rise edge)
                                  0.000000    0.000000   clock network delay (ideal)
                      0.150000    0.000000    0.000000 ^ _3115_/CLK (sky130_fd_sc_hd__dfxtp_2)
     2    0.004046    0.026344    0.219220    0.219220 ^ _3115_/Q (sky130_fd_sc_hd__dfxtp_2)
                                                         u_core.pe_accum[0][14] (net)
                      0.026344    0.000000    0.219220 ^ _2867_/A (sky130_fd_sc_hd__and2_2)
     1    0.001748    0.021793    0.069837    0.289057 ^ _2867_/X (sky130_fd_sc_hd__and2_2)
                                                         _0297_ (net)
                      0.021793    0.000000    0.289057 ^ _3183_/D (sky130_fd_sc_hd__dfxtp_2)
                                              0.289057   data arrival time

                      0.150000    0.000000    0.000000   clock clk (rise edge)
                                  0.000000    0.000000   clock network delay (ideal)
                                  0.250000    0.250000   clock uncertainty
                                  0.000000    0.250000   clock reconvergence pessimism
                                              0.250000 ^ _3183_/CLK (sky130_fd_sc_hd__dfxtp_2)
                                 -0.013820    0.236180   library hold time
                                              0.236180   data required time
---------------------------------------------------------------------------------------------
                                              0.236180   data required time
                                             -0.289057   data arrival time
---------------------------------------------------------------------------------------------
                                              0.052877   slack (MET)


Startpoint: _3116_ (rising edge-triggered flip-flop clocked by clk)
Endpoint: _3184_ (rising edge-triggered flip-flop clocked by clk)
Path Group: clk
Path Type: min

Fanout         Cap        Slew       Delay        Time   Description
---------------------------------------------------------------------------------------------
                      0.150000    0.000000    0.000000   clock clk (rise edge)
                                  0.000000    0.000000   clock network delay (ideal)
                      0.150000    0.000000    0.000000 ^ _3116_/CLK (sky130_fd_sc_hd__dfxtp_2)
     2    0.004046    0.026344    0.219220    0.219220 ^ _3116_/Q (sky130_fd_sc_hd__dfxtp_2)
                                                         u_core.pe_accum[0][15] (net)
                      0.026344    0.000000    0.219220 ^ _2868_/A (sky130_fd_sc_hd__and2_2)
     1    0.001748    0.021793    0.069837    0.289057 ^ _2868_/X (sky130_fd_sc_hd__and2_2)
                                                         _0298_ (net)
                      0.021793    0.000000    0.289057 ^ _3184_/D (sky130_fd_sc_hd__dfxtp_2)
                                              0.289057   data arrival time

                      0.150000    0.000000    0.000000   clock clk (rise edge)
                                  0.000000    0.000000   clock network delay (ideal)
                                  0.250000    0.250000   clock uncertainty
                                  0.000000    0.250000   clock reconvergence pessimism
                                              0.250000 ^ _3184_/CLK (sky130_fd_sc_hd__dfxtp_2)
                                 -0.013820    0.236180   library hold time
                                              0.236180   data required time
---------------------------------------------------------------------------------------------
                                              0.236180   data required time
                                             -0.289057   data arrival time
---------------------------------------------------------------------------------------------
                                              0.052877   slack (MET)


Startpoint: _3117_ (rising edge-triggered flip-flop clocked by clk)
Endpoint: _3185_ (rising edge-triggered flip-flop clocked by clk)
Path Group: clk
Path Type: min

Fanout         Cap        Slew       Delay        Time   Description
---------------------------------------------------------------------------------------------
                      0.150000    0.000000    0.000000   clock clk (rise edge)
                                  0.000000    0.000000   clock network delay (ideal)
                      0.150000    0.000000    0.000000 ^ _3117_/CLK (sky130_fd_sc_hd__dfxtp_2)
     2    0.004046    0.026344    0.219220    0.219220 ^ _3117_/Q (sky130_fd_sc_hd__dfxtp_2)
                                                         u_core.pe_accum[0][16] (net)
                      0.026344    0.000000    0.219220 ^ _2869_/A (sky130_fd_sc_hd__and2_2)
     1    0.001748    0.021793    0.069837    0.289057 ^ _2869_/X (sky130_fd_sc_hd__and2_2)
                                                         _0299_ (net)
                      0.021793    0.000000    0.289057 ^ _3185_/D (sky130_fd_sc_hd__dfxtp_2)
                                              0.289057   data arrival time

                      0.150000    0.000000    0.000000   clock clk (rise edge)
                                  0.000000    0.000000   clock network delay (ideal)
                                  0.250000    0.250000   clock uncertainty
                                  0.000000    0.250000   clock reconvergence pessimism
                                              0.250000 ^ _3185_/CLK (sky130_fd_sc_hd__dfxtp_2)
                                 -0.013820    0.236180   library hold time
                                              0.236180   data required time
---------------------------------------------------------------------------------------------
                                              0.236180   data required time
                                             -0.289057   data arrival time
---------------------------------------------------------------------------------------------
                                              0.052877   slack (MET)


Startpoint: _3118_ (rising edge-triggered flip-flop clocked by clk)
Endpoint: _3186_ (rising edge-triggered flip-flop clocked by clk)
Path Group: clk
Path Type: min

Fanout         Cap        Slew       Delay        Time   Description
---------------------------------------------------------------------------------------------
                      0.150000    0.000000    0.000000   clock clk (rise edge)
                                  0.000000    0.000000   clock network delay (ideal)
                      0.150000    0.000000    0.000000 ^ _3118_/CLK (sky130_fd_sc_hd__dfxtp_2)
     2    0.004046    0.026344    0.219220    0.219220 ^ _3118_/Q (sky130_fd_sc_hd__dfxtp_2)
                                                         u_core.pe_accum[0][17] (net)
                      0.026344    0.000000    0.219220 ^ _2870_/A (sky130_fd_sc_hd__and2_2)
     1    0.001748    0.021793    0.069837    0.289057 ^ _2870_/X (sky130_fd_sc_hd__and2_2)
                                                         _0300_ (net)
                      0.021793    0.000000    0.289057 ^ _3186_/D (sky130_fd_sc_hd__dfxtp_2)
                                              0.289057   data arrival time

                      0.150000    0.000000    0.000000   clock clk (rise edge)
                                  0.000000    0.000000   clock network delay (ideal)
                                  0.250000    0.250000   clock uncertainty
                                  0.000000    0.250000   clock reconvergence pessimism
                                              0.250000 ^ _3186_/CLK (sky130_fd_sc_hd__dfxtp_2)
                                 -0.013820    0.236180   library hold time
                                              0.236180   data required time
---------------------------------------------------------------------------------------------
                                              0.236180   data required time
                                             -0.289057   data arrival time
---------------------------------------------------------------------------------------------
                                              0.052877   slack (MET)


Startpoint: _3119_ (rising edge-triggered flip-flop clocked by clk)
Endpoint: _3187_ (rising edge-triggered flip-flop clocked by clk)
Path Group: clk
Path Type: min

Fanout         Cap        Slew       Delay        Time   Description
---------------------------------------------------------------------------------------------
                      0.150000    0.000000    0.000000   clock clk (rise edge)
                                  0.000000    0.000000   clock network delay (ideal)
                      0.150000    0.000000    0.000000 ^ _3119_/CLK (sky130_fd_sc_hd__dfxtp_2)
     2    0.004046    0.026344    0.219220    0.219220 ^ _3119_/Q (sky130_fd_sc_hd__dfxtp_2)
                                                         u_core.pe_accum[0][18] (net)
                      0.026344    0.000000    0.219220 ^ _2871_/A (sky130_fd_sc_hd__and2_2)
     1    0.001748    0.021793    0.069837    0.289057 ^ _2871_/X (sky130_fd_sc_hd__and2_2)
                                                         _0301_ (net)
                      0.021793    0.000000    0.289057 ^ _3187_/D (sky130_fd_sc_hd__dfxtp_2)
                                              0.289057   data arrival time

                      0.150000    0.000000    0.000000   clock clk (rise edge)
                                  0.000000    0.000000   clock network delay (ideal)
                                  0.250000    0.250000   clock uncertainty
                                  0.000000    0.250000   clock reconvergence pessimism
                                              0.250000 ^ _3187_/CLK (sky130_fd_sc_hd__dfxtp_2)
                                 -0.013820    0.236180   library hold time
                                              0.236180   data required time
---------------------------------------------------------------------------------------------
                                              0.236180   data required time
                                             -0.289057   data arrival time
---------------------------------------------------------------------------------------------
                                              0.052877   slack (MET)


Startpoint: _3120_ (rising edge-triggered flip-flop clocked by clk)
Endpoint: _3188_ (rising edge-triggered flip-flop clocked by clk)
Path Group: clk
Path Type: min

Fanout         Cap        Slew       Delay        Time   Description
---------------------------------------------------------------------------------------------
                      0.150000    0.000000    0.000000   clock clk (rise edge)
                                  0.000000    0.000000   clock network delay (ideal)
                      0.150000    0.000000    0.000000 ^ _3120_/CLK (sky130_fd_sc_hd__dfxtp_2)
     2    0.004046    0.026344    0.219220    0.219220 ^ _3120_/Q (sky130_fd_sc_hd__dfxtp_2)
                                                         u_core.pe_accum[0][19] (net)
                      0.026344    0.000000    0.219220 ^ _2872_/A (sky130_fd_sc_hd__and2_2)
     1    0.001748    0.021793    0.069837    0.289057 ^ _2872_/X (sky130_fd_sc_hd__and2_2)
                                                         _0302_ (net)
                      0.021793    0.000000    0.289057 ^ _3188_/D (sky130_fd_sc_hd__dfxtp_2)
                                              0.289057   data arrival time

                      0.150000    0.000000    0.000000   clock clk (rise edge)
                                  0.000000    0.000000   clock network delay (ideal)
                                  0.250000    0.250000   clock uncertainty
                                  0.000000    0.250000   clock reconvergence pessimism
                                              0.250000 ^ _3188_/CLK (sky130_fd_sc_hd__dfxtp_2)
                                 -0.013820    0.236180   library hold time
                                              0.236180   data required time
---------------------------------------------------------------------------------------------
                                              0.236180   data required time
                                             -0.289057   data arrival time
---------------------------------------------------------------------------------------------
                                              0.052877   slack (MET)


Startpoint: _3121_ (rising edge-triggered flip-flop clocked by clk)
Endpoint: _3189_ (rising edge-triggered flip-flop clocked by clk)
Path Group: clk
Path Type: min

Fanout         Cap        Slew       Delay        Time   Description
---------------------------------------------------------------------------------------------
                      0.150000    0.000000    0.000000   clock clk (rise edge)
                                  0.000000    0.000000   clock network delay (ideal)
                      0.150000    0.000000    0.000000 ^ _3121_/CLK (sky130_fd_sc_hd__dfxtp_2)
     2    0.004046    0.026344    0.219220    0.219220 ^ _3121_/Q (sky130_fd_sc_hd__dfxtp_2)
                                                         u_core.pe_accum[0][20] (net)
                      0.026344    0.000000    0.219220 ^ _2873_/A (sky130_fd_sc_hd__and2_2)
     1    0.001748    0.021793    0.069837    0.289057 ^ _2873_/X (sky130_fd_sc_hd__and2_2)
                                                         _0303_ (net)
                      0.021793    0.000000    0.289057 ^ _3189_/D (sky130_fd_sc_hd__dfxtp_2)
                                              0.289057   data arrival time

                      0.150000    0.000000    0.000000   clock clk (rise edge)
                                  0.000000    0.000000   clock network delay (ideal)
                                  0.250000    0.250000   clock uncertainty
                                  0.000000    0.250000   clock reconvergence pessimism
                                              0.250000 ^ _3189_/CLK (sky130_fd_sc_hd__dfxtp_2)
                                 -0.013820    0.236180   library hold time
                                              0.236180   data required time
---------------------------------------------------------------------------------------------
                                              0.236180   data required time
                                             -0.289057   data arrival time
---------------------------------------------------------------------------------------------
                                              0.052877   slack (MET)


Startpoint: _3122_ (rising edge-triggered flip-flop clocked by clk)
Endpoint: _3190_ (rising edge-triggered flip-flop clocked by clk)
Path Group: clk
Path Type: min

Fanout         Cap        Slew       Delay        Time   Description
---------------------------------------------------------------------------------------------
                      0.150000    0.000000    0.000000   clock clk (rise edge)
                                  0.000000    0.000000   clock network delay (ideal)
                      0.150000    0.000000    0.000000 ^ _3122_/CLK (sky130_fd_sc_hd__dfxtp_2)
     2    0.004046    0.026344    0.219220    0.219220 ^ _3122_/Q (sky130_fd_sc_hd__dfxtp_2)
                                                         u_core.pe_accum[0][21] (net)
                      0.026344    0.000000    0.219220 ^ _2874_/A (sky130_fd_sc_hd__and2_2)
     1    0.001748    0.021793    0.069837    0.289057 ^ _2874_/X (sky130_fd_sc_hd__and2_2)
                                                         _0304_ (net)
                      0.021793    0.000000    0.289057 ^ _3190_/D (sky130_fd_sc_hd__dfxtp_2)
                                              0.289057   data arrival time

                      0.150000    0.000000    0.000000   clock clk (rise edge)
                                  0.000000    0.000000   clock network delay (ideal)
                                  0.250000    0.250000   clock uncertainty
                                  0.000000    0.250000   clock reconvergence pessimism
                                              0.250000 ^ _3190_/CLK (sky130_fd_sc_hd__dfxtp_2)
                                 -0.013820    0.236180   library hold time
                                              0.236180   data required time
---------------------------------------------------------------------------------------------
                                              0.236180   data required time
                                             -0.289057   data arrival time
---------------------------------------------------------------------------------------------
                                              0.052877   slack (MET)


Startpoint: _3123_ (rising edge-triggered flip-flop clocked by clk)
Endpoint: _3191_ (rising edge-triggered flip-flop clocked by clk)
Path Group: clk
Path Type: min

Fanout         Cap        Slew       Delay        Time   Description
---------------------------------------------------------------------------------------------
                      0.150000    0.000000    0.000000   clock clk (rise edge)
                                  0.000000    0.000000   clock network delay (ideal)
                      0.150000    0.000000    0.000000 ^ _3123_/CLK (sky130_fd_sc_hd__dfxtp_2)
     2    0.004046    0.026344    0.219220    0.219220 ^ _3123_/Q (sky130_fd_sc_hd__dfxtp_2)
                                                         u_core.pe_accum[0][22] (net)
                      0.026344    0.000000    0.219220 ^ _2875_/A (sky130_fd_sc_hd__and2_2)
     1    0.001748    0.021793    0.069837    0.289057 ^ _2875_/X (sky130_fd_sc_hd__and2_2)
                                                         _0305_ (net)
                      0.021793    0.000000    0.289057 ^ _3191_/D (sky130_fd_sc_hd__dfxtp_2)
                                              0.289057   data arrival time

                      0.150000    0.000000    0.000000   clock clk (rise edge)
                                  0.000000    0.000000   clock network delay (ideal)
                                  0.250000    0.250000   clock uncertainty
                                  0.000000    0.250000   clock reconvergence pessimism
                                              0.250000 ^ _3191_/CLK (sky130_fd_sc_hd__dfxtp_2)
                                 -0.013820    0.236180   library hold time
                                              0.236180   data required time
---------------------------------------------------------------------------------------------
                                              0.236180   data required time
                                             -0.289057   data arrival time
---------------------------------------------------------------------------------------------
                                              0.052877   slack (MET)


Startpoint: _3124_ (rising edge-triggered flip-flop clocked by clk)
Endpoint: _3192_ (rising edge-triggered flip-flop clocked by clk)
Path Group: clk
Path Type: min

Fanout         Cap        Slew       Delay        Time   Description
---------------------------------------------------------------------------------------------
                      0.150000    0.000000    0.000000   clock clk (rise edge)
                                  0.000000    0.000000   clock network delay (ideal)
                      0.150000    0.000000    0.000000 ^ _3124_/CLK (sky130_fd_sc_hd__dfxtp_2)
     2    0.004046    0.026344    0.219220    0.219220 ^ _3124_/Q (sky130_fd_sc_hd__dfxtp_2)
                                                         u_core.pe_accum[0][23] (net)
                      0.026344    0.000000    0.219220 ^ _2876_/A (sky130_fd_sc_hd__and2_2)
     1    0.001748    0.021793    0.069837    0.289057 ^ _2876_/X (sky130_fd_sc_hd__and2_2)
                                                         _0306_ (net)
                      0.021793    0.000000    0.289057 ^ _3192_/D (sky130_fd_sc_hd__dfxtp_2)
                                              0.289057   data arrival time

                      0.150000    0.000000    0.000000   clock clk (rise edge)
                                  0.000000    0.000000   clock network delay (ideal)
                                  0.250000    0.250000   clock uncertainty
                                  0.000000    0.250000   clock reconvergence pessimism
                                              0.250000 ^ _3192_/CLK (sky130_fd_sc_hd__dfxtp_2)
                                 -0.013820    0.236180   library hold time
                                              0.236180   data required time
---------------------------------------------------------------------------------------------
                                              0.236180   data required time
                                             -0.289057   data arrival time
---------------------------------------------------------------------------------------------
                                              0.052877   slack (MET)


Startpoint: _3125_ (rising edge-triggered flip-flop clocked by clk)
Endpoint: _3193_ (rising edge-triggered flip-flop clocked by clk)
Path Group: clk
Path Type: min

Fanout         Cap        Slew       Delay        Time   Description
---------------------------------------------------------------------------------------------
                      0.150000    0.000000    0.000000   clock clk (rise edge)
                                  0.000000    0.000000   clock network delay (ideal)
                      0.150000    0.000000    0.000000 ^ _3125_/CLK (sky130_fd_sc_hd__dfxtp_2)
     2    0.004046    0.026344    0.219220    0.219220 ^ _3125_/Q (sky130_fd_sc_hd__dfxtp_2)
                                                         u_core.pe_accum[0][24] (net)
                      0.026344    0.000000    0.219220 ^ _2877_/A (sky130_fd_sc_hd__and2_2)
     1    0.001748    0.021793    0.069837    0.289057 ^ _2877_/X (sky130_fd_sc_hd__and2_2)
                                                         _0307_ (net)
                      0.021793    0.000000    0.289057 ^ _3193_/D (sky130_fd_sc_hd__dfxtp_2)
                                              0.289057   data arrival time

                      0.150000    0.000000    0.000000   clock clk (rise edge)
                                  0.000000    0.000000   clock network delay (ideal)
                                  0.250000    0.250000   clock uncertainty
                                  0.000000    0.250000   clock reconvergence pessimism
                                              0.250000 ^ _3193_/CLK (sky130_fd_sc_hd__dfxtp_2)
                                 -0.013820    0.236180   library hold time
                                              0.236180   data required time
---------------------------------------------------------------------------------------------
                                              0.236180   data required time
                                             -0.289057   data arrival time
---------------------------------------------------------------------------------------------
                                              0.052877   slack (MET)


Startpoint: _3126_ (rising edge-triggered flip-flop clocked by clk)
Endpoint: _3194_ (rising edge-triggered flip-flop clocked by clk)
Path Group: clk
Path Type: min

Fanout         Cap        Slew       Delay        Time   Description
---------------------------------------------------------------------------------------------
                      0.150000    0.000000    0.000000   clock clk (rise edge)
                                  0.000000    0.000000   clock network delay (ideal)
                      0.150000    0.000000    0.000000 ^ _3126_/CLK (sky130_fd_sc_hd__dfxtp_2)
     2    0.004046    0.026344    0.219220    0.219220 ^ _3126_/Q (sky130_fd_sc_hd__dfxtp_2)
                                                         u_core.pe_accum[0][25] (net)
                      0.026344    0.000000    0.219220 ^ _2878_/A (sky130_fd_sc_hd__and2_2)
     1    0.001748    0.021793    0.069837    0.289057 ^ _2878_/X (sky130_fd_sc_hd__and2_2)
                                                         _0308_ (net)
                      0.021793    0.000000    0.289057 ^ _3194_/D (sky130_fd_sc_hd__dfxtp_2)
                                              0.289057   data arrival time

                      0.150000    0.000000    0.000000   clock clk (rise edge)
                                  0.000000    0.000000   clock network delay (ideal)
                                  0.250000    0.250000   clock uncertainty
                                  0.000000    0.250000   clock reconvergence pessimism
                                              0.250000 ^ _3194_/CLK (sky130_fd_sc_hd__dfxtp_2)
                                 -0.013820    0.236180   library hold time
                                              0.236180   data required time
---------------------------------------------------------------------------------------------
                                              0.236180   data required time
                                             -0.289057   data arrival time
---------------------------------------------------------------------------------------------
                                              0.052877   slack (MET)


Startpoint: _3127_ (rising edge-triggered flip-flop clocked by clk)
Endpoint: _3195_ (rising edge-triggered flip-flop clocked by clk)
Path Group: clk
Path Type: min

Fanout         Cap        Slew       Delay        Time   Description
---------------------------------------------------------------------------------------------
                      0.150000    0.000000    0.000000   clock clk (rise edge)
                                  0.000000    0.000000   clock network delay (ideal)
                      0.150000    0.000000    0.000000 ^ _3127_/CLK (sky130_fd_sc_hd__dfxtp_2)
     2    0.004046    0.026344    0.219220    0.219220 ^ _3127_/Q (sky130_fd_sc_hd__dfxtp_2)
                                                         u_core.pe_accum[0][26] (net)
                      0.026344    0.000000    0.219220 ^ _2879_/A (sky130_fd_sc_hd__and2_2)
     1    0.001748    0.021793    0.069837    0.289057 ^ _2879_/X (sky130_fd_sc_hd__and2_2)
                                                         _0309_ (net)
                      0.021793    0.000000    0.289057 ^ _3195_/D (sky130_fd_sc_hd__dfxtp_2)
                                              0.289057   data arrival time

                      0.150000    0.000000    0.000000   clock clk (rise edge)
                                  0.000000    0.000000   clock network delay (ideal)
                                  0.250000    0.250000   clock uncertainty
                                  0.000000    0.250000   clock reconvergence pessimism
                                              0.250000 ^ _3195_/CLK (sky130_fd_sc_hd__dfxtp_2)
                                 -0.013820    0.236180   library hold time
                                              0.236180   data required time
---------------------------------------------------------------------------------------------
                                              0.236180   data required time
                                             -0.289057   data arrival time
---------------------------------------------------------------------------------------------
                                              0.052877   slack (MET)


Startpoint: _3128_ (rising edge-triggered flip-flop clocked by clk)
Endpoint: _3196_ (rising edge-triggered flip-flop clocked by clk)
Path Group: clk
Path Type: min

Fanout         Cap        Slew       Delay        Time   Description
---------------------------------------------------------------------------------------------
                      0.150000    0.000000    0.000000   clock clk (rise edge)
                                  0.000000    0.000000   clock network delay (ideal)
                      0.150000    0.000000    0.000000 ^ _3128_/CLK (sky130_fd_sc_hd__dfxtp_2)
     2    0.004046    0.026344    0.219220    0.219220 ^ _3128_/Q (sky130_fd_sc_hd__dfxtp_2)
                                                         u_core.pe_accum[0][27] (net)
                      0.026344    0.000000    0.219220 ^ _2880_/A (sky130_fd_sc_hd__and2_2)
     1    0.001748    0.021793    0.069837    0.289057 ^ _2880_/X (sky130_fd_sc_hd__and2_2)
                                                         _0310_ (net)
                      0.021793    0.000000    0.289057 ^ _3196_/D (sky130_fd_sc_hd__dfxtp_2)
                                              0.289057   data arrival time

                      0.150000    0.000000    0.000000   clock clk (rise edge)
                                  0.000000    0.000000   clock network delay (ideal)
                                  0.250000    0.250000   clock uncertainty
                                  0.000000    0.250000   clock reconvergence pessimism
                                              0.250000 ^ _3196_/CLK (sky130_fd_sc_hd__dfxtp_2)
                                 -0.013820    0.236180   library hold time
                                              0.236180   data required time
---------------------------------------------------------------------------------------------
                                              0.236180   data required time
                                             -0.289057   data arrival time
---------------------------------------------------------------------------------------------
                                              0.052877   slack (MET)


Startpoint: _3129_ (rising edge-triggered flip-flop clocked by clk)
Endpoint: _3197_ (rising edge-triggered flip-flop clocked by clk)
Path Group: clk
Path Type: min

Fanout         Cap        Slew       Delay        Time   Description
---------------------------------------------------------------------------------------------
                      0.150000    0.000000    0.000000   clock clk (rise edge)
                                  0.000000    0.000000   clock network delay (ideal)
                      0.150000    0.000000    0.000000 ^ _3129_/CLK (sky130_fd_sc_hd__dfxtp_2)
     2    0.004046    0.026344    0.219220    0.219220 ^ _3129_/Q (sky130_fd_sc_hd__dfxtp_2)
                                                         u_core.pe_accum[0][28] (net)
                      0.026344    0.000000    0.219220 ^ _2881_/A (sky130_fd_sc_hd__and2_2)
     1    0.001748    0.021793    0.069837    0.289057 ^ _2881_/X (sky130_fd_sc_hd__and2_2)
                                                         _0311_ (net)
                      0.021793    0.000000    0.289057 ^ _3197_/D (sky130_fd_sc_hd__dfxtp_2)
                                              0.289057   data arrival time

                      0.150000    0.000000    0.000000   clock clk (rise edge)
                                  0.000000    0.000000   clock network delay (ideal)
                                  0.250000    0.250000   clock uncertainty
                                  0.000000    0.250000   clock reconvergence pessimism
                                              0.250000 ^ _3197_/CLK (sky130_fd_sc_hd__dfxtp_2)
                                 -0.013820    0.236180   library hold time
                                              0.236180   data required time
---------------------------------------------------------------------------------------------
                                              0.236180   data required time
                                             -0.289057   data arrival time
---------------------------------------------------------------------------------------------
                                              0.052877   slack (MET)


Startpoint: _3130_ (rising edge-triggered flip-flop clocked by clk)
Endpoint: _3198_ (rising edge-triggered flip-flop clocked by clk)
Path Group: clk
Path Type: min

Fanout         Cap        Slew       Delay        Time   Description
---------------------------------------------------------------------------------------------
                      0.150000    0.000000    0.000000   clock clk (rise edge)
                                  0.000000    0.000000   clock network delay (ideal)
                      0.150000    0.000000    0.000000 ^ _3130_/CLK (sky130_fd_sc_hd__dfxtp_2)
     2    0.004046    0.026344    0.219220    0.219220 ^ _3130_/Q (sky130_fd_sc_hd__dfxtp_2)
                                                         u_core.pe_accum[0][29] (net)
                      0.026344    0.000000    0.219220 ^ _2882_/A (sky130_fd_sc_hd__and2_2)
     1    0.001748    0.021793    0.069837    0.289057 ^ _2882_/X (sky130_fd_sc_hd__and2_2)
                                                         _0312_ (net)
                      0.021793    0.000000    0.289057 ^ _3198_/D (sky130_fd_sc_hd__dfxtp_2)
                                              0.289057   data arrival time

                      0.150000    0.000000    0.000000   clock clk (rise edge)
                                  0.000000    0.000000   clock network delay (ideal)
                                  0.250000    0.250000   clock uncertainty
                                  0.000000    0.250000   clock reconvergence pessimism
                                              0.250000 ^ _3198_/CLK (sky130_fd_sc_hd__dfxtp_2)
                                 -0.013820    0.236180   library hold time
                                              0.236180   data required time
---------------------------------------------------------------------------------------------
                                              0.236180   data required time
                                             -0.289057   data arrival time
---------------------------------------------------------------------------------------------
                                              0.052877   slack (MET)


Startpoint: _3131_ (rising edge-triggered flip-flop clocked by clk)
Endpoint: _3199_ (rising edge-triggered flip-flop clocked by clk)
Path Group: clk
Path Type: min

Fanout         Cap        Slew       Delay        Time   Description
---------------------------------------------------------------------------------------------
                      0.150000    0.000000    0.000000   clock clk (rise edge)
                                  0.000000    0.000000   clock network delay (ideal)
                      0.150000    0.000000    0.000000 ^ _3131_/CLK (sky130_fd_sc_hd__dfxtp_2)
     2    0.004046    0.026344    0.219220    0.219220 ^ _3131_/Q (sky130_fd_sc_hd__dfxtp_2)
                                                         u_core.pe_accum[0][30] (net)
                      0.026344    0.000000    0.219220 ^ _2883_/A (sky130_fd_sc_hd__and2_2)
     1    0.001748    0.021793    0.069837    0.289057 ^ _2883_/X (sky130_fd_sc_hd__and2_2)
                                                         _0313_ (net)
                      0.021793    0.000000    0.289057 ^ _3199_/D (sky130_fd_sc_hd__dfxtp_2)
                                              0.289057   data arrival time

                      0.150000    0.000000    0.000000   clock clk (rise edge)
                                  0.000000    0.000000   clock network delay (ideal)
                                  0.250000    0.250000   clock uncertainty
                                  0.000000    0.250000   clock reconvergence pessimism
                                              0.250000 ^ _3199_/CLK (sky130_fd_sc_hd__dfxtp_2)
                                 -0.013820    0.236180   library hold time
                                              0.236180   data required time
---------------------------------------------------------------------------------------------
                                              0.236180   data required time
                                             -0.289057   data arrival time
---------------------------------------------------------------------------------------------
                                              0.052877   slack (MET)


Startpoint: _3132_ (rising edge-triggered flip-flop clocked by clk)
Endpoint: _3200_ (rising edge-triggered flip-flop clocked by clk)
Path Group: clk
Path Type: min

Fanout         Cap        Slew       Delay        Time   Description
---------------------------------------------------------------------------------------------
                      0.150000    0.000000    0.000000   clock clk (rise edge)
                                  0.000000    0.000000   clock network delay (ideal)
                      0.150000    0.000000    0.000000 ^ _3132_/CLK (sky130_fd_sc_hd__dfxtp_2)
     2    0.004087    0.026475    0.219351    0.219351 ^ _3132_/Q (sky130_fd_sc_hd__dfxtp_2)
                                                         u_core.pe_accum[0][31] (net)
                      0.026475    0.000000    0.219351 ^ _2884_/A (sky130_fd_sc_hd__and2_2)
     1    0.001748    0.021793    0.069874    0.289224 ^ _2884_/X (sky130_fd_sc_hd__and2_2)
                                                         _0314_ (net)
                      0.021793    0.000000    0.289224 ^ _3200_/D (sky130_fd_sc_hd__dfxtp_2)
                                              0.289224   data arrival time

                      0.150000    0.000000    0.000000   clock clk (rise edge)
                                  0.000000    0.000000   clock network delay (ideal)
                                  0.250000    0.250000   clock uncertainty
                                  0.000000    0.250000   clock reconvergence pessimism
                                              0.250000 ^ _3200_/CLK (sky130_fd_sc_hd__dfxtp_2)
                                 -0.013820    0.236180   library hold time
                                              0.236180   data required time
---------------------------------------------------------------------------------------------
                                              0.236180   data required time
                                             -0.289224   data arrival time
---------------------------------------------------------------------------------------------
                                              0.053044   slack (MET)


Startpoint: _3101_ (rising edge-triggered flip-flop clocked by clk)
Endpoint: _3169_ (rising edge-triggered flip-flop clocked by clk)
Path Group: clk
Path Type: min

Fanout         Cap        Slew       Delay        Time   Description
---------------------------------------------------------------------------------------------
                      0.150000    0.000000    0.000000   clock clk (rise edge)
                                  0.000000    0.000000   clock network delay (ideal)
                      0.150000    0.000000    0.000000 ^ _3101_/CLK (sky130_fd_sc_hd__dfxtp_2)
     2    0.004095    0.026500    0.219376    0.219376 ^ _3101_/Q (sky130_fd_sc_hd__dfxtp_2)
                                                         u_core.pe_accum[0][0] (net)
                      0.026500    0.000000    0.219376 ^ _2853_/A (sky130_fd_sc_hd__and2_2)
     1    0.001748    0.021793    0.069881    0.289257 ^ _2853_/X (sky130_fd_sc_hd__and2_2)
                                                         _0283_ (net)
                      0.021793    0.000000    0.289257 ^ _3169_/D (sky130_fd_sc_hd__dfxtp_2)
                                              0.289257   data arrival time

                      0.150000    0.000000    0.000000   clock clk (rise edge)
                                  0.000000    0.000000   clock network delay (ideal)
                                  0.250000    0.250000   clock uncertainty
                                  0.000000    0.250000   clock reconvergence pessimism
                                              0.250000 ^ _3169_/CLK (sky130_fd_sc_hd__dfxtp_2)
                                 -0.013820    0.236180   library hold time
                                              0.236180   data required time
---------------------------------------------------------------------------------------------
                                              0.236180   data required time
                                             -0.289257   data arrival time
---------------------------------------------------------------------------------------------
                                              0.053077   slack (MET)


Startpoint: _3040_ (rising edge-triggered flip-flop clocked by clk)
Endpoint: _3000_ (rising edge-triggered flip-flop clocked by clk)
Path Group: clk
Path Type: min

Fanout         Cap        Slew       Delay        Time   Description
---------------------------------------------------------------------------------------------
                      0.150000    0.000000    0.000000   clock clk (rise edge)
                                  0.000000    0.000000   clock network delay (ideal)
                      0.150000    0.000000    0.000000 ^ _3040_/CLK (sky130_fd_sc_hd__dfxtp_2)
     3    0.005223    0.030246    0.222680    0.222680 ^ _3040_/Q (sky130_fd_sc_hd__dfxtp_2)
                                                         u_intf.u_slave.reg_weight[5] (net)
                      0.030246    0.000000    0.222680 ^ _1743_/A (sky130_fd_sc_hd__and2_2)
     1    0.001748    0.021790    0.070925    0.293604 ^ _1743_/X (sky130_fd_sc_hd__and2_2)
                                                         _0114_ (net)
                      0.021790    0.000000    0.293604 ^ _3000_/D (sky130_fd_sc_hd__dfxtp_2)
                                              0.293604   data arrival time

                      0.150000    0.000000    0.000000   clock clk (rise edge)
                                  0.000000    0.000000   clock network delay (ideal)
                                  0.250000    0.250000   clock uncertainty
                                  0.000000    0.250000   clock reconvergence pessimism
                                              0.250000 ^ _3000_/CLK (sky130_fd_sc_hd__dfxtp_2)
                                 -0.013820    0.236180   library hold time
                                              0.236180   data required time
---------------------------------------------------------------------------------------------
                                              0.236180   data required time
                                             -0.293604   data arrival time
---------------------------------------------------------------------------------------------
                                              0.057424   slack (MET)


Startpoint: _3035_ (rising edge-triggered flip-flop clocked by clk)
Endpoint: _2995_ (rising edge-triggered flip-flop clocked by clk)
Path Group: clk
Path Type: min

Fanout         Cap        Slew       Delay        Time   Description
---------------------------------------------------------------------------------------------
                      0.150000    0.000000    0.000000   clock clk (rise edge)
                                  0.000000    0.000000   clock network delay (ideal)
                      0.150000    0.000000    0.000000 ^ _3035_/CLK (sky130_fd_sc_hd__dfxtp_2)
     3    0.005341    0.030653    0.222995    0.222995 ^ _3035_/Q (sky130_fd_sc_hd__dfxtp_2)
                                                         u_intf.u_slave.reg_weight[0] (net)
                      0.030653    0.000000    0.222995 ^ _1738_/A (sky130_fd_sc_hd__and2_2)
     1    0.001748    0.021790    0.071038    0.294033 ^ _1738_/X (sky130_fd_sc_hd__and2_2)
                                                         _0109_ (net)
                      0.021790    0.000000    0.294033 ^ _2995_/D (sky130_fd_sc_hd__dfxtp_2)
                                              0.294033   data arrival time

                      0.150000    0.000000    0.000000   clock clk (rise edge)
                                  0.000000    0.000000   clock network delay (ideal)
                                  0.250000    0.250000   clock uncertainty
                                  0.000000    0.250000   clock reconvergence pessimism
                                              0.250000 ^ _2995_/CLK (sky130_fd_sc_hd__dfxtp_2)
                                 -0.013820    0.236180   library hold time
                                              0.236180   data required time
---------------------------------------------------------------------------------------------
                                              0.236180   data required time
                                             -0.294033   data arrival time
---------------------------------------------------------------------------------------------
                                              0.057853   slack (MET)


Startpoint: _2893_ (rising edge-triggered flip-flop clocked by clk)
Endpoint: _2893_ (rising edge-triggered flip-flop clocked by clk)
Path Group: clk
Path Type: min

Fanout         Cap        Slew       Delay        Time   Description
---------------------------------------------------------------------------------------------
                      0.150000    0.000000    0.000000   clock clk (rise edge)
                                  0.000000    0.000000   clock network delay (ideal)
                      0.150000    0.000000    0.000000 ^ _2893_/CLK (sky130_fd_sc_hd__dfxtp_2)
     3    0.007909    0.039512    0.229861    0.229861 ^ _2893_/Q (sky130_fd_sc_hd__dfxtp_2)
                                                         u_core.weight_addr[0] (net)
                      0.039512    0.000000    0.229861 ^ _1483_/A1 (sky130_fd_sc_hd__a21oi_2)
     1    0.004145    0.021842    0.027860    0.257721 v _1483_/Y (sky130_fd_sc_hd__a21oi_2)
                                                         _1276_ (net)
                      0.021842    0.000000    0.257721 v _1484_/B (sky130_fd_sc_hd__nor2_2)
     1    0.001748    0.036043    0.037289    0.295010 ^ _1484_/Y (sky130_fd_sc_hd__nor2_2)
                                                         _0010_ (net)
                      0.036043    0.000000    0.295010 ^ _2893_/D (sky130_fd_sc_hd__dfxtp_2)
                                              0.295010   data arrival time

                      0.150000    0.000000    0.000000   clock clk (rise edge)
                                  0.000000    0.000000   clock network delay (ideal)
                                  0.250000    0.250000   clock uncertainty
                                  0.000000    0.250000   clock reconvergence pessimism
                                              0.250000 ^ _2893_/CLK (sky130_fd_sc_hd__dfxtp_2)
                                 -0.014811    0.235189   library hold time
                                              0.235189   data required time
---------------------------------------------------------------------------------------------
                                              0.235189   data required time
                                             -0.295010   data arrival time
---------------------------------------------------------------------------------------------
                                              0.059821   slack (MET)


Startpoint: _3010_ (rising edge-triggered flip-flop clocked by clk)
Endpoint: _2956_ (rising edge-triggered flip-flop clocked by clk)
Path Group: clk
Path Type: min

Fanout         Cap        Slew       Delay        Time   Description
---------------------------------------------------------------------------------------------
                      0.150000    0.000000    0.000000   clock clk (rise edge)
                                  0.000000    0.000000   clock network delay (ideal)
                      0.150000    0.000000    0.000000 ^ _3010_/CLK (sky130_fd_sc_hd__dfxtp_2)
     3    0.006113    0.033316    0.225059    0.225059 ^ _3010_/Q (sky130_fd_sc_hd__dfxtp_2)
                                                         u_intf.u_slave.reg_pixel[7] (net)
                      0.033316    0.000000    0.225059 ^ _1597_/A (sky130_fd_sc_hd__and2_2)
     1    0.001748    0.021788    0.071780    0.296839 ^ _1597_/X (sky130_fd_sc_hd__and2_2)
                                                         _0070_ (net)
                      0.021788    0.000000    0.296839 ^ _2956_/D (sky130_fd_sc_hd__dfxtp_2)
                                              0.296839   data arrival time

                      0.150000    0.000000    0.000000   clock clk (rise edge)
                                  0.000000    0.000000   clock network delay (ideal)
                                  0.250000    0.250000   clock uncertainty
                                  0.000000    0.250000   clock reconvergence pessimism
                                              0.250000 ^ _2956_/CLK (sky130_fd_sc_hd__dfxtp_2)
                                 -0.013819    0.236181   library hold time
                                              0.236181   data required time
---------------------------------------------------------------------------------------------
                                              0.236181   data required time
                                             -0.296839   data arrival time
---------------------------------------------------------------------------------------------
                                              0.060659   slack (MET)


Startpoint: _3041_ (rising edge-triggered flip-flop clocked by clk)
Endpoint: _3001_ (rising edge-triggered flip-flop clocked by clk)
Path Group: clk
Path Type: min

Fanout         Cap        Slew       Delay        Time   Description
---------------------------------------------------------------------------------------------
                      0.150000    0.000000    0.000000   clock clk (rise edge)
                                  0.000000    0.000000   clock network delay (ideal)
                      0.150000    0.000000    0.000000 ^ _3041_/CLK (sky130_fd_sc_hd__dfxtp_2)
     3    0.006113    0.033316    0.225059    0.225059 ^ _3041_/Q (sky130_fd_sc_hd__dfxtp_2)
                                                         u_intf.u_slave.reg_weight[6] (net)
                      0.033316    0.000000    0.225059 ^ _1744_/A (sky130_fd_sc_hd__and2_2)
     1    0.001748    0.021788    0.071780    0.296839 ^ _1744_/X (sky130_fd_sc_hd__and2_2)
                                                         _0115_ (net)
                      0.021788    0.000000    0.296839 ^ _3001_/D (sky130_fd_sc_hd__dfxtp_2)
                                              0.296839   data arrival time

                      0.150000    0.000000    0.000000   clock clk (rise edge)
                                  0.000000    0.000000   clock network delay (ideal)
                                  0.250000    0.250000   clock uncertainty
                                  0.000000    0.250000   clock reconvergence pessimism
                                              0.250000 ^ _3001_/CLK (sky130_fd_sc_hd__dfxtp_2)
                                 -0.013819    0.236181   library hold time
                                              0.236181   data required time
---------------------------------------------------------------------------------------------
                                              0.236181   data required time
                                             -0.296839   data arrival time
---------------------------------------------------------------------------------------------
                                              0.060659   slack (MET)


Startpoint: _3008_ (rising edge-triggered flip-flop clocked by clk)
Endpoint: _2954_ (rising edge-triggered flip-flop clocked by clk)
Path Group: clk
Path Type: min

Fanout         Cap        Slew       Delay        Time   Description
---------------------------------------------------------------------------------------------
                      0.150000    0.000000    0.000000   clock clk (rise edge)
                                  0.000000    0.000000   clock network delay (ideal)
                      0.150000    0.000000    0.000000 ^ _3008_/CLK (sky130_fd_sc_hd__dfxtp_2)
     3    0.006133    0.033385    0.225113    0.225113 ^ _3008_/Q (sky130_fd_sc_hd__dfxtp_2)
                                                         u_intf.u_slave.reg_pixel[5] (net)
                      0.033385    0.000000    0.225113 ^ _1595_/A (sky130_fd_sc_hd__and2_2)
     1    0.001748    0.021788    0.071799    0.296912 ^ _1595_/X (sky130_fd_sc_hd__and2_2)
                                                         _0068_ (net)
                      0.021788    0.000000    0.296912 ^ _2954_/D (sky130_fd_sc_hd__dfxtp_2)
                                              0.296912   data arrival time

                      0.150000    0.000000    0.000000   clock clk (rise edge)
                                  0.000000    0.000000   clock network delay (ideal)
                                  0.250000    0.250000   clock uncertainty
                                  0.000000    0.250000   clock reconvergence pessimism
                                              0.250000 ^ _2954_/CLK (sky130_fd_sc_hd__dfxtp_2)
                                 -0.013819    0.236181   library hold time
                                              0.236181   data required time
---------------------------------------------------------------------------------------------
                                              0.236181   data required time
                                             -0.296912   data arrival time
---------------------------------------------------------------------------------------------
                                              0.060731   slack (MET)


Startpoint: _3004_ (rising edge-triggered flip-flop clocked by clk)
Endpoint: _2950_ (rising edge-triggered flip-flop clocked by clk)
Path Group: clk
Path Type: min

Fanout         Cap        Slew       Delay        Time   Description
---------------------------------------------------------------------------------------------
                      0.150000    0.000000    0.000000   clock clk (rise edge)
                                  0.000000    0.000000   clock network delay (ideal)
                      0.150000    0.000000    0.000000 ^ _3004_/CLK (sky130_fd_sc_hd__dfxtp_2)
     3    0.006164    0.033492    0.225196    0.225196 ^ _3004_/Q (sky130_fd_sc_hd__dfxtp_2)
                                                         u_intf.u_slave.reg_pixel[1] (net)
                      0.033492    0.000000    0.225196 ^ _1591_/A (sky130_fd_sc_hd__and2_2)
     1    0.001748    0.021788    0.071829    0.297025 ^ _1591_/X (sky130_fd_sc_hd__and2_2)
                                                         _0064_ (net)
                      0.021788    0.000000    0.297025 ^ _2950_/D (sky130_fd_sc_hd__dfxtp_2)
                                              0.297025   data arrival time

                      0.150000    0.000000    0.000000   clock clk (rise edge)
                                  0.000000    0.000000   clock network delay (ideal)
                                  0.250000    0.250000   clock uncertainty
                                  0.000000    0.250000   clock reconvergence pessimism
                                              0.250000 ^ _2950_/CLK (sky130_fd_sc_hd__dfxtp_2)
                                 -0.013819    0.236181   library hold time
                                              0.236181   data required time
---------------------------------------------------------------------------------------------
                                              0.236181   data required time
                                             -0.297025   data arrival time
---------------------------------------------------------------------------------------------
                                              0.060844   slack (MET)


Startpoint: _3005_ (rising edge-triggered flip-flop clocked by clk)
Endpoint: _2951_ (rising edge-triggered flip-flop clocked by clk)
Path Group: clk
Path Type: min

Fanout         Cap        Slew       Delay        Time   Description
---------------------------------------------------------------------------------------------
                      0.150000    0.000000    0.000000   clock clk (rise edge)
                                  0.000000    0.000000   clock network delay (ideal)
                      0.150000    0.000000    0.000000 ^ _3005_/CLK (sky130_fd_sc_hd__dfxtp_2)
     3    0.006164    0.033492    0.225196    0.225196 ^ _3005_/Q (sky130_fd_sc_hd__dfxtp_2)
                                                         u_intf.u_slave.reg_pixel[2] (net)
                      0.033492    0.000000    0.225196 ^ _1592_/A (sky130_fd_sc_hd__and2_2)
     1    0.001748    0.021788    0.071829    0.297025 ^ _1592_/X (sky130_fd_sc_hd__and2_2)
                                                         _0065_ (net)
                      0.021788    0.000000    0.297025 ^ _2951_/D (sky130_fd_sc_hd__dfxtp_2)
                                              0.297025   data arrival time

                      0.150000    0.000000    0.000000   clock clk (rise edge)
                                  0.000000    0.000000   clock network delay (ideal)
                                  0.250000    0.250000   clock uncertainty
                                  0.000000    0.250000   clock reconvergence pessimism
                                              0.250000 ^ _2951_/CLK (sky130_fd_sc_hd__dfxtp_2)
                                 -0.013819    0.236181   library hold time
                                              0.236181   data required time
---------------------------------------------------------------------------------------------
                                              0.236181   data required time
                                             -0.297025   data arrival time
---------------------------------------------------------------------------------------------
                                              0.060844   slack (MET)


Startpoint: _3006_ (rising edge-triggered flip-flop clocked by clk)
Endpoint: _2952_ (rising edge-triggered flip-flop clocked by clk)
Path Group: clk
Path Type: min

Fanout         Cap        Slew       Delay        Time   Description
---------------------------------------------------------------------------------------------
                      0.150000    0.000000    0.000000   clock clk (rise edge)
                                  0.000000    0.000000   clock network delay (ideal)
                      0.150000    0.000000    0.000000 ^ _3006_/CLK (sky130_fd_sc_hd__dfxtp_2)
     3    0.006164    0.033492    0.225196    0.225196 ^ _3006_/Q (sky130_fd_sc_hd__dfxtp_2)
                                                         u_intf.u_slave.reg_pixel[3] (net)
                      0.033492    0.000000    0.225196 ^ _1593_/A (sky130_fd_sc_hd__and2_2)
     1    0.001748    0.021788    0.071829    0.297025 ^ _1593_/X (sky130_fd_sc_hd__and2_2)
                                                         _0066_ (net)
                      0.021788    0.000000    0.297025 ^ _2952_/D (sky130_fd_sc_hd__dfxtp_2)
                                              0.297025   data arrival time

                      0.150000    0.000000    0.000000   clock clk (rise edge)
                                  0.000000    0.000000   clock network delay (ideal)
                                  0.250000    0.250000   clock uncertainty
                                  0.000000    0.250000   clock reconvergence pessimism
                                              0.250000 ^ _2952_/CLK (sky130_fd_sc_hd__dfxtp_2)
                                 -0.013819    0.236181   library hold time
                                              0.236181   data required time
---------------------------------------------------------------------------------------------
                                              0.236181   data required time
                                             -0.297025   data arrival time
---------------------------------------------------------------------------------------------
                                              0.060844   slack (MET)


Startpoint: _3009_ (rising edge-triggered flip-flop clocked by clk)
Endpoint: _2955_ (rising edge-triggered flip-flop clocked by clk)
Path Group: clk
Path Type: min

Fanout         Cap        Slew       Delay        Time   Description
---------------------------------------------------------------------------------------------
                      0.150000    0.000000    0.000000   clock clk (rise edge)
                                  0.000000    0.000000   clock network delay (ideal)
                      0.150000    0.000000    0.000000 ^ _3009_/CLK (sky130_fd_sc_hd__dfxtp_2)
     3    0.006164    0.033492    0.225196    0.225196 ^ _3009_/Q (sky130_fd_sc_hd__dfxtp_2)
                                                         u_intf.u_slave.reg_pixel[6] (net)
                      0.033492    0.000000    0.225196 ^ _1596_/A (sky130_fd_sc_hd__and2_2)
     1    0.001748    0.021788    0.071829    0.297025 ^ _1596_/X (sky130_fd_sc_hd__and2_2)
                                                         _0069_ (net)
                      0.021788    0.000000    0.297025 ^ _2955_/D (sky130_fd_sc_hd__dfxtp_2)
                                              0.297025   data arrival time

                      0.150000    0.000000    0.000000   clock clk (rise edge)
                                  0.000000    0.000000   clock network delay (ideal)
                                  0.250000    0.250000   clock uncertainty
                                  0.000000    0.250000   clock reconvergence pessimism
                                              0.250000 ^ _2955_/CLK (sky130_fd_sc_hd__dfxtp_2)
                                 -0.013819    0.236181   library hold time
                                              0.236181   data required time
---------------------------------------------------------------------------------------------
                                              0.236181   data required time
                                             -0.297025   data arrival time
---------------------------------------------------------------------------------------------
                                              0.060844   slack (MET)


Startpoint: _3039_ (rising edge-triggered flip-flop clocked by clk)
Endpoint: _2999_ (rising edge-triggered flip-flop clocked by clk)
Path Group: clk
Path Type: min

Fanout         Cap        Slew       Delay        Time   Description
---------------------------------------------------------------------------------------------
                      0.150000    0.000000    0.000000   clock clk (rise edge)
                                  0.000000    0.000000   clock network delay (ideal)
                      0.150000    0.000000    0.000000 ^ _3039_/CLK (sky130_fd_sc_hd__dfxtp_2)
     3    0.006164    0.033492    0.225196    0.225196 ^ _3039_/Q (sky130_fd_sc_hd__dfxtp_2)
                                                         u_intf.u_slave.reg_weight[4] (net)
                      0.033492    0.000000    0.225196 ^ _1742_/A (sky130_fd_sc_hd__and2_2)
     1    0.001748    0.021788    0.071829    0.297025 ^ _1742_/X (sky130_fd_sc_hd__and2_2)
                                                         _0113_ (net)
                      0.021788    0.000000    0.297025 ^ _2999_/D (sky130_fd_sc_hd__dfxtp_2)
                                              0.297025   data arrival time

                      0.150000    0.000000    0.000000   clock clk (rise edge)
                                  0.000000    0.000000   clock network delay (ideal)
                                  0.250000    0.250000   clock uncertainty
                                  0.000000    0.250000   clock reconvergence pessimism
                                              0.250000 ^ _2999_/CLK (sky130_fd_sc_hd__dfxtp_2)
                                 -0.013819    0.236181   library hold time
                                              0.236181   data required time
---------------------------------------------------------------------------------------------
                                              0.236181   data required time
                                             -0.297025   data arrival time
---------------------------------------------------------------------------------------------
                                              0.060844   slack (MET)


Startpoint: _3003_ (rising edge-triggered flip-flop clocked by clk)
Endpoint: _2949_ (rising edge-triggered flip-flop clocked by clk)
Path Group: clk
Path Type: min

Fanout         Cap        Slew       Delay        Time   Description
---------------------------------------------------------------------------------------------
                      0.150000    0.000000    0.000000   clock clk (rise edge)
                                  0.000000    0.000000   clock network delay (ideal)
                      0.150000    0.000000    0.000000 ^ _3003_/CLK (sky130_fd_sc_hd__dfxtp_2)
     3    0.006200    0.033616    0.225292    0.225292 ^ _3003_/Q (sky130_fd_sc_hd__dfxtp_2)
                                                         u_intf.u_slave.reg_pixel[0] (net)
                      0.033616    0.000000    0.225292 ^ _1590_/A (sky130_fd_sc_hd__and2_2)
     1    0.001748    0.021788    0.071864    0.297155 ^ _1590_/X (sky130_fd_sc_hd__and2_2)
                                                         _0063_ (net)
                      0.021788    0.000000    0.297155 ^ _2949_/D (sky130_fd_sc_hd__dfxtp_2)
                                              0.297155   data arrival time

                      0.150000    0.000000    0.000000   clock clk (rise edge)
                                  0.000000    0.000000   clock network delay (ideal)
                                  0.250000    0.250000   clock uncertainty
                                  0.000000    0.250000   clock reconvergence pessimism
                                              0.250000 ^ _2949_/CLK (sky130_fd_sc_hd__dfxtp_2)
                                 -0.013819    0.236181   library hold time
                                              0.236181   data required time
---------------------------------------------------------------------------------------------
                                              0.236181   data required time
                                             -0.297155   data arrival time
---------------------------------------------------------------------------------------------
                                              0.060975   slack (MET)


Startpoint: _3007_ (rising edge-triggered flip-flop clocked by clk)
Endpoint: _2953_ (rising edge-triggered flip-flop clocked by clk)
Path Group: clk
Path Type: min

Fanout         Cap        Slew       Delay        Time   Description
---------------------------------------------------------------------------------------------
                      0.150000    0.000000    0.000000   clock clk (rise edge)
                                  0.000000    0.000000   clock network delay (ideal)
                      0.150000    0.000000    0.000000 ^ _3007_/CLK (sky130_fd_sc_hd__dfxtp_2)
     3    0.006200    0.033616    0.225292    0.225292 ^ _3007_/Q (sky130_fd_sc_hd__dfxtp_2)
                                                         u_intf.u_slave.reg_pixel[4] (net)
                      0.033616    0.000000    0.225292 ^ _1594_/A (sky130_fd_sc_hd__and2_2)
     1    0.001748    0.021788    0.071864    0.297155 ^ _1594_/X (sky130_fd_sc_hd__and2_2)
                                                         _0067_ (net)
                      0.021788    0.000000    0.297155 ^ _2953_/D (sky130_fd_sc_hd__dfxtp_2)
                                              0.297155   data arrival time

                      0.150000    0.000000    0.000000   clock clk (rise edge)
                                  0.000000    0.000000   clock network delay (ideal)
                                  0.250000    0.250000   clock uncertainty
                                  0.000000    0.250000   clock reconvergence pessimism
                                              0.250000 ^ _2953_/CLK (sky130_fd_sc_hd__dfxtp_2)
                                 -0.013819    0.236181   library hold time
                                              0.236181   data required time
---------------------------------------------------------------------------------------------
                                              0.236181   data required time
                                             -0.297155   data arrival time
---------------------------------------------------------------------------------------------
                                              0.060975   slack (MET)


Startpoint: _3036_ (rising edge-triggered flip-flop clocked by clk)
Endpoint: _2996_ (rising edge-triggered flip-flop clocked by clk)
Path Group: clk
Path Type: min

Fanout         Cap        Slew       Delay        Time   Description
---------------------------------------------------------------------------------------------
                      0.150000    0.000000    0.000000   clock clk (rise edge)
                                  0.000000    0.000000   clock network delay (ideal)
                      0.150000    0.000000    0.000000 ^ _3036_/CLK (sky130_fd_sc_hd__dfxtp_2)
     3    0.006200    0.033616    0.225292    0.225292 ^ _3036_/Q (sky130_fd_sc_hd__dfxtp_2)
                                                         u_intf.u_slave.reg_weight[1] (net)
                      0.033616    0.000000    0.225292 ^ _1739_/A (sky130_fd_sc_hd__and2_2)
     1    0.001748    0.021788    0.071864    0.297155 ^ _1739_/X (sky130_fd_sc_hd__and2_2)
                                                         _0110_ (net)
                      0.021788    0.000000    0.297155 ^ _2996_/D (sky130_fd_sc_hd__dfxtp_2)
                                              0.297155   data arrival time

                      0.150000    0.000000    0.000000   clock clk (rise edge)
                                  0.000000    0.000000   clock network delay (ideal)
                                  0.250000    0.250000   clock uncertainty
                                  0.000000    0.250000   clock reconvergence pessimism
                                              0.250000 ^ _2996_/CLK (sky130_fd_sc_hd__dfxtp_2)
                                 -0.013819    0.236181   library hold time
                                              0.236181   data required time
---------------------------------------------------------------------------------------------
                                              0.236181   data required time
                                             -0.297155   data arrival time
---------------------------------------------------------------------------------------------
                                              0.060975   slack (MET)


Startpoint: _3037_ (rising edge-triggered flip-flop clocked by clk)
Endpoint: _2997_ (rising edge-triggered flip-flop clocked by clk)
Path Group: clk
Path Type: min

Fanout         Cap        Slew       Delay        Time   Description
---------------------------------------------------------------------------------------------
                      0.150000    0.000000    0.000000   clock clk (rise edge)
                                  0.000000    0.000000   clock network delay (ideal)
                      0.150000    0.000000    0.000000 ^ _3037_/CLK (sky130_fd_sc_hd__dfxtp_2)
     3    0.006200    0.033616    0.225292    0.225292 ^ _3037_/Q (sky130_fd_sc_hd__dfxtp_2)
                                                         u_intf.u_slave.reg_weight[2] (net)
                      0.033616    0.000000    0.225292 ^ _1740_/A (sky130_fd_sc_hd__and2_2)
     1    0.001748    0.021788    0.071864    0.297155 ^ _1740_/X (sky130_fd_sc_hd__and2_2)
                                                         _0111_ (net)
                      0.021788    0.000000    0.297155 ^ _2997_/D (sky130_fd_sc_hd__dfxtp_2)
                                              0.297155   data arrival time

                      0.150000    0.000000    0.000000   clock clk (rise edge)
                                  0.000000    0.000000   clock network delay (ideal)
                                  0.250000    0.250000   clock uncertainty
                                  0.000000    0.250000   clock reconvergence pessimism
                                              0.250000 ^ _2997_/CLK (sky130_fd_sc_hd__dfxtp_2)
                                 -0.013819    0.236181   library hold time
                                              0.236181   data required time
---------------------------------------------------------------------------------------------
                                              0.236181   data required time
                                             -0.297155   data arrival time
---------------------------------------------------------------------------------------------
                                              0.060975   slack (MET)


Startpoint: _3038_ (rising edge-triggered flip-flop clocked by clk)
Endpoint: _2998_ (rising edge-triggered flip-flop clocked by clk)
Path Group: clk
Path Type: min

Fanout         Cap        Slew       Delay        Time   Description
---------------------------------------------------------------------------------------------
                      0.150000    0.000000    0.000000   clock clk (rise edge)
                                  0.000000    0.000000   clock network delay (ideal)
                      0.150000    0.000000    0.000000 ^ _3038_/CLK (sky130_fd_sc_hd__dfxtp_2)
     3    0.006200    0.033616    0.225292    0.225292 ^ _3038_/Q (sky130_fd_sc_hd__dfxtp_2)
                                                         u_intf.u_slave.reg_weight[3] (net)
                      0.033616    0.000000    0.225292 ^ _1741_/A (sky130_fd_sc_hd__and2_2)
     1    0.001748    0.021788    0.071864    0.297155 ^ _1741_/X (sky130_fd_sc_hd__and2_2)
                                                         _0112_ (net)
                      0.021788    0.000000    0.297155 ^ _2998_/D (sky130_fd_sc_hd__dfxtp_2)
                                              0.297155   data arrival time

                      0.150000    0.000000    0.000000   clock clk (rise edge)
                                  0.000000    0.000000   clock network delay (ideal)
                                  0.250000    0.250000   clock uncertainty
                                  0.000000    0.250000   clock reconvergence pessimism
                                              0.250000 ^ _2998_/CLK (sky130_fd_sc_hd__dfxtp_2)
                                 -0.013819    0.236181   library hold time
                                              0.236181   data required time
---------------------------------------------------------------------------------------------
                                              0.236181   data required time
                                             -0.297155   data arrival time
---------------------------------------------------------------------------------------------
                                              0.060975   slack (MET)


Startpoint: _3042_ (rising edge-triggered flip-flop clocked by clk)
Endpoint: _3002_ (rising edge-triggered flip-flop clocked by clk)
Path Group: clk
Path Type: min

Fanout         Cap        Slew       Delay        Time   Description
---------------------------------------------------------------------------------------------
                      0.150000    0.000000    0.000000   clock clk (rise edge)
                                  0.000000    0.000000   clock network delay (ideal)
                      0.150000    0.000000    0.000000 ^ _3042_/CLK (sky130_fd_sc_hd__dfxtp_2)
     3    0.006200    0.033616    0.225292    0.225292 ^ _3042_/Q (sky130_fd_sc_hd__dfxtp_2)
                                                         u_intf.u_slave.reg_weight[7] (net)
                      0.033616    0.000000    0.225292 ^ _1745_/A (sky130_fd_sc_hd__and2_2)
     1    0.001748    0.021788    0.071864    0.297155 ^ _1745_/X (sky130_fd_sc_hd__and2_2)
                                                         _0116_ (net)
                      0.021788    0.000000    0.297155 ^ _3002_/D (sky130_fd_sc_hd__dfxtp_2)
                                              0.297155   data arrival time

                      0.150000    0.000000    0.000000   clock clk (rise edge)
                                  0.000000    0.000000   clock network delay (ideal)
                                  0.250000    0.250000   clock uncertainty
                                  0.000000    0.250000   clock reconvergence pessimism
                                              0.250000 ^ _3002_/CLK (sky130_fd_sc_hd__dfxtp_2)
                                 -0.013819    0.236181   library hold time
                                              0.236181   data required time
---------------------------------------------------------------------------------------------
                                              0.236181   data required time
                                             -0.297155   data arrival time
---------------------------------------------------------------------------------------------
                                              0.060975   slack (MET)


Startpoint: _3150_ (rising edge-triggered flip-flop clocked by clk)
Endpoint: _3150_ (rising edge-triggered flip-flop clocked by clk)
Path Group: clk
Path Type: min

Fanout         Cap        Slew       Delay        Time   Description
---------------------------------------------------------------------------------------------
                      0.150000    0.000000    0.000000   clock clk (rise edge)
                                  0.000000    0.000000   clock network delay (ideal)
                      0.150000    0.000000    0.000000 ^ _3150_/CLK (sky130_fd_sc_hd__dfxtp_2)
     3    0.008037    0.025776    0.228701    0.228701 v _3150_/Q (sky130_fd_sc_hd__dfxtp_2)
                                                         u_core.pe_array[0].u_pe.accum_reg[17] (net)
                      0.025776    0.000000    0.228701 v _2812_/B (sky130_fd_sc_hd__nand2_2)
     1    0.004628    0.034379    0.042249    0.270950 ^ _2812_/Y (sky130_fd_sc_hd__nand2_2)
                                                         _1225_ (net)
                      0.034379    0.000000    0.270950 ^ _2814_/A1 (sky130_fd_sc_hd__a21oi_2)
     1    0.001783    0.016717    0.022250    0.293200 v _2814_/Y (sky130_fd_sc_hd__a21oi_2)
                                                         _0264_ (net)
                      0.016717    0.000000    0.293200 v _3150_/D (sky130_fd_sc_hd__dfxtp_2)
                                              0.293200   data arrival time

                      0.150000    0.000000    0.000000   clock clk (rise edge)
                                  0.000000    0.000000   clock network delay (ideal)
                                  0.250000    0.250000   clock uncertainty
                                  0.000000    0.250000   clock reconvergence pessimism
                                              0.250000 ^ _3150_/CLK (sky130_fd_sc_hd__dfxtp_2)
                                 -0.018203    0.231797   library hold time
                                              0.231797   data required time
---------------------------------------------------------------------------------------------
                                              0.231797   data required time
                                             -0.293200   data arrival time
---------------------------------------------------------------------------------------------
                                              0.061403   slack (MET)


Startpoint: _3148_ (rising edge-triggered flip-flop clocked by clk)
Endpoint: _3148_ (rising edge-triggered flip-flop clocked by clk)
Path Group: clk
Path Type: min

Fanout         Cap        Slew       Delay        Time   Description
---------------------------------------------------------------------------------------------
                      0.150000    0.000000    0.000000   clock clk (rise edge)
                                  0.000000    0.000000   clock network delay (ideal)
                      0.150000    0.000000    0.000000 ^ _3148_/CLK (sky130_fd_sc_hd__dfxtp_2)
     3    0.008037    0.025776    0.228701    0.228701 v _3148_/Q (sky130_fd_sc_hd__dfxtp_2)
                                                         u_core.pe_array[0].u_pe.accum_reg[15] (net)
                      0.025776    0.000000    0.228701 v _2807_/B (sky130_fd_sc_hd__nand2_2)
     1    0.004628    0.034379    0.042249    0.270950 ^ _2807_/Y (sky130_fd_sc_hd__nand2_2)
                                                         _1222_ (net)
                      0.034379    0.000000    0.270950 ^ _2809_/A1 (sky130_fd_sc_hd__a21oi_2)
     1    0.001783    0.016731    0.022250    0.293200 v _2809_/Y (sky130_fd_sc_hd__a21oi_2)
                                                         _0262_ (net)
                      0.016731    0.000000    0.293200 v _3148_/D (sky130_fd_sc_hd__dfxtp_2)
                                              0.293200   data arrival time

                      0.150000    0.000000    0.000000   clock clk (rise edge)
                                  0.000000    0.000000   clock network delay (ideal)
                                  0.250000    0.250000   clock uncertainty
                                  0.000000    0.250000   clock reconvergence pessimism
                                              0.250000 ^ _3148_/CLK (sky130_fd_sc_hd__dfxtp_2)
                                 -0.018207    0.231793   library hold time
                                              0.231793   data required time
---------------------------------------------------------------------------------------------
                                              0.231793   data required time
                                             -0.293200   data arrival time
---------------------------------------------------------------------------------------------
                                              0.061408   slack (MET)


Startpoint: _2902_ (rising edge-triggered flip-flop clocked by clk)
Endpoint: _2902_ (rising edge-triggered flip-flop clocked by clk)
Path Group: clk
Path Type: min

Fanout         Cap        Slew       Delay        Time   Description
---------------------------------------------------------------------------------------------
                      0.150000    0.000000    0.000000   clock clk (rise edge)
                                  0.000000    0.000000   clock network delay (ideal)
                      0.150000    0.000000    0.000000 ^ _2902_/CLK (sky130_fd_sc_hd__dfxtp_2)
     5    0.008270    0.040757    0.230826    0.230826 ^ _2902_/Q (sky130_fd_sc_hd__dfxtp_2)
                                                         u_intf.u_slave.wr_addr_lat[3] (net)
                      0.040757    0.000000    0.230826 ^ _1501_/A0 (sky130_fd_sc_hd__mux2_1)
     1    0.001748    0.023456    0.068561    0.299387 ^ _1501_/X (sky130_fd_sc_hd__mux2_1)
                                                         _0019_ (net)
                      0.023456    0.000000    0.299387 ^ _2902_/D (sky130_fd_sc_hd__dfxtp_2)
                                              0.299387   data arrival time

                      0.150000    0.000000    0.000000   clock clk (rise edge)
                                  0.000000    0.000000   clock network delay (ideal)
                                  0.250000    0.250000   clock uncertainty
                                  0.000000    0.250000   clock reconvergence pessimism
                                              0.250000 ^ _2902_/CLK (sky130_fd_sc_hd__dfxtp_2)
                                 -0.013935    0.236065   library hold time
                                              0.236065   data required time
---------------------------------------------------------------------------------------------
                                              0.236065   data required time
                                             -0.299387   data arrival time
---------------------------------------------------------------------------------------------
                                              0.063322   slack (MET)


Startpoint: _2887_ (rising edge-triggered flip-flop clocked by clk)
Endpoint: _2887_ (rising edge-triggered flip-flop clocked by clk)
Path Group: clk
Path Type: min

Fanout         Cap        Slew       Delay        Time   Description
---------------------------------------------------------------------------------------------
                      0.150000    0.000000    0.000000   clock clk (rise edge)
                                  0.000000    0.000000   clock network delay (ideal)
                      0.150000    0.000000    0.000000 ^ _2887_/CLK (sky130_fd_sc_hd__dfxtp_2)
     2    0.007147    0.036883    0.227824    0.227824 ^ _2887_/Q (sky130_fd_sc_hd__dfxtp_2)
                                                         u_intf.u_slave.wr_state[1] (net)
                      0.036883    0.000000    0.227824 ^ _1474_/A1 (sky130_fd_sc_hd__a31o_2)
     1    0.001748    0.017896    0.073977    0.301800 ^ _1474_/X (sky130_fd_sc_hd__a31o_2)
                                                         _0006_ (net)
                      0.017896    0.000000    0.301800 ^ _2887_/D (sky130_fd_sc_hd__dfxtp_2)
                                              0.301800   data arrival time

                      0.150000    0.000000    0.000000   clock clk (rise edge)
                                  0.000000    0.000000   clock network delay (ideal)
                                  0.250000    0.250000   clock uncertainty
                                  0.000000    0.250000   clock reconvergence pessimism
                                              0.250000 ^ _2887_/CLK (sky130_fd_sc_hd__dfxtp_2)
                                 -0.013549    0.236451   library hold time
                                              0.236451   data required time
---------------------------------------------------------------------------------------------
                                              0.236451   data required time
                                             -0.301800   data arrival time
---------------------------------------------------------------------------------------------
                                              0.065349   slack (MET)


Startpoint: _2898_ (rising edge-triggered flip-flop clocked by clk)
Endpoint: _2898_ (rising edge-triggered flip-flop clocked by clk)
Path Group: clk
Path Type: min

Fanout         Cap        Slew       Delay        Time   Description
---------------------------------------------------------------------------------------------
                      0.150000    0.000000    0.000000   clock clk (rise edge)
                                  0.000000    0.000000   clock network delay (ideal)
                      0.150000    0.000000    0.000000 ^ _2898_/CLK (sky130_fd_sc_hd__dfxtp_2)
     3    0.006563    0.034868    0.226262    0.226262 ^ _2898_/Q (sky130_fd_sc_hd__dfxtp_2)
                                                         pixel_cnt[3] (net)
                      0.034868    0.000000    0.226262 ^ _1497_/A1 (sky130_fd_sc_hd__o21ba_2)
     1    0.001748    0.019326    0.075621    0.301883 ^ _1497_/X (sky130_fd_sc_hd__o21ba_2)
                                                         _0015_ (net)
                      0.019326    0.000000    0.301883 ^ _2898_/D (sky130_fd_sc_hd__dfxtp_2)
                                              0.301883   data arrival time

                      0.150000    0.000000    0.000000   clock clk (rise edge)
                                  0.000000    0.000000   clock network delay (ideal)
                                  0.250000    0.250000   clock uncertainty
                                  0.000000    0.250000   clock reconvergence pessimism
                                              0.250000 ^ _2898_/CLK (sky130_fd_sc_hd__dfxtp_2)
                                 -0.013648    0.236352   library hold time
                                              0.236352   data required time
---------------------------------------------------------------------------------------------
                                              0.236352   data required time
                                             -0.301883   data arrival time
---------------------------------------------------------------------------------------------
                                              0.065531   slack (MET)


Startpoint: _3142_ (rising edge-triggered flip-flop clocked by clk)
Endpoint: _3142_ (rising edge-triggered flip-flop clocked by clk)
Path Group: clk
Path Type: min

Fanout         Cap        Slew       Delay        Time   Description
---------------------------------------------------------------------------------------------
                      0.150000    0.000000    0.000000   clock clk (rise edge)
                                  0.000000    0.000000   clock network delay (ideal)
                      0.150000    0.000000    0.000000 ^ _3142_/CLK (sky130_fd_sc_hd__dfxtp_2)
     3    0.010049    0.028757    0.232248    0.232248 v _3142_/Q (sky130_fd_sc_hd__dfxtp_2)
                                                         u_core.pe_array[0].u_pe.accum_reg[9] (net)
                      0.028757    0.000000    0.232248 v _2791_/B (sky130_fd_sc_hd__nand2_2)
     1    0.004628    0.034528    0.043500    0.275748 ^ _2791_/Y (sky130_fd_sc_hd__nand2_2)
                                                         _1212_ (net)
                      0.034528    0.000000    0.275748 ^ _2793_/A1 (sky130_fd_sc_hd__a21oi_2)
     1    0.001783    0.016718    0.022276    0.298024 v _2793_/Y (sky130_fd_sc_hd__a21oi_2)
                                                         _0256_ (net)
                      0.016718    0.000000    0.298024 v _3142_/D (sky130_fd_sc_hd__dfxtp_2)
                                              0.298024   data arrival time

                      0.150000    0.000000    0.000000   clock clk (rise edge)
                                  0.000000    0.000000   clock network delay (ideal)
                                  0.250000    0.250000   clock uncertainty
                                  0.000000    0.250000   clock reconvergence pessimism
                                              0.250000 ^ _3142_/CLK (sky130_fd_sc_hd__dfxtp_2)
                                 -0.018203    0.231797   library hold time
                                              0.231797   data required time
---------------------------------------------------------------------------------------------
                                              0.231797   data required time
                                             -0.298024   data arrival time
---------------------------------------------------------------------------------------------
                                              0.066226   slack (MET)


Startpoint: _3166_ (rising edge-triggered flip-flop clocked by clk)
Endpoint: _3166_ (rising edge-triggered flip-flop clocked by clk)
Path Group: clk
Path Type: min

Fanout         Cap        Slew       Delay        Time   Description
---------------------------------------------------------------------------------------------
                      0.150000    0.000000    0.000000   clock clk (rise edge)
                                  0.000000    0.000000   clock network delay (ideal)
                      0.150000    0.000000    0.000000 ^ _3166_/CLK (sky130_fd_sc_hd__dfxtp_2)
     3    0.007251    0.024612    0.227315    0.227315 v _3166_/Q (sky130_fd_sc_hd__dfxtp_2)
                                                         u_core.pe_array[0].u_pe.tap_count[1] (net)
                      0.024612    0.000000    0.227315 v _2845_/B1 (sky130_fd_sc_hd__a21oi_2)
     1    0.004698    0.047394    0.047474    0.274789 ^ _2845_/Y (sky130_fd_sc_hd__a21oi_2)
                                                         _1242_ (net)
                      0.047394    0.000000    0.274789 ^ _2847_/B (sky130_fd_sc_hd__nor3_2)
     1    0.001783    0.016956    0.023772    0.298561 v _2847_/Y (sky130_fd_sc_hd__nor3_2)
                                                         _0280_ (net)
                      0.016956    0.000000    0.298561 v _3166_/D (sky130_fd_sc_hd__dfxtp_2)
                                              0.298561   data arrival time

                      0.150000    0.000000    0.000000   clock clk (rise edge)
                                  0.000000    0.000000   clock network delay (ideal)
                                  0.250000    0.250000   clock uncertainty
                                  0.000000    0.250000   clock reconvergence pessimism
                                              0.250000 ^ _3166_/CLK (sky130_fd_sc_hd__dfxtp_2)
                                 -0.018282    0.231718   library hold time
                                              0.231718   data required time
---------------------------------------------------------------------------------------------
                                              0.231718   data required time
                                             -0.298561   data arrival time
---------------------------------------------------------------------------------------------
                                              0.066843   slack (MET)


Startpoint: _2886_ (rising edge-triggered flip-flop clocked by clk)
Endpoint: _2992_ (rising edge-triggered flip-flop clocked by clk)
Path Group: clk
Path Type: min

Fanout         Cap        Slew       Delay        Time   Description
---------------------------------------------------------------------------------------------
                      0.150000    0.000000    0.000000   clock clk (rise edge)
                                  0.000000    0.000000   clock network delay (ideal)
                      0.150000    0.000000    0.000000 ^ _2886_/CLK (sky130_fd_sc_hd__dfxtp_2)
     5    0.009909    0.046411    0.235208    0.235208 ^ _2886_/Q (sky130_fd_sc_hd__dfxtp_2)
                                                         u_intf.u_slave.wr_state[0] (net)
                      0.046411    0.000000    0.235208 ^ _1731_/A2 (sky130_fd_sc_hd__o21ba_2)
     1    0.001748    0.019316    0.068868    0.304076 ^ _1731_/X (sky130_fd_sc_hd__o21ba_2)
                                                         _0106_ (net)
                      0.019316    0.000000    0.304076 ^ _2992_/D (sky130_fd_sc_hd__dfxtp_2)
                                              0.304076   data arrival time

                      0.150000    0.000000    0.000000   clock clk (rise edge)
                                  0.000000    0.000000   clock network delay (ideal)
                                  0.250000    0.250000   clock uncertainty
                                  0.000000    0.250000   clock reconvergence pessimism
                                              0.250000 ^ _2992_/CLK (sky130_fd_sc_hd__dfxtp_2)
                                 -0.013648    0.236352   library hold time
                                              0.236352   data required time
---------------------------------------------------------------------------------------------
                                              0.236352   data required time
                                             -0.304076   data arrival time
---------------------------------------------------------------------------------------------
                                              0.067724   slack (MET)


Startpoint: _2901_ (rising edge-triggered flip-flop clocked by clk)
Endpoint: _2901_ (rising edge-triggered flip-flop clocked by clk)
Path Group: clk
Path Type: min

Fanout         Cap        Slew       Delay        Time   Description
---------------------------------------------------------------------------------------------
                      0.150000    0.000000    0.000000   clock clk (rise edge)
                                  0.000000    0.000000   clock network delay (ideal)
                      0.150000    0.000000    0.000000 ^ _2901_/CLK (sky130_fd_sc_hd__dfxtp_2)
     4    0.009502    0.045007    0.234120    0.234120 ^ _2901_/Q (sky130_fd_sc_hd__dfxtp_2)
                                                         u_intf.u_slave.wr_addr_lat[2] (net)
                      0.045007    0.000000    0.234120 ^ _1500_/A0 (sky130_fd_sc_hd__mux2_1)
     1    0.001748    0.023452    0.069753    0.303873 ^ _1500_/X (sky130_fd_sc_hd__mux2_1)
                                                         _0018_ (net)
                      0.023452    0.000000    0.303873 ^ _2901_/D (sky130_fd_sc_hd__dfxtp_2)
                                              0.303873   data arrival time

                      0.150000    0.000000    0.000000   clock clk (rise edge)
                                  0.000000    0.000000   clock network delay (ideal)
                                  0.250000    0.250000   clock uncertainty
                                  0.000000    0.250000   clock reconvergence pessimism
                                              0.250000 ^ _2901_/CLK (sky130_fd_sc_hd__dfxtp_2)
                                 -0.013935    0.236065   library hold time
                                              0.236065   data required time
---------------------------------------------------------------------------------------------
                                              0.236065   data required time
                                             -0.303873   data arrival time
---------------------------------------------------------------------------------------------
                                              0.067808   slack (MET)


Startpoint: _2891_ (rising edge-triggered flip-flop clocked by clk)
Endpoint: _2891_ (rising edge-triggered flip-flop clocked by clk)
Path Group: clk
Path Type: min

Fanout         Cap        Slew       Delay        Time   Description
---------------------------------------------------------------------------------------------
                      0.150000    0.000000    0.000000   clock clk (rise edge)
                                  0.000000    0.000000   clock network delay (ideal)
                      0.150000    0.000000    0.000000 ^ _2891_/CLK (sky130_fd_sc_hd__dfxtp_2)
     3    0.010052    0.028762    0.232253    0.232253 v _2891_/Q (sky130_fd_sc_hd__dfxtp_2)
                                                         w_load_cnt[0] (net)
                      0.028762    0.000000    0.232253 v _1479_/B1 (sky130_fd_sc_hd__a21oi_2)
     1    0.004726    0.047712    0.049265    0.281519 ^ _1479_/Y (sky130_fd_sc_hd__a21oi_2)
                                                         _1274_ (net)
                      0.047712    0.000000    0.281519 ^ _1480_/C (sky130_fd_sc_hd__nor3_2)
     1    0.001783    0.015401    0.018601    0.300120 v _1480_/Y (sky130_fd_sc_hd__nor3_2)
                                                         _0008_ (net)
                      0.015401    0.000000    0.300120 v _2891_/D (sky130_fd_sc_hd__dfxtp_2)
                                              0.300120   data arrival time

                      0.150000    0.000000    0.000000   clock clk (rise edge)
                                  0.000000    0.000000   clock network delay (ideal)
                                  0.250000    0.250000   clock uncertainty
                                  0.000000    0.250000   clock reconvergence pessimism
                                              0.250000 ^ _2891_/CLK (sky130_fd_sc_hd__dfxtp_2)
                                 -0.017764    0.232236   library hold time
                                              0.232236   data required time
---------------------------------------------------------------------------------------------
                                              0.232236   data required time
                                             -0.300120   data arrival time
---------------------------------------------------------------------------------------------
                                              0.067884   slack (MET)


Startpoint: _3136_ (rising edge-triggered flip-flop clocked by clk)
Endpoint: _3136_ (rising edge-triggered flip-flop clocked by clk)
Path Group: clk
Path Type: min

Fanout         Cap        Slew       Delay        Time   Description
---------------------------------------------------------------------------------------------
                      0.150000    0.000000    0.000000   clock clk (rise edge)
                                  0.000000    0.000000   clock network delay (ideal)
                      0.150000    0.000000    0.000000 ^ _3136_/CLK (sky130_fd_sc_hd__dfxtp_2)
     3    0.010777    0.029836    0.233532    0.233532 v _3136_/Q (sky130_fd_sc_hd__dfxtp_2)
                                                         u_core.pe_array[0].u_pe.accum_reg[3] (net)
                      0.029836    0.000000    0.233532 v _2775_/B (sky130_fd_sc_hd__nand2_2)
     1    0.004628    0.034582    0.043952    0.277484 ^ _2775_/Y (sky130_fd_sc_hd__nand2_2)
                                                         _1202_ (net)
                      0.034582    0.000000    0.277484 ^ _2777_/A1 (sky130_fd_sc_hd__a21oi_2)
     1    0.001783    0.016620    0.022285    0.299769 v _2777_/Y (sky130_fd_sc_hd__a21oi_2)
                                                         _0250_ (net)
                      0.016620    0.000000    0.299769 v _3136_/D (sky130_fd_sc_hd__dfxtp_2)
                                              0.299769   data arrival time

                      0.150000    0.000000    0.000000   clock clk (rise edge)
                                  0.000000    0.000000   clock network delay (ideal)
                                  0.250000    0.250000   clock uncertainty
                                  0.000000    0.250000   clock reconvergence pessimism
                                              0.250000 ^ _3136_/CLK (sky130_fd_sc_hd__dfxtp_2)
                                 -0.018170    0.231830   library hold time
                                              0.231830   data required time
---------------------------------------------------------------------------------------------
                                              0.231830   data required time
                                             -0.299769   data arrival time
---------------------------------------------------------------------------------------------
                                              0.067939   slack (MET)


Startpoint: _3167_ (rising edge-triggered flip-flop clocked by clk)
Endpoint: _3167_ (rising edge-triggered flip-flop clocked by clk)
Path Group: clk
Path Type: min

Fanout         Cap        Slew       Delay        Time   Description
---------------------------------------------------------------------------------------------
                      0.150000    0.000000    0.000000   clock clk (rise edge)
                                  0.000000    0.000000   clock network delay (ideal)
                      0.150000    0.000000    0.000000 ^ _3167_/CLK (sky130_fd_sc_hd__dfxtp_2)
     3    0.008294    0.040840    0.230890    0.230890 ^ _3167_/Q (sky130_fd_sc_hd__dfxtp_2)
                                                         u_core.pe_array[0].u_pe.tap_count[2] (net)
                      0.040840    0.000000    0.230890 ^ _2849_/A1 (sky130_fd_sc_hd__o21ai_2)
     1    0.004145    0.022045    0.034898    0.265788 v _2849_/Y (sky130_fd_sc_hd__o21ai_2)
                                                         _1245_ (net)
                      0.022045    0.000000    0.265788 v _2850_/B (sky130_fd_sc_hd__nor2_2)
     1    0.001748    0.036037    0.037346    0.303133 ^ _2850_/Y (sky130_fd_sc_hd__nor2_2)
                                                         _0281_ (net)
                      0.036037    0.000000    0.303133 ^ _3167_/D (sky130_fd_sc_hd__dfxtp_2)
                                              0.303133   data arrival time

                      0.150000    0.000000    0.000000   clock clk (rise edge)
                                  0.000000    0.000000   clock network delay (ideal)
                                  0.250000    0.250000   clock uncertainty
                                  0.000000    0.250000   clock reconvergence pessimism
                                              0.250000 ^ _3167_/CLK (sky130_fd_sc_hd__dfxtp_2)
                                 -0.014811    0.235189   library hold time
                                              0.235189   data required time
---------------------------------------------------------------------------------------------
                                              0.235189   data required time
                                             -0.303133   data arrival time
---------------------------------------------------------------------------------------------
                                              0.067944   slack (MET)


Startpoint: _3169_ (rising edge-triggered flip-flop clocked by clk)
Endpoint: _2904_ (rising edge-triggered flip-flop clocked by clk)
Path Group: clk
Path Type: min

Fanout         Cap        Slew       Delay        Time   Description
---------------------------------------------------------------------------------------------
                      0.150000    0.000000    0.000000   clock clk (rise edge)
                                  0.000000    0.000000   clock network delay (ideal)
                      0.150000    0.000000    0.000000 ^ _3169_/CLK (sky130_fd_sc_hd__dfxtp_2)
     1    0.002563    0.021620    0.214480    0.214480 ^ _3169_/Q (sky130_fd_sc_hd__dfxtp_2)
                                                         result_data_w[0] (net)
                      0.021620    0.000000    0.214480 ^ _1505_/A1 (sky130_fd_sc_hd__o211a_2)
     1    0.001748    0.022369    0.090727    0.305208 ^ _1505_/X (sky130_fd_sc_hd__o211a_2)
                                                         _0021_ (net)
                      0.022369    0.000000    0.305208 ^ _2904_/D (sky130_fd_sc_hd__dfxtp_2)
                                              0.305208   data arrival time

                      0.150000    0.000000    0.000000   clock clk (rise edge)
                                  0.000000    0.000000   clock network delay (ideal)
                                  0.250000    0.250000   clock uncertainty
                                  0.000000    0.250000   clock reconvergence pessimism
                                              0.250000 ^ _2904_/CLK (sky130_fd_sc_hd__dfxtp_2)
                                 -0.013860    0.236140   library hold time
                                              0.236140   data required time
---------------------------------------------------------------------------------------------
                                              0.236140   data required time
                                             -0.305208   data arrival time
---------------------------------------------------------------------------------------------
                                              0.069067   slack (MET)


Startpoint: _3170_ (rising edge-triggered flip-flop clocked by clk)
Endpoint: _2905_ (rising edge-triggered flip-flop clocked by clk)
Path Group: clk
Path Type: min

Fanout         Cap        Slew       Delay        Time   Description
---------------------------------------------------------------------------------------------
                      0.150000    0.000000    0.000000   clock clk (rise edge)
                                  0.000000    0.000000   clock network delay (ideal)
                      0.150000    0.000000    0.000000 ^ _3170_/CLK (sky130_fd_sc_hd__dfxtp_2)
     1    0.002563    0.021620    0.214480    0.214480 ^ _3170_/Q (sky130_fd_sc_hd__dfxtp_2)
                                                         result_data_w[1] (net)
                      0.021620    0.000000    0.214480 ^ _1507_/A1 (sky130_fd_sc_hd__o211a_2)
     1    0.001748    0.022369    0.090727    0.305208 ^ _1507_/X (sky130_fd_sc_hd__o211a_2)
                                                         _0022_ (net)
                      0.022369    0.000000    0.305208 ^ _2905_/D (sky130_fd_sc_hd__dfxtp_2)
                                              0.305208   data arrival time

                      0.150000    0.000000    0.000000   clock clk (rise edge)
                                  0.000000    0.000000   clock network delay (ideal)
                                  0.250000    0.250000   clock uncertainty
                                  0.000000    0.250000   clock reconvergence pessimism
                                              0.250000 ^ _2905_/CLK (sky130_fd_sc_hd__dfxtp_2)
                                 -0.013860    0.236140   library hold time
                                              0.236140   data required time
---------------------------------------------------------------------------------------------
                                              0.236140   data required time
                                             -0.305208   data arrival time
---------------------------------------------------------------------------------------------
                                              0.069067   slack (MET)


Startpoint: _3171_ (rising edge-triggered flip-flop clocked by clk)
Endpoint: _2906_ (rising edge-triggered flip-flop clocked by clk)
Path Group: clk
Path Type: min

Fanout         Cap        Slew       Delay        Time   Description
---------------------------------------------------------------------------------------------
                      0.150000    0.000000    0.000000   clock clk (rise edge)
                                  0.000000    0.000000   clock network delay (ideal)
                      0.150000    0.000000    0.000000 ^ _3171_/CLK (sky130_fd_sc_hd__dfxtp_2)
     1    0.002563    0.021620    0.214480    0.214480 ^ _3171_/Q (sky130_fd_sc_hd__dfxtp_2)
                                                         result_data_w[2] (net)
                      0.021620    0.000000    0.214480 ^ _1509_/A1 (sky130_fd_sc_hd__o211a_2)
     1    0.001748    0.022369    0.090727    0.305208 ^ _1509_/X (sky130_fd_sc_hd__o211a_2)
                                                         _0023_ (net)
                      0.022369    0.000000    0.305208 ^ _2906_/D (sky130_fd_sc_hd__dfxtp_2)
                                              0.305208   data arrival time

                      0.150000    0.000000    0.000000   clock clk (rise edge)
                                  0.000000    0.000000   clock network delay (ideal)
                                  0.250000    0.250000   clock uncertainty
                                  0.000000    0.250000   clock reconvergence pessimism
                                              0.250000 ^ _2906_/CLK (sky130_fd_sc_hd__dfxtp_2)
                                 -0.013860    0.236140   library hold time
                                              0.236140   data required time
---------------------------------------------------------------------------------------------
                                              0.236140   data required time
                                             -0.305208   data arrival time
---------------------------------------------------------------------------------------------
                                              0.069067   slack (MET)


Startpoint: _3172_ (rising edge-triggered flip-flop clocked by clk)
Endpoint: _2907_ (rising edge-triggered flip-flop clocked by clk)
Path Group: clk
Path Type: min

Fanout         Cap        Slew       Delay        Time   Description
---------------------------------------------------------------------------------------------
                      0.150000    0.000000    0.000000   clock clk (rise edge)
                                  0.000000    0.000000   clock network delay (ideal)
                      0.150000    0.000000    0.000000 ^ _3172_/CLK (sky130_fd_sc_hd__dfxtp_2)
     1    0.002563    0.021620    0.214480    0.214480 ^ _3172_/Q (sky130_fd_sc_hd__dfxtp_2)
                                                         result_data_w[3] (net)
                      0.021620    0.000000    0.214480 ^ _1511_/A1 (sky130_fd_sc_hd__o211a_2)
     1    0.001748    0.022369    0.090727    0.305208 ^ _1511_/X (sky130_fd_sc_hd__o211a_2)
                                                         _0024_ (net)
                      0.022369    0.000000    0.305208 ^ _2907_/D (sky130_fd_sc_hd__dfxtp_2)
                                              0.305208   data arrival time

                      0.150000    0.000000    0.000000   clock clk (rise edge)
                                  0.000000    0.000000   clock network delay (ideal)
                                  0.250000    0.250000   clock uncertainty
                                  0.000000    0.250000   clock reconvergence pessimism
                                              0.250000 ^ _2907_/CLK (sky130_fd_sc_hd__dfxtp_2)
                                 -0.013860    0.236140   library hold time
                                              0.236140   data required time
---------------------------------------------------------------------------------------------
                                              0.236140   data required time
                                             -0.305208   data arrival time
---------------------------------------------------------------------------------------------
                                              0.069067   slack (MET)


Startpoint: _3173_ (rising edge-triggered flip-flop clocked by clk)
Endpoint: _2908_ (rising edge-triggered flip-flop clocked by clk)
Path Group: clk
Path Type: min

Fanout         Cap        Slew       Delay        Time   Description
---------------------------------------------------------------------------------------------
                      0.150000    0.000000    0.000000   clock clk (rise edge)
                                  0.000000    0.000000   clock network delay (ideal)
                      0.150000    0.000000    0.000000 ^ _3173_/CLK (sky130_fd_sc_hd__dfxtp_2)
     1    0.002563    0.021620    0.214480    0.214480 ^ _3173_/Q (sky130_fd_sc_hd__dfxtp_2)
                                                         result_data_w[4] (net)
                      0.021620    0.000000    0.214480 ^ _1513_/A1 (sky130_fd_sc_hd__o211a_2)
     1    0.001748    0.022369    0.090727    0.305208 ^ _1513_/X (sky130_fd_sc_hd__o211a_2)
                                                         _0025_ (net)
                      0.022369    0.000000    0.305208 ^ _2908_/D (sky130_fd_sc_hd__dfxtp_2)
                                              0.305208   data arrival time

                      0.150000    0.000000    0.000000   clock clk (rise edge)
                                  0.000000    0.000000   clock network delay (ideal)
                                  0.250000    0.250000   clock uncertainty
                                  0.000000    0.250000   clock reconvergence pessimism
                                              0.250000 ^ _2908_/CLK (sky130_fd_sc_hd__dfxtp_2)
                                 -0.013860    0.236140   library hold time
                                              0.236140   data required time
---------------------------------------------------------------------------------------------
                                              0.236140   data required time
                                             -0.305208   data arrival time
---------------------------------------------------------------------------------------------
                                              0.069067   slack (MET)


Startpoint: _3174_ (rising edge-triggered flip-flop clocked by clk)
Endpoint: _2909_ (rising edge-triggered flip-flop clocked by clk)
Path Group: clk
Path Type: min

Fanout         Cap        Slew       Delay        Time   Description
---------------------------------------------------------------------------------------------
                      0.150000    0.000000    0.000000   clock clk (rise edge)
                                  0.000000    0.000000   clock network delay (ideal)
                      0.150000    0.000000    0.000000 ^ _3174_/CLK (sky130_fd_sc_hd__dfxtp_2)
     1    0.002563    0.021620    0.214480    0.214480 ^ _3174_/Q (sky130_fd_sc_hd__dfxtp_2)
                                                         result_data_w[5] (net)
                      0.021620    0.000000    0.214480 ^ _1515_/A1 (sky130_fd_sc_hd__o211a_2)
     1    0.001748    0.022369    0.090727    0.305208 ^ _1515_/X (sky130_fd_sc_hd__o211a_2)
                                                         _0026_ (net)
                      0.022369    0.000000    0.305208 ^ _2909_/D (sky130_fd_sc_hd__dfxtp_2)
                                              0.305208   data arrival time

                      0.150000    0.000000    0.000000   clock clk (rise edge)
                                  0.000000    0.000000   clock network delay (ideal)
                                  0.250000    0.250000   clock uncertainty
                                  0.000000    0.250000   clock reconvergence pessimism
                                              0.250000 ^ _2909_/CLK (sky130_fd_sc_hd__dfxtp_2)
                                 -0.013860    0.236140   library hold time
                                              0.236140   data required time
---------------------------------------------------------------------------------------------
                                              0.236140   data required time
                                             -0.305208   data arrival time
---------------------------------------------------------------------------------------------
                                              0.069067   slack (MET)


Startpoint: _3175_ (rising edge-triggered flip-flop clocked by clk)
Endpoint: _2910_ (rising edge-triggered flip-flop clocked by clk)
Path Group: clk
Path Type: min

Fanout         Cap        Slew       Delay        Time   Description
---------------------------------------------------------------------------------------------
                      0.150000    0.000000    0.000000   clock clk (rise edge)
                                  0.000000    0.000000   clock network delay (ideal)
                      0.150000    0.000000    0.000000 ^ _3175_/CLK (sky130_fd_sc_hd__dfxtp_2)
     1    0.002563    0.021620    0.214480    0.214480 ^ _3175_/Q (sky130_fd_sc_hd__dfxtp_2)
                                                         result_data_w[6] (net)
                      0.021620    0.000000    0.214480 ^ _1517_/A1 (sky130_fd_sc_hd__o211a_2)
     1    0.001748    0.022369    0.090727    0.305208 ^ _1517_/X (sky130_fd_sc_hd__o211a_2)
                                                         _0027_ (net)
                      0.022369    0.000000    0.305208 ^ _2910_/D (sky130_fd_sc_hd__dfxtp_2)
                                              0.305208   data arrival time

                      0.150000    0.000000    0.000000   clock clk (rise edge)
                                  0.000000    0.000000   clock network delay (ideal)
                                  0.250000    0.250000   clock uncertainty
                                  0.000000    0.250000   clock reconvergence pessimism
                                              0.250000 ^ _2910_/CLK (sky130_fd_sc_hd__dfxtp_2)
                                 -0.013860    0.236140   library hold time
                                              0.236140   data required time
---------------------------------------------------------------------------------------------
                                              0.236140   data required time
                                             -0.305208   data arrival time
---------------------------------------------------------------------------------------------
                                              0.069067   slack (MET)


Startpoint: _3176_ (rising edge-triggered flip-flop clocked by clk)
Endpoint: _2911_ (rising edge-triggered flip-flop clocked by clk)
Path Group: clk
Path Type: min

Fanout         Cap        Slew       Delay        Time   Description
---------------------------------------------------------------------------------------------
                      0.150000    0.000000    0.000000   clock clk (rise edge)
                                  0.000000    0.000000   clock network delay (ideal)
                      0.150000    0.000000    0.000000 ^ _3176_/CLK (sky130_fd_sc_hd__dfxtp_2)
     1    0.002563    0.021620    0.214480    0.214480 ^ _3176_/Q (sky130_fd_sc_hd__dfxtp_2)
                                                         result_data_w[7] (net)
                      0.021620    0.000000    0.214480 ^ _1519_/A1 (sky130_fd_sc_hd__o211a_2)
     1    0.001748    0.022369    0.090727    0.305208 ^ _1519_/X (sky130_fd_sc_hd__o211a_2)
                                                         _0028_ (net)
                      0.022369    0.000000    0.305208 ^ _2911_/D (sky130_fd_sc_hd__dfxtp_2)
                                              0.305208   data arrival time

                      0.150000    0.000000    0.000000   clock clk (rise edge)
                                  0.000000    0.000000   clock network delay (ideal)
                                  0.250000    0.250000   clock uncertainty
                                  0.000000    0.250000   clock reconvergence pessimism
                                              0.250000 ^ _2911_/CLK (sky130_fd_sc_hd__dfxtp_2)
                                 -0.013860    0.236140   library hold time
                                              0.236140   data required time
---------------------------------------------------------------------------------------------
                                              0.236140   data required time
                                             -0.305208   data arrival time
---------------------------------------------------------------------------------------------
                                              0.069067   slack (MET)


Startpoint: _3177_ (rising edge-triggered flip-flop clocked by clk)
Endpoint: _2912_ (rising edge-triggered flip-flop clocked by clk)
Path Group: clk
Path Type: min

Fanout         Cap        Slew       Delay        Time   Description
---------------------------------------------------------------------------------------------
                      0.150000    0.000000    0.000000   clock clk (rise edge)
                                  0.000000    0.000000   clock network delay (ideal)
                      0.150000    0.000000    0.000000 ^ _3177_/CLK (sky130_fd_sc_hd__dfxtp_2)
     1    0.002563    0.021620    0.214480    0.214480 ^ _3177_/Q (sky130_fd_sc_hd__dfxtp_2)
                                                         result_data_w[8] (net)
                      0.021620    0.000000    0.214480 ^ _1521_/A1 (sky130_fd_sc_hd__o211a_2)
     1    0.001748    0.022369    0.090727    0.305208 ^ _1521_/X (sky130_fd_sc_hd__o211a_2)
                                                         _0029_ (net)
                      0.022369    0.000000    0.305208 ^ _2912_/D (sky130_fd_sc_hd__dfxtp_2)
                                              0.305208   data arrival time

                      0.150000    0.000000    0.000000   clock clk (rise edge)
                                  0.000000    0.000000   clock network delay (ideal)
                                  0.250000    0.250000   clock uncertainty
                                  0.000000    0.250000   clock reconvergence pessimism
                                              0.250000 ^ _2912_/CLK (sky130_fd_sc_hd__dfxtp_2)
                                 -0.013860    0.236140   library hold time
                                              0.236140   data required time
---------------------------------------------------------------------------------------------
                                              0.236140   data required time
                                             -0.305208   data arrival time
---------------------------------------------------------------------------------------------
                                              0.069067   slack (MET)


Startpoint: _3178_ (rising edge-triggered flip-flop clocked by clk)
Endpoint: _2913_ (rising edge-triggered flip-flop clocked by clk)
Path Group: clk
Path Type: min

Fanout         Cap        Slew       Delay        Time   Description
---------------------------------------------------------------------------------------------
                      0.150000    0.000000    0.000000   clock clk (rise edge)
                                  0.000000    0.000000   clock network delay (ideal)
                      0.150000    0.000000    0.000000 ^ _3178_/CLK (sky130_fd_sc_hd__dfxtp_2)
     1    0.002563    0.021620    0.214480    0.214480 ^ _3178_/Q (sky130_fd_sc_hd__dfxtp_2)
                                                         result_data_w[9] (net)
                      0.021620    0.000000    0.214480 ^ _1523_/A1 (sky130_fd_sc_hd__o211a_2)
     1    0.001748    0.022369    0.090727    0.305208 ^ _1523_/X (sky130_fd_sc_hd__o211a_2)
                                                         _0030_ (net)
                      0.022369    0.000000    0.305208 ^ _2913_/D (sky130_fd_sc_hd__dfxtp_2)
                                              0.305208   data arrival time

                      0.150000    0.000000    0.000000   clock clk (rise edge)
                                  0.000000    0.000000   clock network delay (ideal)
                                  0.250000    0.250000   clock uncertainty
                                  0.000000    0.250000   clock reconvergence pessimism
                                              0.250000 ^ _2913_/CLK (sky130_fd_sc_hd__dfxtp_2)
                                 -0.013860    0.236140   library hold time
                                              0.236140   data required time
---------------------------------------------------------------------------------------------
                                              0.236140   data required time
                                             -0.305208   data arrival time
---------------------------------------------------------------------------------------------
                                              0.069067   slack (MET)


Startpoint: _3179_ (rising edge-triggered flip-flop clocked by clk)
Endpoint: _2914_ (rising edge-triggered flip-flop clocked by clk)
Path Group: clk
Path Type: min

Fanout         Cap        Slew       Delay        Time   Description
---------------------------------------------------------------------------------------------
                      0.150000    0.000000    0.000000   clock clk (rise edge)
                                  0.000000    0.000000   clock network delay (ideal)
                      0.150000    0.000000    0.000000 ^ _3179_/CLK (sky130_fd_sc_hd__dfxtp_2)
     1    0.002563    0.021620    0.214480    0.214480 ^ _3179_/Q (sky130_fd_sc_hd__dfxtp_2)
                                                         result_data_w[10] (net)
                      0.021620    0.000000    0.214480 ^ _1525_/A1 (sky130_fd_sc_hd__o211a_2)
     1    0.001748    0.022369    0.090727    0.305208 ^ _1525_/X (sky130_fd_sc_hd__o211a_2)
                                                         _0031_ (net)
                      0.022369    0.000000    0.305208 ^ _2914_/D (sky130_fd_sc_hd__dfxtp_2)
                                              0.305208   data arrival time

                      0.150000    0.000000    0.000000   clock clk (rise edge)
                                  0.000000    0.000000   clock network delay (ideal)
                                  0.250000    0.250000   clock uncertainty
                                  0.000000    0.250000   clock reconvergence pessimism
                                              0.250000 ^ _2914_/CLK (sky130_fd_sc_hd__dfxtp_2)
                                 -0.013860    0.236140   library hold time
                                              0.236140   data required time
---------------------------------------------------------------------------------------------
                                              0.236140   data required time
                                             -0.305208   data arrival time
---------------------------------------------------------------------------------------------
                                              0.069067   slack (MET)


Startpoint: _3180_ (rising edge-triggered flip-flop clocked by clk)
Endpoint: _2915_ (rising edge-triggered flip-flop clocked by clk)
Path Group: clk
Path Type: min

Fanout         Cap        Slew       Delay        Time   Description
---------------------------------------------------------------------------------------------
                      0.150000    0.000000    0.000000   clock clk (rise edge)
                                  0.000000    0.000000   clock network delay (ideal)
                      0.150000    0.000000    0.000000 ^ _3180_/CLK (sky130_fd_sc_hd__dfxtp_2)
     1    0.002563    0.021620    0.214480    0.214480 ^ _3180_/Q (sky130_fd_sc_hd__dfxtp_2)
                                                         result_data_w[11] (net)
                      0.021620    0.000000    0.214480 ^ _1527_/A1 (sky130_fd_sc_hd__o211a_2)
     1    0.001748    0.022369    0.090727    0.305208 ^ _1527_/X (sky130_fd_sc_hd__o211a_2)
                                                         _0032_ (net)
                      0.022369    0.000000    0.305208 ^ _2915_/D (sky130_fd_sc_hd__dfxtp_2)
                                              0.305208   data arrival time

                      0.150000    0.000000    0.000000   clock clk (rise edge)
                                  0.000000    0.000000   clock network delay (ideal)
                                  0.250000    0.250000   clock uncertainty
                                  0.000000    0.250000   clock reconvergence pessimism
                                              0.250000 ^ _2915_/CLK (sky130_fd_sc_hd__dfxtp_2)
                                 -0.013860    0.236140   library hold time
                                              0.236140   data required time
---------------------------------------------------------------------------------------------
                                              0.236140   data required time
                                             -0.305208   data arrival time
---------------------------------------------------------------------------------------------
                                              0.069067   slack (MET)


Startpoint: _3181_ (rising edge-triggered flip-flop clocked by clk)
Endpoint: _2916_ (rising edge-triggered flip-flop clocked by clk)
Path Group: clk
Path Type: min

Fanout         Cap        Slew       Delay        Time   Description
---------------------------------------------------------------------------------------------
                      0.150000    0.000000    0.000000   clock clk (rise edge)
                                  0.000000    0.000000   clock network delay (ideal)
                      0.150000    0.000000    0.000000 ^ _3181_/CLK (sky130_fd_sc_hd__dfxtp_2)
     1    0.002563    0.021620    0.214480    0.214480 ^ _3181_/Q (sky130_fd_sc_hd__dfxtp_2)
                                                         result_data_w[12] (net)
                      0.021620    0.000000    0.214480 ^ _1529_/A1 (sky130_fd_sc_hd__o211a_2)
     1    0.001748    0.022369    0.090727    0.305208 ^ _1529_/X (sky130_fd_sc_hd__o211a_2)
                                                         _0033_ (net)
                      0.022369    0.000000    0.305208 ^ _2916_/D (sky130_fd_sc_hd__dfxtp_2)
                                              0.305208   data arrival time

                      0.150000    0.000000    0.000000   clock clk (rise edge)
                                  0.000000    0.000000   clock network delay (ideal)
                                  0.250000    0.250000   clock uncertainty
                                  0.000000    0.250000   clock reconvergence pessimism
                                              0.250000 ^ _2916_/CLK (sky130_fd_sc_hd__dfxtp_2)
                                 -0.013860    0.236140   library hold time
                                              0.236140   data required time
---------------------------------------------------------------------------------------------
                                              0.236140   data required time
                                             -0.305208   data arrival time
---------------------------------------------------------------------------------------------
                                              0.069067   slack (MET)


Startpoint: _3182_ (rising edge-triggered flip-flop clocked by clk)
Endpoint: _2917_ (rising edge-triggered flip-flop clocked by clk)
Path Group: clk
Path Type: min

Fanout         Cap        Slew       Delay        Time   Description
---------------------------------------------------------------------------------------------
                      0.150000    0.000000    0.000000   clock clk (rise edge)
                                  0.000000    0.000000   clock network delay (ideal)
                      0.150000    0.000000    0.000000 ^ _3182_/CLK (sky130_fd_sc_hd__dfxtp_2)
     1    0.002563    0.021620    0.214480    0.214480 ^ _3182_/Q (sky130_fd_sc_hd__dfxtp_2)
                                                         result_data_w[13] (net)
                      0.021620    0.000000    0.214480 ^ _1531_/A1 (sky130_fd_sc_hd__o211a_2)
     1    0.001748    0.022369    0.090727    0.305208 ^ _1531_/X (sky130_fd_sc_hd__o211a_2)
                                                         _0034_ (net)
                      0.022369    0.000000    0.305208 ^ _2917_/D (sky130_fd_sc_hd__dfxtp_2)
                                              0.305208   data arrival time

                      0.150000    0.000000    0.000000   clock clk (rise edge)
                                  0.000000    0.000000   clock network delay (ideal)
                                  0.250000    0.250000   clock uncertainty
                                  0.000000    0.250000   clock reconvergence pessimism
                                              0.250000 ^ _2917_/CLK (sky130_fd_sc_hd__dfxtp_2)
                                 -0.013860    0.236140   library hold time
                                              0.236140   data required time
---------------------------------------------------------------------------------------------
                                              0.236140   data required time
                                             -0.305208   data arrival time
---------------------------------------------------------------------------------------------
                                              0.069067   slack (MET)


Startpoint: _3183_ (rising edge-triggered flip-flop clocked by clk)
Endpoint: _2918_ (rising edge-triggered flip-flop clocked by clk)
Path Group: clk
Path Type: min

Fanout         Cap        Slew       Delay        Time   Description
---------------------------------------------------------------------------------------------
                      0.150000    0.000000    0.000000   clock clk (rise edge)
                                  0.000000    0.000000   clock network delay (ideal)
                      0.150000    0.000000    0.000000 ^ _3183_/CLK (sky130_fd_sc_hd__dfxtp_2)
     1    0.002563    0.021620    0.214480    0.214480 ^ _3183_/Q (sky130_fd_sc_hd__dfxtp_2)
                                                         result_data_w[14] (net)
                      0.021620    0.000000    0.214480 ^ _1533_/A1 (sky130_fd_sc_hd__o211a_2)
     1    0.001748    0.022369    0.090727    0.305208 ^ _1533_/X (sky130_fd_sc_hd__o211a_2)
                                                         _0035_ (net)
                      0.022369    0.000000    0.305208 ^ _2918_/D (sky130_fd_sc_hd__dfxtp_2)
                                              0.305208   data arrival time

                      0.150000    0.000000    0.000000   clock clk (rise edge)
                                  0.000000    0.000000   clock network delay (ideal)
                                  0.250000    0.250000   clock uncertainty
                                  0.000000    0.250000   clock reconvergence pessimism
                                              0.250000 ^ _2918_/CLK (sky130_fd_sc_hd__dfxtp_2)
                                 -0.013860    0.236140   library hold time
                                              0.236140   data required time
---------------------------------------------------------------------------------------------
                                              0.236140   data required time
                                             -0.305208   data arrival time
---------------------------------------------------------------------------------------------
                                              0.069067   slack (MET)


Startpoint: _3184_ (rising edge-triggered flip-flop clocked by clk)
Endpoint: _2919_ (rising edge-triggered flip-flop clocked by clk)
Path Group: clk
Path Type: min

Fanout         Cap        Slew       Delay        Time   Description
---------------------------------------------------------------------------------------------
                      0.150000    0.000000    0.000000   clock clk (rise edge)
                                  0.000000    0.000000   clock network delay (ideal)
                      0.150000    0.000000    0.000000 ^ _3184_/CLK (sky130_fd_sc_hd__dfxtp_2)
     1    0.002563    0.021620    0.214480    0.214480 ^ _3184_/Q (sky130_fd_sc_hd__dfxtp_2)
                                                         result_data_w[15] (net)
                      0.021620    0.000000    0.214480 ^ _1535_/A1 (sky130_fd_sc_hd__o211a_2)
     1    0.001748    0.022369    0.090727    0.305208 ^ _1535_/X (sky130_fd_sc_hd__o211a_2)
                                                         _0036_ (net)
                      0.022369    0.000000    0.305208 ^ _2919_/D (sky130_fd_sc_hd__dfxtp_2)
                                              0.305208   data arrival time

                      0.150000    0.000000    0.000000   clock clk (rise edge)
                                  0.000000    0.000000   clock network delay (ideal)
                                  0.250000    0.250000   clock uncertainty
                                  0.000000    0.250000   clock reconvergence pessimism
                                              0.250000 ^ _2919_/CLK (sky130_fd_sc_hd__dfxtp_2)
                                 -0.013860    0.236140   library hold time
                                              0.236140   data required time
---------------------------------------------------------------------------------------------
                                              0.236140   data required time
                                             -0.305208   data arrival time
---------------------------------------------------------------------------------------------
                                              0.069067   slack (MET)


Startpoint: _3185_ (rising edge-triggered flip-flop clocked by clk)
Endpoint: _2920_ (rising edge-triggered flip-flop clocked by clk)
Path Group: clk
Path Type: min

Fanout         Cap        Slew       Delay        Time   Description
---------------------------------------------------------------------------------------------
                      0.150000    0.000000    0.000000   clock clk (rise edge)
                                  0.000000    0.000000   clock network delay (ideal)
                      0.150000    0.000000    0.000000 ^ _3185_/CLK (sky130_fd_sc_hd__dfxtp_2)
     1    0.002563    0.021620    0.214480    0.214480 ^ _3185_/Q (sky130_fd_sc_hd__dfxtp_2)
                                                         result_data_w[16] (net)
                      0.021620    0.000000    0.214480 ^ _1537_/A1 (sky130_fd_sc_hd__o211a_2)
     1    0.001748    0.022369    0.090727    0.305208 ^ _1537_/X (sky130_fd_sc_hd__o211a_2)
                                                         _0037_ (net)
                      0.022369    0.000000    0.305208 ^ _2920_/D (sky130_fd_sc_hd__dfxtp_2)
                                              0.305208   data arrival time

                      0.150000    0.000000    0.000000   clock clk (rise edge)
                                  0.000000    0.000000   clock network delay (ideal)
                                  0.250000    0.250000   clock uncertainty
                                  0.000000    0.250000   clock reconvergence pessimism
                                              0.250000 ^ _2920_/CLK (sky130_fd_sc_hd__dfxtp_2)
                                 -0.013860    0.236140   library hold time
                                              0.236140   data required time
---------------------------------------------------------------------------------------------
                                              0.236140   data required time
                                             -0.305208   data arrival time
---------------------------------------------------------------------------------------------
                                              0.069067   slack (MET)


Startpoint: _3186_ (rising edge-triggered flip-flop clocked by clk)
Endpoint: _2921_ (rising edge-triggered flip-flop clocked by clk)
Path Group: clk
Path Type: min

Fanout         Cap        Slew       Delay        Time   Description
---------------------------------------------------------------------------------------------
                      0.150000    0.000000    0.000000   clock clk (rise edge)
                                  0.000000    0.000000   clock network delay (ideal)
                      0.150000    0.000000    0.000000 ^ _3186_/CLK (sky130_fd_sc_hd__dfxtp_2)
     1    0.002563    0.021620    0.214480    0.214480 ^ _3186_/Q (sky130_fd_sc_hd__dfxtp_2)
                                                         result_data_w[17] (net)
                      0.021620    0.000000    0.214480 ^ _1539_/A1 (sky130_fd_sc_hd__o211a_2)
     1    0.001748    0.022369    0.090727    0.305208 ^ _1539_/X (sky130_fd_sc_hd__o211a_2)
                                                         _0038_ (net)
                      0.022369    0.000000    0.305208 ^ _2921_/D (sky130_fd_sc_hd__dfxtp_2)
                                              0.305208   data arrival time

                      0.150000    0.000000    0.000000   clock clk (rise edge)
                                  0.000000    0.000000   clock network delay (ideal)
                                  0.250000    0.250000   clock uncertainty
                                  0.000000    0.250000   clock reconvergence pessimism
                                              0.250000 ^ _2921_/CLK (sky130_fd_sc_hd__dfxtp_2)
                                 -0.013860    0.236140   library hold time
                                              0.236140   data required time
---------------------------------------------------------------------------------------------
                                              0.236140   data required time
                                             -0.305208   data arrival time
---------------------------------------------------------------------------------------------
                                              0.069067   slack (MET)


Startpoint: _3187_ (rising edge-triggered flip-flop clocked by clk)
Endpoint: _2922_ (rising edge-triggered flip-flop clocked by clk)
Path Group: clk
Path Type: min

Fanout         Cap        Slew       Delay        Time   Description
---------------------------------------------------------------------------------------------
                      0.150000    0.000000    0.000000   clock clk (rise edge)
                                  0.000000    0.000000   clock network delay (ideal)
                      0.150000    0.000000    0.000000 ^ _3187_/CLK (sky130_fd_sc_hd__dfxtp_2)
     1    0.002563    0.021620    0.214480    0.214480 ^ _3187_/Q (sky130_fd_sc_hd__dfxtp_2)
                                                         result_data_w[18] (net)
                      0.021620    0.000000    0.214480 ^ _1541_/A1 (sky130_fd_sc_hd__o211a_2)
     1    0.001748    0.022369    0.090727    0.305208 ^ _1541_/X (sky130_fd_sc_hd__o211a_2)
                                                         _0039_ (net)
                      0.022369    0.000000    0.305208 ^ _2922_/D (sky130_fd_sc_hd__dfxtp_2)
                                              0.305208   data arrival time

                      0.150000    0.000000    0.000000   clock clk (rise edge)
                                  0.000000    0.000000   clock network delay (ideal)
                                  0.250000    0.250000   clock uncertainty
                                  0.000000    0.250000   clock reconvergence pessimism
                                              0.250000 ^ _2922_/CLK (sky130_fd_sc_hd__dfxtp_2)
                                 -0.013860    0.236140   library hold time
                                              0.236140   data required time
---------------------------------------------------------------------------------------------
                                              0.236140   data required time
                                             -0.305208   data arrival time
---------------------------------------------------------------------------------------------
                                              0.069067   slack (MET)


Startpoint: _3188_ (rising edge-triggered flip-flop clocked by clk)
Endpoint: _2923_ (rising edge-triggered flip-flop clocked by clk)
Path Group: clk
Path Type: min

Fanout         Cap        Slew       Delay        Time   Description
---------------------------------------------------------------------------------------------
                      0.150000    0.000000    0.000000   clock clk (rise edge)
                                  0.000000    0.000000   clock network delay (ideal)
                      0.150000    0.000000    0.000000 ^ _3188_/CLK (sky130_fd_sc_hd__dfxtp_2)
     1    0.002563    0.021620    0.214480    0.214480 ^ _3188_/Q (sky130_fd_sc_hd__dfxtp_2)
                                                         result_data_w[19] (net)
                      0.021620    0.000000    0.214480 ^ _1543_/A1 (sky130_fd_sc_hd__o211a_2)
     1    0.001748    0.022369    0.090727    0.305208 ^ _1543_/X (sky130_fd_sc_hd__o211a_2)
                                                         _0040_ (net)
                      0.022369    0.000000    0.305208 ^ _2923_/D (sky130_fd_sc_hd__dfxtp_2)
                                              0.305208   data arrival time

                      0.150000    0.000000    0.000000   clock clk (rise edge)
                                  0.000000    0.000000   clock network delay (ideal)
                                  0.250000    0.250000   clock uncertainty
                                  0.000000    0.250000   clock reconvergence pessimism
                                              0.250000 ^ _2923_/CLK (sky130_fd_sc_hd__dfxtp_2)
                                 -0.013860    0.236140   library hold time
                                              0.236140   data required time
---------------------------------------------------------------------------------------------
                                              0.236140   data required time
                                             -0.305208   data arrival time
---------------------------------------------------------------------------------------------
                                              0.069067   slack (MET)


Startpoint: _3189_ (rising edge-triggered flip-flop clocked by clk)
Endpoint: _2924_ (rising edge-triggered flip-flop clocked by clk)
Path Group: clk
Path Type: min

Fanout         Cap        Slew       Delay        Time   Description
---------------------------------------------------------------------------------------------
                      0.150000    0.000000    0.000000   clock clk (rise edge)
                                  0.000000    0.000000   clock network delay (ideal)
                      0.150000    0.000000    0.000000 ^ _3189_/CLK (sky130_fd_sc_hd__dfxtp_2)
     1    0.002563    0.021620    0.214480    0.214480 ^ _3189_/Q (sky130_fd_sc_hd__dfxtp_2)
                                                         result_data_w[20] (net)
                      0.021620    0.000000    0.214480 ^ _1545_/A1 (sky130_fd_sc_hd__o211a_2)
     1    0.001748    0.022369    0.090727    0.305208 ^ _1545_/X (sky130_fd_sc_hd__o211a_2)
                                                         _0041_ (net)
                      0.022369    0.000000    0.305208 ^ _2924_/D (sky130_fd_sc_hd__dfxtp_2)
                                              0.305208   data arrival time

                      0.150000    0.000000    0.000000   clock clk (rise edge)
                                  0.000000    0.000000   clock network delay (ideal)
                                  0.250000    0.250000   clock uncertainty
                                  0.000000    0.250000   clock reconvergence pessimism
                                              0.250000 ^ _2924_/CLK (sky130_fd_sc_hd__dfxtp_2)
                                 -0.013860    0.236140   library hold time
                                              0.236140   data required time
---------------------------------------------------------------------------------------------
                                              0.236140   data required time
                                             -0.305208   data arrival time
---------------------------------------------------------------------------------------------
                                              0.069067   slack (MET)


Startpoint: _3190_ (rising edge-triggered flip-flop clocked by clk)
Endpoint: _2925_ (rising edge-triggered flip-flop clocked by clk)
Path Group: clk
Path Type: min

Fanout         Cap        Slew       Delay        Time   Description
---------------------------------------------------------------------------------------------
                      0.150000    0.000000    0.000000   clock clk (rise edge)
                                  0.000000    0.000000   clock network delay (ideal)
                      0.150000    0.000000    0.000000 ^ _3190_/CLK (sky130_fd_sc_hd__dfxtp_2)
     1    0.002563    0.021620    0.214480    0.214480 ^ _3190_/Q (sky130_fd_sc_hd__dfxtp_2)
                                                         result_data_w[21] (net)
                      0.021620    0.000000    0.214480 ^ _1547_/A1 (sky130_fd_sc_hd__o211a_2)
     1    0.001748    0.022369    0.090727    0.305208 ^ _1547_/X (sky130_fd_sc_hd__o211a_2)
                                                         _0042_ (net)
                      0.022369    0.000000    0.305208 ^ _2925_/D (sky130_fd_sc_hd__dfxtp_2)
                                              0.305208   data arrival time

                      0.150000    0.000000    0.000000   clock clk (rise edge)
                                  0.000000    0.000000   clock network delay (ideal)
                                  0.250000    0.250000   clock uncertainty
                                  0.000000    0.250000   clock reconvergence pessimism
                                              0.250000 ^ _2925_/CLK (sky130_fd_sc_hd__dfxtp_2)
                                 -0.013860    0.236140   library hold time
                                              0.236140   data required time
---------------------------------------------------------------------------------------------
                                              0.236140   data required time
                                             -0.305208   data arrival time
---------------------------------------------------------------------------------------------
                                              0.069067   slack (MET)


Startpoint: _3191_ (rising edge-triggered flip-flop clocked by clk)
Endpoint: _2926_ (rising edge-triggered flip-flop clocked by clk)
Path Group: clk
Path Type: min

Fanout         Cap        Slew       Delay        Time   Description
---------------------------------------------------------------------------------------------
                      0.150000    0.000000    0.000000   clock clk (rise edge)
                                  0.000000    0.000000   clock network delay (ideal)
                      0.150000    0.000000    0.000000 ^ _3191_/CLK (sky130_fd_sc_hd__dfxtp_2)
     1    0.002563    0.021620    0.214480    0.214480 ^ _3191_/Q (sky130_fd_sc_hd__dfxtp_2)
                                                         result_data_w[22] (net)
                      0.021620    0.000000    0.214480 ^ _1549_/A1 (sky130_fd_sc_hd__o211a_2)
     1    0.001748    0.022369    0.090727    0.305208 ^ _1549_/X (sky130_fd_sc_hd__o211a_2)
                                                         _0043_ (net)
                      0.022369    0.000000    0.305208 ^ _2926_/D (sky130_fd_sc_hd__dfxtp_2)
                                              0.305208   data arrival time

                      0.150000    0.000000    0.000000   clock clk (rise edge)
                                  0.000000    0.000000   clock network delay (ideal)
                                  0.250000    0.250000   clock uncertainty
                                  0.000000    0.250000   clock reconvergence pessimism
                                              0.250000 ^ _2926_/CLK (sky130_fd_sc_hd__dfxtp_2)
                                 -0.013860    0.236140   library hold time
                                              0.236140   data required time
---------------------------------------------------------------------------------------------
                                              0.236140   data required time
                                             -0.305208   data arrival time
---------------------------------------------------------------------------------------------
                                              0.069067   slack (MET)


Startpoint: _3192_ (rising edge-triggered flip-flop clocked by clk)
Endpoint: _2927_ (rising edge-triggered flip-flop clocked by clk)
Path Group: clk
Path Type: min

Fanout         Cap        Slew       Delay        Time   Description
---------------------------------------------------------------------------------------------
                      0.150000    0.000000    0.000000   clock clk (rise edge)
                                  0.000000    0.000000   clock network delay (ideal)
                      0.150000    0.000000    0.000000 ^ _3192_/CLK (sky130_fd_sc_hd__dfxtp_2)
     1    0.002563    0.021620    0.214480    0.214480 ^ _3192_/Q (sky130_fd_sc_hd__dfxtp_2)
                                                         result_data_w[23] (net)
                      0.021620    0.000000    0.214480 ^ _1551_/A1 (sky130_fd_sc_hd__o211a_2)
     1    0.001748    0.022369    0.090727    0.305208 ^ _1551_/X (sky130_fd_sc_hd__o211a_2)
                                                         _0044_ (net)
                      0.022369    0.000000    0.305208 ^ _2927_/D (sky130_fd_sc_hd__dfxtp_2)
                                              0.305208   data arrival time

                      0.150000    0.000000    0.000000   clock clk (rise edge)
                                  0.000000    0.000000   clock network delay (ideal)
                                  0.250000    0.250000   clock uncertainty
                                  0.000000    0.250000   clock reconvergence pessimism
                                              0.250000 ^ _2927_/CLK (sky130_fd_sc_hd__dfxtp_2)
                                 -0.013860    0.236140   library hold time
                                              0.236140   data required time
---------------------------------------------------------------------------------------------
                                              0.236140   data required time
                                             -0.305208   data arrival time
---------------------------------------------------------------------------------------------
                                              0.069067   slack (MET)


Startpoint: _3193_ (rising edge-triggered flip-flop clocked by clk)
Endpoint: _2928_ (rising edge-triggered flip-flop clocked by clk)
Path Group: clk
Path Type: min

Fanout         Cap        Slew       Delay        Time   Description
---------------------------------------------------------------------------------------------
                      0.150000    0.000000    0.000000   clock clk (rise edge)
                                  0.000000    0.000000   clock network delay (ideal)
                      0.150000    0.000000    0.000000 ^ _3193_/CLK (sky130_fd_sc_hd__dfxtp_2)
     1    0.002563    0.021620    0.214480    0.214480 ^ _3193_/Q (sky130_fd_sc_hd__dfxtp_2)
                                                         result_data_w[24] (net)
                      0.021620    0.000000    0.214480 ^ _1553_/A1 (sky130_fd_sc_hd__o211a_2)
     1    0.001748    0.022369    0.090727    0.305208 ^ _1553_/X (sky130_fd_sc_hd__o211a_2)
                                                         _0045_ (net)
                      0.022369    0.000000    0.305208 ^ _2928_/D (sky130_fd_sc_hd__dfxtp_2)
                                              0.305208   data arrival time

                      0.150000    0.000000    0.000000   clock clk (rise edge)
                                  0.000000    0.000000   clock network delay (ideal)
                                  0.250000    0.250000   clock uncertainty
                                  0.000000    0.250000   clock reconvergence pessimism
                                              0.250000 ^ _2928_/CLK (sky130_fd_sc_hd__dfxtp_2)
                                 -0.013860    0.236140   library hold time
                                              0.236140   data required time
---------------------------------------------------------------------------------------------
                                              0.236140   data required time
                                             -0.305208   data arrival time
---------------------------------------------------------------------------------------------
                                              0.069067   slack (MET)


Startpoint: _3194_ (rising edge-triggered flip-flop clocked by clk)
Endpoint: _2929_ (rising edge-triggered flip-flop clocked by clk)
Path Group: clk
Path Type: min

Fanout         Cap        Slew       Delay        Time   Description
---------------------------------------------------------------------------------------------
                      0.150000    0.000000    0.000000   clock clk (rise edge)
                                  0.000000    0.000000   clock network delay (ideal)
                      0.150000    0.000000    0.000000 ^ _3194_/CLK (sky130_fd_sc_hd__dfxtp_2)
     1    0.002563    0.021620    0.214480    0.214480 ^ _3194_/Q (sky130_fd_sc_hd__dfxtp_2)
                                                         result_data_w[25] (net)
                      0.021620    0.000000    0.214480 ^ _1555_/A1 (sky130_fd_sc_hd__o211a_2)
     1    0.001748    0.022369    0.090727    0.305208 ^ _1555_/X (sky130_fd_sc_hd__o211a_2)
                                                         _0046_ (net)
                      0.022369    0.000000    0.305208 ^ _2929_/D (sky130_fd_sc_hd__dfxtp_2)
                                              0.305208   data arrival time

                      0.150000    0.000000    0.000000   clock clk (rise edge)
                                  0.000000    0.000000   clock network delay (ideal)
                                  0.250000    0.250000   clock uncertainty
                                  0.000000    0.250000   clock reconvergence pessimism
                                              0.250000 ^ _2929_/CLK (sky130_fd_sc_hd__dfxtp_2)
                                 -0.013860    0.236140   library hold time
                                              0.236140   data required time
---------------------------------------------------------------------------------------------
                                              0.236140   data required time
                                             -0.305208   data arrival time
---------------------------------------------------------------------------------------------
                                              0.069067   slack (MET)


Startpoint: _3195_ (rising edge-triggered flip-flop clocked by clk)
Endpoint: _2930_ (rising edge-triggered flip-flop clocked by clk)
Path Group: clk
Path Type: min

Fanout         Cap        Slew       Delay        Time   Description
---------------------------------------------------------------------------------------------
                      0.150000    0.000000    0.000000   clock clk (rise edge)
                                  0.000000    0.000000   clock network delay (ideal)
                      0.150000    0.000000    0.000000 ^ _3195_/CLK (sky130_fd_sc_hd__dfxtp_2)
     1    0.002563    0.021620    0.214480    0.214480 ^ _3195_/Q (sky130_fd_sc_hd__dfxtp_2)
                                                         result_data_w[26] (net)
                      0.021620    0.000000    0.214480 ^ _1557_/A1 (sky130_fd_sc_hd__o211a_2)
     1    0.001748    0.022369    0.090727    0.305208 ^ _1557_/X (sky130_fd_sc_hd__o211a_2)
                                                         _0047_ (net)
                      0.022369    0.000000    0.305208 ^ _2930_/D (sky130_fd_sc_hd__dfxtp_2)
                                              0.305208   data arrival time

                      0.150000    0.000000    0.000000   clock clk (rise edge)
                                  0.000000    0.000000   clock network delay (ideal)
                                  0.250000    0.250000   clock uncertainty
                                  0.000000    0.250000   clock reconvergence pessimism
                                              0.250000 ^ _2930_/CLK (sky130_fd_sc_hd__dfxtp_2)
                                 -0.013860    0.236140   library hold time
                                              0.236140   data required time
---------------------------------------------------------------------------------------------
                                              0.236140   data required time
                                             -0.305208   data arrival time
---------------------------------------------------------------------------------------------
                                              0.069067   slack (MET)


Startpoint: _3196_ (rising edge-triggered flip-flop clocked by clk)
Endpoint: _2931_ (rising edge-triggered flip-flop clocked by clk)
Path Group: clk
Path Type: min

Fanout         Cap        Slew       Delay        Time   Description
---------------------------------------------------------------------------------------------
                      0.150000    0.000000    0.000000   clock clk (rise edge)
                                  0.000000    0.000000   clock network delay (ideal)
                      0.150000    0.000000    0.000000 ^ _3196_/CLK (sky130_fd_sc_hd__dfxtp_2)
     1    0.002563    0.021620    0.214480    0.214480 ^ _3196_/Q (sky130_fd_sc_hd__dfxtp_2)
                                                         result_data_w[27] (net)
                      0.021620    0.000000    0.214480 ^ _1559_/A1 (sky130_fd_sc_hd__o211a_2)
     1    0.001748    0.022369    0.090727    0.305208 ^ _1559_/X (sky130_fd_sc_hd__o211a_2)
                                                         _0048_ (net)
                      0.022369    0.000000    0.305208 ^ _2931_/D (sky130_fd_sc_hd__dfxtp_2)
                                              0.305208   data arrival time

                      0.150000    0.000000    0.000000   clock clk (rise edge)
                                  0.000000    0.000000   clock network delay (ideal)
                                  0.250000    0.250000   clock uncertainty
                                  0.000000    0.250000   clock reconvergence pessimism
                                              0.250000 ^ _2931_/CLK (sky130_fd_sc_hd__dfxtp_2)
                                 -0.013860    0.236140   library hold time
                                              0.236140   data required time
---------------------------------------------------------------------------------------------
                                              0.236140   data required time
                                             -0.305208   data arrival time
---------------------------------------------------------------------------------------------
                                              0.069067   slack (MET)


Startpoint: _3197_ (rising edge-triggered flip-flop clocked by clk)
Endpoint: _2932_ (rising edge-triggered flip-flop clocked by clk)
Path Group: clk
Path Type: min

Fanout         Cap        Slew       Delay        Time   Description
---------------------------------------------------------------------------------------------
                      0.150000    0.000000    0.000000   clock clk (rise edge)
                                  0.000000    0.000000   clock network delay (ideal)
                      0.150000    0.000000    0.000000 ^ _3197_/CLK (sky130_fd_sc_hd__dfxtp_2)
     1    0.002563    0.021620    0.214480    0.214480 ^ _3197_/Q (sky130_fd_sc_hd__dfxtp_2)
                                                         result_data_w[28] (net)
                      0.021620    0.000000    0.214480 ^ _1561_/A1 (sky130_fd_sc_hd__o211a_2)
     1    0.001748    0.022369    0.090727    0.305208 ^ _1561_/X (sky130_fd_sc_hd__o211a_2)
                                                         _0049_ (net)
                      0.022369    0.000000    0.305208 ^ _2932_/D (sky130_fd_sc_hd__dfxtp_2)
                                              0.305208   data arrival time

                      0.150000    0.000000    0.000000   clock clk (rise edge)
                                  0.000000    0.000000   clock network delay (ideal)
                                  0.250000    0.250000   clock uncertainty
                                  0.000000    0.250000   clock reconvergence pessimism
                                              0.250000 ^ _2932_/CLK (sky130_fd_sc_hd__dfxtp_2)
                                 -0.013860    0.236140   library hold time
                                              0.236140   data required time
---------------------------------------------------------------------------------------------
                                              0.236140   data required time
                                             -0.305208   data arrival time
---------------------------------------------------------------------------------------------
                                              0.069067   slack (MET)


Startpoint: _3198_ (rising edge-triggered flip-flop clocked by clk)
Endpoint: _2933_ (rising edge-triggered flip-flop clocked by clk)
Path Group: clk
Path Type: min

Fanout         Cap        Slew       Delay        Time   Description
---------------------------------------------------------------------------------------------
                      0.150000    0.000000    0.000000   clock clk (rise edge)
                                  0.000000    0.000000   clock network delay (ideal)
                      0.150000    0.000000    0.000000 ^ _3198_/CLK (sky130_fd_sc_hd__dfxtp_2)
     1    0.002563    0.021620    0.214480    0.214480 ^ _3198_/Q (sky130_fd_sc_hd__dfxtp_2)
                                                         result_data_w[29] (net)
                      0.021620    0.000000    0.214480 ^ _1563_/A1 (sky130_fd_sc_hd__o211a_2)
     1    0.001748    0.022369    0.090727    0.305208 ^ _1563_/X (sky130_fd_sc_hd__o211a_2)
                                                         _0050_ (net)
                      0.022369    0.000000    0.305208 ^ _2933_/D (sky130_fd_sc_hd__dfxtp_2)
                                              0.305208   data arrival time

                      0.150000    0.000000    0.000000   clock clk (rise edge)
                                  0.000000    0.000000   clock network delay (ideal)
                                  0.250000    0.250000   clock uncertainty
                                  0.000000    0.250000   clock reconvergence pessimism
                                              0.250000 ^ _2933_/CLK (sky130_fd_sc_hd__dfxtp_2)
                                 -0.013860    0.236140   library hold time
                                              0.236140   data required time
---------------------------------------------------------------------------------------------
                                              0.236140   data required time
                                             -0.305208   data arrival time
---------------------------------------------------------------------------------------------
                                              0.069067   slack (MET)


Startpoint: _3199_ (rising edge-triggered flip-flop clocked by clk)
Endpoint: _2934_ (rising edge-triggered flip-flop clocked by clk)
Path Group: clk
Path Type: min

Fanout         Cap        Slew       Delay        Time   Description
---------------------------------------------------------------------------------------------
                      0.150000    0.000000    0.000000   clock clk (rise edge)
                                  0.000000    0.000000   clock network delay (ideal)
                      0.150000    0.000000    0.000000 ^ _3199_/CLK (sky130_fd_sc_hd__dfxtp_2)
     1    0.002563    0.021620    0.214480    0.214480 ^ _3199_/Q (sky130_fd_sc_hd__dfxtp_2)
                                                         result_data_w[30] (net)
                      0.021620    0.000000    0.214480 ^ _1565_/A1 (sky130_fd_sc_hd__o211a_2)
     1    0.001748    0.022369    0.090727    0.305208 ^ _1565_/X (sky130_fd_sc_hd__o211a_2)
                                                         _0051_ (net)
                      0.022369    0.000000    0.305208 ^ _2934_/D (sky130_fd_sc_hd__dfxtp_2)
                                              0.305208   data arrival time

                      0.150000    0.000000    0.000000   clock clk (rise edge)
                                  0.000000    0.000000   clock network delay (ideal)
                                  0.250000    0.250000   clock uncertainty
                                  0.000000    0.250000   clock reconvergence pessimism
                                              0.250000 ^ _2934_/CLK (sky130_fd_sc_hd__dfxtp_2)
                                 -0.013860    0.236140   library hold time
                                              0.236140   data required time
---------------------------------------------------------------------------------------------
                                              0.236140   data required time
                                             -0.305208   data arrival time
---------------------------------------------------------------------------------------------
                                              0.069067   slack (MET)


Startpoint: _3200_ (rising edge-triggered flip-flop clocked by clk)
Endpoint: _2935_ (rising edge-triggered flip-flop clocked by clk)
Path Group: clk
Path Type: min

Fanout         Cap        Slew       Delay        Time   Description
---------------------------------------------------------------------------------------------
                      0.150000    0.000000    0.000000   clock clk (rise edge)
                                  0.000000    0.000000   clock network delay (ideal)
                      0.150000    0.000000    0.000000 ^ _3200_/CLK (sky130_fd_sc_hd__dfxtp_2)
     1    0.002563    0.021620    0.214480    0.214480 ^ _3200_/Q (sky130_fd_sc_hd__dfxtp_2)
                                                         result_data_w[31] (net)
                      0.021620    0.000000    0.214480 ^ _1567_/A1 (sky130_fd_sc_hd__o211a_2)
     1    0.001748    0.022369    0.090727    0.305208 ^ _1567_/X (sky130_fd_sc_hd__o211a_2)
                                                         _0052_ (net)
                      0.022369    0.000000    0.305208 ^ _2935_/D (sky130_fd_sc_hd__dfxtp_2)
                                              0.305208   data arrival time

                      0.150000    0.000000    0.000000   clock clk (rise edge)
                                  0.000000    0.000000   clock network delay (ideal)
                                  0.250000    0.250000   clock uncertainty
                                  0.000000    0.250000   clock reconvergence pessimism
                                              0.250000 ^ _2935_/CLK (sky130_fd_sc_hd__dfxtp_2)
                                 -0.013860    0.236140   library hold time
                                              0.236140   data required time
---------------------------------------------------------------------------------------------
                                              0.236140   data required time
                                             -0.305208   data arrival time
---------------------------------------------------------------------------------------------
                                              0.069067   slack (MET)


Startpoint: _3135_ (rising edge-triggered flip-flop clocked by clk)
Endpoint: _3135_ (rising edge-triggered flip-flop clocked by clk)
Path Group: clk
Path Type: min

Fanout         Cap        Slew       Delay        Time   Description
---------------------------------------------------------------------------------------------
                      0.150000    0.000000    0.000000   clock clk (rise edge)
                                  0.000000    0.000000   clock network delay (ideal)
                      0.150000    0.000000    0.000000 ^ _3135_/CLK (sky130_fd_sc_hd__dfxtp_2)
     4    0.012251    0.032020    0.236130    0.236130 v _3135_/Q (sky130_fd_sc_hd__dfxtp_2)
                                                         u_core.pe_array[0].u_pe.accum_reg[2] (net)
                      0.032020    0.000000    0.236130 v _2772_/B (sky130_fd_sc_hd__nand2_2)
     1    0.004628    0.034691    0.044868    0.280998 ^ _2772_/Y (sky130_fd_sc_hd__nand2_2)
                                                         _1200_ (net)
                      0.034691    0.000000    0.280998 ^ _2774_/A1 (sky130_fd_sc_hd__a21oi_2)
     1    0.001783    0.016757    0.022304    0.303302 v _2774_/Y (sky130_fd_sc_hd__a21oi_2)
                                                         _0249_ (net)
                      0.016757    0.000000    0.303302 v _3135_/D (sky130_fd_sc_hd__dfxtp_2)
                                              0.303302   data arrival time

                      0.150000    0.000000    0.000000   clock clk (rise edge)
                                  0.000000    0.000000   clock network delay (ideal)
                                  0.250000    0.250000   clock uncertainty
                                  0.000000    0.250000   clock reconvergence pessimism
                                              0.250000 ^ _3135_/CLK (sky130_fd_sc_hd__dfxtp_2)
                                 -0.018216    0.231784   library hold time
                                              0.231784   data required time
---------------------------------------------------------------------------------------------
                                              0.231784   data required time
                                             -0.303302   data arrival time
---------------------------------------------------------------------------------------------
                                              0.071518   slack (MET)


Startpoint: _2896_ (rising edge-triggered flip-flop clocked by clk)
Endpoint: _2896_ (rising edge-triggered flip-flop clocked by clk)
Path Group: clk
Path Type: min

Fanout         Cap        Slew       Delay        Time   Description
---------------------------------------------------------------------------------------------
                      0.150000    0.000000    0.000000   clock clk (rise edge)
                                  0.000000    0.000000   clock network delay (ideal)
                      0.150000    0.000000    0.000000 ^ _2896_/CLK (sky130_fd_sc_hd__dfxtp_2)
     4    0.010390    0.048070    0.236494    0.236494 ^ _2896_/Q (sky130_fd_sc_hd__dfxtp_2)
                                                         pixel_cnt[1] (net)
                      0.048070    0.000000    0.236494 ^ _1492_/A1 (sky130_fd_sc_hd__o21a_2)
     1    0.001748    0.016465    0.073055    0.309549 ^ _1492_/X (sky130_fd_sc_hd__o21a_2)
                                                         _0013_ (net)
                      0.016465    0.000000    0.309549 ^ _2896_/D (sky130_fd_sc_hd__dfxtp_2)
                                              0.309549   data arrival time

                      0.150000    0.000000    0.000000   clock clk (rise edge)
                                  0.000000    0.000000   clock network delay (ideal)
                                  0.250000    0.250000   clock uncertainty
                                  0.000000    0.250000   clock reconvergence pessimism
                                              0.250000 ^ _2896_/CLK (sky130_fd_sc_hd__dfxtp_2)
                                 -0.013449    0.236551   library hold time
                                              0.236551   data required time
---------------------------------------------------------------------------------------------
                                              0.236551   data required time
                                             -0.309549   data arrival time
---------------------------------------------------------------------------------------------
                                              0.072998   slack (MET)


Startpoint: _2892_ (rising edge-triggered flip-flop clocked by clk)
Endpoint: _2939_ (rising edge-triggered flip-flop clocked by clk)
Path Group: clk
Path Type: min

Fanout         Cap        Slew       Delay        Time   Description
---------------------------------------------------------------------------------------------
                      0.150000    0.000000    0.000000   clock clk (rise edge)
                                  0.000000    0.000000   clock network delay (ideal)
                      0.150000    0.000000    0.000000 ^ _2892_/CLK (sky130_fd_sc_hd__dfxtp_2)
     4    0.012392    0.032229    0.236379    0.236379 v _2892_/Q (sky130_fd_sc_hd__dfxtp_2)
                                                         w_load_cnt[1] (net)
                      0.032229    0.000000    0.236379 v _1466_/A (sky130_fd_sc_hd__nand2_2)
     2    0.006682    0.035583    0.043358    0.279737 ^ _1466_/Y (sky130_fd_sc_hd__nand2_2)
                                                         _1266_ (net)
                      0.035583    0.000000    0.279737 ^ _1468_/A2 (sky130_fd_sc_hd__a21oi_2)
     1    0.001783    0.017122    0.026207    0.305944 v _1468_/Y (sky130_fd_sc_hd__a21oi_2)
                                                         _0002_ (net)
                      0.017122    0.000000    0.305944 v _2939_/D (sky130_fd_sc_hd__dfxtp_2)
                                              0.305944   data arrival time

                      0.150000    0.000000    0.000000   clock clk (rise edge)
                                  0.000000    0.000000   clock network delay (ideal)
                                  0.250000    0.250000   clock uncertainty
                                  0.000000    0.250000   clock reconvergence pessimism
                                              0.250000 ^ _2939_/CLK (sky130_fd_sc_hd__dfxtp_2)
                                 -0.018338    0.231662   library hold time
                                              0.231662   data required time
---------------------------------------------------------------------------------------------
                                              0.231662   data required time
                                             -0.305944   data arrival time
---------------------------------------------------------------------------------------------
                                              0.074282   slack (MET)


Startpoint: _2895_ (rising edge-triggered flip-flop clocked by clk)
Endpoint: _2895_ (rising edge-triggered flip-flop clocked by clk)
Path Group: clk
Path Type: min

Fanout         Cap        Slew       Delay        Time   Description
---------------------------------------------------------------------------------------------
                      0.150000    0.000000    0.000000   clock clk (rise edge)
                                  0.000000    0.000000   clock network delay (ideal)
                      0.150000    0.000000    0.000000 ^ _2895_/CLK (sky130_fd_sc_hd__dfxtp_2)
     3    0.009676    0.028205    0.231590    0.231590 v _2895_/Q (sky130_fd_sc_hd__dfxtp_2)
                                                         pixel_cnt[0] (net)
                      0.028205    0.000000    0.231590 v _1487_/B1 (sky130_fd_sc_hd__a21oi_2)
     1    0.004667    0.047328    0.048777    0.280368 ^ _1487_/Y (sky130_fd_sc_hd__a21oi_2)
                                                         _1278_ (net)
                      0.047328    0.000000    0.280368 ^ _1489_/C (sky130_fd_sc_hd__nor4_2)
     1    0.001783    0.018040    0.025536    0.305904 v _1489_/Y (sky130_fd_sc_hd__nor4_2)
                                                         _0012_ (net)
                      0.018040    0.000000    0.305904 v _2895_/D (sky130_fd_sc_hd__dfxtp_2)
                                              0.305904   data arrival time

                      0.150000    0.000000    0.000000   clock clk (rise edge)
                                  0.000000    0.000000   clock network delay (ideal)
                                  0.250000    0.250000   clock uncertainty
                                  0.000000    0.250000   clock reconvergence pessimism
                                              0.250000 ^ _2895_/CLK (sky130_fd_sc_hd__dfxtp_2)
                                 -0.018644    0.231356   library hold time
                                              0.231356   data required time
---------------------------------------------------------------------------------------------
                                              0.231356   data required time
                                             -0.305904   data arrival time
---------------------------------------------------------------------------------------------
                                              0.074547   slack (MET)


Startpoint: _3137_ (rising edge-triggered flip-flop clocked by clk)
Endpoint: _3137_ (rising edge-triggered flip-flop clocked by clk)
Path Group: clk
Path Type: min

Fanout         Cap        Slew       Delay        Time   Description
---------------------------------------------------------------------------------------------
                      0.150000    0.000000    0.000000   clock clk (rise edge)
                                  0.000000    0.000000   clock network delay (ideal)
                      0.150000    0.000000    0.000000 ^ _3137_/CLK (sky130_fd_sc_hd__dfxtp_2)
     4    0.014215    0.034924    0.239567    0.239567 v _3137_/Q (sky130_fd_sc_hd__dfxtp_2)
                                                         u_core.pe_array[0].u_pe.accum_reg[4] (net)
                      0.034924    0.000000    0.239567 v _2778_/B (sky130_fd_sc_hd__nand2_2)
     1    0.004628    0.034836    0.046087    0.285654 ^ _2778_/Y (sky130_fd_sc_hd__nand2_2)
                                                         _1204_ (net)
                      0.034836    0.000000    0.285654 ^ _2780_/A1 (sky130_fd_sc_hd__a21oi_2)
     1    0.001783    0.016718    0.022329    0.307983 v _2780_/Y (sky130_fd_sc_hd__a21oi_2)
                                                         _0251_ (net)
                      0.016718    0.000000    0.307983 v _3137_/D (sky130_fd_sc_hd__dfxtp_2)
                                              0.307983   data arrival time

                      0.150000    0.000000    0.000000   clock clk (rise edge)
                                  0.000000    0.000000   clock network delay (ideal)
                                  0.250000    0.250000   clock uncertainty
                                  0.000000    0.250000   clock reconvergence pessimism
                                              0.250000 ^ _3137_/CLK (sky130_fd_sc_hd__dfxtp_2)
                                 -0.018203    0.231797   library hold time
                                              0.231797   data required time
---------------------------------------------------------------------------------------------
                                              0.231797   data required time
                                             -0.307983   data arrival time
---------------------------------------------------------------------------------------------
                                              0.076186   slack (MET)


Startpoint: _3141_ (rising edge-triggered flip-flop clocked by clk)
Endpoint: _3141_ (rising edge-triggered flip-flop clocked by clk)
Path Group: clk
Path Type: min

Fanout         Cap        Slew       Delay        Time   Description
---------------------------------------------------------------------------------------------
                      0.150000    0.000000    0.000000   clock clk (rise edge)
                                  0.000000    0.000000   clock network delay (ideal)
                      0.150000    0.000000    0.000000 ^ _3141_/CLK (sky130_fd_sc_hd__dfxtp_2)
     3    0.014778    0.035707    0.240301    0.240301 v _3141_/Q (sky130_fd_sc_hd__dfxtp_2)
                                                         u_core.pe_array[0].u_pe.accum_reg[8] (net)
                      0.035707    0.000000    0.240301 v _2788_/B (sky130_fd_sc_hd__nand2_2)
     1    0.004628    0.034875    0.046415    0.286716 ^ _2788_/Y (sky130_fd_sc_hd__nand2_2)
                                                         _1210_ (net)
                      0.034875    0.000000    0.286716 ^ _2790_/A1 (sky130_fd_sc_hd__a21oi_2)
     1    0.001783    0.016717    0.022336    0.309052 v _2790_/Y (sky130_fd_sc_hd__a21oi_2)
                                                         _0255_ (net)
                      0.016717    0.000000    0.309052 v _3141_/D (sky130_fd_sc_hd__dfxtp_2)
                                              0.309052   data arrival time

                      0.150000    0.000000    0.000000   clock clk (rise edge)
                                  0.000000    0.000000   clock network delay (ideal)
                                  0.250000    0.250000   clock uncertainty
                                  0.000000    0.250000   clock reconvergence pessimism
                                              0.250000 ^ _3141_/CLK (sky130_fd_sc_hd__dfxtp_2)
                                 -0.018203    0.231797   library hold time
                                              0.231797   data required time
---------------------------------------------------------------------------------------------
                                              0.231797   data required time
                                             -0.309052   data arrival time
---------------------------------------------------------------------------------------------
                                              0.077254   slack (MET)


Startpoint: _3143_ (rising edge-triggered flip-flop clocked by clk)
Endpoint: _3143_ (rising edge-triggered flip-flop clocked by clk)
Path Group: clk
Path Type: min

Fanout         Cap        Slew       Delay        Time   Description
---------------------------------------------------------------------------------------------
                      0.150000    0.000000    0.000000   clock clk (rise edge)
                                  0.000000    0.000000   clock network delay (ideal)
                      0.150000    0.000000    0.000000 ^ _3143_/CLK (sky130_fd_sc_hd__dfxtp_2)
     3    0.014778    0.035707    0.240301    0.240301 v _3143_/Q (sky130_fd_sc_hd__dfxtp_2)
                                                         u_core.pe_array[0].u_pe.accum_reg[10] (net)
                      0.035707    0.000000    0.240301 v _2794_/B (sky130_fd_sc_hd__nand2_2)
     1    0.004628    0.034875    0.046415    0.286716 ^ _2794_/Y (sky130_fd_sc_hd__nand2_2)
                                                         _1214_ (net)
                      0.034875    0.000000    0.286716 ^ _2796_/A1 (sky130_fd_sc_hd__a21oi_2)
     1    0.001783    0.016717    0.022336    0.309052 v _2796_/Y (sky130_fd_sc_hd__a21oi_2)
                                                         _0257_ (net)
                      0.016717    0.000000    0.309052 v _3143_/D (sky130_fd_sc_hd__dfxtp_2)
                                              0.309052   data arrival time

                      0.150000    0.000000    0.000000   clock clk (rise edge)
                                  0.000000    0.000000   clock network delay (ideal)
                                  0.250000    0.250000   clock uncertainty
                                  0.000000    0.250000   clock reconvergence pessimism
                                              0.250000 ^ _3143_/CLK (sky130_fd_sc_hd__dfxtp_2)
                                 -0.018203    0.231797   library hold time
                                              0.231797   data required time
---------------------------------------------------------------------------------------------
                                              0.231797   data required time
                                             -0.309052   data arrival time
---------------------------------------------------------------------------------------------
                                              0.077254   slack (MET)


Startpoint: _3144_ (rising edge-triggered flip-flop clocked by clk)
Endpoint: _3144_ (rising edge-triggered flip-flop clocked by clk)
Path Group: clk
Path Type: min

Fanout         Cap        Slew       Delay        Time   Description
---------------------------------------------------------------------------------------------
                      0.150000    0.000000    0.000000   clock clk (rise edge)
                                  0.000000    0.000000   clock network delay (ideal)
                      0.150000    0.000000    0.000000 ^ _3144_/CLK (sky130_fd_sc_hd__dfxtp_2)
     3    0.014778    0.035707    0.240301    0.240301 v _3144_/Q (sky130_fd_sc_hd__dfxtp_2)
                                                         u_core.pe_array[0].u_pe.accum_reg[11] (net)
                      0.035707    0.000000    0.240301 v _2797_/B (sky130_fd_sc_hd__nand2_2)
     1    0.004628    0.034875    0.046415    0.286716 ^ _2797_/Y (sky130_fd_sc_hd__nand2_2)
                                                         _1216_ (net)
                      0.034875    0.000000    0.286716 ^ _2799_/A1 (sky130_fd_sc_hd__a21oi_2)
     1    0.001783    0.016718    0.022336    0.309052 v _2799_/Y (sky130_fd_sc_hd__a21oi_2)
                                                         _0258_ (net)
                      0.016718    0.000000    0.309052 v _3144_/D (sky130_fd_sc_hd__dfxtp_2)
                                              0.309052   data arrival time

                      0.150000    0.000000    0.000000   clock clk (rise edge)
                                  0.000000    0.000000   clock network delay (ideal)
                                  0.250000    0.250000   clock uncertainty
                                  0.000000    0.250000   clock reconvergence pessimism
                                              0.250000 ^ _3144_/CLK (sky130_fd_sc_hd__dfxtp_2)
                                 -0.018203    0.231797   library hold time
                                              0.231797   data required time
---------------------------------------------------------------------------------------------
                                              0.231797   data required time
                                             -0.309052   data arrival time
---------------------------------------------------------------------------------------------
                                              0.077255   slack (MET)


Startpoint: _2897_ (rising edge-triggered flip-flop clocked by clk)
Endpoint: _2897_ (rising edge-triggered flip-flop clocked by clk)
Path Group: clk
Path Type: min

Fanout         Cap        Slew       Delay        Time   Description
---------------------------------------------------------------------------------------------
                      0.150000    0.000000    0.000000   clock clk (rise edge)
                                  0.000000    0.000000   clock network delay (ideal)
                      0.150000    0.000000    0.000000 ^ _2897_/CLK (sky130_fd_sc_hd__dfxtp_2)
     3    0.011331    0.051316    0.239009    0.239009 ^ _2897_/Q (sky130_fd_sc_hd__dfxtp_2)
                                                         pixel_cnt[2] (net)
                      0.051316    0.000000    0.239009 ^ _1494_/A1 (sky130_fd_sc_hd__o21ai_2)
     1    0.004145    0.020898    0.037081    0.276090 v _1494_/Y (sky130_fd_sc_hd__o21ai_2)
                                                         _1283_ (net)
                      0.020898    0.000000    0.276090 v _1495_/B (sky130_fd_sc_hd__nor2_2)
     1    0.001748    0.036068    0.037026    0.313116 ^ _1495_/Y (sky130_fd_sc_hd__nor2_2)
                                                         _0014_ (net)
                      0.036068    0.000000    0.313116 ^ _2897_/D (sky130_fd_sc_hd__dfxtp_2)
                                              0.313116   data arrival time

                      0.150000    0.000000    0.000000   clock clk (rise edge)
                                  0.000000    0.000000   clock network delay (ideal)
                                  0.250000    0.250000   clock uncertainty
                                  0.000000    0.250000   clock reconvergence pessimism
                                              0.250000 ^ _2897_/CLK (sky130_fd_sc_hd__dfxtp_2)
                                 -0.014813    0.235187   library hold time
                                              0.235187   data required time
---------------------------------------------------------------------------------------------
                                              0.235187   data required time
                                             -0.313116   data arrival time
---------------------------------------------------------------------------------------------
                                              0.077928   slack (MET)


Startpoint: _3138_ (rising edge-triggered flip-flop clocked by clk)
Endpoint: _3138_ (rising edge-triggered flip-flop clocked by clk)
Path Group: clk
Path Type: min

Fanout         Cap        Slew       Delay        Time   Description
---------------------------------------------------------------------------------------------
                      0.150000    0.000000    0.000000   clock clk (rise edge)
                                  0.000000    0.000000   clock network delay (ideal)
                      0.150000    0.000000    0.000000 ^ _3138_/CLK (sky130_fd_sc_hd__dfxtp_2)
     3    0.016776    0.038482    0.242904    0.242904 v _3138_/Q (sky130_fd_sc_hd__dfxtp_2)
                                                         u_core.pe_array[0].u_pe.accum_reg[5] (net)
                      0.038482    0.000000    0.242904 v _2781_/B (sky130_fd_sc_hd__nand2_2)
     1    0.004628    0.035014    0.047579    0.290483 ^ _2781_/Y (sky130_fd_sc_hd__nand2_2)
                                                         _1206_ (net)
                      0.035014    0.000000    0.290483 ^ _2783_/A1 (sky130_fd_sc_hd__a21oi_2)
     1    0.001783    0.016717    0.022360    0.312844 v _2783_/Y (sky130_fd_sc_hd__a21oi_2)
                                                         _0252_ (net)
                      0.016717    0.000000    0.312844 v _3138_/D (sky130_fd_sc_hd__dfxtp_2)
                                              0.312844   data arrival time

                      0.150000    0.000000    0.000000   clock clk (rise edge)
                                  0.000000    0.000000   clock network delay (ideal)
                                  0.250000    0.250000   clock uncertainty
                                  0.000000    0.250000   clock reconvergence pessimism
                                              0.250000 ^ _3138_/CLK (sky130_fd_sc_hd__dfxtp_2)
                                 -0.018203    0.231797   library hold time
                                              0.231797   data required time
---------------------------------------------------------------------------------------------
                                              0.231797   data required time
                                             -0.312844   data arrival time
---------------------------------------------------------------------------------------------
                                              0.081046   slack (MET)


Startpoint: _3146_ (rising edge-triggered flip-flop clocked by clk)
Endpoint: _3146_ (rising edge-triggered flip-flop clocked by clk)
Path Group: clk
Path Type: min

Fanout         Cap        Slew       Delay        Time   Description
---------------------------------------------------------------------------------------------
                      0.150000    0.000000    0.000000   clock clk (rise edge)
                                  0.000000    0.000000   clock network delay (ideal)
                      0.150000    0.000000    0.000000 ^ _3146_/CLK (sky130_fd_sc_hd__dfxtp_2)
     3    0.016776    0.038482    0.242904    0.242904 v _3146_/Q (sky130_fd_sc_hd__dfxtp_2)
                                                         u_core.pe_array[0].u_pe.accum_reg[13] (net)
                      0.038482    0.000000    0.242904 v _2802_/B (sky130_fd_sc_hd__nand2_2)
     1    0.004628    0.035014    0.047579    0.290483 ^ _2802_/Y (sky130_fd_sc_hd__nand2_2)
                                                         _1219_ (net)
                      0.035014    0.000000    0.290483 ^ _2804_/A1 (sky130_fd_sc_hd__a21oi_2)
     1    0.001783    0.016724    0.022360    0.312844 v _2804_/Y (sky130_fd_sc_hd__a21oi_2)
                                                         _0260_ (net)
                      0.016724    0.000000    0.312844 v _3146_/D (sky130_fd_sc_hd__dfxtp_2)
                                              0.312844   data arrival time

                      0.150000    0.000000    0.000000   clock clk (rise edge)
                                  0.000000    0.000000   clock network delay (ideal)
                                  0.250000    0.250000   clock uncertainty
                                  0.000000    0.250000   clock reconvergence pessimism
                                              0.250000 ^ _3146_/CLK (sky130_fd_sc_hd__dfxtp_2)
                                 -0.018205    0.231795   library hold time
                                              0.231795   data required time
---------------------------------------------------------------------------------------------
                                              0.231795   data required time
                                             -0.312844   data arrival time
---------------------------------------------------------------------------------------------
                                              0.081049   slack (MET)


Startpoint: _3134_ (rising edge-triggered flip-flop clocked by clk)
Endpoint: _3134_ (rising edge-triggered flip-flop clocked by clk)
Path Group: clk
Path Type: min

Fanout         Cap        Slew       Delay        Time   Description
---------------------------------------------------------------------------------------------
                      0.150000    0.000000    0.000000   clock clk (rise edge)
                                  0.000000    0.000000   clock network delay (ideal)
                      0.150000    0.000000    0.000000 ^ _3134_/CLK (sky130_fd_sc_hd__dfxtp_2)
     3    0.017067    0.038887    0.243283    0.243283 v _3134_/Q (sky130_fd_sc_hd__dfxtp_2)
                                                         u_core.pe_array[0].u_pe.accum_reg[1] (net)
                      0.038887    0.000000    0.243283 v _2769_/B (sky130_fd_sc_hd__nand2_2)
     1    0.004628    0.035034    0.047749    0.291032 ^ _2769_/Y (sky130_fd_sc_hd__nand2_2)
                                                         _1198_ (net)
                      0.035034    0.000000    0.291032 ^ _2771_/A1 (sky130_fd_sc_hd__a21oi_2)
     1    0.001783    0.016783    0.022364    0.313396 v _2771_/Y (sky130_fd_sc_hd__a21oi_2)
                                                         _0248_ (net)
                      0.016783    0.000000    0.313396 v _3134_/D (sky130_fd_sc_hd__dfxtp_2)
                                              0.313396   data arrival time

                      0.150000    0.000000    0.000000   clock clk (rise edge)
                                  0.000000    0.000000   clock network delay (ideal)
                                  0.250000    0.250000   clock uncertainty
                                  0.000000    0.250000   clock reconvergence pessimism
                                              0.250000 ^ _3134_/CLK (sky130_fd_sc_hd__dfxtp_2)
                                 -0.018225    0.231775   library hold time
                                              0.231775   data required time
---------------------------------------------------------------------------------------------
                                              0.231775   data required time
                                             -0.313396   data arrival time
---------------------------------------------------------------------------------------------
                                              0.081621   slack (MET)


Startpoint: _2937_ (rising edge-triggered flip-flop clocked by clk)
Endpoint: _2937_ (rising edge-triggered flip-flop clocked by clk)
Path Group: clk
Path Type: min

Fanout         Cap        Slew       Delay        Time   Description
---------------------------------------------------------------------------------------------
                      0.150000    0.000000    0.000000   clock clk (rise edge)
                                  0.000000    0.000000   clock network delay (ideal)
                      0.150000    0.000000    0.000000 ^ _2937_/CLK (sky130_fd_sc_hd__dfxtp_2)
     5    0.016261    0.068817    0.251970    0.251970 ^ _2937_/Q (sky130_fd_sc_hd__dfxtp_2)
                                                         state[0] (net)
                      0.068817    0.000000    0.251970 ^ _1459_/A1 (sky130_fd_sc_hd__a21o_2)
     1    0.001748    0.017562    0.069233    0.321204 ^ _1459_/X (sky130_fd_sc_hd__a21o_2)
                                                         _0000_ (net)
                      0.017562    0.000000    0.321204 ^ _2937_/D (sky130_fd_sc_hd__dfxtp_2)
                                              0.321204   data arrival time

                      0.150000    0.000000    0.000000   clock clk (rise edge)
                                  0.000000    0.000000   clock network delay (ideal)
                                  0.250000    0.250000   clock uncertainty
                                  0.000000    0.250000   clock reconvergence pessimism
                                              0.250000 ^ _2937_/CLK (sky130_fd_sc_hd__dfxtp_2)
                                 -0.013526    0.236474   library hold time
                                              0.236474   data required time
---------------------------------------------------------------------------------------------
                                              0.236474   data required time
                                             -0.321204   data arrival time
---------------------------------------------------------------------------------------------
                                              0.084729   slack (MET)


Startpoint: _2889_ (rising edge-triggered flip-flop clocked by clk)
Endpoint: _2957_ (rising edge-triggered flip-flop clocked by clk)
Path Group: clk
Path Type: min

Fanout         Cap        Slew       Delay        Time   Description
---------------------------------------------------------------------------------------------
                      0.150000    0.000000    0.000000   clock clk (rise edge)
                                  0.000000    0.000000   clock network delay (ideal)
                      0.150000    0.000000    0.000000 ^ _2889_/CLK (sky130_fd_sc_hd__dfxtp_2)
     4    0.010157    0.047266    0.235871    0.235871 ^ _2889_/Q (sky130_fd_sc_hd__dfxtp_2)
                                                         u_intf.u_slave.rd_state[0] (net)
                      0.047266    0.000000    0.235871 ^ _1598_/A2 (sky130_fd_sc_hd__o211a_2)
     1    0.001748    0.023732    0.089286    0.325156 ^ _1598_/X (sky130_fd_sc_hd__o211a_2)
                                                         _0071_ (net)
                      0.023732    0.000000    0.325156 ^ _2957_/D (sky130_fd_sc_hd__dfxtp_2)
                                              0.325156   data arrival time

                      0.150000    0.000000    0.000000   clock clk (rise edge)
                                  0.000000    0.000000   clock network delay (ideal)
                                  0.250000    0.250000   clock uncertainty
                                  0.000000    0.250000   clock reconvergence pessimism
                                              0.250000 ^ _2957_/CLK (sky130_fd_sc_hd__dfxtp_2)
                                 -0.013955    0.236045   library hold time
                                              0.236045   data required time
---------------------------------------------------------------------------------------------
                                              0.236045   data required time
                                             -0.325156   data arrival time
---------------------------------------------------------------------------------------------
                                              0.089111   slack (MET)


Startpoint: _2937_ (rising edge-triggered flip-flop clocked by clk)
Endpoint: _2903_ (rising edge-triggered flip-flop clocked by clk)
Path Group: clk
Path Type: min

Fanout         Cap        Slew       Delay        Time   Description
---------------------------------------------------------------------------------------------
                      0.150000    0.000000    0.000000   clock clk (rise edge)
                                  0.000000    0.000000   clock network delay (ideal)
                      0.150000    0.000000    0.000000 ^ _2937_/CLK (sky130_fd_sc_hd__dfxtp_2)
     5    0.014875    0.035841    0.240427    0.240427 v _2937_/Q (sky130_fd_sc_hd__dfxtp_2)
                                                         state[0] (net)
                      0.035841    0.000000    0.240427 v _1464_/B (sky130_fd_sc_hd__nand2_2)
     3    0.012336    0.056624    0.066594    0.307022 ^ _1464_/Y (sky130_fd_sc_hd__nand2_2)
                                                         _1264_ (net)
                      0.056624    0.000000    0.307022 ^ _1467_/B (sky130_fd_sc_hd__nor2_2)
     1    0.001783    0.015565    0.015647    0.322668 v _1467_/Y (sky130_fd_sc_hd__nor2_2)
                                                         _0020_ (net)
                      0.015565    0.000000    0.322668 v _2903_/D (sky130_fd_sc_hd__dfxtp_2)
                                              0.322668   data arrival time

                      0.150000    0.000000    0.000000   clock clk (rise edge)
                                  0.000000    0.000000   clock network delay (ideal)
                                  0.250000    0.250000   clock uncertainty
                                  0.000000    0.250000   clock reconvergence pessimism
                                              0.250000 ^ _2903_/CLK (sky130_fd_sc_hd__dfxtp_2)
                                 -0.017819    0.232181   library hold time
                                              0.232181   data required time
---------------------------------------------------------------------------------------------
                                              0.232181   data required time
                                             -0.322668   data arrival time
---------------------------------------------------------------------------------------------
                                              0.090487   slack (MET)


Startpoint: _2995_ (rising edge-triggered flip-flop clocked by clk)
Endpoint: _2940_ (rising edge-triggered flip-flop clocked by clk)
Path Group: clk
Path Type: min

Fanout         Cap        Slew       Delay        Time   Description
---------------------------------------------------------------------------------------------
                      0.150000    0.000000    0.000000   clock clk (rise edge)
                                  0.000000    0.000000   clock network delay (ideal)
                      0.150000    0.000000    0.000000 ^ _2995_/CLK (sky130_fd_sc_hd__dfxtp_2)
     1    0.001577    0.018479    0.211329    0.211329 ^ _2995_/Q (sky130_fd_sc_hd__dfxtp_2)
                                                         u_core.weight_din[0] (net)
                      0.018479    0.000000    0.211329 ^ _1571_/A (sky130_fd_sc_hd__and2_2)
     1    0.002557    0.024585    0.070449    0.281779 ^ _1571_/X (sky130_fd_sc_hd__and2_2)
                                                         _1321_ (net)
                      0.024585    0.000000    0.281779 ^ _1572_/B1 (sky130_fd_sc_hd__a31o_2)
     1    0.001748    0.016848    0.047621    0.329399 ^ _1572_/X (sky130_fd_sc_hd__a31o_2)
                                                         _0054_ (net)
                      0.016848    0.000000    0.329399 ^ _2940_/D (sky130_fd_sc_hd__dfxtp_2)
                                              0.329399   data arrival time

                      0.150000    0.000000    0.000000   clock clk (rise edge)
                                  0.000000    0.000000   clock network delay (ideal)
                                  0.250000    0.250000   clock uncertainty
                                  0.000000    0.250000   clock reconvergence pessimism
                                              0.250000 ^ _2940_/CLK (sky130_fd_sc_hd__dfxtp_2)
                                 -0.013476    0.236524   library hold time
                                              0.236524   data required time
---------------------------------------------------------------------------------------------
                                              0.236524   data required time
                                             -0.329399   data arrival time
---------------------------------------------------------------------------------------------
                                              0.092875   slack (MET)


Startpoint: _2996_ (rising edge-triggered flip-flop clocked by clk)
Endpoint: _2941_ (rising edge-triggered flip-flop clocked by clk)
Path Group: clk
Path Type: min

Fanout         Cap        Slew       Delay        Time   Description
---------------------------------------------------------------------------------------------
                      0.150000    0.000000    0.000000   clock clk (rise edge)
                                  0.000000    0.000000   clock network delay (ideal)
                      0.150000    0.000000    0.000000 ^ _2996_/CLK (sky130_fd_sc_hd__dfxtp_2)
     1    0.001577    0.018479    0.211329    0.211329 ^ _2996_/Q (sky130_fd_sc_hd__dfxtp_2)
                                                         u_core.weight_din[1] (net)
                      0.018479    0.000000    0.211329 ^ _1573_/A (sky130_fd_sc_hd__and2_2)
     1    0.002557    0.024585    0.070449    0.281779 ^ _1573_/X (sky130_fd_sc_hd__and2_2)
                                                         _1322_ (net)
                      0.024585    0.000000    0.281779 ^ _1574_/B1 (sky130_fd_sc_hd__a31o_2)
     1    0.001748    0.016848    0.047621    0.329399 ^ _1574_/X (sky130_fd_sc_hd__a31o_2)
                                                         _0055_ (net)
                      0.016848    0.000000    0.329399 ^ _2941_/D (sky130_fd_sc_hd__dfxtp_2)
                                              0.329399   data arrival time

                      0.150000    0.000000    0.000000   clock clk (rise edge)
                                  0.000000    0.000000   clock network delay (ideal)
                                  0.250000    0.250000   clock uncertainty
                                  0.000000    0.250000   clock reconvergence pessimism
                                              0.250000 ^ _2941_/CLK (sky130_fd_sc_hd__dfxtp_2)
                                 -0.013476    0.236524   library hold time
                                              0.236524   data required time
---------------------------------------------------------------------------------------------
                                              0.236524   data required time
                                             -0.329399   data arrival time
---------------------------------------------------------------------------------------------
                                              0.092875   slack (MET)


Startpoint: _2997_ (rising edge-triggered flip-flop clocked by clk)
Endpoint: _2942_ (rising edge-triggered flip-flop clocked by clk)
Path Group: clk
Path Type: min

Fanout         Cap        Slew       Delay        Time   Description
---------------------------------------------------------------------------------------------
                      0.150000    0.000000    0.000000   clock clk (rise edge)
                                  0.000000    0.000000   clock network delay (ideal)
                      0.150000    0.000000    0.000000 ^ _2997_/CLK (sky130_fd_sc_hd__dfxtp_2)
     1    0.001577    0.018479    0.211329    0.211329 ^ _2997_/Q (sky130_fd_sc_hd__dfxtp_2)
                                                         u_core.weight_din[2] (net)
                      0.018479    0.000000    0.211329 ^ _1575_/A (sky130_fd_sc_hd__and2_2)
     1    0.002557    0.024585    0.070449    0.281779 ^ _1575_/X (sky130_fd_sc_hd__and2_2)
                                                         _1323_ (net)
                      0.024585    0.000000    0.281779 ^ _1576_/B1 (sky130_fd_sc_hd__a31o_2)
     1    0.001748    0.016848    0.047621    0.329399 ^ _1576_/X (sky130_fd_sc_hd__a31o_2)
                                                         _0056_ (net)
                      0.016848    0.000000    0.329399 ^ _2942_/D (sky130_fd_sc_hd__dfxtp_2)
                                              0.329399   data arrival time

                      0.150000    0.000000    0.000000   clock clk (rise edge)
                                  0.000000    0.000000   clock network delay (ideal)
                                  0.250000    0.250000   clock uncertainty
                                  0.000000    0.250000   clock reconvergence pessimism
                                              0.250000 ^ _2942_/CLK (sky130_fd_sc_hd__dfxtp_2)
                                 -0.013476    0.236524   library hold time
                                              0.236524   data required time
---------------------------------------------------------------------------------------------
                                              0.236524   data required time
                                             -0.329399   data arrival time
---------------------------------------------------------------------------------------------
                                              0.092875   slack (MET)


Startpoint: _2998_ (rising edge-triggered flip-flop clocked by clk)
Endpoint: _2943_ (rising edge-triggered flip-flop clocked by clk)
Path Group: clk
Path Type: min

Fanout         Cap        Slew       Delay        Time   Description
---------------------------------------------------------------------------------------------
                      0.150000    0.000000    0.000000   clock clk (rise edge)
                                  0.000000    0.000000   clock network delay (ideal)
                      0.150000    0.000000    0.000000 ^ _2998_/CLK (sky130_fd_sc_hd__dfxtp_2)
     1    0.001577    0.018479    0.211329    0.211329 ^ _2998_/Q (sky130_fd_sc_hd__dfxtp_2)
                                                         u_core.weight_din[3] (net)
                      0.018479    0.000000    0.211329 ^ _1577_/A (sky130_fd_sc_hd__and2_2)
     1    0.002557    0.024585    0.070449    0.281779 ^ _1577_/X (sky130_fd_sc_hd__and2_2)
                                                         _1324_ (net)
                      0.024585    0.000000    0.281779 ^ _1578_/B1 (sky130_fd_sc_hd__a31o_2)
     1    0.001748    0.016848    0.047621    0.329399 ^ _1578_/X (sky130_fd_sc_hd__a31o_2)
                                                         _0057_ (net)
                      0.016848    0.000000    0.329399 ^ _2943_/D (sky130_fd_sc_hd__dfxtp_2)
                                              0.329399   data arrival time

                      0.150000    0.000000    0.000000   clock clk (rise edge)
                                  0.000000    0.000000   clock network delay (ideal)
                                  0.250000    0.250000   clock uncertainty
                                  0.000000    0.250000   clock reconvergence pessimism
                                              0.250000 ^ _2943_/CLK (sky130_fd_sc_hd__dfxtp_2)
                                 -0.013476    0.236524   library hold time
                                              0.236524   data required time
---------------------------------------------------------------------------------------------
                                              0.236524   data required time
                                             -0.329399   data arrival time
---------------------------------------------------------------------------------------------
                                              0.092875   slack (MET)


Startpoint: _2999_ (rising edge-triggered flip-flop clocked by clk)
Endpoint: _2944_ (rising edge-triggered flip-flop clocked by clk)
Path Group: clk
Path Type: min

Fanout         Cap        Slew       Delay        Time   Description
---------------------------------------------------------------------------------------------
                      0.150000    0.000000    0.000000   clock clk (rise edge)
                                  0.000000    0.000000   clock network delay (ideal)
                      0.150000    0.000000    0.000000 ^ _2999_/CLK (sky130_fd_sc_hd__dfxtp_2)
     1    0.001577    0.018479    0.211329    0.211329 ^ _2999_/Q (sky130_fd_sc_hd__dfxtp_2)
                                                         u_core.weight_din[4] (net)
                      0.018479    0.000000    0.211329 ^ _1579_/A (sky130_fd_sc_hd__and2_2)
     1    0.002557    0.024585    0.070449    0.281779 ^ _1579_/X (sky130_fd_sc_hd__and2_2)
                                                         _1325_ (net)
                      0.024585    0.000000    0.281779 ^ _1580_/B1 (sky130_fd_sc_hd__a31o_2)
     1    0.001748    0.016848    0.047621    0.329399 ^ _1580_/X (sky130_fd_sc_hd__a31o_2)
                                                         _0058_ (net)
                      0.016848    0.000000    0.329399 ^ _2944_/D (sky130_fd_sc_hd__dfxtp_2)
                                              0.329399   data arrival time

                      0.150000    0.000000    0.000000   clock clk (rise edge)
                                  0.000000    0.000000   clock network delay (ideal)
                                  0.250000    0.250000   clock uncertainty
                                  0.000000    0.250000   clock reconvergence pessimism
                                              0.250000 ^ _2944_/CLK (sky130_fd_sc_hd__dfxtp_2)
                                 -0.013476    0.236524   library hold time
                                              0.236524   data required time
---------------------------------------------------------------------------------------------
                                              0.236524   data required time
                                             -0.329399   data arrival time
---------------------------------------------------------------------------------------------
                                              0.092875   slack (MET)


Startpoint: _3000_ (rising edge-triggered flip-flop clocked by clk)
Endpoint: _2945_ (rising edge-triggered flip-flop clocked by clk)
Path Group: clk
Path Type: min

Fanout         Cap        Slew       Delay        Time   Description
---------------------------------------------------------------------------------------------
                      0.150000    0.000000    0.000000   clock clk (rise edge)
                                  0.000000    0.000000   clock network delay (ideal)
                      0.150000    0.000000    0.000000 ^ _3000_/CLK (sky130_fd_sc_hd__dfxtp_2)
     1    0.001577    0.018479    0.211329    0.211329 ^ _3000_/Q (sky130_fd_sc_hd__dfxtp_2)
                                                         u_core.weight_din[5] (net)
                      0.018479    0.000000    0.211329 ^ _1581_/A (sky130_fd_sc_hd__and2_2)
     1    0.002557    0.024585    0.070449    0.281779 ^ _1581_/X (sky130_fd_sc_hd__and2_2)
                                                         _1326_ (net)
                      0.024585    0.000000    0.281779 ^ _1582_/B1 (sky130_fd_sc_hd__a31o_2)
     1    0.001748    0.016848    0.047621    0.329399 ^ _1582_/X (sky130_fd_sc_hd__a31o_2)
                                                         _0059_ (net)
                      0.016848    0.000000    0.329399 ^ _2945_/D (sky130_fd_sc_hd__dfxtp_2)
                                              0.329399   data arrival time

                      0.150000    0.000000    0.000000   clock clk (rise edge)
                                  0.000000    0.000000   clock network delay (ideal)
                                  0.250000    0.250000   clock uncertainty
                                  0.000000    0.250000   clock reconvergence pessimism
                                              0.250000 ^ _2945_/CLK (sky130_fd_sc_hd__dfxtp_2)
                                 -0.013476    0.236524   library hold time
                                              0.236524   data required time
---------------------------------------------------------------------------------------------
                                              0.236524   data required time
                                             -0.329399   data arrival time
---------------------------------------------------------------------------------------------
                                              0.092875   slack (MET)


Startpoint: _3001_ (rising edge-triggered flip-flop clocked by clk)
Endpoint: _2946_ (rising edge-triggered flip-flop clocked by clk)
Path Group: clk
Path Type: min

Fanout         Cap        Slew       Delay        Time   Description
---------------------------------------------------------------------------------------------
                      0.150000    0.000000    0.000000   clock clk (rise edge)
                                  0.000000    0.000000   clock network delay (ideal)
                      0.150000    0.000000    0.000000 ^ _3001_/CLK (sky130_fd_sc_hd__dfxtp_2)
     1    0.001577    0.018479    0.211329    0.211329 ^ _3001_/Q (sky130_fd_sc_hd__dfxtp_2)
                                                         u_core.weight_din[6] (net)
                      0.018479    0.000000    0.211329 ^ _1583_/A (sky130_fd_sc_hd__and2_2)
     1    0.002557    0.024585    0.070449    0.281779 ^ _1583_/X (sky130_fd_sc_hd__and2_2)
                                                         _1327_ (net)
                      0.024585    0.000000    0.281779 ^ _1584_/B1 (sky130_fd_sc_hd__a31o_2)
     1    0.001748    0.016848    0.047621    0.329399 ^ _1584_/X (sky130_fd_sc_hd__a31o_2)
                                                         _0060_ (net)
                      0.016848    0.000000    0.329399 ^ _2946_/D (sky130_fd_sc_hd__dfxtp_2)
                                              0.329399   data arrival time

                      0.150000    0.000000    0.000000   clock clk (rise edge)
                                  0.000000    0.000000   clock network delay (ideal)
                                  0.250000    0.250000   clock uncertainty
                                  0.000000    0.250000   clock reconvergence pessimism
                                              0.250000 ^ _2946_/CLK (sky130_fd_sc_hd__dfxtp_2)
                                 -0.013476    0.236524   library hold time
                                              0.236524   data required time
---------------------------------------------------------------------------------------------
                                              0.236524   data required time
                                             -0.329399   data arrival time
---------------------------------------------------------------------------------------------
                                              0.092875   slack (MET)


Startpoint: _3002_ (rising edge-triggered flip-flop clocked by clk)
Endpoint: _2947_ (rising edge-triggered flip-flop clocked by clk)
Path Group: clk
Path Type: min

Fanout         Cap        Slew       Delay        Time   Description
---------------------------------------------------------------------------------------------
                      0.150000    0.000000    0.000000   clock clk (rise edge)
                                  0.000000    0.000000   clock network delay (ideal)
                      0.150000    0.000000    0.000000 ^ _3002_/CLK (sky130_fd_sc_hd__dfxtp_2)
     1    0.001577    0.018479    0.211329    0.211329 ^ _3002_/Q (sky130_fd_sc_hd__dfxtp_2)
                                                         u_core.weight_din[7] (net)
                      0.018479    0.000000    0.211329 ^ _1585_/A (sky130_fd_sc_hd__and2_2)
     1    0.002557    0.024585    0.070449    0.281779 ^ _1585_/X (sky130_fd_sc_hd__and2_2)
                                                         _1328_ (net)
                      0.024585    0.000000    0.281779 ^ _1586_/B1 (sky130_fd_sc_hd__a31o_2)
     1    0.001748    0.016848    0.047621    0.329399 ^ _1586_/X (sky130_fd_sc_hd__a31o_2)
                                                         _0061_ (net)
                      0.016848    0.000000    0.329399 ^ _2947_/D (sky130_fd_sc_hd__dfxtp_2)
                                              0.329399   data arrival time

                      0.150000    0.000000    0.000000   clock clk (rise edge)
                                  0.000000    0.000000   clock network delay (ideal)
                                  0.250000    0.250000   clock uncertainty
                                  0.000000    0.250000   clock reconvergence pessimism
                                              0.250000 ^ _2947_/CLK (sky130_fd_sc_hd__dfxtp_2)
                                 -0.013476    0.236524   library hold time
                                              0.236524   data required time
---------------------------------------------------------------------------------------------
                                              0.236524   data required time
                                             -0.329399   data arrival time
---------------------------------------------------------------------------------------------
                                              0.092875   slack (MET)


Startpoint: _3162_ (rising edge-triggered flip-flop clocked by clk)
Endpoint: _3162_ (rising edge-triggered flip-flop clocked by clk)
Path Group: clk
Path Type: min

Fanout         Cap        Slew       Delay        Time   Description
---------------------------------------------------------------------------------------------
                      0.150000    0.000000    0.000000   clock clk (rise edge)
                                  0.000000    0.000000   clock network delay (ideal)
                      0.150000    0.000000    0.000000 ^ _3162_/CLK (sky130_fd_sc_hd__dfxtp_2)
     3    0.016014    0.067907    0.251336    0.251336 ^ _3162_/Q (sky130_fd_sc_hd__dfxtp_2)
                                                         u_core.pe_array[0].u_pe.accum_reg[29] (net)
                      0.067907    0.000000    0.251336 ^ _2837_/A2 (sky130_fd_sc_hd__a22oi_2)
     1    0.004145    0.023575    0.044771    0.296106 v _2837_/Y (sky130_fd_sc_hd__a22oi_2)
                                                         _1238_ (net)
                      0.023575    0.000000    0.296106 v _2838_/B (sky130_fd_sc_hd__nor2_2)
     1    0.001748    0.036047    0.037833    0.333939 ^ _2838_/Y (sky130_fd_sc_hd__nor2_2)
                                                         _0276_ (net)
                      0.036047    0.000000    0.333939 ^ _3162_/D (sky130_fd_sc_hd__dfxtp_2)
                                              0.333939   data arrival time

                      0.150000    0.000000    0.000000   clock clk (rise edge)
                                  0.000000    0.000000   clock network delay (ideal)
                                  0.250000    0.250000   clock uncertainty
                                  0.000000    0.250000   clock reconvergence pessimism
                                              0.250000 ^ _3162_/CLK (sky130_fd_sc_hd__dfxtp_2)
                                 -0.014811    0.235189   library hold time
                                              0.235189   data required time
---------------------------------------------------------------------------------------------
                                              0.235189   data required time
                                             -0.333939   data arrival time
---------------------------------------------------------------------------------------------
                                              0.098751   slack (MET)


Startpoint: _3156_ (rising edge-triggered flip-flop clocked by clk)
Endpoint: _3156_ (rising edge-triggered flip-flop clocked by clk)
Path Group: clk
Path Type: min

Fanout         Cap        Slew       Delay        Time   Description
---------------------------------------------------------------------------------------------
                      0.150000    0.000000    0.000000   clock clk (rise edge)
                                  0.000000    0.000000   clock network delay (ideal)
                      0.150000    0.000000    0.000000 ^ _3156_/CLK (sky130_fd_sc_hd__dfxtp_2)
     3    0.016014    0.067907    0.251336    0.251336 ^ _3156_/Q (sky130_fd_sc_hd__dfxtp_2)
                                                         u_core.pe_array[0].u_pe.accum_reg[23] (net)
                      0.067907    0.000000    0.251336 ^ _2825_/A2 (sky130_fd_sc_hd__a22oi_2)
     1    0.004145    0.023577    0.044771    0.296106 v _2825_/Y (sky130_fd_sc_hd__a22oi_2)
                                                         _1232_ (net)
                      0.023577    0.000000    0.296106 v _2826_/B (sky130_fd_sc_hd__nor2_2)
     1    0.001748    0.036047    0.037834    0.333940 ^ _2826_/Y (sky130_fd_sc_hd__nor2_2)
                                                         _0270_ (net)
                      0.036047    0.000000    0.333940 ^ _3156_/D (sky130_fd_sc_hd__dfxtp_2)
                                              0.333940   data arrival time

                      0.150000    0.000000    0.000000   clock clk (rise edge)
                                  0.000000    0.000000   clock network delay (ideal)
                                  0.250000    0.250000   clock uncertainty
                                  0.000000    0.250000   clock reconvergence pessimism
                                              0.250000 ^ _3156_/CLK (sky130_fd_sc_hd__dfxtp_2)
                                 -0.014811    0.235189   library hold time
                                              0.235189   data required time
---------------------------------------------------------------------------------------------
                                              0.235189   data required time
                                             -0.333940   data arrival time
---------------------------------------------------------------------------------------------
                                              0.098751   slack (MET)


Startpoint: _2939_ (rising edge-triggered flip-flop clocked by clk)
Endpoint: _2936_ (rising edge-triggered flip-flop clocked by clk)
Path Group: clk
Path Type: min

Fanout         Cap        Slew       Delay        Time   Description
---------------------------------------------------------------------------------------------
                      0.150000    0.000000    0.000000   clock clk (rise edge)
                                  0.000000    0.000000   clock network delay (ideal)
                      0.150000    0.000000    0.000000 ^ _2939_/CLK (sky130_fd_sc_hd__dfxtp_2)
     5    0.011518    0.051961    0.239509    0.239509 ^ _2939_/Q (sky130_fd_sc_hd__dfxtp_2)
                                                         state[2] (net)
                      0.051961    0.000000    0.239509 ^ _1568_/C (sky130_fd_sc_hd__and3_2)
     1    0.001748    0.024142    0.096815    0.336325 ^ _1568_/X (sky130_fd_sc_hd__and3_2)
                                                         _0053_ (net)
                      0.024142    0.000000    0.336325 ^ _2936_/D (sky130_fd_sc_hd__dfxtp_2)
                                              0.336325   data arrival time

                      0.150000    0.000000    0.000000   clock clk (rise edge)
                                  0.000000    0.000000   clock network delay (ideal)
                                  0.250000    0.250000   clock uncertainty
                                  0.000000    0.250000   clock reconvergence pessimism
                                              0.250000 ^ _2936_/CLK (sky130_fd_sc_hd__dfxtp_2)
                                 -0.013983    0.236017   library hold time
                                              0.236017   data required time
---------------------------------------------------------------------------------------------
                                              0.236017   data required time
                                             -0.336325   data arrival time
---------------------------------------------------------------------------------------------
                                              0.100308   slack (MET)


Startpoint: _2887_ (rising edge-triggered flip-flop clocked by clk)
Endpoint: _2994_ (rising edge-triggered flip-flop clocked by clk)
Path Group: clk
Path Type: min

Fanout         Cap        Slew       Delay        Time   Description
---------------------------------------------------------------------------------------------
                      0.150000    0.000000    0.000000   clock clk (rise edge)
                                  0.000000    0.000000   clock network delay (ideal)
                      0.150000    0.000000    0.000000 ^ _2887_/CLK (sky130_fd_sc_hd__dfxtp_2)
     2    0.006589    0.023631    0.226148    0.226148 v _2887_/Q (sky130_fd_sc_hd__dfxtp_2)
                                                         u_intf.u_slave.wr_state[1] (net)
                      0.023631    0.000000    0.226148 v _1447_/A (sky130_fd_sc_hd__inv_2)
     3    0.009490    0.037712    0.040818    0.266966 ^ _1447_/Y (sky130_fd_sc_hd__inv_2)
                                                         _1251_ (net)
                      0.037712    0.000000    0.266966 ^ _1737_/A1 (sky130_fd_sc_hd__a22o_2)
     1    0.001748    0.018407    0.069965    0.336931 ^ _1737_/X (sky130_fd_sc_hd__a22o_2)
                                                         _0108_ (net)
                      0.018407    0.000000    0.336931 ^ _2994_/D (sky130_fd_sc_hd__dfxtp_2)
                                              0.336931   data arrival time

                      0.150000    0.000000    0.000000   clock clk (rise edge)
                                  0.000000    0.000000   clock network delay (ideal)
                                  0.250000    0.250000   clock uncertainty
                                  0.000000    0.250000   clock reconvergence pessimism
                                              0.250000 ^ _2994_/CLK (sky130_fd_sc_hd__dfxtp_2)
                                 -0.013584    0.236416   library hold time
                                              0.236416   data required time
---------------------------------------------------------------------------------------------
                                              0.236416   data required time
                                             -0.336931   data arrival time
---------------------------------------------------------------------------------------------
                                              0.100515   slack (MET)


Startpoint: _3149_ (rising edge-triggered flip-flop clocked by clk)
Endpoint: _3149_ (rising edge-triggered flip-flop clocked by clk)
Path Group: clk
Path Type: min

Fanout         Cap        Slew       Delay        Time   Description
---------------------------------------------------------------------------------------------
                      0.150000    0.000000    0.000000   clock clk (rise edge)
                                  0.000000    0.000000   clock network delay (ideal)
                      0.150000    0.000000    0.000000 ^ _3149_/CLK (sky130_fd_sc_hd__dfxtp_2)
     3    0.008069    0.025824    0.228757    0.228757 v _3149_/Q (sky130_fd_sc_hd__dfxtp_2)
                                                         u_core.pe_array[0].u_pe.accum_reg[16] (net)
                      0.025824    0.000000    0.228757 v _1446_/A (sky130_fd_sc_hd__inv_2)
     2    0.004165    0.020508    0.028781    0.257538 ^ _1446_/Y (sky130_fd_sc_hd__inv_2)
                                                         _1250_ (net)
                      0.020508    0.000000    0.257538 ^ _2810_/B1 (sky130_fd_sc_hd__o32a_2)
     1    0.004773    0.027584    0.063843    0.321381 ^ _2810_/X (sky130_fd_sc_hd__o32a_2)
                                                         _1224_ (net)
                      0.027584    0.000000    0.321381 ^ _2811_/B (sky130_fd_sc_hd__nor2_2)
     1    0.001783    0.010398    0.014603    0.335984 v _2811_/Y (sky130_fd_sc_hd__nor2_2)
                                                         _0263_ (net)
                      0.010398    0.000000    0.335984 v _3149_/D (sky130_fd_sc_hd__dfxtp_2)
                                              0.335984   data arrival time

                      0.150000    0.000000    0.000000   clock clk (rise edge)
                                  0.000000    0.000000   clock network delay (ideal)
                                  0.250000    0.250000   clock uncertainty
                                  0.000000    0.250000   clock reconvergence pessimism
                                              0.250000 ^ _3149_/CLK (sky130_fd_sc_hd__dfxtp_2)
                                 -0.016097    0.233903   library hold time
                                              0.233903   data required time
---------------------------------------------------------------------------------------------
                                              0.233903   data required time
                                             -0.335984   data arrival time
---------------------------------------------------------------------------------------------
                                              0.102081   slack (MET)


Startpoint: _3157_ (rising edge-triggered flip-flop clocked by clk)
Endpoint: _3157_ (rising edge-triggered flip-flop clocked by clk)
Path Group: clk
Path Type: min

Fanout         Cap        Slew       Delay        Time   Description
---------------------------------------------------------------------------------------------
                      0.150000    0.000000    0.000000   clock clk (rise edge)
                                  0.000000    0.000000   clock network delay (ideal)
                      0.150000    0.000000    0.000000 ^ _3157_/CLK (sky130_fd_sc_hd__dfxtp_2)
     3    0.016014    0.067907    0.251336    0.251336 ^ _3157_/Q (sky130_fd_sc_hd__dfxtp_2)
                                                         u_core.pe_array[0].u_pe.accum_reg[24] (net)
                      0.067907    0.000000    0.251336 ^ _2827_/A2 (sky130_fd_sc_hd__a22oi_2)
     1    0.004145    0.032355    0.044771    0.296106 v _2827_/Y (sky130_fd_sc_hd__a22oi_2)
                                                         _1233_ (net)
                      0.032355    0.000000    0.296106 v _2828_/B (sky130_fd_sc_hd__nor2_2)
     1    0.001748    0.036660    0.041296    0.337402 ^ _2828_/Y (sky130_fd_sc_hd__nor2_2)
                                                         _0271_ (net)
                      0.036660    0.000000    0.337402 ^ _3157_/D (sky130_fd_sc_hd__dfxtp_2)
                                              0.337402   data arrival time

                      0.150000    0.000000    0.000000   clock clk (rise edge)
                                  0.000000    0.000000   clock network delay (ideal)
                                  0.250000    0.250000   clock uncertainty
                                  0.000000    0.250000   clock reconvergence pessimism
                                              0.250000 ^ _3157_/CLK (sky130_fd_sc_hd__dfxtp_2)
                                 -0.014854    0.235146   library hold time
                                              0.235146   data required time
---------------------------------------------------------------------------------------------
                                              0.235146   data required time
                                             -0.337402   data arrival time
---------------------------------------------------------------------------------------------
                                              0.102256   slack (MET)


Startpoint: _3161_ (rising edge-triggered flip-flop clocked by clk)
Endpoint: _3161_ (rising edge-triggered flip-flop clocked by clk)
Path Group: clk
Path Type: min

Fanout         Cap        Slew       Delay        Time   Description
---------------------------------------------------------------------------------------------
                      0.150000    0.000000    0.000000   clock clk (rise edge)
                                  0.000000    0.000000   clock network delay (ideal)
                      0.150000    0.000000    0.000000 ^ _3161_/CLK (sky130_fd_sc_hd__dfxtp_2)
     3    0.016014    0.067907    0.251336    0.251336 ^ _3161_/Q (sky130_fd_sc_hd__dfxtp_2)
                                                         u_core.pe_array[0].u_pe.accum_reg[28] (net)
                      0.067907    0.000000    0.251336 ^ _2835_/A2 (sky130_fd_sc_hd__a22oi_2)
     1    0.004145    0.032357    0.044771    0.296106 v _2835_/Y (sky130_fd_sc_hd__a22oi_2)
                                                         _1237_ (net)
                      0.032357    0.000000    0.296106 v _2836_/B (sky130_fd_sc_hd__nor2_2)
     1    0.001748    0.036660    0.041297    0.337403 ^ _2836_/Y (sky130_fd_sc_hd__nor2_2)
                                                         _0275_ (net)
                      0.036660    0.000000    0.337403 ^ _3161_/D (sky130_fd_sc_hd__dfxtp_2)
                                              0.337403   data arrival time

                      0.150000    0.000000    0.000000   clock clk (rise edge)
                                  0.000000    0.000000   clock network delay (ideal)
                                  0.250000    0.250000   clock uncertainty
                                  0.000000    0.250000   clock reconvergence pessimism
                                              0.250000 ^ _3161_/CLK (sky130_fd_sc_hd__dfxtp_2)
                                 -0.014854    0.235146   library hold time
                                              0.235146   data required time
---------------------------------------------------------------------------------------------
                                              0.235146   data required time
                                             -0.337403   data arrival time
---------------------------------------------------------------------------------------------
                                              0.102257   slack (MET)


Startpoint: _3140_ (rising edge-triggered flip-flop clocked by clk)
Endpoint: _3140_ (rising edge-triggered flip-flop clocked by clk)
Path Group: clk
Path Type: min

Fanout         Cap        Slew       Delay        Time   Description
---------------------------------------------------------------------------------------------
                      0.150000    0.000000    0.000000   clock clk (rise edge)
                                  0.000000    0.000000   clock network delay (ideal)
                      0.150000    0.000000    0.000000 ^ _3140_/CLK (sky130_fd_sc_hd__dfxtp_2)
     3    0.016388    0.069285    0.252297    0.252297 ^ _3140_/Q (sky130_fd_sc_hd__dfxtp_2)
                                                         u_core.pe_array[0].u_pe.accum_reg[7] (net)
                      0.069285    0.000000    0.252297 ^ _2786_/A2 (sky130_fd_sc_hd__a22oi_2)
     1    0.004145    0.030463    0.044953    0.297250 v _2786_/Y (sky130_fd_sc_hd__a22oi_2)
                                                         _1209_ (net)
                      0.030463    0.000000    0.297250 v _2787_/B (sky130_fd_sc_hd__nor2_2)
     1    0.001748    0.036528    0.040550    0.337800 ^ _2787_/Y (sky130_fd_sc_hd__nor2_2)
                                                         _0254_ (net)
                      0.036528    0.000000    0.337800 ^ _3140_/D (sky130_fd_sc_hd__dfxtp_2)
                                              0.337800   data arrival time

                      0.150000    0.000000    0.000000   clock clk (rise edge)
                                  0.000000    0.000000   clock network delay (ideal)
                                  0.250000    0.250000   clock uncertainty
                                  0.000000    0.250000   clock reconvergence pessimism
                                              0.250000 ^ _3140_/CLK (sky130_fd_sc_hd__dfxtp_2)
                                 -0.014845    0.235155   library hold time
                                              0.235155   data required time
---------------------------------------------------------------------------------------------
                                              0.235155   data required time
                                             -0.337800   data arrival time
---------------------------------------------------------------------------------------------
                                              0.102644   slack (MET)


Startpoint: _2902_ (rising edge-triggered flip-flop clocked by clk)
Endpoint: _3099_ (rising edge-triggered flip-flop clocked by clk)
Path Group: clk
Path Type: min

Fanout         Cap        Slew       Delay        Time   Description
---------------------------------------------------------------------------------------------
                      0.150000    0.000000    0.000000   clock clk (rise edge)
                                  0.000000    0.000000   clock network delay (ideal)
                      0.150000    0.000000    0.000000 ^ _2902_/CLK (sky130_fd_sc_hd__dfxtp_2)
     5    0.008270    0.040757    0.230826    0.230826 ^ _2902_/Q (sky130_fd_sc_hd__dfxtp_2)
                                                         u_intf.u_slave.wr_addr_lat[3] (net)
                      0.040757    0.000000    0.230826 ^ _1943_/B (sky130_fd_sc_hd__and4_2)
     1    0.001748    0.027713    0.109336    0.340162 ^ _1943_/X (sky130_fd_sc_hd__and4_2)
                                                         _0213_ (net)
                      0.027713    0.000000    0.340162 ^ _3099_/D (sky130_fd_sc_hd__dfxtp_2)
                                              0.340162   data arrival time

                      0.150000    0.000000    0.000000   clock clk (rise edge)
                                  0.000000    0.000000   clock network delay (ideal)
                                  0.250000    0.250000   clock uncertainty
                                  0.000000    0.250000   clock reconvergence pessimism
                                              0.250000 ^ _3099_/CLK (sky130_fd_sc_hd__dfxtp_2)
                                 -0.014232    0.235768   library hold time
                                              0.235768   data required time
---------------------------------------------------------------------------------------------
                                              0.235768   data required time
                                             -0.340162   data arrival time
---------------------------------------------------------------------------------------------
                                              0.104394   slack (MET)


Startpoint: _2892_ (rising edge-triggered flip-flop clocked by clk)
Endpoint: _2894_ (rising edge-triggered flip-flop clocked by clk)
Path Group: clk
Path Type: min

Fanout         Cap        Slew       Delay        Time   Description
---------------------------------------------------------------------------------------------
                      0.150000    0.000000    0.000000   clock clk (rise edge)
                                  0.000000    0.000000   clock network delay (ideal)
                      0.150000    0.000000    0.000000 ^ _2892_/CLK (sky130_fd_sc_hd__dfxtp_2)
     4    0.013224    0.057847    0.244070    0.244070 ^ _2892_/Q (sky130_fd_sc_hd__dfxtp_2)
                                                         w_load_cnt[1] (net)
                      0.057847    0.000000    0.244070 ^ _1486_/A1 (sky130_fd_sc_hd__o211a_2)
     1    0.001748    0.022371    0.096472    0.340542 ^ _1486_/X (sky130_fd_sc_hd__o211a_2)
                                                         _0011_ (net)
                      0.022371    0.000000    0.340542 ^ _2894_/D (sky130_fd_sc_hd__dfxtp_2)
                                              0.340542   data arrival time

                      0.150000    0.000000    0.000000   clock clk (rise edge)
                                  0.000000    0.000000   clock network delay (ideal)
                                  0.250000    0.250000   clock uncertainty
                                  0.000000    0.250000   clock reconvergence pessimism
                                              0.250000 ^ _2894_/CLK (sky130_fd_sc_hd__dfxtp_2)
                                 -0.013860    0.236140   library hold time
                                              0.236140   data required time
---------------------------------------------------------------------------------------------
                                              0.236140   data required time
                                             -0.340542   data arrival time
---------------------------------------------------------------------------------------------
                                              0.104402   slack (MET)


Startpoint: _3158_ (rising edge-triggered flip-flop clocked by clk)
Endpoint: _3158_ (rising edge-triggered flip-flop clocked by clk)
Path Group: clk
Path Type: min

Fanout         Cap        Slew       Delay        Time   Description
---------------------------------------------------------------------------------------------
                      0.150000    0.000000    0.000000   clock clk (rise edge)
                                  0.000000    0.000000   clock network delay (ideal)
                      0.150000    0.000000    0.000000 ^ _3158_/CLK (sky130_fd_sc_hd__dfxtp_2)
     3    0.018175    0.075870    0.256887    0.256887 ^ _3158_/Q (sky130_fd_sc_hd__dfxtp_2)
                                                         u_core.pe_array[0].u_pe.accum_reg[25] (net)
                      0.075870    0.000000    0.256887 ^ _2829_/A2 (sky130_fd_sc_hd__a22oi_2)
     1    0.004145    0.023578    0.045827    0.302714 v _2829_/Y (sky130_fd_sc_hd__a22oi_2)
                                                         _1234_ (net)
                      0.023578    0.000000    0.302714 v _2830_/B (sky130_fd_sc_hd__nor2_2)
     1    0.001748    0.036047    0.037834    0.340548 ^ _2830_/Y (sky130_fd_sc_hd__nor2_2)
                                                         _0272_ (net)
                      0.036047    0.000000    0.340548 ^ _3158_/D (sky130_fd_sc_hd__dfxtp_2)
                                              0.340548   data arrival time

                      0.150000    0.000000    0.000000   clock clk (rise edge)
                                  0.000000    0.000000   clock network delay (ideal)
                                  0.250000    0.250000   clock uncertainty
                                  0.000000    0.250000   clock reconvergence pessimism
                                              0.250000 ^ _3158_/CLK (sky130_fd_sc_hd__dfxtp_2)
                                 -0.014811    0.235189   library hold time
                                              0.235189   data required time
---------------------------------------------------------------------------------------------
                                              0.235189   data required time
                                             -0.340548   data arrival time
---------------------------------------------------------------------------------------------
                                              0.105360   slack (MET)


Startpoint: _3154_ (rising edge-triggered flip-flop clocked by clk)
Endpoint: _3154_ (rising edge-triggered flip-flop clocked by clk)
Path Group: clk
Path Type: min

Fanout         Cap        Slew       Delay        Time   Description
---------------------------------------------------------------------------------------------
                      0.150000    0.000000    0.000000   clock clk (rise edge)
                                  0.000000    0.000000   clock network delay (ideal)
                      0.150000    0.000000    0.000000 ^ _3154_/CLK (sky130_fd_sc_hd__dfxtp_2)
     3    0.018175    0.075870    0.256887    0.256887 ^ _3154_/Q (sky130_fd_sc_hd__dfxtp_2)
                                                         u_core.pe_array[0].u_pe.accum_reg[21] (net)
                      0.075870    0.000000    0.256887 ^ _2821_/A2 (sky130_fd_sc_hd__a22oi_2)
     1    0.004145    0.023615    0.045827    0.302714 v _2821_/Y (sky130_fd_sc_hd__a22oi_2)
                                                         _1230_ (net)
                      0.023615    0.000000    0.302714 v _2822_/B (sky130_fd_sc_hd__nor2_2)
     1    0.001748    0.036050    0.037849    0.340563 ^ _2822_/Y (sky130_fd_sc_hd__nor2_2)
                                                         _0268_ (net)
                      0.036050    0.000000    0.340563 ^ _3154_/D (sky130_fd_sc_hd__dfxtp_2)
                                              0.340563   data arrival time

                      0.150000    0.000000    0.000000   clock clk (rise edge)
                                  0.000000    0.000000   clock network delay (ideal)
                                  0.250000    0.250000   clock uncertainty
                                  0.000000    0.250000   clock reconvergence pessimism
                                              0.250000 ^ _3154_/CLK (sky130_fd_sc_hd__dfxtp_2)
                                 -0.014812    0.235188   library hold time
                                              0.235188   data required time
---------------------------------------------------------------------------------------------
                                              0.235188   data required time
                                             -0.340563   data arrival time
---------------------------------------------------------------------------------------------
                                              0.105374   slack (MET)


Startpoint: _3160_ (rising edge-triggered flip-flop clocked by clk)
Endpoint: _3160_ (rising edge-triggered flip-flop clocked by clk)
Path Group: clk
Path Type: min

Fanout         Cap        Slew       Delay        Time   Description
---------------------------------------------------------------------------------------------
                      0.150000    0.000000    0.000000   clock clk (rise edge)
                                  0.000000    0.000000   clock network delay (ideal)
                      0.150000    0.000000    0.000000 ^ _3160_/CLK (sky130_fd_sc_hd__dfxtp_2)
     3    0.018175    0.075870    0.256887    0.256887 ^ _3160_/Q (sky130_fd_sc_hd__dfxtp_2)
                                                         u_core.pe_array[0].u_pe.accum_reg[27] (net)
                      0.075870    0.000000    0.256887 ^ _2833_/A2 (sky130_fd_sc_hd__a22oi_2)
     1    0.004145    0.023615    0.045827    0.302714 v _2833_/Y (sky130_fd_sc_hd__a22oi_2)
                                                         _1236_ (net)
                      0.023615    0.000000    0.302714 v _2834_/B (sky130_fd_sc_hd__nor2_2)
     1    0.001748    0.036050    0.037849    0.340563 ^ _2834_/Y (sky130_fd_sc_hd__nor2_2)
                                                         _0274_ (net)
                      0.036050    0.000000    0.340563 ^ _3160_/D (sky130_fd_sc_hd__dfxtp_2)
                                              0.340563   data arrival time

                      0.150000    0.000000    0.000000   clock clk (rise edge)
                                  0.000000    0.000000   clock network delay (ideal)
                                  0.250000    0.250000   clock uncertainty
                                  0.000000    0.250000   clock reconvergence pessimism
                                              0.250000 ^ _3160_/CLK (sky130_fd_sc_hd__dfxtp_2)
                                 -0.014812    0.235188   library hold time
                                              0.235188   data required time
---------------------------------------------------------------------------------------------
                                              0.235188   data required time
                                             -0.340563   data arrival time
---------------------------------------------------------------------------------------------
                                              0.105374   slack (MET)


Startpoint: _3159_ (rising edge-triggered flip-flop clocked by clk)
Endpoint: _3159_ (rising edge-triggered flip-flop clocked by clk)
Path Group: clk
Path Type: min

Fanout         Cap        Slew       Delay        Time   Description
---------------------------------------------------------------------------------------------
                      0.150000    0.000000    0.000000   clock clk (rise edge)
                                  0.000000    0.000000   clock network delay (ideal)
                      0.150000    0.000000    0.000000 ^ _3159_/CLK (sky130_fd_sc_hd__dfxtp_2)
     3    0.018175    0.075870    0.256887    0.256887 ^ _3159_/Q (sky130_fd_sc_hd__dfxtp_2)
                                                         u_core.pe_array[0].u_pe.accum_reg[26] (net)
                      0.075870    0.000000    0.256887 ^ _2831_/A2 (sky130_fd_sc_hd__a22oi_2)
     1    0.004145    0.023627    0.045827    0.302714 v _2831_/Y (sky130_fd_sc_hd__a22oi_2)
                                                         _1235_ (net)
                      0.023627    0.000000    0.302714 v _2832_/B (sky130_fd_sc_hd__nor2_2)
     1    0.001748    0.036051    0.037854    0.340568 ^ _2832_/Y (sky130_fd_sc_hd__nor2_2)
                                                         _0273_ (net)
                      0.036051    0.000000    0.340568 ^ _3159_/D (sky130_fd_sc_hd__dfxtp_2)
                                              0.340568   data arrival time

                      0.150000    0.000000    0.000000   clock clk (rise edge)
                                  0.000000    0.000000   clock network delay (ideal)
                                  0.250000    0.250000   clock uncertainty
                                  0.000000    0.250000   clock reconvergence pessimism
                                              0.250000 ^ _3159_/CLK (sky130_fd_sc_hd__dfxtp_2)
                                 -0.014812    0.235188   library hold time
                                              0.235188   data required time
---------------------------------------------------------------------------------------------
                                              0.235188   data required time
                                             -0.340568   data arrival time
---------------------------------------------------------------------------------------------
                                              0.105379   slack (MET)


Startpoint: _3155_ (rising edge-triggered flip-flop clocked by clk)
Endpoint: _3155_ (rising edge-triggered flip-flop clocked by clk)
Path Group: clk
Path Type: min

Fanout         Cap        Slew       Delay        Time   Description
---------------------------------------------------------------------------------------------
                      0.150000    0.000000    0.000000   clock clk (rise edge)
                                  0.000000    0.000000   clock network delay (ideal)
                      0.150000    0.000000    0.000000 ^ _3155_/CLK (sky130_fd_sc_hd__dfxtp_2)
     3    0.018175    0.075870    0.256887    0.256887 ^ _3155_/Q (sky130_fd_sc_hd__dfxtp_2)
                                                         u_core.pe_array[0].u_pe.accum_reg[22] (net)
                      0.075870    0.000000    0.256887 ^ _2823_/A2 (sky130_fd_sc_hd__a22oi_2)
     1    0.004145    0.023655    0.045827    0.302714 v _2823_/Y (sky130_fd_sc_hd__a22oi_2)
                                                         _1231_ (net)
                      0.023655    0.000000    0.302714 v _2824_/B (sky130_fd_sc_hd__nor2_2)
     1    0.001748    0.036052    0.037865    0.340579 ^ _2824_/Y (sky130_fd_sc_hd__nor2_2)
                                                         _0269_ (net)
                      0.036052    0.000000    0.340579 ^ _3155_/D (sky130_fd_sc_hd__dfxtp_2)
                                              0.340579   data arrival time

                      0.150000    0.000000    0.000000   clock clk (rise edge)
                                  0.000000    0.000000   clock network delay (ideal)
                                  0.250000    0.250000   clock uncertainty
                                  0.000000    0.250000   clock reconvergence pessimism
                                              0.250000 ^ _3155_/CLK (sky130_fd_sc_hd__dfxtp_2)
                                 -0.014812    0.235188   library hold time
                                              0.235188   data required time
---------------------------------------------------------------------------------------------
                                              0.235188   data required time
                                             -0.340579   data arrival time
---------------------------------------------------------------------------------------------
                                              0.105390   slack (MET)


Startpoint: _3153_ (rising edge-triggered flip-flop clocked by clk)
Endpoint: _3153_ (rising edge-triggered flip-flop clocked by clk)
Path Group: clk
Path Type: min

Fanout         Cap        Slew       Delay        Time   Description
---------------------------------------------------------------------------------------------
                      0.150000    0.000000    0.000000   clock clk (rise edge)
                                  0.000000    0.000000   clock network delay (ideal)
                      0.150000    0.000000    0.000000 ^ _3153_/CLK (sky130_fd_sc_hd__dfxtp_2)
     3    0.018175    0.075870    0.256887    0.256887 ^ _3153_/Q (sky130_fd_sc_hd__dfxtp_2)
                                                         u_core.pe_array[0].u_pe.accum_reg[20] (net)
                      0.075870    0.000000    0.256887 ^ _2819_/A2 (sky130_fd_sc_hd__a22oi_2)
     1    0.004145    0.023660    0.045827    0.302714 v _2819_/Y (sky130_fd_sc_hd__a22oi_2)
                                                         _1229_ (net)
                      0.023660    0.000000    0.302714 v _2820_/B (sky130_fd_sc_hd__nor2_2)
     1    0.001748    0.036053    0.037866    0.340581 ^ _2820_/Y (sky130_fd_sc_hd__nor2_2)
                                                         _0267_ (net)
                      0.036053    0.000000    0.340581 ^ _3153_/D (sky130_fd_sc_hd__dfxtp_2)
                                              0.340581   data arrival time

                      0.150000    0.000000    0.000000   clock clk (rise edge)
                                  0.000000    0.000000   clock network delay (ideal)
                                  0.250000    0.250000   clock uncertainty
                                  0.000000    0.250000   clock reconvergence pessimism
                                              0.250000 ^ _3153_/CLK (sky130_fd_sc_hd__dfxtp_2)
                                 -0.014812    0.235188   library hold time
                                              0.235188   data required time
---------------------------------------------------------------------------------------------
                                              0.235188   data required time
                                             -0.340581   data arrival time
---------------------------------------------------------------------------------------------
                                              0.105392   slack (MET)


Startpoint: _3164_ (rising edge-triggered flip-flop clocked by clk)
Endpoint: _3164_ (rising edge-triggered flip-flop clocked by clk)
Path Group: clk
Path Type: min

Fanout         Cap        Slew       Delay        Time   Description
---------------------------------------------------------------------------------------------
                      0.150000    0.000000    0.000000   clock clk (rise edge)
                                  0.000000    0.000000   clock network delay (ideal)
                      0.150000    0.000000    0.000000 ^ _3164_/CLK (sky130_fd_sc_hd__dfxtp_2)
     2    0.012556    0.032472    0.236668    0.236668 v _3164_/Q (sky130_fd_sc_hd__dfxtp_2)
                                                         u_core.pe_array[0].u_pe.accum_reg[31] (net)
                      0.032472    0.000000    0.236668 v _1444_/A (sky130_fd_sc_hd__inv_2)
     1    0.002407    0.016755    0.026717    0.263385 ^ _1444_/Y (sky130_fd_sc_hd__inv_2)
                                                         _1248_ (net)
                      0.016755    0.000000    0.263385 ^ _2841_/B1 (sky130_fd_sc_hd__o32a_2)
     1    0.004773    0.027586    0.062849    0.326234 ^ _2841_/X (sky130_fd_sc_hd__o32a_2)
                                                         _1240_ (net)
                      0.027586    0.000000    0.326234 ^ _2842_/B (sky130_fd_sc_hd__nor2_2)
     1    0.001783    0.010398    0.014603    0.340837 v _2842_/Y (sky130_fd_sc_hd__nor2_2)
                                                         _0278_ (net)
                      0.010398    0.000000    0.340837 v _3164_/D (sky130_fd_sc_hd__dfxtp_2)
                                              0.340837   data arrival time

                      0.150000    0.000000    0.000000   clock clk (rise edge)
                                  0.000000    0.000000   clock network delay (ideal)
                                  0.250000    0.250000   clock uncertainty
                                  0.000000    0.250000   clock reconvergence pessimism
                                              0.250000 ^ _3164_/CLK (sky130_fd_sc_hd__dfxtp_2)
                                 -0.016097    0.233903   library hold time
                                              0.233903   data required time
---------------------------------------------------------------------------------------------
                                              0.233903   data required time
                                             -0.340837   data arrival time
---------------------------------------------------------------------------------------------
                                              0.106934   slack (MET)


Startpoint: _3139_ (rising edge-triggered flip-flop clocked by clk)
Endpoint: _3139_ (rising edge-triggered flip-flop clocked by clk)
Path Group: clk
Path Type: min

Fanout         Cap        Slew       Delay        Time   Description
---------------------------------------------------------------------------------------------
                      0.150000    0.000000    0.000000   clock clk (rise edge)
                                  0.000000    0.000000   clock network delay (ideal)
                      0.150000    0.000000    0.000000 ^ _3139_/CLK (sky130_fd_sc_hd__dfxtp_2)
     3    0.018175    0.075870    0.256887    0.256887 ^ _3139_/Q (sky130_fd_sc_hd__dfxtp_2)
                                                         u_core.pe_array[0].u_pe.accum_reg[6] (net)
                      0.075870    0.000000    0.256887 ^ _2784_/A2 (sky130_fd_sc_hd__a22oi_2)
     1    0.004145    0.032332    0.045827    0.302714 v _2784_/Y (sky130_fd_sc_hd__a22oi_2)
                                                         _1208_ (net)
                      0.032332    0.000000    0.302714 v _2785_/B (sky130_fd_sc_hd__nor2_2)
     1    0.001748    0.036658    0.041287    0.344001 ^ _2785_/Y (sky130_fd_sc_hd__nor2_2)
                                                         _0253_ (net)
                      0.036658    0.000000    0.344001 ^ _3139_/D (sky130_fd_sc_hd__dfxtp_2)
                                              0.344001   data arrival time

                      0.150000    0.000000    0.000000   clock clk (rise edge)
                                  0.000000    0.000000   clock network delay (ideal)
                                  0.250000    0.250000   clock uncertainty
                                  0.000000    0.250000   clock reconvergence pessimism
                                              0.250000 ^ _3139_/CLK (sky130_fd_sc_hd__dfxtp_2)
                                 -0.014854    0.235146   library hold time
                                              0.235146   data required time
---------------------------------------------------------------------------------------------
                                              0.235146   data required time
                                             -0.344001   data arrival time
---------------------------------------------------------------------------------------------
                                              0.108854   slack (MET)


Startpoint: _3152_ (rising edge-triggered flip-flop clocked by clk)
Endpoint: _3152_ (rising edge-triggered flip-flop clocked by clk)
Path Group: clk
Path Type: min

Fanout         Cap        Slew       Delay        Time   Description
---------------------------------------------------------------------------------------------
                      0.150000    0.000000    0.000000   clock clk (rise edge)
                                  0.000000    0.000000   clock network delay (ideal)
                      0.150000    0.000000    0.000000 ^ _3152_/CLK (sky130_fd_sc_hd__dfxtp_2)
     4    0.018501    0.077071    0.257725    0.257725 ^ _3152_/Q (sky130_fd_sc_hd__dfxtp_2)
                                                         u_core.pe_array[0].u_pe.accum_reg[19] (net)
                      0.077071    0.000000    0.257725 ^ _2817_/A2 (sky130_fd_sc_hd__a22oi_2)
     1    0.004145    0.032350    0.045986    0.303711 v _2817_/Y (sky130_fd_sc_hd__a22oi_2)
                                                         _1228_ (net)
                      0.032350    0.000000    0.303711 v _2818_/B (sky130_fd_sc_hd__nor2_2)
     1    0.001748    0.036660    0.041294    0.345005 ^ _2818_/Y (sky130_fd_sc_hd__nor2_2)
                                                         _0266_ (net)
                      0.036660    0.000000    0.345005 ^ _3152_/D (sky130_fd_sc_hd__dfxtp_2)
                                              0.345005   data arrival time

                      0.150000    0.000000    0.000000   clock clk (rise edge)
                                  0.000000    0.000000   clock network delay (ideal)
                                  0.250000    0.250000   clock uncertainty
                                  0.000000    0.250000   clock reconvergence pessimism
                                              0.250000 ^ _3152_/CLK (sky130_fd_sc_hd__dfxtp_2)
                                 -0.014854    0.235146   library hold time
                                              0.235146   data required time
---------------------------------------------------------------------------------------------
                                              0.235146   data required time
                                             -0.345005   data arrival time
---------------------------------------------------------------------------------------------
                                              0.109859   slack (MET)


Startpoint: _3165_ (rising edge-triggered flip-flop clocked by clk)
Endpoint: _3165_ (rising edge-triggered flip-flop clocked by clk)
Path Group: clk
Path Type: min

Fanout         Cap        Slew       Delay        Time   Description
---------------------------------------------------------------------------------------------
                      0.150000    0.000000    0.000000   clock clk (rise edge)
                                  0.000000    0.000000   clock network delay (ideal)
                      0.150000    0.000000    0.000000 ^ _3165_/CLK (sky130_fd_sc_hd__dfxtp_2)
     5    0.015617    0.066444    0.250316    0.250316 ^ _3165_/Q (sky130_fd_sc_hd__dfxtp_2)
                                                         u_core.pe_array[0].u_pe.tap_count[0] (net)
                      0.066444    0.000000    0.250316 ^ _2844_/A1 (sky130_fd_sc_hd__o211a_2)
     1    0.001748    0.022366    0.097616    0.347931 ^ _2844_/X (sky130_fd_sc_hd__o211a_2)
                                                         _0279_ (net)
                      0.022366    0.000000    0.347931 ^ _3165_/D (sky130_fd_sc_hd__dfxtp_2)
                                              0.347931   data arrival time

                      0.150000    0.000000    0.000000   clock clk (rise edge)
                                  0.000000    0.000000   clock network delay (ideal)
                                  0.250000    0.250000   clock uncertainty
                                  0.000000    0.250000   clock reconvergence pessimism
                                              0.250000 ^ _3165_/CLK (sky130_fd_sc_hd__dfxtp_2)
                                 -0.013860    0.236140   library hold time
                                              0.236140   data required time
---------------------------------------------------------------------------------------------
                                              0.236140   data required time
                                             -0.347931   data arrival time
---------------------------------------------------------------------------------------------
                                              0.111791   slack (MET)


Startpoint: _2888_ (rising edge-triggered flip-flop clocked by clk)
Endpoint: _2888_ (rising edge-triggered flip-flop clocked by clk)
Path Group: clk
Path Type: min

Fanout         Cap        Slew       Delay        Time   Description
---------------------------------------------------------------------------------------------
                      0.150000    0.000000    0.000000   clock clk (rise edge)
                                  0.000000    0.000000   clock network delay (ideal)
                      0.150000    0.000000    0.000000 ^ _2888_/CLK (sky130_fd_sc_hd__dfxtp_2)
     8    0.020796    0.085527    0.263621    0.263621 ^ _2888_/Q (sky130_fd_sc_hd__dfxtp_2)
                                                         u_intf.u_slave.wr_state[2] (net)
                      0.085527    0.000000    0.263621 ^ _1471_/A2 (sky130_fd_sc_hd__a31o_2)
     1    0.001748    0.018206    0.088240    0.351861 ^ _1471_/X (sky130_fd_sc_hd__a31o_2)
                                                         _0007_ (net)
                      0.018206    0.000000    0.351861 ^ _2888_/D (sky130_fd_sc_hd__dfxtp_2)
                                              0.351861   data arrival time

                      0.150000    0.000000    0.000000   clock clk (rise edge)
                                  0.000000    0.000000   clock network delay (ideal)
                                  0.250000    0.250000   clock uncertainty
                                  0.000000    0.250000   clock reconvergence pessimism
                                              0.250000 ^ _2888_/CLK (sky130_fd_sc_hd__dfxtp_2)
                                 -0.013570    0.236430   library hold time
                                              0.236430   data required time
---------------------------------------------------------------------------------------------
                                              0.236430   data required time
                                             -0.351861   data arrival time
---------------------------------------------------------------------------------------------
                                              0.115431   slack (MET)


Startpoint: _3067_ (rising edge-triggered flip-flop clocked by clk)
Endpoint: _3067_ (rising edge-triggered flip-flop clocked by clk)
Path Group: clk
Path Type: min

Fanout         Cap        Slew       Delay        Time   Description
---------------------------------------------------------------------------------------------
                      0.150000    0.000000    0.000000   clock clk (rise edge)
                                  0.000000    0.000000   clock network delay (ideal)
                      0.150000    0.000000    0.000000 ^ _3067_/CLK (sky130_fd_sc_hd__dfxtp_2)
     2    0.004162    0.026713    0.219591    0.219591 ^ _3067_/Q (sky130_fd_sc_hd__dfxtp_2)
                                                         u_intf.u_slave.reg_ctrl[0] (net)
                      0.026713    0.000000    0.219591 ^ _1879_/A0 (sky130_fd_sc_hd__mux2_1)
     1    0.001632    0.022777    0.064013    0.283603 ^ _1879_/X (sky130_fd_sc_hd__mux2_1)
                                                         _0375_ (net)
                      0.022777    0.000000    0.283603 ^ _1880_/B (sky130_fd_sc_hd__and2_2)
     1    0.001748    0.021780    0.072674    0.356277 ^ _1880_/X (sky130_fd_sc_hd__and2_2)
                                                         _0181_ (net)
                      0.021780    0.000000    0.356277 ^ _3067_/D (sky130_fd_sc_hd__dfxtp_2)
                                              0.356277   data arrival time

                      0.150000    0.000000    0.000000   clock clk (rise edge)
                                  0.000000    0.000000   clock network delay (ideal)
                                  0.250000    0.250000   clock uncertainty
                                  0.000000    0.250000   clock reconvergence pessimism
                                              0.250000 ^ _3067_/CLK (sky130_fd_sc_hd__dfxtp_2)
                                 -0.013819    0.236181   library hold time
                                              0.236181   data required time
---------------------------------------------------------------------------------------------
                                              0.236181   data required time
                                             -0.356277   data arrival time
---------------------------------------------------------------------------------------------
                                              0.120096   slack (MET)


Startpoint: _3068_ (rising edge-triggered flip-flop clocked by clk)
Endpoint: _3068_ (rising edge-triggered flip-flop clocked by clk)
Path Group: clk
Path Type: min

Fanout         Cap        Slew       Delay        Time   Description
---------------------------------------------------------------------------------------------
                      0.150000    0.000000    0.000000   clock clk (rise edge)
                                  0.000000    0.000000   clock network delay (ideal)
                      0.150000    0.000000    0.000000 ^ _3068_/CLK (sky130_fd_sc_hd__dfxtp_2)
     2    0.004162    0.026713    0.219591    0.219591 ^ _3068_/Q (sky130_fd_sc_hd__dfxtp_2)
                                                         u_intf.u_slave.reg_ctrl[1] (net)
                      0.026713    0.000000    0.219591 ^ _1881_/A0 (sky130_fd_sc_hd__mux2_1)
     1    0.001632    0.022777    0.064013    0.283603 ^ _1881_/X (sky130_fd_sc_hd__mux2_1)
                                                         _0376_ (net)
                      0.022777    0.000000    0.283603 ^ _1882_/B (sky130_fd_sc_hd__and2_2)
     1    0.001748    0.021780    0.072674    0.356277 ^ _1882_/X (sky130_fd_sc_hd__and2_2)
                                                         _0182_ (net)
                      0.021780    0.000000    0.356277 ^ _3068_/D (sky130_fd_sc_hd__dfxtp_2)
                                              0.356277   data arrival time

                      0.150000    0.000000    0.000000   clock clk (rise edge)
                                  0.000000    0.000000   clock network delay (ideal)
                                  0.250000    0.250000   clock uncertainty
                                  0.000000    0.250000   clock reconvergence pessimism
                                              0.250000 ^ _3068_/CLK (sky130_fd_sc_hd__dfxtp_2)
                                 -0.013819    0.236181   library hold time
                                              0.236181   data required time
---------------------------------------------------------------------------------------------
                                              0.236181   data required time
                                             -0.356277   data arrival time
---------------------------------------------------------------------------------------------
                                              0.120096   slack (MET)


Startpoint: _3069_ (rising edge-triggered flip-flop clocked by clk)
Endpoint: _3069_ (rising edge-triggered flip-flop clocked by clk)
Path Group: clk
Path Type: min

Fanout         Cap        Slew       Delay        Time   Description
---------------------------------------------------------------------------------------------
                      0.150000    0.000000    0.000000   clock clk (rise edge)
                                  0.000000    0.000000   clock network delay (ideal)
                      0.150000    0.000000    0.000000 ^ _3069_/CLK (sky130_fd_sc_hd__dfxtp_2)
     2    0.004162    0.026713    0.219591    0.219591 ^ _3069_/Q (sky130_fd_sc_hd__dfxtp_2)
                                                         u_intf.u_slave.reg_ctrl[2] (net)
                      0.026713    0.000000    0.219591 ^ _1883_/A0 (sky130_fd_sc_hd__mux2_1)
     1    0.001632    0.022777    0.064013    0.283603 ^ _1883_/X (sky130_fd_sc_hd__mux2_1)
                                                         _0377_ (net)
                      0.022777    0.000000    0.283603 ^ _1884_/B (sky130_fd_sc_hd__and2_2)
     1    0.001748    0.021780    0.072674    0.356277 ^ _1884_/X (sky130_fd_sc_hd__and2_2)
                                                         _0183_ (net)
                      0.021780    0.000000    0.356277 ^ _3069_/D (sky130_fd_sc_hd__dfxtp_2)
                                              0.356277   data arrival time

                      0.150000    0.000000    0.000000   clock clk (rise edge)
                                  0.000000    0.000000   clock network delay (ideal)
                                  0.250000    0.250000   clock uncertainty
                                  0.000000    0.250000   clock reconvergence pessimism
                                              0.250000 ^ _3069_/CLK (sky130_fd_sc_hd__dfxtp_2)
                                 -0.013819    0.236181   library hold time
                                              0.236181   data required time
---------------------------------------------------------------------------------------------
                                              0.236181   data required time
                                             -0.356277   data arrival time
---------------------------------------------------------------------------------------------
                                              0.120096   slack (MET)


Startpoint: _3070_ (rising edge-triggered flip-flop clocked by clk)
Endpoint: _3070_ (rising edge-triggered flip-flop clocked by clk)
Path Group: clk
Path Type: min

Fanout         Cap        Slew       Delay        Time   Description
---------------------------------------------------------------------------------------------
                      0.150000    0.000000    0.000000   clock clk (rise edge)
                                  0.000000    0.000000   clock network delay (ideal)
                      0.150000    0.000000    0.000000 ^ _3070_/CLK (sky130_fd_sc_hd__dfxtp_2)
     2    0.004162    0.026713    0.219591    0.219591 ^ _3070_/Q (sky130_fd_sc_hd__dfxtp_2)
                                                         u_intf.u_slave.reg_ctrl[3] (net)
                      0.026713    0.000000    0.219591 ^ _1885_/A0 (sky130_fd_sc_hd__mux2_1)
     1    0.001632    0.022777    0.064013    0.283603 ^ _1885_/X (sky130_fd_sc_hd__mux2_1)
                                                         _0378_ (net)
                      0.022777    0.000000    0.283603 ^ _1886_/B (sky130_fd_sc_hd__and2_2)
     1    0.001748    0.021780    0.072674    0.356277 ^ _1886_/X (sky130_fd_sc_hd__and2_2)
                                                         _0184_ (net)
                      0.021780    0.000000    0.356277 ^ _3070_/D (sky130_fd_sc_hd__dfxtp_2)
                                              0.356277   data arrival time

                      0.150000    0.000000    0.000000   clock clk (rise edge)
                                  0.000000    0.000000   clock network delay (ideal)
                                  0.250000    0.250000   clock uncertainty
                                  0.000000    0.250000   clock reconvergence pessimism
                                              0.250000 ^ _3070_/CLK (sky130_fd_sc_hd__dfxtp_2)
                                 -0.013819    0.236181   library hold time
                                              0.236181   data required time
---------------------------------------------------------------------------------------------
                                              0.236181   data required time
                                             -0.356277   data arrival time
---------------------------------------------------------------------------------------------
                                              0.120096   slack (MET)


Startpoint: _3071_ (rising edge-triggered flip-flop clocked by clk)
Endpoint: _3071_ (rising edge-triggered flip-flop clocked by clk)
Path Group: clk
Path Type: min

Fanout         Cap        Slew       Delay        Time   Description
---------------------------------------------------------------------------------------------
                      0.150000    0.000000    0.000000   clock clk (rise edge)
                                  0.000000    0.000000   clock network delay (ideal)
                      0.150000    0.000000    0.000000 ^ _3071_/CLK (sky130_fd_sc_hd__dfxtp_2)
     2    0.004162    0.026713    0.219591    0.219591 ^ _3071_/Q (sky130_fd_sc_hd__dfxtp_2)
                                                         u_intf.u_slave.reg_ctrl[4] (net)
                      0.026713    0.000000    0.219591 ^ _1887_/A0 (sky130_fd_sc_hd__mux2_1)
     1    0.001632    0.022777    0.064013    0.283603 ^ _1887_/X (sky130_fd_sc_hd__mux2_1)
                                                         _0379_ (net)
                      0.022777    0.000000    0.283603 ^ _1888_/B (sky130_fd_sc_hd__and2_2)
     1    0.001748    0.021780    0.072674    0.356277 ^ _1888_/X (sky130_fd_sc_hd__and2_2)
                                                         _0185_ (net)
                      0.021780    0.000000    0.356277 ^ _3071_/D (sky130_fd_sc_hd__dfxtp_2)
                                              0.356277   data arrival time

                      0.150000    0.000000    0.000000   clock clk (rise edge)
                                  0.000000    0.000000   clock network delay (ideal)
                                  0.250000    0.250000   clock uncertainty
                                  0.000000    0.250000   clock reconvergence pessimism
                                              0.250000 ^ _3071_/CLK (sky130_fd_sc_hd__dfxtp_2)
                                 -0.013819    0.236181   library hold time
                                              0.236181   data required time
---------------------------------------------------------------------------------------------
                                              0.236181   data required time
                                             -0.356277   data arrival time
---------------------------------------------------------------------------------------------
                                              0.120096   slack (MET)


Startpoint: _3072_ (rising edge-triggered flip-flop clocked by clk)
Endpoint: _3072_ (rising edge-triggered flip-flop clocked by clk)
Path Group: clk
Path Type: min

Fanout         Cap        Slew       Delay        Time   Description
---------------------------------------------------------------------------------------------
                      0.150000    0.000000    0.000000   clock clk (rise edge)
                                  0.000000    0.000000   clock network delay (ideal)
                      0.150000    0.000000    0.000000 ^ _3072_/CLK (sky130_fd_sc_hd__dfxtp_2)
     2    0.004162    0.026713    0.219591    0.219591 ^ _3072_/Q (sky130_fd_sc_hd__dfxtp_2)
                                                         u_intf.u_slave.reg_ctrl[5] (net)
                      0.026713    0.000000    0.219591 ^ _1889_/A0 (sky130_fd_sc_hd__mux2_1)
     1    0.001632    0.022777    0.064013    0.283603 ^ _1889_/X (sky130_fd_sc_hd__mux2_1)
                                                         _0380_ (net)
                      0.022777    0.000000    0.283603 ^ _1890_/B (sky130_fd_sc_hd__and2_2)
     1    0.001748    0.021780    0.072674    0.356277 ^ _1890_/X (sky130_fd_sc_hd__and2_2)
                                                         _0186_ (net)
                      0.021780    0.000000    0.356277 ^ _3072_/D (sky130_fd_sc_hd__dfxtp_2)
                                              0.356277   data arrival time

                      0.150000    0.000000    0.000000   clock clk (rise edge)
                                  0.000000    0.000000   clock network delay (ideal)
                                  0.250000    0.250000   clock uncertainty
                                  0.000000    0.250000   clock reconvergence pessimism
                                              0.250000 ^ _3072_/CLK (sky130_fd_sc_hd__dfxtp_2)
                                 -0.013819    0.236181   library hold time
                                              0.236181   data required time
---------------------------------------------------------------------------------------------
                                              0.236181   data required time
                                             -0.356277   data arrival time
---------------------------------------------------------------------------------------------
                                              0.120096   slack (MET)


Startpoint: _3075_ (rising edge-triggered flip-flop clocked by clk)
Endpoint: _3075_ (rising edge-triggered flip-flop clocked by clk)
Path Group: clk
Path Type: min

Fanout         Cap        Slew       Delay        Time   Description
---------------------------------------------------------------------------------------------
                      0.150000    0.000000    0.000000   clock clk (rise edge)
                                  0.000000    0.000000   clock network delay (ideal)
                      0.150000    0.000000    0.000000 ^ _3075_/CLK (sky130_fd_sc_hd__dfxtp_2)
     2    0.004162    0.026713    0.219591    0.219591 ^ _3075_/Q (sky130_fd_sc_hd__dfxtp_2)
                                                         u_intf.u_slave.reg_ctrl[8] (net)
                      0.026713    0.000000    0.219591 ^ _1895_/A0 (sky130_fd_sc_hd__mux2_1)
     1    0.001632    0.022777    0.064013    0.283603 ^ _1895_/X (sky130_fd_sc_hd__mux2_1)
                                                         _0383_ (net)
                      0.022777    0.000000    0.283603 ^ _1896_/B (sky130_fd_sc_hd__and2_2)
     1    0.001748    0.021780    0.072674    0.356277 ^ _1896_/X (sky130_fd_sc_hd__and2_2)
                                                         _0189_ (net)
                      0.021780    0.000000    0.356277 ^ _3075_/D (sky130_fd_sc_hd__dfxtp_2)
                                              0.356277   data arrival time

                      0.150000    0.000000    0.000000   clock clk (rise edge)
                                  0.000000    0.000000   clock network delay (ideal)
                                  0.250000    0.250000   clock uncertainty
                                  0.000000    0.250000   clock reconvergence pessimism
                                              0.250000 ^ _3075_/CLK (sky130_fd_sc_hd__dfxtp_2)
                                 -0.013819    0.236181   library hold time
                                              0.236181   data required time
---------------------------------------------------------------------------------------------
                                              0.236181   data required time
                                             -0.356277   data arrival time
---------------------------------------------------------------------------------------------
                                              0.120096   slack (MET)


Startpoint: _3076_ (rising edge-triggered flip-flop clocked by clk)
Endpoint: _3076_ (rising edge-triggered flip-flop clocked by clk)
Path Group: clk
Path Type: min

Fanout         Cap        Slew       Delay        Time   Description
---------------------------------------------------------------------------------------------
                      0.150000    0.000000    0.000000   clock clk (rise edge)
                                  0.000000    0.000000   clock network delay (ideal)
                      0.150000    0.000000    0.000000 ^ _3076_/CLK (sky130_fd_sc_hd__dfxtp_2)
     2    0.004162    0.026713    0.219591    0.219591 ^ _3076_/Q (sky130_fd_sc_hd__dfxtp_2)
                                                         u_intf.u_slave.reg_ctrl[9] (net)
                      0.026713    0.000000    0.219591 ^ _1897_/A0 (sky130_fd_sc_hd__mux2_1)
     1    0.001632    0.022777    0.064013    0.283603 ^ _1897_/X (sky130_fd_sc_hd__mux2_1)
                                                         _0384_ (net)
                      0.022777    0.000000    0.283603 ^ _1898_/B (sky130_fd_sc_hd__and2_2)
     1    0.001748    0.021780    0.072674    0.356277 ^ _1898_/X (sky130_fd_sc_hd__and2_2)
                                                         _0190_ (net)
                      0.021780    0.000000    0.356277 ^ _3076_/D (sky130_fd_sc_hd__dfxtp_2)
                                              0.356277   data arrival time

                      0.150000    0.000000    0.000000   clock clk (rise edge)
                                  0.000000    0.000000   clock network delay (ideal)
                                  0.250000    0.250000   clock uncertainty
                                  0.000000    0.250000   clock reconvergence pessimism
                                              0.250000 ^ _3076_/CLK (sky130_fd_sc_hd__dfxtp_2)
                                 -0.013819    0.236181   library hold time
                                              0.236181   data required time
---------------------------------------------------------------------------------------------
                                              0.236181   data required time
                                             -0.356277   data arrival time
---------------------------------------------------------------------------------------------
                                              0.120096   slack (MET)


Startpoint: _3077_ (rising edge-triggered flip-flop clocked by clk)
Endpoint: _3077_ (rising edge-triggered flip-flop clocked by clk)
Path Group: clk
Path Type: min

Fanout         Cap        Slew       Delay        Time   Description
---------------------------------------------------------------------------------------------
                      0.150000    0.000000    0.000000   clock clk (rise edge)
                                  0.000000    0.000000   clock network delay (ideal)
                      0.150000    0.000000    0.000000 ^ _3077_/CLK (sky130_fd_sc_hd__dfxtp_2)
     2    0.004162    0.026713    0.219591    0.219591 ^ _3077_/Q (sky130_fd_sc_hd__dfxtp_2)
                                                         u_intf.u_slave.reg_ctrl[10] (net)
                      0.026713    0.000000    0.219591 ^ _1899_/A0 (sky130_fd_sc_hd__mux2_1)
     1    0.001632    0.022777    0.064013    0.283603 ^ _1899_/X (sky130_fd_sc_hd__mux2_1)
                                                         _0385_ (net)
                      0.022777    0.000000    0.283603 ^ _1900_/B (sky130_fd_sc_hd__and2_2)
     1    0.001748    0.021780    0.072674    0.356277 ^ _1900_/X (sky130_fd_sc_hd__and2_2)
                                                         _0191_ (net)
                      0.021780    0.000000    0.356277 ^ _3077_/D (sky130_fd_sc_hd__dfxtp_2)
                                              0.356277   data arrival time

                      0.150000    0.000000    0.000000   clock clk (rise edge)
                                  0.000000    0.000000   clock network delay (ideal)
                                  0.250000    0.250000   clock uncertainty
                                  0.000000    0.250000   clock reconvergence pessimism
                                              0.250000 ^ _3077_/CLK (sky130_fd_sc_hd__dfxtp_2)
                                 -0.013819    0.236181   library hold time
                                              0.236181   data required time
---------------------------------------------------------------------------------------------
                                              0.236181   data required time
                                             -0.356277   data arrival time
---------------------------------------------------------------------------------------------
                                              0.120096   slack (MET)


Startpoint: _3078_ (rising edge-triggered flip-flop clocked by clk)
Endpoint: _3078_ (rising edge-triggered flip-flop clocked by clk)
Path Group: clk
Path Type: min

Fanout         Cap        Slew       Delay        Time   Description
---------------------------------------------------------------------------------------------
                      0.150000    0.000000    0.000000   clock clk (rise edge)
                                  0.000000    0.000000   clock network delay (ideal)
                      0.150000    0.000000    0.000000 ^ _3078_/CLK (sky130_fd_sc_hd__dfxtp_2)
     2    0.004162    0.026713    0.219591    0.219591 ^ _3078_/Q (sky130_fd_sc_hd__dfxtp_2)
                                                         u_intf.u_slave.reg_ctrl[11] (net)
                      0.026713    0.000000    0.219591 ^ _1901_/A0 (sky130_fd_sc_hd__mux2_1)
     1    0.001632    0.022777    0.064013    0.283603 ^ _1901_/X (sky130_fd_sc_hd__mux2_1)
                                                         _0386_ (net)
                      0.022777    0.000000    0.283603 ^ _1902_/B (sky130_fd_sc_hd__and2_2)
     1    0.001748    0.021780    0.072674    0.356277 ^ _1902_/X (sky130_fd_sc_hd__and2_2)
                                                         _0192_ (net)
                      0.021780    0.000000    0.356277 ^ _3078_/D (sky130_fd_sc_hd__dfxtp_2)
                                              0.356277   data arrival time

                      0.150000    0.000000    0.000000   clock clk (rise edge)
                                  0.000000    0.000000   clock network delay (ideal)
                                  0.250000    0.250000   clock uncertainty
                                  0.000000    0.250000   clock reconvergence pessimism
                                              0.250000 ^ _3078_/CLK (sky130_fd_sc_hd__dfxtp_2)
                                 -0.013819    0.236181   library hold time
                                              0.236181   data required time
---------------------------------------------------------------------------------------------
                                              0.236181   data required time
                                             -0.356277   data arrival time
---------------------------------------------------------------------------------------------
                                              0.120096   slack (MET)


Startpoint: _3080_ (rising edge-triggered flip-flop clocked by clk)
Endpoint: _3080_ (rising edge-triggered flip-flop clocked by clk)
Path Group: clk
Path Type: min

Fanout         Cap        Slew       Delay        Time   Description
---------------------------------------------------------------------------------------------
                      0.150000    0.000000    0.000000   clock clk (rise edge)
                                  0.000000    0.000000   clock network delay (ideal)
                      0.150000    0.000000    0.000000 ^ _3080_/CLK (sky130_fd_sc_hd__dfxtp_2)
     2    0.004162    0.026713    0.219591    0.219591 ^ _3080_/Q (sky130_fd_sc_hd__dfxtp_2)
                                                         u_intf.u_slave.reg_ctrl[13] (net)
                      0.026713    0.000000    0.219591 ^ _1905_/A0 (sky130_fd_sc_hd__mux2_1)
     1    0.001632    0.022777    0.064013    0.283603 ^ _1905_/X (sky130_fd_sc_hd__mux2_1)
                                                         _0388_ (net)
                      0.022777    0.000000    0.283603 ^ _1906_/B (sky130_fd_sc_hd__and2_2)
     1    0.001748    0.021780    0.072674    0.356277 ^ _1906_/X (sky130_fd_sc_hd__and2_2)
                                                         _0194_ (net)
                      0.021780    0.000000    0.356277 ^ _3080_/D (sky130_fd_sc_hd__dfxtp_2)
                                              0.356277   data arrival time

                      0.150000    0.000000    0.000000   clock clk (rise edge)
                                  0.000000    0.000000   clock network delay (ideal)
                                  0.250000    0.250000   clock uncertainty
                                  0.000000    0.250000   clock reconvergence pessimism
                                              0.250000 ^ _3080_/CLK (sky130_fd_sc_hd__dfxtp_2)
                                 -0.013819    0.236181   library hold time
                                              0.236181   data required time
---------------------------------------------------------------------------------------------
                                              0.236181   data required time
                                             -0.356277   data arrival time
---------------------------------------------------------------------------------------------
                                              0.120096   slack (MET)


Startpoint: _3081_ (rising edge-triggered flip-flop clocked by clk)
Endpoint: _3081_ (rising edge-triggered flip-flop clocked by clk)
Path Group: clk
Path Type: min

Fanout         Cap        Slew       Delay        Time   Description
---------------------------------------------------------------------------------------------
                      0.150000    0.000000    0.000000   clock clk (rise edge)
                                  0.000000    0.000000   clock network delay (ideal)
                      0.150000    0.000000    0.000000 ^ _3081_/CLK (sky130_fd_sc_hd__dfxtp_2)
     2    0.004162    0.026713    0.219591    0.219591 ^ _3081_/Q (sky130_fd_sc_hd__dfxtp_2)
                                                         u_intf.u_slave.reg_ctrl[14] (net)
                      0.026713    0.000000    0.219591 ^ _1907_/A0 (sky130_fd_sc_hd__mux2_1)
     1    0.001632    0.022777    0.064013    0.283603 ^ _1907_/X (sky130_fd_sc_hd__mux2_1)
                                                         _0389_ (net)
                      0.022777    0.000000    0.283603 ^ _1908_/B (sky130_fd_sc_hd__and2_2)
     1    0.001748    0.021780    0.072674    0.356277 ^ _1908_/X (sky130_fd_sc_hd__and2_2)
                                                         _0195_ (net)
                      0.021780    0.000000    0.356277 ^ _3081_/D (sky130_fd_sc_hd__dfxtp_2)
                                              0.356277   data arrival time

                      0.150000    0.000000    0.000000   clock clk (rise edge)
                                  0.000000    0.000000   clock network delay (ideal)
                                  0.250000    0.250000   clock uncertainty
                                  0.000000    0.250000   clock reconvergence pessimism
                                              0.250000 ^ _3081_/CLK (sky130_fd_sc_hd__dfxtp_2)
                                 -0.013819    0.236181   library hold time
                                              0.236181   data required time
---------------------------------------------------------------------------------------------
                                              0.236181   data required time
                                             -0.356277   data arrival time
---------------------------------------------------------------------------------------------
                                              0.120096   slack (MET)


Startpoint: _3082_ (rising edge-triggered flip-flop clocked by clk)
Endpoint: _3082_ (rising edge-triggered flip-flop clocked by clk)
Path Group: clk
Path Type: min

Fanout         Cap        Slew       Delay        Time   Description
---------------------------------------------------------------------------------------------
                      0.150000    0.000000    0.000000   clock clk (rise edge)
                                  0.000000    0.000000   clock network delay (ideal)
                      0.150000    0.000000    0.000000 ^ _3082_/CLK (sky130_fd_sc_hd__dfxtp_2)
     2    0.004162    0.026713    0.219591    0.219591 ^ _3082_/Q (sky130_fd_sc_hd__dfxtp_2)
                                                         u_intf.u_slave.reg_ctrl[15] (net)
                      0.026713    0.000000    0.219591 ^ _1909_/A0 (sky130_fd_sc_hd__mux2_1)
     1    0.001632    0.022777    0.064013    0.283603 ^ _1909_/X (sky130_fd_sc_hd__mux2_1)
                                                         _0390_ (net)
                      0.022777    0.000000    0.283603 ^ _1910_/B (sky130_fd_sc_hd__and2_2)
     1    0.001748    0.021780    0.072674    0.356277 ^ _1910_/X (sky130_fd_sc_hd__and2_2)
                                                         _0196_ (net)
                      0.021780    0.000000    0.356277 ^ _3082_/D (sky130_fd_sc_hd__dfxtp_2)
                                              0.356277   data arrival time

                      0.150000    0.000000    0.000000   clock clk (rise edge)
                                  0.000000    0.000000   clock network delay (ideal)
                                  0.250000    0.250000   clock uncertainty
                                  0.000000    0.250000   clock reconvergence pessimism
                                              0.250000 ^ _3082_/CLK (sky130_fd_sc_hd__dfxtp_2)
                                 -0.013819    0.236181   library hold time
                                              0.236181   data required time
---------------------------------------------------------------------------------------------
                                              0.236181   data required time
                                             -0.356277   data arrival time
---------------------------------------------------------------------------------------------
                                              0.120096   slack (MET)


Startpoint: _3083_ (rising edge-triggered flip-flop clocked by clk)
Endpoint: _3083_ (rising edge-triggered flip-flop clocked by clk)
Path Group: clk
Path Type: min

Fanout         Cap        Slew       Delay        Time   Description
---------------------------------------------------------------------------------------------
                      0.150000    0.000000    0.000000   clock clk (rise edge)
                                  0.000000    0.000000   clock network delay (ideal)
                      0.150000    0.000000    0.000000 ^ _3083_/CLK (sky130_fd_sc_hd__dfxtp_2)
     2    0.004162    0.026713    0.219591    0.219591 ^ _3083_/Q (sky130_fd_sc_hd__dfxtp_2)
                                                         u_intf.u_slave.reg_ctrl[16] (net)
                      0.026713    0.000000    0.219591 ^ _1911_/A0 (sky130_fd_sc_hd__mux2_1)
     1    0.001632    0.022777    0.064013    0.283603 ^ _1911_/X (sky130_fd_sc_hd__mux2_1)
                                                         _0391_ (net)
                      0.022777    0.000000    0.283603 ^ _1912_/B (sky130_fd_sc_hd__and2_2)
     1    0.001748    0.021780    0.072674    0.356277 ^ _1912_/X (sky130_fd_sc_hd__and2_2)
                                                         _0197_ (net)
                      0.021780    0.000000    0.356277 ^ _3083_/D (sky130_fd_sc_hd__dfxtp_2)
                                              0.356277   data arrival time

                      0.150000    0.000000    0.000000   clock clk (rise edge)
                                  0.000000    0.000000   clock network delay (ideal)
                                  0.250000    0.250000   clock uncertainty
                                  0.000000    0.250000   clock reconvergence pessimism
                                              0.250000 ^ _3083_/CLK (sky130_fd_sc_hd__dfxtp_2)
                                 -0.013819    0.236181   library hold time
                                              0.236181   data required time
---------------------------------------------------------------------------------------------
                                              0.236181   data required time
                                             -0.356277   data arrival time
---------------------------------------------------------------------------------------------
                                              0.120096   slack (MET)


Startpoint: _3084_ (rising edge-triggered flip-flop clocked by clk)
Endpoint: _3084_ (rising edge-triggered flip-flop clocked by clk)
Path Group: clk
Path Type: min

Fanout         Cap        Slew       Delay        Time   Description
---------------------------------------------------------------------------------------------
                      0.150000    0.000000    0.000000   clock clk (rise edge)
                                  0.000000    0.000000   clock network delay (ideal)
                      0.150000    0.000000    0.000000 ^ _3084_/CLK (sky130_fd_sc_hd__dfxtp_2)
     2    0.004162    0.026713    0.219591    0.219591 ^ _3084_/Q (sky130_fd_sc_hd__dfxtp_2)
                                                         u_intf.u_slave.reg_ctrl[17] (net)
                      0.026713    0.000000    0.219591 ^ _1913_/A0 (sky130_fd_sc_hd__mux2_1)
     1    0.001632    0.022777    0.064013    0.283603 ^ _1913_/X (sky130_fd_sc_hd__mux2_1)
                                                         _0392_ (net)
                      0.022777    0.000000    0.283603 ^ _1914_/B (sky130_fd_sc_hd__and2_2)
     1    0.001748    0.021780    0.072674    0.356277 ^ _1914_/X (sky130_fd_sc_hd__and2_2)
                                                         _0198_ (net)
                      0.021780    0.000000    0.356277 ^ _3084_/D (sky130_fd_sc_hd__dfxtp_2)
                                              0.356277   data arrival time

                      0.150000    0.000000    0.000000   clock clk (rise edge)
                                  0.000000    0.000000   clock network delay (ideal)
                                  0.250000    0.250000   clock uncertainty
                                  0.000000    0.250000   clock reconvergence pessimism
                                              0.250000 ^ _3084_/CLK (sky130_fd_sc_hd__dfxtp_2)
                                 -0.013819    0.236181   library hold time
                                              0.236181   data required time
---------------------------------------------------------------------------------------------
                                              0.236181   data required time
                                             -0.356277   data arrival time
---------------------------------------------------------------------------------------------
                                              0.120096   slack (MET)


Startpoint: _3085_ (rising edge-triggered flip-flop clocked by clk)
Endpoint: _3085_ (rising edge-triggered flip-flop clocked by clk)
Path Group: clk
Path Type: min

Fanout         Cap        Slew       Delay        Time   Description
---------------------------------------------------------------------------------------------
                      0.150000    0.000000    0.000000   clock clk (rise edge)
                                  0.000000    0.000000   clock network delay (ideal)
                      0.150000    0.000000    0.000000 ^ _3085_/CLK (sky130_fd_sc_hd__dfxtp_2)
     2    0.004162    0.026713    0.219591    0.219591 ^ _3085_/Q (sky130_fd_sc_hd__dfxtp_2)
                                                         u_intf.u_slave.reg_ctrl[18] (net)
                      0.026713    0.000000    0.219591 ^ _1915_/A0 (sky130_fd_sc_hd__mux2_1)
     1    0.001632    0.022777    0.064013    0.283603 ^ _1915_/X (sky130_fd_sc_hd__mux2_1)
                                                         _0393_ (net)
                      0.022777    0.000000    0.283603 ^ _1916_/B (sky130_fd_sc_hd__and2_2)
     1    0.001748    0.021780    0.072674    0.356277 ^ _1916_/X (sky130_fd_sc_hd__and2_2)
                                                         _0199_ (net)
                      0.021780    0.000000    0.356277 ^ _3085_/D (sky130_fd_sc_hd__dfxtp_2)
                                              0.356277   data arrival time

                      0.150000    0.000000    0.000000   clock clk (rise edge)
                                  0.000000    0.000000   clock network delay (ideal)
                                  0.250000    0.250000   clock uncertainty
                                  0.000000    0.250000   clock reconvergence pessimism
                                              0.250000 ^ _3085_/CLK (sky130_fd_sc_hd__dfxtp_2)
                                 -0.013819    0.236181   library hold time
                                              0.236181   data required time
---------------------------------------------------------------------------------------------
                                              0.236181   data required time
                                             -0.356277   data arrival time
---------------------------------------------------------------------------------------------
                                              0.120096   slack (MET)


Startpoint: _3086_ (rising edge-triggered flip-flop clocked by clk)
Endpoint: _3086_ (rising edge-triggered flip-flop clocked by clk)
Path Group: clk
Path Type: min

Fanout         Cap        Slew       Delay        Time   Description
---------------------------------------------------------------------------------------------
                      0.150000    0.000000    0.000000   clock clk (rise edge)
                                  0.000000    0.000000   clock network delay (ideal)
                      0.150000    0.000000    0.000000 ^ _3086_/CLK (sky130_fd_sc_hd__dfxtp_2)
     2    0.004162    0.026713    0.219591    0.219591 ^ _3086_/Q (sky130_fd_sc_hd__dfxtp_2)
                                                         u_intf.u_slave.reg_ctrl[19] (net)
                      0.026713    0.000000    0.219591 ^ _1917_/A0 (sky130_fd_sc_hd__mux2_1)
     1    0.001632    0.022777    0.064013    0.283603 ^ _1917_/X (sky130_fd_sc_hd__mux2_1)
                                                         _0394_ (net)
                      0.022777    0.000000    0.283603 ^ _1918_/B (sky130_fd_sc_hd__and2_2)
     1    0.001748    0.021780    0.072674    0.356277 ^ _1918_/X (sky130_fd_sc_hd__and2_2)
                                                         _0200_ (net)
                      0.021780    0.000000    0.356277 ^ _3086_/D (sky130_fd_sc_hd__dfxtp_2)
                                              0.356277   data arrival time

                      0.150000    0.000000    0.000000   clock clk (rise edge)
                                  0.000000    0.000000   clock network delay (ideal)
                                  0.250000    0.250000   clock uncertainty
                                  0.000000    0.250000   clock reconvergence pessimism
                                              0.250000 ^ _3086_/CLK (sky130_fd_sc_hd__dfxtp_2)
                                 -0.013819    0.236181   library hold time
                                              0.236181   data required time
---------------------------------------------------------------------------------------------
                                              0.236181   data required time
                                             -0.356277   data arrival time
---------------------------------------------------------------------------------------------
                                              0.120096   slack (MET)


Startpoint: _3087_ (rising edge-triggered flip-flop clocked by clk)
Endpoint: _3087_ (rising edge-triggered flip-flop clocked by clk)
Path Group: clk
Path Type: min

Fanout         Cap        Slew       Delay        Time   Description
---------------------------------------------------------------------------------------------
                      0.150000    0.000000    0.000000   clock clk (rise edge)
                                  0.000000    0.000000   clock network delay (ideal)
                      0.150000    0.000000    0.000000 ^ _3087_/CLK (sky130_fd_sc_hd__dfxtp_2)
     2    0.004162    0.026713    0.219591    0.219591 ^ _3087_/Q (sky130_fd_sc_hd__dfxtp_2)
                                                         u_intf.u_slave.reg_ctrl[20] (net)
                      0.026713    0.000000    0.219591 ^ _1919_/A0 (sky130_fd_sc_hd__mux2_1)
     1    0.001632    0.022777    0.064013    0.283603 ^ _1919_/X (sky130_fd_sc_hd__mux2_1)
                                                         _0395_ (net)
                      0.022777    0.000000    0.283603 ^ _1920_/B (sky130_fd_sc_hd__and2_2)
     1    0.001748    0.021780    0.072674    0.356277 ^ _1920_/X (sky130_fd_sc_hd__and2_2)
                                                         _0201_ (net)
                      0.021780    0.000000    0.356277 ^ _3087_/D (sky130_fd_sc_hd__dfxtp_2)
                                              0.356277   data arrival time

                      0.150000    0.000000    0.000000   clock clk (rise edge)
                                  0.000000    0.000000   clock network delay (ideal)
                                  0.250000    0.250000   clock uncertainty
                                  0.000000    0.250000   clock reconvergence pessimism
                                              0.250000 ^ _3087_/CLK (sky130_fd_sc_hd__dfxtp_2)
                                 -0.013819    0.236181   library hold time
                                              0.236181   data required time
---------------------------------------------------------------------------------------------
                                              0.236181   data required time
                                             -0.356277   data arrival time
---------------------------------------------------------------------------------------------
                                              0.120096   slack (MET)


Startpoint: _3088_ (rising edge-triggered flip-flop clocked by clk)
Endpoint: _3088_ (rising edge-triggered flip-flop clocked by clk)
Path Group: clk
Path Type: min

Fanout         Cap        Slew       Delay        Time   Description
---------------------------------------------------------------------------------------------
                      0.150000    0.000000    0.000000   clock clk (rise edge)
                                  0.000000    0.000000   clock network delay (ideal)
                      0.150000    0.000000    0.000000 ^ _3088_/CLK (sky130_fd_sc_hd__dfxtp_2)
     2    0.004162    0.026713    0.219591    0.219591 ^ _3088_/Q (sky130_fd_sc_hd__dfxtp_2)
                                                         u_intf.u_slave.reg_ctrl[21] (net)
                      0.026713    0.000000    0.219591 ^ _1921_/A0 (sky130_fd_sc_hd__mux2_1)
     1    0.001632    0.022777    0.064013    0.283603 ^ _1921_/X (sky130_fd_sc_hd__mux2_1)
                                                         _0396_ (net)
                      0.022777    0.000000    0.283603 ^ _1922_/B (sky130_fd_sc_hd__and2_2)
     1    0.001748    0.021780    0.072674    0.356277 ^ _1922_/X (sky130_fd_sc_hd__and2_2)
                                                         _0202_ (net)
                      0.021780    0.000000    0.356277 ^ _3088_/D (sky130_fd_sc_hd__dfxtp_2)
                                              0.356277   data arrival time

                      0.150000    0.000000    0.000000   clock clk (rise edge)
                                  0.000000    0.000000   clock network delay (ideal)
                                  0.250000    0.250000   clock uncertainty
                                  0.000000    0.250000   clock reconvergence pessimism
                                              0.250000 ^ _3088_/CLK (sky130_fd_sc_hd__dfxtp_2)
                                 -0.013819    0.236181   library hold time
                                              0.236181   data required time
---------------------------------------------------------------------------------------------
                                              0.236181   data required time
                                             -0.356277   data arrival time
---------------------------------------------------------------------------------------------
                                              0.120096   slack (MET)


Startpoint: _3089_ (rising edge-triggered flip-flop clocked by clk)
Endpoint: _3089_ (rising edge-triggered flip-flop clocked by clk)
Path Group: clk
Path Type: min

Fanout         Cap        Slew       Delay        Time   Description
---------------------------------------------------------------------------------------------
                      0.150000    0.000000    0.000000   clock clk (rise edge)
                                  0.000000    0.000000   clock network delay (ideal)
                      0.150000    0.000000    0.000000 ^ _3089_/CLK (sky130_fd_sc_hd__dfxtp_2)
     2    0.004162    0.026713    0.219591    0.219591 ^ _3089_/Q (sky130_fd_sc_hd__dfxtp_2)
                                                         u_intf.u_slave.reg_ctrl[22] (net)
                      0.026713    0.000000    0.219591 ^ _1923_/A0 (sky130_fd_sc_hd__mux2_1)
     1    0.001632    0.022777    0.064013    0.283603 ^ _1923_/X (sky130_fd_sc_hd__mux2_1)
                                                         _0397_ (net)
                      0.022777    0.000000    0.283603 ^ _1924_/B (sky130_fd_sc_hd__and2_2)
     1    0.001748    0.021780    0.072674    0.356277 ^ _1924_/X (sky130_fd_sc_hd__and2_2)
                                                         _0203_ (net)
                      0.021780    0.000000    0.356277 ^ _3089_/D (sky130_fd_sc_hd__dfxtp_2)
                                              0.356277   data arrival time

                      0.150000    0.000000    0.000000   clock clk (rise edge)
                                  0.000000    0.000000   clock network delay (ideal)
                                  0.250000    0.250000   clock uncertainty
                                  0.000000    0.250000   clock reconvergence pessimism
                                              0.250000 ^ _3089_/CLK (sky130_fd_sc_hd__dfxtp_2)
                                 -0.013819    0.236181   library hold time
                                              0.236181   data required time
---------------------------------------------------------------------------------------------
                                              0.236181   data required time
                                             -0.356277   data arrival time
---------------------------------------------------------------------------------------------
                                              0.120096   slack (MET)


Startpoint: _3090_ (rising edge-triggered flip-flop clocked by clk)
Endpoint: _3090_ (rising edge-triggered flip-flop clocked by clk)
Path Group: clk
Path Type: min

Fanout         Cap        Slew       Delay        Time   Description
---------------------------------------------------------------------------------------------
                      0.150000    0.000000    0.000000   clock clk (rise edge)
                                  0.000000    0.000000   clock network delay (ideal)
                      0.150000    0.000000    0.000000 ^ _3090_/CLK (sky130_fd_sc_hd__dfxtp_2)
     2    0.004162    0.026713    0.219591    0.219591 ^ _3090_/Q (sky130_fd_sc_hd__dfxtp_2)
                                                         u_intf.u_slave.reg_ctrl[23] (net)
                      0.026713    0.000000    0.219591 ^ _1925_/A0 (sky130_fd_sc_hd__mux2_1)
     1    0.001632    0.022777    0.064013    0.283603 ^ _1925_/X (sky130_fd_sc_hd__mux2_1)
                                                         _0398_ (net)
                      0.022777    0.000000    0.283603 ^ _1926_/B (sky130_fd_sc_hd__and2_2)
     1    0.001748    0.021780    0.072674    0.356277 ^ _1926_/X (sky130_fd_sc_hd__and2_2)
                                                         _0204_ (net)
                      0.021780    0.000000    0.356277 ^ _3090_/D (sky130_fd_sc_hd__dfxtp_2)
                                              0.356277   data arrival time

                      0.150000    0.000000    0.000000   clock clk (rise edge)
                                  0.000000    0.000000   clock network delay (ideal)
                                  0.250000    0.250000   clock uncertainty
                                  0.000000    0.250000   clock reconvergence pessimism
                                              0.250000 ^ _3090_/CLK (sky130_fd_sc_hd__dfxtp_2)
                                 -0.013819    0.236181   library hold time
                                              0.236181   data required time
---------------------------------------------------------------------------------------------
                                              0.236181   data required time
                                             -0.356277   data arrival time
---------------------------------------------------------------------------------------------
                                              0.120096   slack (MET)


Startpoint: _3091_ (rising edge-triggered flip-flop clocked by clk)
Endpoint: _3091_ (rising edge-triggered flip-flop clocked by clk)
Path Group: clk
Path Type: min

Fanout         Cap        Slew       Delay        Time   Description
---------------------------------------------------------------------------------------------
                      0.150000    0.000000    0.000000   clock clk (rise edge)
                                  0.000000    0.000000   clock network delay (ideal)
                      0.150000    0.000000    0.000000 ^ _3091_/CLK (sky130_fd_sc_hd__dfxtp_2)
     2    0.004162    0.026713    0.219591    0.219591 ^ _3091_/Q (sky130_fd_sc_hd__dfxtp_2)
                                                         u_intf.u_slave.reg_ctrl[24] (net)
                      0.026713    0.000000    0.219591 ^ _1927_/A0 (sky130_fd_sc_hd__mux2_1)
     1    0.001632    0.022777    0.064013    0.283603 ^ _1927_/X (sky130_fd_sc_hd__mux2_1)
                                                         _0399_ (net)
                      0.022777    0.000000    0.283603 ^ _1928_/B (sky130_fd_sc_hd__and2_2)
     1    0.001748    0.021780    0.072674    0.356277 ^ _1928_/X (sky130_fd_sc_hd__and2_2)
                                                         _0205_ (net)
                      0.021780    0.000000    0.356277 ^ _3091_/D (sky130_fd_sc_hd__dfxtp_2)
                                              0.356277   data arrival time

                      0.150000    0.000000    0.000000   clock clk (rise edge)
                                  0.000000    0.000000   clock network delay (ideal)
                                  0.250000    0.250000   clock uncertainty
                                  0.000000    0.250000   clock reconvergence pessimism
                                              0.250000 ^ _3091_/CLK (sky130_fd_sc_hd__dfxtp_2)
                                 -0.013819    0.236181   library hold time
                                              0.236181   data required time
---------------------------------------------------------------------------------------------
                                              0.236181   data required time
                                             -0.356277   data arrival time
---------------------------------------------------------------------------------------------
                                              0.120096   slack (MET)


Startpoint: _3092_ (rising edge-triggered flip-flop clocked by clk)
Endpoint: _3092_ (rising edge-triggered flip-flop clocked by clk)
Path Group: clk
Path Type: min

Fanout         Cap        Slew       Delay        Time   Description
---------------------------------------------------------------------------------------------
                      0.150000    0.000000    0.000000   clock clk (rise edge)
                                  0.000000    0.000000   clock network delay (ideal)
                      0.150000    0.000000    0.000000 ^ _3092_/CLK (sky130_fd_sc_hd__dfxtp_2)
     2    0.004162    0.026713    0.219591    0.219591 ^ _3092_/Q (sky130_fd_sc_hd__dfxtp_2)
                                                         u_intf.u_slave.reg_ctrl[25] (net)
                      0.026713    0.000000    0.219591 ^ _1929_/A0 (sky130_fd_sc_hd__mux2_1)
     1    0.001632    0.022777    0.064013    0.283603 ^ _1929_/X (sky130_fd_sc_hd__mux2_1)
                                                         _0400_ (net)
                      0.022777    0.000000    0.283603 ^ _1930_/B (sky130_fd_sc_hd__and2_2)
     1    0.001748    0.021780    0.072674    0.356277 ^ _1930_/X (sky130_fd_sc_hd__and2_2)
                                                         _0206_ (net)
                      0.021780    0.000000    0.356277 ^ _3092_/D (sky130_fd_sc_hd__dfxtp_2)
                                              0.356277   data arrival time

                      0.150000    0.000000    0.000000   clock clk (rise edge)
                                  0.000000    0.000000   clock network delay (ideal)
                                  0.250000    0.250000   clock uncertainty
                                  0.000000    0.250000   clock reconvergence pessimism
                                              0.250000 ^ _3092_/CLK (sky130_fd_sc_hd__dfxtp_2)
                                 -0.013819    0.236181   library hold time
                                              0.236181   data required time
---------------------------------------------------------------------------------------------
                                              0.236181   data required time
                                             -0.356277   data arrival time
---------------------------------------------------------------------------------------------
                                              0.120096   slack (MET)


Startpoint: _3093_ (rising edge-triggered flip-flop clocked by clk)
Endpoint: _3093_ (rising edge-triggered flip-flop clocked by clk)
Path Group: clk
Path Type: min

Fanout         Cap        Slew       Delay        Time   Description
---------------------------------------------------------------------------------------------
                      0.150000    0.000000    0.000000   clock clk (rise edge)
                                  0.000000    0.000000   clock network delay (ideal)
                      0.150000    0.000000    0.000000 ^ _3093_/CLK (sky130_fd_sc_hd__dfxtp_2)
     2    0.004162    0.026713    0.219591    0.219591 ^ _3093_/Q (sky130_fd_sc_hd__dfxtp_2)
                                                         u_intf.u_slave.reg_ctrl[26] (net)
                      0.026713    0.000000    0.219591 ^ _1931_/A0 (sky130_fd_sc_hd__mux2_1)
     1    0.001632    0.022777    0.064013    0.283603 ^ _1931_/X (sky130_fd_sc_hd__mux2_1)
                                                         _0401_ (net)
                      0.022777    0.000000    0.283603 ^ _1932_/B (sky130_fd_sc_hd__and2_2)
     1    0.001748    0.021780    0.072674    0.356277 ^ _1932_/X (sky130_fd_sc_hd__and2_2)
                                                         _0207_ (net)
                      0.021780    0.000000    0.356277 ^ _3093_/D (sky130_fd_sc_hd__dfxtp_2)
                                              0.356277   data arrival time

                      0.150000    0.000000    0.000000   clock clk (rise edge)
                                  0.000000    0.000000   clock network delay (ideal)
                                  0.250000    0.250000   clock uncertainty
                                  0.000000    0.250000   clock reconvergence pessimism
                                              0.250000 ^ _3093_/CLK (sky130_fd_sc_hd__dfxtp_2)
                                 -0.013819    0.236181   library hold time
                                              0.236181   data required time
---------------------------------------------------------------------------------------------
                                              0.236181   data required time
                                             -0.356277   data arrival time
---------------------------------------------------------------------------------------------
                                              0.120096   slack (MET)


Startpoint: _3094_ (rising edge-triggered flip-flop clocked by clk)
Endpoint: _3094_ (rising edge-triggered flip-flop clocked by clk)
Path Group: clk
Path Type: min

Fanout         Cap        Slew       Delay        Time   Description
---------------------------------------------------------------------------------------------
                      0.150000    0.000000    0.000000   clock clk (rise edge)
                                  0.000000    0.000000   clock network delay (ideal)
                      0.150000    0.000000    0.000000 ^ _3094_/CLK (sky130_fd_sc_hd__dfxtp_2)
     2    0.004162    0.026713    0.219591    0.219591 ^ _3094_/Q (sky130_fd_sc_hd__dfxtp_2)
                                                         u_intf.u_slave.reg_ctrl[27] (net)
                      0.026713    0.000000    0.219591 ^ _1933_/A0 (sky130_fd_sc_hd__mux2_1)
     1    0.001632    0.022777    0.064013    0.283603 ^ _1933_/X (sky130_fd_sc_hd__mux2_1)
                                                         _0402_ (net)
                      0.022777    0.000000    0.283603 ^ _1934_/B (sky130_fd_sc_hd__and2_2)
     1    0.001748    0.021780    0.072674    0.356277 ^ _1934_/X (sky130_fd_sc_hd__and2_2)
                                                         _0208_ (net)
                      0.021780    0.000000    0.356277 ^ _3094_/D (sky130_fd_sc_hd__dfxtp_2)
                                              0.356277   data arrival time

                      0.150000    0.000000    0.000000   clock clk (rise edge)
                                  0.000000    0.000000   clock network delay (ideal)
                                  0.250000    0.250000   clock uncertainty
                                  0.000000    0.250000   clock reconvergence pessimism
                                              0.250000 ^ _3094_/CLK (sky130_fd_sc_hd__dfxtp_2)
                                 -0.013819    0.236181   library hold time
                                              0.236181   data required time
---------------------------------------------------------------------------------------------
                                              0.236181   data required time
                                             -0.356277   data arrival time
---------------------------------------------------------------------------------------------
                                              0.120096   slack (MET)


Startpoint: _3095_ (rising edge-triggered flip-flop clocked by clk)
Endpoint: _3095_ (rising edge-triggered flip-flop clocked by clk)
Path Group: clk
Path Type: min

Fanout         Cap        Slew       Delay        Time   Description
---------------------------------------------------------------------------------------------
                      0.150000    0.000000    0.000000   clock clk (rise edge)
                                  0.000000    0.000000   clock network delay (ideal)
                      0.150000    0.000000    0.000000 ^ _3095_/CLK (sky130_fd_sc_hd__dfxtp_2)
     2    0.004162    0.026713    0.219591    0.219591 ^ _3095_/Q (sky130_fd_sc_hd__dfxtp_2)
                                                         u_intf.u_slave.reg_ctrl[28] (net)
                      0.026713    0.000000    0.219591 ^ _1935_/A0 (sky130_fd_sc_hd__mux2_1)
     1    0.001632    0.022777    0.064013    0.283603 ^ _1935_/X (sky130_fd_sc_hd__mux2_1)
                                                         _0403_ (net)
                      0.022777    0.000000    0.283603 ^ _1936_/B (sky130_fd_sc_hd__and2_2)
     1    0.001748    0.021780    0.072674    0.356277 ^ _1936_/X (sky130_fd_sc_hd__and2_2)
                                                         _0209_ (net)
                      0.021780    0.000000    0.356277 ^ _3095_/D (sky130_fd_sc_hd__dfxtp_2)
                                              0.356277   data arrival time

                      0.150000    0.000000    0.000000   clock clk (rise edge)
                                  0.000000    0.000000   clock network delay (ideal)
                                  0.250000    0.250000   clock uncertainty
                                  0.000000    0.250000   clock reconvergence pessimism
                                              0.250000 ^ _3095_/CLK (sky130_fd_sc_hd__dfxtp_2)
                                 -0.013819    0.236181   library hold time
                                              0.236181   data required time
---------------------------------------------------------------------------------------------
                                              0.236181   data required time
                                             -0.356277   data arrival time
---------------------------------------------------------------------------------------------
                                              0.120096   slack (MET)


Startpoint: _3096_ (rising edge-triggered flip-flop clocked by clk)
Endpoint: _3096_ (rising edge-triggered flip-flop clocked by clk)
Path Group: clk
Path Type: min

Fanout         Cap        Slew       Delay        Time   Description
---------------------------------------------------------------------------------------------
                      0.150000    0.000000    0.000000   clock clk (rise edge)
                                  0.000000    0.000000   clock network delay (ideal)
                      0.150000    0.000000    0.000000 ^ _3096_/CLK (sky130_fd_sc_hd__dfxtp_2)
     2    0.004162    0.026713    0.219591    0.219591 ^ _3096_/Q (sky130_fd_sc_hd__dfxtp_2)
                                                         u_intf.u_slave.reg_ctrl[29] (net)
                      0.026713    0.000000    0.219591 ^ _1937_/A0 (sky130_fd_sc_hd__mux2_1)
     1    0.001632    0.022777    0.064013    0.283603 ^ _1937_/X (sky130_fd_sc_hd__mux2_1)
                                                         _0404_ (net)
                      0.022777    0.000000    0.283603 ^ _1938_/B (sky130_fd_sc_hd__and2_2)
     1    0.001748    0.021780    0.072674    0.356277 ^ _1938_/X (sky130_fd_sc_hd__and2_2)
                                                         _0210_ (net)
                      0.021780    0.000000    0.356277 ^ _3096_/D (sky130_fd_sc_hd__dfxtp_2)
                                              0.356277   data arrival time

                      0.150000    0.000000    0.000000   clock clk (rise edge)
                                  0.000000    0.000000   clock network delay (ideal)
                                  0.250000    0.250000   clock uncertainty
                                  0.000000    0.250000   clock reconvergence pessimism
                                              0.250000 ^ _3096_/CLK (sky130_fd_sc_hd__dfxtp_2)
                                 -0.013819    0.236181   library hold time
                                              0.236181   data required time
---------------------------------------------------------------------------------------------
                                              0.236181   data required time
                                             -0.356277   data arrival time
---------------------------------------------------------------------------------------------
                                              0.120096   slack (MET)


Startpoint: _3097_ (rising edge-triggered flip-flop clocked by clk)
Endpoint: _3097_ (rising edge-triggered flip-flop clocked by clk)
Path Group: clk
Path Type: min

Fanout         Cap        Slew       Delay        Time   Description
---------------------------------------------------------------------------------------------
                      0.150000    0.000000    0.000000   clock clk (rise edge)
                                  0.000000    0.000000   clock network delay (ideal)
                      0.150000    0.000000    0.000000 ^ _3097_/CLK (sky130_fd_sc_hd__dfxtp_2)
     2    0.004162    0.026713    0.219591    0.219591 ^ _3097_/Q (sky130_fd_sc_hd__dfxtp_2)
                                                         u_intf.u_slave.reg_ctrl[30] (net)
                      0.026713    0.000000    0.219591 ^ _1939_/A0 (sky130_fd_sc_hd__mux2_1)
     1    0.001632    0.022777    0.064013    0.283603 ^ _1939_/X (sky130_fd_sc_hd__mux2_1)
                                                         _0405_ (net)
                      0.022777    0.000000    0.283603 ^ _1940_/B (sky130_fd_sc_hd__and2_2)
     1    0.001748    0.021780    0.072674    0.356277 ^ _1940_/X (sky130_fd_sc_hd__and2_2)
                                                         _0211_ (net)
                      0.021780    0.000000    0.356277 ^ _3097_/D (sky130_fd_sc_hd__dfxtp_2)
                                              0.356277   data arrival time

                      0.150000    0.000000    0.000000   clock clk (rise edge)
                                  0.000000    0.000000   clock network delay (ideal)
                                  0.250000    0.250000   clock uncertainty
                                  0.000000    0.250000   clock reconvergence pessimism
                                              0.250000 ^ _3097_/CLK (sky130_fd_sc_hd__dfxtp_2)
                                 -0.013819    0.236181   library hold time
                                              0.236181   data required time
---------------------------------------------------------------------------------------------
                                              0.236181   data required time
                                             -0.356277   data arrival time
---------------------------------------------------------------------------------------------
                                              0.120096   slack (MET)


Startpoint: _3098_ (rising edge-triggered flip-flop clocked by clk)
Endpoint: _3098_ (rising edge-triggered flip-flop clocked by clk)
Path Group: clk
Path Type: min

Fanout         Cap        Slew       Delay        Time   Description
---------------------------------------------------------------------------------------------
                      0.150000    0.000000    0.000000   clock clk (rise edge)
                                  0.000000    0.000000   clock network delay (ideal)
                      0.150000    0.000000    0.000000 ^ _3098_/CLK (sky130_fd_sc_hd__dfxtp_2)
     2    0.004162    0.026713    0.219591    0.219591 ^ _3098_/Q (sky130_fd_sc_hd__dfxtp_2)
                                                         u_intf.u_slave.reg_ctrl[31] (net)
                      0.026713    0.000000    0.219591 ^ _1941_/A0 (sky130_fd_sc_hd__mux2_1)
     1    0.001632    0.022777    0.064013    0.283603 ^ _1941_/X (sky130_fd_sc_hd__mux2_1)
                                                         _0406_ (net)
                      0.022777    0.000000    0.283603 ^ _1942_/B (sky130_fd_sc_hd__and2_2)
     1    0.001748    0.021780    0.072674    0.356277 ^ _1942_/X (sky130_fd_sc_hd__and2_2)
                                                         _0212_ (net)
                      0.021780    0.000000    0.356277 ^ _3098_/D (sky130_fd_sc_hd__dfxtp_2)
                                              0.356277   data arrival time

                      0.150000    0.000000    0.000000   clock clk (rise edge)
                                  0.000000    0.000000   clock network delay (ideal)
                                  0.250000    0.250000   clock uncertainty
                                  0.000000    0.250000   clock reconvergence pessimism
                                              0.250000 ^ _3098_/CLK (sky130_fd_sc_hd__dfxtp_2)
                                 -0.013819    0.236181   library hold time
                                              0.236181   data required time
---------------------------------------------------------------------------------------------
                                              0.236181   data required time
                                             -0.356277   data arrival time
---------------------------------------------------------------------------------------------
                                              0.120096   slack (MET)


Startpoint: _3073_ (rising edge-triggered flip-flop clocked by clk)
Endpoint: _3073_ (rising edge-triggered flip-flop clocked by clk)
Path Group: clk
Path Type: min

Fanout         Cap        Slew       Delay        Time   Description
---------------------------------------------------------------------------------------------
                      0.150000    0.000000    0.000000   clock clk (rise edge)
                                  0.000000    0.000000   clock network delay (ideal)
                      0.150000    0.000000    0.000000 ^ _3073_/CLK (sky130_fd_sc_hd__dfxtp_2)
     2    0.004164    0.026720    0.219597    0.219597 ^ _3073_/Q (sky130_fd_sc_hd__dfxtp_2)
                                                         u_intf.u_slave.reg_ctrl[6] (net)
                      0.026720    0.000000    0.219597 ^ _1891_/A0 (sky130_fd_sc_hd__mux2_1)
     1    0.001632    0.022777    0.064015    0.283612 ^ _1891_/X (sky130_fd_sc_hd__mux2_1)
                                                         _0381_ (net)
                      0.022777    0.000000    0.283612 ^ _1892_/B (sky130_fd_sc_hd__and2_2)
     1    0.001748    0.021780    0.072674    0.356285 ^ _1892_/X (sky130_fd_sc_hd__and2_2)
                                                         _0187_ (net)
                      0.021780    0.000000    0.356285 ^ _3073_/D (sky130_fd_sc_hd__dfxtp_2)
                                              0.356285   data arrival time

                      0.150000    0.000000    0.000000   clock clk (rise edge)
                                  0.000000    0.000000   clock network delay (ideal)
                                  0.250000    0.250000   clock uncertainty
                                  0.000000    0.250000   clock reconvergence pessimism
                                              0.250000 ^ _3073_/CLK (sky130_fd_sc_hd__dfxtp_2)
                                 -0.013819    0.236181   library hold time
                                              0.236181   data required time
---------------------------------------------------------------------------------------------
                                              0.236181   data required time
                                             -0.356285   data arrival time
---------------------------------------------------------------------------------------------
                                              0.120104   slack (MET)


Startpoint: _3074_ (rising edge-triggered flip-flop clocked by clk)
Endpoint: _3074_ (rising edge-triggered flip-flop clocked by clk)
Path Group: clk
Path Type: min

Fanout         Cap        Slew       Delay        Time   Description
---------------------------------------------------------------------------------------------
                      0.150000    0.000000    0.000000   clock clk (rise edge)
                                  0.000000    0.000000   clock network delay (ideal)
                      0.150000    0.000000    0.000000 ^ _3074_/CLK (sky130_fd_sc_hd__dfxtp_2)
     2    0.004164    0.026720    0.219597    0.219597 ^ _3074_/Q (sky130_fd_sc_hd__dfxtp_2)
                                                         u_intf.u_slave.reg_ctrl[7] (net)
                      0.026720    0.000000    0.219597 ^ _1893_/A0 (sky130_fd_sc_hd__mux2_1)
     1    0.001632    0.022777    0.064015    0.283612 ^ _1893_/X (sky130_fd_sc_hd__mux2_1)
                                                         _0382_ (net)
                      0.022777    0.000000    0.283612 ^ _1894_/B (sky130_fd_sc_hd__and2_2)
     1    0.001748    0.021780    0.072674    0.356285 ^ _1894_/X (sky130_fd_sc_hd__and2_2)
                                                         _0188_ (net)
                      0.021780    0.000000    0.356285 ^ _3074_/D (sky130_fd_sc_hd__dfxtp_2)
                                              0.356285   data arrival time

                      0.150000    0.000000    0.000000   clock clk (rise edge)
                                  0.000000    0.000000   clock network delay (ideal)
                                  0.250000    0.250000   clock uncertainty
                                  0.000000    0.250000   clock reconvergence pessimism
                                              0.250000 ^ _3074_/CLK (sky130_fd_sc_hd__dfxtp_2)
                                 -0.013819    0.236181   library hold time
                                              0.236181   data required time
---------------------------------------------------------------------------------------------
                                              0.236181   data required time
                                             -0.356285   data arrival time
---------------------------------------------------------------------------------------------
                                              0.120104   slack (MET)


Startpoint: _3079_ (rising edge-triggered flip-flop clocked by clk)
Endpoint: _3079_ (rising edge-triggered flip-flop clocked by clk)
Path Group: clk
Path Type: min

Fanout         Cap        Slew       Delay        Time   Description
---------------------------------------------------------------------------------------------
                      0.150000    0.000000    0.000000   clock clk (rise edge)
                                  0.000000    0.000000   clock network delay (ideal)
                      0.150000    0.000000    0.000000 ^ _3079_/CLK (sky130_fd_sc_hd__dfxtp_2)
     2    0.004164    0.026720    0.219597    0.219597 ^ _3079_/Q (sky130_fd_sc_hd__dfxtp_2)
                                                         u_intf.u_slave.reg_ctrl[12] (net)
                      0.026720    0.000000    0.219597 ^ _1903_/A0 (sky130_fd_sc_hd__mux2_1)
     1    0.001632    0.022777    0.064015    0.283612 ^ _1903_/X (sky130_fd_sc_hd__mux2_1)
                                                         _0387_ (net)
                      0.022777    0.000000    0.283612 ^ _1904_/B (sky130_fd_sc_hd__and2_2)
     1    0.001748    0.021780    0.072674    0.356285 ^ _1904_/X (sky130_fd_sc_hd__and2_2)
                                                         _0193_ (net)
                      0.021780    0.000000    0.356285 ^ _3079_/D (sky130_fd_sc_hd__dfxtp_2)
                                              0.356285   data arrival time

                      0.150000    0.000000    0.000000   clock clk (rise edge)
                                  0.000000    0.000000   clock network delay (ideal)
                                  0.250000    0.250000   clock uncertainty
                                  0.000000    0.250000   clock reconvergence pessimism
                                              0.250000 ^ _3079_/CLK (sky130_fd_sc_hd__dfxtp_2)
                                 -0.013819    0.236181   library hold time
                                              0.236181   data required time
---------------------------------------------------------------------------------------------
                                              0.236181   data required time
                                             -0.356285   data arrival time
---------------------------------------------------------------------------------------------
                                              0.120104   slack (MET)


Startpoint: _3018_ (rising edge-triggered flip-flop clocked by clk)
Endpoint: _3018_ (rising edge-triggered flip-flop clocked by clk)
Path Group: clk
Path Type: min

Fanout         Cap        Slew       Delay        Time   Description
---------------------------------------------------------------------------------------------
                      0.150000    0.000000    0.000000   clock clk (rise edge)
                                  0.000000    0.000000   clock network delay (ideal)
                      0.150000    0.000000    0.000000 ^ _3018_/CLK (sky130_fd_sc_hd__dfxtp_2)
     2    0.004538    0.027911    0.220792    0.220792 ^ _3018_/Q (sky130_fd_sc_hd__dfxtp_2)
                                                         u_intf.u_slave.reg_pixel[15] (net)
                      0.027911    0.000000    0.220792 ^ _1779_/A1 (sky130_fd_sc_hd__mux2_1)
     1    0.001632    0.022779    0.065918    0.286710 ^ _1779_/X (sky130_fd_sc_hd__mux2_1)
                                                         _0324_ (net)
                      0.022779    0.000000    0.286710 ^ _1780_/B (sky130_fd_sc_hd__and2_2)
     1    0.001748    0.021780    0.072675    0.359385 ^ _1780_/X (sky130_fd_sc_hd__and2_2)
                                                         _0132_ (net)
                      0.021780    0.000000    0.359385 ^ _3018_/D (sky130_fd_sc_hd__dfxtp_2)
                                              0.359385   data arrival time

                      0.150000    0.000000    0.000000   clock clk (rise edge)
                                  0.000000    0.000000   clock network delay (ideal)
                                  0.250000    0.250000   clock uncertainty
                                  0.000000    0.250000   clock reconvergence pessimism
                                              0.250000 ^ _3018_/CLK (sky130_fd_sc_hd__dfxtp_2)
                                 -0.013819    0.236181   library hold time
                                              0.236181   data required time
---------------------------------------------------------------------------------------------
                                              0.236181   data required time
                                             -0.359385   data arrival time
---------------------------------------------------------------------------------------------
                                              0.123204   slack (MET)


Startpoint: _3026_ (rising edge-triggered flip-flop clocked by clk)
Endpoint: _3026_ (rising edge-triggered flip-flop clocked by clk)
Path Group: clk
Path Type: min

Fanout         Cap        Slew       Delay        Time   Description
---------------------------------------------------------------------------------------------
                      0.150000    0.000000    0.000000   clock clk (rise edge)
                                  0.000000    0.000000   clock network delay (ideal)
                      0.150000    0.000000    0.000000 ^ _3026_/CLK (sky130_fd_sc_hd__dfxtp_2)
     2    0.004538    0.027911    0.220792    0.220792 ^ _3026_/Q (sky130_fd_sc_hd__dfxtp_2)
                                                         u_intf.u_slave.reg_pixel[23] (net)
                      0.027911    0.000000    0.220792 ^ _1795_/A1 (sky130_fd_sc_hd__mux2_1)
     1    0.001632    0.022779    0.065918    0.286710 ^ _1795_/X (sky130_fd_sc_hd__mux2_1)
                                                         _0332_ (net)
                      0.022779    0.000000    0.286710 ^ _1796_/B (sky130_fd_sc_hd__and2_2)
     1    0.001748    0.021780    0.072675    0.359385 ^ _1796_/X (sky130_fd_sc_hd__and2_2)
                                                         _0140_ (net)
                      0.021780    0.000000    0.359385 ^ _3026_/D (sky130_fd_sc_hd__dfxtp_2)
                                              0.359385   data arrival time

                      0.150000    0.000000    0.000000   clock clk (rise edge)
                                  0.000000    0.000000   clock network delay (ideal)
                                  0.250000    0.250000   clock uncertainty
                                  0.000000    0.250000   clock reconvergence pessimism
                                              0.250000 ^ _3026_/CLK (sky130_fd_sc_hd__dfxtp_2)
                                 -0.013819    0.236181   library hold time
                                              0.236181   data required time
---------------------------------------------------------------------------------------------
                                              0.236181   data required time
                                             -0.359385   data arrival time
---------------------------------------------------------------------------------------------
                                              0.123204   slack (MET)


Startpoint: _3029_ (rising edge-triggered flip-flop clocked by clk)
Endpoint: _3029_ (rising edge-triggered flip-flop clocked by clk)
Path Group: clk
Path Type: min

Fanout         Cap        Slew       Delay        Time   Description
---------------------------------------------------------------------------------------------
                      0.150000    0.000000    0.000000   clock clk (rise edge)
                                  0.000000    0.000000   clock network delay (ideal)
                      0.150000    0.000000    0.000000 ^ _3029_/CLK (sky130_fd_sc_hd__dfxtp_2)
     2    0.004538    0.027911    0.220792    0.220792 ^ _3029_/Q (sky130_fd_sc_hd__dfxtp_2)
                                                         u_intf.u_slave.reg_pixel[26] (net)
                      0.027911    0.000000    0.220792 ^ _1801_/A1 (sky130_fd_sc_hd__mux2_1)
     1    0.001632    0.022779    0.065918    0.286710 ^ _1801_/X (sky130_fd_sc_hd__mux2_1)
                                                         _0335_ (net)
                      0.022779    0.000000    0.286710 ^ _1802_/B (sky130_fd_sc_hd__and2_2)
     1    0.001748    0.021780    0.072675    0.359385 ^ _1802_/X (sky130_fd_sc_hd__and2_2)
                                                         _0143_ (net)
                      0.021780    0.000000    0.359385 ^ _3029_/D (sky130_fd_sc_hd__dfxtp_2)
                                              0.359385   data arrival time

                      0.150000    0.000000    0.000000   clock clk (rise edge)
                                  0.000000    0.000000   clock network delay (ideal)
                                  0.250000    0.250000   clock uncertainty
                                  0.000000    0.250000   clock reconvergence pessimism
                                              0.250000 ^ _3029_/CLK (sky130_fd_sc_hd__dfxtp_2)
                                 -0.013819    0.236181   library hold time
                                              0.236181   data required time
---------------------------------------------------------------------------------------------
                                              0.236181   data required time
                                             -0.359385   data arrival time
---------------------------------------------------------------------------------------------
                                              0.123204   slack (MET)


Startpoint: _3031_ (rising edge-triggered flip-flop clocked by clk)
Endpoint: _3031_ (rising edge-triggered flip-flop clocked by clk)
Path Group: clk
Path Type: min

Fanout         Cap        Slew       Delay        Time   Description
---------------------------------------------------------------------------------------------
                      0.150000    0.000000    0.000000   clock clk (rise edge)
                                  0.000000    0.000000   clock network delay (ideal)
                      0.150000    0.000000    0.000000 ^ _3031_/CLK (sky130_fd_sc_hd__dfxtp_2)
     2    0.004538    0.027911    0.220792    0.220792 ^ _3031_/Q (sky130_fd_sc_hd__dfxtp_2)
                                                         u_intf.u_slave.reg_pixel[28] (net)
                      0.027911    0.000000    0.220792 ^ _1805_/A1 (sky130_fd_sc_hd__mux2_1)
     1    0.001632    0.022779    0.065918    0.286710 ^ _1805_/X (sky130_fd_sc_hd__mux2_1)
                                                         _0337_ (net)
                      0.022779    0.000000    0.286710 ^ _1806_/B (sky130_fd_sc_hd__and2_2)
     1    0.001748    0.021780    0.072675    0.359385 ^ _1806_/X (sky130_fd_sc_hd__and2_2)
                                                         _0145_ (net)
                      0.021780    0.000000    0.359385 ^ _3031_/D (sky130_fd_sc_hd__dfxtp_2)
                                              0.359385   data arrival time

                      0.150000    0.000000    0.000000   clock clk (rise edge)
                                  0.000000    0.000000   clock network delay (ideal)
                                  0.250000    0.250000   clock uncertainty
                                  0.000000    0.250000   clock reconvergence pessimism
                                              0.250000 ^ _3031_/CLK (sky130_fd_sc_hd__dfxtp_2)
                                 -0.013819    0.236181   library hold time
                                              0.236181   data required time
---------------------------------------------------------------------------------------------
                                              0.236181   data required time
                                             -0.359385   data arrival time
---------------------------------------------------------------------------------------------
                                              0.123204   slack (MET)


Startpoint: _3033_ (rising edge-triggered flip-flop clocked by clk)
Endpoint: _3033_ (rising edge-triggered flip-flop clocked by clk)
Path Group: clk
Path Type: min

Fanout         Cap        Slew       Delay        Time   Description
---------------------------------------------------------------------------------------------
                      0.150000    0.000000    0.000000   clock clk (rise edge)
                                  0.000000    0.000000   clock network delay (ideal)
                      0.150000    0.000000    0.000000 ^ _3033_/CLK (sky130_fd_sc_hd__dfxtp_2)
     2    0.004538    0.027911    0.220792    0.220792 ^ _3033_/Q (sky130_fd_sc_hd__dfxtp_2)
                                                         u_intf.u_slave.reg_pixel[30] (net)
                      0.027911    0.000000    0.220792 ^ _1809_/A1 (sky130_fd_sc_hd__mux2_1)
     1    0.001632    0.022779    0.065918    0.286710 ^ _1809_/X (sky130_fd_sc_hd__mux2_1)
                                                         _0339_ (net)
                      0.022779    0.000000    0.286710 ^ _1810_/B (sky130_fd_sc_hd__and2_2)
     1    0.001748    0.021780    0.072675    0.359385 ^ _1810_/X (sky130_fd_sc_hd__and2_2)
                                                         _0147_ (net)
                      0.021780    0.000000    0.359385 ^ _3033_/D (sky130_fd_sc_hd__dfxtp_2)
                                              0.359385   data arrival time

                      0.150000    0.000000    0.000000   clock clk (rise edge)
                                  0.000000    0.000000   clock network delay (ideal)
                                  0.250000    0.250000   clock uncertainty
                                  0.000000    0.250000   clock reconvergence pessimism
                                              0.250000 ^ _3033_/CLK (sky130_fd_sc_hd__dfxtp_2)
                                 -0.013819    0.236181   library hold time
                                              0.236181   data required time
---------------------------------------------------------------------------------------------
                                              0.236181   data required time
                                             -0.359385   data arrival time
---------------------------------------------------------------------------------------------
                                              0.123204   slack (MET)


Startpoint: _3012_ (rising edge-triggered flip-flop clocked by clk)
Endpoint: _3012_ (rising edge-triggered flip-flop clocked by clk)
Path Group: clk
Path Type: min

Fanout         Cap        Slew       Delay        Time   Description
---------------------------------------------------------------------------------------------
                      0.150000    0.000000    0.000000   clock clk (rise edge)
                                  0.000000    0.000000   clock network delay (ideal)
                      0.150000    0.000000    0.000000 ^ _3012_/CLK (sky130_fd_sc_hd__dfxtp_2)
     2    0.004587    0.028067    0.220949    0.220949 ^ _3012_/Q (sky130_fd_sc_hd__dfxtp_2)
                                                         u_intf.u_slave.reg_pixel[9] (net)
                      0.028067    0.000000    0.220949 ^ _1767_/A1 (sky130_fd_sc_hd__mux2_1)
     1    0.001632    0.022779    0.065962    0.286911 ^ _1767_/X (sky130_fd_sc_hd__mux2_1)
                                                         _0318_ (net)
                      0.022779    0.000000    0.286911 ^ _1768_/B (sky130_fd_sc_hd__and2_2)
     1    0.001748    0.021780    0.072675    0.359585 ^ _1768_/X (sky130_fd_sc_hd__and2_2)
                                                         _0126_ (net)
                      0.021780    0.000000    0.359585 ^ _3012_/D (sky130_fd_sc_hd__dfxtp_2)
                                              0.359585   data arrival time

                      0.150000    0.000000    0.000000   clock clk (rise edge)
                                  0.000000    0.000000   clock network delay (ideal)
                                  0.250000    0.250000   clock uncertainty
                                  0.000000    0.250000   clock reconvergence pessimism
                                              0.250000 ^ _3012_/CLK (sky130_fd_sc_hd__dfxtp_2)
                                 -0.013819    0.236181   library hold time
                                              0.236181   data required time
---------------------------------------------------------------------------------------------
                                              0.236181   data required time
                                             -0.359585   data arrival time
---------------------------------------------------------------------------------------------
                                              0.123404   slack (MET)


Startpoint: _3019_ (rising edge-triggered flip-flop clocked by clk)
Endpoint: _3019_ (rising edge-triggered flip-flop clocked by clk)
Path Group: clk
Path Type: min

Fanout         Cap        Slew       Delay        Time   Description
---------------------------------------------------------------------------------------------
                      0.150000    0.000000    0.000000   clock clk (rise edge)
                                  0.000000    0.000000   clock network delay (ideal)
                      0.150000    0.000000    0.000000 ^ _3019_/CLK (sky130_fd_sc_hd__dfxtp_2)
     2    0.004587    0.028067    0.220949    0.220949 ^ _3019_/Q (sky130_fd_sc_hd__dfxtp_2)
                                                         u_intf.u_slave.reg_pixel[16] (net)
                      0.028067    0.000000    0.220949 ^ _1781_/A1 (sky130_fd_sc_hd__mux2_1)
     1    0.001632    0.022779    0.065962    0.286911 ^ _1781_/X (sky130_fd_sc_hd__mux2_1)
                                                         _0325_ (net)
                      0.022779    0.000000    0.286911 ^ _1782_/B (sky130_fd_sc_hd__and2_2)
     1    0.001748    0.021780    0.072675    0.359585 ^ _1782_/X (sky130_fd_sc_hd__and2_2)
                                                         _0133_ (net)
                      0.021780    0.000000    0.359585 ^ _3019_/D (sky130_fd_sc_hd__dfxtp_2)
                                              0.359585   data arrival time

                      0.150000    0.000000    0.000000   clock clk (rise edge)
                                  0.000000    0.000000   clock network delay (ideal)
                                  0.250000    0.250000   clock uncertainty
                                  0.000000    0.250000   clock reconvergence pessimism
                                              0.250000 ^ _3019_/CLK (sky130_fd_sc_hd__dfxtp_2)
                                 -0.013819    0.236181   library hold time
                                              0.236181   data required time
---------------------------------------------------------------------------------------------
                                              0.236181   data required time
                                             -0.359585   data arrival time
---------------------------------------------------------------------------------------------
                                              0.123404   slack (MET)


Startpoint: _3021_ (rising edge-triggered flip-flop clocked by clk)
Endpoint: _3021_ (rising edge-triggered flip-flop clocked by clk)
Path Group: clk
Path Type: min

Fanout         Cap        Slew       Delay        Time   Description
---------------------------------------------------------------------------------------------
                      0.150000    0.000000    0.000000   clock clk (rise edge)
                                  0.000000    0.000000   clock network delay (ideal)
                      0.150000    0.000000    0.000000 ^ _3021_/CLK (sky130_fd_sc_hd__dfxtp_2)
     2    0.004587    0.028067    0.220949    0.220949 ^ _3021_/Q (sky130_fd_sc_hd__dfxtp_2)
                                                         u_intf.u_slave.reg_pixel[18] (net)
                      0.028067    0.000000    0.220949 ^ _1785_/A1 (sky130_fd_sc_hd__mux2_1)
     1    0.001632    0.022779    0.065962    0.286911 ^ _1785_/X (sky130_fd_sc_hd__mux2_1)
                                                         _0327_ (net)
                      0.022779    0.000000    0.286911 ^ _1786_/B (sky130_fd_sc_hd__and2_2)
     1    0.001748    0.021780    0.072675    0.359585 ^ _1786_/X (sky130_fd_sc_hd__and2_2)
                                                         _0135_ (net)
                      0.021780    0.000000    0.359585 ^ _3021_/D (sky130_fd_sc_hd__dfxtp_2)
                                              0.359585   data arrival time

                      0.150000    0.000000    0.000000   clock clk (rise edge)
                                  0.000000    0.000000   clock network delay (ideal)
                                  0.250000    0.250000   clock uncertainty
                                  0.000000    0.250000   clock reconvergence pessimism
                                              0.250000 ^ _3021_/CLK (sky130_fd_sc_hd__dfxtp_2)
                                 -0.013819    0.236181   library hold time
                                              0.236181   data required time
---------------------------------------------------------------------------------------------
                                              0.236181   data required time
                                             -0.359585   data arrival time
---------------------------------------------------------------------------------------------
                                              0.123404   slack (MET)


Startpoint: _3022_ (rising edge-triggered flip-flop clocked by clk)
Endpoint: _3022_ (rising edge-triggered flip-flop clocked by clk)
Path Group: clk
Path Type: min

Fanout         Cap        Slew       Delay        Time   Description
---------------------------------------------------------------------------------------------
                      0.150000    0.000000    0.000000   clock clk (rise edge)
                                  0.000000    0.000000   clock network delay (ideal)
                      0.150000    0.000000    0.000000 ^ _3022_/CLK (sky130_fd_sc_hd__dfxtp_2)
     2    0.004587    0.028067    0.220949    0.220949 ^ _3022_/Q (sky130_fd_sc_hd__dfxtp_2)
                                                         u_intf.u_slave.reg_pixel[19] (net)
                      0.028067    0.000000    0.220949 ^ _1787_/A1 (sky130_fd_sc_hd__mux2_1)
     1    0.001632    0.022779    0.065962    0.286911 ^ _1787_/X (sky130_fd_sc_hd__mux2_1)
                                                         _0328_ (net)
                      0.022779    0.000000    0.286911 ^ _1788_/B (sky130_fd_sc_hd__and2_2)
     1    0.001748    0.021780    0.072675    0.359585 ^ _1788_/X (sky130_fd_sc_hd__and2_2)
                                                         _0136_ (net)
                      0.021780    0.000000    0.359585 ^ _3022_/D (sky130_fd_sc_hd__dfxtp_2)
                                              0.359585   data arrival time

                      0.150000    0.000000    0.000000   clock clk (rise edge)
                                  0.000000    0.000000   clock network delay (ideal)
                                  0.250000    0.250000   clock uncertainty
                                  0.000000    0.250000   clock reconvergence pessimism
                                              0.250000 ^ _3022_/CLK (sky130_fd_sc_hd__dfxtp_2)
                                 -0.013819    0.236181   library hold time
                                              0.236181   data required time
---------------------------------------------------------------------------------------------
                                              0.236181   data required time
                                             -0.359585   data arrival time
---------------------------------------------------------------------------------------------
                                              0.123404   slack (MET)


Startpoint: _3024_ (rising edge-triggered flip-flop clocked by clk)
Endpoint: _3024_ (rising edge-triggered flip-flop clocked by clk)
Path Group: clk
Path Type: min

Fanout         Cap        Slew       Delay        Time   Description
---------------------------------------------------------------------------------------------
                      0.150000    0.000000    0.000000   clock clk (rise edge)
                                  0.000000    0.000000   clock network delay (ideal)
                      0.150000    0.000000    0.000000 ^ _3024_/CLK (sky130_fd_sc_hd__dfxtp_2)
     2    0.004587    0.028067    0.220949    0.220949 ^ _3024_/Q (sky130_fd_sc_hd__dfxtp_2)
                                                         u_intf.u_slave.reg_pixel[21] (net)
                      0.028067    0.000000    0.220949 ^ _1791_/A1 (sky130_fd_sc_hd__mux2_1)
     1    0.001632    0.022779    0.065962    0.286911 ^ _1791_/X (sky130_fd_sc_hd__mux2_1)
                                                         _0330_ (net)
                      0.022779    0.000000    0.286911 ^ _1792_/B (sky130_fd_sc_hd__and2_2)
     1    0.001748    0.021780    0.072675    0.359585 ^ _1792_/X (sky130_fd_sc_hd__and2_2)
                                                         _0138_ (net)
                      0.021780    0.000000    0.359585 ^ _3024_/D (sky130_fd_sc_hd__dfxtp_2)
                                              0.359585   data arrival time

                      0.150000    0.000000    0.000000   clock clk (rise edge)
                                  0.000000    0.000000   clock network delay (ideal)
                                  0.250000    0.250000   clock uncertainty
                                  0.000000    0.250000   clock reconvergence pessimism
                                              0.250000 ^ _3024_/CLK (sky130_fd_sc_hd__dfxtp_2)
                                 -0.013819    0.236181   library hold time
                                              0.236181   data required time
---------------------------------------------------------------------------------------------
                                              0.236181   data required time
                                             -0.359585   data arrival time
---------------------------------------------------------------------------------------------
                                              0.123404   slack (MET)


Startpoint: _3028_ (rising edge-triggered flip-flop clocked by clk)
Endpoint: _3028_ (rising edge-triggered flip-flop clocked by clk)
Path Group: clk
Path Type: min

Fanout         Cap        Slew       Delay        Time   Description
---------------------------------------------------------------------------------------------
                      0.150000    0.000000    0.000000   clock clk (rise edge)
                                  0.000000    0.000000   clock network delay (ideal)
                      0.150000    0.000000    0.000000 ^ _3028_/CLK (sky130_fd_sc_hd__dfxtp_2)
     2    0.004587    0.028067    0.220949    0.220949 ^ _3028_/Q (sky130_fd_sc_hd__dfxtp_2)
                                                         u_intf.u_slave.reg_pixel[25] (net)
                      0.028067    0.000000    0.220949 ^ _1799_/A1 (sky130_fd_sc_hd__mux2_1)
     1    0.001632    0.022779    0.065962    0.286911 ^ _1799_/X (sky130_fd_sc_hd__mux2_1)
                                                         _0334_ (net)
                      0.022779    0.000000    0.286911 ^ _1800_/B (sky130_fd_sc_hd__and2_2)
     1    0.001748    0.021780    0.072675    0.359585 ^ _1800_/X (sky130_fd_sc_hd__and2_2)
                                                         _0142_ (net)
                      0.021780    0.000000    0.359585 ^ _3028_/D (sky130_fd_sc_hd__dfxtp_2)
                                              0.359585   data arrival time

                      0.150000    0.000000    0.000000   clock clk (rise edge)
                                  0.000000    0.000000   clock network delay (ideal)
                                  0.250000    0.250000   clock uncertainty
                                  0.000000    0.250000   clock reconvergence pessimism
                                              0.250000 ^ _3028_/CLK (sky130_fd_sc_hd__dfxtp_2)
                                 -0.013819    0.236181   library hold time
                                              0.236181   data required time
---------------------------------------------------------------------------------------------
                                              0.236181   data required time
                                             -0.359585   data arrival time
---------------------------------------------------------------------------------------------
                                              0.123404   slack (MET)


Startpoint: _3034_ (rising edge-triggered flip-flop clocked by clk)
Endpoint: _3034_ (rising edge-triggered flip-flop clocked by clk)
Path Group: clk
Path Type: min

Fanout         Cap        Slew       Delay        Time   Description
---------------------------------------------------------------------------------------------
                      0.150000    0.000000    0.000000   clock clk (rise edge)
                                  0.000000    0.000000   clock network delay (ideal)
                      0.150000    0.000000    0.000000 ^ _3034_/CLK (sky130_fd_sc_hd__dfxtp_2)
     2    0.004587    0.028067    0.220949    0.220949 ^ _3034_/Q (sky130_fd_sc_hd__dfxtp_2)
                                                         u_intf.u_slave.reg_pixel[31] (net)
                      0.028067    0.000000    0.220949 ^ _1811_/A1 (sky130_fd_sc_hd__mux2_1)
     1    0.001632    0.022779    0.065962    0.286911 ^ _1811_/X (sky130_fd_sc_hd__mux2_1)
                                                         _0340_ (net)
                      0.022779    0.000000    0.286911 ^ _1812_/B (sky130_fd_sc_hd__and2_2)
     1    0.001748    0.021780    0.072675    0.359585 ^ _1812_/X (sky130_fd_sc_hd__and2_2)
                                                         _0148_ (net)
                      0.021780    0.000000    0.359585 ^ _3034_/D (sky130_fd_sc_hd__dfxtp_2)
                                              0.359585   data arrival time

                      0.150000    0.000000    0.000000   clock clk (rise edge)
                                  0.000000    0.000000   clock network delay (ideal)
                                  0.250000    0.250000   clock uncertainty
                                  0.000000    0.250000   clock reconvergence pessimism
                                              0.250000 ^ _3034_/CLK (sky130_fd_sc_hd__dfxtp_2)
                                 -0.013819    0.236181   library hold time
                                              0.236181   data required time
---------------------------------------------------------------------------------------------
                                              0.236181   data required time
                                             -0.359585   data arrival time
---------------------------------------------------------------------------------------------
                                              0.123404   slack (MET)


Startpoint: _3043_ (rising edge-triggered flip-flop clocked by clk)
Endpoint: _3043_ (rising edge-triggered flip-flop clocked by clk)
Path Group: clk
Path Type: min

Fanout         Cap        Slew       Delay        Time   Description
---------------------------------------------------------------------------------------------
                      0.150000    0.000000    0.000000   clock clk (rise edge)
                                  0.000000    0.000000   clock network delay (ideal)
                      0.150000    0.000000    0.000000 ^ _3043_/CLK (sky130_fd_sc_hd__dfxtp_2)
     2    0.004587    0.028067    0.220949    0.220949 ^ _3043_/Q (sky130_fd_sc_hd__dfxtp_2)
                                                         u_intf.u_slave.reg_weight[8] (net)
                      0.028067    0.000000    0.220949 ^ _1830_/A1 (sky130_fd_sc_hd__mux2_1)
     1    0.001632    0.022779    0.065962    0.286911 ^ _1830_/X (sky130_fd_sc_hd__mux2_1)
                                                         _0350_ (net)
                      0.022779    0.000000    0.286911 ^ _1831_/B (sky130_fd_sc_hd__and2_2)
     1    0.001748    0.021780    0.072675    0.359585 ^ _1831_/X (sky130_fd_sc_hd__and2_2)
                                                         _0157_ (net)
                      0.021780    0.000000    0.359585 ^ _3043_/D (sky130_fd_sc_hd__dfxtp_2)
                                              0.359585   data arrival time

                      0.150000    0.000000    0.000000   clock clk (rise edge)
                                  0.000000    0.000000   clock network delay (ideal)
                                  0.250000    0.250000   clock uncertainty
                                  0.000000    0.250000   clock reconvergence pessimism
                                              0.250000 ^ _3043_/CLK (sky130_fd_sc_hd__dfxtp_2)
                                 -0.013819    0.236181   library hold time
                                              0.236181   data required time
---------------------------------------------------------------------------------------------
                                              0.236181   data required time
                                             -0.359585   data arrival time
---------------------------------------------------------------------------------------------
                                              0.123404   slack (MET)


Startpoint: _3045_ (rising edge-triggered flip-flop clocked by clk)
Endpoint: _3045_ (rising edge-triggered flip-flop clocked by clk)
Path Group: clk
Path Type: min

Fanout         Cap        Slew       Delay        Time   Description
---------------------------------------------------------------------------------------------
                      0.150000    0.000000    0.000000   clock clk (rise edge)
                                  0.000000    0.000000   clock network delay (ideal)
                      0.150000    0.000000    0.000000 ^ _3045_/CLK (sky130_fd_sc_hd__dfxtp_2)
     2    0.004587    0.028067    0.220949    0.220949 ^ _3045_/Q (sky130_fd_sc_hd__dfxtp_2)
                                                         u_intf.u_slave.reg_weight[10] (net)
                      0.028067    0.000000    0.220949 ^ _1834_/A1 (sky130_fd_sc_hd__mux2_1)
     1    0.001632    0.022779    0.065962    0.286911 ^ _1834_/X (sky130_fd_sc_hd__mux2_1)
                                                         _0352_ (net)
                      0.022779    0.000000    0.286911 ^ _1835_/B (sky130_fd_sc_hd__and2_2)
     1    0.001748    0.021780    0.072675    0.359585 ^ _1835_/X (sky130_fd_sc_hd__and2_2)
                                                         _0159_ (net)
                      0.021780    0.000000    0.359585 ^ _3045_/D (sky130_fd_sc_hd__dfxtp_2)
                                              0.359585   data arrival time

                      0.150000    0.000000    0.000000   clock clk (rise edge)
                                  0.000000    0.000000   clock network delay (ideal)
                                  0.250000    0.250000   clock uncertainty
                                  0.000000    0.250000   clock reconvergence pessimism
                                              0.250000 ^ _3045_/CLK (sky130_fd_sc_hd__dfxtp_2)
                                 -0.013819    0.236181   library hold time
                                              0.236181   data required time
---------------------------------------------------------------------------------------------
                                              0.236181   data required time
                                             -0.359585   data arrival time
---------------------------------------------------------------------------------------------
                                              0.123404   slack (MET)


Startpoint: _3046_ (rising edge-triggered flip-flop clocked by clk)
Endpoint: _3046_ (rising edge-triggered flip-flop clocked by clk)
Path Group: clk
Path Type: min

Fanout         Cap        Slew       Delay        Time   Description
---------------------------------------------------------------------------------------------
                      0.150000    0.000000    0.000000   clock clk (rise edge)
                                  0.000000    0.000000   clock network delay (ideal)
                      0.150000    0.000000    0.000000 ^ _3046_/CLK (sky130_fd_sc_hd__dfxtp_2)
     2    0.004587    0.028067    0.220949    0.220949 ^ _3046_/Q (sky130_fd_sc_hd__dfxtp_2)
                                                         u_intf.u_slave.reg_weight[11] (net)
                      0.028067    0.000000    0.220949 ^ _1836_/A1 (sky130_fd_sc_hd__mux2_1)
     1    0.001632    0.022779    0.065962    0.286911 ^ _1836_/X (sky130_fd_sc_hd__mux2_1)
                                                         _0353_ (net)
                      0.022779    0.000000    0.286911 ^ _1837_/B (sky130_fd_sc_hd__and2_2)
     1    0.001748    0.021780    0.072675    0.359585 ^ _1837_/X (sky130_fd_sc_hd__and2_2)
                                                         _0160_ (net)
                      0.021780    0.000000    0.359585 ^ _3046_/D (sky130_fd_sc_hd__dfxtp_2)
                                              0.359585   data arrival time

                      0.150000    0.000000    0.000000   clock clk (rise edge)
                                  0.000000    0.000000   clock network delay (ideal)
                                  0.250000    0.250000   clock uncertainty
                                  0.000000    0.250000   clock reconvergence pessimism
                                              0.250000 ^ _3046_/CLK (sky130_fd_sc_hd__dfxtp_2)
                                 -0.013819    0.236181   library hold time
                                              0.236181   data required time
---------------------------------------------------------------------------------------------
                                              0.236181   data required time
                                             -0.359585   data arrival time
---------------------------------------------------------------------------------------------
                                              0.123404   slack (MET)


Startpoint: _3047_ (rising edge-triggered flip-flop clocked by clk)
Endpoint: _3047_ (rising edge-triggered flip-flop clocked by clk)
Path Group: clk
Path Type: min

Fanout         Cap        Slew       Delay        Time   Description
---------------------------------------------------------------------------------------------
                      0.150000    0.000000    0.000000   clock clk (rise edge)
                                  0.000000    0.000000   clock network delay (ideal)
                      0.150000    0.000000    0.000000 ^ _3047_/CLK (sky130_fd_sc_hd__dfxtp_2)
     2    0.004587    0.028067    0.220949    0.220949 ^ _3047_/Q (sky130_fd_sc_hd__dfxtp_2)
                                                         u_intf.u_slave.reg_weight[12] (net)
                      0.028067    0.000000    0.220949 ^ _1838_/A1 (sky130_fd_sc_hd__mux2_1)
     1    0.001632    0.022779    0.065962    0.286911 ^ _1838_/X (sky130_fd_sc_hd__mux2_1)
                                                         _0354_ (net)
                      0.022779    0.000000    0.286911 ^ _1839_/B (sky130_fd_sc_hd__and2_2)
     1    0.001748    0.021780    0.072675    0.359585 ^ _1839_/X (sky130_fd_sc_hd__and2_2)
                                                         _0161_ (net)
                      0.021780    0.000000    0.359585 ^ _3047_/D (sky130_fd_sc_hd__dfxtp_2)
                                              0.359585   data arrival time

                      0.150000    0.000000    0.000000   clock clk (rise edge)
                                  0.000000    0.000000   clock network delay (ideal)
                                  0.250000    0.250000   clock uncertainty
                                  0.000000    0.250000   clock reconvergence pessimism
                                              0.250000 ^ _3047_/CLK (sky130_fd_sc_hd__dfxtp_2)
                                 -0.013819    0.236181   library hold time
                                              0.236181   data required time
---------------------------------------------------------------------------------------------
                                              0.236181   data required time
                                             -0.359585   data arrival time
---------------------------------------------------------------------------------------------
                                              0.123404   slack (MET)


Startpoint: _3048_ (rising edge-triggered flip-flop clocked by clk)
Endpoint: _3048_ (rising edge-triggered flip-flop clocked by clk)
Path Group: clk
Path Type: min

Fanout         Cap        Slew       Delay        Time   Description
---------------------------------------------------------------------------------------------
                      0.150000    0.000000    0.000000   clock clk (rise edge)
                                  0.000000    0.000000   clock network delay (ideal)
                      0.150000    0.000000    0.000000 ^ _3048_/CLK (sky130_fd_sc_hd__dfxtp_2)
     2    0.004587    0.028067    0.220949    0.220949 ^ _3048_/Q (sky130_fd_sc_hd__dfxtp_2)
                                                         u_intf.u_slave.reg_weight[13] (net)
                      0.028067    0.000000    0.220949 ^ _1840_/A1 (sky130_fd_sc_hd__mux2_1)
     1    0.001632    0.022779    0.065962    0.286911 ^ _1840_/X (sky130_fd_sc_hd__mux2_1)
                                                         _0355_ (net)
                      0.022779    0.000000    0.286911 ^ _1841_/B (sky130_fd_sc_hd__and2_2)
     1    0.001748    0.021780    0.072675    0.359585 ^ _1841_/X (sky130_fd_sc_hd__and2_2)
                                                         _0162_ (net)
                      0.021780    0.000000    0.359585 ^ _3048_/D (sky130_fd_sc_hd__dfxtp_2)
                                              0.359585   data arrival time

                      0.150000    0.000000    0.000000   clock clk (rise edge)
                                  0.000000    0.000000   clock network delay (ideal)
                                  0.250000    0.250000   clock uncertainty
                                  0.000000    0.250000   clock reconvergence pessimism
                                              0.250000 ^ _3048_/CLK (sky130_fd_sc_hd__dfxtp_2)
                                 -0.013819    0.236181   library hold time
                                              0.236181   data required time
---------------------------------------------------------------------------------------------
                                              0.236181   data required time
                                             -0.359585   data arrival time
---------------------------------------------------------------------------------------------
                                              0.123404   slack (MET)


Startpoint: _3049_ (rising edge-triggered flip-flop clocked by clk)
Endpoint: _3049_ (rising edge-triggered flip-flop clocked by clk)
Path Group: clk
Path Type: min

Fanout         Cap        Slew       Delay        Time   Description
---------------------------------------------------------------------------------------------
                      0.150000    0.000000    0.000000   clock clk (rise edge)
                                  0.000000    0.000000   clock network delay (ideal)
                      0.150000    0.000000    0.000000 ^ _3049_/CLK (sky130_fd_sc_hd__dfxtp_2)
     2    0.004587    0.028067    0.220949    0.220949 ^ _3049_/Q (sky130_fd_sc_hd__dfxtp_2)
                                                         u_intf.u_slave.reg_weight[14] (net)
                      0.028067    0.000000    0.220949 ^ _1842_/A1 (sky130_fd_sc_hd__mux2_1)
     1    0.001632    0.022779    0.065962    0.286911 ^ _1842_/X (sky130_fd_sc_hd__mux2_1)
                                                         _0356_ (net)
                      0.022779    0.000000    0.286911 ^ _1843_/B (sky130_fd_sc_hd__and2_2)
     1    0.001748    0.021780    0.072675    0.359585 ^ _1843_/X (sky130_fd_sc_hd__and2_2)
                                                         _0163_ (net)
                      0.021780    0.000000    0.359585 ^ _3049_/D (sky130_fd_sc_hd__dfxtp_2)
                                              0.359585   data arrival time

                      0.150000    0.000000    0.000000   clock clk (rise edge)
                                  0.000000    0.000000   clock network delay (ideal)
                                  0.250000    0.250000   clock uncertainty
                                  0.000000    0.250000   clock reconvergence pessimism
                                              0.250000 ^ _3049_/CLK (sky130_fd_sc_hd__dfxtp_2)
                                 -0.013819    0.236181   library hold time
                                              0.236181   data required time
---------------------------------------------------------------------------------------------
                                              0.236181   data required time
                                             -0.359585   data arrival time
---------------------------------------------------------------------------------------------
                                              0.123404   slack (MET)


Startpoint: _3050_ (rising edge-triggered flip-flop clocked by clk)
Endpoint: _3050_ (rising edge-triggered flip-flop clocked by clk)
Path Group: clk
Path Type: min

Fanout         Cap        Slew       Delay        Time   Description
---------------------------------------------------------------------------------------------
                      0.150000    0.000000    0.000000   clock clk (rise edge)
                                  0.000000    0.000000   clock network delay (ideal)
                      0.150000    0.000000    0.000000 ^ _3050_/CLK (sky130_fd_sc_hd__dfxtp_2)
     2    0.004587    0.028067    0.220949    0.220949 ^ _3050_/Q (sky130_fd_sc_hd__dfxtp_2)
                                                         u_intf.u_slave.reg_weight[15] (net)
                      0.028067    0.000000    0.220949 ^ _1844_/A1 (sky130_fd_sc_hd__mux2_1)
     1    0.001632    0.022779    0.065962    0.286911 ^ _1844_/X (sky130_fd_sc_hd__mux2_1)
                                                         _0357_ (net)
                      0.022779    0.000000    0.286911 ^ _1845_/B (sky130_fd_sc_hd__and2_2)
     1    0.001748    0.021780    0.072675    0.359585 ^ _1845_/X (sky130_fd_sc_hd__and2_2)
                                                         _0164_ (net)
                      0.021780    0.000000    0.359585 ^ _3050_/D (sky130_fd_sc_hd__dfxtp_2)
                                              0.359585   data arrival time

                      0.150000    0.000000    0.000000   clock clk (rise edge)
                                  0.000000    0.000000   clock network delay (ideal)
                                  0.250000    0.250000   clock uncertainty
                                  0.000000    0.250000   clock reconvergence pessimism
                                              0.250000 ^ _3050_/CLK (sky130_fd_sc_hd__dfxtp_2)
                                 -0.013819    0.236181   library hold time
                                              0.236181   data required time
---------------------------------------------------------------------------------------------
                                              0.236181   data required time
                                             -0.359585   data arrival time
---------------------------------------------------------------------------------------------
                                              0.123404   slack (MET)


Startpoint: _3052_ (rising edge-triggered flip-flop clocked by clk)
Endpoint: _3052_ (rising edge-triggered flip-flop clocked by clk)
Path Group: clk
Path Type: min

Fanout         Cap        Slew       Delay        Time   Description
---------------------------------------------------------------------------------------------
                      0.150000    0.000000    0.000000   clock clk (rise edge)
                                  0.000000    0.000000   clock network delay (ideal)
                      0.150000    0.000000    0.000000 ^ _3052_/CLK (sky130_fd_sc_hd__dfxtp_2)
     2    0.004587    0.028067    0.220949    0.220949 ^ _3052_/Q (sky130_fd_sc_hd__dfxtp_2)
                                                         u_intf.u_slave.reg_weight[17] (net)
                      0.028067    0.000000    0.220949 ^ _1848_/A1 (sky130_fd_sc_hd__mux2_1)
     1    0.001632    0.022779    0.065962    0.286911 ^ _1848_/X (sky130_fd_sc_hd__mux2_1)
                                                         _0359_ (net)
                      0.022779    0.000000    0.286911 ^ _1849_/B (sky130_fd_sc_hd__and2_2)
     1    0.001748    0.021780    0.072675    0.359585 ^ _1849_/X (sky130_fd_sc_hd__and2_2)
                                                         _0166_ (net)
                      0.021780    0.000000    0.359585 ^ _3052_/D (sky130_fd_sc_hd__dfxtp_2)
                                              0.359585   data arrival time

                      0.150000    0.000000    0.000000   clock clk (rise edge)
                                  0.000000    0.000000   clock network delay (ideal)
                                  0.250000    0.250000   clock uncertainty
                                  0.000000    0.250000   clock reconvergence pessimism
                                              0.250000 ^ _3052_/CLK (sky130_fd_sc_hd__dfxtp_2)
                                 -0.013819    0.236181   library hold time
                                              0.236181   data required time
---------------------------------------------------------------------------------------------
                                              0.236181   data required time
                                             -0.359585   data arrival time
---------------------------------------------------------------------------------------------
                                              0.123404   slack (MET)


Startpoint: _3055_ (rising edge-triggered flip-flop clocked by clk)
Endpoint: _3055_ (rising edge-triggered flip-flop clocked by clk)
Path Group: clk
Path Type: min

Fanout         Cap        Slew       Delay        Time   Description
---------------------------------------------------------------------------------------------
                      0.150000    0.000000    0.000000   clock clk (rise edge)
                                  0.000000    0.000000   clock network delay (ideal)
                      0.150000    0.000000    0.000000 ^ _3055_/CLK (sky130_fd_sc_hd__dfxtp_2)
     2    0.004587    0.028067    0.220949    0.220949 ^ _3055_/Q (sky130_fd_sc_hd__dfxtp_2)
                                                         u_intf.u_slave.reg_weight[20] (net)
                      0.028067    0.000000    0.220949 ^ _1854_/A1 (sky130_fd_sc_hd__mux2_1)
     1    0.001632    0.022779    0.065962    0.286911 ^ _1854_/X (sky130_fd_sc_hd__mux2_1)
                                                         _0362_ (net)
                      0.022779    0.000000    0.286911 ^ _1855_/B (sky130_fd_sc_hd__and2_2)
     1    0.001748    0.021780    0.072675    0.359585 ^ _1855_/X (sky130_fd_sc_hd__and2_2)
                                                         _0169_ (net)
                      0.021780    0.000000    0.359585 ^ _3055_/D (sky130_fd_sc_hd__dfxtp_2)
                                              0.359585   data arrival time

                      0.150000    0.000000    0.000000   clock clk (rise edge)
                                  0.000000    0.000000   clock network delay (ideal)
                                  0.250000    0.250000   clock uncertainty
                                  0.000000    0.250000   clock reconvergence pessimism
                                              0.250000 ^ _3055_/CLK (sky130_fd_sc_hd__dfxtp_2)
                                 -0.013819    0.236181   library hold time
                                              0.236181   data required time
---------------------------------------------------------------------------------------------
                                              0.236181   data required time
                                             -0.359585   data arrival time
---------------------------------------------------------------------------------------------
                                              0.123404   slack (MET)


Startpoint: _3057_ (rising edge-triggered flip-flop clocked by clk)
Endpoint: _3057_ (rising edge-triggered flip-flop clocked by clk)
Path Group: clk
Path Type: min

Fanout         Cap        Slew       Delay        Time   Description
---------------------------------------------------------------------------------------------
                      0.150000    0.000000    0.000000   clock clk (rise edge)
                                  0.000000    0.000000   clock network delay (ideal)
                      0.150000    0.000000    0.000000 ^ _3057_/CLK (sky130_fd_sc_hd__dfxtp_2)
     2    0.004587    0.028067    0.220949    0.220949 ^ _3057_/Q (sky130_fd_sc_hd__dfxtp_2)
                                                         u_intf.u_slave.reg_weight[22] (net)
                      0.028067    0.000000    0.220949 ^ _1858_/A1 (sky130_fd_sc_hd__mux2_1)
     1    0.001632    0.022779    0.065962    0.286911 ^ _1858_/X (sky130_fd_sc_hd__mux2_1)
                                                         _0364_ (net)
                      0.022779    0.000000    0.286911 ^ _1859_/B (sky130_fd_sc_hd__and2_2)
     1    0.001748    0.021780    0.072675    0.359585 ^ _1859_/X (sky130_fd_sc_hd__and2_2)
                                                         _0171_ (net)
                      0.021780    0.000000    0.359585 ^ _3057_/D (sky130_fd_sc_hd__dfxtp_2)
                                              0.359585   data arrival time

                      0.150000    0.000000    0.000000   clock clk (rise edge)
                                  0.000000    0.000000   clock network delay (ideal)
                                  0.250000    0.250000   clock uncertainty
                                  0.000000    0.250000   clock reconvergence pessimism
                                              0.250000 ^ _3057_/CLK (sky130_fd_sc_hd__dfxtp_2)
                                 -0.013819    0.236181   library hold time
                                              0.236181   data required time
---------------------------------------------------------------------------------------------
                                              0.236181   data required time
                                             -0.359585   data arrival time
---------------------------------------------------------------------------------------------
                                              0.123404   slack (MET)


Startpoint: _3058_ (rising edge-triggered flip-flop clocked by clk)
Endpoint: _3058_ (rising edge-triggered flip-flop clocked by clk)
Path Group: clk
Path Type: min

Fanout         Cap        Slew       Delay        Time   Description
---------------------------------------------------------------------------------------------
                      0.150000    0.000000    0.000000   clock clk (rise edge)
                                  0.000000    0.000000   clock network delay (ideal)
                      0.150000    0.000000    0.000000 ^ _3058_/CLK (sky130_fd_sc_hd__dfxtp_2)
     2    0.004587    0.028067    0.220949    0.220949 ^ _3058_/Q (sky130_fd_sc_hd__dfxtp_2)
                                                         u_intf.u_slave.reg_weight[23] (net)
                      0.028067    0.000000    0.220949 ^ _1860_/A1 (sky130_fd_sc_hd__mux2_1)
     1    0.001632    0.022779    0.065962    0.286911 ^ _1860_/X (sky130_fd_sc_hd__mux2_1)
                                                         _0365_ (net)
                      0.022779    0.000000    0.286911 ^ _1861_/B (sky130_fd_sc_hd__and2_2)
     1    0.001748    0.021780    0.072675    0.359585 ^ _1861_/X (sky130_fd_sc_hd__and2_2)
                                                         _0172_ (net)
                      0.021780    0.000000    0.359585 ^ _3058_/D (sky130_fd_sc_hd__dfxtp_2)
                                              0.359585   data arrival time

                      0.150000    0.000000    0.000000   clock clk (rise edge)
                                  0.000000    0.000000   clock network delay (ideal)
                                  0.250000    0.250000   clock uncertainty
                                  0.000000    0.250000   clock reconvergence pessimism
                                              0.250000 ^ _3058_/CLK (sky130_fd_sc_hd__dfxtp_2)
                                 -0.013819    0.236181   library hold time
                                              0.236181   data required time
---------------------------------------------------------------------------------------------
                                              0.236181   data required time
                                             -0.359585   data arrival time
---------------------------------------------------------------------------------------------
                                              0.123404   slack (MET)


Startpoint: _3059_ (rising edge-triggered flip-flop clocked by clk)
Endpoint: _3059_ (rising edge-triggered flip-flop clocked by clk)
Path Group: clk
Path Type: min

Fanout         Cap        Slew       Delay        Time   Description
---------------------------------------------------------------------------------------------
                      0.150000    0.000000    0.000000   clock clk (rise edge)
                                  0.000000    0.000000   clock network delay (ideal)
                      0.150000    0.000000    0.000000 ^ _3059_/CLK (sky130_fd_sc_hd__dfxtp_2)
     2    0.004587    0.028067    0.220949    0.220949 ^ _3059_/Q (sky130_fd_sc_hd__dfxtp_2)
                                                         u_intf.u_slave.reg_weight[24] (net)
                      0.028067    0.000000    0.220949 ^ _1862_/A1 (sky130_fd_sc_hd__mux2_1)
     1    0.001632    0.022779    0.065962    0.286911 ^ _1862_/X (sky130_fd_sc_hd__mux2_1)
                                                         _0366_ (net)
                      0.022779    0.000000    0.286911 ^ _1863_/B (sky130_fd_sc_hd__and2_2)
     1    0.001748    0.021780    0.072675    0.359585 ^ _1863_/X (sky130_fd_sc_hd__and2_2)
                                                         _0173_ (net)
                      0.021780    0.000000    0.359585 ^ _3059_/D (sky130_fd_sc_hd__dfxtp_2)
                                              0.359585   data arrival time

                      0.150000    0.000000    0.000000   clock clk (rise edge)
                                  0.000000    0.000000   clock network delay (ideal)
                                  0.250000    0.250000   clock uncertainty
                                  0.000000    0.250000   clock reconvergence pessimism
                                              0.250000 ^ _3059_/CLK (sky130_fd_sc_hd__dfxtp_2)
                                 -0.013819    0.236181   library hold time
                                              0.236181   data required time
---------------------------------------------------------------------------------------------
                                              0.236181   data required time
                                             -0.359585   data arrival time
---------------------------------------------------------------------------------------------
                                              0.123404   slack (MET)


Startpoint: _3061_ (rising edge-triggered flip-flop clocked by clk)
Endpoint: _3061_ (rising edge-triggered flip-flop clocked by clk)
Path Group: clk
Path Type: min

Fanout         Cap        Slew       Delay        Time   Description
---------------------------------------------------------------------------------------------
                      0.150000    0.000000    0.000000   clock clk (rise edge)
                                  0.000000    0.000000   clock network delay (ideal)
                      0.150000    0.000000    0.000000 ^ _3061_/CLK (sky130_fd_sc_hd__dfxtp_2)
     2    0.004587    0.028067    0.220949    0.220949 ^ _3061_/Q (sky130_fd_sc_hd__dfxtp_2)
                                                         u_intf.u_slave.reg_weight[26] (net)
                      0.028067    0.000000    0.220949 ^ _1866_/A1 (sky130_fd_sc_hd__mux2_1)
     1    0.001632    0.022779    0.065962    0.286911 ^ _1866_/X (sky130_fd_sc_hd__mux2_1)
                                                         _0368_ (net)
                      0.022779    0.000000    0.286911 ^ _1867_/B (sky130_fd_sc_hd__and2_2)
     1    0.001748    0.021780    0.072675    0.359585 ^ _1867_/X (sky130_fd_sc_hd__and2_2)
                                                         _0175_ (net)
                      0.021780    0.000000    0.359585 ^ _3061_/D (sky130_fd_sc_hd__dfxtp_2)
                                              0.359585   data arrival time

                      0.150000    0.000000    0.000000   clock clk (rise edge)
                                  0.000000    0.000000   clock network delay (ideal)
                                  0.250000    0.250000   clock uncertainty
                                  0.000000    0.250000   clock reconvergence pessimism
                                              0.250000 ^ _3061_/CLK (sky130_fd_sc_hd__dfxtp_2)
                                 -0.013819    0.236181   library hold time
                                              0.236181   data required time
---------------------------------------------------------------------------------------------
                                              0.236181   data required time
                                             -0.359585   data arrival time
---------------------------------------------------------------------------------------------
                                              0.123404   slack (MET)


Startpoint: _3062_ (rising edge-triggered flip-flop clocked by clk)
Endpoint: _3062_ (rising edge-triggered flip-flop clocked by clk)
Path Group: clk
Path Type: min

Fanout         Cap        Slew       Delay        Time   Description
---------------------------------------------------------------------------------------------
                      0.150000    0.000000    0.000000   clock clk (rise edge)
                                  0.000000    0.000000   clock network delay (ideal)
                      0.150000    0.000000    0.000000 ^ _3062_/CLK (sky130_fd_sc_hd__dfxtp_2)
     2    0.004587    0.028067    0.220949    0.220949 ^ _3062_/Q (sky130_fd_sc_hd__dfxtp_2)
                                                         u_intf.u_slave.reg_weight[27] (net)
                      0.028067    0.000000    0.220949 ^ _1868_/A1 (sky130_fd_sc_hd__mux2_1)
     1    0.001632    0.022779    0.065962    0.286911 ^ _1868_/X (sky130_fd_sc_hd__mux2_1)
                                                         _0369_ (net)
                      0.022779    0.000000    0.286911 ^ _1869_/B (sky130_fd_sc_hd__and2_2)
     1    0.001748    0.021780    0.072675    0.359585 ^ _1869_/X (sky130_fd_sc_hd__and2_2)
                                                         _0176_ (net)
                      0.021780    0.000000    0.359585 ^ _3062_/D (sky130_fd_sc_hd__dfxtp_2)
                                              0.359585   data arrival time

                      0.150000    0.000000    0.000000   clock clk (rise edge)
                                  0.000000    0.000000   clock network delay (ideal)
                                  0.250000    0.250000   clock uncertainty
                                  0.000000    0.250000   clock reconvergence pessimism
                                              0.250000 ^ _3062_/CLK (sky130_fd_sc_hd__dfxtp_2)
                                 -0.013819    0.236181   library hold time
                                              0.236181   data required time
---------------------------------------------------------------------------------------------
                                              0.236181   data required time
                                             -0.359585   data arrival time
---------------------------------------------------------------------------------------------
                                              0.123404   slack (MET)


Startpoint: _3063_ (rising edge-triggered flip-flop clocked by clk)
Endpoint: _3063_ (rising edge-triggered flip-flop clocked by clk)
Path Group: clk
Path Type: min

Fanout         Cap        Slew       Delay        Time   Description
---------------------------------------------------------------------------------------------
                      0.150000    0.000000    0.000000   clock clk (rise edge)
                                  0.000000    0.000000   clock network delay (ideal)
                      0.150000    0.000000    0.000000 ^ _3063_/CLK (sky130_fd_sc_hd__dfxtp_2)
     2    0.004587    0.028067    0.220949    0.220949 ^ _3063_/Q (sky130_fd_sc_hd__dfxtp_2)
                                                         u_intf.u_slave.reg_weight[28] (net)
                      0.028067    0.000000    0.220949 ^ _1870_/A1 (sky130_fd_sc_hd__mux2_1)
     1    0.001632    0.022779    0.065962    0.286911 ^ _1870_/X (sky130_fd_sc_hd__mux2_1)
                                                         _0370_ (net)
                      0.022779    0.000000    0.286911 ^ _1871_/B (sky130_fd_sc_hd__and2_2)
     1    0.001748    0.021780    0.072675    0.359585 ^ _1871_/X (sky130_fd_sc_hd__and2_2)
                                                         _0177_ (net)
                      0.021780    0.000000    0.359585 ^ _3063_/D (sky130_fd_sc_hd__dfxtp_2)
                                              0.359585   data arrival time

                      0.150000    0.000000    0.000000   clock clk (rise edge)
                                  0.000000    0.000000   clock network delay (ideal)
                                  0.250000    0.250000   clock uncertainty
                                  0.000000    0.250000   clock reconvergence pessimism
                                              0.250000 ^ _3063_/CLK (sky130_fd_sc_hd__dfxtp_2)
                                 -0.013819    0.236181   library hold time
                                              0.236181   data required time
---------------------------------------------------------------------------------------------
                                              0.236181   data required time
                                             -0.359585   data arrival time
---------------------------------------------------------------------------------------------
                                              0.123404   slack (MET)


Startpoint: _3064_ (rising edge-triggered flip-flop clocked by clk)
Endpoint: _3064_ (rising edge-triggered flip-flop clocked by clk)
Path Group: clk
Path Type: min

Fanout         Cap        Slew       Delay        Time   Description
---------------------------------------------------------------------------------------------
                      0.150000    0.000000    0.000000   clock clk (rise edge)
                                  0.000000    0.000000   clock network delay (ideal)
                      0.150000    0.000000    0.000000 ^ _3064_/CLK (sky130_fd_sc_hd__dfxtp_2)
     2    0.004587    0.028067    0.220949    0.220949 ^ _3064_/Q (sky130_fd_sc_hd__dfxtp_2)
                                                         u_intf.u_slave.reg_weight[29] (net)
                      0.028067    0.000000    0.220949 ^ _1872_/A1 (sky130_fd_sc_hd__mux2_1)
     1    0.001632    0.022779    0.065962    0.286911 ^ _1872_/X (sky130_fd_sc_hd__mux2_1)
                                                         _0371_ (net)
                      0.022779    0.000000    0.286911 ^ _1873_/B (sky130_fd_sc_hd__and2_2)
     1    0.001748    0.021780    0.072675    0.359585 ^ _1873_/X (sky130_fd_sc_hd__and2_2)
                                                         _0178_ (net)
                      0.021780    0.000000    0.359585 ^ _3064_/D (sky130_fd_sc_hd__dfxtp_2)
                                              0.359585   data arrival time

                      0.150000    0.000000    0.000000   clock clk (rise edge)
                                  0.000000    0.000000   clock network delay (ideal)
                                  0.250000    0.250000   clock uncertainty
                                  0.000000    0.250000   clock reconvergence pessimism
                                              0.250000 ^ _3064_/CLK (sky130_fd_sc_hd__dfxtp_2)
                                 -0.013819    0.236181   library hold time
                                              0.236181   data required time
---------------------------------------------------------------------------------------------
                                              0.236181   data required time
                                             -0.359585   data arrival time
---------------------------------------------------------------------------------------------
                                              0.123404   slack (MET)


Startpoint: _3065_ (rising edge-triggered flip-flop clocked by clk)
Endpoint: _3065_ (rising edge-triggered flip-flop clocked by clk)
Path Group: clk
Path Type: min

Fanout         Cap        Slew       Delay        Time   Description
---------------------------------------------------------------------------------------------
                      0.150000    0.000000    0.000000   clock clk (rise edge)
                                  0.000000    0.000000   clock network delay (ideal)
                      0.150000    0.000000    0.000000 ^ _3065_/CLK (sky130_fd_sc_hd__dfxtp_2)
     2    0.004587    0.028067    0.220949    0.220949 ^ _3065_/Q (sky130_fd_sc_hd__dfxtp_2)
                                                         u_intf.u_slave.reg_weight[30] (net)
                      0.028067    0.000000    0.220949 ^ _1874_/A1 (sky130_fd_sc_hd__mux2_1)
     1    0.001632    0.022779    0.065962    0.286911 ^ _1874_/X (sky130_fd_sc_hd__mux2_1)
                                                         _0372_ (net)
                      0.022779    0.000000    0.286911 ^ _1875_/B (sky130_fd_sc_hd__and2_2)
     1    0.001748    0.021780    0.072675    0.359585 ^ _1875_/X (sky130_fd_sc_hd__and2_2)
                                                         _0179_ (net)
                      0.021780    0.000000    0.359585 ^ _3065_/D (sky130_fd_sc_hd__dfxtp_2)
                                              0.359585   data arrival time

                      0.150000    0.000000    0.000000   clock clk (rise edge)
                                  0.000000    0.000000   clock network delay (ideal)
                                  0.250000    0.250000   clock uncertainty
                                  0.000000    0.250000   clock reconvergence pessimism
                                              0.250000 ^ _3065_/CLK (sky130_fd_sc_hd__dfxtp_2)
                                 -0.013819    0.236181   library hold time
                                              0.236181   data required time
---------------------------------------------------------------------------------------------
                                              0.236181   data required time
                                             -0.359585   data arrival time
---------------------------------------------------------------------------------------------
                                              0.123404   slack (MET)


Startpoint: _3011_ (rising edge-triggered flip-flop clocked by clk)
Endpoint: _3011_ (rising edge-triggered flip-flop clocked by clk)
Path Group: clk
Path Type: min

Fanout         Cap        Slew       Delay        Time   Description
---------------------------------------------------------------------------------------------
                      0.150000    0.000000    0.000000   clock clk (rise edge)
                                  0.000000    0.000000   clock network delay (ideal)
                      0.150000    0.000000    0.000000 ^ _3011_/CLK (sky130_fd_sc_hd__dfxtp_2)
     2    0.004623    0.028182    0.221064    0.221064 ^ _3011_/Q (sky130_fd_sc_hd__dfxtp_2)
                                                         u_intf.u_slave.reg_pixel[8] (net)
                      0.028182    0.000000    0.221064 ^ _1765_/A1 (sky130_fd_sc_hd__mux2_1)
     1    0.001632    0.022779    0.065994    0.287058 ^ _1765_/X (sky130_fd_sc_hd__mux2_1)
                                                         _0317_ (net)
                      0.022779    0.000000    0.287058 ^ _1766_/B (sky130_fd_sc_hd__and2_2)
     1    0.001748    0.021780    0.072675    0.359732 ^ _1766_/X (sky130_fd_sc_hd__and2_2)
                                                         _0125_ (net)
                      0.021780    0.000000    0.359732 ^ _3011_/D (sky130_fd_sc_hd__dfxtp_2)
                                              0.359732   data arrival time

                      0.150000    0.000000    0.000000   clock clk (rise edge)
                                  0.000000    0.000000   clock network delay (ideal)
                                  0.250000    0.250000   clock uncertainty
                                  0.000000    0.250000   clock reconvergence pessimism
                                              0.250000 ^ _3011_/CLK (sky130_fd_sc_hd__dfxtp_2)
                                 -0.013819    0.236181   library hold time
                                              0.236181   data required time
---------------------------------------------------------------------------------------------
                                              0.236181   data required time
                                             -0.359732   data arrival time
---------------------------------------------------------------------------------------------
                                              0.123551   slack (MET)


Startpoint: _3013_ (rising edge-triggered flip-flop clocked by clk)
Endpoint: _3013_ (rising edge-triggered flip-flop clocked by clk)
Path Group: clk
Path Type: min

Fanout         Cap        Slew       Delay        Time   Description
---------------------------------------------------------------------------------------------
                      0.150000    0.000000    0.000000   clock clk (rise edge)
                                  0.000000    0.000000   clock network delay (ideal)
                      0.150000    0.000000    0.000000 ^ _3013_/CLK (sky130_fd_sc_hd__dfxtp_2)
     2    0.004623    0.028182    0.221064    0.221064 ^ _3013_/Q (sky130_fd_sc_hd__dfxtp_2)
                                                         u_intf.u_slave.reg_pixel[10] (net)
                      0.028182    0.000000    0.221064 ^ _1769_/A1 (sky130_fd_sc_hd__mux2_1)
     1    0.001632    0.022779    0.065994    0.287058 ^ _1769_/X (sky130_fd_sc_hd__mux2_1)
                                                         _0319_ (net)
                      0.022779    0.000000    0.287058 ^ _1770_/B (sky130_fd_sc_hd__and2_2)
     1    0.001748    0.021780    0.072675    0.359732 ^ _1770_/X (sky130_fd_sc_hd__and2_2)
                                                         _0127_ (net)
                      0.021780    0.000000    0.359732 ^ _3013_/D (sky130_fd_sc_hd__dfxtp_2)
                                              0.359732   data arrival time

                      0.150000    0.000000    0.000000   clock clk (rise edge)
                                  0.000000    0.000000   clock network delay (ideal)
                                  0.250000    0.250000   clock uncertainty
                                  0.000000    0.250000   clock reconvergence pessimism
                                              0.250000 ^ _3013_/CLK (sky130_fd_sc_hd__dfxtp_2)
                                 -0.013819    0.236181   library hold time
                                              0.236181   data required time
---------------------------------------------------------------------------------------------
                                              0.236181   data required time
                                             -0.359732   data arrival time
---------------------------------------------------------------------------------------------
                                              0.123551   slack (MET)


Startpoint: _3014_ (rising edge-triggered flip-flop clocked by clk)
Endpoint: _3014_ (rising edge-triggered flip-flop clocked by clk)
Path Group: clk
Path Type: min

Fanout         Cap        Slew       Delay        Time   Description
---------------------------------------------------------------------------------------------
                      0.150000    0.000000    0.000000   clock clk (rise edge)
                                  0.000000    0.000000   clock network delay (ideal)
                      0.150000    0.000000    0.000000 ^ _3014_/CLK (sky130_fd_sc_hd__dfxtp_2)
     2    0.004623    0.028182    0.221064    0.221064 ^ _3014_/Q (sky130_fd_sc_hd__dfxtp_2)
                                                         u_intf.u_slave.reg_pixel[11] (net)
                      0.028182    0.000000    0.221064 ^ _1771_/A1 (sky130_fd_sc_hd__mux2_1)
     1    0.001632    0.022779    0.065994    0.287058 ^ _1771_/X (sky130_fd_sc_hd__mux2_1)
                                                         _0320_ (net)
                      0.022779    0.000000    0.287058 ^ _1772_/B (sky130_fd_sc_hd__and2_2)
     1    0.001748    0.021780    0.072675    0.359732 ^ _1772_/X (sky130_fd_sc_hd__and2_2)
                                                         _0128_ (net)
                      0.021780    0.000000    0.359732 ^ _3014_/D (sky130_fd_sc_hd__dfxtp_2)
                                              0.359732   data arrival time

                      0.150000    0.000000    0.000000   clock clk (rise edge)
                                  0.000000    0.000000   clock network delay (ideal)
                                  0.250000    0.250000   clock uncertainty
                                  0.000000    0.250000   clock reconvergence pessimism
                                              0.250000 ^ _3014_/CLK (sky130_fd_sc_hd__dfxtp_2)
                                 -0.013819    0.236181   library hold time
                                              0.236181   data required time
---------------------------------------------------------------------------------------------
                                              0.236181   data required time
                                             -0.359732   data arrival time
---------------------------------------------------------------------------------------------
                                              0.123551   slack (MET)


Startpoint: _3015_ (rising edge-triggered flip-flop clocked by clk)
Endpoint: _3015_ (rising edge-triggered flip-flop clocked by clk)
Path Group: clk
Path Type: min

Fanout         Cap        Slew       Delay        Time   Description
---------------------------------------------------------------------------------------------
                      0.150000    0.000000    0.000000   clock clk (rise edge)
                                  0.000000    0.000000   clock network delay (ideal)
                      0.150000    0.000000    0.000000 ^ _3015_/CLK (sky130_fd_sc_hd__dfxtp_2)
     2    0.004623    0.028182    0.221064    0.221064 ^ _3015_/Q (sky130_fd_sc_hd__dfxtp_2)
                                                         u_intf.u_slave.reg_pixel[12] (net)
                      0.028182    0.000000    0.221064 ^ _1773_/A1 (sky130_fd_sc_hd__mux2_1)
     1    0.001632    0.022779    0.065994    0.287058 ^ _1773_/X (sky130_fd_sc_hd__mux2_1)
                                                         _0321_ (net)
                      0.022779    0.000000    0.287058 ^ _1774_/B (sky130_fd_sc_hd__and2_2)
     1    0.001748    0.021780    0.072675    0.359732 ^ _1774_/X (sky130_fd_sc_hd__and2_2)
                                                         _0129_ (net)
                      0.021780    0.000000    0.359732 ^ _3015_/D (sky130_fd_sc_hd__dfxtp_2)
                                              0.359732   data arrival time

                      0.150000    0.000000    0.000000   clock clk (rise edge)
                                  0.000000    0.000000   clock network delay (ideal)
                                  0.250000    0.250000   clock uncertainty
                                  0.000000    0.250000   clock reconvergence pessimism
                                              0.250000 ^ _3015_/CLK (sky130_fd_sc_hd__dfxtp_2)
                                 -0.013819    0.236181   library hold time
                                              0.236181   data required time
---------------------------------------------------------------------------------------------
                                              0.236181   data required time
                                             -0.359732   data arrival time
---------------------------------------------------------------------------------------------
                                              0.123551   slack (MET)


Startpoint: _3016_ (rising edge-triggered flip-flop clocked by clk)
Endpoint: _3016_ (rising edge-triggered flip-flop clocked by clk)
Path Group: clk
Path Type: min

Fanout         Cap        Slew       Delay        Time   Description
---------------------------------------------------------------------------------------------
                      0.150000    0.000000    0.000000   clock clk (rise edge)
                                  0.000000    0.000000   clock network delay (ideal)
                      0.150000    0.000000    0.000000 ^ _3016_/CLK (sky130_fd_sc_hd__dfxtp_2)
     2    0.004623    0.028182    0.221064    0.221064 ^ _3016_/Q (sky130_fd_sc_hd__dfxtp_2)
                                                         u_intf.u_slave.reg_pixel[13] (net)
                      0.028182    0.000000    0.221064 ^ _1775_/A1 (sky130_fd_sc_hd__mux2_1)
     1    0.001632    0.022779    0.065994    0.287058 ^ _1775_/X (sky130_fd_sc_hd__mux2_1)
                                                         _0322_ (net)
                      0.022779    0.000000    0.287058 ^ _1776_/B (sky130_fd_sc_hd__and2_2)
     1    0.001748    0.021780    0.072675    0.359732 ^ _1776_/X (sky130_fd_sc_hd__and2_2)
                                                         _0130_ (net)
                      0.021780    0.000000    0.359732 ^ _3016_/D (sky130_fd_sc_hd__dfxtp_2)
                                              0.359732   data arrival time

                      0.150000    0.000000    0.000000   clock clk (rise edge)
                                  0.000000    0.000000   clock network delay (ideal)
                                  0.250000    0.250000   clock uncertainty
                                  0.000000    0.250000   clock reconvergence pessimism
                                              0.250000 ^ _3016_/CLK (sky130_fd_sc_hd__dfxtp_2)
                                 -0.013819    0.236181   library hold time
                                              0.236181   data required time
---------------------------------------------------------------------------------------------
                                              0.236181   data required time
                                             -0.359732   data arrival time
---------------------------------------------------------------------------------------------
                                              0.123551   slack (MET)


Startpoint: _3017_ (rising edge-triggered flip-flop clocked by clk)
Endpoint: _3017_ (rising edge-triggered flip-flop clocked by clk)
Path Group: clk
Path Type: min

Fanout         Cap        Slew       Delay        Time   Description
---------------------------------------------------------------------------------------------
                      0.150000    0.000000    0.000000   clock clk (rise edge)
                                  0.000000    0.000000   clock network delay (ideal)
                      0.150000    0.000000    0.000000 ^ _3017_/CLK (sky130_fd_sc_hd__dfxtp_2)
     2    0.004623    0.028182    0.221064    0.221064 ^ _3017_/Q (sky130_fd_sc_hd__dfxtp_2)
                                                         u_intf.u_slave.reg_pixel[14] (net)
                      0.028182    0.000000    0.221064 ^ _1777_/A1 (sky130_fd_sc_hd__mux2_1)
     1    0.001632    0.022779    0.065994    0.287058 ^ _1777_/X (sky130_fd_sc_hd__mux2_1)
                                                         _0323_ (net)
                      0.022779    0.000000    0.287058 ^ _1778_/B (sky130_fd_sc_hd__and2_2)
     1    0.001748    0.021780    0.072675    0.359732 ^ _1778_/X (sky130_fd_sc_hd__and2_2)
                                                         _0131_ (net)
                      0.021780    0.000000    0.359732 ^ _3017_/D (sky130_fd_sc_hd__dfxtp_2)
                                              0.359732   data arrival time

                      0.150000    0.000000    0.000000   clock clk (rise edge)
                                  0.000000    0.000000   clock network delay (ideal)
                                  0.250000    0.250000   clock uncertainty
                                  0.000000    0.250000   clock reconvergence pessimism
                                              0.250000 ^ _3017_/CLK (sky130_fd_sc_hd__dfxtp_2)
                                 -0.013819    0.236181   library hold time
                                              0.236181   data required time
---------------------------------------------------------------------------------------------
                                              0.236181   data required time
                                             -0.359732   data arrival time
---------------------------------------------------------------------------------------------
                                              0.123551   slack (MET)


Startpoint: _3020_ (rising edge-triggered flip-flop clocked by clk)
Endpoint: _3020_ (rising edge-triggered flip-flop clocked by clk)
Path Group: clk
Path Type: min

Fanout         Cap        Slew       Delay        Time   Description
---------------------------------------------------------------------------------------------
                      0.150000    0.000000    0.000000   clock clk (rise edge)
                                  0.000000    0.000000   clock network delay (ideal)
                      0.150000    0.000000    0.000000 ^ _3020_/CLK (sky130_fd_sc_hd__dfxtp_2)
     2    0.004623    0.028182    0.221064    0.221064 ^ _3020_/Q (sky130_fd_sc_hd__dfxtp_2)
                                                         u_intf.u_slave.reg_pixel[17] (net)
                      0.028182    0.000000    0.221064 ^ _1783_/A1 (sky130_fd_sc_hd__mux2_1)
     1    0.001632    0.022779    0.065994    0.287058 ^ _1783_/X (sky130_fd_sc_hd__mux2_1)
                                                         _0326_ (net)
                      0.022779    0.000000    0.287058 ^ _1784_/B (sky130_fd_sc_hd__and2_2)
     1    0.001748    0.021780    0.072675    0.359732 ^ _1784_/X (sky130_fd_sc_hd__and2_2)
                                                         _0134_ (net)
                      0.021780    0.000000    0.359732 ^ _3020_/D (sky130_fd_sc_hd__dfxtp_2)
                                              0.359732   data arrival time

                      0.150000    0.000000    0.000000   clock clk (rise edge)
                                  0.000000    0.000000   clock network delay (ideal)
                                  0.250000    0.250000   clock uncertainty
                                  0.000000    0.250000   clock reconvergence pessimism
                                              0.250000 ^ _3020_/CLK (sky130_fd_sc_hd__dfxtp_2)
                                 -0.013819    0.236181   library hold time
                                              0.236181   data required time
---------------------------------------------------------------------------------------------
                                              0.236181   data required time
                                             -0.359732   data arrival time
---------------------------------------------------------------------------------------------
                                              0.123551   slack (MET)


Startpoint: _3023_ (rising edge-triggered flip-flop clocked by clk)
Endpoint: _3023_ (rising edge-triggered flip-flop clocked by clk)
Path Group: clk
Path Type: min

Fanout         Cap        Slew       Delay        Time   Description
---------------------------------------------------------------------------------------------
                      0.150000    0.000000    0.000000   clock clk (rise edge)
                                  0.000000    0.000000   clock network delay (ideal)
                      0.150000    0.000000    0.000000 ^ _3023_/CLK (sky130_fd_sc_hd__dfxtp_2)
     2    0.004623    0.028182    0.221064    0.221064 ^ _3023_/Q (sky130_fd_sc_hd__dfxtp_2)
                                                         u_intf.u_slave.reg_pixel[20] (net)
                      0.028182    0.000000    0.221064 ^ _1789_/A1 (sky130_fd_sc_hd__mux2_1)
     1    0.001632    0.022779    0.065994    0.287058 ^ _1789_/X (sky130_fd_sc_hd__mux2_1)
                                                         _0329_ (net)
                      0.022779    0.000000    0.287058 ^ _1790_/B (sky130_fd_sc_hd__and2_2)
     1    0.001748    0.021780    0.072675    0.359732 ^ _1790_/X (sky130_fd_sc_hd__and2_2)
                                                         _0137_ (net)
                      0.021780    0.000000    0.359732 ^ _3023_/D (sky130_fd_sc_hd__dfxtp_2)
                                              0.359732   data arrival time

                      0.150000    0.000000    0.000000   clock clk (rise edge)
                                  0.000000    0.000000   clock network delay (ideal)
                                  0.250000    0.250000   clock uncertainty
                                  0.000000    0.250000   clock reconvergence pessimism
                                              0.250000 ^ _3023_/CLK (sky130_fd_sc_hd__dfxtp_2)
                                 -0.013819    0.236181   library hold time
                                              0.236181   data required time
---------------------------------------------------------------------------------------------
                                              0.236181   data required time
                                             -0.359732   data arrival time
---------------------------------------------------------------------------------------------
                                              0.123551   slack (MET)


Startpoint: _3025_ (rising edge-triggered flip-flop clocked by clk)
Endpoint: _3025_ (rising edge-triggered flip-flop clocked by clk)
Path Group: clk
Path Type: min

Fanout         Cap        Slew       Delay        Time   Description
---------------------------------------------------------------------------------------------
                      0.150000    0.000000    0.000000   clock clk (rise edge)
                                  0.000000    0.000000   clock network delay (ideal)
                      0.150000    0.000000    0.000000 ^ _3025_/CLK (sky130_fd_sc_hd__dfxtp_2)
     2    0.004623    0.028182    0.221064    0.221064 ^ _3025_/Q (sky130_fd_sc_hd__dfxtp_2)
                                                         u_intf.u_slave.reg_pixel[22] (net)
                      0.028182    0.000000    0.221064 ^ _1793_/A1 (sky130_fd_sc_hd__mux2_1)
     1    0.001632    0.022779    0.065994    0.287058 ^ _1793_/X (sky130_fd_sc_hd__mux2_1)
                                                         _0331_ (net)
                      0.022779    0.000000    0.287058 ^ _1794_/B (sky130_fd_sc_hd__and2_2)
     1    0.001748    0.021780    0.072675    0.359732 ^ _1794_/X (sky130_fd_sc_hd__and2_2)
                                                         _0139_ (net)
                      0.021780    0.000000    0.359732 ^ _3025_/D (sky130_fd_sc_hd__dfxtp_2)
                                              0.359732   data arrival time

                      0.150000    0.000000    0.000000   clock clk (rise edge)
                                  0.000000    0.000000   clock network delay (ideal)
                                  0.250000    0.250000   clock uncertainty
                                  0.000000    0.250000   clock reconvergence pessimism
                                              0.250000 ^ _3025_/CLK (sky130_fd_sc_hd__dfxtp_2)
                                 -0.013819    0.236181   library hold time
                                              0.236181   data required time
---------------------------------------------------------------------------------------------
                                              0.236181   data required time
                                             -0.359732   data arrival time
---------------------------------------------------------------------------------------------
                                              0.123551   slack (MET)


Startpoint: _3027_ (rising edge-triggered flip-flop clocked by clk)
Endpoint: _3027_ (rising edge-triggered flip-flop clocked by clk)
Path Group: clk
Path Type: min

Fanout         Cap        Slew       Delay        Time   Description
---------------------------------------------------------------------------------------------
                      0.150000    0.000000    0.000000   clock clk (rise edge)
                                  0.000000    0.000000   clock network delay (ideal)
                      0.150000    0.000000    0.000000 ^ _3027_/CLK (sky130_fd_sc_hd__dfxtp_2)
     2    0.004623    0.028182    0.221064    0.221064 ^ _3027_/Q (sky130_fd_sc_hd__dfxtp_2)
                                                         u_intf.u_slave.reg_pixel[24] (net)
                      0.028182    0.000000    0.221064 ^ _1797_/A1 (sky130_fd_sc_hd__mux2_1)
     1    0.001632    0.022779    0.065994    0.287058 ^ _1797_/X (sky130_fd_sc_hd__mux2_1)
                                                         _0333_ (net)
                      0.022779    0.000000    0.287058 ^ _1798_/B (sky130_fd_sc_hd__and2_2)
     1    0.001748    0.021780    0.072675    0.359732 ^ _1798_/X (sky130_fd_sc_hd__and2_2)
                                                         _0141_ (net)
                      0.021780    0.000000    0.359732 ^ _3027_/D (sky130_fd_sc_hd__dfxtp_2)
                                              0.359732   data arrival time

                      0.150000    0.000000    0.000000   clock clk (rise edge)
                                  0.000000    0.000000   clock network delay (ideal)
                                  0.250000    0.250000   clock uncertainty
                                  0.000000    0.250000   clock reconvergence pessimism
                                              0.250000 ^ _3027_/CLK (sky130_fd_sc_hd__dfxtp_2)
                                 -0.013819    0.236181   library hold time
                                              0.236181   data required time
---------------------------------------------------------------------------------------------
                                              0.236181   data required time
                                             -0.359732   data arrival time
---------------------------------------------------------------------------------------------
                                              0.123551   slack (MET)


Startpoint: _3030_ (rising edge-triggered flip-flop clocked by clk)
Endpoint: _3030_ (rising edge-triggered flip-flop clocked by clk)
Path Group: clk
Path Type: min

Fanout         Cap        Slew       Delay        Time   Description
---------------------------------------------------------------------------------------------
                      0.150000    0.000000    0.000000   clock clk (rise edge)
                                  0.000000    0.000000   clock network delay (ideal)
                      0.150000    0.000000    0.000000 ^ _3030_/CLK (sky130_fd_sc_hd__dfxtp_2)
     2    0.004623    0.028182    0.221064    0.221064 ^ _3030_/Q (sky130_fd_sc_hd__dfxtp_2)
                                                         u_intf.u_slave.reg_pixel[27] (net)
                      0.028182    0.000000    0.221064 ^ _1803_/A1 (sky130_fd_sc_hd__mux2_1)
     1    0.001632    0.022779    0.065994    0.287058 ^ _1803_/X (sky130_fd_sc_hd__mux2_1)
                                                         _0336_ (net)
                      0.022779    0.000000    0.287058 ^ _1804_/B (sky130_fd_sc_hd__and2_2)
     1    0.001748    0.021780    0.072675    0.359732 ^ _1804_/X (sky130_fd_sc_hd__and2_2)
                                                         _0144_ (net)
                      0.021780    0.000000    0.359732 ^ _3030_/D (sky130_fd_sc_hd__dfxtp_2)
                                              0.359732   data arrival time

                      0.150000    0.000000    0.000000   clock clk (rise edge)
                                  0.000000    0.000000   clock network delay (ideal)
                                  0.250000    0.250000   clock uncertainty
                                  0.000000    0.250000   clock reconvergence pessimism
                                              0.250000 ^ _3030_/CLK (sky130_fd_sc_hd__dfxtp_2)
                                 -0.013819    0.236181   library hold time
                                              0.236181   data required time
---------------------------------------------------------------------------------------------
                                              0.236181   data required time
                                             -0.359732   data arrival time
---------------------------------------------------------------------------------------------
                                              0.123551   slack (MET)


Startpoint: _3032_ (rising edge-triggered flip-flop clocked by clk)
Endpoint: _3032_ (rising edge-triggered flip-flop clocked by clk)
Path Group: clk
Path Type: min

Fanout         Cap        Slew       Delay        Time   Description
---------------------------------------------------------------------------------------------
                      0.150000    0.000000    0.000000   clock clk (rise edge)
                                  0.000000    0.000000   clock network delay (ideal)
                      0.150000    0.000000    0.000000 ^ _3032_/CLK (sky130_fd_sc_hd__dfxtp_2)
     2    0.004623    0.028182    0.221064    0.221064 ^ _3032_/Q (sky130_fd_sc_hd__dfxtp_2)
                                                         u_intf.u_slave.reg_pixel[29] (net)
                      0.028182    0.000000    0.221064 ^ _1807_/A1 (sky130_fd_sc_hd__mux2_1)
     1    0.001632    0.022779    0.065994    0.287058 ^ _1807_/X (sky130_fd_sc_hd__mux2_1)
                                                         _0338_ (net)
                      0.022779    0.000000    0.287058 ^ _1808_/B (sky130_fd_sc_hd__and2_2)
     1    0.001748    0.021780    0.072675    0.359732 ^ _1808_/X (sky130_fd_sc_hd__and2_2)
                                                         _0146_ (net)
                      0.021780    0.000000    0.359732 ^ _3032_/D (sky130_fd_sc_hd__dfxtp_2)
                                              0.359732   data arrival time

                      0.150000    0.000000    0.000000   clock clk (rise edge)
                                  0.000000    0.000000   clock network delay (ideal)
                                  0.250000    0.250000   clock uncertainty
                                  0.000000    0.250000   clock reconvergence pessimism
                                              0.250000 ^ _3032_/CLK (sky130_fd_sc_hd__dfxtp_2)
                                 -0.013819    0.236181   library hold time
                                              0.236181   data required time
---------------------------------------------------------------------------------------------
                                              0.236181   data required time
                                             -0.359732   data arrival time
---------------------------------------------------------------------------------------------
                                              0.123551   slack (MET)


Startpoint: _3044_ (rising edge-triggered flip-flop clocked by clk)
Endpoint: _3044_ (rising edge-triggered flip-flop clocked by clk)
Path Group: clk
Path Type: min

Fanout         Cap        Slew       Delay        Time   Description
---------------------------------------------------------------------------------------------
                      0.150000    0.000000    0.000000   clock clk (rise edge)
                                  0.000000    0.000000   clock network delay (ideal)
                      0.150000    0.000000    0.000000 ^ _3044_/CLK (sky130_fd_sc_hd__dfxtp_2)
     2    0.004623    0.028182    0.221064    0.221064 ^ _3044_/Q (sky130_fd_sc_hd__dfxtp_2)
                                                         u_intf.u_slave.reg_weight[9] (net)
                      0.028182    0.000000    0.221064 ^ _1832_/A1 (sky130_fd_sc_hd__mux2_1)
     1    0.001632    0.022779    0.065994    0.287058 ^ _1832_/X (sky130_fd_sc_hd__mux2_1)
                                                         _0351_ (net)
                      0.022779    0.000000    0.287058 ^ _1833_/B (sky130_fd_sc_hd__and2_2)
     1    0.001748    0.021780    0.072675    0.359732 ^ _1833_/X (sky130_fd_sc_hd__and2_2)
                                                         _0158_ (net)
                      0.021780    0.000000    0.359732 ^ _3044_/D (sky130_fd_sc_hd__dfxtp_2)
                                              0.359732   data arrival time

                      0.150000    0.000000    0.000000   clock clk (rise edge)
                                  0.000000    0.000000   clock network delay (ideal)
                                  0.250000    0.250000   clock uncertainty
                                  0.000000    0.250000   clock reconvergence pessimism
                                              0.250000 ^ _3044_/CLK (sky130_fd_sc_hd__dfxtp_2)
                                 -0.013819    0.236181   library hold time
                                              0.236181   data required time
---------------------------------------------------------------------------------------------
                                              0.236181   data required time
                                             -0.359732   data arrival time
---------------------------------------------------------------------------------------------
                                              0.123551   slack (MET)


Startpoint: _3051_ (rising edge-triggered flip-flop clocked by clk)
Endpoint: _3051_ (rising edge-triggered flip-flop clocked by clk)
Path Group: clk
Path Type: min

Fanout         Cap        Slew       Delay        Time   Description
---------------------------------------------------------------------------------------------
                      0.150000    0.000000    0.000000   clock clk (rise edge)
                                  0.000000    0.000000   clock network delay (ideal)
                      0.150000    0.000000    0.000000 ^ _3051_/CLK (sky130_fd_sc_hd__dfxtp_2)
     2    0.004623    0.028182    0.221064    0.221064 ^ _3051_/Q (sky130_fd_sc_hd__dfxtp_2)
                                                         u_intf.u_slave.reg_weight[16] (net)
                      0.028182    0.000000    0.221064 ^ _1846_/A1 (sky130_fd_sc_hd__mux2_1)
     1    0.001632    0.022779    0.065994    0.287058 ^ _1846_/X (sky130_fd_sc_hd__mux2_1)
                                                         _0358_ (net)
                      0.022779    0.000000    0.287058 ^ _1847_/B (sky130_fd_sc_hd__and2_2)
     1    0.001748    0.021780    0.072675    0.359732 ^ _1847_/X (sky130_fd_sc_hd__and2_2)
                                                         _0165_ (net)
                      0.021780    0.000000    0.359732 ^ _3051_/D (sky130_fd_sc_hd__dfxtp_2)
                                              0.359732   data arrival time

                      0.150000    0.000000    0.000000   clock clk (rise edge)
                                  0.000000    0.000000   clock network delay (ideal)
                                  0.250000    0.250000   clock uncertainty
                                  0.000000    0.250000   clock reconvergence pessimism
                                              0.250000 ^ _3051_/CLK (sky130_fd_sc_hd__dfxtp_2)
                                 -0.013819    0.236181   library hold time
                                              0.236181   data required time
---------------------------------------------------------------------------------------------
                                              0.236181   data required time
                                             -0.359732   data arrival time
---------------------------------------------------------------------------------------------
                                              0.123551   slack (MET)


Startpoint: _3053_ (rising edge-triggered flip-flop clocked by clk)
Endpoint: _3053_ (rising edge-triggered flip-flop clocked by clk)
Path Group: clk
Path Type: min

Fanout         Cap        Slew       Delay        Time   Description
---------------------------------------------------------------------------------------------
                      0.150000    0.000000    0.000000   clock clk (rise edge)
                                  0.000000    0.000000   clock network delay (ideal)
                      0.150000    0.000000    0.000000 ^ _3053_/CLK (sky130_fd_sc_hd__dfxtp_2)
     2    0.004623    0.028182    0.221064    0.221064 ^ _3053_/Q (sky130_fd_sc_hd__dfxtp_2)
                                                         u_intf.u_slave.reg_weight[18] (net)
                      0.028182    0.000000    0.221064 ^ _1850_/A1 (sky130_fd_sc_hd__mux2_1)
     1    0.001632    0.022779    0.065994    0.287058 ^ _1850_/X (sky130_fd_sc_hd__mux2_1)
                                                         _0360_ (net)
                      0.022779    0.000000    0.287058 ^ _1851_/B (sky130_fd_sc_hd__and2_2)
     1    0.001748    0.021780    0.072675    0.359732 ^ _1851_/X (sky130_fd_sc_hd__and2_2)
                                                         _0167_ (net)
                      0.021780    0.000000    0.359732 ^ _3053_/D (sky130_fd_sc_hd__dfxtp_2)
                                              0.359732   data arrival time

                      0.150000    0.000000    0.000000   clock clk (rise edge)
                                  0.000000    0.000000   clock network delay (ideal)
                                  0.250000    0.250000   clock uncertainty
                                  0.000000    0.250000   clock reconvergence pessimism
                                              0.250000 ^ _3053_/CLK (sky130_fd_sc_hd__dfxtp_2)
                                 -0.013819    0.236181   library hold time
                                              0.236181   data required time
---------------------------------------------------------------------------------------------
                                              0.236181   data required time
                                             -0.359732   data arrival time
---------------------------------------------------------------------------------------------
                                              0.123551   slack (MET)


Startpoint: _3054_ (rising edge-triggered flip-flop clocked by clk)
Endpoint: _3054_ (rising edge-triggered flip-flop clocked by clk)
Path Group: clk
Path Type: min

Fanout         Cap        Slew       Delay        Time   Description
---------------------------------------------------------------------------------------------
                      0.150000    0.000000    0.000000   clock clk (rise edge)
                                  0.000000    0.000000   clock network delay (ideal)
                      0.150000    0.000000    0.000000 ^ _3054_/CLK (sky130_fd_sc_hd__dfxtp_2)
     2    0.004623    0.028182    0.221064    0.221064 ^ _3054_/Q (sky130_fd_sc_hd__dfxtp_2)
                                                         u_intf.u_slave.reg_weight[19] (net)
                      0.028182    0.000000    0.221064 ^ _1852_/A1 (sky130_fd_sc_hd__mux2_1)
     1    0.001632    0.022779    0.065994    0.287058 ^ _1852_/X (sky130_fd_sc_hd__mux2_1)
                                                         _0361_ (net)
                      0.022779    0.000000    0.287058 ^ _1853_/B (sky130_fd_sc_hd__and2_2)
     1    0.001748    0.021780    0.072675    0.359732 ^ _1853_/X (sky130_fd_sc_hd__and2_2)
                                                         _0168_ (net)
                      0.021780    0.000000    0.359732 ^ _3054_/D (sky130_fd_sc_hd__dfxtp_2)
                                              0.359732   data arrival time

                      0.150000    0.000000    0.000000   clock clk (rise edge)
                                  0.000000    0.000000   clock network delay (ideal)
                                  0.250000    0.250000   clock uncertainty
                                  0.000000    0.250000   clock reconvergence pessimism
                                              0.250000 ^ _3054_/CLK (sky130_fd_sc_hd__dfxtp_2)
                                 -0.013819    0.236181   library hold time
                                              0.236181   data required time
---------------------------------------------------------------------------------------------
                                              0.236181   data required time
                                             -0.359732   data arrival time
---------------------------------------------------------------------------------------------
                                              0.123551   slack (MET)


Startpoint: _3056_ (rising edge-triggered flip-flop clocked by clk)
Endpoint: _3056_ (rising edge-triggered flip-flop clocked by clk)
Path Group: clk
Path Type: min

Fanout         Cap        Slew       Delay        Time   Description
---------------------------------------------------------------------------------------------
                      0.150000    0.000000    0.000000   clock clk (rise edge)
                                  0.000000    0.000000   clock network delay (ideal)
                      0.150000    0.000000    0.000000 ^ _3056_/CLK (sky130_fd_sc_hd__dfxtp_2)
     2    0.004623    0.028182    0.221064    0.221064 ^ _3056_/Q (sky130_fd_sc_hd__dfxtp_2)
                                                         u_intf.u_slave.reg_weight[21] (net)
                      0.028182    0.000000    0.221064 ^ _1856_/A1 (sky130_fd_sc_hd__mux2_1)
     1    0.001632    0.022779    0.065994    0.287058 ^ _1856_/X (sky130_fd_sc_hd__mux2_1)
                                                         _0363_ (net)
                      0.022779    0.000000    0.287058 ^ _1857_/B (sky130_fd_sc_hd__and2_2)
     1    0.001748    0.021780    0.072675    0.359732 ^ _1857_/X (sky130_fd_sc_hd__and2_2)
                                                         _0170_ (net)
                      0.021780    0.000000    0.359732 ^ _3056_/D (sky130_fd_sc_hd__dfxtp_2)
                                              0.359732   data arrival time

                      0.150000    0.000000    0.000000   clock clk (rise edge)
                                  0.000000    0.000000   clock network delay (ideal)
                                  0.250000    0.250000   clock uncertainty
                                  0.000000    0.250000   clock reconvergence pessimism
                                              0.250000 ^ _3056_/CLK (sky130_fd_sc_hd__dfxtp_2)
                                 -0.013819    0.236181   library hold time
                                              0.236181   data required time
---------------------------------------------------------------------------------------------
                                              0.236181   data required time
                                             -0.359732   data arrival time
---------------------------------------------------------------------------------------------
                                              0.123551   slack (MET)


Startpoint: _3060_ (rising edge-triggered flip-flop clocked by clk)
Endpoint: _3060_ (rising edge-triggered flip-flop clocked by clk)
Path Group: clk
Path Type: min

Fanout         Cap        Slew       Delay        Time   Description
---------------------------------------------------------------------------------------------
                      0.150000    0.000000    0.000000   clock clk (rise edge)
                                  0.000000    0.000000   clock network delay (ideal)
                      0.150000    0.000000    0.000000 ^ _3060_/CLK (sky130_fd_sc_hd__dfxtp_2)
     2    0.004623    0.028182    0.221064    0.221064 ^ _3060_/Q (sky130_fd_sc_hd__dfxtp_2)
                                                         u_intf.u_slave.reg_weight[25] (net)
                      0.028182    0.000000    0.221064 ^ _1864_/A1 (sky130_fd_sc_hd__mux2_1)
     1    0.001632    0.022779    0.065994    0.287058 ^ _1864_/X (sky130_fd_sc_hd__mux2_1)
                                                         _0367_ (net)
                      0.022779    0.000000    0.287058 ^ _1865_/B (sky130_fd_sc_hd__and2_2)
     1    0.001748    0.021780    0.072675    0.359732 ^ _1865_/X (sky130_fd_sc_hd__and2_2)
                                                         _0174_ (net)
                      0.021780    0.000000    0.359732 ^ _3060_/D (sky130_fd_sc_hd__dfxtp_2)
                                              0.359732   data arrival time

                      0.150000    0.000000    0.000000   clock clk (rise edge)
                                  0.000000    0.000000   clock network delay (ideal)
                                  0.250000    0.250000   clock uncertainty
                                  0.000000    0.250000   clock reconvergence pessimism
                                              0.250000 ^ _3060_/CLK (sky130_fd_sc_hd__dfxtp_2)
                                 -0.013819    0.236181   library hold time
                                              0.236181   data required time
---------------------------------------------------------------------------------------------
                                              0.236181   data required time
                                             -0.359732   data arrival time
---------------------------------------------------------------------------------------------
                                              0.123551   slack (MET)


Startpoint: _3066_ (rising edge-triggered flip-flop clocked by clk)
Endpoint: _3066_ (rising edge-triggered flip-flop clocked by clk)
Path Group: clk
Path Type: min

Fanout         Cap        Slew       Delay        Time   Description
---------------------------------------------------------------------------------------------
                      0.150000    0.000000    0.000000   clock clk (rise edge)
                                  0.000000    0.000000   clock network delay (ideal)
                      0.150000    0.000000    0.000000 ^ _3066_/CLK (sky130_fd_sc_hd__dfxtp_2)
     2    0.004623    0.028182    0.221064    0.221064 ^ _3066_/Q (sky130_fd_sc_hd__dfxtp_2)
                                                         u_intf.u_slave.reg_weight[31] (net)
                      0.028182    0.000000    0.221064 ^ _1876_/A1 (sky130_fd_sc_hd__mux2_1)
     1    0.001632    0.022779    0.065994    0.287058 ^ _1876_/X (sky130_fd_sc_hd__mux2_1)
                                                         _0373_ (net)
                      0.022779    0.000000    0.287058 ^ _1877_/B (sky130_fd_sc_hd__and2_2)
     1    0.001748    0.021780    0.072675    0.359732 ^ _1877_/X (sky130_fd_sc_hd__and2_2)
                                                         _0180_ (net)
                      0.021780    0.000000    0.359732 ^ _3066_/D (sky130_fd_sc_hd__dfxtp_2)
                                              0.359732   data arrival time

                      0.150000    0.000000    0.000000   clock clk (rise edge)
                                  0.000000    0.000000   clock network delay (ideal)
                                  0.250000    0.250000   clock uncertainty
                                  0.000000    0.250000   clock reconvergence pessimism
                                              0.250000 ^ _3066_/CLK (sky130_fd_sc_hd__dfxtp_2)
                                 -0.013819    0.236181   library hold time
                                              0.236181   data required time
---------------------------------------------------------------------------------------------
                                              0.236181   data required time
                                             -0.359732   data arrival time
---------------------------------------------------------------------------------------------
                                              0.123551   slack (MET)


Startpoint: _3041_ (rising edge-triggered flip-flop clocked by clk)
Endpoint: _2965_ (rising edge-triggered flip-flop clocked by clk)
Path Group: clk
Path Type: min

Fanout         Cap        Slew       Delay        Time   Description
---------------------------------------------------------------------------------------------
                      0.150000    0.000000    0.000000   clock clk (rise edge)
                                  0.000000    0.000000   clock network delay (ideal)
                      0.150000    0.000000    0.000000 ^ _3041_/CLK (sky130_fd_sc_hd__dfxtp_2)
     3    0.006113    0.033316    0.225059    0.225059 ^ _3041_/Q (sky130_fd_sc_hd__dfxtp_2)
                                                         u_intf.u_slave.reg_weight[6] (net)
                      0.033316    0.000000    0.225059 ^ _1633_/A1 (sky130_fd_sc_hd__a21o_2)
     1    0.002470    0.017397    0.063727    0.288786 ^ _1633_/X (sky130_fd_sc_hd__a21o_2)
                                                         _1358_ (net)
                      0.017397    0.000000    0.288786 ^ _1634_/B1 (sky130_fd_sc_hd__o211a_2)
     1    0.001748    0.022371    0.072055    0.360842 ^ _1634_/X (sky130_fd_sc_hd__o211a_2)
                                                         _0079_ (net)
                      0.022371    0.000000    0.360842 ^ _2965_/D (sky130_fd_sc_hd__dfxtp_2)
                                              0.360842   data arrival time

                      0.150000    0.000000    0.000000   clock clk (rise edge)
                                  0.000000    0.000000   clock network delay (ideal)
                                  0.250000    0.250000   clock uncertainty
                                  0.000000    0.250000   clock reconvergence pessimism
                                              0.250000 ^ _2965_/CLK (sky130_fd_sc_hd__dfxtp_2)
                                 -0.013860    0.236140   library hold time
                                              0.236140   data required time
---------------------------------------------------------------------------------------------
                                              0.236140   data required time
                                             -0.360842   data arrival time
---------------------------------------------------------------------------------------------
                                              0.124702   slack (MET)


Startpoint: _3067_ (rising edge-triggered flip-flop clocked by clk)
Endpoint: _2959_ (rising edge-triggered flip-flop clocked by clk)
Path Group: clk
Path Type: min

Fanout         Cap        Slew       Delay        Time   Description
---------------------------------------------------------------------------------------------
                      0.150000    0.000000    0.000000   clock clk (rise edge)
                                  0.000000    0.000000   clock network delay (ideal)
                      0.150000    0.000000    0.000000 ^ _3067_/CLK (sky130_fd_sc_hd__dfxtp_2)
     2    0.004162    0.026713    0.219591    0.219591 ^ _3067_/Q (sky130_fd_sc_hd__dfxtp_2)
                                                         u_intf.u_slave.reg_ctrl[0] (net)
                      0.026713    0.000000    0.219591 ^ _1606_/A1 (sky130_fd_sc_hd__a21o_2)
     1    0.002460    0.020031    0.062041    0.281632 ^ _1606_/X (sky130_fd_sc_hd__a21o_2)
                                                         _1337_ (net)
                      0.020031    0.000000    0.281632 ^ _1612_/B1 (sky130_fd_sc_hd__o221a_2)
     1    0.001748    0.021901    0.079298    0.360930 ^ _1612_/X (sky130_fd_sc_hd__o221a_2)
                                                         _0073_ (net)
                      0.021901    0.000000    0.360930 ^ _2959_/D (sky130_fd_sc_hd__dfxtp_2)
                                              0.360930   data arrival time

                      0.150000    0.000000    0.000000   clock clk (rise edge)
                                  0.000000    0.000000   clock network delay (ideal)
                                  0.250000    0.250000   clock uncertainty
                                  0.000000    0.250000   clock reconvergence pessimism
                                              0.250000 ^ _2959_/CLK (sky130_fd_sc_hd__dfxtp_2)
                                 -0.013827    0.236173   library hold time
                                              0.236173   data required time
---------------------------------------------------------------------------------------------
                                              0.236173   data required time
                                             -0.360930   data arrival time
---------------------------------------------------------------------------------------------
                                              0.124757   slack (MET)


Startpoint: _3151_ (rising edge-triggered flip-flop clocked by clk)
Endpoint: _3151_ (rising edge-triggered flip-flop clocked by clk)
Path Group: clk
Path Type: min

Fanout         Cap        Slew       Delay        Time   Description
---------------------------------------------------------------------------------------------
                      0.150000    0.000000    0.000000   clock clk (rise edge)
                                  0.000000    0.000000   clock network delay (ideal)
                      0.150000    0.000000    0.000000 ^ _3151_/CLK (sky130_fd_sc_hd__dfxtp_2)
     2    0.006574    0.023609    0.226122    0.226122 v _3151_/Q (sky130_fd_sc_hd__dfxtp_2)
                                                         u_core.pe_array[0].u_pe.accum_reg[18] (net)
                      0.023609    0.000000    0.226122 v _1445_/A (sky130_fd_sc_hd__inv_2)
     2    0.003829    0.019124    0.027089    0.253211 ^ _1445_/Y (sky130_fd_sc_hd__inv_2)
                                                         _1249_ (net)
                      0.019124    0.000000    0.253211 ^ _2815_/B2 (sky130_fd_sc_hd__o2bb2a_2)
     1    0.004773    0.031330    0.090521    0.343732 ^ _2815_/X (sky130_fd_sc_hd__o2bb2a_2)
                                                         _1227_ (net)
                      0.031330    0.000000    0.343732 ^ _2816_/B (sky130_fd_sc_hd__nor2_2)
     1    0.001783    0.011087    0.014779    0.358511 v _2816_/Y (sky130_fd_sc_hd__nor2_2)
                                                         _0265_ (net)
                      0.011087    0.000000    0.358511 v _3151_/D (sky130_fd_sc_hd__dfxtp_2)
                                              0.358511   data arrival time

                      0.150000    0.000000    0.000000   clock clk (rise edge)
                                  0.000000    0.000000   clock network delay (ideal)
                                  0.250000    0.250000   clock uncertainty
                                  0.000000    0.250000   clock reconvergence pessimism
                                              0.250000 ^ _3151_/CLK (sky130_fd_sc_hd__dfxtp_2)
                                 -0.016326    0.233674   library hold time
                                              0.233674   data required time
---------------------------------------------------------------------------------------------
                                              0.233674   data required time
                                             -0.358511   data arrival time
---------------------------------------------------------------------------------------------
                                              0.124837   slack (MET)


Startpoint: _3040_ (rising edge-triggered flip-flop clocked by clk)
Endpoint: _3040_ (rising edge-triggered flip-flop clocked by clk)
Path Group: clk
Path Type: min

Fanout         Cap        Slew       Delay        Time   Description
---------------------------------------------------------------------------------------------
                      0.150000    0.000000    0.000000   clock clk (rise edge)
                                  0.000000    0.000000   clock network delay (ideal)
                      0.150000    0.000000    0.000000 ^ _3040_/CLK (sky130_fd_sc_hd__dfxtp_2)
     3    0.005223    0.030246    0.222680    0.222680 ^ _3040_/Q (sky130_fd_sc_hd__dfxtp_2)
                                                         u_intf.u_slave.reg_weight[5] (net)
                      0.030246    0.000000    0.222680 ^ _1824_/A1 (sky130_fd_sc_hd__mux2_1)
     1    0.001632    0.022779    0.066569    0.289249 ^ _1824_/X (sky130_fd_sc_hd__mux2_1)
                                                         _0347_ (net)
                      0.022779    0.000000    0.289249 ^ _1825_/B (sky130_fd_sc_hd__and2_2)
     1    0.001748    0.021780    0.072675    0.361924 ^ _1825_/X (sky130_fd_sc_hd__and2_2)
                                                         _0154_ (net)
                      0.021780    0.000000    0.361924 ^ _3040_/D (sky130_fd_sc_hd__dfxtp_2)
                                              0.361924   data arrival time

                      0.150000    0.000000    0.000000   clock clk (rise edge)
                                  0.000000    0.000000   clock network delay (ideal)
                                  0.250000    0.250000   clock uncertainty
                                  0.000000    0.250000   clock reconvergence pessimism
                                              0.250000 ^ _3040_/CLK (sky130_fd_sc_hd__dfxtp_2)
                                 -0.013819    0.236181   library hold time
                                              0.236181   data required time
---------------------------------------------------------------------------------------------
                                              0.236181   data required time
                                             -0.361924   data arrival time
---------------------------------------------------------------------------------------------
                                              0.125743   slack (MET)


Startpoint: _3035_ (rising edge-triggered flip-flop clocked by clk)
Endpoint: _3035_ (rising edge-triggered flip-flop clocked by clk)
Path Group: clk
Path Type: min

Fanout         Cap        Slew       Delay        Time   Description
---------------------------------------------------------------------------------------------
                      0.150000    0.000000    0.000000   clock clk (rise edge)
                                  0.000000    0.000000   clock network delay (ideal)
                      0.150000    0.000000    0.000000 ^ _3035_/CLK (sky130_fd_sc_hd__dfxtp_2)
     3    0.005341    0.030653    0.222995    0.222995 ^ _3035_/Q (sky130_fd_sc_hd__dfxtp_2)
                                                         u_intf.u_slave.reg_weight[0] (net)
                      0.030653    0.000000    0.222995 ^ _1814_/A1 (sky130_fd_sc_hd__mux2_1)
     1    0.001632    0.022774    0.066683    0.289678 ^ _1814_/X (sky130_fd_sc_hd__mux2_1)
                                                         _0342_ (net)
                      0.022774    0.000000    0.289678 ^ _1815_/B (sky130_fd_sc_hd__and2_2)
     1    0.001748    0.021780    0.072673    0.362351 ^ _1815_/X (sky130_fd_sc_hd__and2_2)
                                                         _0149_ (net)
                      0.021780    0.000000    0.362351 ^ _3035_/D (sky130_fd_sc_hd__dfxtp_2)
                                              0.362351   data arrival time

                      0.150000    0.000000    0.000000   clock clk (rise edge)
                                  0.000000    0.000000   clock network delay (ideal)
                                  0.250000    0.250000   clock uncertainty
                                  0.000000    0.250000   clock reconvergence pessimism
                                              0.250000 ^ _3035_/CLK (sky130_fd_sc_hd__dfxtp_2)
                                 -0.013819    0.236181   library hold time
                                              0.236181   data required time
---------------------------------------------------------------------------------------------
                                              0.236181   data required time
                                             -0.362351   data arrival time
---------------------------------------------------------------------------------------------
                                              0.126170   slack (MET)


Startpoint: _3008_ (rising edge-triggered flip-flop clocked by clk)
Endpoint: _2964_ (rising edge-triggered flip-flop clocked by clk)
Path Group: clk
Path Type: min

Fanout         Cap        Slew       Delay        Time   Description
---------------------------------------------------------------------------------------------
                      0.150000    0.000000    0.000000   clock clk (rise edge)
                                  0.000000    0.000000   clock network delay (ideal)
                      0.150000    0.000000    0.000000 ^ _3008_/CLK (sky130_fd_sc_hd__dfxtp_2)
     3    0.006133    0.033385    0.225113    0.225113 ^ _3008_/Q (sky130_fd_sc_hd__dfxtp_2)
                                                         u_intf.u_slave.reg_pixel[5] (net)
                      0.033385    0.000000    0.225113 ^ _1629_/A1 (sky130_fd_sc_hd__a211o_2)
     1    0.002470    0.016999    0.066150    0.291263 ^ _1629_/X (sky130_fd_sc_hd__a211o_2)
                                                         _1355_ (net)
                      0.016999    0.000000    0.291263 ^ _1630_/B1 (sky130_fd_sc_hd__o211a_2)
     1    0.001748    0.022372    0.071955    0.363218 ^ _1630_/X (sky130_fd_sc_hd__o211a_2)
                                                         _0078_ (net)
                      0.022372    0.000000    0.363218 ^ _2964_/D (sky130_fd_sc_hd__dfxtp_2)
                                              0.363218   data arrival time

                      0.150000    0.000000    0.000000   clock clk (rise edge)
                                  0.000000    0.000000   clock network delay (ideal)
                                  0.250000    0.250000   clock uncertainty
                                  0.000000    0.250000   clock reconvergence pessimism
                                              0.250000 ^ _2964_/CLK (sky130_fd_sc_hd__dfxtp_2)
                                 -0.013860    0.236140   library hold time
                                              0.236140   data required time
---------------------------------------------------------------------------------------------
                                              0.236140   data required time
                                             -0.363218   data arrival time
---------------------------------------------------------------------------------------------
                                              0.127078   slack (MET)


Startpoint: _3010_ (rising edge-triggered flip-flop clocked by clk)
Endpoint: _3010_ (rising edge-triggered flip-flop clocked by clk)
Path Group: clk
Path Type: min

Fanout         Cap        Slew       Delay        Time   Description
---------------------------------------------------------------------------------------------
                      0.150000    0.000000    0.000000   clock clk (rise edge)
                                  0.000000    0.000000   clock network delay (ideal)
                      0.150000    0.000000    0.000000 ^ _3010_/CLK (sky130_fd_sc_hd__dfxtp_2)
     3    0.006113    0.033316    0.225059    0.225059 ^ _3010_/Q (sky130_fd_sc_hd__dfxtp_2)
                                                         u_intf.u_slave.reg_pixel[7] (net)
                      0.033316    0.000000    0.225059 ^ _1763_/A1 (sky130_fd_sc_hd__mux2_1)
     1    0.001632    0.022779    0.067426    0.292485 ^ _1763_/X (sky130_fd_sc_hd__mux2_1)
                                                         _0316_ (net)
                      0.022779    0.000000    0.292485 ^ _1764_/B (sky130_fd_sc_hd__and2_2)
     1    0.001748    0.021780    0.072675    0.365160 ^ _1764_/X (sky130_fd_sc_hd__and2_2)
                                                         _0124_ (net)
                      0.021780    0.000000    0.365160 ^ _3010_/D (sky130_fd_sc_hd__dfxtp_2)
                                              0.365160   data arrival time

                      0.150000    0.000000    0.000000   clock clk (rise edge)
                                  0.000000    0.000000   clock network delay (ideal)
                                  0.250000    0.250000   clock uncertainty
                                  0.000000    0.250000   clock reconvergence pessimism
                                              0.250000 ^ _3010_/CLK (sky130_fd_sc_hd__dfxtp_2)
                                 -0.013819    0.236181   library hold time
                                              0.236181   data required time
---------------------------------------------------------------------------------------------
                                              0.236181   data required time
                                             -0.365160   data arrival time
---------------------------------------------------------------------------------------------
                                              0.128979   slack (MET)


Startpoint: _3041_ (rising edge-triggered flip-flop clocked by clk)
Endpoint: _3041_ (rising edge-triggered flip-flop clocked by clk)
Path Group: clk
Path Type: min

Fanout         Cap        Slew       Delay        Time   Description
---------------------------------------------------------------------------------------------
                      0.150000    0.000000    0.000000   clock clk (rise edge)
                                  0.000000    0.000000   clock network delay (ideal)
                      0.150000    0.000000    0.000000 ^ _3041_/CLK (sky130_fd_sc_hd__dfxtp_2)
     3    0.006113    0.033316    0.225059    0.225059 ^ _3041_/Q (sky130_fd_sc_hd__dfxtp_2)
                                                         u_intf.u_slave.reg_weight[6] (net)
                      0.033316    0.000000    0.225059 ^ _1826_/A1 (sky130_fd_sc_hd__mux2_1)
     1    0.001632    0.022779    0.067426    0.292485 ^ _1826_/X (sky130_fd_sc_hd__mux2_1)
                                                         _0348_ (net)
                      0.022779    0.000000    0.292485 ^ _1827_/B (sky130_fd_sc_hd__and2_2)
     1    0.001748    0.021780    0.072675    0.365160 ^ _1827_/X (sky130_fd_sc_hd__and2_2)
                                                         _0155_ (net)
                      0.021780    0.000000    0.365160 ^ _3041_/D (sky130_fd_sc_hd__dfxtp_2)
                                              0.365160   data arrival time

                      0.150000    0.000000    0.000000   clock clk (rise edge)
                                  0.000000    0.000000   clock network delay (ideal)
                                  0.250000    0.250000   clock uncertainty
                                  0.000000    0.250000   clock reconvergence pessimism
                                              0.250000 ^ _3041_/CLK (sky130_fd_sc_hd__dfxtp_2)
                                 -0.013819    0.236181   library hold time
                                              0.236181   data required time
---------------------------------------------------------------------------------------------
                                              0.236181   data required time
                                             -0.365160   data arrival time
---------------------------------------------------------------------------------------------
                                              0.128979   slack (MET)


Startpoint: _3008_ (rising edge-triggered flip-flop clocked by clk)
Endpoint: _3008_ (rising edge-triggered flip-flop clocked by clk)
Path Group: clk
Path Type: min

Fanout         Cap        Slew       Delay        Time   Description
---------------------------------------------------------------------------------------------
                      0.150000    0.000000    0.000000   clock clk (rise edge)
                                  0.000000    0.000000   clock network delay (ideal)
                      0.150000    0.000000    0.000000 ^ _3008_/CLK (sky130_fd_sc_hd__dfxtp_2)
     3    0.006133    0.033385    0.225113    0.225113 ^ _3008_/Q (sky130_fd_sc_hd__dfxtp_2)
                                                         u_intf.u_slave.reg_pixel[5] (net)
                      0.033385    0.000000    0.225113 ^ _1759_/A1 (sky130_fd_sc_hd__mux2_1)
     1    0.001632    0.022779    0.067445    0.292558 ^ _1759_/X (sky130_fd_sc_hd__mux2_1)
                                                         _1441_ (net)
                      0.022779    0.000000    0.292558 ^ _1760_/B (sky130_fd_sc_hd__and2_2)
     1    0.001748    0.021780    0.072675    0.365232 ^ _1760_/X (sky130_fd_sc_hd__and2_2)
                                                         _0122_ (net)
                      0.021780    0.000000    0.365232 ^ _3008_/D (sky130_fd_sc_hd__dfxtp_2)
                                              0.365232   data arrival time

                      0.150000    0.000000    0.000000   clock clk (rise edge)
                                  0.000000    0.000000   clock network delay (ideal)
                                  0.250000    0.250000   clock uncertainty
                                  0.000000    0.250000   clock reconvergence pessimism
                                              0.250000 ^ _3008_/CLK (sky130_fd_sc_hd__dfxtp_2)
                                 -0.013819    0.236181   library hold time
                                              0.236181   data required time
---------------------------------------------------------------------------------------------
                                              0.236181   data required time
                                             -0.365232   data arrival time
---------------------------------------------------------------------------------------------
                                              0.129051   slack (MET)


Startpoint: _3004_ (rising edge-triggered flip-flop clocked by clk)
Endpoint: _3004_ (rising edge-triggered flip-flop clocked by clk)
Path Group: clk
Path Type: min

Fanout         Cap        Slew       Delay        Time   Description
---------------------------------------------------------------------------------------------
                      0.150000    0.000000    0.000000   clock clk (rise edge)
                                  0.000000    0.000000   clock network delay (ideal)
                      0.150000    0.000000    0.000000 ^ _3004_/CLK (sky130_fd_sc_hd__dfxtp_2)
     3    0.006164    0.033492    0.225196    0.225196 ^ _3004_/Q (sky130_fd_sc_hd__dfxtp_2)
                                                         u_intf.u_slave.reg_pixel[1] (net)
                      0.033492    0.000000    0.225196 ^ _1751_/A1 (sky130_fd_sc_hd__mux2_1)
     1    0.001632    0.022779    0.067475    0.292671 ^ _1751_/X (sky130_fd_sc_hd__mux2_1)
                                                         _1437_ (net)
                      0.022779    0.000000    0.292671 ^ _1752_/B (sky130_fd_sc_hd__and2_2)
     1    0.001748    0.021780    0.072675    0.365345 ^ _1752_/X (sky130_fd_sc_hd__and2_2)
                                                         _0118_ (net)
                      0.021780    0.000000    0.365345 ^ _3004_/D (sky130_fd_sc_hd__dfxtp_2)
                                              0.365345   data arrival time

                      0.150000    0.000000    0.000000   clock clk (rise edge)
                                  0.000000    0.000000   clock network delay (ideal)
                                  0.250000    0.250000   clock uncertainty
                                  0.000000    0.250000   clock reconvergence pessimism
                                              0.250000 ^ _3004_/CLK (sky130_fd_sc_hd__dfxtp_2)
                                 -0.013819    0.236181   library hold time
                                              0.236181   data required time
---------------------------------------------------------------------------------------------
                                              0.236181   data required time
                                             -0.365345   data arrival time
---------------------------------------------------------------------------------------------
                                              0.129164   slack (MET)


Startpoint: _3005_ (rising edge-triggered flip-flop clocked by clk)
Endpoint: _3005_ (rising edge-triggered flip-flop clocked by clk)
Path Group: clk
Path Type: min

Fanout         Cap        Slew       Delay        Time   Description
---------------------------------------------------------------------------------------------
                      0.150000    0.000000    0.000000   clock clk (rise edge)
                                  0.000000    0.000000   clock network delay (ideal)
                      0.150000    0.000000    0.000000 ^ _3005_/CLK (sky130_fd_sc_hd__dfxtp_2)
     3    0.006164    0.033492    0.225196    0.225196 ^ _3005_/Q (sky130_fd_sc_hd__dfxtp_2)
                                                         u_intf.u_slave.reg_pixel[2] (net)
                      0.033492    0.000000    0.225196 ^ _1753_/A1 (sky130_fd_sc_hd__mux2_1)
     1    0.001632    0.022779    0.067475    0.292671 ^ _1753_/X (sky130_fd_sc_hd__mux2_1)
                                                         _1438_ (net)
                      0.022779    0.000000    0.292671 ^ _1754_/B (sky130_fd_sc_hd__and2_2)
     1    0.001748    0.021780    0.072675    0.365345 ^ _1754_/X (sky130_fd_sc_hd__and2_2)
                                                         _0119_ (net)
                      0.021780    0.000000    0.365345 ^ _3005_/D (sky130_fd_sc_hd__dfxtp_2)
                                              0.365345   data arrival time

                      0.150000    0.000000    0.000000   clock clk (rise edge)
                                  0.000000    0.000000   clock network delay (ideal)
                                  0.250000    0.250000   clock uncertainty
                                  0.000000    0.250000   clock reconvergence pessimism
                                              0.250000 ^ _3005_/CLK (sky130_fd_sc_hd__dfxtp_2)
                                 -0.013819    0.236181   library hold time
                                              0.236181   data required time
---------------------------------------------------------------------------------------------
                                              0.236181   data required time
                                             -0.365345   data arrival time
---------------------------------------------------------------------------------------------
                                              0.129164   slack (MET)


Startpoint: _3006_ (rising edge-triggered flip-flop clocked by clk)
Endpoint: _3006_ (rising edge-triggered flip-flop clocked by clk)
Path Group: clk
Path Type: min

Fanout         Cap        Slew       Delay        Time   Description
---------------------------------------------------------------------------------------------
                      0.150000    0.000000    0.000000   clock clk (rise edge)
                                  0.000000    0.000000   clock network delay (ideal)
                      0.150000    0.000000    0.000000 ^ _3006_/CLK (sky130_fd_sc_hd__dfxtp_2)
     3    0.006164    0.033492    0.225196    0.225196 ^ _3006_/Q (sky130_fd_sc_hd__dfxtp_2)
                                                         u_intf.u_slave.reg_pixel[3] (net)
                      0.033492    0.000000    0.225196 ^ _1755_/A1 (sky130_fd_sc_hd__mux2_1)
     1    0.001632    0.022779    0.067475    0.292671 ^ _1755_/X (sky130_fd_sc_hd__mux2_1)
                                                         _1439_ (net)
                      0.022779    0.000000    0.292671 ^ _1756_/B (sky130_fd_sc_hd__and2_2)
     1    0.001748    0.021780    0.072675    0.365345 ^ _1756_/X (sky130_fd_sc_hd__and2_2)
                                                         _0120_ (net)
                      0.021780    0.000000    0.365345 ^ _3006_/D (sky130_fd_sc_hd__dfxtp_2)
                                              0.365345   data arrival time

                      0.150000    0.000000    0.000000   clock clk (rise edge)
                                  0.000000    0.000000   clock network delay (ideal)
                                  0.250000    0.250000   clock uncertainty
                                  0.000000    0.250000   clock reconvergence pessimism
                                              0.250000 ^ _3006_/CLK (sky130_fd_sc_hd__dfxtp_2)
                                 -0.013819    0.236181   library hold time
                                              0.236181   data required time
---------------------------------------------------------------------------------------------
                                              0.236181   data required time
                                             -0.365345   data arrival time
---------------------------------------------------------------------------------------------
                                              0.129164   slack (MET)


Startpoint: _3009_ (rising edge-triggered flip-flop clocked by clk)
Endpoint: _3009_ (rising edge-triggered flip-flop clocked by clk)
Path Group: clk
Path Type: min

Fanout         Cap        Slew       Delay        Time   Description
---------------------------------------------------------------------------------------------
                      0.150000    0.000000    0.000000   clock clk (rise edge)
                                  0.000000    0.000000   clock network delay (ideal)
                      0.150000    0.000000    0.000000 ^ _3009_/CLK (sky130_fd_sc_hd__dfxtp_2)
     3    0.006164    0.033492    0.225196    0.225196 ^ _3009_/Q (sky130_fd_sc_hd__dfxtp_2)
                                                         u_intf.u_slave.reg_pixel[6] (net)
                      0.033492    0.000000    0.225196 ^ _1761_/A1 (sky130_fd_sc_hd__mux2_1)
     1    0.001632    0.022779    0.067475    0.292671 ^ _1761_/X (sky130_fd_sc_hd__mux2_1)
                                                         _1442_ (net)
                      0.022779    0.000000    0.292671 ^ _1762_/B (sky130_fd_sc_hd__and2_2)
     1    0.001748    0.021780    0.072675    0.365345 ^ _1762_/X (sky130_fd_sc_hd__and2_2)
                                                         _0123_ (net)
                      0.021780    0.000000    0.365345 ^ _3009_/D (sky130_fd_sc_hd__dfxtp_2)
                                              0.365345   data arrival time

                      0.150000    0.000000    0.000000   clock clk (rise edge)
                                  0.000000    0.000000   clock network delay (ideal)
                                  0.250000    0.250000   clock uncertainty
                                  0.000000    0.250000   clock reconvergence pessimism
                                              0.250000 ^ _3009_/CLK (sky130_fd_sc_hd__dfxtp_2)
                                 -0.013819    0.236181   library hold time
                                              0.236181   data required time
---------------------------------------------------------------------------------------------
                                              0.236181   data required time
                                             -0.365345   data arrival time
---------------------------------------------------------------------------------------------
                                              0.129164   slack (MET)


Startpoint: _3039_ (rising edge-triggered flip-flop clocked by clk)
Endpoint: _3039_ (rising edge-triggered flip-flop clocked by clk)
Path Group: clk
Path Type: min

Fanout         Cap        Slew       Delay        Time   Description
---------------------------------------------------------------------------------------------
                      0.150000    0.000000    0.000000   clock clk (rise edge)
                                  0.000000    0.000000   clock network delay (ideal)
                      0.150000    0.000000    0.000000 ^ _3039_/CLK (sky130_fd_sc_hd__dfxtp_2)
     3    0.006164    0.033492    0.225196    0.225196 ^ _3039_/Q (sky130_fd_sc_hd__dfxtp_2)
                                                         u_intf.u_slave.reg_weight[4] (net)
                      0.033492    0.000000    0.225196 ^ _1822_/A1 (sky130_fd_sc_hd__mux2_1)
     1    0.001632    0.022779    0.067475    0.292671 ^ _1822_/X (sky130_fd_sc_hd__mux2_1)
                                                         _0346_ (net)
                      0.022779    0.000000    0.292671 ^ _1823_/B (sky130_fd_sc_hd__and2_2)
     1    0.001748    0.021780    0.072675    0.365345 ^ _1823_/X (sky130_fd_sc_hd__and2_2)
                                                         _0153_ (net)
                      0.021780    0.000000    0.365345 ^ _3039_/D (sky130_fd_sc_hd__dfxtp_2)
                                              0.365345   data arrival time

                      0.150000    0.000000    0.000000   clock clk (rise edge)
                                  0.000000    0.000000   clock network delay (ideal)
                                  0.250000    0.250000   clock uncertainty
                                  0.000000    0.250000   clock reconvergence pessimism
                                              0.250000 ^ _3039_/CLK (sky130_fd_sc_hd__dfxtp_2)
                                 -0.013819    0.236181   library hold time
                                              0.236181   data required time
---------------------------------------------------------------------------------------------
                                              0.236181   data required time
                                             -0.365345   data arrival time
---------------------------------------------------------------------------------------------
                                              0.129164   slack (MET)


Startpoint: _3003_ (rising edge-triggered flip-flop clocked by clk)
Endpoint: _3003_ (rising edge-triggered flip-flop clocked by clk)
Path Group: clk
Path Type: min

Fanout         Cap        Slew       Delay        Time   Description
---------------------------------------------------------------------------------------------
                      0.150000    0.000000    0.000000   clock clk (rise edge)
                                  0.000000    0.000000   clock network delay (ideal)
                      0.150000    0.000000    0.000000 ^ _3003_/CLK (sky130_fd_sc_hd__dfxtp_2)
     3    0.006200    0.033616    0.225292    0.225292 ^ _3003_/Q (sky130_fd_sc_hd__dfxtp_2)
                                                         u_intf.u_slave.reg_pixel[0] (net)
                      0.033616    0.000000    0.225292 ^ _1749_/A1 (sky130_fd_sc_hd__mux2_1)
     1    0.001632    0.022774    0.067510    0.292801 ^ _1749_/X (sky130_fd_sc_hd__mux2_1)
                                                         _1436_ (net)
                      0.022774    0.000000    0.292801 ^ _1750_/B (sky130_fd_sc_hd__and2_2)
     1    0.001748    0.021780    0.072673    0.365475 ^ _1750_/X (sky130_fd_sc_hd__and2_2)
                                                         _0117_ (net)
                      0.021780    0.000000    0.365475 ^ _3003_/D (sky130_fd_sc_hd__dfxtp_2)
                                              0.365475   data arrival time

                      0.150000    0.000000    0.000000   clock clk (rise edge)
                                  0.000000    0.000000   clock network delay (ideal)
                                  0.250000    0.250000   clock uncertainty
                                  0.000000    0.250000   clock reconvergence pessimism
                                              0.250000 ^ _3003_/CLK (sky130_fd_sc_hd__dfxtp_2)
                                 -0.013819    0.236181   library hold time
                                              0.236181   data required time
---------------------------------------------------------------------------------------------
                                              0.236181   data required time
                                             -0.365475   data arrival time
---------------------------------------------------------------------------------------------
                                              0.129294   slack (MET)


Startpoint: _3007_ (rising edge-triggered flip-flop clocked by clk)
Endpoint: _3007_ (rising edge-triggered flip-flop clocked by clk)
Path Group: clk
Path Type: min

Fanout         Cap        Slew       Delay        Time   Description
---------------------------------------------------------------------------------------------
                      0.150000    0.000000    0.000000   clock clk (rise edge)
                                  0.000000    0.000000   clock network delay (ideal)
                      0.150000    0.000000    0.000000 ^ _3007_/CLK (sky130_fd_sc_hd__dfxtp_2)
     3    0.006200    0.033616    0.225292    0.225292 ^ _3007_/Q (sky130_fd_sc_hd__dfxtp_2)
                                                         u_intf.u_slave.reg_pixel[4] (net)
                      0.033616    0.000000    0.225292 ^ _1757_/A1 (sky130_fd_sc_hd__mux2_1)
     1    0.001632    0.022779    0.067510    0.292801 ^ _1757_/X (sky130_fd_sc_hd__mux2_1)
                                                         _1440_ (net)
                      0.022779    0.000000    0.292801 ^ _1758_/B (sky130_fd_sc_hd__and2_2)
     1    0.001748    0.021780    0.072675    0.365476 ^ _1758_/X (sky130_fd_sc_hd__and2_2)
                                                         _0121_ (net)
                      0.021780    0.000000    0.365476 ^ _3007_/D (sky130_fd_sc_hd__dfxtp_2)
                                              0.365476   data arrival time

                      0.150000    0.000000    0.000000   clock clk (rise edge)
                                  0.000000    0.000000   clock network delay (ideal)
                                  0.250000    0.250000   clock uncertainty
                                  0.000000    0.250000   clock reconvergence pessimism
                                              0.250000 ^ _3007_/CLK (sky130_fd_sc_hd__dfxtp_2)
                                 -0.013819    0.236181   library hold time
                                              0.236181   data required time
---------------------------------------------------------------------------------------------
                                              0.236181   data required time
                                             -0.365476   data arrival time
---------------------------------------------------------------------------------------------
                                              0.129295   slack (MET)


Startpoint: _3036_ (rising edge-triggered flip-flop clocked by clk)
Endpoint: _3036_ (rising edge-triggered flip-flop clocked by clk)
Path Group: clk
Path Type: min

Fanout         Cap        Slew       Delay        Time   Description
---------------------------------------------------------------------------------------------
                      0.150000    0.000000    0.000000   clock clk (rise edge)
                                  0.000000    0.000000   clock network delay (ideal)
                      0.150000    0.000000    0.000000 ^ _3036_/CLK (sky130_fd_sc_hd__dfxtp_2)
     3    0.006200    0.033616    0.225292    0.225292 ^ _3036_/Q (sky130_fd_sc_hd__dfxtp_2)
                                                         u_intf.u_slave.reg_weight[1] (net)
                      0.033616    0.000000    0.225292 ^ _1816_/A1 (sky130_fd_sc_hd__mux2_1)
     1    0.001632    0.022779    0.067510    0.292801 ^ _1816_/X (sky130_fd_sc_hd__mux2_1)
                                                         _0343_ (net)
                      0.022779    0.000000    0.292801 ^ _1817_/B (sky130_fd_sc_hd__and2_2)
     1    0.001748    0.021780    0.072675    0.365476 ^ _1817_/X (sky130_fd_sc_hd__and2_2)
                                                         _0150_ (net)
                      0.021780    0.000000    0.365476 ^ _3036_/D (sky130_fd_sc_hd__dfxtp_2)
                                              0.365476   data arrival time

                      0.150000    0.000000    0.000000   clock clk (rise edge)
                                  0.000000    0.000000   clock network delay (ideal)
                                  0.250000    0.250000   clock uncertainty
                                  0.000000    0.250000   clock reconvergence pessimism
                                              0.250000 ^ _3036_/CLK (sky130_fd_sc_hd__dfxtp_2)
                                 -0.013819    0.236181   library hold time
                                              0.236181   data required time
---------------------------------------------------------------------------------------------
                                              0.236181   data required time
                                             -0.365476   data arrival time
---------------------------------------------------------------------------------------------
                                              0.129295   slack (MET)


Startpoint: _3037_ (rising edge-triggered flip-flop clocked by clk)
Endpoint: _3037_ (rising edge-triggered flip-flop clocked by clk)
Path Group: clk
Path Type: min

Fanout         Cap        Slew       Delay        Time   Description
---------------------------------------------------------------------------------------------
                      0.150000    0.000000    0.000000   clock clk (rise edge)
                                  0.000000    0.000000   clock network delay (ideal)
                      0.150000    0.000000    0.000000 ^ _3037_/CLK (sky130_fd_sc_hd__dfxtp_2)
     3    0.006200    0.033616    0.225292    0.225292 ^ _3037_/Q (sky130_fd_sc_hd__dfxtp_2)
                                                         u_intf.u_slave.reg_weight[2] (net)
                      0.033616    0.000000    0.225292 ^ _1818_/A1 (sky130_fd_sc_hd__mux2_1)
     1    0.001632    0.022779    0.067510    0.292801 ^ _1818_/X (sky130_fd_sc_hd__mux2_1)
                                                         _0344_ (net)
                      0.022779    0.000000    0.292801 ^ _1819_/B (sky130_fd_sc_hd__and2_2)
     1    0.001748    0.021780    0.072675    0.365476 ^ _1819_/X (sky130_fd_sc_hd__and2_2)
                                                         _0151_ (net)
                      0.021780    0.000000    0.365476 ^ _3037_/D (sky130_fd_sc_hd__dfxtp_2)
                                              0.365476   data arrival time

                      0.150000    0.000000    0.000000   clock clk (rise edge)
                                  0.000000    0.000000   clock network delay (ideal)
                                  0.250000    0.250000   clock uncertainty
                                  0.000000    0.250000   clock reconvergence pessimism
                                              0.250000 ^ _3037_/CLK (sky130_fd_sc_hd__dfxtp_2)
                                 -0.013819    0.236181   library hold time
                                              0.236181   data required time
---------------------------------------------------------------------------------------------
                                              0.236181   data required time
                                             -0.365476   data arrival time
---------------------------------------------------------------------------------------------
                                              0.129295   slack (MET)


Startpoint: _3038_ (rising edge-triggered flip-flop clocked by clk)
Endpoint: _3038_ (rising edge-triggered flip-flop clocked by clk)
Path Group: clk
Path Type: min

Fanout         Cap        Slew       Delay        Time   Description
---------------------------------------------------------------------------------------------
                      0.150000    0.000000    0.000000   clock clk (rise edge)
                                  0.000000    0.000000   clock network delay (ideal)
                      0.150000    0.000000    0.000000 ^ _3038_/CLK (sky130_fd_sc_hd__dfxtp_2)
     3    0.006200    0.033616    0.225292    0.225292 ^ _3038_/Q (sky130_fd_sc_hd__dfxtp_2)
                                                         u_intf.u_slave.reg_weight[3] (net)
                      0.033616    0.000000    0.225292 ^ _1820_/A1 (sky130_fd_sc_hd__mux2_1)
     1    0.001632    0.022779    0.067510    0.292801 ^ _1820_/X (sky130_fd_sc_hd__mux2_1)
                                                         _0345_ (net)
                      0.022779    0.000000    0.292801 ^ _1821_/B (sky130_fd_sc_hd__and2_2)
     1    0.001748    0.021780    0.072675    0.365476 ^ _1821_/X (sky130_fd_sc_hd__and2_2)
                                                         _0152_ (net)
                      0.021780    0.000000    0.365476 ^ _3038_/D (sky130_fd_sc_hd__dfxtp_2)
                                              0.365476   data arrival time

                      0.150000    0.000000    0.000000   clock clk (rise edge)
                                  0.000000    0.000000   clock network delay (ideal)
                                  0.250000    0.250000   clock uncertainty
                                  0.000000    0.250000   clock reconvergence pessimism
                                              0.250000 ^ _3038_/CLK (sky130_fd_sc_hd__dfxtp_2)
                                 -0.013819    0.236181   library hold time
                                              0.236181   data required time
---------------------------------------------------------------------------------------------
                                              0.236181   data required time
                                             -0.365476   data arrival time
---------------------------------------------------------------------------------------------
                                              0.129295   slack (MET)


Startpoint: _3042_ (rising edge-triggered flip-flop clocked by clk)
Endpoint: _3042_ (rising edge-triggered flip-flop clocked by clk)
Path Group: clk
Path Type: min

Fanout         Cap        Slew       Delay        Time   Description
---------------------------------------------------------------------------------------------
                      0.150000    0.000000    0.000000   clock clk (rise edge)
                                  0.000000    0.000000   clock network delay (ideal)
                      0.150000    0.000000    0.000000 ^ _3042_/CLK (sky130_fd_sc_hd__dfxtp_2)
     3    0.006200    0.033616    0.225292    0.225292 ^ _3042_/Q (sky130_fd_sc_hd__dfxtp_2)
                                                         u_intf.u_slave.reg_weight[7] (net)
                      0.033616    0.000000    0.225292 ^ _1828_/A1 (sky130_fd_sc_hd__mux2_1)
     1    0.001632    0.022779    0.067510    0.292801 ^ _1828_/X (sky130_fd_sc_hd__mux2_1)
                                                         _0349_ (net)
                      0.022779    0.000000    0.292801 ^ _1829_/B (sky130_fd_sc_hd__and2_2)
     1    0.001748    0.021780    0.072675    0.365476 ^ _1829_/X (sky130_fd_sc_hd__and2_2)
                                                         _0156_ (net)
                      0.021780    0.000000    0.365476 ^ _3042_/D (sky130_fd_sc_hd__dfxtp_2)
                                              0.365476   data arrival time

                      0.150000    0.000000    0.000000   clock clk (rise edge)
                                  0.000000    0.000000   clock network delay (ideal)
                                  0.250000    0.250000   clock uncertainty
                                  0.000000    0.250000   clock reconvergence pessimism
                                              0.250000 ^ _3042_/CLK (sky130_fd_sc_hd__dfxtp_2)
                                 -0.013819    0.236181   library hold time
                                              0.236181   data required time
---------------------------------------------------------------------------------------------
                                              0.236181   data required time
                                             -0.365476   data arrival time
---------------------------------------------------------------------------------------------
                                              0.129295   slack (MET)


Startpoint: _3049_ (rising edge-triggered flip-flop clocked by clk)
Endpoint: _2973_ (rising edge-triggered flip-flop clocked by clk)
Path Group: clk
Path Type: min

Fanout         Cap        Slew       Delay        Time   Description
---------------------------------------------------------------------------------------------
                      0.150000    0.000000    0.000000   clock clk (rise edge)
                                  0.000000    0.000000   clock network delay (ideal)
                      0.150000    0.000000    0.000000 ^ _3049_/CLK (sky130_fd_sc_hd__dfxtp_2)
     2    0.004587    0.028067    0.220949    0.220949 ^ _3049_/Q (sky130_fd_sc_hd__dfxtp_2)
                                                         u_intf.u_slave.reg_weight[14] (net)
                      0.028067    0.000000    0.220949 ^ _1662_/B2 (sky130_fd_sc_hd__a22o_2)
     1    0.002519    0.021064    0.066487    0.287436 ^ _1662_/X (sky130_fd_sc_hd__a22o_2)
                                                         _1379_ (net)
                      0.021064    0.000000    0.287436 ^ _1663_/B2 (sky130_fd_sc_hd__o221a_2)
     1    0.001748    0.021901    0.078106    0.365542 ^ _1663_/X (sky130_fd_sc_hd__o221a_2)
                                                         _0087_ (net)
                      0.021901    0.000000    0.365542 ^ _2973_/D (sky130_fd_sc_hd__dfxtp_2)
                                              0.365542   data arrival time

                      0.150000    0.000000    0.000000   clock clk (rise edge)
                                  0.000000    0.000000   clock network delay (ideal)
                                  0.250000    0.250000   clock uncertainty
                                  0.000000    0.250000   clock reconvergence pessimism
                                              0.250000 ^ _2973_/CLK (sky130_fd_sc_hd__dfxtp_2)
                                 -0.013827    0.236173   library hold time
                                              0.236173   data required time
---------------------------------------------------------------------------------------------
                                              0.236173   data required time
                                             -0.365542   data arrival time
---------------------------------------------------------------------------------------------
                                              0.129370   slack (MET)


Startpoint: _3055_ (rising edge-triggered flip-flop clocked by clk)
Endpoint: _2979_ (rising edge-triggered flip-flop clocked by clk)
Path Group: clk
Path Type: min

Fanout         Cap        Slew       Delay        Time   Description
---------------------------------------------------------------------------------------------
                      0.150000    0.000000    0.000000   clock clk (rise edge)
                                  0.000000    0.000000   clock network delay (ideal)
                      0.150000    0.000000    0.000000 ^ _3055_/CLK (sky130_fd_sc_hd__dfxtp_2)
     2    0.004587    0.028067    0.220949    0.220949 ^ _3055_/Q (sky130_fd_sc_hd__dfxtp_2)
                                                         u_intf.u_slave.reg_weight[20] (net)
                      0.028067    0.000000    0.220949 ^ _1685_/B2 (sky130_fd_sc_hd__a22o_2)
     1    0.002519    0.021064    0.066487    0.287436 ^ _1685_/X (sky130_fd_sc_hd__a22o_2)
                                                         _1396_ (net)
                      0.021064    0.000000    0.287436 ^ _1686_/B2 (sky130_fd_sc_hd__o221a_2)
     1    0.001748    0.021901    0.078106    0.365542 ^ _1686_/X (sky130_fd_sc_hd__o221a_2)
                                                         _0093_ (net)
                      0.021901    0.000000    0.365542 ^ _2979_/D (sky130_fd_sc_hd__dfxtp_2)
                                              0.365542   data arrival time

                      0.150000    0.000000    0.000000   clock clk (rise edge)
                                  0.000000    0.000000   clock network delay (ideal)
                                  0.250000    0.250000   clock uncertainty
                                  0.000000    0.250000   clock reconvergence pessimism
                                              0.250000 ^ _2979_/CLK (sky130_fd_sc_hd__dfxtp_2)
                                 -0.013827    0.236173   library hold time
                                              0.236173   data required time
---------------------------------------------------------------------------------------------
                                              0.236173   data required time
                                             -0.365542   data arrival time
---------------------------------------------------------------------------------------------
                                              0.129370   slack (MET)


Startpoint: _3012_ (rising edge-triggered flip-flop clocked by clk)
Endpoint: _2968_ (rising edge-triggered flip-flop clocked by clk)
Path Group: clk
Path Type: min

Fanout         Cap        Slew       Delay        Time   Description
---------------------------------------------------------------------------------------------
                      0.150000    0.000000    0.000000   clock clk (rise edge)
                                  0.000000    0.000000   clock network delay (ideal)
                      0.150000    0.000000    0.000000 ^ _3012_/CLK (sky130_fd_sc_hd__dfxtp_2)
     2    0.004587    0.028067    0.220949    0.220949 ^ _3012_/Q (sky130_fd_sc_hd__dfxtp_2)
                                                         u_intf.u_slave.reg_pixel[9] (net)
                      0.028067    0.000000    0.220949 ^ _1643_/B2 (sky130_fd_sc_hd__a22o_2)
     1    0.002460    0.020860    0.066292    0.287241 ^ _1643_/X (sky130_fd_sc_hd__a22o_2)
                                                         _1365_ (net)
                      0.020860    0.000000    0.287241 ^ _1645_/B1 (sky130_fd_sc_hd__o221a_2)
     1    0.001748    0.021901    0.079512    0.366753 ^ _1645_/X (sky130_fd_sc_hd__o221a_2)
                                                         _0082_ (net)
                      0.021901    0.000000    0.366753 ^ _2968_/D (sky130_fd_sc_hd__dfxtp_2)
                                              0.366753   data arrival time

                      0.150000    0.000000    0.000000   clock clk (rise edge)
                                  0.000000    0.000000   clock network delay (ideal)
                                  0.250000    0.250000   clock uncertainty
                                  0.000000    0.250000   clock reconvergence pessimism
                                              0.250000 ^ _2968_/CLK (sky130_fd_sc_hd__dfxtp_2)
                                 -0.013827    0.236173   library hold time
                                              0.236173   data required time
---------------------------------------------------------------------------------------------
                                              0.236173   data required time
                                             -0.366753   data arrival time
---------------------------------------------------------------------------------------------
                                              0.130580   slack (MET)


Startpoint: _3048_ (rising edge-triggered flip-flop clocked by clk)
Endpoint: _2972_ (rising edge-triggered flip-flop clocked by clk)
Path Group: clk
Path Type: min

Fanout         Cap        Slew       Delay        Time   Description
---------------------------------------------------------------------------------------------
                      0.150000    0.000000    0.000000   clock clk (rise edge)
                                  0.000000    0.000000   clock network delay (ideal)
                      0.150000    0.000000    0.000000 ^ _3048_/CLK (sky130_fd_sc_hd__dfxtp_2)
     2    0.004587    0.028067    0.220949    0.220949 ^ _3048_/Q (sky130_fd_sc_hd__dfxtp_2)
                                                         u_intf.u_slave.reg_weight[13] (net)
                      0.028067    0.000000    0.220949 ^ _1658_/B2 (sky130_fd_sc_hd__a22o_2)
     1    0.002460    0.020860    0.066292    0.287241 ^ _1658_/X (sky130_fd_sc_hd__a22o_2)
                                                         _1376_ (net)
                      0.020860    0.000000    0.287241 ^ _1660_/B1 (sky130_fd_sc_hd__o221a_2)
     1    0.001748    0.021901    0.079512    0.366753 ^ _1660_/X (sky130_fd_sc_hd__o221a_2)
                                                         _0086_ (net)
                      0.021901    0.000000    0.366753 ^ _2972_/D (sky130_fd_sc_hd__dfxtp_2)
                                              0.366753   data arrival time

                      0.150000    0.000000    0.000000   clock clk (rise edge)
                                  0.000000    0.000000   clock network delay (ideal)
                                  0.250000    0.250000   clock uncertainty
                                  0.000000    0.250000   clock reconvergence pessimism
                                              0.250000 ^ _2972_/CLK (sky130_fd_sc_hd__dfxtp_2)
                                 -0.013827    0.236173   library hold time
                                              0.236173   data required time
---------------------------------------------------------------------------------------------
                                              0.236173   data required time
                                             -0.366753   data arrival time
---------------------------------------------------------------------------------------------
                                              0.130580   slack (MET)


Startpoint: _3028_ (rising edge-triggered flip-flop clocked by clk)
Endpoint: _2984_ (rising edge-triggered flip-flop clocked by clk)
Path Group: clk
Path Type: min

Fanout         Cap        Slew       Delay        Time   Description
---------------------------------------------------------------------------------------------
                      0.150000    0.000000    0.000000   clock clk (rise edge)
                                  0.000000    0.000000   clock network delay (ideal)
                      0.150000    0.000000    0.000000 ^ _3028_/CLK (sky130_fd_sc_hd__dfxtp_2)
     2    0.004587    0.028067    0.220949    0.220949 ^ _3028_/Q (sky130_fd_sc_hd__dfxtp_2)
                                                         u_intf.u_slave.reg_pixel[25] (net)
                      0.028067    0.000000    0.220949 ^ _1703_/B2 (sky130_fd_sc_hd__a22o_2)
     1    0.002460    0.020860    0.066292    0.287241 ^ _1703_/X (sky130_fd_sc_hd__a22o_2)
                                                         _1409_ (net)
                      0.020860    0.000000    0.287241 ^ _1705_/B1 (sky130_fd_sc_hd__o221a_2)
     1    0.001748    0.021901    0.079512    0.366753 ^ _1705_/X (sky130_fd_sc_hd__o221a_2)
                                                         _0098_ (net)
                      0.021901    0.000000    0.366753 ^ _2984_/D (sky130_fd_sc_hd__dfxtp_2)
                                              0.366753   data arrival time

                      0.150000    0.000000    0.000000   clock clk (rise edge)
                                  0.000000    0.000000   clock network delay (ideal)
                                  0.250000    0.250000   clock uncertainty
                                  0.000000    0.250000   clock reconvergence pessimism
                                              0.250000 ^ _2984_/CLK (sky130_fd_sc_hd__dfxtp_2)
                                 -0.013827    0.236173   library hold time
                                              0.236173   data required time
---------------------------------------------------------------------------------------------
                                              0.236173   data required time
                                             -0.366753   data arrival time
---------------------------------------------------------------------------------------------
                                              0.130580   slack (MET)


Startpoint: _3063_ (rising edge-triggered flip-flop clocked by clk)
Endpoint: _2987_ (rising edge-triggered flip-flop clocked by clk)
Path Group: clk
Path Type: min

Fanout         Cap        Slew       Delay        Time   Description
---------------------------------------------------------------------------------------------
                      0.150000    0.000000    0.000000   clock clk (rise edge)
                                  0.000000    0.000000   clock network delay (ideal)
                      0.150000    0.000000    0.000000 ^ _3063_/CLK (sky130_fd_sc_hd__dfxtp_2)
     2    0.004587    0.028067    0.220949    0.220949 ^ _3063_/Q (sky130_fd_sc_hd__dfxtp_2)
                                                         u_intf.u_slave.reg_weight[28] (net)
                      0.028067    0.000000    0.220949 ^ _1714_/B2 (sky130_fd_sc_hd__a22o_2)
     1    0.002460    0.020860    0.066292    0.287241 ^ _1714_/X (sky130_fd_sc_hd__a22o_2)
                                                         _1417_ (net)
                      0.020860    0.000000    0.287241 ^ _1716_/B1 (sky130_fd_sc_hd__o221a_2)
     1    0.001748    0.021901    0.079512    0.366753 ^ _1716_/X (sky130_fd_sc_hd__o221a_2)
                                                         _0101_ (net)
                      0.021901    0.000000    0.366753 ^ _2987_/D (sky130_fd_sc_hd__dfxtp_2)
                                              0.366753   data arrival time

                      0.150000    0.000000    0.000000   clock clk (rise edge)
                                  0.000000    0.000000   clock network delay (ideal)
                                  0.250000    0.250000   clock uncertainty
                                  0.000000    0.250000   clock reconvergence pessimism
                                              0.250000 ^ _2987_/CLK (sky130_fd_sc_hd__dfxtp_2)
                                 -0.013827    0.236173   library hold time
                                              0.236173   data required time
---------------------------------------------------------------------------------------------
                                              0.236173   data required time
                                             -0.366753   data arrival time
---------------------------------------------------------------------------------------------
                                              0.130580   slack (MET)


Startpoint: _2886_ (rising edge-triggered flip-flop clocked by clk)
Endpoint: _2886_ (rising edge-triggered flip-flop clocked by clk)
Path Group: clk
Path Type: min

Fanout         Cap        Slew       Delay        Time   Description
---------------------------------------------------------------------------------------------
                      0.150000    0.000000    0.000000   clock clk (rise edge)
                                  0.000000    0.000000   clock network delay (ideal)
                      0.150000    0.000000    0.000000 ^ _2886_/CLK (sky130_fd_sc_hd__dfxtp_2)
     5    0.009909    0.046411    0.235208    0.235208 ^ _2886_/Q (sky130_fd_sc_hd__dfxtp_2)
                                                         u_intf.u_slave.wr_state[0] (net)
                      0.046411    0.000000    0.235208 ^ _1454_/B1_N (sky130_fd_sc_hd__a21bo_2)
     1    0.004320    0.023037    0.106268    0.341476 v _1454_/X (sky130_fd_sc_hd__a21bo_2)
                                                         _1257_ (net)
                      0.023037    0.000000    0.341476 v _1457_/A (sky130_fd_sc_hd__nand2_2)
     1    0.001748    0.016580    0.026042    0.367518 ^ _1457_/Y (sky130_fd_sc_hd__nand2_2)
                                                         _0005_ (net)
                      0.016580    0.000000    0.367518 ^ _2886_/D (sky130_fd_sc_hd__dfxtp_2)
                                              0.367518   data arrival time

                      0.150000    0.000000    0.000000   clock clk (rise edge)
                                  0.000000    0.000000   clock network delay (ideal)
                                  0.250000    0.250000   clock uncertainty
                                  0.000000    0.250000   clock reconvergence pessimism
                                              0.250000 ^ _2886_/CLK (sky130_fd_sc_hd__dfxtp_2)
                                 -0.013457    0.236543   library hold time
                                              0.236543   data required time
---------------------------------------------------------------------------------------------
                                              0.236543   data required time
                                             -0.367518   data arrival time
---------------------------------------------------------------------------------------------
                                              0.130975   slack (MET)


Startpoint: _3068_ (rising edge-triggered flip-flop clocked by clk)
Endpoint: _2960_ (rising edge-triggered flip-flop clocked by clk)
Path Group: clk
Path Type: min

Fanout         Cap        Slew       Delay        Time   Description
---------------------------------------------------------------------------------------------
                      0.150000    0.000000    0.000000   clock clk (rise edge)
                                  0.000000    0.000000   clock network delay (ideal)
                      0.150000    0.000000    0.000000 ^ _3068_/CLK (sky130_fd_sc_hd__dfxtp_2)
     2    0.004162    0.026713    0.219591    0.219591 ^ _3068_/Q (sky130_fd_sc_hd__dfxtp_2)
                                                         u_intf.u_slave.reg_ctrl[1] (net)
                      0.026713    0.000000    0.219591 ^ _1615_/A1 (sky130_fd_sc_hd__a221o_2)
     1    0.002519    0.018782    0.072385    0.291976 ^ _1615_/X (sky130_fd_sc_hd__a221o_2)
                                                         _1345_ (net)
                      0.018782    0.000000    0.291976 ^ _1616_/B2 (sky130_fd_sc_hd__o221a_2)
     1    0.001748    0.022811    0.077511    0.369486 ^ _1616_/X (sky130_fd_sc_hd__o221a_2)
                                                         _0074_ (net)
                      0.022811    0.000000    0.369486 ^ _2960_/D (sky130_fd_sc_hd__dfxtp_2)
                                              0.369486   data arrival time

                      0.150000    0.000000    0.000000   clock clk (rise edge)
                                  0.000000    0.000000   clock network delay (ideal)
                                  0.250000    0.250000   clock uncertainty
                                  0.000000    0.250000   clock reconvergence pessimism
                                              0.250000 ^ _2960_/CLK (sky130_fd_sc_hd__dfxtp_2)
                                 -0.013891    0.236109   library hold time
                                              0.236109   data required time
---------------------------------------------------------------------------------------------
                                              0.236109   data required time
                                             -0.369486   data arrival time
---------------------------------------------------------------------------------------------
                                              0.133377   slack (MET)


Startpoint: _3069_ (rising edge-triggered flip-flop clocked by clk)
Endpoint: _2961_ (rising edge-triggered flip-flop clocked by clk)
Path Group: clk
Path Type: min

Fanout         Cap        Slew       Delay        Time   Description
---------------------------------------------------------------------------------------------
                      0.150000    0.000000    0.000000   clock clk (rise edge)
                                  0.000000    0.000000   clock network delay (ideal)
                      0.150000    0.000000    0.000000 ^ _3069_/CLK (sky130_fd_sc_hd__dfxtp_2)
     2    0.004162    0.026713    0.219591    0.219591 ^ _3069_/Q (sky130_fd_sc_hd__dfxtp_2)
                                                         u_intf.u_slave.reg_ctrl[2] (net)
                      0.026713    0.000000    0.219591 ^ _1618_/A1 (sky130_fd_sc_hd__a221o_2)
     1    0.002519    0.018782    0.072385    0.291976 ^ _1618_/X (sky130_fd_sc_hd__a221o_2)
                                                         _1347_ (net)
                      0.018782    0.000000    0.291976 ^ _1619_/B2 (sky130_fd_sc_hd__o221a_2)
     1    0.001748    0.022811    0.077511    0.369486 ^ _1619_/X (sky130_fd_sc_hd__o221a_2)
                                                         _0075_ (net)
                      0.022811    0.000000    0.369486 ^ _2961_/D (sky130_fd_sc_hd__dfxtp_2)
                                              0.369486   data arrival time

                      0.150000    0.000000    0.000000   clock clk (rise edge)
                                  0.000000    0.000000   clock network delay (ideal)
                                  0.250000    0.250000   clock uncertainty
                                  0.000000    0.250000   clock reconvergence pessimism
                                              0.250000 ^ _2961_/CLK (sky130_fd_sc_hd__dfxtp_2)
                                 -0.013891    0.236109   library hold time
                                              0.236109   data required time
---------------------------------------------------------------------------------------------
                                              0.236109   data required time
                                             -0.369486   data arrival time
---------------------------------------------------------------------------------------------
                                              0.133377   slack (MET)


Startpoint: _3070_ (rising edge-triggered flip-flop clocked by clk)
Endpoint: _2962_ (rising edge-triggered flip-flop clocked by clk)
Path Group: clk
Path Type: min

Fanout         Cap        Slew       Delay        Time   Description
---------------------------------------------------------------------------------------------
                      0.150000    0.000000    0.000000   clock clk (rise edge)
                                  0.000000    0.000000   clock network delay (ideal)
                      0.150000    0.000000    0.000000 ^ _3070_/CLK (sky130_fd_sc_hd__dfxtp_2)
     2    0.004162    0.026713    0.219591    0.219591 ^ _3070_/Q (sky130_fd_sc_hd__dfxtp_2)
                                                         u_intf.u_slave.reg_ctrl[3] (net)
                      0.026713    0.000000    0.219591 ^ _1621_/A1 (sky130_fd_sc_hd__a221o_2)
     1    0.002519    0.018782    0.072385    0.291976 ^ _1621_/X (sky130_fd_sc_hd__a221o_2)
                                                         _1349_ (net)
                      0.018782    0.000000    0.291976 ^ _1622_/B2 (sky130_fd_sc_hd__o221a_2)
     1    0.001748    0.022811    0.077511    0.369486 ^ _1622_/X (sky130_fd_sc_hd__o221a_2)
                                                         _0076_ (net)
                      0.022811    0.000000    0.369486 ^ _2962_/D (sky130_fd_sc_hd__dfxtp_2)
                                              0.369486   data arrival time

                      0.150000    0.000000    0.000000   clock clk (rise edge)
                                  0.000000    0.000000   clock network delay (ideal)
                                  0.250000    0.250000   clock uncertainty
                                  0.000000    0.250000   clock reconvergence pessimism
                                              0.250000 ^ _2962_/CLK (sky130_fd_sc_hd__dfxtp_2)
                                 -0.013891    0.236109   library hold time
                                              0.236109   data required time
---------------------------------------------------------------------------------------------
                                              0.236109   data required time
                                             -0.369486   data arrival time
---------------------------------------------------------------------------------------------
                                              0.133377   slack (MET)


Startpoint: _2892_ (rising edge-triggered flip-flop clocked by clk)
Endpoint: _2892_ (rising edge-triggered flip-flop clocked by clk)
Path Group: clk
Path Type: min

Fanout         Cap        Slew       Delay        Time   Description
---------------------------------------------------------------------------------------------
                      0.150000    0.000000    0.000000   clock clk (rise edge)
                                  0.000000    0.000000   clock network delay (ideal)
                      0.150000    0.000000    0.000000 ^ _2892_/CLK (sky130_fd_sc_hd__dfxtp_2)
     4    0.012392    0.032229    0.236379    0.236379 v _2892_/Q (sky130_fd_sc_hd__dfxtp_2)
                                                         w_load_cnt[1] (net)
                      0.032229    0.000000    0.236379 v _1466_/A (sky130_fd_sc_hd__nand2_2)
     2    0.006682    0.035583    0.043358    0.279737 ^ _1466_/Y (sky130_fd_sc_hd__nand2_2)
                                                         _1266_ (net)
                      0.035583    0.000000    0.279737 ^ _1482_/B (sky130_fd_sc_hd__and3_2)
     1    0.001748    0.024138    0.090602    0.370339 ^ _1482_/X (sky130_fd_sc_hd__and3_2)
                                                         _0009_ (net)
                      0.024138    0.000000    0.370339 ^ _2892_/D (sky130_fd_sc_hd__dfxtp_2)
                                              0.370339   data arrival time

                      0.150000    0.000000    0.000000   clock clk (rise edge)
                                  0.000000    0.000000   clock network delay (ideal)
                                  0.250000    0.250000   clock uncertainty
                                  0.000000    0.250000   clock reconvergence pessimism
                                              0.250000 ^ _2892_/CLK (sky130_fd_sc_hd__dfxtp_2)
                                 -0.013983    0.236017   library hold time
                                              0.236017   data required time
---------------------------------------------------------------------------------------------
                                              0.236017   data required time
                                             -0.370339   data arrival time
---------------------------------------------------------------------------------------------
                                              0.134322   slack (MET)


Startpoint: _3043_ (rising edge-triggered flip-flop clocked by clk)
Endpoint: _2967_ (rising edge-triggered flip-flop clocked by clk)
Path Group: clk
Path Type: min

Fanout         Cap        Slew       Delay        Time   Description
---------------------------------------------------------------------------------------------
                      0.150000    0.000000    0.000000   clock clk (rise edge)
                                  0.000000    0.000000   clock network delay (ideal)
                      0.150000    0.000000    0.000000 ^ _3043_/CLK (sky130_fd_sc_hd__dfxtp_2)
     2    0.004587    0.028067    0.220949    0.220949 ^ _3043_/Q (sky130_fd_sc_hd__dfxtp_2)
                                                         u_intf.u_slave.reg_weight[8] (net)
                      0.028067    0.000000    0.220949 ^ _1640_/B2 (sky130_fd_sc_hd__a22o_2)
     1    0.002501    0.021002    0.066428    0.287376 ^ _1640_/X (sky130_fd_sc_hd__a22o_2)
                                                         _1363_ (net)
                      0.021002    0.000000    0.287376 ^ _1642_/A2 (sky130_fd_sc_hd__o211a_2)
     1    0.001748    0.022367    0.084664    0.372040 ^ _1642_/X (sky130_fd_sc_hd__o211a_2)
                                                         _0081_ (net)
                      0.022367    0.000000    0.372040 ^ _2967_/D (sky130_fd_sc_hd__dfxtp_2)
                                              0.372040   data arrival time

                      0.150000    0.000000    0.000000   clock clk (rise edge)
                                  0.000000    0.000000   clock network delay (ideal)
                                  0.250000    0.250000   clock uncertainty
                                  0.000000    0.250000   clock reconvergence pessimism
                                              0.250000 ^ _2967_/CLK (sky130_fd_sc_hd__dfxtp_2)
                                 -0.013860    0.236140   library hold time
                                              0.236140   data required time
---------------------------------------------------------------------------------------------
                                              0.236140   data required time
                                             -0.372040   data arrival time
---------------------------------------------------------------------------------------------
                                              0.135900   slack (MET)


Startpoint: _3052_ (rising edge-triggered flip-flop clocked by clk)
Endpoint: _2976_ (rising edge-triggered flip-flop clocked by clk)
Path Group: clk
Path Type: min

Fanout         Cap        Slew       Delay        Time   Description
---------------------------------------------------------------------------------------------
                      0.150000    0.000000    0.000000   clock clk (rise edge)
                                  0.000000    0.000000   clock network delay (ideal)
                      0.150000    0.000000    0.000000 ^ _3052_/CLK (sky130_fd_sc_hd__dfxtp_2)
     2    0.004587    0.028067    0.220949    0.220949 ^ _3052_/Q (sky130_fd_sc_hd__dfxtp_2)
                                                         u_intf.u_slave.reg_weight[17] (net)
                      0.028067    0.000000    0.220949 ^ _1673_/B2 (sky130_fd_sc_hd__a22o_2)
     1    0.002501    0.021002    0.066428    0.287376 ^ _1673_/X (sky130_fd_sc_hd__a22o_2)
                                                         _1387_ (net)
                      0.021002    0.000000    0.287376 ^ _1675_/A2 (sky130_fd_sc_hd__o211a_2)
     1    0.001748    0.022367    0.084664    0.372040 ^ _1675_/X (sky130_fd_sc_hd__o211a_2)
                                                         _0090_ (net)
                      0.022367    0.000000    0.372040 ^ _2976_/D (sky130_fd_sc_hd__dfxtp_2)
                                              0.372040   data arrival time

                      0.150000    0.000000    0.000000   clock clk (rise edge)
                                  0.000000    0.000000   clock network delay (ideal)
                                  0.250000    0.250000   clock uncertainty
                                  0.000000    0.250000   clock reconvergence pessimism
                                              0.250000 ^ _2976_/CLK (sky130_fd_sc_hd__dfxtp_2)
                                 -0.013860    0.236140   library hold time
                                              0.236140   data required time
---------------------------------------------------------------------------------------------
                                              0.236140   data required time
                                             -0.372040   data arrival time
---------------------------------------------------------------------------------------------
                                              0.135900   slack (MET)


Startpoint: _3057_ (rising edge-triggered flip-flop clocked by clk)
Endpoint: _2981_ (rising edge-triggered flip-flop clocked by clk)
Path Group: clk
Path Type: min

Fanout         Cap        Slew       Delay        Time   Description
---------------------------------------------------------------------------------------------
                      0.150000    0.000000    0.000000   clock clk (rise edge)
                                  0.000000    0.000000   clock network delay (ideal)
                      0.150000    0.000000    0.000000 ^ _3057_/CLK (sky130_fd_sc_hd__dfxtp_2)
     2    0.004587    0.028067    0.220949    0.220949 ^ _3057_/Q (sky130_fd_sc_hd__dfxtp_2)
                                                         u_intf.u_slave.reg_weight[22] (net)
                      0.028067    0.000000    0.220949 ^ _1692_/B2 (sky130_fd_sc_hd__a22o_2)
     1    0.002501    0.021002    0.066428    0.287376 ^ _1692_/X (sky130_fd_sc_hd__a22o_2)
                                                         _1401_ (net)
                      0.021002    0.000000    0.287376 ^ _1694_/A2 (sky130_fd_sc_hd__o211a_2)
     1    0.001748    0.022367    0.084664    0.372040 ^ _1694_/X (sky130_fd_sc_hd__o211a_2)
                                                         _0095_ (net)
                      0.022367    0.000000    0.372040 ^ _2981_/D (sky130_fd_sc_hd__dfxtp_2)
                                              0.372040   data arrival time

                      0.150000    0.000000    0.000000   clock clk (rise edge)
                                  0.000000    0.000000   clock network delay (ideal)
                                  0.250000    0.250000   clock uncertainty
                                  0.000000    0.250000   clock reconvergence pessimism
                                              0.250000 ^ _2981_/CLK (sky130_fd_sc_hd__dfxtp_2)
                                 -0.013860    0.236140   library hold time
                                              0.236140   data required time
---------------------------------------------------------------------------------------------
                                              0.236140   data required time
                                             -0.372040   data arrival time
---------------------------------------------------------------------------------------------
                                              0.135900   slack (MET)


Startpoint: _3059_ (rising edge-triggered flip-flop clocked by clk)
Endpoint: _2983_ (rising edge-triggered flip-flop clocked by clk)
Path Group: clk
Path Type: min

Fanout         Cap        Slew       Delay        Time   Description
---------------------------------------------------------------------------------------------
                      0.150000    0.000000    0.000000   clock clk (rise edge)
                                  0.000000    0.000000   clock network delay (ideal)
                      0.150000    0.000000    0.000000 ^ _3059_/CLK (sky130_fd_sc_hd__dfxtp_2)
     2    0.004587    0.028067    0.220949    0.220949 ^ _3059_/Q (sky130_fd_sc_hd__dfxtp_2)
                                                         u_intf.u_slave.reg_weight[24] (net)
                      0.028067    0.000000    0.220949 ^ _1700_/B2 (sky130_fd_sc_hd__a22o_2)
     1    0.002501    0.021002    0.066428    0.287376 ^ _1700_/X (sky130_fd_sc_hd__a22o_2)
                                                         _1407_ (net)
                      0.021002    0.000000    0.287376 ^ _1702_/A2 (sky130_fd_sc_hd__o211a_2)
     1    0.001748    0.022367    0.084664    0.372040 ^ _1702_/X (sky130_fd_sc_hd__o211a_2)
                                                         _0097_ (net)
                      0.022367    0.000000    0.372040 ^ _2983_/D (sky130_fd_sc_hd__dfxtp_2)
                                              0.372040   data arrival time

                      0.150000    0.000000    0.000000   clock clk (rise edge)
                                  0.000000    0.000000   clock network delay (ideal)
                                  0.250000    0.250000   clock uncertainty
                                  0.000000    0.250000   clock reconvergence pessimism
                                              0.250000 ^ _2983_/CLK (sky130_fd_sc_hd__dfxtp_2)
                                 -0.013860    0.236140   library hold time
                                              0.236140   data required time
---------------------------------------------------------------------------------------------
                                              0.236140   data required time
                                             -0.372040   data arrival time
---------------------------------------------------------------------------------------------
                                              0.135900   slack (MET)


Startpoint: _3064_ (rising edge-triggered flip-flop clocked by clk)
Endpoint: _2988_ (rising edge-triggered flip-flop clocked by clk)
Path Group: clk
Path Type: min

Fanout         Cap        Slew       Delay        Time   Description
---------------------------------------------------------------------------------------------
                      0.150000    0.000000    0.000000   clock clk (rise edge)
                                  0.000000    0.000000   clock network delay (ideal)
                      0.150000    0.000000    0.000000 ^ _3064_/CLK (sky130_fd_sc_hd__dfxtp_2)
     2    0.004587    0.028067    0.220949    0.220949 ^ _3064_/Q (sky130_fd_sc_hd__dfxtp_2)
                                                         u_intf.u_slave.reg_weight[29] (net)
                      0.028067    0.000000    0.220949 ^ _1718_/B2 (sky130_fd_sc_hd__a22o_2)
     1    0.002501    0.021002    0.066428    0.287376 ^ _1718_/X (sky130_fd_sc_hd__a22o_2)
                                                         _1420_ (net)
                      0.021002    0.000000    0.287376 ^ _1720_/A2 (sky130_fd_sc_hd__o211a_2)
     1    0.001748    0.022367    0.084664    0.372040 ^ _1720_/X (sky130_fd_sc_hd__o211a_2)
                                                         _0102_ (net)
                      0.022367    0.000000    0.372040 ^ _2988_/D (sky130_fd_sc_hd__dfxtp_2)
                                              0.372040   data arrival time

                      0.150000    0.000000    0.000000   clock clk (rise edge)
                                  0.000000    0.000000   clock network delay (ideal)
                                  0.250000    0.250000   clock uncertainty
                                  0.000000    0.250000   clock reconvergence pessimism
                                              0.250000 ^ _2988_/CLK (sky130_fd_sc_hd__dfxtp_2)
                                 -0.013860    0.236140   library hold time
                                              0.236140   data required time
---------------------------------------------------------------------------------------------
                                              0.236140   data required time
                                             -0.372040   data arrival time
---------------------------------------------------------------------------------------------
                                              0.135900   slack (MET)


Startpoint: _3133_ (rising edge-triggered flip-flop clocked by clk)
Endpoint: _3133_ (rising edge-triggered flip-flop clocked by clk)
Path Group: clk
Path Type: min

Fanout         Cap        Slew       Delay        Time   Description
---------------------------------------------------------------------------------------------
                      0.150000    0.000000    0.000000   clock clk (rise edge)
                                  0.000000    0.000000   clock network delay (ideal)
                      0.150000    0.000000    0.000000 ^ _3133_/CLK (sky130_fd_sc_hd__dfxtp_2)
     3    0.007470    0.024936    0.227701    0.227701 v _3133_/Q (sky130_fd_sc_hd__dfxtp_2)
                                                         u_core.pe_array[0].u_pe.accum_reg[0] (net)
                      0.024936    0.000000    0.227701 v _2767_/A2_N (sky130_fd_sc_hd__o2bb2a_2)
     1    0.004773    0.031213    0.127856    0.355557 ^ _2767_/X (sky130_fd_sc_hd__o2bb2a_2)
                                                         _1197_ (net)
                      0.031213    0.000000    0.355557 ^ _2768_/B (sky130_fd_sc_hd__nor2_2)
     1    0.001783    0.011065    0.014773    0.370330 v _2768_/Y (sky130_fd_sc_hd__nor2_2)
                                                         _0247_ (net)
                      0.011065    0.000000    0.370330 v _3133_/D (sky130_fd_sc_hd__dfxtp_2)
                                              0.370330   data arrival time

                      0.150000    0.000000    0.000000   clock clk (rise edge)
                                  0.000000    0.000000   clock network delay (ideal)
                                  0.250000    0.250000   clock uncertainty
                                  0.000000    0.250000   clock reconvergence pessimism
                                              0.250000 ^ _3133_/CLK (sky130_fd_sc_hd__dfxtp_2)
                                 -0.016319    0.233681   library hold time
                                              0.233681   data required time
---------------------------------------------------------------------------------------------
                                              0.233681   data required time
                                             -0.370330   data arrival time
---------------------------------------------------------------------------------------------
                                              0.136650   slack (MET)


Startpoint: _2908_ (rising edge-triggered flip-flop clocked by clk)
Endpoint: _2963_ (rising edge-triggered flip-flop clocked by clk)
Path Group: clk
Path Type: min

Fanout         Cap        Slew       Delay        Time   Description
---------------------------------------------------------------------------------------------
                      0.150000    0.000000    0.000000   clock clk (rise edge)
                                  0.000000    0.000000   clock network delay (ideal)
                      0.150000    0.000000    0.000000 ^ _2908_/CLK (sky130_fd_sc_hd__dfxtp_2)
     2    0.004138    0.026637    0.219514    0.219514 ^ _2908_/Q (sky130_fd_sc_hd__dfxtp_2)
                                                         result_latch[4] (net)
                      0.026637    0.000000    0.219514 ^ _1624_/A1 (sky130_fd_sc_hd__a22o_2)
     1    0.002501    0.020996    0.069584    0.289098 ^ _1624_/X (sky130_fd_sc_hd__a22o_2)
                                                         _1351_ (net)
                      0.020996    0.000000    0.289098 ^ _1626_/A2 (sky130_fd_sc_hd__o211a_2)
     1    0.001748    0.022367    0.084663    0.373760 ^ _1626_/X (sky130_fd_sc_hd__o211a_2)
                                                         _0077_ (net)
                      0.022367    0.000000    0.373760 ^ _2963_/D (sky130_fd_sc_hd__dfxtp_2)
                                              0.373760   data arrival time

                      0.150000    0.000000    0.000000   clock clk (rise edge)
                                  0.000000    0.000000   clock network delay (ideal)
                                  0.250000    0.250000   clock uncertainty
                                  0.000000    0.250000   clock reconvergence pessimism
                                              0.250000 ^ _2963_/CLK (sky130_fd_sc_hd__dfxtp_2)
                                 -0.013860    0.236140   library hold time
                                              0.236140   data required time
---------------------------------------------------------------------------------------------
                                              0.236140   data required time
                                             -0.373760   data arrival time
---------------------------------------------------------------------------------------------
                                              0.137620   slack (MET)


Startpoint: _2889_ (rising edge-triggered flip-flop clocked by clk)
Endpoint: _2890_ (rising edge-triggered flip-flop clocked by clk)
Path Group: clk
Path Type: min

Fanout         Cap        Slew       Delay        Time   Description
---------------------------------------------------------------------------------------------
                      0.150000    0.000000    0.000000   clock clk (rise edge)
                                  0.000000    0.000000   clock network delay (ideal)
                      0.150000    0.000000    0.000000 ^ _2889_/CLK (sky130_fd_sc_hd__dfxtp_2)
     4    0.009420    0.027825    0.231139    0.231139 v _2889_/Q (sky130_fd_sc_hd__dfxtp_2)
                                                         u_intf.u_slave.rd_state[0] (net)
                      0.027825    0.000000    0.231139 v _1476_/B (sky130_fd_sc_hd__nand3_2)
    11    0.029587    0.122326    0.112744    0.343883 ^ _1476_/Y (sky130_fd_sc_hd__nand3_2)
                                                         _1272_ (net)
                      0.122326    0.000000    0.343883 ^ _1478_/A1 (sky130_fd_sc_hd__a21oi_2)
     1    0.001783    0.016835    0.028020    0.371903 v _1478_/Y (sky130_fd_sc_hd__a21oi_2)
                                                         _0004_ (net)
                      0.016835    0.000000    0.371903 v _2890_/D (sky130_fd_sc_hd__dfxtp_2)
                                              0.371903   data arrival time

                      0.150000    0.000000    0.000000   clock clk (rise edge)
                                  0.000000    0.000000   clock network delay (ideal)
                                  0.250000    0.250000   clock uncertainty
                                  0.000000    0.250000   clock reconvergence pessimism
                                              0.250000 ^ _2890_/CLK (sky130_fd_sc_hd__dfxtp_2)
                                 -0.018242    0.231758   library hold time
                                              0.231758   data required time
---------------------------------------------------------------------------------------------
                                              0.231758   data required time
                                             -0.371903   data arrival time
---------------------------------------------------------------------------------------------
                                              0.140145   slack (MET)


Startpoint: _2938_ (rising edge-triggered flip-flop clocked by clk)
Endpoint: _2938_ (rising edge-triggered flip-flop clocked by clk)
Path Group: clk
Path Type: min

Fanout         Cap        Slew       Delay        Time   Description
---------------------------------------------------------------------------------------------
                      0.150000    0.000000    0.000000   clock clk (rise edge)
                                  0.000000    0.000000   clock network delay (ideal)
                      0.150000    0.000000    0.000000 ^ _2938_/CLK (sky130_fd_sc_hd__dfxtp_2)
     3    0.008032    0.039936    0.230190    0.230190 ^ _2938_/Q (sky130_fd_sc_hd__dfxtp_2)
                                                         state[1] (net)
                      0.039936    0.000000    0.230190 ^ _1450_/B (sky130_fd_sc_hd__and2b_2)
     1    0.002440    0.022725    0.079422    0.309612 ^ _1450_/X (sky130_fd_sc_hd__and2b_2)
                                                         _1254_ (net)
                      0.022725    0.000000    0.309612 ^ _1453_/A1 (sky130_fd_sc_hd__o21a_2)
     1    0.001748    0.017190    0.067325    0.376937 ^ _1453_/X (sky130_fd_sc_hd__o21a_2)
                                                         _0001_ (net)
                      0.017190    0.000000    0.376937 ^ _2938_/D (sky130_fd_sc_hd__dfxtp_2)
                                              0.376937   data arrival time

                      0.150000    0.000000    0.000000   clock clk (rise edge)
                                  0.000000    0.000000   clock network delay (ideal)
                                  0.250000    0.250000   clock uncertainty
                                  0.000000    0.250000   clock reconvergence pessimism
                                              0.250000 ^ _2938_/CLK (sky130_fd_sc_hd__dfxtp_2)
                                 -0.013500    0.236500   library hold time
                                              0.236500   data required time
---------------------------------------------------------------------------------------------
                                              0.236500   data required time
                                             -0.376937   data arrival time
---------------------------------------------------------------------------------------------
                                              0.140436   slack (MET)


Startpoint: _2916_ (rising edge-triggered flip-flop clocked by clk)
Endpoint: _2971_ (rising edge-triggered flip-flop clocked by clk)
Path Group: clk
Path Type: min

Fanout         Cap        Slew       Delay        Time   Description
---------------------------------------------------------------------------------------------
                      0.150000    0.000000    0.000000   clock clk (rise edge)
                                  0.000000    0.000000   clock network delay (ideal)
                      0.150000    0.000000    0.000000 ^ _2916_/CLK (sky130_fd_sc_hd__dfxtp_2)
     2    0.004136    0.026631    0.219508    0.219508 ^ _2916_/Q (sky130_fd_sc_hd__dfxtp_2)
                                                         result_latch[12] (net)
                      0.026631    0.000000    0.219508 ^ _1655_/A1 (sky130_fd_sc_hd__a221o_2)
     1    0.002501    0.021499    0.072299    0.291806 ^ _1655_/X (sky130_fd_sc_hd__a221o_2)
                                                         _1374_ (net)
                      0.021499    0.000000    0.291806 ^ _1657_/A2 (sky130_fd_sc_hd__o211a_2)
     1    0.001748    0.022367    0.084778    0.376584 ^ _1657_/X (sky130_fd_sc_hd__o211a_2)
                                                         _0085_ (net)
                      0.022367    0.000000    0.376584 ^ _2971_/D (sky130_fd_sc_hd__dfxtp_2)
                                              0.376584   data arrival time

                      0.150000    0.000000    0.000000   clock clk (rise edge)
                                  0.000000    0.000000   clock network delay (ideal)
                                  0.250000    0.250000   clock uncertainty
                                  0.000000    0.250000   clock reconvergence pessimism
                                              0.250000 ^ _2971_/CLK (sky130_fd_sc_hd__dfxtp_2)
                                 -0.013860    0.236140   library hold time
                                              0.236140   data required time
---------------------------------------------------------------------------------------------
                                              0.236140   data required time
                                             -0.376584   data arrival time
---------------------------------------------------------------------------------------------
                                              0.140444   slack (MET)


Startpoint: _2911_ (rising edge-triggered flip-flop clocked by clk)
Endpoint: _2966_ (rising edge-triggered flip-flop clocked by clk)
Path Group: clk
Path Type: min

Fanout         Cap        Slew       Delay        Time   Description
---------------------------------------------------------------------------------------------
                      0.150000    0.000000    0.000000   clock clk (rise edge)
                                  0.000000    0.000000   clock network delay (ideal)
                      0.150000    0.000000    0.000000 ^ _2911_/CLK (sky130_fd_sc_hd__dfxtp_2)
     2    0.004187    0.026793    0.219670    0.219670 ^ _2911_/Q (sky130_fd_sc_hd__dfxtp_2)
                                                         result_latch[7] (net)
                      0.026793    0.000000    0.219670 ^ _1635_/B2 (sky130_fd_sc_hd__a22o_2)
     1    0.002563    0.021218    0.066319    0.285990 ^ _1635_/X (sky130_fd_sc_hd__a22o_2)
                                                         _1359_ (net)
                      0.021218    0.000000    0.285990 ^ _1638_/A1 (sky130_fd_sc_hd__o211a_2)
     1    0.001748    0.022367    0.090645    0.376634 ^ _1638_/X (sky130_fd_sc_hd__o211a_2)
                                                         _0080_ (net)
                      0.022367    0.000000    0.376634 ^ _2966_/D (sky130_fd_sc_hd__dfxtp_2)
                                              0.376634   data arrival time

                      0.150000    0.000000    0.000000   clock clk (rise edge)
                                  0.000000    0.000000   clock network delay (ideal)
                                  0.250000    0.250000   clock uncertainty
                                  0.000000    0.250000   clock reconvergence pessimism
                                              0.250000 ^ _2966_/CLK (sky130_fd_sc_hd__dfxtp_2)
                                 -0.013860    0.236140   library hold time
                                              0.236140   data required time
---------------------------------------------------------------------------------------------
                                              0.236140   data required time
                                             -0.376634   data arrival time
---------------------------------------------------------------------------------------------
                                              0.140494   slack (MET)


Startpoint: _3077_ (rising edge-triggered flip-flop clocked by clk)
Endpoint: _2969_ (rising edge-triggered flip-flop clocked by clk)
Path Group: clk
Path Type: min

Fanout         Cap        Slew       Delay        Time   Description
---------------------------------------------------------------------------------------------
                      0.150000    0.000000    0.000000   clock clk (rise edge)
                                  0.000000    0.000000   clock network delay (ideal)
                      0.150000    0.000000    0.000000 ^ _3077_/CLK (sky130_fd_sc_hd__dfxtp_2)
     2    0.004162    0.026713    0.219591    0.219591 ^ _3077_/Q (sky130_fd_sc_hd__dfxtp_2)
                                                         u_intf.u_slave.reg_ctrl[10] (net)
                      0.026713    0.000000    0.219591 ^ _1647_/A1 (sky130_fd_sc_hd__a221o_2)
     1    0.002501    0.021499    0.072322    0.291912 ^ _1647_/X (sky130_fd_sc_hd__a221o_2)
                                                         _1368_ (net)
                      0.021499    0.000000    0.291912 ^ _1649_/A2 (sky130_fd_sc_hd__o211a_2)
     1    0.001748    0.022367    0.084778    0.376690 ^ _1649_/X (sky130_fd_sc_hd__o211a_2)
                                                         _0083_ (net)
                      0.022367    0.000000    0.376690 ^ _2969_/D (sky130_fd_sc_hd__dfxtp_2)
                                              0.376690   data arrival time

                      0.150000    0.000000    0.000000   clock clk (rise edge)
                                  0.000000    0.000000   clock network delay (ideal)
                                  0.250000    0.250000   clock uncertainty
                                  0.000000    0.250000   clock reconvergence pessimism
                                              0.250000 ^ _2969_/CLK (sky130_fd_sc_hd__dfxtp_2)
                                 -0.013860    0.236140   library hold time
                                              0.236140   data required time
---------------------------------------------------------------------------------------------
                                              0.236140   data required time
                                             -0.376690   data arrival time
---------------------------------------------------------------------------------------------
                                              0.140550   slack (MET)


Startpoint: _3078_ (rising edge-triggered flip-flop clocked by clk)
Endpoint: _2970_ (rising edge-triggered flip-flop clocked by clk)
Path Group: clk
Path Type: min

Fanout         Cap        Slew       Delay        Time   Description
---------------------------------------------------------------------------------------------
                      0.150000    0.000000    0.000000   clock clk (rise edge)
                                  0.000000    0.000000   clock network delay (ideal)
                      0.150000    0.000000    0.000000 ^ _3078_/CLK (sky130_fd_sc_hd__dfxtp_2)
     2    0.004162    0.026713    0.219591    0.219591 ^ _3078_/Q (sky130_fd_sc_hd__dfxtp_2)
                                                         u_intf.u_slave.reg_ctrl[11] (net)
                      0.026713    0.000000    0.219591 ^ _1651_/A1 (sky130_fd_sc_hd__a221o_2)
     1    0.002501    0.021499    0.072322    0.291912 ^ _1651_/X (sky130_fd_sc_hd__a221o_2)
                                                         _1371_ (net)
                      0.021499    0.000000    0.291912 ^ _1653_/A2 (sky130_fd_sc_hd__o211a_2)
     1    0.001748    0.022367    0.084778    0.376690 ^ _1653_/X (sky130_fd_sc_hd__o211a_2)
                                                         _0084_ (net)
                      0.022367    0.000000    0.376690 ^ _2970_/D (sky130_fd_sc_hd__dfxtp_2)
                                              0.376690   data arrival time

                      0.150000    0.000000    0.000000   clock clk (rise edge)
                                  0.000000    0.000000   clock network delay (ideal)
                                  0.250000    0.250000   clock uncertainty
                                  0.000000    0.250000   clock reconvergence pessimism
                                              0.250000 ^ _2970_/CLK (sky130_fd_sc_hd__dfxtp_2)
                                 -0.013860    0.236140   library hold time
                                              0.236140   data required time
---------------------------------------------------------------------------------------------
                                              0.236140   data required time
                                             -0.376690   data arrival time
---------------------------------------------------------------------------------------------
                                              0.140550   slack (MET)


Startpoint: _3083_ (rising edge-triggered flip-flop clocked by clk)
Endpoint: _2975_ (rising edge-triggered flip-flop clocked by clk)
Path Group: clk
Path Type: min

Fanout         Cap        Slew       Delay        Time   Description
---------------------------------------------------------------------------------------------
                      0.150000    0.000000    0.000000   clock clk (rise edge)
                                  0.000000    0.000000   clock network delay (ideal)
                      0.150000    0.000000    0.000000 ^ _3083_/CLK (sky130_fd_sc_hd__dfxtp_2)
     2    0.004162    0.026713    0.219591    0.219591 ^ _3083_/Q (sky130_fd_sc_hd__dfxtp_2)
                                                         u_intf.u_slave.reg_ctrl[16] (net)
                      0.026713    0.000000    0.219591 ^ _1669_/A1 (sky130_fd_sc_hd__a221o_2)
     1    0.002501    0.021499    0.072322    0.291912 ^ _1669_/X (sky130_fd_sc_hd__a221o_2)
                                                         _1384_ (net)
                      0.021499    0.000000    0.291912 ^ _1671_/A2 (sky130_fd_sc_hd__o211a_2)
     1    0.001748    0.022367    0.084778    0.376690 ^ _1671_/X (sky130_fd_sc_hd__o211a_2)
                                                         _0089_ (net)
                      0.022367    0.000000    0.376690 ^ _2975_/D (sky130_fd_sc_hd__dfxtp_2)
                                              0.376690   data arrival time

                      0.150000    0.000000    0.000000   clock clk (rise edge)
                                  0.000000    0.000000   clock network delay (ideal)
                                  0.250000    0.250000   clock uncertainty
                                  0.000000    0.250000   clock reconvergence pessimism
                                              0.250000 ^ _2975_/CLK (sky130_fd_sc_hd__dfxtp_2)
                                 -0.013860    0.236140   library hold time
                                              0.236140   data required time
---------------------------------------------------------------------------------------------
                                              0.236140   data required time
                                             -0.376690   data arrival time
---------------------------------------------------------------------------------------------
                                              0.140550   slack (MET)


Startpoint: _3085_ (rising edge-triggered flip-flop clocked by clk)
Endpoint: _2977_ (rising edge-triggered flip-flop clocked by clk)
Path Group: clk
Path Type: min

Fanout         Cap        Slew       Delay        Time   Description
---------------------------------------------------------------------------------------------
                      0.150000    0.000000    0.000000   clock clk (rise edge)
                                  0.000000    0.000000   clock network delay (ideal)
                      0.150000    0.000000    0.000000 ^ _3085_/CLK (sky130_fd_sc_hd__dfxtp_2)
     2    0.004162    0.026713    0.219591    0.219591 ^ _3085_/Q (sky130_fd_sc_hd__dfxtp_2)
                                                         u_intf.u_slave.reg_ctrl[18] (net)
                      0.026713    0.000000    0.219591 ^ _1677_/A1 (sky130_fd_sc_hd__a221o_2)
     1    0.002501    0.021499    0.072322    0.291912 ^ _1677_/X (sky130_fd_sc_hd__a221o_2)
                                                         _1390_ (net)
                      0.021499    0.000000    0.291912 ^ _1679_/A2 (sky130_fd_sc_hd__o211a_2)
     1    0.001748    0.022367    0.084778    0.376690 ^ _1679_/X (sky130_fd_sc_hd__o211a_2)
                                                         _0091_ (net)
                      0.022367    0.000000    0.376690 ^ _2977_/D (sky130_fd_sc_hd__dfxtp_2)
                                              0.376690   data arrival time

                      0.150000    0.000000    0.000000   clock clk (rise edge)
                                  0.000000    0.000000   clock network delay (ideal)
                                  0.250000    0.250000   clock uncertainty
                                  0.000000    0.250000   clock reconvergence pessimism
                                              0.250000 ^ _2977_/CLK (sky130_fd_sc_hd__dfxtp_2)
                                 -0.013860    0.236140   library hold time
                                              0.236140   data required time
---------------------------------------------------------------------------------------------
                                              0.236140   data required time
                                             -0.376690   data arrival time
---------------------------------------------------------------------------------------------
                                              0.140550   slack (MET)


Startpoint: _3086_ (rising edge-triggered flip-flop clocked by clk)
Endpoint: _2978_ (rising edge-triggered flip-flop clocked by clk)
Path Group: clk
Path Type: min

Fanout         Cap        Slew       Delay        Time   Description
---------------------------------------------------------------------------------------------
                      0.150000    0.000000    0.000000   clock clk (rise edge)
                                  0.000000    0.000000   clock network delay (ideal)
                      0.150000    0.000000    0.000000 ^ _3086_/CLK (sky130_fd_sc_hd__dfxtp_2)
     2    0.004162    0.026713    0.219591    0.219591 ^ _3086_/Q (sky130_fd_sc_hd__dfxtp_2)
                                                         u_intf.u_slave.reg_ctrl[19] (net)
                      0.026713    0.000000    0.219591 ^ _1681_/A1 (sky130_fd_sc_hd__a221o_2)
     1    0.002501    0.021499    0.072322    0.291912 ^ _1681_/X (sky130_fd_sc_hd__a221o_2)
                                                         _1393_ (net)
                      0.021499    0.000000    0.291912 ^ _1683_/A2 (sky130_fd_sc_hd__o211a_2)
     1    0.001748    0.022367    0.084778    0.376690 ^ _1683_/X (sky130_fd_sc_hd__o211a_2)
                                                         _0092_ (net)
                      0.022367    0.000000    0.376690 ^ _2978_/D (sky130_fd_sc_hd__dfxtp_2)
                                              0.376690   data arrival time

                      0.150000    0.000000    0.000000   clock clk (rise edge)
                                  0.000000    0.000000   clock network delay (ideal)
                                  0.250000    0.250000   clock uncertainty
                                  0.000000    0.250000   clock reconvergence pessimism
                                              0.250000 ^ _2978_/CLK (sky130_fd_sc_hd__dfxtp_2)
                                 -0.013860    0.236140   library hold time
                                              0.236140   data required time
---------------------------------------------------------------------------------------------
                                              0.236140   data required time
                                             -0.376690   data arrival time
---------------------------------------------------------------------------------------------
                                              0.140550   slack (MET)


Startpoint: _3088_ (rising edge-triggered flip-flop clocked by clk)
Endpoint: _2980_ (rising edge-triggered flip-flop clocked by clk)
Path Group: clk
Path Type: min

Fanout         Cap        Slew       Delay        Time   Description
---------------------------------------------------------------------------------------------
                      0.150000    0.000000    0.000000   clock clk (rise edge)
                                  0.000000    0.000000   clock network delay (ideal)
                      0.150000    0.000000    0.000000 ^ _3088_/CLK (sky130_fd_sc_hd__dfxtp_2)
     2    0.004162    0.026713    0.219591    0.219591 ^ _3088_/Q (sky130_fd_sc_hd__dfxtp_2)
                                                         u_intf.u_slave.reg_ctrl[21] (net)
                      0.026713    0.000000    0.219591 ^ _1688_/A1 (sky130_fd_sc_hd__a221o_2)
     1    0.002501    0.021499    0.072322    0.291912 ^ _1688_/X (sky130_fd_sc_hd__a221o_2)
                                                         _1398_ (net)
                      0.021499    0.000000    0.291912 ^ _1690_/A2 (sky130_fd_sc_hd__o211a_2)
     1    0.001748    0.022367    0.084778    0.376690 ^ _1690_/X (sky130_fd_sc_hd__o211a_2)
                                                         _0094_ (net)
                      0.022367    0.000000    0.376690 ^ _2980_/D (sky130_fd_sc_hd__dfxtp_2)
                                              0.376690   data arrival time

                      0.150000    0.000000    0.000000   clock clk (rise edge)
                                  0.000000    0.000000   clock network delay (ideal)
                                  0.250000    0.250000   clock uncertainty
                                  0.000000    0.250000   clock reconvergence pessimism
                                              0.250000 ^ _2980_/CLK (sky130_fd_sc_hd__dfxtp_2)
                                 -0.013860    0.236140   library hold time
                                              0.236140   data required time
---------------------------------------------------------------------------------------------
                                              0.236140   data required time
                                             -0.376690   data arrival time
---------------------------------------------------------------------------------------------
                                              0.140550   slack (MET)


Startpoint: _3094_ (rising edge-triggered flip-flop clocked by clk)
Endpoint: _2986_ (rising edge-triggered flip-flop clocked by clk)
Path Group: clk
Path Type: min

Fanout         Cap        Slew       Delay        Time   Description
---------------------------------------------------------------------------------------------
                      0.150000    0.000000    0.000000   clock clk (rise edge)
                                  0.000000    0.000000   clock network delay (ideal)
                      0.150000    0.000000    0.000000 ^ _3094_/CLK (sky130_fd_sc_hd__dfxtp_2)
     2    0.004162    0.026713    0.219591    0.219591 ^ _3094_/Q (sky130_fd_sc_hd__dfxtp_2)
                                                         u_intf.u_slave.reg_ctrl[27] (net)
                      0.026713    0.000000    0.219591 ^ _1711_/A1 (sky130_fd_sc_hd__a221o_2)
     1    0.002501    0.021499    0.072322    0.291912 ^ _1711_/X (sky130_fd_sc_hd__a221o_2)
                                                         _1415_ (net)
                      0.021499    0.000000    0.291912 ^ _1713_/A2 (sky130_fd_sc_hd__o211a_2)
     1    0.001748    0.022367    0.084778    0.376690 ^ _1713_/X (sky130_fd_sc_hd__o211a_2)
                                                         _0100_ (net)
                      0.022367    0.000000    0.376690 ^ _2986_/D (sky130_fd_sc_hd__dfxtp_2)
                                              0.376690   data arrival time

                      0.150000    0.000000    0.000000   clock clk (rise edge)
                                  0.000000    0.000000   clock network delay (ideal)
                                  0.250000    0.250000   clock uncertainty
                                  0.000000    0.250000   clock reconvergence pessimism
                                              0.250000 ^ _2986_/CLK (sky130_fd_sc_hd__dfxtp_2)
                                 -0.013860    0.236140   library hold time
                                              0.236140   data required time
---------------------------------------------------------------------------------------------
                                              0.236140   data required time
                                             -0.376690   data arrival time
---------------------------------------------------------------------------------------------
                                              0.140550   slack (MET)


Startpoint: _3098_ (rising edge-triggered flip-flop clocked by clk)
Endpoint: _2990_ (rising edge-triggered flip-flop clocked by clk)
Path Group: clk
Path Type: min

Fanout         Cap        Slew       Delay        Time   Description
---------------------------------------------------------------------------------------------
                      0.150000    0.000000    0.000000   clock clk (rise edge)
                                  0.000000    0.000000   clock network delay (ideal)
                      0.150000    0.000000    0.000000 ^ _3098_/CLK (sky130_fd_sc_hd__dfxtp_2)
     2    0.004162    0.026713    0.219591    0.219591 ^ _3098_/Q (sky130_fd_sc_hd__dfxtp_2)
                                                         u_intf.u_slave.reg_ctrl[31] (net)
                      0.026713    0.000000    0.219591 ^ _1726_/A1 (sky130_fd_sc_hd__a221o_2)
     1    0.002501    0.021499    0.072322    0.291912 ^ _1726_/X (sky130_fd_sc_hd__a221o_2)
                                                         _1426_ (net)
                      0.021499    0.000000    0.291912 ^ _1728_/A2 (sky130_fd_sc_hd__o211a_2)
     1    0.001748    0.022367    0.084778    0.376690 ^ _1728_/X (sky130_fd_sc_hd__o211a_2)
                                                         _0104_ (net)
                      0.022367    0.000000    0.376690 ^ _2990_/D (sky130_fd_sc_hd__dfxtp_2)
                                              0.376690   data arrival time

                      0.150000    0.000000    0.000000   clock clk (rise edge)
                                  0.000000    0.000000   clock network delay (ideal)
                                  0.250000    0.250000   clock uncertainty
                                  0.000000    0.250000   clock reconvergence pessimism
                                              0.250000 ^ _2990_/CLK (sky130_fd_sc_hd__dfxtp_2)
                                 -0.013860    0.236140   library hold time
                                              0.236140   data required time
---------------------------------------------------------------------------------------------
                                              0.236140   data required time
                                             -0.376690   data arrival time
---------------------------------------------------------------------------------------------
                                              0.140550   slack (MET)


Startpoint: _3082_ (rising edge-triggered flip-flop clocked by clk)
Endpoint: _2974_ (rising edge-triggered flip-flop clocked by clk)
Path Group: clk
Path Type: min

Fanout         Cap        Slew       Delay        Time   Description
---------------------------------------------------------------------------------------------
                      0.150000    0.000000    0.000000   clock clk (rise edge)
                                  0.000000    0.000000   clock network delay (ideal)
                      0.150000    0.000000    0.000000 ^ _3082_/CLK (sky130_fd_sc_hd__dfxtp_2)
     2    0.004162    0.026713    0.219591    0.219591 ^ _3082_/Q (sky130_fd_sc_hd__dfxtp_2)
                                                         u_intf.u_slave.reg_ctrl[15] (net)
                      0.026713    0.000000    0.219591 ^ _1665_/A1 (sky130_fd_sc_hd__a221o_2)
     1    0.002501    0.021501    0.072322    0.291912 ^ _1665_/X (sky130_fd_sc_hd__a221o_2)
                                                         _1381_ (net)
                      0.021501    0.000000    0.291912 ^ _1667_/A2 (sky130_fd_sc_hd__o211a_2)
     1    0.001748    0.022367    0.084778    0.376690 ^ _1667_/X (sky130_fd_sc_hd__o211a_2)
                                                         _0088_ (net)
                      0.022367    0.000000    0.376690 ^ _2974_/D (sky130_fd_sc_hd__dfxtp_2)
                                              0.376690   data arrival time

                      0.150000    0.000000    0.000000   clock clk (rise edge)
                                  0.000000    0.000000   clock network delay (ideal)
                                  0.250000    0.250000   clock uncertainty
                                  0.000000    0.250000   clock reconvergence pessimism
                                              0.250000 ^ _2974_/CLK (sky130_fd_sc_hd__dfxtp_2)
                                 -0.013860    0.236140   library hold time
                                              0.236140   data required time
---------------------------------------------------------------------------------------------
                                              0.236140   data required time
                                             -0.376690   data arrival time
---------------------------------------------------------------------------------------------
                                              0.140550   slack (MET)


Startpoint: _3090_ (rising edge-triggered flip-flop clocked by clk)
Endpoint: _2982_ (rising edge-triggered flip-flop clocked by clk)
Path Group: clk
Path Type: min

Fanout         Cap        Slew       Delay        Time   Description
---------------------------------------------------------------------------------------------
                      0.150000    0.000000    0.000000   clock clk (rise edge)
                                  0.000000    0.000000   clock network delay (ideal)
                      0.150000    0.000000    0.000000 ^ _3090_/CLK (sky130_fd_sc_hd__dfxtp_2)
     2    0.004162    0.026713    0.219591    0.219591 ^ _3090_/Q (sky130_fd_sc_hd__dfxtp_2)
                                                         u_intf.u_slave.reg_ctrl[23] (net)
                      0.026713    0.000000    0.219591 ^ _1696_/A1 (sky130_fd_sc_hd__a221o_2)
     1    0.002501    0.021501    0.072322    0.291912 ^ _1696_/X (sky130_fd_sc_hd__a221o_2)
                                                         _1404_ (net)
                      0.021501    0.000000    0.291912 ^ _1698_/A2 (sky130_fd_sc_hd__o211a_2)
     1    0.001748    0.022367    0.084778    0.376690 ^ _1698_/X (sky130_fd_sc_hd__o211a_2)
                                                         _0096_ (net)
                      0.022367    0.000000    0.376690 ^ _2982_/D (sky130_fd_sc_hd__dfxtp_2)
                                              0.376690   data arrival time

                      0.150000    0.000000    0.000000   clock clk (rise edge)
                                  0.000000    0.000000   clock network delay (ideal)
                                  0.250000    0.250000   clock uncertainty
                                  0.000000    0.250000   clock reconvergence pessimism
                                              0.250000 ^ _2982_/CLK (sky130_fd_sc_hd__dfxtp_2)
                                 -0.013860    0.236140   library hold time
                                              0.236140   data required time
---------------------------------------------------------------------------------------------
                                              0.236140   data required time
                                             -0.376690   data arrival time
---------------------------------------------------------------------------------------------
                                              0.140550   slack (MET)


Startpoint: _3093_ (rising edge-triggered flip-flop clocked by clk)
Endpoint: _2985_ (rising edge-triggered flip-flop clocked by clk)
Path Group: clk
Path Type: min

Fanout         Cap        Slew       Delay        Time   Description
---------------------------------------------------------------------------------------------
                      0.150000    0.000000    0.000000   clock clk (rise edge)
                                  0.000000    0.000000   clock network delay (ideal)
                      0.150000    0.000000    0.000000 ^ _3093_/CLK (sky130_fd_sc_hd__dfxtp_2)
     2    0.004162    0.026713    0.219591    0.219591 ^ _3093_/Q (sky130_fd_sc_hd__dfxtp_2)
                                                         u_intf.u_slave.reg_ctrl[26] (net)
                      0.026713    0.000000    0.219591 ^ _1707_/A1 (sky130_fd_sc_hd__a221o_2)
     1    0.002501    0.021501    0.072322    0.291912 ^ _1707_/X (sky130_fd_sc_hd__a221o_2)
                                                         _1412_ (net)
                      0.021501    0.000000    0.291912 ^ _1709_/A2 (sky130_fd_sc_hd__o211a_2)
     1    0.001748    0.022367    0.084778    0.376690 ^ _1709_/X (sky130_fd_sc_hd__o211a_2)
                                                         _0099_ (net)
                      0.022367    0.000000    0.376690 ^ _2985_/D (sky130_fd_sc_hd__dfxtp_2)
                                              0.376690   data arrival time

                      0.150000    0.000000    0.000000   clock clk (rise edge)
                                  0.000000    0.000000   clock network delay (ideal)
                                  0.250000    0.250000   clock uncertainty
                                  0.000000    0.250000   clock reconvergence pessimism
                                              0.250000 ^ _2985_/CLK (sky130_fd_sc_hd__dfxtp_2)
                                 -0.013860    0.236140   library hold time
                                              0.236140   data required time
---------------------------------------------------------------------------------------------
                                              0.236140   data required time
                                             -0.376690   data arrival time
---------------------------------------------------------------------------------------------
                                              0.140550   slack (MET)


Startpoint: _3097_ (rising edge-triggered flip-flop clocked by clk)
Endpoint: _2989_ (rising edge-triggered flip-flop clocked by clk)
Path Group: clk
Path Type: min

Fanout         Cap        Slew       Delay        Time   Description
---------------------------------------------------------------------------------------------
                      0.150000    0.000000    0.000000   clock clk (rise edge)
                                  0.000000    0.000000   clock network delay (ideal)
                      0.150000    0.000000    0.000000 ^ _3097_/CLK (sky130_fd_sc_hd__dfxtp_2)
     2    0.004162    0.026713    0.219591    0.219591 ^ _3097_/Q (sky130_fd_sc_hd__dfxtp_2)
                                                         u_intf.u_slave.reg_ctrl[30] (net)
                      0.026713    0.000000    0.219591 ^ _1722_/A1 (sky130_fd_sc_hd__a221o_2)
     1    0.002501    0.021501    0.072322    0.291912 ^ _1722_/X (sky130_fd_sc_hd__a221o_2)
                                                         _1423_ (net)
                      0.021501    0.000000    0.291912 ^ _1724_/A2 (sky130_fd_sc_hd__o211a_2)
     1    0.001748    0.022367    0.084778    0.376690 ^ _1724_/X (sky130_fd_sc_hd__o211a_2)
                                                         _0103_ (net)
                      0.022367    0.000000    0.376690 ^ _2989_/D (sky130_fd_sc_hd__dfxtp_2)
                                              0.376690   data arrival time

                      0.150000    0.000000    0.000000   clock clk (rise edge)
                                  0.000000    0.000000   clock network delay (ideal)
                                  0.250000    0.250000   clock uncertainty
                                  0.000000    0.250000   clock reconvergence pessimism
                                              0.250000 ^ _2989_/CLK (sky130_fd_sc_hd__dfxtp_2)
                                 -0.013860    0.236140   library hold time
                                              0.236140   data required time
---------------------------------------------------------------------------------------------
                                              0.236140   data required time
                                             -0.376690   data arrival time
---------------------------------------------------------------------------------------------
                                              0.140550   slack (MET)


Startpoint: _2888_ (rising edge-triggered flip-flop clocked by clk)
Endpoint: _2993_ (rising edge-triggered flip-flop clocked by clk)
Path Group: clk
Path Type: min

Fanout         Cap        Slew       Delay        Time   Description
---------------------------------------------------------------------------------------------
                      0.150000    0.000000    0.000000   clock clk (rise edge)
                                  0.000000    0.000000   clock network delay (ideal)
                      0.150000    0.000000    0.000000 ^ _2888_/CLK (sky130_fd_sc_hd__dfxtp_2)
     8    0.019117    0.041735    0.245955    0.245955 v _2888_/Q (sky130_fd_sc_hd__dfxtp_2)
                                                         u_intf.u_slave.wr_state[2] (net)
                      0.041735    0.000000    0.245955 v _1472_/C (sky130_fd_sc_hd__nand3_2)
     2    0.007278    0.045707    0.060814    0.306769 ^ _1472_/Y (sky130_fd_sc_hd__nand3_2)
                                                         _1269_ (net)
                      0.045707    0.000000    0.306769 ^ _1734_/D1 (sky130_fd_sc_hd__o2111a_2)
     1    0.001748    0.021446    0.075942    0.382711 ^ _1734_/X (sky130_fd_sc_hd__o2111a_2)
                                                         _0107_ (net)
                      0.021446    0.000000    0.382711 ^ _2993_/D (sky130_fd_sc_hd__dfxtp_2)
                                              0.382711   data arrival time

                      0.150000    0.000000    0.000000   clock clk (rise edge)
                                  0.000000    0.000000   clock network delay (ideal)
                                  0.250000    0.250000   clock uncertainty
                                  0.000000    0.250000   clock reconvergence pessimism
                                              0.250000 ^ _2993_/CLK (sky130_fd_sc_hd__dfxtp_2)
                                 -0.013796    0.236204   library hold time
                                              0.236204   data required time
---------------------------------------------------------------------------------------------
                                              0.236204   data required time
                                             -0.382711   data arrival time
---------------------------------------------------------------------------------------------
                                              0.146506   slack (MET)


Startpoint: _2890_ (rising edge-triggered flip-flop clocked by clk)
Endpoint: _2889_ (rising edge-triggered flip-flop clocked by clk)
Path Group: clk
Path Type: min

Fanout         Cap        Slew       Delay        Time   Description
---------------------------------------------------------------------------------------------
                      0.150000    0.000000    0.000000   clock clk (rise edge)
                                  0.000000    0.000000   clock network delay (ideal)
                      0.150000    0.000000    0.000000 ^ _2890_/CLK (sky130_fd_sc_hd__dfxtp_2)
     4    0.010090    0.047035    0.235692    0.235692 ^ _2890_/Q (sky130_fd_sc_hd__dfxtp_2)
                                                         u_intf.u_slave.rd_state[1] (net)
                      0.047035    0.000000    0.235692 ^ _1460_/B (sky130_fd_sc_hd__and3_2)
     1    0.001693    0.023936    0.093236    0.328928 ^ _1460_/X (sky130_fd_sc_hd__and3_2)
                                                         _1261_ (net)
                      0.023936    0.000000    0.328928 ^ _1462_/B (sky130_fd_sc_hd__or3b_2)
     1    0.001748    0.018959    0.060295    0.389222 ^ _1462_/X (sky130_fd_sc_hd__or3b_2)
                                                         _0003_ (net)
                      0.018959    0.000000    0.389222 ^ _2889_/D (sky130_fd_sc_hd__dfxtp_2)
                                              0.389222   data arrival time

                      0.150000    0.000000    0.000000   clock clk (rise edge)
                                  0.000000    0.000000   clock network delay (ideal)
                                  0.250000    0.250000   clock uncertainty
                                  0.000000    0.250000   clock reconvergence pessimism
                                              0.250000 ^ _2889_/CLK (sky130_fd_sc_hd__dfxtp_2)
                                 -0.013623    0.236377   library hold time
                                              0.236377   data required time
---------------------------------------------------------------------------------------------
                                              0.236377   data required time
                                             -0.389222   data arrival time
---------------------------------------------------------------------------------------------
                                              0.152845   slack (MET)


Startpoint: _3147_ (rising edge-triggered flip-flop clocked by clk)
Endpoint: _3147_ (rising edge-triggered flip-flop clocked by clk)
Path Group: clk
Path Type: min

Fanout         Cap        Slew       Delay        Time   Description
---------------------------------------------------------------------------------------------
                      0.150000    0.000000    0.000000   clock clk (rise edge)
                                  0.000000    0.000000   clock network delay (ideal)
                      0.150000    0.000000    0.000000 ^ _3147_/CLK (sky130_fd_sc_hd__dfxtp_2)
     3    0.013988    0.060482    0.246113    0.246113 ^ _3147_/Q (sky130_fd_sc_hd__dfxtp_2)
                                                         u_core.pe_array[0].u_pe.accum_reg[14] (net)
                      0.060482    0.000000    0.246113 ^ _2805_/A2 (sky130_fd_sc_hd__a22o_2)
     1    0.001632    0.018013    0.077804    0.323917 ^ _2805_/X (sky130_fd_sc_hd__a22o_2)
                                                         _1221_ (net)
                      0.018013    0.000000    0.323917 ^ _2806_/B (sky130_fd_sc_hd__and2_2)
     1    0.001748    0.021774    0.071409    0.395326 ^ _2806_/X (sky130_fd_sc_hd__and2_2)
                                                         _0261_ (net)
                      0.021774    0.000000    0.395326 ^ _3147_/D (sky130_fd_sc_hd__dfxtp_2)
                                              0.395326   data arrival time

                      0.150000    0.000000    0.000000   clock clk (rise edge)
                                  0.000000    0.000000   clock network delay (ideal)
                                  0.250000    0.250000   clock uncertainty
                                  0.000000    0.250000   clock reconvergence pessimism
                                              0.250000 ^ _3147_/CLK (sky130_fd_sc_hd__dfxtp_2)
                                 -0.013819    0.236181   library hold time
                                              0.236181   data required time
---------------------------------------------------------------------------------------------
                                              0.236181   data required time
                                             -0.395326   data arrival time
---------------------------------------------------------------------------------------------
                                              0.159144   slack (MET)


Startpoint: _3145_ (rising edge-triggered flip-flop clocked by clk)
Endpoint: _3145_ (rising edge-triggered flip-flop clocked by clk)
Path Group: clk
Path Type: min

Fanout         Cap        Slew       Delay        Time   Description
---------------------------------------------------------------------------------------------
                      0.150000    0.000000    0.000000   clock clk (rise edge)
                                  0.000000    0.000000   clock network delay (ideal)
                      0.150000    0.000000    0.000000 ^ _3145_/CLK (sky130_fd_sc_hd__dfxtp_2)
     3    0.013988    0.060482    0.246113    0.246113 ^ _3145_/Q (sky130_fd_sc_hd__dfxtp_2)
                                                         u_core.pe_array[0].u_pe.accum_reg[12] (net)
                      0.060482    0.000000    0.246113 ^ _2800_/A2 (sky130_fd_sc_hd__a22o_2)
     1    0.001632    0.018268    0.077804    0.323917 ^ _2800_/X (sky130_fd_sc_hd__a22o_2)
                                                         _1218_ (net)
                      0.018268    0.000000    0.323917 ^ _2801_/B (sky130_fd_sc_hd__and2_2)
     1    0.001748    0.021775    0.071477    0.395394 ^ _2801_/X (sky130_fd_sc_hd__and2_2)
                                                         _0259_ (net)
                      0.021775    0.000000    0.395394 ^ _3145_/D (sky130_fd_sc_hd__dfxtp_2)
                                              0.395394   data arrival time

                      0.150000    0.000000    0.000000   clock clk (rise edge)
                                  0.000000    0.000000   clock network delay (ideal)
                                  0.250000    0.250000   clock uncertainty
                                  0.000000    0.250000   clock reconvergence pessimism
                                              0.250000 ^ _3145_/CLK (sky130_fd_sc_hd__dfxtp_2)
                                 -0.013819    0.236181   library hold time
                                              0.236181   data required time
---------------------------------------------------------------------------------------------
                                              0.236181   data required time
                                             -0.395394   data arrival time
---------------------------------------------------------------------------------------------
                                              0.159212   slack (MET)


Startpoint: _3163_ (rising edge-triggered flip-flop clocked by clk)
Endpoint: _3163_ (rising edge-triggered flip-flop clocked by clk)
Path Group: clk
Path Type: min

Fanout         Cap        Slew       Delay        Time   Description
---------------------------------------------------------------------------------------------
                      0.150000    0.000000    0.000000   clock clk (rise edge)
                                  0.000000    0.000000   clock network delay (ideal)
                      0.150000    0.000000    0.000000 ^ _3163_/CLK (sky130_fd_sc_hd__dfxtp_2)
     3    0.016149    0.068404    0.251683    0.251683 ^ _3163_/Q (sky130_fd_sc_hd__dfxtp_2)
                                                         u_core.pe_array[0].u_pe.accum_reg[30] (net)
                      0.068404    0.000000    0.251683 ^ _2839_/A2 (sky130_fd_sc_hd__a22o_2)
     1    0.001632    0.018012    0.079333    0.331016 ^ _2839_/X (sky130_fd_sc_hd__a22o_2)
                                                         _1239_ (net)
                      0.018012    0.000000    0.331016 ^ _2840_/B (sky130_fd_sc_hd__and2_2)
     1    0.001748    0.021774    0.071409    0.402425 ^ _2840_/X (sky130_fd_sc_hd__and2_2)
                                                         _0277_ (net)
                      0.021774    0.000000    0.402425 ^ _3163_/D (sky130_fd_sc_hd__dfxtp_2)
                                              0.402425   data arrival time

                      0.150000    0.000000    0.000000   clock clk (rise edge)
                                  0.000000    0.000000   clock network delay (ideal)
                                  0.250000    0.250000   clock uncertainty
                                  0.000000    0.250000   clock reconvergence pessimism
                                              0.250000 ^ _3163_/CLK (sky130_fd_sc_hd__dfxtp_2)
                                 -0.013819    0.236181   library hold time
                                              0.236181   data required time
---------------------------------------------------------------------------------------------
                                              0.236181   data required time
                                             -0.402425   data arrival time
---------------------------------------------------------------------------------------------
                                              0.166244   slack (MET)


Startpoint: _3100_ (rising edge-triggered flip-flop clocked by clk)
Endpoint: _3201_ (rising edge-triggered flip-flop clocked by clk)
Path Group: clk
Path Type: min

Fanout         Cap        Slew       Delay        Time   Description
---------------------------------------------------------------------------------------------
                      0.150000    0.000000    0.000000   clock clk (rise edge)
                                  0.000000    0.000000   clock network delay (ideal)
                      0.150000    0.000000    0.000000 ^ _3100_/CLK (sky130_fd_sc_hd__dfxtp_2)
     3    0.007879    0.039408    0.229781    0.229781 ^ _3100_/Q (sky130_fd_sc_hd__dfxtp_2)
                                                         result_valid_w (net)
                      0.039408    0.000000    0.229781 ^ _1503_/A (sky130_fd_sc_hd__nand2_2)
    33    0.073777    0.183428    0.149697    0.379478 v _1503_/Y (sky130_fd_sc_hd__nand2_2)
                                                         _1286_ (net)
                      0.183428    0.000000    0.379478 v _2885_/B (sky130_fd_sc_hd__nor2_2)
     1    0.001748    0.057802    0.088064    0.467542 ^ _2885_/Y (sky130_fd_sc_hd__nor2_2)
                                                         _0315_ (net)
                      0.057802    0.000000    0.467542 ^ _3201_/D (sky130_fd_sc_hd__dfxtp_2)
                                              0.467542   data arrival time

                      0.150000    0.000000    0.000000   clock clk (rise edge)
                                  0.000000    0.000000   clock network delay (ideal)
                                  0.250000    0.250000   clock uncertainty
                                  0.000000    0.250000   clock reconvergence pessimism
                                              0.250000 ^ _3201_/CLK (sky130_fd_sc_hd__dfxtp_2)
                                 -0.016325    0.233675   library hold time
                                              0.233675   data required time
---------------------------------------------------------------------------------------------
                                              0.233675   data required time
                                             -0.467542   data arrival time
---------------------------------------------------------------------------------------------
                                              0.233866   slack (MET)


Startpoint: _2936_ (rising edge-triggered flip-flop clocked by clk)
Endpoint: _2948_ (rising edge-triggered flip-flop clocked by clk)
Path Group: clk
Path Type: min

Fanout         Cap        Slew       Delay        Time   Description
---------------------------------------------------------------------------------------------
                      0.150000    0.000000    0.000000   clock clk (rise edge)
                                  0.000000    0.000000   clock network delay (ideal)
                      0.150000    0.000000    0.000000 ^ _2936_/CLK (sky130_fd_sc_hd__dfxtp_2)
     9    0.026315    0.051735    0.255334    0.255334 v _2936_/Q (sky130_fd_sc_hd__dfxtp_2)
                                                         u_core.pe_array[0].u_pe.valid_in (net)
                      0.051735    0.000000    0.255334 v _1589_/A (sky130_fd_sc_hd__and3_2)
    33    0.071749    0.127637    0.215651    0.470984 v _1589_/X (sky130_fd_sc_hd__and3_2)
                                                         _0062_ (net)
                      0.127637    0.000000    0.470984 v _2948_/D (sky130_fd_sc_hd__dfxtp_2)
                                              0.470984   data arrival time

                      0.150000    0.000000    0.000000   clock clk (rise edge)
                                  0.000000    0.000000   clock network delay (ideal)
                                  0.250000    0.250000   clock uncertainty
                                  0.000000    0.250000   clock reconvergence pessimism
                                              0.250000 ^ _2948_/CLK (sky130_fd_sc_hd__dfxtp_2)
                                 -0.055169    0.194831   library hold time
                                              0.194831   data required time
---------------------------------------------------------------------------------------------
                                              0.194831   data required time
                                             -0.470984   data arrival time
---------------------------------------------------------------------------------------------
                                              0.276154   slack (MET)


Startpoint: _2969_ (rising edge-triggered flip-flop clocked by clk)
Endpoint: s_rdata[10] (output port clocked by clk)
Path Group: clk
Path Type: min

Fanout         Cap        Slew       Delay        Time   Description
---------------------------------------------------------------------------------------------
                      0.150000    0.000000    0.000000   clock clk (rise edge)
                                  0.000000    0.000000   clock network delay (ideal)
                      0.150000    0.000000    0.000000 ^ _2969_/CLK (sky130_fd_sc_hd__dfxtp_2)
     2    0.034948    0.063728    0.266583    0.266583 v _2969_/Q (sky130_fd_sc_hd__dfxtp_2)
                                                         s_rdata[10] (net)
                      0.063728    0.000000    0.266583 v s_rdata[10] (out)
                                              0.266583   data arrival time

                      0.150000    0.000000    0.000000   clock clk (rise edge)
                                  0.000000    0.000000   clock network delay (ideal)
                                  0.250000    0.250000   clock uncertainty
                                  0.000000    0.250000   clock reconvergence pessimism
                                 -2.000000   -1.750000   output external delay
                                             -1.750000   data required time
---------------------------------------------------------------------------------------------
                                             -1.750000   data required time
                                             -0.266583   data arrival time
---------------------------------------------------------------------------------------------
                                              2.016582   slack (MET)


Startpoint: _2970_ (rising edge-triggered flip-flop clocked by clk)
Endpoint: s_rdata[11] (output port clocked by clk)
Path Group: clk
Path Type: min

Fanout         Cap        Slew       Delay        Time   Description
---------------------------------------------------------------------------------------------
                      0.150000    0.000000    0.000000   clock clk (rise edge)
                                  0.000000    0.000000   clock network delay (ideal)
                      0.150000    0.000000    0.000000 ^ _2970_/CLK (sky130_fd_sc_hd__dfxtp_2)
     2    0.034948    0.063728    0.266583    0.266583 v _2970_/Q (sky130_fd_sc_hd__dfxtp_2)
                                                         s_rdata[11] (net)
                      0.063728    0.000000    0.266583 v s_rdata[11] (out)
                                              0.266583   data arrival time

                      0.150000    0.000000    0.000000   clock clk (rise edge)
                                  0.000000    0.000000   clock network delay (ideal)
                                  0.250000    0.250000   clock uncertainty
                                  0.000000    0.250000   clock reconvergence pessimism
                                 -2.000000   -1.750000   output external delay
                                             -1.750000   data required time
---------------------------------------------------------------------------------------------
                                             -1.750000   data required time
                                             -0.266583   data arrival time
---------------------------------------------------------------------------------------------
                                              2.016582   slack (MET)


Startpoint: _2971_ (rising edge-triggered flip-flop clocked by clk)
Endpoint: s_rdata[12] (output port clocked by clk)
Path Group: clk
Path Type: min

Fanout         Cap        Slew       Delay        Time   Description
---------------------------------------------------------------------------------------------
                      0.150000    0.000000    0.000000   clock clk (rise edge)
                                  0.000000    0.000000   clock network delay (ideal)
                      0.150000    0.000000    0.000000 ^ _2971_/CLK (sky130_fd_sc_hd__dfxtp_2)
     2    0.034948    0.063728    0.266583    0.266583 v _2971_/Q (sky130_fd_sc_hd__dfxtp_2)
                                                         s_rdata[12] (net)
                      0.063728    0.000000    0.266583 v s_rdata[12] (out)
                                              0.266583   data arrival time

                      0.150000    0.000000    0.000000   clock clk (rise edge)
                                  0.000000    0.000000   clock network delay (ideal)
                                  0.250000    0.250000   clock uncertainty
                                  0.000000    0.250000   clock reconvergence pessimism
                                 -2.000000   -1.750000   output external delay
                                             -1.750000   data required time
---------------------------------------------------------------------------------------------
                                             -1.750000   data required time
                                             -0.266583   data arrival time
---------------------------------------------------------------------------------------------
                                              2.016582   slack (MET)


Startpoint: _2974_ (rising edge-triggered flip-flop clocked by clk)
Endpoint: s_rdata[15] (output port clocked by clk)
Path Group: clk
Path Type: min

Fanout         Cap        Slew       Delay        Time   Description
---------------------------------------------------------------------------------------------
                      0.150000    0.000000    0.000000   clock clk (rise edge)
                                  0.000000    0.000000   clock network delay (ideal)
                      0.150000    0.000000    0.000000 ^ _2974_/CLK (sky130_fd_sc_hd__dfxtp_2)
     2    0.034948    0.063728    0.266583    0.266583 v _2974_/Q (sky130_fd_sc_hd__dfxtp_2)
                                                         s_rdata[15] (net)
                      0.063728    0.000000    0.266583 v s_rdata[15] (out)
                                              0.266583   data arrival time

                      0.150000    0.000000    0.000000   clock clk (rise edge)
                                  0.000000    0.000000   clock network delay (ideal)
                                  0.250000    0.250000   clock uncertainty
                                  0.000000    0.250000   clock reconvergence pessimism
                                 -2.000000   -1.750000   output external delay
                                             -1.750000   data required time
---------------------------------------------------------------------------------------------
                                             -1.750000   data required time
                                             -0.266583   data arrival time
---------------------------------------------------------------------------------------------
                                              2.016582   slack (MET)


Startpoint: _2975_ (rising edge-triggered flip-flop clocked by clk)
Endpoint: s_rdata[16] (output port clocked by clk)
Path Group: clk
Path Type: min

Fanout         Cap        Slew       Delay        Time   Description
---------------------------------------------------------------------------------------------
                      0.150000    0.000000    0.000000   clock clk (rise edge)
                                  0.000000    0.000000   clock network delay (ideal)
                      0.150000    0.000000    0.000000 ^ _2975_/CLK (sky130_fd_sc_hd__dfxtp_2)
     2    0.034948    0.063728    0.266583    0.266583 v _2975_/Q (sky130_fd_sc_hd__dfxtp_2)
                                                         s_rdata[16] (net)
                      0.063728    0.000000    0.266583 v s_rdata[16] (out)
                                              0.266583   data arrival time

                      0.150000    0.000000    0.000000   clock clk (rise edge)
                                  0.000000    0.000000   clock network delay (ideal)
                                  0.250000    0.250000   clock uncertainty
                                  0.000000    0.250000   clock reconvergence pessimism
                                 -2.000000   -1.750000   output external delay
                                             -1.750000   data required time
---------------------------------------------------------------------------------------------
                                             -1.750000   data required time
                                             -0.266583   data arrival time
---------------------------------------------------------------------------------------------
                                              2.016582   slack (MET)


Startpoint: _2976_ (rising edge-triggered flip-flop clocked by clk)
Endpoint: s_rdata[17] (output port clocked by clk)
Path Group: clk
Path Type: min

Fanout         Cap        Slew       Delay        Time   Description
---------------------------------------------------------------------------------------------
                      0.150000    0.000000    0.000000   clock clk (rise edge)
                                  0.000000    0.000000   clock network delay (ideal)
                      0.150000    0.000000    0.000000 ^ _2976_/CLK (sky130_fd_sc_hd__dfxtp_2)
     2    0.034948    0.063728    0.266583    0.266583 v _2976_/Q (sky130_fd_sc_hd__dfxtp_2)
                                                         s_rdata[17] (net)
                      0.063728    0.000000    0.266583 v s_rdata[17] (out)
                                              0.266583   data arrival time

                      0.150000    0.000000    0.000000   clock clk (rise edge)
                                  0.000000    0.000000   clock network delay (ideal)
                                  0.250000    0.250000   clock uncertainty
                                  0.000000    0.250000   clock reconvergence pessimism
                                 -2.000000   -1.750000   output external delay
                                             -1.750000   data required time
---------------------------------------------------------------------------------------------
                                             -1.750000   data required time
                                             -0.266583   data arrival time
---------------------------------------------------------------------------------------------
                                              2.016582   slack (MET)


Startpoint: _2977_ (rising edge-triggered flip-flop clocked by clk)
Endpoint: s_rdata[18] (output port clocked by clk)
Path Group: clk
Path Type: min

Fanout         Cap        Slew       Delay        Time   Description
---------------------------------------------------------------------------------------------
                      0.150000    0.000000    0.000000   clock clk (rise edge)
                                  0.000000    0.000000   clock network delay (ideal)
                      0.150000    0.000000    0.000000 ^ _2977_/CLK (sky130_fd_sc_hd__dfxtp_2)
     2    0.034948    0.063728    0.266583    0.266583 v _2977_/Q (sky130_fd_sc_hd__dfxtp_2)
                                                         s_rdata[18] (net)
                      0.063728    0.000000    0.266583 v s_rdata[18] (out)
                                              0.266583   data arrival time

                      0.150000    0.000000    0.000000   clock clk (rise edge)
                                  0.000000    0.000000   clock network delay (ideal)
                                  0.250000    0.250000   clock uncertainty
                                  0.000000    0.250000   clock reconvergence pessimism
                                 -2.000000   -1.750000   output external delay
                                             -1.750000   data required time
---------------------------------------------------------------------------------------------
                                             -1.750000   data required time
                                             -0.266583   data arrival time
---------------------------------------------------------------------------------------------
                                              2.016582   slack (MET)


Startpoint: _2978_ (rising edge-triggered flip-flop clocked by clk)
Endpoint: s_rdata[19] (output port clocked by clk)
Path Group: clk
Path Type: min

Fanout         Cap        Slew       Delay        Time   Description
---------------------------------------------------------------------------------------------
                      0.150000    0.000000    0.000000   clock clk (rise edge)
                                  0.000000    0.000000   clock network delay (ideal)
                      0.150000    0.000000    0.000000 ^ _2978_/CLK (sky130_fd_sc_hd__dfxtp_2)
     2    0.034948    0.063728    0.266583    0.266583 v _2978_/Q (sky130_fd_sc_hd__dfxtp_2)
                                                         s_rdata[19] (net)
                      0.063728    0.000000    0.266583 v s_rdata[19] (out)
                                              0.266583   data arrival time

                      0.150000    0.000000    0.000000   clock clk (rise edge)
                                  0.000000    0.000000   clock network delay (ideal)
                                  0.250000    0.250000   clock uncertainty
                                  0.000000    0.250000   clock reconvergence pessimism
                                 -2.000000   -1.750000   output external delay
                                             -1.750000   data required time
---------------------------------------------------------------------------------------------
                                             -1.750000   data required time
                                             -0.266583   data arrival time
---------------------------------------------------------------------------------------------
                                              2.016582   slack (MET)


Startpoint: _2980_ (rising edge-triggered flip-flop clocked by clk)
Endpoint: s_rdata[21] (output port clocked by clk)
Path Group: clk
Path Type: min

Fanout         Cap        Slew       Delay        Time   Description
---------------------------------------------------------------------------------------------
                      0.150000    0.000000    0.000000   clock clk (rise edge)
                                  0.000000    0.000000   clock network delay (ideal)
                      0.150000    0.000000    0.000000 ^ _2980_/CLK (sky130_fd_sc_hd__dfxtp_2)
     2    0.034948    0.063728    0.266583    0.266583 v _2980_/Q (sky130_fd_sc_hd__dfxtp_2)
                                                         s_rdata[21] (net)
                      0.063728    0.000000    0.266583 v s_rdata[21] (out)
                                              0.266583   data arrival time

                      0.150000    0.000000    0.000000   clock clk (rise edge)
                                  0.000000    0.000000   clock network delay (ideal)
                                  0.250000    0.250000   clock uncertainty
                                  0.000000    0.250000   clock reconvergence pessimism
                                 -2.000000   -1.750000   output external delay
                                             -1.750000   data required time
---------------------------------------------------------------------------------------------
                                             -1.750000   data required time
                                             -0.266583   data arrival time
---------------------------------------------------------------------------------------------
                                              2.016582   slack (MET)


Startpoint: _2981_ (rising edge-triggered flip-flop clocked by clk)
Endpoint: s_rdata[22] (output port clocked by clk)
Path Group: clk
Path Type: min

Fanout         Cap        Slew       Delay        Time   Description
---------------------------------------------------------------------------------------------
                      0.150000    0.000000    0.000000   clock clk (rise edge)
                                  0.000000    0.000000   clock network delay (ideal)
                      0.150000    0.000000    0.000000 ^ _2981_/CLK (sky130_fd_sc_hd__dfxtp_2)
     2    0.034948    0.063728    0.266583    0.266583 v _2981_/Q (sky130_fd_sc_hd__dfxtp_2)
                                                         s_rdata[22] (net)
                      0.063728    0.000000    0.266583 v s_rdata[22] (out)
                                              0.266583   data arrival time

                      0.150000    0.000000    0.000000   clock clk (rise edge)
                                  0.000000    0.000000   clock network delay (ideal)
                                  0.250000    0.250000   clock uncertainty
                                  0.000000    0.250000   clock reconvergence pessimism
                                 -2.000000   -1.750000   output external delay
                                             -1.750000   data required time
---------------------------------------------------------------------------------------------
                                             -1.750000   data required time
                                             -0.266583   data arrival time
---------------------------------------------------------------------------------------------
                                              2.016582   slack (MET)


Startpoint: _2982_ (rising edge-triggered flip-flop clocked by clk)
Endpoint: s_rdata[23] (output port clocked by clk)
Path Group: clk
Path Type: min

Fanout         Cap        Slew       Delay        Time   Description
---------------------------------------------------------------------------------------------
                      0.150000    0.000000    0.000000   clock clk (rise edge)
                                  0.000000    0.000000   clock network delay (ideal)
                      0.150000    0.000000    0.000000 ^ _2982_/CLK (sky130_fd_sc_hd__dfxtp_2)
     2    0.034948    0.063728    0.266583    0.266583 v _2982_/Q (sky130_fd_sc_hd__dfxtp_2)
                                                         s_rdata[23] (net)
                      0.063728    0.000000    0.266583 v s_rdata[23] (out)
                                              0.266583   data arrival time

                      0.150000    0.000000    0.000000   clock clk (rise edge)
                                  0.000000    0.000000   clock network delay (ideal)
                                  0.250000    0.250000   clock uncertainty
                                  0.000000    0.250000   clock reconvergence pessimism
                                 -2.000000   -1.750000   output external delay
                                             -1.750000   data required time
---------------------------------------------------------------------------------------------
                                             -1.750000   data required time
                                             -0.266583   data arrival time
---------------------------------------------------------------------------------------------
                                              2.016582   slack (MET)


Startpoint: _2983_ (rising edge-triggered flip-flop clocked by clk)
Endpoint: s_rdata[24] (output port clocked by clk)
Path Group: clk
Path Type: min

Fanout         Cap        Slew       Delay        Time   Description
---------------------------------------------------------------------------------------------
                      0.150000    0.000000    0.000000   clock clk (rise edge)
                                  0.000000    0.000000   clock network delay (ideal)
                      0.150000    0.000000    0.000000 ^ _2983_/CLK (sky130_fd_sc_hd__dfxtp_2)
     2    0.034948    0.063728    0.266583    0.266583 v _2983_/Q (sky130_fd_sc_hd__dfxtp_2)
                                                         s_rdata[24] (net)
                      0.063728    0.000000    0.266583 v s_rdata[24] (out)
                                              0.266583   data arrival time

                      0.150000    0.000000    0.000000   clock clk (rise edge)
                                  0.000000    0.000000   clock network delay (ideal)
                                  0.250000    0.250000   clock uncertainty
                                  0.000000    0.250000   clock reconvergence pessimism
                                 -2.000000   -1.750000   output external delay
                                             -1.750000   data required time
---------------------------------------------------------------------------------------------
                                             -1.750000   data required time
                                             -0.266583   data arrival time
---------------------------------------------------------------------------------------------
                                              2.016582   slack (MET)


Startpoint: _2985_ (rising edge-triggered flip-flop clocked by clk)
Endpoint: s_rdata[26] (output port clocked by clk)
Path Group: clk
Path Type: min

Fanout         Cap        Slew       Delay        Time   Description
---------------------------------------------------------------------------------------------
                      0.150000    0.000000    0.000000   clock clk (rise edge)
                                  0.000000    0.000000   clock network delay (ideal)
                      0.150000    0.000000    0.000000 ^ _2985_/CLK (sky130_fd_sc_hd__dfxtp_2)
     2    0.034948    0.063728    0.266583    0.266583 v _2985_/Q (sky130_fd_sc_hd__dfxtp_2)
                                                         s_rdata[26] (net)
                      0.063728    0.000000    0.266583 v s_rdata[26] (out)
                                              0.266583   data arrival time

                      0.150000    0.000000    0.000000   clock clk (rise edge)
                                  0.000000    0.000000   clock network delay (ideal)
                                  0.250000    0.250000   clock uncertainty
                                  0.000000    0.250000   clock reconvergence pessimism
                                 -2.000000   -1.750000   output external delay
                                             -1.750000   data required time
---------------------------------------------------------------------------------------------
                                             -1.750000   data required time
                                             -0.266583   data arrival time
---------------------------------------------------------------------------------------------
                                              2.016582   slack (MET)


Startpoint: _2986_ (rising edge-triggered flip-flop clocked by clk)
Endpoint: s_rdata[27] (output port clocked by clk)
Path Group: clk
Path Type: min

Fanout         Cap        Slew       Delay        Time   Description
---------------------------------------------------------------------------------------------
                      0.150000    0.000000    0.000000   clock clk (rise edge)
                                  0.000000    0.000000   clock network delay (ideal)
                      0.150000    0.000000    0.000000 ^ _2986_/CLK (sky130_fd_sc_hd__dfxtp_2)
     2    0.034948    0.063728    0.266583    0.266583 v _2986_/Q (sky130_fd_sc_hd__dfxtp_2)
                                                         s_rdata[27] (net)
                      0.063728    0.000000    0.266583 v s_rdata[27] (out)
                                              0.266583   data arrival time

                      0.150000    0.000000    0.000000   clock clk (rise edge)
                                  0.000000    0.000000   clock network delay (ideal)
                                  0.250000    0.250000   clock uncertainty
                                  0.000000    0.250000   clock reconvergence pessimism
                                 -2.000000   -1.750000   output external delay
                                             -1.750000   data required time
---------------------------------------------------------------------------------------------
                                             -1.750000   data required time
                                             -0.266583   data arrival time
---------------------------------------------------------------------------------------------
                                              2.016582   slack (MET)


Startpoint: _2988_ (rising edge-triggered flip-flop clocked by clk)
Endpoint: s_rdata[29] (output port clocked by clk)
Path Group: clk
Path Type: min

Fanout         Cap        Slew       Delay        Time   Description
---------------------------------------------------------------------------------------------
                      0.150000    0.000000    0.000000   clock clk (rise edge)
                                  0.000000    0.000000   clock network delay (ideal)
                      0.150000    0.000000    0.000000 ^ _2988_/CLK (sky130_fd_sc_hd__dfxtp_2)
     2    0.034948    0.063728    0.266583    0.266583 v _2988_/Q (sky130_fd_sc_hd__dfxtp_2)
                                                         s_rdata[29] (net)
                      0.063728    0.000000    0.266583 v s_rdata[29] (out)
                                              0.266583   data arrival time

                      0.150000    0.000000    0.000000   clock clk (rise edge)
                                  0.000000    0.000000   clock network delay (ideal)
                                  0.250000    0.250000   clock uncertainty
                                  0.000000    0.250000   clock reconvergence pessimism
                                 -2.000000   -1.750000   output external delay
                                             -1.750000   data required time
---------------------------------------------------------------------------------------------
                                             -1.750000   data required time
                                             -0.266583   data arrival time
---------------------------------------------------------------------------------------------
                                              2.016582   slack (MET)


Startpoint: _2989_ (rising edge-triggered flip-flop clocked by clk)
Endpoint: s_rdata[30] (output port clocked by clk)
Path Group: clk
Path Type: min

Fanout         Cap        Slew       Delay        Time   Description
---------------------------------------------------------------------------------------------
                      0.150000    0.000000    0.000000   clock clk (rise edge)
                                  0.000000    0.000000   clock network delay (ideal)
                      0.150000    0.000000    0.000000 ^ _2989_/CLK (sky130_fd_sc_hd__dfxtp_2)
     2    0.034948    0.063728    0.266583    0.266583 v _2989_/Q (sky130_fd_sc_hd__dfxtp_2)
                                                         s_rdata[30] (net)
                      0.063728    0.000000    0.266583 v s_rdata[30] (out)
                                              0.266583   data arrival time

                      0.150000    0.000000    0.000000   clock clk (rise edge)
                                  0.000000    0.000000   clock network delay (ideal)
                                  0.250000    0.250000   clock uncertainty
                                  0.000000    0.250000   clock reconvergence pessimism
                                 -2.000000   -1.750000   output external delay
                                             -1.750000   data required time
---------------------------------------------------------------------------------------------
                                             -1.750000   data required time
                                             -0.266583   data arrival time
---------------------------------------------------------------------------------------------
                                              2.016582   slack (MET)


Startpoint: _2990_ (rising edge-triggered flip-flop clocked by clk)
Endpoint: s_rdata[31] (output port clocked by clk)
Path Group: clk
Path Type: min

Fanout         Cap        Slew       Delay        Time   Description
---------------------------------------------------------------------------------------------
                      0.150000    0.000000    0.000000   clock clk (rise edge)
                                  0.000000    0.000000   clock network delay (ideal)
                      0.150000    0.000000    0.000000 ^ _2990_/CLK (sky130_fd_sc_hd__dfxtp_2)
     2    0.034948    0.063728    0.266583    0.266583 v _2990_/Q (sky130_fd_sc_hd__dfxtp_2)
                                                         s_rdata[31] (net)
                      0.063728    0.000000    0.266583 v s_rdata[31] (out)
                                              0.266583   data arrival time

                      0.150000    0.000000    0.000000   clock clk (rise edge)
                                  0.000000    0.000000   clock network delay (ideal)
                                  0.250000    0.250000   clock uncertainty
                                  0.000000    0.250000   clock reconvergence pessimism
                                 -2.000000   -1.750000   output external delay
                                             -1.750000   data required time
---------------------------------------------------------------------------------------------
                                             -1.750000   data required time
                                             -0.266583   data arrival time
---------------------------------------------------------------------------------------------
                                              2.016582   slack (MET)


Startpoint: _2963_ (rising edge-triggered flip-flop clocked by clk)
Endpoint: s_rdata[4] (output port clocked by clk)
Path Group: clk
Path Type: min

Fanout         Cap        Slew       Delay        Time   Description
---------------------------------------------------------------------------------------------
                      0.150000    0.000000    0.000000   clock clk (rise edge)
                                  0.000000    0.000000   clock network delay (ideal)
                      0.150000    0.000000    0.000000 ^ _2963_/CLK (sky130_fd_sc_hd__dfxtp_2)
     2    0.034948    0.063728    0.266583    0.266583 v _2963_/Q (sky130_fd_sc_hd__dfxtp_2)
                                                         s_rdata[4] (net)
                      0.063728    0.000000    0.266583 v s_rdata[4] (out)
                                              0.266583   data arrival time

                      0.150000    0.000000    0.000000   clock clk (rise edge)
                                  0.000000    0.000000   clock network delay (ideal)
                                  0.250000    0.250000   clock uncertainty
                                  0.000000    0.250000   clock reconvergence pessimism
                                 -2.000000   -1.750000   output external delay
                                             -1.750000   data required time
---------------------------------------------------------------------------------------------
                                             -1.750000   data required time
                                             -0.266583   data arrival time
---------------------------------------------------------------------------------------------
                                              2.016582   slack (MET)


Startpoint: _2966_ (rising edge-triggered flip-flop clocked by clk)
Endpoint: s_rdata[7] (output port clocked by clk)
Path Group: clk
Path Type: min

Fanout         Cap        Slew       Delay        Time   Description
---------------------------------------------------------------------------------------------
                      0.150000    0.000000    0.000000   clock clk (rise edge)
                                  0.000000    0.000000   clock network delay (ideal)
                      0.150000    0.000000    0.000000 ^ _2966_/CLK (sky130_fd_sc_hd__dfxtp_2)
     2    0.034948    0.063728    0.266583    0.266583 v _2966_/Q (sky130_fd_sc_hd__dfxtp_2)
                                                         s_rdata[7] (net)
                      0.063728    0.000000    0.266583 v s_rdata[7] (out)
                                              0.266583   data arrival time

                      0.150000    0.000000    0.000000   clock clk (rise edge)
                                  0.000000    0.000000   clock network delay (ideal)
                                  0.250000    0.250000   clock uncertainty
                                  0.000000    0.250000   clock reconvergence pessimism
                                 -2.000000   -1.750000   output external delay
                                             -1.750000   data required time
---------------------------------------------------------------------------------------------
                                             -1.750000   data required time
                                             -0.266583   data arrival time
---------------------------------------------------------------------------------------------
                                              2.016582   slack (MET)


Startpoint: _2967_ (rising edge-triggered flip-flop clocked by clk)
Endpoint: s_rdata[8] (output port clocked by clk)
Path Group: clk
Path Type: min

Fanout         Cap        Slew       Delay        Time   Description
---------------------------------------------------------------------------------------------
                      0.150000    0.000000    0.000000   clock clk (rise edge)
                                  0.000000    0.000000   clock network delay (ideal)
                      0.150000    0.000000    0.000000 ^ _2967_/CLK (sky130_fd_sc_hd__dfxtp_2)
     2    0.034948    0.063728    0.266583    0.266583 v _2967_/Q (sky130_fd_sc_hd__dfxtp_2)
                                                         s_rdata[8] (net)
                      0.063728    0.000000    0.266583 v s_rdata[8] (out)
                                              0.266583   data arrival time

                      0.150000    0.000000    0.000000   clock clk (rise edge)
                                  0.000000    0.000000   clock network delay (ideal)
                                  0.250000    0.250000   clock uncertainty
                                  0.000000    0.250000   clock reconvergence pessimism
                                 -2.000000   -1.750000   output external delay
                                             -1.750000   data required time
---------------------------------------------------------------------------------------------
                                             -1.750000   data required time
                                             -0.266583   data arrival time
---------------------------------------------------------------------------------------------
                                              2.016582   slack (MET)


Startpoint: _2959_ (rising edge-triggered flip-flop clocked by clk)
Endpoint: s_rdata[0] (output port clocked by clk)
Path Group: clk
Path Type: min

Fanout         Cap        Slew       Delay        Time   Description
---------------------------------------------------------------------------------------------
                      0.150000    0.000000    0.000000   clock clk (rise edge)
                                  0.000000    0.000000   clock network delay (ideal)
                      0.150000    0.000000    0.000000 ^ _2959_/CLK (sky130_fd_sc_hd__dfxtp_2)
     2    0.035706    0.064781    0.267570    0.267570 v _2959_/Q (sky130_fd_sc_hd__dfxtp_2)
                                                         s_rdata[0] (net)
                      0.064781    0.000000    0.267570 v s_rdata[0] (out)
                                              0.267570   data arrival time

                      0.150000    0.000000    0.000000   clock clk (rise edge)
                                  0.000000    0.000000   clock network delay (ideal)
                                  0.250000    0.250000   clock uncertainty
                                  0.000000    0.250000   clock reconvergence pessimism
                                 -2.000000   -1.750000   output external delay
                                             -1.750000   data required time
---------------------------------------------------------------------------------------------
                                             -1.750000   data required time
                                             -0.267570   data arrival time
---------------------------------------------------------------------------------------------
                                              2.017570   slack (MET)


Startpoint: _2972_ (rising edge-triggered flip-flop clocked by clk)
Endpoint: s_rdata[13] (output port clocked by clk)
Path Group: clk
Path Type: min

Fanout         Cap        Slew       Delay        Time   Description
---------------------------------------------------------------------------------------------
                      0.150000    0.000000    0.000000   clock clk (rise edge)
                                  0.000000    0.000000   clock network delay (ideal)
                      0.150000    0.000000    0.000000 ^ _2972_/CLK (sky130_fd_sc_hd__dfxtp_2)
     2    0.035706    0.064781    0.267570    0.267570 v _2972_/Q (sky130_fd_sc_hd__dfxtp_2)
                                                         s_rdata[13] (net)
                      0.064781    0.000000    0.267570 v s_rdata[13] (out)
                                              0.267570   data arrival time

                      0.150000    0.000000    0.000000   clock clk (rise edge)
                                  0.000000    0.000000   clock network delay (ideal)
                                  0.250000    0.250000   clock uncertainty
                                  0.000000    0.250000   clock reconvergence pessimism
                                 -2.000000   -1.750000   output external delay
                                             -1.750000   data required time
---------------------------------------------------------------------------------------------
                                             -1.750000   data required time
                                             -0.267570   data arrival time
---------------------------------------------------------------------------------------------
                                              2.017570   slack (MET)


Startpoint: _2973_ (rising edge-triggered flip-flop clocked by clk)
Endpoint: s_rdata[14] (output port clocked by clk)
Path Group: clk
Path Type: min

Fanout         Cap        Slew       Delay        Time   Description
---------------------------------------------------------------------------------------------
                      0.150000    0.000000    0.000000   clock clk (rise edge)
                                  0.000000    0.000000   clock network delay (ideal)
                      0.150000    0.000000    0.000000 ^ _2973_/CLK (sky130_fd_sc_hd__dfxtp_2)
     2    0.035706    0.064781    0.267570    0.267570 v _2973_/Q (sky130_fd_sc_hd__dfxtp_2)
                                                         s_rdata[14] (net)
                      0.064781    0.000000    0.267570 v s_rdata[14] (out)
                                              0.267570   data arrival time

                      0.150000    0.000000    0.000000   clock clk (rise edge)
                                  0.000000    0.000000   clock network delay (ideal)
                                  0.250000    0.250000   clock uncertainty
                                  0.000000    0.250000   clock reconvergence pessimism
                                 -2.000000   -1.750000   output external delay
                                             -1.750000   data required time
---------------------------------------------------------------------------------------------
                                             -1.750000   data required time
                                             -0.267570   data arrival time
---------------------------------------------------------------------------------------------
                                              2.017570   slack (MET)


Startpoint: _2960_ (rising edge-triggered flip-flop clocked by clk)
Endpoint: s_rdata[1] (output port clocked by clk)
Path Group: clk
Path Type: min

Fanout         Cap        Slew       Delay        Time   Description
---------------------------------------------------------------------------------------------
                      0.150000    0.000000    0.000000   clock clk (rise edge)
                                  0.000000    0.000000   clock network delay (ideal)
                      0.150000    0.000000    0.000000 ^ _2960_/CLK (sky130_fd_sc_hd__dfxtp_2)
     2    0.035706    0.064781    0.267570    0.267570 v _2960_/Q (sky130_fd_sc_hd__dfxtp_2)
                                                         s_rdata[1] (net)
                      0.064781    0.000000    0.267570 v s_rdata[1] (out)
                                              0.267570   data arrival time

                      0.150000    0.000000    0.000000   clock clk (rise edge)
                                  0.000000    0.000000   clock network delay (ideal)
                                  0.250000    0.250000   clock uncertainty
                                  0.000000    0.250000   clock reconvergence pessimism
                                 -2.000000   -1.750000   output external delay
                                             -1.750000   data required time
---------------------------------------------------------------------------------------------
                                             -1.750000   data required time
                                             -0.267570   data arrival time
---------------------------------------------------------------------------------------------
                                              2.017570   slack (MET)


Startpoint: _2979_ (rising edge-triggered flip-flop clocked by clk)
Endpoint: s_rdata[20] (output port clocked by clk)
Path Group: clk
Path Type: min

Fanout         Cap        Slew       Delay        Time   Description
---------------------------------------------------------------------------------------------
                      0.150000    0.000000    0.000000   clock clk (rise edge)
                                  0.000000    0.000000   clock network delay (ideal)
                      0.150000    0.000000    0.000000 ^ _2979_/CLK (sky130_fd_sc_hd__dfxtp_2)
     2    0.035706    0.064781    0.267570    0.267570 v _2979_/Q (sky130_fd_sc_hd__dfxtp_2)
                                                         s_rdata[20] (net)
                      0.064781    0.000000    0.267570 v s_rdata[20] (out)
                                              0.267570   data arrival time

                      0.150000    0.000000    0.000000   clock clk (rise edge)
                                  0.000000    0.000000   clock network delay (ideal)
                                  0.250000    0.250000   clock uncertainty
                                  0.000000    0.250000   clock reconvergence pessimism
                                 -2.000000   -1.750000   output external delay
                                             -1.750000   data required time
---------------------------------------------------------------------------------------------
                                             -1.750000   data required time
                                             -0.267570   data arrival time
---------------------------------------------------------------------------------------------
                                              2.017570   slack (MET)


Startpoint: _2984_ (rising edge-triggered flip-flop clocked by clk)
Endpoint: s_rdata[25] (output port clocked by clk)
Path Group: clk
Path Type: min

Fanout         Cap        Slew       Delay        Time   Description
---------------------------------------------------------------------------------------------
                      0.150000    0.000000    0.000000   clock clk (rise edge)
                                  0.000000    0.000000   clock network delay (ideal)
                      0.150000    0.000000    0.000000 ^ _2984_/CLK (sky130_fd_sc_hd__dfxtp_2)
     2    0.035706    0.064781    0.267570    0.267570 v _2984_/Q (sky130_fd_sc_hd__dfxtp_2)
                                                         s_rdata[25] (net)
                      0.064781    0.000000    0.267570 v s_rdata[25] (out)
                                              0.267570   data arrival time

                      0.150000    0.000000    0.000000   clock clk (rise edge)
                                  0.000000    0.000000   clock network delay (ideal)
                                  0.250000    0.250000   clock uncertainty
                                  0.000000    0.250000   clock reconvergence pessimism
                                 -2.000000   -1.750000   output external delay
                                             -1.750000   data required time
---------------------------------------------------------------------------------------------
                                             -1.750000   data required time
                                             -0.267570   data arrival time
---------------------------------------------------------------------------------------------
                                              2.017570   slack (MET)


Startpoint: _2987_ (rising edge-triggered flip-flop clocked by clk)
Endpoint: s_rdata[28] (output port clocked by clk)
Path Group: clk
Path Type: min

Fanout         Cap        Slew       Delay        Time   Description
---------------------------------------------------------------------------------------------
                      0.150000    0.000000    0.000000   clock clk (rise edge)
                                  0.000000    0.000000   clock network delay (ideal)
                      0.150000    0.000000    0.000000 ^ _2987_/CLK (sky130_fd_sc_hd__dfxtp_2)
     2    0.035706    0.064781    0.267570    0.267570 v _2987_/Q (sky130_fd_sc_hd__dfxtp_2)
                                                         s_rdata[28] (net)
                      0.064781    0.000000    0.267570 v s_rdata[28] (out)
                                              0.267570   data arrival time

                      0.150000    0.000000    0.000000   clock clk (rise edge)
                                  0.000000    0.000000   clock network delay (ideal)
                                  0.250000    0.250000   clock uncertainty
                                  0.000000    0.250000   clock reconvergence pessimism
                                 -2.000000   -1.750000   output external delay
                                             -1.750000   data required time
---------------------------------------------------------------------------------------------
                                             -1.750000   data required time
                                             -0.267570   data arrival time
---------------------------------------------------------------------------------------------
                                              2.017570   slack (MET)


Startpoint: _2961_ (rising edge-triggered flip-flop clocked by clk)
Endpoint: s_rdata[2] (output port clocked by clk)
Path Group: clk
Path Type: min

Fanout         Cap        Slew       Delay        Time   Description
---------------------------------------------------------------------------------------------
                      0.150000    0.000000    0.000000   clock clk (rise edge)
                                  0.000000    0.000000   clock network delay (ideal)
                      0.150000    0.000000    0.000000 ^ _2961_/CLK (sky130_fd_sc_hd__dfxtp_2)
     2    0.035706    0.064781    0.267570    0.267570 v _2961_/Q (sky130_fd_sc_hd__dfxtp_2)
                                                         s_rdata[2] (net)
                      0.064781    0.000000    0.267570 v s_rdata[2] (out)
                                              0.267570   data arrival time

                      0.150000    0.000000    0.000000   clock clk (rise edge)
                                  0.000000    0.000000   clock network delay (ideal)
                                  0.250000    0.250000   clock uncertainty
                                  0.000000    0.250000   clock reconvergence pessimism
                                 -2.000000   -1.750000   output external delay
                                             -1.750000   data required time
---------------------------------------------------------------------------------------------
                                             -1.750000   data required time
                                             -0.267570   data arrival time
---------------------------------------------------------------------------------------------
                                              2.017570   slack (MET)


Startpoint: _2962_ (rising edge-triggered flip-flop clocked by clk)
Endpoint: s_rdata[3] (output port clocked by clk)
Path Group: clk
Path Type: min

Fanout         Cap        Slew       Delay        Time   Description
---------------------------------------------------------------------------------------------
                      0.150000    0.000000    0.000000   clock clk (rise edge)
                                  0.000000    0.000000   clock network delay (ideal)
                      0.150000    0.000000    0.000000 ^ _2962_/CLK (sky130_fd_sc_hd__dfxtp_2)
     2    0.035706    0.064781    0.267570    0.267570 v _2962_/Q (sky130_fd_sc_hd__dfxtp_2)
                                                         s_rdata[3] (net)
                      0.064781    0.000000    0.267570 v s_rdata[3] (out)
                                              0.267570   data arrival time

                      0.150000    0.000000    0.000000   clock clk (rise edge)
                                  0.000000    0.000000   clock network delay (ideal)
                                  0.250000    0.250000   clock uncertainty
                                  0.000000    0.250000   clock reconvergence pessimism
                                 -2.000000   -1.750000   output external delay
                                             -1.750000   data required time
---------------------------------------------------------------------------------------------
                                             -1.750000   data required time
                                             -0.267570   data arrival time
---------------------------------------------------------------------------------------------
                                              2.017570   slack (MET)


Startpoint: _2968_ (rising edge-triggered flip-flop clocked by clk)
Endpoint: s_rdata[9] (output port clocked by clk)
Path Group: clk
Path Type: min

Fanout         Cap        Slew       Delay        Time   Description
---------------------------------------------------------------------------------------------
                      0.150000    0.000000    0.000000   clock clk (rise edge)
                                  0.000000    0.000000   clock network delay (ideal)
                      0.150000    0.000000    0.000000 ^ _2968_/CLK (sky130_fd_sc_hd__dfxtp_2)
     2    0.035706    0.064781    0.267570    0.267570 v _2968_/Q (sky130_fd_sc_hd__dfxtp_2)
                                                         s_rdata[9] (net)
                      0.064781    0.000000    0.267570 v s_rdata[9] (out)
                                              0.267570   data arrival time

                      0.150000    0.000000    0.000000   clock clk (rise edge)
                                  0.000000    0.000000   clock network delay (ideal)
                                  0.250000    0.250000   clock uncertainty
                                  0.000000    0.250000   clock reconvergence pessimism
                                 -2.000000   -1.750000   output external delay
                                             -1.750000   data required time
---------------------------------------------------------------------------------------------
                                             -1.750000   data required time
                                             -0.267570   data arrival time
---------------------------------------------------------------------------------------------
                                              2.017570   slack (MET)


Startpoint: _2964_ (rising edge-triggered flip-flop clocked by clk)
Endpoint: s_rdata[5] (output port clocked by clk)
Path Group: clk
Path Type: min

Fanout         Cap        Slew       Delay        Time   Description
---------------------------------------------------------------------------------------------
                      0.150000    0.000000    0.000000   clock clk (rise edge)
                                  0.000000    0.000000   clock network delay (ideal)
                      0.150000    0.000000    0.000000 ^ _2964_/CLK (sky130_fd_sc_hd__dfxtp_2)
     2    0.035743    0.064833    0.267619    0.267619 v _2964_/Q (sky130_fd_sc_hd__dfxtp_2)
                                                         s_rdata[5] (net)
                      0.064833    0.000000    0.267619 v s_rdata[5] (out)
                                              0.267619   data arrival time

                      0.150000    0.000000    0.000000   clock clk (rise edge)
                                  0.000000    0.000000   clock network delay (ideal)
                                  0.250000    0.250000   clock uncertainty
                                  0.000000    0.250000   clock reconvergence pessimism
                                 -2.000000   -1.750000   output external delay
                                             -1.750000   data required time
---------------------------------------------------------------------------------------------
                                             -1.750000   data required time
                                             -0.267619   data arrival time
---------------------------------------------------------------------------------------------
                                              2.017619   slack (MET)


Startpoint: _2965_ (rising edge-triggered flip-flop clocked by clk)
Endpoint: s_rdata[6] (output port clocked by clk)
Path Group: clk
Path Type: min

Fanout         Cap        Slew       Delay        Time   Description
---------------------------------------------------------------------------------------------
                      0.150000    0.000000    0.000000   clock clk (rise edge)
                                  0.000000    0.000000   clock network delay (ideal)
                      0.150000    0.000000    0.000000 ^ _2965_/CLK (sky130_fd_sc_hd__dfxtp_2)
     2    0.035743    0.064833    0.267619    0.267619 v _2965_/Q (sky130_fd_sc_hd__dfxtp_2)
                                                         s_rdata[6] (net)
                      0.064833    0.000000    0.267619 v s_rdata[6] (out)
                                              0.267619   data arrival time

                      0.150000    0.000000    0.000000   clock clk (rise edge)
                                  0.000000    0.000000   clock network delay (ideal)
                                  0.250000    0.250000   clock uncertainty
                                  0.000000    0.250000   clock reconvergence pessimism
                                 -2.000000   -1.750000   output external delay
                                             -1.750000   data required time
---------------------------------------------------------------------------------------------
                                             -1.750000   data required time
                                             -0.267619   data arrival time
---------------------------------------------------------------------------------------------
                                              2.017619   slack (MET)


Startpoint: _2958_ (rising edge-triggered flip-flop clocked by clk)
Endpoint: s_rvalid (output port clocked by clk)
Path Group: clk
Path Type: min

Fanout         Cap        Slew       Delay        Time   Description
---------------------------------------------------------------------------------------------
                      0.150000    0.000000    0.000000   clock clk (rise edge)
                                  0.000000    0.000000   clock network delay (ideal)
                      0.150000    0.000000    0.000000 ^ _2958_/CLK (sky130_fd_sc_hd__dfxtp_2)
     4    0.038661    0.068887    0.271421    0.271421 v _2958_/Q (sky130_fd_sc_hd__dfxtp_2)
                                                         s_rvalid (net)
                      0.068887    0.000000    0.271421 v s_rvalid (out)
                                              0.271421   data arrival time

                      0.150000    0.000000    0.000000   clock clk (rise edge)
                                  0.000000    0.000000   clock network delay (ideal)
                                  0.250000    0.250000   clock uncertainty
                                  0.000000    0.250000   clock reconvergence pessimism
                                 -2.000000   -1.750000   output external delay
                                             -1.750000   data required time
---------------------------------------------------------------------------------------------
                                             -1.750000   data required time
                                             -0.271421   data arrival time
---------------------------------------------------------------------------------------------
                                              2.021421   slack (MET)


Startpoint: _2994_ (rising edge-triggered flip-flop clocked by clk)
Endpoint: s_bvalid (output port clocked by clk)
Path Group: clk
Path Type: min

Fanout         Cap        Slew       Delay        Time   Description
---------------------------------------------------------------------------------------------
                      0.150000    0.000000    0.000000   clock clk (rise edge)
                                  0.000000    0.000000   clock network delay (ideal)
                      0.150000    0.000000    0.000000 ^ _2994_/CLK (sky130_fd_sc_hd__dfxtp_2)
     3    0.039968    0.070703    0.273124    0.273124 v _2994_/Q (sky130_fd_sc_hd__dfxtp_2)
                                                         s_bvalid (net)
                      0.070703    0.000000    0.273124 v s_bvalid (out)
                                              0.273124   data arrival time

                      0.150000    0.000000    0.000000   clock clk (rise edge)
                                  0.000000    0.000000   clock network delay (ideal)
                                  0.250000    0.250000   clock uncertainty
                                  0.000000    0.250000   clock reconvergence pessimism
                                 -2.000000   -1.750000   output external delay
                                             -1.750000   data required time
---------------------------------------------------------------------------------------------
                                             -1.750000   data required time
                                             -0.273124   data arrival time
---------------------------------------------------------------------------------------------
                                              2.023124   slack (MET)


Startpoint: _2957_ (rising edge-triggered flip-flop clocked by clk)
Endpoint: s_arready (output port clocked by clk)
Path Group: clk
Path Type: min

Fanout         Cap        Slew       Delay        Time   Description
---------------------------------------------------------------------------------------------
                      0.150000    0.000000    0.000000   clock clk (rise edge)
                                  0.000000    0.000000   clock network delay (ideal)
                      0.150000    0.000000    0.000000 ^ _2957_/CLK (sky130_fd_sc_hd__dfxtp_2)
     5    0.043821    0.076112    0.278050    0.278050 v _2957_/Q (sky130_fd_sc_hd__dfxtp_2)
                                                         s_arready (net)
                      0.076112    0.000000    0.278050 v s_arready (out)
                                              0.278050   data arrival time

                      0.150000    0.000000    0.000000   clock clk (rise edge)
                                  0.000000    0.000000   clock network delay (ideal)
                                  0.250000    0.250000   clock uncertainty
                                  0.000000    0.250000   clock reconvergence pessimism
                                 -2.000000   -1.750000   output external delay
                                             -1.750000   data required time
---------------------------------------------------------------------------------------------
                                             -1.750000   data required time
                                             -0.278050   data arrival time
---------------------------------------------------------------------------------------------
                                              2.028050   slack (MET)


Startpoint: _2992_ (rising edge-triggered flip-flop clocked by clk)
Endpoint: s_awready (output port clocked by clk)
Path Group: clk
Path Type: min

Fanout         Cap        Slew       Delay        Time   Description
---------------------------------------------------------------------------------------------
                      0.150000    0.000000    0.000000   clock clk (rise edge)
                                  0.000000    0.000000   clock network delay (ideal)
                      0.150000    0.000000    0.000000 ^ _2992_/CLK (sky130_fd_sc_hd__dfxtp_2)
     6    0.044239    0.076728    0.278535    0.278535 v _2992_/Q (sky130_fd_sc_hd__dfxtp_2)
                                                         s_awready (net)
                      0.076728    0.000000    0.278535 v s_awready (out)
                                              0.278535   data arrival time

                      0.150000    0.000000    0.000000   clock clk (rise edge)
                                  0.000000    0.000000   clock network delay (ideal)
                                  0.250000    0.250000   clock uncertainty
                                  0.000000    0.250000   clock reconvergence pessimism
                                 -2.000000   -1.750000   output external delay
                                             -1.750000   data required time
---------------------------------------------------------------------------------------------
                                             -1.750000   data required time
                                             -0.278535   data arrival time
---------------------------------------------------------------------------------------------
                                              2.028535   slack (MET)


Startpoint: _2993_ (rising edge-triggered flip-flop clocked by clk)
Endpoint: s_wready (output port clocked by clk)
Path Group: clk
Path Type: min

Fanout         Cap        Slew       Delay        Time   Description
---------------------------------------------------------------------------------------------
                      0.150000    0.000000    0.000000   clock clk (rise edge)
                                  0.000000    0.000000   clock network delay (ideal)
                      0.150000    0.000000    0.000000 ^ _2993_/CLK (sky130_fd_sc_hd__dfxtp_2)
     4    0.044392    0.076953    0.278713    0.278713 v _2993_/Q (sky130_fd_sc_hd__dfxtp_2)
                                                         s_wready (net)
                      0.076953    0.000000    0.278713 v s_wready (out)
                                              0.278713   data arrival time

                      0.150000    0.000000    0.000000   clock clk (rise edge)
                                  0.000000    0.000000   clock network delay (ideal)
                                  0.250000    0.250000   clock uncertainty
                                  0.000000    0.250000   clock reconvergence pessimism
                                 -2.000000   -1.750000   output external delay
                                             -1.750000   data required time
---------------------------------------------------------------------------------------------
                                             -1.750000   data required time
                                             -0.278713   data arrival time
---------------------------------------------------------------------------------------------
                                              2.028713   slack (MET)



