
===========================================================================
report_checks -unconstrained
===========================================================================
======================= nom_tt_025C_1v80 Corner ===================================

Startpoint: pixel_in[7] (input port clocked by clk)
Endpoint: _9205_ (rising edge-triggered flip-flop clocked by clk)
Path Group: clk
Path Type: max

Fanout         Cap        Slew       Delay        Time   Description
---------------------------------------------------------------------------------------------
                                  0.000000    0.000000   clock clk (rise edge)
                                  0.000000    0.000000   clock network delay (propagated)
                                  2.000000    2.000000 ^ input external delay
   203    0.754807    3.357879    2.346104    4.346104 ^ pixel_in[7] (in)
                                                         pixel_in[7] (net)
                      3.360091    0.000000    4.346104 ^ _6944_/A (sky130_fd_sc_hd__nand2_2)
    63    0.241704    1.323330    1.775286    6.121390 v _6944_/Y (sky130_fd_sc_hd__nand2_2)
                                                         _2413_ (net)
                      1.323330    0.001136    6.122526 v _6995_/A (sky130_fd_sc_hd__or3_2)
     2    0.006892    0.102134    0.875068    6.997593 v _6995_/X (sky130_fd_sc_hd__or3_2)
                                                         _2463_ (net)
                      0.102134    0.000009    6.997602 v _6998_/A1 (sky130_fd_sc_hd__a211o_2)
     3    0.009852    0.066812    0.337362    7.334964 v _6998_/X (sky130_fd_sc_hd__a211o_2)
                                                         _2466_ (net)
                      0.066812    0.000040    7.335004 v _7000_/A2 (sky130_fd_sc_hd__a21o_2)
     2    0.008182    0.046734    0.231006    7.566010 v _7000_/X (sky130_fd_sc_hd__a21o_2)
                                                         _2468_ (net)
                      0.046734    0.000046    7.566056 v _7003_/A2 (sky130_fd_sc_hd__a21o_2)
     3    0.010883    0.055058    0.231923    7.797979 v _7003_/X (sky130_fd_sc_hd__a21o_2)
                                                         _2471_ (net)
                      0.055058    0.000023    7.798002 v _7004_/C (sky130_fd_sc_hd__and3_2)
     2    0.006917    0.047505    0.221687    8.019690 v _7004_/X (sky130_fd_sc_hd__and3_2)
                                                         _2472_ (net)
                      0.047505    0.000022    8.019711 v _7007_/B1 (sky130_fd_sc_hd__a211o_2)
     5    0.018315    0.085611    0.356599    8.376310 v _7007_/X (sky130_fd_sc_hd__a211o_2)
                                                         _2475_ (net)
                      0.085611    0.000083    8.376393 v _7009_/B (sky130_fd_sc_hd__and3_2)
     2    0.005997    0.046828    0.218257    8.594649 v _7009_/X (sky130_fd_sc_hd__and3_2)
                                                         _2477_ (net)
                      0.046828    0.000004    8.594653 v _7014_/A (sky130_fd_sc_hd__or3_2)
     2    0.007193    0.093694    0.492597    9.087251 v _7014_/X (sky130_fd_sc_hd__or3_2)
                                                         _2482_ (net)
                      0.093694    0.000018    9.087268 v _7058_/B1 (sky130_fd_sc_hd__o21a_2)
     2    0.003697    0.036909    0.134737    9.222005 v _7058_/X (sky130_fd_sc_hd__o21a_2)
                                                         _2525_ (net)
                      0.036909    0.000006    9.222011 v _7149_/B (sky130_fd_sc_hd__or4_2)
     2    0.005344    0.112177    0.652614    9.874625 v _7149_/X (sky130_fd_sc_hd__or4_2)
                                                         _2614_ (net)
                      0.112177    0.000019    9.874643 v _7150_/D1 (sky130_fd_sc_hd__a2111o_2)
     3    0.010825    0.086284    0.395094   10.269737 v _7150_/X (sky130_fd_sc_hd__a2111o_2)
                                                         _2615_ (net)
                      0.086284    0.000210   10.269948 v _7300_/B (sky130_fd_sc_hd__and3b_2)
     2    0.007081    0.047784    0.222474   10.492422 v _7300_/X (sky130_fd_sc_hd__and3b_2)
                                                         _2761_ (net)
                      0.047784    0.000083   10.492505 v _7302_/A (sky130_fd_sc_hd__or2_2)
     3    0.013750    0.084432    0.335572   10.828077 v _7302_/X (sky130_fd_sc_hd__or2_2)
                                                         _2763_ (net)
                      0.084432    0.000039   10.828116 v _7361_/A1 (sky130_fd_sc_hd__o21ba_2)
     3    0.014136    0.060546    0.255947   11.084064 v _7361_/X (sky130_fd_sc_hd__o21ba_2)
                                                         _2820_ (net)
                      0.060546    0.000091   11.084154 v _7420_/A1 (sky130_fd_sc_hd__o21ba_2)
     3    0.018762    0.070740    0.257647   11.341802 v _7420_/X (sky130_fd_sc_hd__o21ba_2)
                                                         _2877_ (net)
                      0.070740    0.000247   11.342049 v _7474_/A2 (sky130_fd_sc_hd__o31a_2)
     2    0.010752    0.073387    0.358547   11.700596 v _7474_/X (sky130_fd_sc_hd__o31a_2)
                                                         _2929_ (net)
                      0.073387    0.000012   11.700608 v _7502_/A2 (sky130_fd_sc_hd__o21ba_2)
     1    0.008832    0.049183    0.221629   11.922236 v _7502_/X (sky130_fd_sc_hd__o21ba_2)
                                                         _2956_ (net)
                      0.049183    0.000042   11.922278 v _7503_/B (sky130_fd_sc_hd__xnor2_2)
     2    0.006585    0.069779    0.134720   12.056998 v _7503_/Y (sky130_fd_sc_hd__xnor2_2)
                                                         _2957_ (net)
                      0.069779    0.000012   12.057010 v _7504_/B2 (sky130_fd_sc_hd__o2bb2a_2)
     1    0.004186    0.050470    0.256353   12.313363 v _7504_/X (sky130_fd_sc_hd__o2bb2a_2)
                                                         _2958_ (net)
                      0.050470    0.000000   12.313364 v _7505_/B (sky130_fd_sc_hd__nor2_2)
     1    0.002080    0.221913    0.065578   12.378942 ^ _7505_/Y (sky130_fd_sc_hd__nor2_2)
                                                         _0317_ (net)
                      0.221913    0.000004   12.378946 ^ _9205_/D (sky130_fd_sc_hd__dfxtp_2)
                                             12.378946   data arrival time

                                 10.000000   10.000000   clock clk (rise edge)
                                  0.000000   10.000000   clock source latency
   434    1.159544    5.150980    3.525541   13.525541 ^ clk (in)
                                                         clk (net)
                      5.151075    0.000000   13.525541 ^ _9205_/CLK (sky130_fd_sc_hd__dfxtp_2)
                                 -0.250000   13.275541   clock uncertainty
                                  0.000000   13.275541   clock reconvergence pessimism
                                  0.119590   13.395131   library setup time
                                             13.395131   data required time
---------------------------------------------------------------------------------------------
                                             13.395131   data required time
                                            -12.378946   data arrival time
---------------------------------------------------------------------------------------------
                                              1.016184   slack (MET)




===========================================================================
report_checks --slack_max -0.01
============================================================================
======================= nom_tt_025C_1v80 Corner ===================================

No paths found.


===========================================================================
 report_check_types -max_slew -max_cap -max_fanout -violators
============================================================================
======================= nom_tt_025C_1v80 Corner ===================================

max slew

Pin                                        Limit        Slew       Slack
------------------------------------------------------------------------
_9059_/CLK                              0.750000    5.152528   -4.402528 (VIOLATED)
_9062_/CLK                              0.750000    5.152526   -4.402526 (VIOLATED)
_9063_/CLK                              0.750000    5.152527   -4.402527 (VIOLATED)
_9311_/CLK                              0.750000    5.152529   -4.402529 (VIOLATED)
_9064_/CLK                              0.750000    5.152524   -4.402524 (VIOLATED)
_9314_/CLK                              0.750000    5.152528   -4.402528 (VIOLATED)
_9315_/CLK                              0.750000    5.152529   -4.402529 (VIOLATED)
_9316_/CLK                              0.750000    5.152525   -4.402525 (VIOLATED)
_9044_/CLK                              0.750000    5.152520   -4.402520 (VIOLATED)
_9065_/CLK                              0.750000    5.152523   -4.402523 (VIOLATED)
_9066_/CLK                              0.750000    5.152522   -4.402522 (VIOLATED)
_9043_/CLK                              0.750000    5.152515   -4.402515 (VIOLATED)
_9045_/CLK                              0.750000    5.152519   -4.402519 (VIOLATED)
_9046_/CLK                              0.750000    5.152515   -4.402515 (VIOLATED)
_9067_/CLK                              0.750000    5.152517   -4.402517 (VIOLATED)
_9295_/CLK                              0.750000    5.152514   -4.402514 (VIOLATED)
_9041_/CLK                              0.750000    5.152510   -4.402510 (VIOLATED)
_9293_/CLK                              0.750000    5.152509   -4.402509 (VIOLATED)
_9068_/CLK                              0.750000    5.152504   -4.402504 (VIOLATED)
_9069_/CLK                              0.750000    5.152506   -4.402505 (VIOLATED)
_9040_/CLK                              0.750000    5.152499   -4.402499 (VIOLATED)
_9292_/CLK                              0.750000    5.152502   -4.402502 (VIOLATED)
_9038_/CLK                              0.750000    5.152491   -4.402491 (VIOLATED)
_9294_/CLK                              0.750000    5.152490   -4.402490 (VIOLATED)
_9039_/CLK                              0.750000    5.152485   -4.402485 (VIOLATED)
_9042_/CLK                              0.750000    5.152482   -4.402482 (VIOLATED)
_8975_/CLK                              0.750000    5.152475   -4.402475 (VIOLATED)
_8974_/CLK                              0.750000    5.152470   -4.402470 (VIOLATED)
_9000_/CLK                              0.750000    5.152467   -4.402467 (VIOLATED)
_9172_/CLK                              0.750000    5.152467   -4.402467 (VIOLATED)
_8976_/CLK                              0.750000    5.152462   -4.402462 (VIOLATED)
_9004_/CLK                              0.750000    5.152459   -4.402459 (VIOLATED)
_8977_/CLK                              0.750000    5.152453   -4.402453 (VIOLATED)
_8964_/CLK                              0.750000    5.152447   -4.402447 (VIOLATED)
_8978_/CLK                              0.750000    5.152447   -4.402447 (VIOLATED)
_9001_/CLK                              0.750000    5.152446   -4.402446 (VIOLATED)
_9149_/CLK                              0.750000    5.152447   -4.402447 (VIOLATED)
_9173_/CLK                              0.750000    5.152446   -4.402446 (VIOLATED)
_9282_/CLK                              0.750000    5.152445   -4.402445 (VIOLATED)
_8979_/CLK                              0.750000    5.152441   -4.402441 (VIOLATED)
_9283_/CLK                              0.750000    5.152444   -4.402444 (VIOLATED)
_9284_/CLK                              0.750000    5.152443   -4.402443 (VIOLATED)
_9285_/CLK                              0.750000    5.152442   -4.402442 (VIOLATED)
_9286_/CLK                              0.750000    5.152441   -4.402441 (VIOLATED)
_9317_/CLK                              0.750000    5.152442   -4.402442 (VIOLATED)
_9318_/CLK                              0.750000    5.152442   -4.402442 (VIOLATED)
_9287_/CLK                              0.750000    5.152437   -4.402437 (VIOLATED)
_9296_/CLK                              0.750000    5.152441   -4.402441 (VIOLATED)
_9297_/CLK                              0.750000    5.152442   -4.402442 (VIOLATED)
_9319_/CLK                              0.750000    5.152440   -4.402440 (VIOLATED)
_9002_/CLK                              0.750000    5.152431   -4.402431 (VIOLATED)
_9003_/CLK                              0.750000    5.152428   -4.402428 (VIOLATED)
_9175_/CLK                              0.750000    5.152429   -4.402428 (VIOLATED)
_9288_/CLK                              0.750000    5.152431   -4.402431 (VIOLATED)
_9320_/CLK                              0.750000    5.152430   -4.402430 (VIOLATED)
_9321_/CLK                              0.750000    5.152430   -4.402430 (VIOLATED)
_9005_/CLK                              0.750000    5.152423   -4.402423 (VIOLATED)
_9289_/CLK                              0.750000    5.152425   -4.402425 (VIOLATED)
_8981_/CLK                              0.750000    5.152416   -4.402416 (VIOLATED)
_9139_/CLK                              0.750000    5.152417   -4.402417 (VIOLATED)
_9171_/CLK                              0.750000    5.152416   -4.402415 (VIOLATED)
_9258_/CLK                              0.750000    5.152419   -4.402419 (VIOLATED)
_8980_/CLK                              0.750000    5.152411   -4.402411 (VIOLATED)
_8982_/CLK                              0.750000    5.152414   -4.402414 (VIOLATED)
_9260_/CLK                              0.750000    5.152413   -4.402413 (VIOLATED)
_9261_/CLK                              0.750000    5.152412   -4.402412 (VIOLATED)
_8999_/CLK                              0.750000    5.152401   -4.402401 (VIOLATED)
_9259_/CLK                              0.750000    5.152400   -4.402400 (VIOLATED)
_8983_/CLK                              0.750000    5.152396   -4.402395 (VIOLATED)
_9290_/CLK                              0.750000    5.152399   -4.402399 (VIOLATED)
_9291_/CLK                              0.750000    5.152398   -4.402398 (VIOLATED)
_8973_/CLK                              0.750000    5.152382   -4.402382 (VIOLATED)
_9115_/CLK                              0.750000    5.152385   -4.402385 (VIOLATED)
_9146_/CLK                              0.750000    5.152382   -4.402382 (VIOLATED)
_9147_/CLK                              0.750000    5.152382   -4.402382 (VIOLATED)
_9148_/CLK                              0.750000    5.152380   -4.402380 (VIOLATED)
_9176_/CLK                              0.750000    5.152382   -4.402382 (VIOLATED)
_8993_/CLK                              0.750000    5.152372   -4.402372 (VIOLATED)
_8998_/CLK                              0.750000    5.152372   -4.402372 (VIOLATED)
_9110_/CLK                              0.750000    5.152374   -4.402374 (VIOLATED)
_9111_/CLK                              0.750000    5.152374   -4.402374 (VIOLATED)
_9113_/CLK                              0.750000    5.152378   -4.402378 (VIOLATED)
_9114_/CLK                              0.750000    5.152379   -4.402379 (VIOLATED)
_9165_/CLK                              0.750000    5.152372   -4.402372 (VIOLATED)
_9170_/CLK                              0.750000    5.152374   -4.402374 (VIOLATED)
_9254_/CLK                              0.750000    5.152363   -4.402363 (VIOLATED)
_9255_/CLK                              0.750000    5.152361   -4.402361 (VIOLATED)
_9256_/CLK                              0.750000    5.152362   -4.402362 (VIOLATED)
_9257_/CLK                              0.750000    5.152362   -4.402362 (VIOLATED)
_9262_/CLK                              0.750000    5.152363   -4.402363 (VIOLATED)
_9112_/CLK                              0.750000    5.152352   -4.402352 (VIOLATED)
_9116_/CLK                              0.750000    5.152356   -4.402356 (VIOLATED)
_9174_/CLK                              0.750000    5.152357   -4.402356 (VIOLATED)
_9140_/CLK                              0.750000    5.152352   -4.402352 (VIOLATED)
_9141_/CLK                              0.750000    5.152355   -4.402355 (VIOLATED)
_9142_/CLK                              0.750000    5.152356   -4.402356 (VIOLATED)
_9150_/CLK                              0.750000    5.152355   -4.402355 (VIOLATED)
_9151_/CLK                              0.750000    5.152357   -4.402357 (VIOLATED)
_9153_/CLK                              0.750000    5.152357   -4.402356 (VIOLATED)
_9177_/CLK                              0.750000    5.152348   -4.402348 (VIOLATED)
_9144_/CLK                              0.750000    5.152340   -4.402340 (VIOLATED)
_9145_/CLK                              0.750000    5.152343   -4.402343 (VIOLATED)
_9117_/CLK                              0.750000    5.152318   -4.402318 (VIOLATED)
_9143_/CLK                              0.750000    5.152297   -4.402297 (VIOLATED)
_9152_/CLK                              0.750000    5.152295   -4.402295 (VIOLATED)
_9138_/CLK                              0.750000    5.152278   -4.402278 (VIOLATED)
_9119_/CLK                              0.750000    5.152259   -4.402259 (VIOLATED)
_9120_/CLK                              0.750000    5.152258   -4.402258 (VIOLATED)
_9121_/CLK                              0.750000    5.152260   -4.402260 (VIOLATED)
_9118_/CLK                              0.750000    5.152248   -4.402248 (VIOLATED)
_9154_/CLK                              0.750000    5.152215   -4.402215 (VIOLATED)
_9122_/CLK                              0.750000    5.152208   -4.402207 (VIOLATED)
_9123_/CLK                              0.750000    5.152207   -4.402207 (VIOLATED)
_9155_/CLK                              0.750000    5.152196   -4.402196 (VIOLATED)
_9133_/CLK                              0.750000    5.152188   -4.402188 (VIOLATED)
_9124_/CLK                              0.750000    5.152142   -4.402142 (VIOLATED)
_9125_/CLK                              0.750000    5.152141   -4.402141 (VIOLATED)
_9130_/CLK                              0.750000    5.151924   -4.401924 (VIOLATED)
_8994_/CLK                              0.750000    5.151911   -4.401911 (VIOLATED)
_8995_/CLK                              0.750000    5.151912   -4.401912 (VIOLATED)
_8996_/CLK                              0.750000    5.151912   -4.401912 (VIOLATED)
_8997_/CLK                              0.750000    5.151913   -4.401913 (VIOLATED)
_9135_/CLK                              0.750000    5.151911   -4.401910 (VIOLATED)
_9136_/CLK                              0.750000    5.151911   -4.401911 (VIOLATED)
_9137_/CLK                              0.750000    5.151912   -4.401912 (VIOLATED)
_9134_/CLK                              0.750000    5.151906   -4.401906 (VIOLATED)
_9166_/CLK                              0.750000    5.151910   -4.401910 (VIOLATED)
_9167_/CLK                              0.750000    5.151911   -4.401911 (VIOLATED)
_9168_/CLK                              0.750000    5.151912   -4.401912 (VIOLATED)
_9169_/CLK                              0.750000    5.151912   -4.401912 (VIOLATED)
_9164_/CLK                              0.750000    5.151899   -4.401899 (VIOLATED)
_8984_/CLK                              0.750000    5.151891   -4.401891 (VIOLATED)
_8985_/CLK                              0.750000    5.151890   -4.401890 (VIOLATED)
_8990_/CLK                              0.750000    5.151890   -4.401890 (VIOLATED)
_8991_/CLK                              0.750000    5.151892   -4.401891 (VIOLATED)
_8992_/CLK                              0.750000    5.151892   -4.401891 (VIOLATED)
_9131_/CLK                              0.750000    5.151894   -4.401894 (VIOLATED)
_9132_/CLK                              0.750000    5.151894   -4.401894 (VIOLATED)
_9157_/CLK                              0.750000    5.151893   -4.401893 (VIOLATED)
_9163_/CLK                              0.750000    5.151894   -4.401894 (VIOLATED)
_9162_/CLK                              0.750000    5.151889   -4.401889 (VIOLATED)
_9156_/CLK                              0.750000    5.151880   -4.401880 (VIOLATED)
_9061_/CLK                              0.750000    5.151814   -4.401813 (VIOLATED)
_9278_/CLK                              0.750000    5.151813   -4.401813 (VIOLATED)
_9279_/CLK                              0.750000    5.151816   -4.401816 (VIOLATED)
_9280_/CLK                              0.750000    5.151814   -4.401814 (VIOLATED)
_9281_/CLK                              0.750000    5.151815   -4.401815 (VIOLATED)
_9276_/CLK                              0.750000    5.151807   -4.401807 (VIOLATED)
_9277_/CLK                              0.750000    5.151810   -4.401810 (VIOLATED)
_9308_/CLK                              0.750000    5.151809   -4.401809 (VIOLATED)
_9309_/CLK                              0.750000    5.151811   -4.401811 (VIOLATED)
_9310_/CLK                              0.750000    5.151812   -4.401812 (VIOLATED)
_9312_/CLK                              0.750000    5.151814   -4.401813 (VIOLATED)
_9313_/CLK                              0.750000    5.151814   -4.401814 (VIOLATED)
_9048_/CLK                              0.750000    5.151801   -4.401801 (VIOLATED)
_9275_/CLK                              0.750000    5.151802   -4.401801 (VIOLATED)
_9047_/CLK                              0.750000    5.151795   -4.401795 (VIOLATED)
_9050_/CLK                              0.750000    5.151799   -4.401799 (VIOLATED)
_9057_/CLK                              0.750000    5.151802   -4.401802 (VIOLATED)
_9058_/CLK                              0.750000    5.151802   -4.401802 (VIOLATED)
_9060_/CLK                              0.750000    5.151803   -4.401803 (VIOLATED)
_9049_/CLK                              0.750000    5.151792   -4.401792 (VIOLATED)
_9052_/CLK                              0.750000    5.151793   -4.401793 (VIOLATED)
_9053_/CLK                              0.750000    5.151795   -4.401795 (VIOLATED)
_9054_/CLK                              0.750000    5.151798   -4.401798 (VIOLATED)
_9055_/CLK                              0.750000    5.151800   -4.401800 (VIOLATED)
_9056_/CLK                              0.750000    5.151802   -4.401801 (VIOLATED)
_9274_/CLK                              0.750000    5.151794   -4.401794 (VIOLATED)
_9300_/CLK                              0.750000    5.151792   -4.401792 (VIOLATED)
_9273_/CLK                              0.750000    5.151788   -4.401787 (VIOLATED)
_9299_/CLK                              0.750000    5.151791   -4.401791 (VIOLATED)
_9301_/CLK                              0.750000    5.151791   -4.401791 (VIOLATED)
_9307_/CLK                              0.750000    5.151793   -4.401793 (VIOLATED)
_9304_/CLK                              0.750000    5.151786   -4.401786 (VIOLATED)
_9305_/CLK                              0.750000    5.151790   -4.401790 (VIOLATED)
_9306_/CLK                              0.750000    5.151792   -4.401792 (VIOLATED)
_9051_/CLK                              0.750000    5.151782   -4.401781 (VIOLATED)
_9272_/CLK                              0.750000    5.151781   -4.401781 (VIOLATED)
_9302_/CLK                              0.750000    5.151780   -4.401780 (VIOLATED)
_9303_/CLK                              0.750000    5.151781   -4.401781 (VIOLATED)
_9271_/CLK                              0.750000    5.151768   -4.401768 (VIOLATED)
_9270_/CLK                              0.750000    5.151762   -4.401762 (VIOLATED)
_9269_/CLK                              0.750000    5.151738   -4.401738 (VIOLATED)
_9161_/CLK                              0.750000    5.151712   -4.401712 (VIOLATED)
_9263_/CLK                              0.750000    5.151710   -4.401710 (VIOLATED)
_9264_/CLK                              0.750000    5.151710   -4.401710 (VIOLATED)
_9265_/CLK                              0.750000    5.151709   -4.401709 (VIOLATED)
_9266_/CLK                              0.750000    5.151709   -4.401709 (VIOLATED)
_9298_/CLK                              0.750000    5.151710   -4.401710 (VIOLATED)
_9267_/CLK                              0.750000    5.151701   -4.401701 (VIOLATED)
_9268_/CLK                              0.750000    5.151704   -4.401703 (VIOLATED)
_9126_/CLK                              0.750000    5.151668   -4.401668 (VIOLATED)
_9127_/CLK                              0.750000    5.151668   -4.401668 (VIOLATED)
_9128_/CLK                              0.750000    5.151667   -4.401667 (VIOLATED)
_9129_/CLK                              0.750000    5.151667   -4.401667 (VIOLATED)
_9159_/CLK                              0.750000    5.151663   -4.401663 (VIOLATED)
_9160_/CLK                              0.750000    5.151665   -4.401665 (VIOLATED)
_9158_/CLK                              0.750000    5.151652   -4.401651 (VIOLATED)
_8987_/CLK                              0.750000    5.151615   -4.401615 (VIOLATED)
_9109_/CLK                              0.750000    5.151615   -4.401615 (VIOLATED)
_8988_/CLK                              0.750000    5.151604   -4.401604 (VIOLATED)
_8989_/CLK                              0.750000    5.151604   -4.401604 (VIOLATED)
_9108_/CLK                              0.750000    5.151599   -4.401599 (VIOLATED)
_8986_/CLK                              0.750000    5.151587   -4.401587 (VIOLATED)
_9107_/CLK                              0.750000    5.151590   -4.401590 (VIOLATED)
_9106_/CLK                              0.750000    5.151582   -4.401581 (VIOLATED)
_9102_/CLK                              0.750000    5.151571   -4.401571 (VIOLATED)
_9103_/CLK                              0.750000    5.151573   -4.401573 (VIOLATED)
_9104_/CLK                              0.750000    5.151574   -4.401574 (VIOLATED)
_9105_/CLK                              0.750000    5.151574   -4.401574 (VIOLATED)
_8891_/CLK                              0.750000    5.151554   -4.401554 (VIOLATED)
_8892_/CLK                              0.750000    5.151554   -4.401554 (VIOLATED)
_8893_/CLK                              0.750000    5.151549   -4.401549 (VIOLATED)
_8969_/CLK                              0.750000    5.151535   -4.401535 (VIOLATED)
_8968_/CLK                              0.750000    5.151528   -4.401528 (VIOLATED)
_8970_/CLK                              0.750000    5.151526   -4.401526 (VIOLATED)
_9246_/CLK                              0.750000    5.151530   -4.401529 (VIOLATED)
_9247_/CLK                              0.750000    5.151532   -4.401532 (VIOLATED)
_9248_/CLK                              0.750000    5.151531   -4.401531 (VIOLATED)
_9249_/CLK                              0.750000    5.151530   -4.401529 (VIOLATED)
_9250_/CLK                              0.750000    5.151532   -4.401532 (VIOLATED)
_9251_/CLK                              0.750000    5.151533   -4.401533 (VIOLATED)
_9252_/CLK                              0.750000    5.151533   -4.401533 (VIOLATED)
_9253_/CLK                              0.750000    5.151533   -4.401533 (VIOLATED)
_9008_/CLK                              0.750000    5.151519   -4.401519 (VIOLATED)
_8967_/CLK                              0.750000    5.151510   -4.401510 (VIOLATED)
_8971_/CLK                              0.750000    5.151509   -4.401509 (VIOLATED)
_8972_/CLK                              0.750000    5.151509   -4.401509 (VIOLATED)
_8888_/CLK                              0.750000    5.151503   -4.401503 (VIOLATED)
_8889_/CLK                              0.750000    5.151504   -4.401504 (VIOLATED)
_8890_/CLK                              0.750000    5.151504   -4.401504 (VIOLATED)
_8894_/CLK                              0.750000    5.151503   -4.401503 (VIOLATED)
_8895_/CLK                              0.750000    5.151504   -4.401504 (VIOLATED)
_8965_/CLK                              0.750000    5.151503   -4.401503 (VIOLATED)
_8966_/CLK                              0.750000    5.151504   -4.401504 (VIOLATED)
_9009_/CLK                              0.750000    5.151501   -4.401501 (VIOLATED)
_9006_/CLK                              0.750000    5.151484   -4.401484 (VIOLATED)
_8914_/CLK                              0.750000    5.151451   -4.401451 (VIOLATED)
_8915_/CLK                              0.750000    5.151450   -4.401450 (VIOLATED)
_8916_/CLK                              0.750000    5.151449   -4.401449 (VIOLATED)
_8944_/CLK                              0.750000    5.151450   -4.401450 (VIOLATED)
_8946_/CLK                              0.750000    5.151452   -4.401451 (VIOLATED)
_8947_/CLK                              0.750000    5.151452   -4.401452 (VIOLATED)
_9085_/CLK                              0.750000    5.151453   -4.401453 (VIOLATED)
_9007_/CLK                              0.750000    5.151448   -4.401448 (VIOLATED)
_8917_/CLK                              0.750000    5.151443   -4.401443 (VIOLATED)
_8948_/CLK                              0.750000    5.151447   -4.401447 (VIOLATED)
_9082_/CLK                              0.750000    5.151447   -4.401447 (VIOLATED)
_9084_/CLK                              0.750000    5.151451   -4.401451 (VIOLATED)
_9086_/CLK                              0.750000    5.151447   -4.401447 (VIOLATED)
_8918_/CLK                              0.750000    5.151439   -4.401439 (VIOLATED)
_9215_/CLK                              0.750000    5.151441   -4.401441 (VIOLATED)
_9216_/CLK                              0.750000    5.151442   -4.401442 (VIOLATED)
_8919_/CLK                              0.750000    5.151431   -4.401431 (VIOLATED)
_8920_/CLK                              0.750000    5.151416   -4.401416 (VIOLATED)
_8921_/CLK                              0.750000    5.151400   -4.401399 (VIOLATED)
_8922_/CLK                              0.750000    5.151399   -4.401399 (VIOLATED)
_8949_/CLK                              0.750000    5.151401   -4.401401 (VIOLATED)
_8951_/CLK                              0.750000    5.151404   -4.401404 (VIOLATED)
_8952_/CLK                              0.750000    5.151407   -4.401407 (VIOLATED)
_8953_/CLK                              0.750000    5.151398   -4.401398 (VIOLATED)
_9089_/CLK                              0.750000    5.151400   -4.401400 (VIOLATED)
_9087_/CLK                              0.750000    5.151394   -4.401394 (VIOLATED)
_9090_/CLK                              0.750000    5.151396   -4.401396 (VIOLATED)
_9092_/CLK                              0.750000    5.151390   -4.401390 (VIOLATED)
_9188_/CLK                              0.750000    5.151391   -4.401391 (VIOLATED)
_9083_/CLK                              0.750000    5.151386   -4.401386 (VIOLATED)
_9091_/CLK                              0.750000    5.151389   -4.401389 (VIOLATED)
_9088_/CLK                              0.750000    5.151385   -4.401385 (VIOLATED)
_9093_/CLK                              0.750000    5.151382   -4.401382 (VIOLATED)
_8923_/CLK                              0.750000    5.151376   -4.401376 (VIOLATED)
_8926_/CLK                              0.750000    5.151375   -4.401374 (VIOLATED)
_8942_/CLK                              0.750000    5.151374   -4.401374 (VIOLATED)
_8943_/CLK                              0.750000    5.151375   -4.401374 (VIOLATED)
_8945_/CLK                              0.750000    5.151376   -4.401376 (VIOLATED)
_8950_/CLK                              0.750000    5.151375   -4.401375 (VIOLATED)
_8954_/CLK                              0.750000    5.151375   -4.401375 (VIOLATED)
_8955_/CLK                              0.750000    5.151375   -4.401375 (VIOLATED)
_8956_/CLK                              0.750000    5.151376   -4.401376 (VIOLATED)
_8957_/CLK                              0.750000    5.151375   -4.401375 (VIOLATED)
_9081_/CLK                              0.750000    5.151378   -4.401378 (VIOLATED)
_9094_/CLK                              0.750000    5.151380   -4.401380 (VIOLATED)
_8958_/CLK                              0.750000    5.151373   -4.401373 (VIOLATED)
_9010_/CLK                              0.750000    5.151373   -4.401373 (VIOLATED)
_9080_/CLK                              0.750000    5.151373   -4.401373 (VIOLATED)
_9095_/CLK                              0.750000    5.151375   -4.401375 (VIOLATED)
_9096_/CLK                              0.750000    5.151370   -4.401370 (VIOLATED)
_9097_/CLK                              0.750000    5.151365   -4.401365 (VIOLATED)
_8941_/CLK                              0.750000    5.151360   -4.401360 (VIOLATED)
_8959_/CLK                              0.750000    5.151361   -4.401361 (VIOLATED)
_9189_/CLK                              0.750000    5.151362   -4.401361 (VIOLATED)
_9037_/CLK                              0.750000    5.151353   -4.401353 (VIOLATED)
_9079_/CLK                              0.750000    5.151357   -4.401357 (VIOLATED)
_9098_/CLK                              0.750000    5.151359   -4.401359 (VIOLATED)
_9011_/CLK                              0.750000    5.151348   -4.401348 (VIOLATED)
_9077_/CLK                              0.750000    5.151342   -4.401342 (VIOLATED)
_9078_/CLK                              0.750000    5.151347   -4.401347 (VIOLATED)
_9076_/CLK                              0.750000    5.151333   -4.401333 (VIOLATED)
_8927_/CLK                              0.750000    5.151328   -4.401328 (VIOLATED)
_8928_/CLK                              0.750000    5.151328   -4.401328 (VIOLATED)
_8929_/CLK                              0.750000    5.151326   -4.401326 (VIOLATED)
_8930_/CLK                              0.750000    5.151326   -4.401326 (VIOLATED)
_8931_/CLK                              0.750000    5.151326   -4.401326 (VIOLATED)
_8937_/CLK                              0.750000    5.151323   -4.401322 (VIOLATED)
_8938_/CLK                              0.750000    5.151325   -4.401325 (VIOLATED)
_8939_/CLK                              0.750000    5.151326   -4.401326 (VIOLATED)
_8940_/CLK                              0.750000    5.151327   -4.401327 (VIOLATED)
_8960_/CLK                              0.750000    5.151327   -4.401327 (VIOLATED)
_8961_/CLK                              0.750000    5.151324   -4.401324 (VIOLATED)
_8962_/CLK                              0.750000    5.151325   -4.401325 (VIOLATED)
_8963_/CLK                              0.750000    5.151326   -4.401326 (VIOLATED)
_9036_/CLK                              0.750000    5.151324   -4.401324 (VIOLATED)
_9075_/CLK                              0.750000    5.151322   -4.401322 (VIOLATED)
_9190_/CLK                              0.750000    5.151326   -4.401326 (VIOLATED)
_9012_/CLK                              0.750000    5.151316   -4.401315 (VIOLATED)
_9100_/CLK                              0.750000    5.151319   -4.401319 (VIOLATED)
_9099_/CLK                              0.750000    5.151310   -4.401310 (VIOLATED)
_9101_/CLK                              0.750000    5.151314   -4.401314 (VIOLATED)
_9074_/CLK                              0.750000    5.151304   -4.401304 (VIOLATED)
_8932_/CLK                              0.750000    5.151294   -4.401294 (VIOLATED)
_8934_/CLK                              0.750000    5.151293   -4.401293 (VIOLATED)
_8935_/CLK                              0.750000    5.151294   -4.401294 (VIOLATED)
_8936_/CLK                              0.750000    5.151294   -4.401294 (VIOLATED)
_9070_/CLK                              0.750000    5.151296   -4.401296 (VIOLATED)
_9013_/CLK                              0.750000    5.151289   -4.401289 (VIOLATED)
_9073_/CLK                              0.750000    5.151292   -4.401292 (VIOLATED)
_9071_/CLK                              0.750000    5.151288   -4.401288 (VIOLATED)
_9072_/CLK                              0.750000    5.151284   -4.401283 (VIOLATED)
_9191_/CLK                              0.750000    5.151278   -4.401278 (VIOLATED)
_9035_/CLK                              0.750000    5.151268   -4.401268 (VIOLATED)
_9192_/CLK                              0.750000    5.151258   -4.401258 (VIOLATED)
_9034_/CLK                              0.750000    5.151241   -4.401241 (VIOLATED)
_9014_/CLK                              0.750000    5.151227   -4.401227 (VIOLATED)
_9193_/CLK                              0.750000    5.151232   -4.401231 (VIOLATED)
_9196_/CLK                              0.750000    5.151227   -4.401227 (VIOLATED)
_8910_/CLK                              0.750000    5.151223   -4.401223 (VIOLATED)
_8911_/CLK                              0.750000    5.151223   -4.401223 (VIOLATED)
_8912_/CLK                              0.750000    5.151224   -4.401224 (VIOLATED)
_8913_/CLK                              0.750000    5.151224   -4.401224 (VIOLATED)
_8924_/CLK                              0.750000    5.151223   -4.401223 (VIOLATED)
_9197_/CLK                              0.750000    5.151227   -4.401227 (VIOLATED)
_8925_/CLK                              0.750000    5.151222   -4.401222 (VIOLATED)
_8907_/CLK                              0.750000    5.151217   -4.401217 (VIOLATED)
_9228_/CLK                              0.750000    5.151218   -4.401218 (VIOLATED)
_8904_/CLK                              0.750000    5.151213   -4.401212 (VIOLATED)
_8905_/CLK                              0.750000    5.151214   -4.401214 (VIOLATED)
_8906_/CLK                              0.750000    5.151216   -4.401216 (VIOLATED)
_8908_/CLK                              0.750000    5.151219   -4.401218 (VIOLATED)
_8909_/CLK                              0.750000    5.151220   -4.401220 (VIOLATED)
_9194_/CLK                              0.750000    5.151212   -4.401212 (VIOLATED)
_8896_/CLK                              0.750000    5.151206   -4.401206 (VIOLATED)
_8897_/CLK                              0.750000    5.151206   -4.401206 (VIOLATED)
_8900_/CLK                              0.750000    5.151207   -4.401207 (VIOLATED)
_8901_/CLK                              0.750000    5.151207   -4.401207 (VIOLATED)
_8903_/CLK                              0.750000    5.151211   -4.401211 (VIOLATED)
_9229_/CLK                              0.750000    5.151210   -4.401210 (VIOLATED)
_8898_/CLK                              0.750000    5.151202   -4.401202 (VIOLATED)
_8899_/CLK                              0.750000    5.151202   -4.401202 (VIOLATED)
_8902_/CLK                              0.750000    5.151204   -4.401204 (VIOLATED)
_8933_/CLK                              0.750000    5.151199   -4.401199 (VIOLATED)
_9032_/CLK                              0.750000    5.151201   -4.401201 (VIOLATED)
_9227_/CLK                              0.750000    5.151200   -4.401200 (VIOLATED)
_9019_/CLK                              0.750000    5.151191   -4.401191 (VIOLATED)
_9020_/CLK                              0.750000    5.151191   -4.401191 (VIOLATED)
_9021_/CLK                              0.750000    5.151191   -4.401191 (VIOLATED)
_9198_/CLK                              0.750000    5.151193   -4.401193 (VIOLATED)
_9015_/CLK                              0.750000    5.151186   -4.401186 (VIOLATED)
_9199_/CLK                              0.750000    5.151189   -4.401189 (VIOLATED)
_9195_/CLK                              0.750000    5.151181   -4.401181 (VIOLATED)
_9200_/CLK                              0.750000    5.151175   -4.401175 (VIOLATED)
_9033_/CLK                              0.750000    5.151165   -4.401165 (VIOLATED)
_9016_/CLK                              0.750000    5.151146   -4.401146 (VIOLATED)
_9031_/CLK                              0.750000    5.151131   -4.401131 (VIOLATED)
_9017_/CLK                              0.750000    5.151112   -4.401112 (VIOLATED)
_9178_/CLK                              0.750000    5.151114   -4.401114 (VIOLATED)
_9182_/CLK                              0.750000    5.151117   -4.401117 (VIOLATED)
_9179_/CLK                              0.750000    5.151113   -4.401113 (VIOLATED)
_9180_/CLK                              0.750000    5.151114   -4.401114 (VIOLATED)
_9181_/CLK                              0.750000    5.151114   -4.401114 (VIOLATED)
_9183_/CLK                              0.750000    5.151116   -4.401116 (VIOLATED)
_9184_/CLK                              0.750000    5.151118   -4.401118 (VIOLATED)
_9185_/CLK                              0.750000    5.151117   -4.401117 (VIOLATED)
_9186_/CLK                              0.750000    5.151116   -4.401116 (VIOLATED)
_9187_/CLK                              0.750000    5.151116   -4.401115 (VIOLATED)
_9214_/CLK                              0.750000    5.151114   -4.401114 (VIOLATED)
_9217_/CLK                              0.750000    5.151117   -4.401117 (VIOLATED)
_9218_/CLK                              0.750000    5.151116   -4.401115 (VIOLATED)
_9219_/CLK                              0.750000    5.151114   -4.401114 (VIOLATED)
_9220_/CLK                              0.750000    5.151115   -4.401115 (VIOLATED)
_9212_/CLK                              0.750000    5.151108   -4.401108 (VIOLATED)
_9213_/CLK                              0.750000    5.151111   -4.401111 (VIOLATED)
_9245_/CLK                              0.750000    5.151110   -4.401109 (VIOLATED)
_9030_/CLK                              0.750000    5.151100   -4.401100 (VIOLATED)
_9221_/CLK                              0.750000    5.151103   -4.401103 (VIOLATED)
_9201_/CLK                              0.750000    5.151099   -4.401099 (VIOLATED)
_9211_/CLK                              0.750000    5.151102   -4.401102 (VIOLATED)
_9208_/CLK                              0.750000    5.151095   -4.401095 (VIOLATED)
_9209_/CLK                              0.750000    5.151095   -4.401095 (VIOLATED)
_9210_/CLK                              0.750000    5.151095   -4.401095 (VIOLATED)
_9222_/CLK                              0.750000    5.151098   -4.401098 (VIOLATED)
_9243_/CLK                              0.750000    5.151102   -4.401102 (VIOLATED)
_9244_/CLK                              0.750000    5.151105   -4.401105 (VIOLATED)
_9223_/CLK                              0.750000    5.151093   -4.401093 (VIOLATED)
_9240_/CLK                              0.750000    5.151095   -4.401095 (VIOLATED)
_9242_/CLK                              0.750000    5.151098   -4.401098 (VIOLATED)
_9224_/CLK                              0.750000    5.151089   -4.401089 (VIOLATED)
_9241_/CLK                              0.750000    5.151090   -4.401090 (VIOLATED)
_9225_/CLK                              0.750000    5.151083   -4.401083 (VIOLATED)
_9239_/CLK                              0.750000    5.151086   -4.401086 (VIOLATED)
_9018_/CLK                              0.750000    5.151077   -4.401076 (VIOLATED)
_9022_/CLK                              0.750000    5.151080   -4.401080 (VIOLATED)
_9238_/CLK                              0.750000    5.151081   -4.401081 (VIOLATED)
_9029_/CLK                              0.750000    5.151073   -4.401073 (VIOLATED)
_9205_/CLK                              0.750000    5.151075   -4.401075 (VIOLATED)
_9206_/CLK                              0.750000    5.151076   -4.401076 (VIOLATED)
_9207_/CLK                              0.750000    5.151076   -4.401076 (VIOLATED)
_9226_/CLK                              0.750000    5.151075   -4.401075 (VIOLATED)
_9230_/CLK                              0.750000    5.151075   -4.401075 (VIOLATED)
_9237_/CLK                              0.750000    5.151075   -4.401075 (VIOLATED)
_9025_/CLK                              0.750000    5.151055   -4.401055 (VIOLATED)
_9023_/CLK                              0.750000    5.151049   -4.401049 (VIOLATED)
_9204_/CLK                              0.750000    5.151050   -4.401050 (VIOLATED)
_9231_/CLK                              0.750000    5.151050   -4.401050 (VIOLATED)
_9028_/CLK                              0.750000    5.151032   -4.401032 (VIOLATED)
_9233_/CLK                              0.750000    5.151024   -4.401024 (VIOLATED)
_9236_/CLK                              0.750000    5.151024   -4.401024 (VIOLATED)
_9024_/CLK                              0.750000    5.151019   -4.401018 (VIOLATED)
_9232_/CLK                              0.750000    5.151019   -4.401019 (VIOLATED)
_9027_/CLK                              0.750000    5.151009   -4.401009 (VIOLATED)
_9202_/CLK                              0.750000    5.151012   -4.401011 (VIOLATED)
_9203_/CLK                              0.750000    5.151011   -4.401011 (VIOLATED)
_9234_/CLK                              0.750000    5.151011   -4.401011 (VIOLATED)
_9235_/CLK                              0.750000    5.151011   -4.401011 (VIOLATED)
_9026_/CLK                              0.750000    5.150996   -4.400996 (VIOLATED)
clk                                     0.750000    5.150980   -4.400980 (VIOLATED)
_8635_/A                                0.750000    3.771693   -3.021692 (VIOLATED)
_8662_/A                                0.750000    3.771691   -3.021691 (VIOLATED)
_8688_/A                                0.750000    3.771689   -3.021689 (VIOLATED)
_8716_/A                                0.750000    3.771686   -3.021686 (VIOLATED)
_8753_/A                                0.750000    3.771683   -3.021683 (VIOLATED)
_8785_/A                                0.750000    3.771674   -3.021674 (VIOLATED)
_8808_/A                                0.750000    3.771667   -3.021667 (VIOLATED)
_8823_/A                                0.750000    3.771660   -3.021660 (VIOLATED)
_7820_/A                                0.750000    3.771653   -3.021653 (VIOLATED)
_7846_/A                                0.750000    3.771645   -3.021645 (VIOLATED)
_7867_/A                                0.750000    3.771645   -3.021645 (VIOLATED)
_7830_/A                                0.750000    3.771629   -3.021629 (VIOLATED)
_5700_/A                                0.750000    3.771604   -3.021604 (VIOLATED)
_5709_/A                                0.750000    3.771607   -3.021607 (VIOLATED)
_5725_/A                                0.750000    3.771568   -3.021568 (VIOLATED)
_6520_/A                                0.750000    3.771566   -3.021566 (VIOLATED)
_7806_/A                                0.750000    3.771565   -3.021565 (VIOLATED)
_7892_/A                                0.750000    3.771565   -3.021565 (VIOLATED)
_6545_/A                                0.750000    3.771561   -3.021561 (VIOLATED)
_6573_/A                                0.750000    3.771564   -3.021564 (VIOLATED)
_6612_/A                                0.750000    3.771565   -3.021565 (VIOLATED)
_7809_/A                                0.750000    3.771561   -3.021561 (VIOLATED)
_7814_/C1                               0.750000    3.771563   -3.021563 (VIOLATED)
_5543_/B                                0.750000    3.771557   -3.021557 (VIOLATED)
_5689_/A                                0.750000    3.771557   -3.021557 (VIOLATED)
_6687_/A                                0.750000    3.771550   -3.021550 (VIOLATED)
_5746_/A                                0.750000    3.771535   -3.021535 (VIOLATED)
_5772_/A                                0.750000    3.771477   -3.021477 (VIOLATED)
_5882_/A                                0.750000    3.771476   -3.021476 (VIOLATED)
_5804_/A                                0.750000    3.771446   -3.021446 (VIOLATED)
_5841_/A                                0.750000    3.771445   -3.021445 (VIOLATED)
_6645_/A                                0.750000    3.771412   -3.021412 (VIOLATED)
_5928_/A                                0.750000    3.771397   -3.021397 (VIOLATED)
_5974_/A                                0.750000    3.771383   -3.021383 (VIOLATED)
_6491_/A                                0.750000    3.771330   -3.021330 (VIOLATED)
_6345_/A                                0.750000    3.771327   -3.021327 (VIOLATED)
_6062_/A                                0.750000    3.771322   -3.021322 (VIOLATED)
_6020_/A                                0.750000    3.771318   -3.021318 (VIOLATED)
_8538_/A                                0.750000    3.771244   -3.021244 (VIOLATED)
_8569_/A                                0.750000    3.771240   -3.021240 (VIOLATED)
_8598_/A                                0.750000    3.771243   -3.021242 (VIOLATED)
_8508_/A                                0.750000    3.771236   -3.021236 (VIOLATED)
_8473_/A                                0.750000    3.771232   -3.021232 (VIOLATED)
_8444_/A                                0.750000    3.771226   -3.021226 (VIOLATED)
_8414_/A                                0.750000    3.771219   -3.021219 (VIOLATED)
_8385_/A                                0.750000    3.771210   -3.021209 (VIOLATED)
_8346_/A                                0.750000    3.771200   -3.021200 (VIOLATED)
_8312_/A                                0.750000    3.771191   -3.021190 (VIOLATED)
_8235_/A                                0.750000    3.771178   -3.021178 (VIOLATED)
_8274_/A                                0.750000    3.771181   -3.021181 (VIOLATED)
_8190_/A                                0.750000    3.771160   -3.021160 (VIOLATED)
_7928_/A                                0.750000    3.771146   -3.021146 (VIOLATED)
_7966_/A                                0.750000    3.771145   -3.021145 (VIOLATED)
_8010_/A                                0.750000    3.771144   -3.021144 (VIOLATED)
_8057_/A                                0.750000    3.771143   -3.021143 (VIOLATED)
_8147_/A                                0.750000    3.771134   -3.021134 (VIOLATED)
_8102_/A                                0.750000    3.771129   -3.021129 (VIOLATED)
_6763_/A                                0.750000    3.771105   -3.021105 (VIOLATED)
_6784_/A                                0.750000    3.771084   -3.021083 (VIOLATED)
_6398_/A                                0.750000    3.771048   -3.021048 (VIOLATED)
_6429_/A                                0.750000    3.771049   -3.021049 (VIOLATED)
_6456_/A                                0.750000    3.771050   -3.021050 (VIOLATED)
_4454_/A                                0.750000    3.771042   -3.021042 (VIOLATED)
_6373_/A                                0.750000    3.771044   -3.021044 (VIOLATED)
_6316_/A                                0.750000    3.771039   -3.021039 (VIOLATED)
_6283_/A                                0.750000    3.771035   -3.021035 (VIOLATED)
_6252_/A                                0.750000    3.771026   -3.021026 (VIOLATED)
_6738_/A                                0.750000    3.771023   -3.021023 (VIOLATED)
_6216_/A                                0.750000    3.771004   -3.021004 (VIOLATED)
_6185_/A                                0.750000    3.771000   -3.021000 (VIOLATED)
_5674_/A                                0.750000    3.770996   -3.020996 (VIOLATED)
_6106_/A                                0.750000    3.770990   -3.020990 (VIOLATED)
_6146_/A                                0.750000    3.770993   -3.020993 (VIOLATED)
_6747_/A                                0.750000    3.770985   -3.020985 (VIOLATED)
_6811_/A                                0.750000    3.770987   -3.020987 (VIOLATED)
_6845_/A                                0.750000    3.770987   -3.020987 (VIOLATED)
_7794_/B1                               0.750000    3.770981   -3.020981 (VIOLATED)
_4458_/A                                0.750000    3.770977   -3.020977 (VIOLATED)
_4460_/A                                0.750000    3.770971   -3.020971 (VIOLATED)
_6732_/C1                               0.750000    3.770952   -3.020952 (VIOLATED)
_5533_/A                                0.750000    3.770949   -3.020948 (VIOLATED)
_5132_/A                                0.750000    3.770919   -3.020919 (VIOLATED)
_4973_/A                                0.750000    3.770914   -3.020914 (VIOLATED)
_5006_/A                                0.750000    3.770913   -3.020913 (VIOLATED)
_5073_/A                                0.750000    3.770916   -3.020916 (VIOLATED)
_5104_/A                                0.750000    3.770917   -3.020917 (VIOLATED)
_5043_/A                                0.750000    3.770912   -3.020912 (VIOLATED)
_6727_/A                                0.750000    3.770913   -3.020913 (VIOLATED)
_4897_/A                                0.750000    3.770896   -3.020896 (VIOLATED)
_4935_/A                                0.750000    3.770889   -3.020889 (VIOLATED)
_4849_/A                                0.750000    3.770885   -3.020885 (VIOLATED)
_4806_/A                                0.750000    3.770881   -3.020880 (VIOLATED)
_5278_/A                                0.750000    3.770878   -3.020878 (VIOLATED)
_6724_/A                                0.750000    3.770879   -3.020879 (VIOLATED)
_5305_/A                                0.750000    3.770874   -3.020873 (VIOLATED)
_4757_/A                                0.750000    3.770858   -3.020858 (VIOLATED)
_4717_/A                                0.750000    3.770852   -3.020852 (VIOLATED)
_5162_/A                                0.750000    3.770852   -3.020852 (VIOLATED)
_5187_/A                                0.750000    3.770852   -3.020852 (VIOLATED)
_7728_/A                                0.750000    3.770854   -3.020854 (VIOLATED)
_5217_/A                                0.750000    3.770851   -3.020851 (VIOLATED)
_5244_/A                                0.750000    3.770848   -3.020848 (VIOLATED)
_4671_/A                                0.750000    3.770843   -3.020843 (VIOLATED)
_5332_/A                                0.750000    3.770841   -3.020841 (VIOLATED)
_6883_/A                                0.750000    3.770843   -3.020843 (VIOLATED)
_4627_/A                                0.750000    3.770834   -3.020834 (VIOLATED)
_5359_/A                                0.750000    3.770837   -3.020837 (VIOLATED)
_5396_/A                                0.750000    3.770833   -3.020833 (VIOLATED)
_4590_/A                                0.750000    3.770827   -3.020827 (VIOLATED)
_5427_/A                                0.750000    3.770829   -3.020828 (VIOLATED)
_5451_/A                                0.750000    3.770823   -3.020822 (VIOLATED)
_4558_/A                                0.750000    3.770819   -3.020819 (VIOLATED)
_6925_/A                                0.750000    3.770818   -3.020818 (VIOLATED)
_5466_/A                                0.750000    3.770813   -3.020813 (VIOLATED)
_4532_/A                                0.750000    3.770808   -3.020808 (VIOLATED)
_7713_/A                                0.750000    3.770799   -3.020799 (VIOLATED)
_4486_/A                                0.750000    3.770795   -3.020795 (VIOLATED)
_4480_/C1                               0.750000    3.770791   -3.020791 (VIOLATED)
_4494_/A                                0.750000    3.770791   -3.020791 (VIOLATED)
_4472_/A                                0.750000    3.770788   -3.020788 (VIOLATED)
_4475_/A                                0.750000    3.770787   -3.020787 (VIOLATED)
_6973_/A                                0.750000    3.770786   -3.020786 (VIOLATED)
_4510_/A                                0.750000    3.770780   -3.020780 (VIOLATED)
_7019_/A                                0.750000    3.770743   -3.020743 (VIOLATED)
_7689_/A                                0.750000    3.770743   -3.020743 (VIOLATED)
_7064_/A                                0.750000    3.770723   -3.020723 (VIOLATED)
_7657_/A                                0.750000    3.770706   -3.020706 (VIOLATED)
_7108_/A                                0.750000    3.770698   -3.020698 (VIOLATED)
_7156_/A                                0.750000    3.770677   -3.020677 (VIOLATED)
_7620_/A                                0.750000    3.770671   -3.020670 (VIOLATED)
_7195_/A                                0.750000    3.770667   -3.020667 (VIOLATED)
_7592_/A                                0.750000    3.770668   -3.020667 (VIOLATED)
_7305_/A                                0.750000    3.770658   -3.020658 (VIOLATED)
_7566_/A                                0.750000    3.770603   -3.020603 (VIOLATED)
_7539_/A                                0.750000    3.770571   -3.020571 (VIOLATED)
_7234_/A                                0.750000    3.770562   -3.020562 (VIOLATED)
_7269_/A                                0.750000    3.770562   -3.020562 (VIOLATED)
_7333_/A                                0.750000    3.770560   -3.020560 (VIOLATED)
_7364_/A                                0.750000    3.770558   -3.020558 (VIOLATED)
_7393_/A                                0.750000    3.770531   -3.020531 (VIOLATED)
_7505_/A                                0.750000    3.770534   -3.020534 (VIOLATED)
_7477_/A                                0.750000    3.770503   -3.020503 (VIOLATED)
_7423_/A                                0.750000    3.770432   -3.020432 (VIOLATED)
_7448_/A                                0.750000    3.770433   -3.020433 (VIOLATED)
rst                                     0.750000    3.770404   -3.020404 (VIOLATED)
_7394_/A1                               0.750000    3.360100   -2.610100 (VIOLATED)
_7395_/B                                0.750000    3.360100   -2.610100 (VIOLATED)
_7334_/B                                0.750000    3.360096   -2.610095 (VIOLATED)
_7365_/A1                               0.750000    3.360098   -2.610098 (VIOLATED)
_7366_/B                                0.750000    3.360098   -2.610098 (VIOLATED)
_7335_/A1                               0.750000    3.360095   -2.610095 (VIOLATED)
_6897_/A                                0.750000    3.360091   -2.610091 (VIOLATED)
_6944_/A                                0.750000    3.360091   -2.610091 (VIOLATED)
_7567_/B                                0.750000    3.360093   -2.610093 (VIOLATED)
_7593_/B                                0.750000    3.360093   -2.610093 (VIOLATED)
_7598_/A1                               0.750000    3.360093   -2.610093 (VIOLATED)
_7627_/B                                0.750000    3.360093   -2.610093 (VIOLATED)
_6945_/B                                0.750000    3.360089   -2.610089 (VIOLATED)
_6946_/A1                               0.750000    3.360088   -2.610088 (VIOLATED)
_7307_/B                                0.750000    3.360090   -2.610090 (VIOLATED)
_7308_/A1                               0.750000    3.360089   -2.610089 (VIOLATED)
_7270_/B                                0.750000    3.360083   -2.610083 (VIOLATED)
_6992_/B                                0.750000    3.360080   -2.610080 (VIOLATED)
_6993_/A1                               0.750000    3.360079   -2.610079 (VIOLATED)
_7271_/A1                               0.750000    3.360080   -2.610080 (VIOLATED)
_7478_/A1                               0.750000    3.360081   -2.610081 (VIOLATED)
_7479_/B                                0.750000    3.360081   -2.610081 (VIOLATED)
_7512_/B                                0.750000    3.360079   -2.610078 (VIOLATED)
_7540_/B                                0.750000    3.360075   -2.610075 (VIOLATED)
_7036_/B                                0.750000    3.360071   -2.610071 (VIOLATED)
_7037_/A1                               0.750000    3.360069   -2.610069 (VIOLATED)
_7078_/A1                               0.750000    3.360068   -2.610068 (VIOLATED)
_7121_/A1                               0.750000    3.360070   -2.610070 (VIOLATED)
_7122_/B                                0.750000    3.360070   -2.610070 (VIOLATED)
_7079_/B                                0.750000    3.360068   -2.610068 (VIOLATED)
_7240_/A1                               0.750000    3.360066   -2.610065 (VIOLATED)
_7241_/B                                0.750000    3.360067   -2.610067 (VIOLATED)
_7204_/A1                               0.750000    3.360051   -2.610051 (VIOLATED)
_7205_/B                                0.750000    3.360049   -2.610049 (VIOLATED)
_7034_/A                                0.750000    3.360041   -2.610041 (VIOLATED)
_7424_/A1                               0.750000    3.360009   -2.610009 (VIOLATED)
_7425_/B                                0.750000    3.360008   -2.610009 (VIOLATED)
_7449_/A1                               0.750000    3.360008   -2.610009 (VIOLATED)
_7450_/B                                0.750000    3.360008   -2.610009 (VIOLATED)
_7167_/A1                               0.750000    3.360000   -2.610000 (VIOLATED)
_7168_/B                                0.750000    3.359998   -2.609998 (VIOLATED)
_7031_/B1                               0.750000    3.359978   -2.609978 (VIOLATED)
_6987_/A                                0.750000    3.359969   -2.609969 (VIOLATED)
_6988_/A1                               0.750000    3.359965   -2.609965 (VIOLATED)
_7198_/A1                               0.750000    3.359911   -2.609911 (VIOLATED)
_7158_/B1                               0.750000    3.359902   -2.609902 (VIOLATED)
_7159_/A                                0.750000    3.359903   -2.609903 (VIOLATED)
_7112_/A1                               0.750000    3.359881   -2.609881 (VIOLATED)
_7113_/B                                0.750000    3.359876   -2.609876 (VIOLATED)
_4732_/B                                0.750000    3.359730   -2.609730 (VIOLATED)
_5400_/B                                0.750000    3.359730   -2.609730 (VIOLATED)
_4772_/B                                0.750000    3.359725   -2.609725 (VIOLATED)
_5398_/C                                0.750000    3.359721   -2.609721 (VIOLATED)
_5366_/C                                0.750000    3.359670   -2.609670 (VIOLATED)
_5333_/C                                0.750000    3.359621   -2.609621 (VIOLATED)
_5338_/A2                               0.750000    3.359593   -2.609593 (VIOLATED)
_5306_/C                                0.750000    3.359583   -2.609583 (VIOLATED)
_4771_/B                                0.750000    3.359568   -2.609568 (VIOLATED)
_5279_/C                                0.750000    3.359540   -2.609540 (VIOLATED)
_5252_/C                                0.750000    3.359494   -2.609494 (VIOLATED)
_4773_/C                                0.750000    3.359415   -2.609415 (VIOLATED)
_4774_/A2                               0.750000    3.359412   -2.609412 (VIOLATED)
_4818_/B                                0.750000    3.359397   -2.609398 (VIOLATED)
_5133_/A2                               0.750000    3.359385   -2.609386 (VIOLATED)
_5134_/C                                0.750000    3.359385   -2.609385 (VIOLATED)
_5163_/A2                               0.750000    3.359382   -2.609383 (VIOLATED)
_5164_/C                                0.750000    3.359382   -2.609382 (VIOLATED)
_5188_/A2                               0.750000    3.359375   -2.609375 (VIOLATED)
_5189_/C                                0.750000    3.359375   -2.609375 (VIOLATED)
_5218_/A2                               0.750000    3.359367   -2.609367 (VIOLATED)
_5219_/C                                0.750000    3.359366   -2.609366 (VIOLATED)
_4822_/C                                0.750000    3.359356   -2.609356 (VIOLATED)
_4821_/A2                               0.750000    3.359350   -2.609351 (VIOLATED)
_4864_/C                                0.750000    3.359271   -2.609271 (VIOLATED)
_5074_/C                                0.750000    3.359260   -2.609260 (VIOLATED)
_5075_/A2                               0.750000    3.359260   -2.609260 (VIOLATED)
_5105_/A2                               0.750000    3.359262   -2.609263 (VIOLATED)
_5106_/C                                0.750000    3.359262   -2.609263 (VIOLATED)
_4863_/A2                               0.750000    3.359257   -2.609257 (VIOLATED)
_5044_/C                                0.750000    3.359255   -2.609256 (VIOLATED)
_5045_/A2                               0.750000    3.359256   -2.609256 (VIOLATED)
_5007_/C                                0.750000    3.359247   -2.609247 (VIOLATED)
_5008_/A2                               0.750000    3.359247   -2.609247 (VIOLATED)
_4944_/A2                               0.750000    3.359242   -2.609242 (VIOLATED)
_4945_/C                                0.750000    3.359242   -2.609242 (VIOLATED)
_4976_/A2                               0.750000    3.359241   -2.609241 (VIOLATED)
_4977_/C                                0.750000    3.359240   -2.609241 (VIOLATED)
_4907_/A2                               0.750000    3.359218   -2.609218 (VIOLATED)
_4908_/C                                0.750000    3.359215   -2.609215 (VIOLATED)
_4854_/C                                0.750000    3.358865   -2.608866 (VIOLATED)
_4899_/B1                               0.750000    3.358812   -2.608812 (VIOLATED)
_4938_/B2                               0.750000    3.358812   -2.608812 (VIOLATED)
_4855_/C                                0.750000    3.358795   -2.608795 (VIOLATED)
_4853_/B1                               0.750000    3.358786   -2.608786 (VIOLATED)
_8194_/A1                               0.750000    3.358722   -2.608722 (VIOLATED)
_8195_/B                                0.750000    3.358709   -2.608709 (VIOLATED)
_8163_/B                                0.750000    3.358594   -2.608594 (VIOLATED)
_8164_/A1                               0.750000    3.358583   -2.608583 (VIOLATED)
_8204_/A1                               0.750000    3.358515   -2.608515 (VIOLATED)
_8203_/B                                0.750000    3.358502   -2.608502 (VIOLATED)
_8247_/B                                0.750000    3.358425   -2.608426 (VIOLATED)
_8246_/A1                               0.750000    3.358420   -2.608420 (VIOLATED)
_8284_/A1                               0.750000    3.358371   -2.608371 (VIOLATED)
_8285_/B                                0.750000    3.358364   -2.608364 (VIOLATED)
_4637_/B                                0.750000    3.358350   -2.608350 (VIOLATED)
_4685_/C                                0.750000    3.358348   -2.608348 (VIOLATED)
_4686_/B1                               0.750000    3.358348   -2.608348 (VIOLATED)
_7972_/A                                0.750000    3.358351   -2.608351 (VIOLATED)
_8024_/A                                0.750000    3.358348   -2.608348 (VIOLATED)
_8025_/A                                0.750000    3.358348   -2.608348 (VIOLATED)
_8027_/A                                0.750000    3.358346   -2.608346 (VIOLATED)
_8028_/A1                               0.750000    3.358348   -2.608348 (VIOLATED)
_8029_/A                                0.750000    3.358348   -2.608348 (VIOLATED)
_8071_/A1                               0.750000    3.358346   -2.608346 (VIOLATED)
_8115_/A1                               0.750000    3.358346   -2.608346 (VIOLATED)
_8160_/A                                0.750000    3.358346   -2.608346 (VIOLATED)
_8192_/A1                               0.750000    3.358346   -2.608346 (VIOLATED)
_8119_/B                                0.750000    3.358327   -2.608327 (VIOLATED)
_8120_/A1                               0.750000    3.358328   -2.608328 (VIOLATED)
_8317_/A1                               0.750000    3.358311   -2.608311 (VIOLATED)
_8318_/B                                0.750000    3.358305   -2.608305 (VIOLATED)
_8236_/B1                               0.750000    3.358301   -2.608301 (VIOLATED)
_8277_/A1                               0.750000    3.358302   -2.608302 (VIOLATED)
_8237_/A                                0.750000    3.358299   -2.608299 (VIOLATED)
_6224_/A1                               0.750000    3.358282   -2.608283 (VIOLATED)
_6155_/A1                               0.750000    3.358279   -2.608279 (VIOLATED)
_6156_/B                                0.750000    3.358279   -2.608279 (VIOLATED)
_6189_/A1                               0.750000    3.358281   -2.608281 (VIOLATED)
_6190_/B                                0.750000    3.358281   -2.608281 (VIOLATED)
_6223_/B                                0.750000    3.358282   -2.608282 (VIOLATED)
_6077_/B                                0.750000    3.358274   -2.608274 (VIOLATED)
_6117_/A1                               0.750000    3.358275   -2.608275 (VIOLATED)
_6118_/B                                0.750000    3.358276   -2.608276 (VIOLATED)
_6078_/A1                               0.750000    3.358273   -2.608273 (VIOLATED)
_6898_/A                                0.750000    3.358272   -2.608272 (VIOLATED)
_7659_/B                                0.750000    3.358273   -2.608273 (VIOLATED)
_6035_/A1                               0.750000    3.358261   -2.608261 (VIOLATED)
_6036_/B                                0.750000    3.358262   -2.608262 (VIOLATED)
_5991_/B                                0.750000    3.358254   -2.608255 (VIOLATED)
_5992_/A1                               0.750000    3.358253   -2.608253 (VIOLATED)
_8348_/A1                               0.750000    3.358253   -2.608253 (VIOLATED)
_6068_/A1                               0.750000    3.358247   -2.608247 (VIOLATED)
_6069_/B                                0.750000    3.358246   -2.608247 (VIOLATED)
_6108_/B1                               0.750000    3.358247   -2.608248 (VIOLATED)
_6109_/A                                0.750000    3.358247   -2.608248 (VIOLATED)
_6148_/A1                               0.750000    3.358248   -2.608248 (VIOLATED)
_5902_/B                                0.750000    3.358241   -2.608241 (VIOLATED)
_5903_/A1                               0.750000    3.358241   -2.608241 (VIOLATED)
_5941_/A                                0.750000    3.358242   -2.608242 (VIOLATED)
_5942_/A1                               0.750000    3.358242   -2.608242 (VIOLATED)
_8347_/B                                0.750000    3.358243   -2.608243 (VIOLATED)
_5946_/A1                               0.750000    3.358240   -2.608240 (VIOLATED)
_5986_/B1                               0.750000    3.358242   -2.608242 (VIOLATED)
_5947_/B                                0.750000    3.358239   -2.608239 (VIOLATED)
_5989_/A                                0.750000    3.358240   -2.608240 (VIOLATED)
_5855_/A                                0.750000    3.358219   -2.608219 (VIOLATED)
_6253_/B                                0.750000    3.358207   -2.608207 (VIOLATED)
_6254_/A1                               0.750000    3.358208   -2.608207 (VIOLATED)
_6284_/B                                0.750000    3.358206   -2.608206 (VIOLATED)
_6285_/A1                               0.750000    3.358207   -2.608207 (VIOLATED)
_6317_/A1                               0.750000    3.358204   -2.608204 (VIOLATED)
_6318_/B                                0.750000    3.358204   -2.608204 (VIOLATED)
_6346_/A1                               0.750000    3.358205   -2.608205 (VIOLATED)
_6347_/B                                0.750000    3.358205   -2.608205 (VIOLATED)
_6374_/A1                               0.750000    3.358204   -2.608204 (VIOLATED)
_6375_/B                                0.750000    3.358205   -2.608205 (VIOLATED)
_6399_/A1                               0.750000    3.358203   -2.608203 (VIOLATED)
_6400_/B                                0.750000    3.358203   -2.608203 (VIOLATED)
_6430_/A1                               0.750000    3.358200   -2.608200 (VIOLATED)
_6431_/B                                0.750000    3.358200   -2.608200 (VIOLATED)
_6614_/B                                0.750000    3.358202   -2.608202 (VIOLATED)
_6465_/B                                0.750000    3.358196   -2.608196 (VIOLATED)
_6466_/A1                               0.750000    3.358195   -2.608195 (VIOLATED)
_8387_/B                                0.750000    3.358190   -2.608190 (VIOLATED)
_6581_/B                                0.750000    3.358186   -2.608186 (VIOLATED)
_8386_/A1                               0.750000    3.358182   -2.608182 (VIOLATED)
_5856_/A                                0.750000    3.358177   -2.608177 (VIOLATED)
_6492_/B                                0.750000    3.358180   -2.608180 (VIOLATED)
_5901_/A                                0.750000    3.358176   -2.608176 (VIOLATED)
_6521_/B                                0.750000    3.358173   -2.608173 (VIOLATED)
_6546_/B                                0.750000    3.358172   -2.608172 (VIOLATED)
_8416_/B                                0.750000    3.358128   -2.608128 (VIOLATED)
_8415_/A1                               0.750000    3.358121   -2.608121 (VIOLATED)
_8446_/B                                0.750000    3.358072   -2.608072 (VIOLATED)
_8445_/A1                               0.750000    3.358066   -2.608066 (VIOLATED)
_8118_/A                                0.750000    3.358051   -2.608051 (VIOLATED)
_8755_/B                                0.750000    3.358044   -2.608044 (VIOLATED)
_8475_/A1                               0.750000    3.358021   -2.608021 (VIOLATED)
_8474_/B                                0.750000    3.358014   -2.608014 (VIOLATED)
_8073_/A                                0.750000    3.358004   -2.608005 (VIOLATED)
_8117_/A                                0.750000    3.358004   -2.608004 (VIOLATED)
_8692_/A1                               0.750000    3.358002   -2.608002 (VIOLATED)
_8693_/B                                0.750000    3.358003   -2.608003 (VIOLATED)
_8723_/B                                0.750000    3.358004   -2.608004 (VIOLATED)
_8663_/B                                0.750000    3.357998   -2.607998 (VIOLATED)
_8509_/A1                               0.750000    3.357973   -2.607974 (VIOLATED)
_8636_/B                                0.750000    3.357976   -2.607976 (VIOLATED)
_8510_/B                                0.750000    3.357965   -2.607965 (VIOLATED)
_8607_/B                                0.750000    3.357965   -2.607965 (VIOLATED)
_8540_/B                                0.750000    3.357953   -2.607953 (VIOLATED)
_8539_/A1                               0.750000    3.357950   -2.607950 (VIOLATED)
_8570_/A1                               0.750000    3.357928   -2.607928 (VIOLATED)
_8571_/B                                0.750000    3.357926   -2.607926 (VIOLATED)
pixel_in[7]                             0.750000    3.357879   -2.607879 (VIOLATED)
_5501_/A                                0.750000    2.810272   -2.060272 (VIOLATED)
_5502_/A2                               0.750000    2.810272   -2.060272 (VIOLATED)
_5505_/A                                0.750000    2.810272   -2.060272 (VIOLATED)
_5506_/A2                               0.750000    2.810272   -2.060272 (VIOLATED)
_5507_/A                                0.750000    2.810272   -2.060272 (VIOLATED)
_5508_/A2                               0.750000    2.810272   -2.060272 (VIOLATED)
_5494_/A2                               0.750000    2.810269   -2.060268 (VIOLATED)
_5503_/A                                0.750000    2.810269   -2.060269 (VIOLATED)
_5509_/A                                0.750000    2.810271   -2.060271 (VIOLATED)
_5504_/A2                               0.750000    2.810269   -2.060269 (VIOLATED)
_5510_/A2                               0.750000    2.810271   -2.060271 (VIOLATED)
_5511_/A                                0.750000    2.810270   -2.060270 (VIOLATED)
_5512_/A2                               0.750000    2.810270   -2.060270 (VIOLATED)
_5513_/A                                0.750000    2.810269   -2.060268 (VIOLATED)
_5514_/A2                               0.750000    2.810268   -2.060268 (VIOLATED)
_5488_/A2                               0.750000    2.810265   -2.060265 (VIOLATED)
_5490_/A2                               0.750000    2.810266   -2.060267 (VIOLATED)
_5515_/A                                0.750000    2.810266   -2.060266 (VIOLATED)
_5516_/A2                               0.750000    2.810266   -2.060266 (VIOLATED)
_5517_/A                                0.750000    2.810266   -2.060266 (VIOLATED)
_5518_/A2                               0.750000    2.810266   -2.060266 (VIOLATED)
_5519_/A                                0.750000    2.810263   -2.060264 (VIOLATED)
_5520_/A2                               0.750000    2.810264   -2.060264 (VIOLATED)
_5521_/A                                0.750000    2.810261   -2.060261 (VIOLATED)
_5522_/A2                               0.750000    2.810262   -2.060262 (VIOLATED)
_5523_/A                                0.750000    2.810259   -2.060259 (VIOLATED)
_5484_/A2                               0.750000    2.810256   -2.060256 (VIOLATED)
_5486_/A2                               0.750000    2.810256   -2.060256 (VIOLATED)
_5524_/A2                               0.750000    2.810258   -2.060258 (VIOLATED)
_5478_/A2                               0.750000    2.810252   -2.060252 (VIOLATED)
_5480_/A2                               0.750000    2.810253   -2.060253 (VIOLATED)
_5482_/A2                               0.750000    2.810255   -2.060255 (VIOLATED)
_5525_/A                                0.750000    2.810251   -2.060251 (VIOLATED)
_5526_/A2                               0.750000    2.810252   -2.060252 (VIOLATED)
_5468_/A2                               0.750000    2.810247   -2.060247 (VIOLATED)
_5471_/A                                0.750000    2.810247   -2.060247 (VIOLATED)
_5472_/A2                               0.750000    2.810247   -2.060247 (VIOLATED)
_5474_/A2                               0.750000    2.810247   -2.060247 (VIOLATED)
_5475_/A                                0.750000    2.810247   -2.060247 (VIOLATED)
_5476_/A2                               0.750000    2.810247   -2.060247 (VIOLATED)
_5527_/A                                0.750000    2.810248   -2.060248 (VIOLATED)
_5528_/A2                               0.750000    2.810249   -2.060248 (VIOLATED)
_5473_/A                                0.750000    2.810244   -2.060245 (VIOLATED)
_5491_/A                                0.750000    2.810245   -2.060245 (VIOLATED)
_5492_/A2                               0.750000    2.810245   -2.060245 (VIOLATED)
_5495_/A                                0.750000    2.810245   -2.060245 (VIOLATED)
_5496_/A2                               0.750000    2.810245   -2.060245 (VIOLATED)
_5497_/A                                0.750000    2.810245   -2.060245 (VIOLATED)
_5498_/A2                               0.750000    2.810245   -2.060245 (VIOLATED)
_5499_/A                                0.750000    2.810244   -2.060244 (VIOLATED)
_5500_/A2                               0.750000    2.810244   -2.060244 (VIOLATED)
_5529_/A                                0.750000    2.810245   -2.060245 (VIOLATED)
_5530_/A2                               0.750000    2.810245   -2.060245 (VIOLATED)
_4479_/Y                                0.750000    2.810240   -2.060240 (VIOLATED)
_4480_/B1                               0.750000    2.810240   -2.060240 (VIOLATED)
_5467_/A                                0.750000    2.810240   -2.060240 (VIOLATED)
_5469_/A                                0.750000    2.810240   -2.060240 (VIOLATED)
_5470_/A2                               0.750000    2.810240   -2.060240 (VIOLATED)
_5477_/A                                0.750000    2.810240   -2.060240 (VIOLATED)
_5479_/A                                0.750000    2.810240   -2.060240 (VIOLATED)
_5481_/A                                0.750000    2.810240   -2.060240 (VIOLATED)
_5483_/A                                0.750000    2.810240   -2.060240 (VIOLATED)
_5485_/A                                0.750000    2.810240   -2.060240 (VIOLATED)
_5487_/A                                0.750000    2.810240   -2.060240 (VIOLATED)
_5489_/A                                0.750000    2.810240   -2.060240 (VIOLATED)
_5493_/A                                0.750000    2.810240   -2.060240 (VIOLATED)
_8862_/A                                0.750000    2.808595   -2.058595 (VIOLATED)
_8863_/A2                               0.750000    2.808595   -2.058595 (VIOLATED)
_8864_/A                                0.750000    2.808596   -2.058596 (VIOLATED)
_8865_/A2                               0.750000    2.808596   -2.058596 (VIOLATED)
_8868_/A                                0.750000    2.808597   -2.058597 (VIOLATED)
_8869_/A2                               0.750000    2.808597   -2.058597 (VIOLATED)
_8870_/A                                0.750000    2.808597   -2.058597 (VIOLATED)
_8871_/A2                               0.750000    2.808597   -2.058597 (VIOLATED)
_8848_/A                                0.750000    2.808591   -2.058591 (VIOLATED)
_8849_/A2                               0.750000    2.808591   -2.058591 (VIOLATED)
_8850_/A                                0.750000    2.808591   -2.058591 (VIOLATED)
_8851_/A2                               0.750000    2.808591   -2.058591 (VIOLATED)
_8843_/A2                               0.750000    2.808589   -2.058589 (VIOLATED)
_8844_/A                                0.750000    2.808589   -2.058589 (VIOLATED)
_8845_/A2                               0.750000    2.808589   -2.058589 (VIOLATED)
_8846_/A                                0.750000    2.808590   -2.058590 (VIOLATED)
_8847_/A2                               0.750000    2.808590   -2.058590 (VIOLATED)
_8852_/A                                0.750000    2.808591   -2.058591 (VIOLATED)
_8853_/A2                               0.750000    2.808591   -2.058591 (VIOLATED)
_8858_/A                                0.750000    2.808592   -2.058592 (VIOLATED)
_8859_/A2                               0.750000    2.808592   -2.058593 (VIOLATED)
_8860_/A                                0.750000    2.808594   -2.058594 (VIOLATED)
_8861_/A2                               0.750000    2.808594   -2.058594 (VIOLATED)
_8854_/A                                0.750000    2.808590   -2.058590 (VIOLATED)
_8855_/A2                               0.750000    2.808590   -2.058590 (VIOLATED)
_8856_/A                                0.750000    2.808590   -2.058590 (VIOLATED)
_8857_/A2                               0.750000    2.808590   -2.058590 (VIOLATED)
_8842_/A                                0.750000    2.808572   -2.058572 (VIOLATED)
_8866_/A                                0.750000    2.808569   -2.058569 (VIOLATED)
_8867_/A2                               0.750000    2.808569   -2.058569 (VIOLATED)
_8872_/A                                0.750000    2.808568   -2.058568 (VIOLATED)
_8873_/A2                               0.750000    2.808568   -2.058568 (VIOLATED)
_8874_/A                                0.750000    2.808568   -2.058568 (VIOLATED)
_8875_/A2                               0.750000    2.808568   -2.058568 (VIOLATED)
_8839_/A2                               0.750000    2.808566   -2.058566 (VIOLATED)
_8876_/A                                0.750000    2.808568   -2.058568 (VIOLATED)
_8877_/A2                               0.750000    2.808568   -2.058568 (VIOLATED)
_8878_/A                                0.750000    2.808568   -2.058568 (VIOLATED)
_8879_/A2                               0.750000    2.808568   -2.058568 (VIOLATED)
_8880_/A                                0.750000    2.808567   -2.058567 (VIOLATED)
_8881_/A2                               0.750000    2.808567   -2.058567 (VIOLATED)
_8828_/A                                0.750000    2.808564   -2.058564 (VIOLATED)
_8829_/A2                               0.750000    2.808564   -2.058564 (VIOLATED)
_8830_/A                                0.750000    2.808564   -2.058564 (VIOLATED)
_8831_/A2                               0.750000    2.808564   -2.058564 (VIOLATED)
_8834_/A                                0.750000    2.808565   -2.058565 (VIOLATED)
_8835_/A2                               0.750000    2.808565   -2.058565 (VIOLATED)
_8837_/A2                               0.750000    2.808566   -2.058566 (VIOLATED)
_8840_/A                                0.750000    2.808565   -2.058565 (VIOLATED)
_8841_/A2                               0.750000    2.808564   -2.058564 (VIOLATED)
_8882_/A                                0.750000    2.808565   -2.058565 (VIOLATED)
_8883_/A2                               0.750000    2.808565   -2.058565 (VIOLATED)
_8884_/A                                0.750000    2.808563   -2.058563 (VIOLATED)
_8885_/A2                               0.750000    2.808563   -2.058563 (VIOLATED)
_8836_/A                                0.750000    2.808560   -2.058560 (VIOLATED)
_8838_/A                                0.750000    2.808562   -2.058561 (VIOLATED)
_8886_/A                                0.750000    2.808561   -2.058561 (VIOLATED)
_8887_/A2                               0.750000    2.808562   -2.058562 (VIOLATED)
_7813_/Y                                0.750000    2.808556   -2.058557 (VIOLATED)
_7814_/B1                               0.750000    2.808556   -2.058557 (VIOLATED)
_8824_/A                                0.750000    2.808556   -2.058557 (VIOLATED)
_8825_/A2                               0.750000    2.808556   -2.058557 (VIOLATED)
_8826_/A                                0.750000    2.808556   -2.058557 (VIOLATED)
_8827_/A2                               0.750000    2.808556   -2.058557 (VIOLATED)
_8832_/A                                0.750000    2.808556   -2.058557 (VIOLATED)
_8833_/A2                               0.750000    2.808556   -2.058557 (VIOLATED)
_7765_/A                                0.750000    2.781258   -2.031257 (VIOLATED)
_7767_/A                                0.750000    2.781257   -2.031257 (VIOLATED)
_7768_/A2                               0.750000    2.781257   -2.031257 (VIOLATED)
_7769_/A                                0.750000    2.781258   -2.031258 (VIOLATED)
_7770_/A2                               0.750000    2.781258   -2.031258 (VIOLATED)
_7771_/A                                0.750000    2.781258   -2.031258 (VIOLATED)
_7772_/A2                               0.750000    2.781258   -2.031258 (VIOLATED)
_7773_/A                                0.750000    2.781256   -2.031256 (VIOLATED)
_7774_/A2                               0.750000    2.781256   -2.031256 (VIOLATED)
_7761_/A                                0.750000    2.781254   -2.031254 (VIOLATED)
_7762_/A2                               0.750000    2.781254   -2.031254 (VIOLATED)
_7763_/A                                0.750000    2.781255   -2.031256 (VIOLATED)
_7764_/A2                               0.750000    2.781255   -2.031256 (VIOLATED)
_7766_/A2                               0.750000    2.781258   -2.031257 (VIOLATED)
_7775_/A                                0.750000    2.781254   -2.031254 (VIOLATED)
_7776_/A2                               0.750000    2.781254   -2.031254 (VIOLATED)
_7752_/A2                               0.750000    2.781250   -2.031250 (VIOLATED)
_7754_/A2                               0.750000    2.781252   -2.031252 (VIOLATED)
_7777_/A                                0.750000    2.781252   -2.031252 (VIOLATED)
_7778_/A2                               0.750000    2.781251   -2.031252 (VIOLATED)
_7750_/A2                               0.750000    2.781247   -2.031247 (VIOLATED)
_7779_/A                                0.750000    2.781249   -2.031249 (VIOLATED)
_7780_/A2                               0.750000    2.781249   -2.031249 (VIOLATED)
_7748_/A2                               0.750000    2.781245   -2.031245 (VIOLATED)
_7783_/A                                0.750000    2.781247   -2.031247 (VIOLATED)
_7784_/A2                               0.750000    2.781247   -2.031247 (VIOLATED)
_7746_/A2                               0.750000    2.781242   -2.031242 (VIOLATED)
_7755_/A                                0.750000    2.781244   -2.031244 (VIOLATED)
_7756_/A2                               0.750000    2.781244   -2.031244 (VIOLATED)
_7757_/A                                0.750000    2.781244   -2.031244 (VIOLATED)
_7758_/A2                               0.750000    2.781244   -2.031244 (VIOLATED)
_7759_/A                                0.750000    2.781244   -2.031244 (VIOLATED)
_7760_/A2                               0.750000    2.781244   -2.031244 (VIOLATED)
_7781_/A                                0.750000    2.781245   -2.031245 (VIOLATED)
_7782_/A2                               0.750000    2.781244   -2.031244 (VIOLATED)
_7744_/A2                               0.750000    2.781239   -2.031239 (VIOLATED)
_7753_/A                                0.750000    2.781240   -2.031240 (VIOLATED)
_7785_/A                                0.750000    2.781242   -2.031242 (VIOLATED)
_7786_/A2                               0.750000    2.781242   -2.031242 (VIOLATED)
_7787_/A                                0.750000    2.781240   -2.031240 (VIOLATED)
_7788_/A2                               0.750000    2.781240   -2.031240 (VIOLATED)
_7747_/A                                0.750000    2.781238   -2.031238 (VIOLATED)
_7749_/A                                0.750000    2.781239   -2.031239 (VIOLATED)
_7751_/A                                0.750000    2.781240   -2.031240 (VIOLATED)
_7790_/A2                               0.750000    2.781238   -2.031238 (VIOLATED)
_6731_/Y                                0.750000    2.781235   -2.031234 (VIOLATED)
_6732_/B1                               0.750000    2.781235   -2.031234 (VIOLATED)
_7729_/A                                0.750000    2.781235   -2.031234 (VIOLATED)
_7730_/A2                               0.750000    2.781235   -2.031234 (VIOLATED)
_7731_/A                                0.750000    2.781235   -2.031234 (VIOLATED)
_7732_/A2                               0.750000    2.781235   -2.031234 (VIOLATED)
_7733_/A                                0.750000    2.781235   -2.031234 (VIOLATED)
_7734_/A2                               0.750000    2.781235   -2.031234 (VIOLATED)
_7735_/A                                0.750000    2.781235   -2.031234 (VIOLATED)
_7736_/A2                               0.750000    2.781235   -2.031234 (VIOLATED)
_7737_/A                                0.750000    2.781235   -2.031234 (VIOLATED)
_7738_/A2                               0.750000    2.781235   -2.031234 (VIOLATED)
_7739_/A                                0.750000    2.781235   -2.031234 (VIOLATED)
_7740_/A2                               0.750000    2.781235   -2.031234 (VIOLATED)
_7741_/A                                0.750000    2.781235   -2.031234 (VIOLATED)
_7742_/A2                               0.750000    2.781235   -2.031234 (VIOLATED)
_7743_/A                                0.750000    2.781235   -2.031234 (VIOLATED)
_7745_/A                                0.750000    2.781235   -2.031234 (VIOLATED)
_7789_/A                                0.750000    2.781235   -2.031234 (VIOLATED)
_7791_/A                                0.750000    2.781235   -2.031234 (VIOLATED)
_7792_/A2                               0.750000    2.781235   -2.031234 (VIOLATED)
_5502_/C1                               0.750000    2.696594   -1.946594 (VIOLATED)
_5506_/C1                               0.750000    2.696594   -1.946594 (VIOLATED)
_5508_/C1                               0.750000    2.696594   -1.946594 (VIOLATED)
_5660_/B                                0.750000    2.696594   -1.946594 (VIOLATED)
_5661_/B                                0.750000    2.696594   -1.946594 (VIOLATED)
_5504_/C1                               0.750000    2.696591   -1.946591 (VIOLATED)
_5510_/C1                               0.750000    2.696593   -1.946593 (VIOLATED)
_5512_/C1                               0.750000    2.696592   -1.946592 (VIOLATED)
_5658_/B                                0.750000    2.696592   -1.946592 (VIOLATED)
_5662_/B                                0.750000    2.696592   -1.946592 (VIOLATED)
_5663_/B                                0.750000    2.696592   -1.946592 (VIOLATED)
_5490_/C1                               0.750000    2.696588   -1.946588 (VIOLATED)
_5514_/C1                               0.750000    2.696590   -1.946590 (VIOLATED)
_5659_/B                                0.750000    2.696589   -1.946589 (VIOLATED)
_5488_/C1                               0.750000    2.696586   -1.946586 (VIOLATED)
_5494_/C1                               0.750000    2.696587   -1.946587 (VIOLATED)
_5516_/C1                               0.750000    2.696587   -1.946587 (VIOLATED)
_5518_/C1                               0.750000    2.696587   -1.946586 (VIOLATED)
_5654_/B                                0.750000    2.696587   -1.946587 (VIOLATED)
_5664_/B                                0.750000    2.696589   -1.946589 (VIOLATED)
_5665_/B                                0.750000    2.696588   -1.946588 (VIOLATED)
_5651_/B                                0.750000    2.696584   -1.946584 (VIOLATED)
_5652_/B                                0.750000    2.696586   -1.946586 (VIOLATED)
_5666_/B                                0.750000    2.696585   -1.946586 (VIOLATED)
_5520_/C1                               0.750000    2.696582   -1.946582 (VIOLATED)
_5522_/C1                               0.750000    2.696579   -1.946579 (VIOLATED)
_5484_/C1                               0.750000    2.696575   -1.946575 (VIOLATED)
_5486_/C1                               0.750000    2.696577   -1.946577 (VIOLATED)
_5524_/C1                               0.750000    2.696575   -1.946575 (VIOLATED)
_5650_/B                                0.750000    2.696576   -1.946576 (VIOLATED)
_5667_/B                                0.750000    2.696576   -1.946576 (VIOLATED)
_5668_/B                                0.750000    2.696576   -1.946576 (VIOLATED)
_5669_/B                                0.750000    2.696575   -1.946575 (VIOLATED)
_5482_/C1                               0.750000    2.696571   -1.946571 (VIOLATED)
_5480_/C1                               0.750000    2.696566   -1.946566 (VIOLATED)
_5478_/C1                               0.750000    2.696562   -1.946562 (VIOLATED)
_5526_/C1                               0.750000    2.696560   -1.946560 (VIOLATED)
_5647_/B                                0.750000    2.696562   -1.946562 (VIOLATED)
_5648_/B                                0.750000    2.696562   -1.946563 (VIOLATED)
_5649_/B                                0.750000    2.696563   -1.946563 (VIOLATED)
_5590_/B                                0.750000    2.696558   -1.946558 (VIOLATED)
_5591_/B                                0.750000    2.696558   -1.946558 (VIOLATED)
_5592_/B                                0.750000    2.696558   -1.946558 (VIOLATED)
_7756_/C1                               0.750000    2.696558   -1.946558 (VIOLATED)
_7758_/C1                               0.750000    2.696557   -1.946557 (VIOLATED)
_7760_/C1                               0.750000    2.696557   -1.946557 (VIOLATED)
_5528_/C1                               0.750000    2.696554   -1.946554 (VIOLATED)
_5643_/B                                0.750000    2.696553   -1.946553 (VIOLATED)
_5468_/C1                               0.750000    2.696551   -1.946550 (VIOLATED)
_5472_/C1                               0.750000    2.696552   -1.946552 (VIOLATED)
_5474_/C1                               0.750000    2.696550   -1.946550 (VIOLATED)
_5641_/B                                0.750000    2.696551   -1.946551 (VIOLATED)
_5642_/B                                0.750000    2.696550   -1.946550 (VIOLATED)
_5644_/B                                0.750000    2.696550   -1.946550 (VIOLATED)
_5645_/B                                0.750000    2.696550   -1.946550 (VIOLATED)
_5646_/B                                0.750000    2.696549   -1.946549 (VIOLATED)
_5476_/C1                               0.750000    2.696547   -1.946547 (VIOLATED)
_5670_/B                                0.750000    2.696549   -1.946549 (VIOLATED)
_5671_/B                                0.750000    2.696550   -1.946550 (VIOLATED)
_5594_/B                                0.750000    2.696539   -1.946539 (VIOLATED)
_5595_/B                                0.750000    2.696539   -1.946539 (VIOLATED)
_5596_/B                                0.750000    2.696539   -1.946539 (VIOLATED)
_5597_/B                                0.750000    2.696540   -1.946540 (VIOLATED)
_5598_/B                                0.750000    2.696540   -1.946540 (VIOLATED)
_5599_/B                                0.750000    2.696539   -1.946539 (VIOLATED)
_7764_/C1                               0.750000    2.696539   -1.946539 (VIOLATED)
_7766_/C1                               0.750000    2.696541   -1.946541 (VIOLATED)
_7768_/C1                               0.750000    2.696540   -1.946540 (VIOLATED)
_7770_/C1                               0.750000    2.696541   -1.946541 (VIOLATED)
_7772_/C1                               0.750000    2.696541   -1.946541 (VIOLATED)
_7774_/C1                               0.750000    2.696540   -1.946540 (VIOLATED)
_5593_/B                                0.750000    2.696536   -1.946536 (VIOLATED)
_5600_/B                                0.750000    2.696537   -1.946537 (VIOLATED)
_5672_/B                                0.750000    2.696537   -1.946537 (VIOLATED)
_5530_/C1                               0.750000    2.696534   -1.946534 (VIOLATED)
_5588_/B                                0.750000    2.696533   -1.946533 (VIOLATED)
_5601_/B                                0.750000    2.696534   -1.946534 (VIOLATED)
_5587_/B                                0.750000    2.696530   -1.946530 (VIOLATED)
_5602_/B                                0.750000    2.696531   -1.946531 (VIOLATED)
_5586_/B                                0.750000    2.696527   -1.946527 (VIOLATED)
_5604_/B                                0.750000    2.696528   -1.946528 (VIOLATED)
_5603_/B                                0.750000    2.696525   -1.946525 (VIOLATED)
_5585_/B                                0.750000    2.696523   -1.946523 (VIOLATED)
_5589_/B                                0.750000    2.696524   -1.946524 (VIOLATED)
_5605_/B                                0.750000    2.696522   -1.946522 (VIOLATED)
_7752_/C1                               0.750000    2.696523   -1.946523 (VIOLATED)
_7754_/C1                               0.750000    2.696524   -1.946524 (VIOLATED)
_7762_/C1                               0.750000    2.696524   -1.946524 (VIOLATED)
_7776_/C1                               0.750000    2.696524   -1.946524 (VIOLATED)
_7778_/C1                               0.750000    2.696523   -1.946523 (VIOLATED)
_7780_/C1                               0.750000    2.696522   -1.946522 (VIOLATED)
_5606_/B                                0.750000    2.696520   -1.946520 (VIOLATED)
_7748_/C1                               0.750000    2.696520   -1.946520 (VIOLATED)
_7750_/C1                               0.750000    2.696521   -1.946521 (VIOLATED)
_5584_/B                                0.750000    2.696517   -1.946518 (VIOLATED)
_7746_/C1                               0.750000    2.696517   -1.946517 (VIOLATED)
_7782_/C1                               0.750000    2.696519   -1.946519 (VIOLATED)
_7784_/C1                               0.750000    2.696521   -1.946521 (VIOLATED)
_7786_/C1                               0.750000    2.696517   -1.946517 (VIOLATED)
_5581_/B                                0.750000    2.696513   -1.946513 (VIOLATED)
_5582_/B                                0.750000    2.696513   -1.946513 (VIOLATED)
_5607_/B                                0.750000    2.696515   -1.946515 (VIOLATED)
_7744_/C1                               0.750000    2.696513   -1.946514 (VIOLATED)
_7788_/C1                               0.750000    2.696515   -1.946515 (VIOLATED)
_7790_/C1                               0.750000    2.696513   -1.946513 (VIOLATED)
_5470_/C1                               0.750000    2.696510   -1.946510 (VIOLATED)
_5608_/B                                0.750000    2.696511   -1.946511 (VIOLATED)
_4477_/B1                               0.750000    2.696504   -1.946504 (VIOLATED)
_7792_/C1                               0.750000    2.696505   -1.946505 (VIOLATED)
_5492_/C1                               0.750000    2.696495   -1.946495 (VIOLATED)
_5496_/C1                               0.750000    2.696494   -1.946495 (VIOLATED)
_5583_/B                                0.750000    2.696496   -1.946496 (VIOLATED)
_5498_/C1                               0.750000    2.696494   -1.946494 (VIOLATED)
_5500_/C1                               0.750000    2.696496   -1.946495 (VIOLATED)
_5653_/B                                0.750000    2.696495   -1.946495 (VIOLATED)
_5655_/B                                0.750000    2.696495   -1.946495 (VIOLATED)
_5630_/B                                0.750000    2.696492   -1.946492 (VIOLATED)
_5656_/B                                0.750000    2.696494   -1.946494 (VIOLATED)
_5657_/B                                0.750000    2.696496   -1.946495 (VIOLATED)
_5555_/B                                0.750000    2.696489   -1.946489 (VIOLATED)
_5556_/B                                0.750000    2.696490   -1.946490 (VIOLATED)
_5561_/B                                0.750000    2.696490   -1.946490 (VIOLATED)
_5562_/B                                0.750000    2.696491   -1.946491 (VIOLATED)
_5563_/B                                0.750000    2.696491   -1.946491 (VIOLATED)
_5565_/B                                0.750000    2.696492   -1.946492 (VIOLATED)
_5566_/B                                0.750000    2.696492   -1.946492 (VIOLATED)
_5567_/B                                0.750000    2.696492   -1.946492 (VIOLATED)
_5568_/B                                0.750000    2.696492   -1.946492 (VIOLATED)
_5633_/B                                0.750000    2.696491   -1.946491 (VIOLATED)
_5634_/B                                0.750000    2.696491   -1.946491 (VIOLATED)
_5635_/B                                0.750000    2.696491   -1.946491 (VIOLATED)
_5636_/B                                0.750000    2.696490   -1.946490 (VIOLATED)
_7742_/C1                               0.750000    2.696491   -1.946491 (VIOLATED)
_8867_/C1                               0.750000    2.696492   -1.946492 (VIOLATED)
_8873_/C1                               0.750000    2.696491   -1.946491 (VIOLATED)
_8875_/C1                               0.750000    2.696492   -1.946492 (VIOLATED)
_8877_/C1                               0.750000    2.696491   -1.946491 (VIOLATED)
_5615_/B                                0.750000    2.696488   -1.946488 (VIOLATED)
_5637_/B                                0.750000    2.696490   -1.946490 (VIOLATED)
_7740_/C1                               0.750000    2.696488   -1.946487 (VIOLATED)
_8837_/C1                               0.750000    2.696487   -1.946487 (VIOLATED)
_8839_/C1                               0.750000    2.696489   -1.946489 (VIOLATED)
_8879_/C1                               0.750000    2.696489   -1.946489 (VIOLATED)
_8881_/C1                               0.750000    2.696489   -1.946489 (VIOLATED)
_5551_/B                                0.750000    2.696484   -1.946484 (VIOLATED)
_5557_/B                                0.750000    2.696485   -1.946485 (VIOLATED)
_5558_/B                                0.750000    2.696485   -1.946485 (VIOLATED)
_5559_/B                                0.750000    2.696486   -1.946486 (VIOLATED)
_5560_/B                                0.750000    2.696486   -1.946486 (VIOLATED)
_5564_/B                                0.750000    2.696485   -1.946485 (VIOLATED)
_5569_/B                                0.750000    2.696485   -1.946485 (VIOLATED)
_5570_/B                                0.750000    2.696484   -1.946484 (VIOLATED)
_5621_/B                                0.750000    2.696485   -1.946485 (VIOLATED)
_5622_/B                                0.750000    2.696485   -1.946485 (VIOLATED)
_5638_/B                                0.750000    2.696486   -1.946487 (VIOLATED)
_7738_/C1                               0.750000    2.696485   -1.946485 (VIOLATED)
_8883_/C1                               0.750000    2.696487   -1.946487 (VIOLATED)
_8849_/C1                               0.750000    2.696484   -1.946484 (VIOLATED)
_8851_/C1                               0.750000    2.696485   -1.946485 (VIOLATED)
_5573_/B                                0.750000    2.696482   -1.946482 (VIOLATED)
_5574_/B                                0.750000    2.696483   -1.946483 (VIOLATED)
_5576_/B                                0.750000    2.696484   -1.946484 (VIOLATED)
_8885_/C1                               0.750000    2.696484   -1.946484 (VIOLATED)
_5577_/B                                0.750000    2.696482   -1.946482 (VIOLATED)
_5578_/B                                0.750000    2.696482   -1.946482 (VIOLATED)
_5579_/B                                0.750000    2.696482   -1.946483 (VIOLATED)
_5531_/A                                0.750000    2.696480   -1.946479 (VIOLATED)
_5545_/B                                0.750000    2.696479   -1.946479 (VIOLATED)
_5549_/B                                0.750000    2.696481   -1.946481 (VIOLATED)
_5550_/B                                0.750000    2.696482   -1.946482 (VIOLATED)
_5552_/B                                0.750000    2.696483   -1.946483 (VIOLATED)
_5553_/B                                0.750000    2.696484   -1.946484 (VIOLATED)
_5554_/B                                0.750000    2.696484   -1.946484 (VIOLATED)
_5611_/B                                0.750000    2.696481   -1.946481 (VIOLATED)
_5612_/B                                0.750000    2.696481   -1.946482 (VIOLATED)
_5623_/B                                0.750000    2.696483   -1.946483 (VIOLATED)
_7732_/C1                               0.750000    2.696481   -1.946481 (VIOLATED)
_8887_/C1                               0.750000    2.696483   -1.946483 (VIOLATED)
_5546_/B                                0.750000    2.696478   -1.946479 (VIOLATED)
_5547_/B                                0.750000    2.696480   -1.946480 (VIOLATED)
_5548_/B                                0.750000    2.696480   -1.946480 (VIOLATED)
_5571_/B                                0.750000    2.696480   -1.946479 (VIOLATED)
_5572_/B                                0.750000    2.696480   -1.946480 (VIOLATED)
_5575_/B                                0.750000    2.696480   -1.946480 (VIOLATED)
_5613_/B                                0.750000    2.696481   -1.946480 (VIOLATED)
_5614_/B                                0.750000    2.696482   -1.946482 (VIOLATED)
_5616_/B                                0.750000    2.696482   -1.946482 (VIOLATED)
_5617_/B                                0.750000    2.696482   -1.946482 (VIOLATED)
_5618_/B                                0.750000    2.696481   -1.946480 (VIOLATED)
_5620_/B                                0.750000    2.696481   -1.946480 (VIOLATED)
_5624_/B                                0.750000    2.696481   -1.946481 (VIOLATED)
_5639_/B                                0.750000    2.696482   -1.946482 (VIOLATED)
_5640_/B                                0.750000    2.696482   -1.946482 (VIOLATED)
_7734_/C1                               0.750000    2.696481   -1.946480 (VIOLATED)
_8829_/C1                               0.750000    2.696481   -1.946481 (VIOLATED)
_8831_/C1                               0.750000    2.696482   -1.946482 (VIOLATED)
_8853_/C1                               0.750000    2.696483   -1.946483 (VIOLATED)
_8833_/C1                               0.750000    2.696480   -1.946480 (VIOLATED)
_8835_/C1                               0.750000    2.696482   -1.946482 (VIOLATED)
_8843_/C1                               0.750000    2.696480   -1.946480 (VIOLATED)
_8845_/C1                               0.750000    2.696481   -1.946480 (VIOLATED)
_8847_/C1                               0.750000    2.696481   -1.946481 (VIOLATED)
_8855_/C1                               0.750000    2.696481   -1.946482 (VIOLATED)
_5609_/B                                0.750000    2.696478   -1.946478 (VIOLATED)
_5625_/B                                0.750000    2.696478   -1.946479 (VIOLATED)
_6729_/B1                               0.750000    2.696478   -1.946478 (VIOLATED)
_7730_/C1                               0.750000    2.696477   -1.946477 (VIOLATED)
_8825_/C1                               0.750000    2.696478   -1.946478 (VIOLATED)
_8857_/C1                               0.750000    2.696478   -1.946478 (VIOLATED)
_5580_/B                                0.750000    2.696475   -1.946475 (VIOLATED)
_5610_/B                                0.750000    2.696475   -1.946475 (VIOLATED)
_5619_/B                                0.750000    2.696476   -1.946476 (VIOLATED)
_5626_/B                                0.750000    2.696476   -1.946476 (VIOLATED)
_5627_/B                                0.750000    2.696475   -1.946475 (VIOLATED)
_5628_/B                                0.750000    2.696476   -1.946476 (VIOLATED)
_5629_/B                                0.750000    2.696476   -1.946476 (VIOLATED)
_5631_/B                                0.750000    2.696477   -1.946477 (VIOLATED)
_5632_/B                                0.750000    2.696477   -1.946477 (VIOLATED)
_8827_/C1                               0.750000    2.696475   -1.946476 (VIOLATED)
_8859_/C1                               0.750000    2.696476   -1.946476 (VIOLATED)
_8861_/C1                               0.750000    2.696475   -1.946475 (VIOLATED)
_8863_/C1                               0.750000    2.696476   -1.946476 (VIOLATED)
_8865_/C1                               0.750000    2.696476   -1.946476 (VIOLATED)
_8869_/C1                               0.750000    2.696477   -1.946477 (VIOLATED)
_8871_/C1                               0.750000    2.696477   -1.946477 (VIOLATED)
_5686_/C1                               0.750000    2.696470   -1.946470 (VIOLATED)
_5691_/B1                               0.750000    2.696470   -1.946471 (VIOLATED)
_5693_/B1                               0.750000    2.696470   -1.946470 (VIOLATED)
_6672_/A                                0.750000    2.696470   -1.946470 (VIOLATED)
_7736_/C1                               0.750000    2.696471   -1.946471 (VIOLATED)
_7811_/B1                               0.750000    2.696462   -1.946462 (VIOLATED)
_8841_/C1                               0.750000    2.696457   -1.946457 (VIOLATED)
_4454_/Y                                0.750000    2.696448   -1.946448 (VIOLATED)
_5532_/A                                0.750000    2.696448   -1.946448 (VIOLATED)
_7793_/A                                0.750000    2.696448   -1.946448 (VIOLATED)
_8443_/A1_N                             0.750000    1.875012   -1.125012 (VIOLATED)
_8472_/A1_N                             0.750000    1.875012   -1.125012 (VIOLATED)
_8507_/A1_N                             0.750000    1.875011   -1.125011 (VIOLATED)
_8568_/A1_N                             0.750000    1.875009   -1.125009 (VIOLATED)
_8597_/A1_N                             0.750000    1.875008   -1.125008 (VIOLATED)
_8537_/A1_N                             0.750000    1.875004   -1.125004 (VIOLATED)
_8413_/A1_N                             0.750000    1.874998   -1.124998 (VIOLATED)
_8345_/A1_N                             0.750000    1.874997   -1.124997 (VIOLATED)
_8384_/A1_N                             0.750000    1.874998   -1.124998 (VIOLATED)
_8634_/A1_N                             0.750000    1.874997   -1.124997 (VIOLATED)
_8661_/A1_N                             0.750000    1.874996   -1.124996 (VIOLATED)
_8234_/A1_N                             0.750000    1.874994   -1.124994 (VIOLATED)
_8273_/A1_N                             0.750000    1.874994   -1.124995 (VIOLATED)
_8311_/A1_N                             0.750000    1.874996   -1.124996 (VIOLATED)
_8687_/A1_N                             0.750000    1.874993   -1.124993 (VIOLATED)
_8189_/A1_N                             0.750000    1.874990   -1.124990 (VIOLATED)
_8715_/A1_N                             0.750000    1.874990   -1.124990 (VIOLATED)
_8752_/A1_N                             0.750000    1.874987   -1.124987 (VIOLATED)
_8101_/A1_N                             0.750000    1.874980   -1.124980 (VIOLATED)
_8784_/A1_N                             0.750000    1.874981   -1.124981 (VIOLATED)
_8146_/A1_N                             0.750000    1.874977   -1.124977 (VIOLATED)
_8807_/A1_N                             0.750000    1.874976   -1.124976 (VIOLATED)
_8822_/A2_N                             0.750000    1.874971   -1.124971 (VIOLATED)
_8056_/A1_N                             0.750000    1.874968   -1.124968 (VIOLATED)
_7866_/A1_N                             0.750000    1.874965   -1.124965 (VIOLATED)
_7965_/A1_N                             0.750000    1.874964   -1.124964 (VIOLATED)
_7845_/A1_N                             0.750000    1.874962   -1.124962 (VIOLATED)
_7819_/A1_N                             0.750000    1.874960   -1.124960 (VIOLATED)
_8009_/A1_N                             0.750000    1.874960   -1.124960 (VIOLATED)
_7927_/A1_N                             0.750000    1.874957   -1.124957 (VIOLATED)
_7829_/A1_N                             0.750000    1.874956   -1.124956 (VIOLATED)
_5708_/B2                               0.750000    1.874945   -1.124945 (VIOLATED)
_5699_/A1                               0.750000    1.874943   -1.124943 (VIOLATED)
_7891_/A1_N                             0.750000    1.874937   -1.124937 (VIOLATED)
_7813_/A                                0.750000    1.874931   -1.124931 (VIOLATED)
_5724_/A1_N                             0.750000    1.874928   -1.124928 (VIOLATED)
_5543_/A                                0.750000    1.874925   -1.124925 (VIOLATED)
_5693_/A1                               0.750000    1.874925   -1.124925 (VIOLATED)
_6671_/A1                               0.750000    1.874925   -1.124925 (VIOLATED)
_5131_/A1_N                             0.750000    1.874917   -1.124917 (VIOLATED)
_5745_/A1_N                             0.750000    1.874916   -1.124916 (VIOLATED)
_4972_/A1_N                             0.750000    1.874915   -1.124915 (VIOLATED)
_5005_/A1_N                             0.750000    1.874914   -1.124914 (VIOLATED)
_5072_/A1_N                             0.750000    1.874915   -1.124915 (VIOLATED)
_5103_/A1_N                             0.750000    1.874916   -1.124916 (VIOLATED)
_5042_/A1_N                             0.750000    1.874914   -1.124914 (VIOLATED)
_4896_/A1_N                             0.750000    1.874907   -1.124907 (VIOLATED)
_4934_/A1_N                             0.750000    1.874903   -1.124903 (VIOLATED)
_4848_/A1_N                             0.750000    1.874901   -1.124901 (VIOLATED)
_5277_/A1_N                             0.750000    1.874901   -1.124901 (VIOLATED)
_4805_/A1_N                             0.750000    1.874898   -1.124898 (VIOLATED)
_5304_/A1_N                             0.750000    1.874897   -1.124897 (VIOLATED)
_5161_/A1_N                             0.750000    1.874895   -1.124895 (VIOLATED)
_5186_/A1_N                             0.750000    1.874894   -1.124894 (VIOLATED)
_5216_/A1_N                             0.750000    1.874894   -1.124894 (VIOLATED)
_4756_/A1_N                             0.750000    1.874892   -1.124892 (VIOLATED)
_5243_/A1_N                             0.750000    1.874893   -1.124893 (VIOLATED)
_4716_/A1_N                             0.750000    1.874889   -1.124889 (VIOLATED)
_5331_/A1_N                             0.750000    1.874889   -1.124889 (VIOLATED)
_5358_/A1_N                             0.750000    1.874888   -1.124888 (VIOLATED)
_5771_/A1_N                             0.750000    1.874888   -1.124888 (VIOLATED)
_4670_/A1_N                             0.750000    1.874885   -1.124885 (VIOLATED)
_5395_/A1_N                             0.750000    1.874886   -1.124886 (VIOLATED)
_5881_/A1_N                             0.750000    1.874887   -1.124887 (VIOLATED)
_5426_/A1_N                             0.750000    1.874883   -1.124883 (VIOLATED)
_4626_/A1_N                             0.750000    1.874882   -1.124882 (VIOLATED)
_5450_/A1_N                             0.750000    1.874880   -1.124880 (VIOLATED)
_4589_/A1_N                             0.750000    1.874879   -1.124879 (VIOLATED)
_5465_/A1_N                             0.750000    1.874877   -1.124877 (VIOLATED)
_4557_/A1_N                             0.750000    1.874875   -1.124875 (VIOLATED)
_5840_/A1_N                             0.750000    1.874872   -1.124872 (VIOLATED)
_4531_/A1_N                             0.750000    1.874870   -1.124870 (VIOLATED)
_5803_/A1_N                             0.750000    1.874866   -1.124866 (VIOLATED)
_4485_/A1_N                             0.750000    1.874865   -1.124865 (VIOLATED)
_4479_/A                                0.750000    1.874863   -1.124864 (VIOLATED)
_4509_/A1_N                             0.750000    1.874857   -1.124857 (VIOLATED)
_5927_/A1_N                             0.750000    1.874850   -1.124850 (VIOLATED)
_5973_/A1_N                             0.750000    1.874843   -1.124843 (VIOLATED)
_6644_/A1_N                             0.750000    1.874830   -1.124830 (VIOLATED)
_7194_/A1_N                             0.750000    1.874817   -1.124817 (VIOLATED)
_6019_/A1_N                             0.750000    1.874804   -1.124804 (VIOLATED)
_6519_/A1_N                             0.750000    1.874803   -1.124804 (VIOLATED)
_6544_/A1_N                             0.750000    1.874804   -1.124804 (VIOLATED)
_6572_/A1_N                             0.750000    1.874804   -1.124804 (VIOLATED)
_6611_/A1_N                             0.750000    1.874804   -1.124804 (VIOLATED)
_7304_/A1_N                             0.750000    1.874804   -1.124804 (VIOLATED)
_6490_/A1_N                             0.750000    1.874801   -1.124801 (VIOLATED)
_6344_/A1_N                             0.750000    1.874798   -1.124798 (VIOLATED)
_7155_/A1_N                             0.750000    1.874796   -1.124796 (VIOLATED)
_6061_/A1_N                             0.750000    1.874794   -1.124794 (VIOLATED)
_7107_/A1_N                             0.750000    1.874787   -1.124787 (VIOLATED)
_7063_/A1_N                             0.750000    1.874776   -1.124776 (VIOLATED)
_7018_/A1_N                             0.750000    1.874768   -1.124768 (VIOLATED)
_6372_/A1_N                             0.750000    1.874760   -1.124760 (VIOLATED)
_6397_/A1_N                             0.750000    1.874760   -1.124760 (VIOLATED)
_6428_/A1_N                             0.750000    1.874761   -1.124761 (VIOLATED)
_6455_/A1_N                             0.750000    1.874761   -1.124761 (VIOLATED)
_6282_/A1_N                             0.750000    1.874758   -1.124758 (VIOLATED)
_6315_/A1_N                             0.750000    1.874759   -1.124759 (VIOLATED)
_6251_/A1_N                             0.750000    1.874757   -1.124757 (VIOLATED)
_6972_/A1_N                             0.750000    1.874753   -1.124753 (VIOLATED)
_6924_/A1_N                             0.750000    1.874743   -1.124743 (VIOLATED)
_6882_/A1_N                             0.750000    1.874738   -1.124738 (VIOLATED)
_6810_/A1_N                             0.750000    1.874730   -1.124730 (VIOLATED)
_6105_/A1_N                             0.750000    1.874728   -1.124728 (VIOLATED)
_6145_/A1_N                             0.750000    1.874728   -1.124728 (VIOLATED)
_6184_/A1_N                             0.750000    1.874728   -1.124728 (VIOLATED)
_6215_/A1_N                             0.750000    1.874729   -1.124729 (VIOLATED)
_6844_/A1_N                             0.750000    1.874728   -1.124728 (VIOLATED)
_6731_/A                                0.750000    1.874724   -1.124724 (VIOLATED)
_6746_/A1_N                             0.750000    1.874722   -1.124722 (VIOLATED)
_7233_/A1_N                             0.750000    1.874722   -1.124722 (VIOLATED)
_7268_/A1_N                             0.750000    1.874722   -1.124722 (VIOLATED)
_7332_/A1_N                             0.750000    1.874721   -1.124721 (VIOLATED)
_7363_/A1_N                             0.750000    1.874721   -1.124721 (VIOLATED)
_7392_/A1_N                             0.750000    1.874720   -1.124720 (VIOLATED)
_6737_/A1_N                             0.750000    1.874718   -1.124718 (VIOLATED)
_6762_/A1_N                             0.750000    1.874719   -1.124719 (VIOLATED)
_6783_/A1_N                             0.750000    1.874719   -1.124719 (VIOLATED)
_7422_/A1_N                             0.750000    1.874719   -1.124719 (VIOLATED)
_7447_/A1_N                             0.750000    1.874719   -1.124719 (VIOLATED)
_7476_/A1_N                             0.750000    1.874719   -1.124719 (VIOLATED)
_7504_/A1_N                             0.750000    1.874718   -1.124718 (VIOLATED)
_7538_/A1_N                             0.750000    1.874717   -1.124717 (VIOLATED)
_7565_/A1_N                             0.750000    1.874717   -1.124717 (VIOLATED)
_4444_/Y                                0.750000    1.874714   -1.124714 (VIOLATED)
_7591_/A1_N                             0.750000    1.874714   -1.124714 (VIOLATED)
_7619_/A1_N                             0.750000    1.874714   -1.124714 (VIOLATED)
_7656_/A1_N                             0.750000    1.874714   -1.124714 (VIOLATED)
_7688_/A1_N                             0.750000    1.874714   -1.124714 (VIOLATED)
_7712_/A1_N                             0.750000    1.874714   -1.124714 (VIOLATED)
_7727_/A1_N                             0.750000    1.874714   -1.124714 (VIOLATED)
_7279_/B1                               0.750000    1.581189   -0.831189 (VIOLATED)
_7316_/B1                               0.750000    1.581190   -0.831190 (VIOLATED)
_7372_/A                                0.750000    1.581190   -0.831190 (VIOLATED)
_7373_/B1                               0.750000    1.581190   -0.831190 (VIOLATED)
_7433_/A1                               0.750000    1.581191   -0.831191 (VIOLATED)
_7317_/A1                               0.750000    1.581190   -0.831190 (VIOLATED)
_7343_/B1                               0.750000    1.581190   -0.831190 (VIOLATED)
_7344_/A1                               0.750000    1.581190   -0.831190 (VIOLATED)
_7374_/A1                               0.750000    1.581190   -0.831190 (VIOLATED)
_7213_/B1                               0.750000    1.581188   -0.831188 (VIOLATED)
_7249_/B1                               0.750000    1.581188   -0.831188 (VIOLATED)
_7280_/A1                               0.750000    1.581189   -0.831189 (VIOLATED)
_7250_/A1                               0.750000    1.581188   -0.831188 (VIOLATED)
_7432_/A                                0.750000    1.581188   -0.831188 (VIOLATED)
_7666_/A                                0.750000    1.581188   -0.831188 (VIOLATED)
_7456_/A                                0.750000    1.581187   -0.831187 (VIOLATED)
_7457_/B1                               0.750000    1.581187   -0.831187 (VIOLATED)
_7487_/A1                               0.750000    1.581187   -0.831187 (VIOLATED)
_7574_/A                                0.750000    1.581187   -0.831187 (VIOLATED)
_7602_/A                                0.750000    1.581188   -0.831188 (VIOLATED)
_7636_/A                                0.750000    1.581188   -0.831188 (VIOLATED)
_7575_/A1                               0.750000    1.581187   -0.831187 (VIOLATED)
_7076_/Y                                0.750000    1.581185   -0.831185 (VIOLATED)
_7087_/B1                               0.750000    1.581185   -0.831185 (VIOLATED)
_7130_/B1                               0.750000    1.581185   -0.831185 (VIOLATED)
_7131_/A1                               0.750000    1.581185   -0.831185 (VIOLATED)
_7176_/B1                               0.750000    1.581185   -0.831185 (VIOLATED)
_7177_/A1                               0.750000    1.581185   -0.831185 (VIOLATED)
_7214_/A1                               0.750000    1.581185   -0.831185 (VIOLATED)
_7548_/A1                               0.750000    1.581185   -0.831185 (VIOLATED)
_5428_/A1                               0.750000    1.526282   -0.776282 (VIOLATED)
_5460_/S                                0.750000    1.526282   -0.776282 (VIOLATED)
_5345_/A                                0.750000    1.526281   -0.776281 (VIOLATED)
_5380_/A                                0.750000    1.526281   -0.776281 (VIOLATED)
_5317_/A                                0.750000    1.526280   -0.776280 (VIOLATED)
_5290_/A                                0.750000    1.526279   -0.776279 (VIOLATED)
_5264_/A                                0.750000    1.526277   -0.776277 (VIOLATED)
_5230_/A                                0.750000    1.526275   -0.776275 (VIOLATED)
_5201_/A                                0.750000    1.526271   -0.776271 (VIOLATED)
_5175_/A                                0.750000    1.526267   -0.776267 (VIOLATED)
_5145_/A                                0.750000    1.526265   -0.776265 (VIOLATED)
_5117_/A                                0.750000    1.526260   -0.776260 (VIOLATED)
_5118_/B1                               0.750000    1.526259   -0.776259 (VIOLATED)
_5119_/A1                               0.750000    1.526256   -0.776256 (VIOLATED)
_5087_/A                                0.750000    1.526255   -0.776255 (VIOLATED)
_5088_/B1                               0.750000    1.526255   -0.776255 (VIOLATED)
_5057_/A                                0.750000    1.526251   -0.776251 (VIOLATED)
_5058_/B1                               0.750000    1.526250   -0.776251 (VIOLATED)
_5089_/A1                               0.750000    1.526251   -0.776251 (VIOLATED)
_5020_/A                                0.750000    1.526247   -0.776247 (VIOLATED)
_5021_/B1                               0.750000    1.526247   -0.776247 (VIOLATED)
_5059_/A1                               0.750000    1.526247   -0.776247 (VIOLATED)
_4989_/A                                0.750000    1.526240   -0.776240 (VIOLATED)
_4990_/B1                               0.750000    1.526240   -0.776240 (VIOLATED)
_5022_/A1                               0.750000    1.526241   -0.776241 (VIOLATED)
_4942_/Y                                0.750000    1.526237   -0.776237 (VIOLATED)
_6382_/A                                0.750000    1.485233   -0.735233 (VIOLATED)
_6383_/A1                               0.750000    1.485232   -0.735232 (VIOLATED)
_6406_/A                                0.750000    1.485232   -0.735232 (VIOLATED)
_6407_/B1                               0.750000    1.485232   -0.735232 (VIOLATED)
_6439_/A1                               0.750000    1.485232   -0.735232 (VIOLATED)
_6293_/B1                               0.750000    1.485231   -0.735231 (VIOLATED)
_6324_/A                                0.750000    1.485231   -0.735231 (VIOLATED)
_6325_/B1                               0.750000    1.485231   -0.735231 (VIOLATED)
_6326_/A1                               0.750000    1.485231   -0.735231 (VIOLATED)
_6500_/A1                               0.750000    1.485231   -0.735231 (VIOLATED)
_6528_/A                                0.750000    1.485231   -0.735231 (VIOLATED)
_6529_/A1                               0.750000    1.485231   -0.735231 (VIOLATED)
_6198_/B1                               0.750000    1.485230   -0.735230 (VIOLATED)
_6232_/B1                               0.750000    1.485230   -0.735230 (VIOLATED)
_6262_/B1                               0.750000    1.485231   -0.735231 (VIOLATED)
_6294_/A1                               0.750000    1.485231   -0.735231 (VIOLATED)
_6233_/A1                               0.750000    1.485230   -0.735230 (VIOLATED)
_6263_/A1                               0.750000    1.485230   -0.735230 (VIOLATED)
_6033_/Y                                0.750000    1.485228   -0.735228 (VIOLATED)
_6044_/B1                               0.750000    1.485228   -0.735228 (VIOLATED)
_6086_/B1                               0.750000    1.485228   -0.735228 (VIOLATED)
_6087_/A1                               0.750000    1.485228   -0.735228 (VIOLATED)
_6126_/B1                               0.750000    1.485228   -0.735228 (VIOLATED)
_6127_/A1                               0.750000    1.485228   -0.735228 (VIOLATED)
_6164_/B1                               0.750000    1.485228   -0.735228 (VIOLATED)
_6165_/A1                               0.750000    1.485228   -0.735228 (VIOLATED)
_6199_/A1                               0.750000    1.485228   -0.735228 (VIOLATED)
_6555_/A                                0.750000    1.485228   -0.735228 (VIOLATED)
_6621_/A                                0.750000    1.485228   -0.735228 (VIOLATED)
_6622_/A                                0.750000    1.485228   -0.735228 (VIOLATED)
_6191_/A                                0.750000    1.386803   -0.636803 (VIOLATED)
_6192_/A                                0.750000    1.386802   -0.636802 (VIOLATED)
_6193_/B1                               0.750000    1.386802   -0.636802 (VIOLATED)
_6225_/A                                0.750000    1.386803   -0.636803 (VIOLATED)
_6226_/A                                0.750000    1.386803   -0.636803 (VIOLATED)
_6227_/B1                               0.750000    1.386803   -0.636803 (VIOLATED)
_6157_/A                                0.750000    1.386801   -0.636802 (VIOLATED)
_6158_/A                                0.750000    1.386801   -0.636802 (VIOLATED)
_6159_/B1                               0.750000    1.386802   -0.636802 (VIOLATED)
_6119_/A                                0.750000    1.386800   -0.636800 (VIOLATED)
_6120_/A                                0.750000    1.386800   -0.636800 (VIOLATED)
_6121_/B1                               0.750000    1.386800   -0.636800 (VIOLATED)
_6079_/A                                0.750000    1.386799   -0.636799 (VIOLATED)
_6080_/A                                0.750000    1.386799   -0.636799 (VIOLATED)
_6081_/B1                               0.750000    1.386799   -0.636799 (VIOLATED)
_5901_/Y                                0.750000    1.386797   -0.636797 (VIOLATED)
_5904_/A                                0.750000    1.386797   -0.636797 (VIOLATED)
_5905_/A                                0.750000    1.386797   -0.636797 (VIOLATED)
_5906_/B1                               0.750000    1.386797   -0.636797 (VIOLATED)
_5948_/A                                0.750000    1.386797   -0.636797 (VIOLATED)
_5949_/A                                0.750000    1.386797   -0.636797 (VIOLATED)
_5950_/B1                               0.750000    1.386797   -0.636797 (VIOLATED)
_5993_/A                                0.750000    1.386797   -0.636797 (VIOLATED)
_5994_/A                                0.750000    1.386797   -0.636797 (VIOLATED)
_5995_/B1                               0.750000    1.386797   -0.636797 (VIOLATED)
_6037_/A                                0.750000    1.386797   -0.636797 (VIOLATED)
_6038_/A                                0.750000    1.386797   -0.636797 (VIOLATED)
_6039_/B1                               0.750000    1.386797   -0.636797 (VIOLATED)
_6255_/A                                0.750000    1.386797   -0.636797 (VIOLATED)
_6256_/A                                0.750000    1.386797   -0.636797 (VIOLATED)
_6257_/B1                               0.750000    1.386797   -0.636797 (VIOLATED)
_6286_/A                                0.750000    1.386797   -0.636797 (VIOLATED)
_6287_/A                                0.750000    1.386797   -0.636797 (VIOLATED)
_6288_/B1                               0.750000    1.386797   -0.636797 (VIOLATED)
_6319_/A                                0.750000    1.386797   -0.636797 (VIOLATED)
_6320_/A                                0.750000    1.386797   -0.636797 (VIOLATED)
_6321_/B1                               0.750000    1.386797   -0.636797 (VIOLATED)
_6348_/A                                0.750000    1.386797   -0.636797 (VIOLATED)
_6349_/A                                0.750000    1.386797   -0.636797 (VIOLATED)
_6350_/B1                               0.750000    1.386797   -0.636797 (VIOLATED)
_6376_/A                                0.750000    1.386797   -0.636797 (VIOLATED)
_6377_/A                                0.750000    1.386797   -0.636797 (VIOLATED)
_6378_/B1                               0.750000    1.386797   -0.636797 (VIOLATED)
_6401_/A                                0.750000    1.386797   -0.636797 (VIOLATED)
_6402_/A                                0.750000    1.386797   -0.636797 (VIOLATED)
_6403_/B1                               0.750000    1.386797   -0.636797 (VIOLATED)
_6432_/A                                0.750000    1.386797   -0.636797 (VIOLATED)
_6433_/A                                0.750000    1.386797   -0.636797 (VIOLATED)
_6434_/B1                               0.750000    1.386797   -0.636797 (VIOLATED)
_6467_/A                                0.750000    1.386797   -0.636797 (VIOLATED)
_6468_/A                                0.750000    1.386797   -0.636797 (VIOLATED)
_6469_/B1                               0.750000    1.386797   -0.636797 (VIOLATED)
_6494_/A                                0.750000    1.386797   -0.636797 (VIOLATED)
_6495_/B1                               0.750000    1.386797   -0.636797 (VIOLATED)
_6524_/A                                0.750000    1.386797   -0.636797 (VIOLATED)
_6548_/A                                0.750000    1.386797   -0.636797 (VIOLATED)
_6549_/B1                               0.750000    1.386797   -0.636797 (VIOLATED)
_6551_/A1                               0.750000    1.386797   -0.636797 (VIOLATED)
_6583_/A                                0.750000    1.386797   -0.636797 (VIOLATED)
_6584_/B1                               0.750000    1.386797   -0.636797 (VIOLATED)
_6615_/A                                0.750000    1.386797   -0.636797 (VIOLATED)
_6616_/B1                               0.750000    1.386797   -0.636797 (VIOLATED)
_6648_/B                                0.750000    1.386797   -0.636797 (VIOLATED)
_6675_/A2                               0.750000    1.386797   -0.636797 (VIOLATED)
_6676_/A2                               0.750000    1.386797   -0.636797 (VIOLATED)
_6944_/Y                                0.750000    1.344004   -0.594004 (VIOLATED)
_6947_/A                                0.750000    1.344004   -0.594004 (VIOLATED)
_6948_/A                                0.750000    1.344004   -0.594004 (VIOLATED)
_6949_/B1                               0.750000    1.344004   -0.594004 (VIOLATED)
_6994_/A                                0.750000    1.344004   -0.594004 (VIOLATED)
_6995_/A                                0.750000    1.344004   -0.594004 (VIOLATED)
_6996_/B1                               0.750000    1.344004   -0.594004 (VIOLATED)
_7038_/A                                0.750000    1.344004   -0.594004 (VIOLATED)
_7039_/A                                0.750000    1.344004   -0.594004 (VIOLATED)
_7040_/B1                               0.750000    1.344004   -0.594004 (VIOLATED)
_7080_/A                                0.750000    1.344004   -0.594004 (VIOLATED)
_7081_/A                                0.750000    1.344004   -0.594004 (VIOLATED)
_7082_/B1                               0.750000    1.344004   -0.594004 (VIOLATED)
_7123_/A                                0.750000    1.344004   -0.594004 (VIOLATED)
_7124_/A                                0.750000    1.344004   -0.594004 (VIOLATED)
_7125_/B1                               0.750000    1.344004   -0.594004 (VIOLATED)
_7169_/A                                0.750000    1.344004   -0.594004 (VIOLATED)
_7170_/A                                0.750000    1.344004   -0.594004 (VIOLATED)
_7171_/B1                               0.750000    1.344004   -0.594004 (VIOLATED)
_7206_/A                                0.750000    1.344004   -0.594004 (VIOLATED)
_7207_/A                                0.750000    1.344004   -0.594004 (VIOLATED)
_7208_/B1                               0.750000    1.344004   -0.594004 (VIOLATED)
_7242_/A                                0.750000    1.344004   -0.594004 (VIOLATED)
_7243_/A                                0.750000    1.344004   -0.594004 (VIOLATED)
_7244_/B1                               0.750000    1.344004   -0.594004 (VIOLATED)
_7272_/A                                0.750000    1.344004   -0.594004 (VIOLATED)
_7273_/A                                0.750000    1.344004   -0.594004 (VIOLATED)
_7274_/B1                               0.750000    1.344004   -0.594004 (VIOLATED)
_7309_/A                                0.750000    1.344004   -0.594004 (VIOLATED)
_7310_/A                                0.750000    1.344004   -0.594004 (VIOLATED)
_7311_/B1                               0.750000    1.344004   -0.594004 (VIOLATED)
_7336_/A                                0.750000    1.344004   -0.594004 (VIOLATED)
_7337_/A                                0.750000    1.344004   -0.594004 (VIOLATED)
_7338_/B1                               0.750000    1.344004   -0.594004 (VIOLATED)
_7367_/A                                0.750000    1.344004   -0.594004 (VIOLATED)
_7368_/A                                0.750000    1.344004   -0.594004 (VIOLATED)
_7369_/B1                               0.750000    1.344004   -0.594004 (VIOLATED)
_7396_/A                                0.750000    1.344004   -0.594004 (VIOLATED)
_7397_/A                                0.750000    1.344004   -0.594004 (VIOLATED)
_7398_/B1                               0.750000    1.344004   -0.594004 (VIOLATED)
_7426_/A                                0.750000    1.344004   -0.594004 (VIOLATED)
_7427_/A                                0.750000    1.344004   -0.594004 (VIOLATED)
_7428_/B1                               0.750000    1.344004   -0.594004 (VIOLATED)
_7451_/A                                0.750000    1.344004   -0.594004 (VIOLATED)
_7452_/A                                0.750000    1.344004   -0.594004 (VIOLATED)
_7453_/B1                               0.750000    1.344004   -0.594004 (VIOLATED)
_7480_/A                                0.750000    1.344004   -0.594004 (VIOLATED)
_7481_/A                                0.750000    1.344004   -0.594004 (VIOLATED)
_7482_/B1                               0.750000    1.344004   -0.594004 (VIOLATED)
_7514_/A                                0.750000    1.344004   -0.594004 (VIOLATED)
_7515_/A                                0.750000    1.344004   -0.594004 (VIOLATED)
_7516_/B1                               0.750000    1.344004   -0.594004 (VIOLATED)
_7542_/A                                0.750000    1.344004   -0.594004 (VIOLATED)
_7543_/B1                               0.750000    1.344004   -0.594004 (VIOLATED)
_7570_/A                                0.750000    1.344004   -0.594004 (VIOLATED)
_7595_/A                                0.750000    1.344004   -0.594004 (VIOLATED)
_7596_/B1                               0.750000    1.344004   -0.594004 (VIOLATED)
_7629_/A                                0.750000    1.344004   -0.594004 (VIOLATED)
_7630_/B1                               0.750000    1.344004   -0.594004 (VIOLATED)
_7660_/A                                0.750000    1.344004   -0.594004 (VIOLATED)
_7661_/B1                               0.750000    1.344004   -0.594004 (VIOLATED)
_7690_/B                                0.750000    1.344004   -0.594004 (VIOLATED)
_7716_/A2                               0.750000    1.344004   -0.594004 (VIOLATED)
_7717_/A2                               0.750000    1.344004   -0.594004 (VIOLATED)
_8388_/A                                0.750000    1.317037   -0.567037 (VIOLATED)
_8389_/A                                0.750000    1.317037   -0.567037 (VIOLATED)
_8390_/B1                               0.750000    1.317037   -0.567037 (VIOLATED)
_8417_/A                                0.750000    1.317036   -0.567036 (VIOLATED)
_8418_/A                                0.750000    1.317036   -0.567036 (VIOLATED)
_8419_/B1                               0.750000    1.317036   -0.567036 (VIOLATED)
_8447_/A                                0.750000    1.317035   -0.567035 (VIOLATED)
_8448_/A                                0.750000    1.317035   -0.567035 (VIOLATED)
_8449_/B1                               0.750000    1.317035   -0.567035 (VIOLATED)
_8477_/A                                0.750000    1.317034   -0.567034 (VIOLATED)
_8478_/B1                               0.750000    1.317034   -0.567034 (VIOLATED)
_8319_/A                                0.750000    1.317033   -0.567033 (VIOLATED)
_8320_/A                                0.750000    1.317033   -0.567033 (VIOLATED)
_8321_/B1                               0.750000    1.317033   -0.567033 (VIOLATED)
_8349_/A                                0.750000    1.317033   -0.567033 (VIOLATED)
_8350_/A                                0.750000    1.317033   -0.567033 (VIOLATED)
_8351_/B1                               0.750000    1.317033   -0.567033 (VIOLATED)
_8476_/A                                0.750000    1.317033   -0.567033 (VIOLATED)
_8286_/A                                0.750000    1.317032   -0.567032 (VIOLATED)
_8287_/A                                0.750000    1.317032   -0.567032 (VIOLATED)
_8288_/B1                               0.750000    1.317032   -0.567032 (VIOLATED)
_8512_/A                                0.750000    1.317032   -0.567032 (VIOLATED)
_8513_/B1                               0.750000    1.317032   -0.567032 (VIOLATED)
_8248_/A                                0.750000    1.317031   -0.567031 (VIOLATED)
_8511_/A                                0.750000    1.317031   -0.567031 (VIOLATED)
_8249_/A                                0.750000    1.317031   -0.567031 (VIOLATED)
_8250_/B1                               0.750000    1.317031   -0.567031 (VIOLATED)
_8542_/A                                0.750000    1.317031   -0.567031 (VIOLATED)
_8543_/B1                               0.750000    1.317031   -0.567031 (VIOLATED)
_8205_/A                                0.750000    1.317029   -0.567029 (VIOLATED)
_8541_/A                                0.750000    1.317029   -0.567029 (VIOLATED)
_8073_/Y                                0.750000    1.317029   -0.567029 (VIOLATED)
_8076_/A                                0.750000    1.317029   -0.567029 (VIOLATED)
_8077_/A                                0.750000    1.317029   -0.567029 (VIOLATED)
_8078_/B1                               0.750000    1.317029   -0.567029 (VIOLATED)
_8121_/A                                0.750000    1.317029   -0.567029 (VIOLATED)
_8122_/A                                0.750000    1.317029   -0.567029 (VIOLATED)
_8123_/B1                               0.750000    1.317029   -0.567029 (VIOLATED)
_8165_/A                                0.750000    1.317029   -0.567029 (VIOLATED)
_8166_/A                                0.750000    1.317029   -0.567029 (VIOLATED)
_8167_/B1                               0.750000    1.317029   -0.567029 (VIOLATED)
_8206_/A                                0.750000    1.317029   -0.567029 (VIOLATED)
_8207_/B1                               0.750000    1.317029   -0.567029 (VIOLATED)
_8572_/A                                0.750000    1.317029   -0.567029 (VIOLATED)
_8573_/A                                0.750000    1.317029   -0.567029 (VIOLATED)
_8574_/B1                               0.750000    1.317029   -0.567029 (VIOLATED)
_8609_/A                                0.750000    1.317029   -0.567029 (VIOLATED)
_8610_/A                                0.750000    1.317029   -0.567029 (VIOLATED)
_8611_/B1                               0.750000    1.317029   -0.567029 (VIOLATED)
_8638_/A                                0.750000    1.317029   -0.567029 (VIOLATED)
_8639_/B1                               0.750000    1.317029   -0.567029 (VIOLATED)
_8666_/A                                0.750000    1.317029   -0.567029 (VIOLATED)
_8695_/A                                0.750000    1.317029   -0.567029 (VIOLATED)
_8696_/B1                               0.750000    1.317029   -0.567029 (VIOLATED)
_8725_/A                                0.750000    1.317029   -0.567029 (VIOLATED)
_8726_/B1                               0.750000    1.317029   -0.567029 (VIOLATED)
_8756_/A                                0.750000    1.317029   -0.567029 (VIOLATED)
_8757_/B1                               0.750000    1.317029   -0.567029 (VIOLATED)
_8788_/A                                0.750000    1.317029   -0.567029 (VIOLATED)
_8811_/B1                               0.750000    1.317029   -0.567029 (VIOLATED)
_7667_/A                                0.750000    1.308332   -0.558332 (VIOLATED)
_7695_/A                                0.750000    1.308333   -0.558333 (VIOLATED)
_7719_/S                                0.750000    1.308333   -0.558333 (VIOLATED)
_7601_/A                                0.750000    1.308331   -0.558331 (VIOLATED)
_7635_/A                                0.750000    1.308332   -0.558332 (VIOLATED)
_7603_/A1                               0.750000    1.308331   -0.558331 (VIOLATED)
_7278_/A                                0.750000    1.308329   -0.558329 (VIOLATED)
_7315_/A                                0.750000    1.308329   -0.558329 (VIOLATED)
_7342_/A                                0.750000    1.308329   -0.558329 (VIOLATED)
_7402_/A                                0.750000    1.308330   -0.558330 (VIOLATED)
_7459_/A1                               0.750000    1.308330   -0.558330 (VIOLATED)
_7486_/A                                0.750000    1.308329   -0.558330 (VIOLATED)
_7520_/A                                0.750000    1.308329   -0.558329 (VIOLATED)
_7521_/A1                               0.750000    1.308329   -0.558330 (VIOLATED)
_7547_/A                                0.750000    1.308330   -0.558330 (VIOLATED)
_7077_/X                                0.750000    1.308327   -0.558327 (VIOLATED)
_7086_/A                                0.750000    1.308327   -0.558327 (VIOLATED)
_7129_/A                                0.750000    1.308327   -0.558327 (VIOLATED)
_7175_/A                                0.750000    1.308327   -0.558327 (VIOLATED)
_7212_/A                                0.750000    1.308327   -0.558327 (VIOLATED)
_7248_/A                                0.750000    1.308327   -0.558327 (VIOLATED)
_5046_/A                                0.750000    1.280517   -0.530517 (VIOLATED)
_5047_/A                                0.750000    1.280517   -0.530517 (VIOLATED)
_5048_/B1                               0.750000    1.280517   -0.530517 (VIOLATED)
_5077_/A                                0.750000    1.280516   -0.530516 (VIOLATED)
_5078_/B1                               0.750000    1.280516   -0.530516 (VIOLATED)
_5076_/A                                0.750000    1.280516   -0.530516 (VIOLATED)
_5107_/A                                0.750000    1.280514   -0.530515 (VIOLATED)
_5108_/A                                0.750000    1.280515   -0.530515 (VIOLATED)
_5109_/B1                               0.750000    1.280515   -0.530515 (VIOLATED)
_5009_/A                                0.750000    1.280514   -0.530514 (VIOLATED)
_4978_/A                                0.750000    1.280513   -0.530513 (VIOLATED)
_5010_/A                                0.750000    1.280514   -0.530514 (VIOLATED)
_5011_/B1                               0.750000    1.280514   -0.530514 (VIOLATED)
_5136_/A                                0.750000    1.280513   -0.530513 (VIOLATED)
_5137_/B1                               0.750000    1.280513   -0.530513 (VIOLATED)
_4946_/A                                0.750000    1.280512   -0.530512 (VIOLATED)
_4979_/A                                0.750000    1.280513   -0.530513 (VIOLATED)
_4980_/B1                               0.750000    1.280513   -0.530513 (VIOLATED)
_4947_/A                                0.750000    1.280512   -0.530512 (VIOLATED)
_4948_/B1                               0.750000    1.280511   -0.530512 (VIOLATED)
_5135_/A                                0.750000    1.280511   -0.530511 (VIOLATED)
_4909_/A                                0.750000    1.280510   -0.530510 (VIOLATED)
_4910_/A                                0.750000    1.280509   -0.530509 (VIOLATED)
_5166_/A                                0.750000    1.280510   -0.530510 (VIOLATED)
_4911_/B1                               0.750000    1.280509   -0.530509 (VIOLATED)
_5167_/B1                               0.750000    1.280509   -0.530509 (VIOLATED)
_5165_/A                                0.750000    1.280509   -0.530509 (VIOLATED)
_4865_/A                                0.750000    1.280508   -0.530508 (VIOLATED)
_4866_/A                                0.750000    1.280506   -0.530506 (VIOLATED)
_4867_/B1                               0.750000    1.280506   -0.530506 (VIOLATED)
_5191_/A                                0.750000    1.280505   -0.530505 (VIOLATED)
_4823_/A                                0.750000    1.280505   -0.530505 (VIOLATED)
_5192_/B1                               0.750000    1.280505   -0.530505 (VIOLATED)
_4824_/A                                0.750000    1.280504   -0.530504 (VIOLATED)
_5190_/A                                0.750000    1.280504   -0.530504 (VIOLATED)
_4825_/B1                               0.750000    1.280504   -0.530504 (VIOLATED)
_4775_/A                                0.750000    1.280502   -0.530502 (VIOLATED)
_5220_/A                                0.750000    1.280502   -0.530502 (VIOLATED)
_5221_/A                                0.750000    1.280502   -0.530502 (VIOLATED)
_5222_/B1                               0.750000    1.280502   -0.530502 (VIOLATED)
_4776_/A                                0.750000    1.280501   -0.530501 (VIOLATED)
_4777_/B1                               0.750000    1.280501   -0.530501 (VIOLATED)
_4732_/Y                                0.750000    1.280500   -0.530500 (VIOLATED)
_4735_/A                                0.750000    1.280500   -0.530500 (VIOLATED)
_4736_/B1                               0.750000    1.280500   -0.530500 (VIOLATED)
_5254_/A                                0.750000    1.280500   -0.530500 (VIOLATED)
_5255_/A                                0.750000    1.280500   -0.530500 (VIOLATED)
_5256_/B1                               0.750000    1.280500   -0.530500 (VIOLATED)
_5281_/A                                0.750000    1.280500   -0.530500 (VIOLATED)
_5282_/B1                               0.750000    1.280500   -0.530500 (VIOLATED)
_5309_/A                                0.750000    1.280500   -0.530500 (VIOLATED)
_5335_/A                                0.750000    1.280500   -0.530500 (VIOLATED)
_5336_/B1                               0.750000    1.280500   -0.530500 (VIOLATED)
_5368_/A                                0.750000    1.280500   -0.530500 (VIOLATED)
_5369_/B1                               0.750000    1.280500   -0.530500 (VIOLATED)
_5401_/A                                0.750000    1.280500   -0.530500 (VIOLATED)
_5430_/A                                0.750000    1.280500   -0.530500 (VIOLATED)
_5454_/B1                               0.750000    1.280500   -0.530500 (VIOLATED)
_5438_/A                                0.750000    1.228410   -0.478410 (VIOLATED)
_5410_/A                                0.750000    1.228409   -0.478409 (VIOLATED)
_5381_/A                                0.750000    1.228408   -0.478408 (VIOLATED)
_5346_/A                                0.750000    1.228407   -0.478407 (VIOLATED)
_5318_/A                                0.750000    1.228405   -0.478405 (VIOLATED)
_5291_/A                                0.750000    1.228402   -0.478402 (VIOLATED)
_5265_/A                                0.750000    1.228397   -0.478397 (VIOLATED)
_5231_/A                                0.750000    1.228392   -0.478392 (VIOLATED)
_5232_/A1                               0.750000    1.228387   -0.478387 (VIOLATED)
_5176_/A1                               0.750000    1.228382   -0.478382 (VIOLATED)
_5202_/A1                               0.750000    1.228382   -0.478382 (VIOLATED)
_4941_/Y                                0.750000    1.228356   -0.478356 (VIOLATED)
_4943_/A0                               0.750000    1.228356   -0.478356 (VIOLATED)
_7676_/A                                0.750000    1.216586   -0.466586 (VIOLATED)
_7715_/A1                               0.750000    1.216586   -0.466586 (VIOLATED)
_7678_/A1                               0.750000    1.216586   -0.466586 (VIOLATED)
_7646_/A1                               0.750000    1.216585   -0.466585 (VIOLATED)
_7612_/A1                               0.750000    1.216583   -0.466584 (VIOLATED)
_7583_/A1                               0.750000    1.216582   -0.466582 (VIOLATED)
_7557_/A1                               0.750000    1.216580   -0.466580 (VIOLATED)
_7495_/A                                0.750000    1.216578   -0.466578 (VIOLATED)
_7497_/A1                               0.750000    1.216576   -0.466576 (VIOLATED)
_7467_/A1                               0.750000    1.216571   -0.466571 (VIOLATED)
_7441_/A1                               0.750000    1.216570   -0.466570 (VIOLATED)
_7382_/A                                0.750000    1.216566   -0.466566 (VIOLATED)
_7383_/B1                               0.750000    1.216566   -0.466566 (VIOLATED)
_7384_/A1                               0.750000    1.216564   -0.466564 (VIOLATED)
_7721_/A                                0.750000    1.216564   -0.466564 (VIOLATED)
_7352_/A                                0.750000    1.216563   -0.466563 (VIOLATED)
_7353_/B1                               0.750000    1.216563   -0.466563 (VIOLATED)
_7236_/A                                0.750000    1.216562   -0.466562 (VIOLATED)
_7354_/A1                               0.750000    1.216562   -0.466562 (VIOLATED)
_7288_/A                                0.750000    1.216558   -0.466558 (VIOLATED)
_7289_/B1                               0.750000    1.216559   -0.466559 (VIOLATED)
_7235_/Y                                0.750000    1.216552   -0.466552 (VIOLATED)
_7237_/B                                0.750000    1.216552   -0.466552 (VIOLATED)
_7161_/A                                0.750000    1.194259   -0.444259 (VIOLATED)
_7162_/A                                0.750000    1.194259   -0.444259 (VIOLATED)
_7112_/B2                               0.750000    1.194258   -0.444258 (VIOLATED)
_7113_/A                                0.750000    1.194258   -0.444258 (VIOLATED)
_7067_/A1                               0.750000    1.194255   -0.444255 (VIOLATED)
_7068_/B                                0.750000    1.194255   -0.444255 (VIOLATED)
_7033_/A                                0.750000    1.194251   -0.444251 (VIOLATED)
_7066_/A1                               0.750000    1.194250   -0.444250 (VIOLATED)
_6989_/A1                               0.750000    1.194248   -0.444248 (VIOLATED)
_7021_/A1_N                             0.750000    1.194248   -0.444248 (VIOLATED)
_6988_/B2                               0.750000    1.194246   -0.444246 (VIOLATED)
_6939_/A1                               0.750000    1.194239   -0.444239 (VIOLATED)
_6940_/B                                0.750000    1.194237   -0.444237 (VIOLATED)
_6893_/A1                               0.750000    1.194225   -0.444225 (VIOLATED)
_6111_/A                                0.750000    1.194224   -0.444224 (VIOLATED)
_6112_/A                                0.750000    1.194224   -0.444224 (VIOLATED)
_6894_/B                                0.750000    1.194223   -0.444223 (VIOLATED)
_6068_/B2                               0.750000    1.194222   -0.444222 (VIOLATED)
_6069_/A                                0.750000    1.194222   -0.444222 (VIOLATED)
_5988_/A                                0.750000    1.194218   -0.444218 (VIOLATED)
_6023_/A1                               0.750000    1.194216   -0.444216 (VIOLATED)
_6024_/A1                               0.750000    1.194216   -0.444216 (VIOLATED)
_6025_/B                                0.750000    1.194216   -0.444216 (VIOLATED)
_5943_/A1                               0.750000    1.194214   -0.444214 (VIOLATED)
_5976_/A1_N                             0.750000    1.194214   -0.444214 (VIOLATED)
_5942_/B2                               0.750000    1.194211   -0.444211 (VIOLATED)
_5819_/A1                               0.750000    1.194204   -0.444204 (VIOLATED)
_5820_/B                                0.750000    1.194205   -0.444205 (VIOLATED)
_6860_/A1                               0.750000    1.194196   -0.444196 (VIOLATED)
_6861_/B                                0.750000    1.194196   -0.444196 (VIOLATED)
_5896_/A1                               0.750000    1.194192   -0.444192 (VIOLATED)
_5897_/B                                0.750000    1.194192   -0.444192 (VIOLATED)
_4600_/D                                0.750000    1.194189   -0.444189 (VIOLATED)
_4601_/B1                               0.750000    1.194188   -0.444188 (VIOLATED)
_5851_/A1                               0.750000    1.194183   -0.444183 (VIOLATED)
_5852_/B                                0.750000    1.194181   -0.444181 (VIOLATED)
_4638_/B1                               0.750000    1.194172   -0.444172 (VIOLATED)
_4639_/D                                0.750000    1.194171   -0.444171 (VIOLATED)
_7940_/B                                0.750000    1.194164   -0.444164 (VIOLATED)
_7941_/B2                               0.750000    1.194164   -0.444164 (VIOLATED)
_7939_/B                                0.750000    1.194156   -0.444156 (VIOLATED)
_7973_/B2                               0.750000    1.194154   -0.444154 (VIOLATED)
_8115_/B2                               0.750000    1.194147   -0.444147 (VIOLATED)
_8116_/A1                               0.750000    1.194142   -0.444143 (VIOLATED)
_8035_/B1                               0.750000    1.194124   -0.444124 (VIOLATED)
_8033_/C                                0.750000    1.194122   -0.444122 (VIOLATED)
_4734_/C                                0.750000    1.194109   -0.444109 (VIOLATED)
_4693_/B                                0.750000    1.194108   -0.444108 (VIOLATED)
_4694_/A2                               0.750000    1.194108   -0.444108 (VIOLATED)
_4733_/A2                               0.750000    1.194109   -0.444109 (VIOLATED)
_8075_/B                                0.750000    1.194108   -0.444108 (VIOLATED)
_8074_/A1                               0.750000    1.194106   -0.444106 (VIOLATED)
_4769_/B                                0.750000    1.194105   -0.444105 (VIOLATED)
_4808_/A2                               0.750000    1.194098   -0.444098 (VIOLATED)
_4809_/A2                               0.750000    1.194094   -0.444094 (VIOLATED)
_4810_/C                                0.750000    1.194093   -0.444093 (VIOLATED)
_4853_/A1                               0.750000    1.194091   -0.444091 (VIOLATED)
_4448_/A                                0.750000    1.194091   -0.444091 (VIOLATED)
_8148_/A1                               0.750000    1.194089   -0.444089 (VIOLATED)
_8150_/B                                0.750000    1.194089   -0.444089 (VIOLATED)
_8151_/A1                               0.750000    1.194089   -0.444089 (VIOLATED)
_4898_/A1                               0.750000    1.194087   -0.444087 (VIOLATED)
_4900_/A_N                              0.750000    1.194087   -0.444087 (VIOLATED)
_8194_/B2                               0.750000    1.194085   -0.444085 (VIOLATED)
_8195_/A                                0.750000    1.194084   -0.444084 (VIOLATED)
_8240_/A                                0.750000    1.194077   -0.444077 (VIOLATED)
_8239_/A                                0.750000    1.194071   -0.444071 (VIOLATED)
pixel_in[6]                             0.750000    1.194031   -0.444031 (VIOLATED)
_6409_/A1                               0.750000    1.151699   -0.401699 (VIOLATED)
_6438_/A                                0.750000    1.151699   -0.401699 (VIOLATED)
_6473_/A                                0.750000    1.151699   -0.401699 (VIOLATED)
_6474_/A1                               0.750000    1.151699   -0.401699 (VIOLATED)
_6499_/A                                0.750000    1.151698   -0.401698 (VIOLATED)
_6556_/A1                               0.750000    1.151697   -0.401697 (VIOLATED)
_6354_/A                                0.750000    1.151695   -0.401696 (VIOLATED)
_6554_/A                                0.750000    1.151696   -0.401696 (VIOLATED)
_6590_/A                                0.750000    1.151695   -0.401695 (VIOLATED)
_6034_/X                                0.750000    1.151694   -0.401694 (VIOLATED)
_6043_/A                                0.750000    1.151694   -0.401694 (VIOLATED)
_6085_/A                                0.750000    1.151694   -0.401694 (VIOLATED)
_6125_/A                                0.750000    1.151694   -0.401694 (VIOLATED)
_6163_/A                                0.750000    1.151694   -0.401694 (VIOLATED)
_6197_/A                                0.750000    1.151694   -0.401694 (VIOLATED)
_6231_/A                                0.750000    1.151694   -0.401694 (VIOLATED)
_6261_/A                                0.750000    1.151694   -0.401694 (VIOLATED)
_6292_/A                                0.750000    1.151694   -0.401694 (VIOLATED)
_6589_/A                                0.750000    1.151694   -0.401694 (VIOLATED)
_6652_/B1                               0.750000    1.151694   -0.401694 (VIOLATED)
_6653_/A                                0.750000    1.151694   -0.401694 (VIOLATED)
_6678_/S                                0.750000    1.151694   -0.401694 (VIOLATED)
_8653_/A1                               0.750000    1.147468   -0.397468 (VIOLATED)
_8679_/A1                               0.750000    1.147468   -0.397468 (VIOLATED)
_8689_/A1                               0.750000    1.147468   -0.397468 (VIOLATED)
_8587_/A                                0.750000    1.147467   -0.397467 (VIOLATED)
_8588_/B1                               0.750000    1.147467   -0.397467 (VIOLATED)
_8528_/A                                0.750000    1.147466   -0.397466 (VIOLATED)
_8559_/A1                               0.750000    1.147466   -0.397466 (VIOLATED)
_8529_/A1                               0.750000    1.147465   -0.397465 (VIOLATED)
_8464_/A                                0.750000    1.147464   -0.397464 (VIOLATED)
_8493_/A1                               0.750000    1.147464   -0.397464 (VIOLATED)
_8433_/A                                0.750000    1.147463   -0.397463 (VIOLATED)
_8434_/B1                               0.750000    1.147463   -0.397463 (VIOLATED)
_8313_/Y                                0.750000    1.147462   -0.397462 (VIOLATED)
_8314_/A                                0.750000    1.147462   -0.397462 (VIOLATED)
_8315_/B1_N                             0.750000    1.147462   -0.397462 (VIOLATED)
_8365_/A                                0.750000    1.147462   -0.397462 (VIOLATED)
_8366_/B1                               0.750000    1.147462   -0.397462 (VIOLATED)
_8435_/A1                               0.750000    1.147462   -0.397462 (VIOLATED)
_8743_/A1                               0.750000    1.147462   -0.397462 (VIOLATED)
_8773_/A                                0.750000    1.147462   -0.397462 (VIOLATED)
_8775_/A1                               0.750000    1.147462   -0.397462 (VIOLATED)
_8810_/A1                               0.750000    1.147462   -0.397462 (VIOLATED)
_6071_/A                                0.750000    1.124970   -0.374970 (VIOLATED)
_6025_/A                                0.750000    1.124967   -0.374967 (VIOLATED)
_6024_/B2                               0.750000    1.124966   -0.374966 (VIOLATED)
_5944_/A                                0.750000    1.124966   -0.374966 (VIOLATED)
_5977_/A1                               0.750000    1.124955   -0.374955 (VIOLATED)
_5978_/B                                0.750000    1.124955   -0.374955 (VIOLATED)
_6859_/A                                0.750000    1.124953   -0.374953 (VIOLATED)
_6822_/B                                0.750000    1.124950   -0.374950 (VIOLATED)
_6820_/A1                               0.750000    1.124946   -0.374947 (VIOLATED)
_6821_/B                                0.750000    1.124946   -0.374946 (VIOLATED)
_5896_/B2                               0.750000    1.124940   -0.374940 (VIOLATED)
_5897_/A                                0.750000    1.124938   -0.374938 (VIOLATED)
_5818_/A                                0.750000    1.124919   -0.374919 (VIOLATED)
_5783_/B                                0.750000    1.124917   -0.374917 (VIOLATED)
_5781_/A1                               0.750000    1.124916   -0.374916 (VIOLATED)
_5782_/B                                0.750000    1.124916   -0.374916 (VIOLATED)
_5851_/B2                               0.750000    1.124913   -0.374913 (VIOLATED)
_5852_/A                                0.750000    1.124910   -0.374910 (VIOLATED)
_7903_/B                                0.750000    1.124907   -0.374907 (VIOLATED)
_7904_/B2                               0.750000    1.124907   -0.374907 (VIOLATED)
_7941_/A1                               0.750000    1.124900   -0.374900 (VIOLATED)
_7940_/A                                0.750000    1.124900   -0.374900 (VIOLATED)
_7939_/A                                0.750000    1.124867   -0.374867 (VIOLATED)
_7973_/A1                               0.750000    1.124864   -0.374864 (VIOLATED)
_7115_/A                                0.750000    1.124846   -0.374846 (VIOLATED)
_7067_/B2                               0.750000    1.124845   -0.374845 (VIOLATED)
_7068_/A                                0.750000    1.124845   -0.374845 (VIOLATED)
_7022_/B                                0.750000    1.124842   -0.374842 (VIOLATED)
_7023_/A1                               0.750000    1.124842   -0.374842 (VIOLATED)
_6990_/A                                0.750000    1.124836   -0.374837 (VIOLATED)
_6939_/B2                               0.750000    1.124834   -0.374834 (VIOLATED)
_6940_/A                                0.750000    1.124833   -0.374833 (VIOLATED)
_6893_/B2                               0.750000    1.124823   -0.374823 (VIOLATED)
_6894_/A                                0.750000    1.124822   -0.374822 (VIOLATED)
_4565_/B1                               0.750000    1.124801   -0.374801 (VIOLATED)
_8072_/A1                               0.750000    1.124799   -0.374799 (VIOLATED)
_4564_/D                                0.750000    1.124798   -0.374798 (VIOLATED)
_8071_/B2                               0.750000    1.124794   -0.374794 (VIOLATED)
_4600_/C                                0.750000    1.124786   -0.374786 (VIOLATED)
_4601_/A2                               0.750000    1.124786   -0.374786 (VIOLATED)
_8031_/A1                               0.750000    1.124785   -0.374785 (VIOLATED)
_8032_/B                                0.750000    1.124785   -0.374785 (VIOLATED)
_4638_/A2                               0.750000    1.124768   -0.374768 (VIOLATED)
_4639_/C                                0.750000    1.124764   -0.374764 (VIOLATED)
_8103_/A1                               0.750000    1.124753   -0.374753 (VIOLATED)
_4691_/A2                               0.750000    1.124739   -0.374739 (VIOLATED)
_4692_/C                                0.750000    1.124739   -0.374739 (VIOLATED)
_4730_/B                                0.750000    1.124736   -0.374736 (VIOLATED)
_4759_/A2                               0.750000    1.124726   -0.374726 (VIOLATED)
_8106_/A1                               0.750000    1.124720   -0.374720 (VIOLATED)
_8105_/B                                0.750000    1.124707   -0.374707 (VIOLATED)
_4760_/B                                0.750000    1.124672   -0.374672 (VIOLATED)
_4761_/A1                               0.750000    1.124672   -0.374672 (VIOLATED)
_4809_/B2                               0.750000    1.124671   -0.374672 (VIOLATED)
_4810_/A                                0.750000    1.124671   -0.374672 (VIOLATED)
_8151_/B2                               0.750000    1.124664   -0.374664 (VIOLATED)
_8150_/A                                0.750000    1.124654   -0.374654 (VIOLATED)
_4857_/A                                0.750000    1.124644   -0.374644 (VIOLATED)
_8193_/A                                0.750000    1.124623   -0.374623 (VIOLATED)
pixel_in[5]                             0.750000    1.124490   -0.374490 (VIOLATED)
_4568_/A1                               0.750000    1.116598   -0.366598 (VIOLATED)
_4569_/B                                0.750000    1.116597   -0.366597 (VIOLATED)
_4519_/C                                0.750000    1.116595   -0.366595 (VIOLATED)
_4518_/A2                               0.750000    1.116594   -0.366594 (VIOLATED)
_6981_/A                                0.750000    1.116593   -0.366593 (VIOLATED)
_4497_/B1                               0.750000    1.116592   -0.366592 (VIOLATED)
_4498_/D                                0.750000    1.116592   -0.366592 (VIOLATED)
_6931_/B2                               0.750000    1.116589   -0.366589 (VIOLATED)
_6930_/A                                0.750000    1.116588   -0.366588 (VIOLATED)
_4541_/D_N                              0.750000    1.116582   -0.366582 (VIOLATED)
_4540_/D                                0.750000    1.116582   -0.366582 (VIOLATED)
_4542_/B2                               0.750000    1.116580   -0.366580 (VIOLATED)
_6886_/B2                               0.750000    1.116564   -0.366564 (VIOLATED)
_6887_/A                                0.750000    1.116563   -0.366563 (VIOLATED)
_4629_/A1                               0.750000    1.116516   -0.366516 (VIOLATED)
_4599_/A                                0.750000    1.116515   -0.366515 (VIOLATED)
_4630_/B2                               0.750000    1.116491   -0.366491 (VIOLATED)
_4724_/A                                0.750000    1.116491   -0.366491 (VIOLATED)
_4631_/A                                0.750000    1.116491   -0.366491 (VIOLATED)
_4676_/A                                0.750000    1.116491   -0.366491 (VIOLATED)
_4677_/B2                               0.750000    1.116490   -0.366490 (VIOLATED)
_8060_/A                                0.750000    1.116482   -0.366482 (VIOLATED)
_6748_/A1                               0.750000    1.116480   -0.366480 (VIOLATED)
_6749_/B                                0.750000    1.116480   -0.366480 (VIOLATED)
_6768_/B1                               0.750000    1.116478   -0.366478 (VIOLATED)
_6766_/C                                0.750000    1.116477   -0.366477 (VIOLATED)
_6767_/C_N                              0.750000    1.116477   -0.366477 (VIOLATED)
_5935_/A                                0.750000    1.116475   -0.366475 (VIOLATED)
_6885_/A1                               0.750000    1.116474   -0.366474 (VIOLATED)
_6853_/A                                0.750000    1.116474   -0.366474 (VIOLATED)
_6786_/A1                               0.750000    1.116472   -0.366472 (VIOLATED)
_6816_/A                                0.750000    1.116471   -0.366471 (VIOLATED)
_6817_/B2                               0.750000    1.116471   -0.366471 (VIOLATED)
_6785_/B                                0.750000    1.116470   -0.366470 (VIOLATED)
_8015_/A                                0.750000    1.116461   -0.366461 (VIOLATED)
_5887_/B2                               0.750000    1.116461   -0.366461 (VIOLATED)
_5888_/A                                0.750000    1.116460   -0.366460 (VIOLATED)
_8016_/B2                               0.750000    1.116458   -0.366458 (VIOLATED)
_5844_/B2                               0.750000    1.116413   -0.366413 (VIOLATED)
_5845_/A                                0.750000    1.116405   -0.366405 (VIOLATED)
_7989_/B2                               0.750000    1.116400   -0.366400 (VIOLATED)
_7990_/A                                0.750000    1.116395   -0.366395 (VIOLATED)
_5843_/A1                               0.750000    1.116387   -0.366387 (VIOLATED)
_5812_/A                                0.750000    1.116377   -0.366377 (VIOLATED)
_5778_/B2                               0.750000    1.116357   -0.366357 (VIOLATED)
_5777_/A                                0.750000    1.116356   -0.366356 (VIOLATED)
_7988_/A1                               0.750000    1.116323   -0.366323 (VIOLATED)
_7938_/A                                0.750000    1.116292   -0.366292 (VIOLATED)
_5747_/B                                0.750000    1.116181   -0.366181 (VIOLATED)
_5748_/A1                               0.750000    1.116152   -0.366152 (VIOLATED)
_5728_/C                                0.750000    1.116072   -0.366072 (VIOLATED)
_5730_/B1                               0.750000    1.116022   -0.366022 (VIOLATED)
_5729_/C_N                              0.750000    1.116007   -0.366007 (VIOLATED)
_7895_/A1                               0.750000    1.115973   -0.365973 (VIOLATED)
_7896_/B                                0.750000    1.115973   -0.365973 (VIOLATED)
_7870_/C                                0.750000    1.115972   -0.365972 (VIOLATED)
_7872_/B1                               0.750000    1.115972   -0.365972 (VIOLATED)
_7871_/C_N                              0.750000    1.115972   -0.365972 (VIOLATED)
_7855_/A1                               0.750000    1.115970   -0.365970 (VIOLATED)
_7856_/A                                0.750000    1.115970   -0.365970 (VIOLATED)
_7832_/B                                0.750000    1.115966   -0.365966 (VIOLATED)
_7831_/B2                               0.750000    1.115965   -0.365965 (VIOLATED)
_5710_/A1                               0.750000    1.115941   -0.365941 (VIOLATED)
_5711_/B                                0.750000    1.115928   -0.365928 (VIOLATED)
pixel_in[2]                             0.750000    1.115613   -0.365613 (VIOLATED)
_8620_/A                                0.750000    1.105245   -0.355245 (VIOLATED)
_8648_/A                                0.750000    1.105245   -0.355245 (VIOLATED)
_8674_/A                                0.750000    1.105244   -0.355244 (VIOLATED)
_8705_/A                                0.750000    1.105242   -0.355242 (VIOLATED)
_8738_/A                                0.750000    1.105240   -0.355240 (VIOLATED)
_8769_/A                                0.750000    1.105239   -0.355239 (VIOLATED)
_8817_/S                                0.750000    1.105238   -0.355238 (VIOLATED)
_8281_/X                                0.750000    1.105234   -0.355234 (VIOLATED)
_8283_/A1                               0.750000    1.105234   -0.355234 (VIOLATED)
_8458_/A                                0.750000    1.105234   -0.355234 (VIOLATED)
_8459_/B1                               0.750000    1.105234   -0.355234 (VIOLATED)
_8488_/A                                0.750000    1.105234   -0.355234 (VIOLATED)
_8524_/A1                               0.750000    1.105234   -0.355234 (VIOLATED)
_5459_/A                                0.750000    1.102245   -0.352245 (VIOLATED)
_5453_/A1                               0.750000    1.102244   -0.352244 (VIOLATED)
_5441_/A                                0.750000    1.102242   -0.352242 (VIOLATED)
_5414_/A                                0.750000    1.102239   -0.352239 (VIOLATED)
_5415_/A                                0.750000    1.102237   -0.352237 (VIOLATED)
_5416_/A1                               0.750000    1.102233   -0.352233 (VIOLATED)
_5385_/A                                0.750000    1.102231   -0.352231 (VIOLATED)
_5386_/A1                               0.750000    1.102225   -0.352225 (VIOLATED)
_5350_/A                                0.750000    1.102224   -0.352224 (VIOLATED)
_5351_/A1                               0.750000    1.102205   -0.352205 (VIOLATED)
_5322_/A                                0.750000    1.102203   -0.352203 (VIOLATED)
_5323_/A1                               0.750000    1.102194   -0.352194 (VIOLATED)
_5295_/A                                0.750000    1.102189   -0.352189 (VIOLATED)
_5296_/A1                               0.750000    1.102178   -0.352178 (VIOLATED)
_5269_/A                                0.750000    1.102171   -0.352171 (VIOLATED)
_5270_/A1                               0.750000    1.102160   -0.352160 (VIOLATED)
_5235_/A                                0.750000    1.102149   -0.352149 (VIOLATED)
_5236_/A1                               0.750000    1.102140   -0.352140 (VIOLATED)
_5205_/A                                0.750000    1.102121   -0.352121 (VIOLATED)
_5206_/A1                               0.750000    1.102106   -0.352106 (VIOLATED)
_5179_/A                                0.750000    1.102093   -0.352092 (VIOLATED)
_5149_/A                                0.750000    1.102081   -0.352081 (VIOLATED)
_5180_/A1                               0.750000    1.102081   -0.352081 (VIOLATED)
_5150_/A1                               0.750000    1.102029   -0.352029 (VIOLATED)
_5123_/A                                0.750000    1.102018   -0.352018 (VIOLATED)
_5124_/A1                               0.750000    1.101997   -0.351997 (VIOLATED)
_5093_/A                                0.750000    1.101992   -0.351992 (VIOLATED)
_5062_/A                                0.750000    1.101976   -0.351976 (VIOLATED)
_5063_/B1                               0.750000    1.101973   -0.351973 (VIOLATED)
_5025_/A                                0.750000    1.101958   -0.351958 (VIOLATED)
_5026_/B1                               0.750000    1.101956   -0.351956 (VIOLATED)
_5064_/A1                               0.750000    1.101955   -0.351955 (VIOLATED)
_4974_/X                                0.750000    1.101918   -0.351918 (VIOLATED)
_4975_/B1                               0.750000    1.101918   -0.351918 (VIOLATED)
_6334_/A                                0.750000    1.094378   -0.344378 (VIOLATED)
_6335_/B1                               0.750000    1.094378   -0.344378 (VIOLATED)
_6391_/A1                               0.750000    1.094378   -0.344378 (VIOLATED)
_6417_/A1                               0.750000    1.094378   -0.344378 (VIOLATED)
_6302_/A                                0.750000    1.094378   -0.344378 (VIOLATED)
_6303_/B1                               0.750000    1.094377   -0.344377 (VIOLATED)
_6336_/A1                               0.750000    1.094377   -0.344377 (VIOLATED)
_6447_/A                                0.750000    1.094378   -0.344378 (VIOLATED)
_6449_/A1                               0.750000    1.094378   -0.344378 (VIOLATED)
_6509_/A1                               0.750000    1.094377   -0.344377 (VIOLATED)
_6271_/A                                0.750000    1.094377   -0.344377 (VIOLATED)
_6272_/B1                               0.750000    1.094377   -0.344377 (VIOLATED)
_6304_/A1                               0.750000    1.094377   -0.344377 (VIOLATED)
_6537_/A1                               0.750000    1.094377   -0.344377 (VIOLATED)
_6565_/A1                               0.750000    1.094376   -0.344376 (VIOLATED)
_6187_/A                                0.750000    1.094375   -0.344375 (VIOLATED)
_6601_/A1                               0.750000    1.094375   -0.344375 (VIOLATED)
_6632_/A                                0.750000    1.094374   -0.344374 (VIOLATED)
_6633_/A                                0.750000    1.094374   -0.344374 (VIOLATED)
_6635_/A1                               0.750000    1.094374   -0.344374 (VIOLATED)
_6673_/A1                               0.750000    1.094374   -0.344374 (VIOLATED)
_6186_/Y                                0.750000    1.094372   -0.344372 (VIOLATED)
_6346_/A2                               0.750000    1.094304   -0.344304 (VIOLATED)
_6347_/C                                0.750000    1.094304   -0.344304 (VIOLATED)
_6374_/A2                               0.750000    1.094303   -0.344303 (VIOLATED)
_6375_/C                                0.750000    1.094303   -0.344303 (VIOLATED)
_6399_/A2                               0.750000    1.094301   -0.344301 (VIOLATED)
_6400_/C                                0.750000    1.094301   -0.344301 (VIOLATED)
_6465_/C                                0.750000    1.094298   -0.344298 (VIOLATED)
_6466_/A2                               0.750000    1.094298   -0.344298 (VIOLATED)
_6430_/A2                               0.750000    1.094298   -0.344298 (VIOLATED)
_6431_/C                                0.750000    1.094297   -0.344297 (VIOLATED)
_6317_/A2                               0.750000    1.094292   -0.344292 (VIOLATED)
_6318_/C                                0.750000    1.094291   -0.344291 (VIOLATED)
_6253_/C                                0.750000    1.094286   -0.344286 (VIOLATED)
_6254_/A2                               0.750000    1.094286   -0.344286 (VIOLATED)
_6284_/C                                0.750000    1.094285   -0.344285 (VIOLATED)
_6285_/A2                               0.750000    1.094285   -0.344285 (VIOLATED)
_6223_/C                                0.750000    1.094277   -0.344277 (VIOLATED)
_6224_/A2                               0.750000    1.094277   -0.344277 (VIOLATED)
_6189_/A2                               0.750000    1.094276   -0.344276 (VIOLATED)
_6190_/C                                0.750000    1.094276   -0.344276 (VIOLATED)
_6155_/A2                               0.750000    1.094274   -0.344274 (VIOLATED)
_6156_/C                                0.750000    1.094274   -0.344274 (VIOLATED)
_6117_/A2                               0.750000    1.094270   -0.344270 (VIOLATED)
_6118_/C                                0.750000    1.094271   -0.344271 (VIOLATED)
_6077_/C                                0.750000    1.094269   -0.344269 (VIOLATED)
_6078_/A2                               0.750000    1.094268   -0.344268 (VIOLATED)
_6036_/C                                0.750000    1.094256   -0.344256 (VIOLATED)
_6035_/A2                               0.750000    1.094253   -0.344253 (VIOLATED)
_5991_/C                                0.750000    1.094245   -0.344245 (VIOLATED)
_5992_/A2                               0.750000    1.094242   -0.344242 (VIOLATED)
_6492_/C                                0.750000    1.094226   -0.344226 (VIOLATED)
_6521_/C                                0.750000    1.094226   -0.344226 (VIOLATED)
_6546_/C                                0.750000    1.094225   -0.344225 (VIOLATED)
_6581_/C                                0.750000    1.094225   -0.344225 (VIOLATED)
_5856_/B                                0.750000    1.094223   -0.344223 (VIOLATED)
_6614_/C                                0.750000    1.094223   -0.344224 (VIOLATED)
_5947_/C                                0.750000    1.094223   -0.344223 (VIOLATED)
_5855_/B                                0.750000    1.094222   -0.344222 (VIOLATED)
_5946_/A2                               0.750000    1.094221   -0.344221 (VIOLATED)
_5902_/C                                0.750000    1.094213   -0.344214 (VIOLATED)
_5903_/A2                               0.750000    1.094212   -0.344212 (VIOLATED)
_5696_/C                                0.750000    1.094206   -0.344206 (VIOLATED)
_5697_/A2                               0.750000    1.094206   -0.344206 (VIOLATED)
_5701_/A2                               0.750000    1.094205   -0.344205 (VIOLATED)
_5702_/C                                0.750000    1.094205   -0.344205 (VIOLATED)
_5710_/A2                               0.750000    1.094205   -0.344205 (VIOLATED)
_5711_/C                                0.750000    1.094204   -0.344204 (VIOLATED)
_5726_/A2                               0.750000    1.094202   -0.344202 (VIOLATED)
_5727_/C                                0.750000    1.094202   -0.344202 (VIOLATED)
_5752_/A2                               0.750000    1.094199   -0.344199 (VIOLATED)
_5753_/C                                0.750000    1.094199   -0.344199 (VIOLATED)
_5820_/C                                0.750000    1.094198   -0.344198 (VIOLATED)
_5781_/A2                               0.750000    1.094197   -0.344197 (VIOLATED)
_5819_/A2                               0.750000    1.094197   -0.344197 (VIOLATED)
_5782_/C                                0.750000    1.094197   -0.344197 (VIOLATED)
_5783_/C                                0.750000    1.094196   -0.344196 (VIOLATED)
_4461_/B2                               0.750000    1.094186   -0.344186 (VIOLATED)
_8888_/Q                                0.750000    1.094186   -0.344186 (VIOLATED)
_5980_/A                                0.750000    1.077404   -0.327404 (VIOLATED)
_6765_/B                                0.750000    1.077403   -0.327403 (VIOLATED)
_6764_/A1                               0.750000    1.077402   -0.327402 (VIOLATED)
_5932_/B2                               0.750000    1.077401   -0.327401 (VIOLATED)
_5933_/A                                0.750000    1.077401   -0.327401 (VIOLATED)
_6794_/B1                               0.750000    1.077399   -0.327399 (VIOLATED)
_6793_/C_N                              0.750000    1.077397   -0.327397 (VIOLATED)
_6792_/C                                0.750000    1.077396   -0.327396 (VIOLATED)
_5887_/A1                               0.750000    1.077386   -0.327386 (VIOLATED)
_5888_/B                                0.750000    1.077386   -0.327386 (VIOLATED)
_6817_/A1                               0.750000    1.077372   -0.327372 (VIOLATED)
_6816_/B                                0.750000    1.077371   -0.327371 (VIOLATED)
_5726_/A1                               0.750000    1.077363   -0.327363 (VIOLATED)
_5727_/B                                0.750000    1.077363   -0.327363 (VIOLATED)
_6855_/A                                0.750000    1.077361   -0.327361 (VIOLATED)
_6856_/B2                               0.750000    1.077361   -0.327361 (VIOLATED)
_5754_/C                                0.750000    1.077360   -0.327360 (VIOLATED)
_5756_/B1                               0.750000    1.077360   -0.327360 (VIOLATED)
_5755_/C_N                              0.750000    1.077359   -0.327359 (VIOLATED)
_7855_/B2                               0.750000    1.077358   -0.327358 (VIOLATED)
_7856_/B                                0.750000    1.077358   -0.327358 (VIOLATED)
_7025_/A                                0.750000    1.077355   -0.327355 (VIOLATED)
_7878_/A1                               0.750000    1.077355   -0.327355 (VIOLATED)
_6979_/B2                               0.750000    1.077354   -0.327354 (VIOLATED)
_6978_/A                                0.750000    1.077353   -0.327353 (VIOLATED)
_7877_/A                                0.750000    1.077353   -0.327353 (VIOLATED)
_7898_/C_N                              0.750000    1.077352   -0.327352 (VIOLATED)
_7899_/B1                               0.750000    1.077352   -0.327352 (VIOLATED)
_6931_/A1                               0.750000    1.077350   -0.327350 (VIOLATED)
_6930_/B                                0.750000    1.077349   -0.327349 (VIOLATED)
_7897_/C                                0.750000    1.077350   -0.327350 (VIOLATED)
_7933_/B                                0.750000    1.077348   -0.327348 (VIOLATED)
_7932_/A1                               0.750000    1.077348   -0.327348 (VIOLATED)
_6886_/A1                               0.750000    1.077338   -0.327338 (VIOLATED)
_4604_/A2                               0.750000    1.077333   -0.327333 (VIOLATED)
_4605_/C                                0.750000    1.077333   -0.327333 (VIOLATED)
_4606_/C                                0.750000    1.077333   -0.327334 (VIOLATED)
_4518_/B1                               0.750000    1.077332   -0.327332 (VIOLATED)
_4519_/D                                0.750000    1.077331   -0.327331 (VIOLATED)
_6887_/B                                0.750000    1.077331   -0.327331 (VIOLATED)
_4570_/D                                0.750000    1.077328   -0.327328 (VIOLATED)
_4571_/D_N                              0.750000    1.077326   -0.327326 (VIOLATED)
_4534_/A2                               0.750000    1.077325   -0.327325 (VIOLATED)
_4572_/B2                               0.750000    1.077325   -0.327325 (VIOLATED)
_5844_/A1                               0.750000    1.077321   -0.327321 (VIOLATED)
_5777_/B                                0.750000    1.077320   -0.327320 (VIOLATED)
_5778_/A1                               0.750000    1.077320   -0.327320 (VIOLATED)
_5845_/B                                0.750000    1.077320   -0.327320 (VIOLATED)
_5814_/A                                0.750000    1.077318   -0.327318 (VIOLATED)
_5815_/B2                               0.750000    1.077318   -0.327318 (VIOLATED)
_7989_/A1                               0.750000    1.077314   -0.327314 (VIOLATED)
_7990_/B                                0.750000    1.077313   -0.327313 (VIOLATED)
_4533_/C                                0.750000    1.077309   -0.327309 (VIOLATED)
_8016_/A1                               0.750000    1.077275   -0.327275 (VIOLATED)
_8015_/B                                0.750000    1.077266   -0.327266 (VIOLATED)
_4630_/A1                               0.750000    1.077237   -0.327237 (VIOLATED)
_4631_/B                                0.750000    1.077226   -0.327226 (VIOLATED)
_8062_/B2                               0.750000    1.077213   -0.327213 (VIOLATED)
_8061_/A                                0.750000    1.077209   -0.327209 (VIOLATED)
_4677_/A1                               0.750000    1.077192   -0.327192 (VIOLATED)
_4676_/B                                0.750000    1.077179   -0.327179 (VIOLATED)
_4722_/B2                               0.750000    1.077151   -0.327151 (VIOLATED)
_8104_/A                                0.750000    1.077143   -0.327143 (VIOLATED)
_4721_/A                                0.750000    1.077140   -0.327140 (VIOLATED)
_4763_/A                                0.750000    1.077114   -0.327114 (VIOLATED)
pixel_in[3]                             0.750000    1.076908   -0.326908 (VIOLATED)
_7271_/A2                               0.750000    1.058993   -0.308993 (VIOLATED)
_7270_/C                                0.750000    1.058993   -0.308993 (VIOLATED)
_7308_/A2                               0.750000    1.058992   -0.308992 (VIOLATED)
_7307_/C                                0.750000    1.058992   -0.308992 (VIOLATED)
_7335_/A2                               0.750000    1.058990   -0.308990 (VIOLATED)
_7334_/C                                0.750000    1.058990   -0.308990 (VIOLATED)
_7365_/A2                               0.750000    1.058988   -0.308988 (VIOLATED)
_7366_/C                                0.750000    1.058988   -0.308988 (VIOLATED)
_7395_/C                                0.750000    1.058983   -0.308983 (VIOLATED)
_7394_/A2                               0.750000    1.058983   -0.308983 (VIOLATED)
_7425_/C                                0.750000    1.058967   -0.308967 (VIOLATED)
_7424_/A2                               0.750000    1.058966   -0.308966 (VIOLATED)
_7450_/C                                0.750000    1.058959   -0.308959 (VIOLATED)
_7240_/A2                               0.750000    1.058958   -0.308958 (VIOLATED)
_7241_/C                                0.750000    1.058958   -0.308958 (VIOLATED)
_7449_/A2                               0.750000    1.058958   -0.308958 (VIOLATED)
_7204_/A2                               0.750000    1.058957   -0.308957 (VIOLATED)
_7205_/C                                0.750000    1.058957   -0.308957 (VIOLATED)
_7167_/A2                               0.750000    1.058951   -0.308951 (VIOLATED)
_7168_/C                                0.750000    1.058951   -0.308951 (VIOLATED)
_7479_/C                                0.750000    1.058950   -0.308950 (VIOLATED)
_7478_/A2                               0.750000    1.058949   -0.308949 (VIOLATED)
_7121_/A2                               0.750000    1.058944   -0.308944 (VIOLATED)
_7122_/C                                0.750000    1.058944   -0.308944 (VIOLATED)
_7512_/C                                0.750000    1.058940   -0.308940 (VIOLATED)
_7079_/C                                0.750000    1.058939   -0.308939 (VIOLATED)
_7078_/A2                               0.750000    1.058939   -0.308939 (VIOLATED)
_7036_/C                                0.750000    1.058933   -0.308933 (VIOLATED)
_7037_/A2                               0.750000    1.058932   -0.308932 (VIOLATED)
_7540_/C                                0.750000    1.058931   -0.308931 (VIOLATED)
_6992_/C                                0.750000    1.058927   -0.308927 (VIOLATED)
_6993_/A2                               0.750000    1.058927   -0.308927 (VIOLATED)
_6946_/A2                               0.750000    1.058919   -0.308919 (VIOLATED)
_6945_/C                                0.750000    1.058919   -0.308919 (VIOLATED)
_7567_/C                                0.750000    1.058917   -0.308917 (VIOLATED)
_6897_/B                                0.750000    1.058915   -0.308916 (VIOLATED)
_7593_/C                                0.750000    1.058911   -0.308911 (VIOLATED)
_7627_/C                                0.750000    1.058911   -0.308911 (VIOLATED)
_7659_/C                                0.750000    1.058900   -0.308900 (VIOLATED)
_6898_/B                                0.750000    1.058882   -0.308882 (VIOLATED)
_6734_/C                                0.750000    1.058859   -0.308859 (VIOLATED)
_6735_/A2                               0.750000    1.058859   -0.308859 (VIOLATED)
_6739_/A2                               0.750000    1.058859   -0.308859 (VIOLATED)
_6740_/C                                0.750000    1.058859   -0.308859 (VIOLATED)
_6749_/C                                0.750000    1.058851   -0.308852 (VIOLATED)
_6748_/A2                               0.750000    1.058851   -0.308851 (VIOLATED)
_5534_/B2                               0.750000    1.058847   -0.308847 (VIOLATED)
_6764_/A2                               0.750000    1.058847   -0.308847 (VIOLATED)
_6765_/C                                0.750000    1.058847   -0.308847 (VIOLATED)
_6790_/A2                               0.750000    1.058847   -0.308847 (VIOLATED)
_6791_/C                                0.750000    1.058847   -0.308847 (VIOLATED)
_6820_/A2                               0.750000    1.058847   -0.308847 (VIOLATED)
_6821_/C                                0.750000    1.058847   -0.308847 (VIOLATED)
_6822_/C                                0.750000    1.058847   -0.308847 (VIOLATED)
_6860_/A2                               0.750000    1.058847   -0.308847 (VIOLATED)
_6861_/C                                0.750000    1.058847   -0.308847 (VIOLATED)
_8965_/Q                                0.750000    1.058847   -0.308847 (VIOLATED)
_7847_/A1                               0.750000    1.045027   -0.295027 (VIOLATED)
_7816_/B                                0.750000    1.045027   -0.295027 (VIOLATED)
_7817_/A1                               0.750000    1.045027   -0.295027 (VIOLATED)
_7848_/B                                0.750000    1.045027   -0.295027 (VIOLATED)
_7834_/B                                0.750000    1.045024   -0.295024 (VIOLATED)
_7835_/A1                               0.750000    1.045024   -0.295024 (VIOLATED)
_7822_/A                                0.750000    1.045022   -0.295022 (VIOLATED)
_7821_/A1                               0.750000    1.045019   -0.295019 (VIOLATED)
_5696_/B                                0.750000    1.045005   -0.295005 (VIOLATED)
_5697_/A1                               0.750000    1.045005   -0.295005 (VIOLATED)
_5704_/A1_N                             0.750000    1.045003   -0.295003 (VIOLATED)
_5703_/C                                0.750000    1.045001   -0.295001 (VIOLATED)
_5718_/A                                0.750000    1.044978   -0.294978 (VIOLATED)
_5719_/A1                               0.750000    1.044975   -0.294975 (VIOLATED)
_7968_/A                                0.750000    1.044973   -0.294973 (VIOLATED)
_7876_/A                                0.750000    1.044971   -0.294971 (VIOLATED)
_7912_/B1                               0.750000    1.044971   -0.294971 (VIOLATED)
_7913_/A1                               0.750000    1.044970   -0.294970 (VIOLATED)
_7951_/A                                0.750000    1.044964   -0.294964 (VIOLATED)
_7949_/B2                               0.750000    1.044963   -0.294963 (VIOLATED)
_5734_/B2                               0.750000    1.044954   -0.294954 (VIOLATED)
_5735_/A                                0.750000    1.044954   -0.294954 (VIOLATED)
_5749_/C                                0.750000    1.044951   -0.294951 (VIOLATED)
_5750_/A1_N                             0.750000    1.044951   -0.294951 (VIOLATED)
_5773_/B1                               0.750000    1.044950   -0.294950 (VIOLATED)
_5774_/A1                               0.750000    1.044948   -0.294948 (VIOLATED)
_5806_/B2                               0.750000    1.044934   -0.294934 (VIOLATED)
_5842_/A                                0.750000    1.044893   -0.294893 (VIOLATED)
_4482_/C                                0.750000    1.044770   -0.294770 (VIOLATED)
_4483_/A2                               0.750000    1.044770   -0.294770 (VIOLATED)
_4511_/A1                               0.750000    1.044769   -0.294769 (VIOLATED)
_4512_/B                                0.750000    1.044769   -0.294769 (VIOLATED)
_4496_/A1                               0.750000    1.044767   -0.294767 (VIOLATED)
_4495_/B                                0.750000    1.044767   -0.294767 (VIOLATED)
_4487_/A1                               0.750000    1.044763   -0.294763 (VIOLATED)
_4488_/B                                0.750000    1.044763   -0.294763 (VIOLATED)
_4628_/A                                0.750000    1.044752   -0.294752 (VIOLATED)
_4592_/B2                               0.750000    1.044751   -0.294751 (VIOLATED)
_4561_/A                                0.750000    1.044750   -0.294750 (VIOLATED)
_4560_/A                                0.750000    1.044750   -0.294750 (VIOLATED)
_4536_/A                                0.750000    1.044748   -0.294748 (VIOLATED)
_4447_/A                                0.750000    1.044742   -0.294742 (VIOLATED)
_6847_/B2                               0.750000    1.044724   -0.294724 (VIOLATED)
_6884_/A                                0.750000    1.044709   -0.294709 (VIOLATED)
_6788_/A1_N                             0.750000    1.044693   -0.294693 (VIOLATED)
_6787_/C                                0.750000    1.044689   -0.294689 (VIOLATED)
_6812_/B1                               0.750000    1.044683   -0.294683 (VIOLATED)
_6813_/A1                               0.750000    1.044680   -0.294680 (VIOLATED)
_6773_/A                                0.750000    1.044582   -0.294582 (VIOLATED)
_6772_/B2                               0.750000    1.044574   -0.294574 (VIOLATED)
_6756_/A                                0.750000    1.044517   -0.294517 (VIOLATED)
_6757_/A1                               0.750000    1.044508   -0.294508 (VIOLATED)
_6742_/A1_N                             0.750000    1.044441   -0.294441 (VIOLATED)
_6741_/C                                0.750000    1.044437   -0.294437 (VIOLATED)
_6735_/A1                               0.750000    1.044380   -0.294380 (VIOLATED)
_6734_/B                                0.750000    1.044378   -0.294378 (VIOLATED)
pixel_in[0]                             0.750000    1.044195   -0.294195 (VIOLATED)
_6027_/A                                0.750000    1.016789   -0.266789 (VIOLATED)
_5977_/B2                               0.750000    1.016785   -0.266785 (VIOLATED)
_5978_/A                                0.750000    1.016785   -0.266785 (VIOLATED)
_5932_/A1                               0.750000    1.016783   -0.266783 (VIOLATED)
_5933_/B                                0.750000    1.016783   -0.266783 (VIOLATED)
_6790_/A1                               0.750000    1.016780   -0.266780 (VIOLATED)
_6791_/B                                0.750000    1.016780   -0.266780 (VIOLATED)
_6824_/B1                               0.750000    1.016779   -0.266779 (VIOLATED)
_6823_/C_N                              0.750000    1.016779   -0.266779 (VIOLATED)
_5899_/A                                0.750000    1.016776   -0.266776 (VIOLATED)
_5813_/A                                0.750000    1.016758   -0.266758 (VIOLATED)
_5752_/A1                               0.750000    1.016743   -0.266743 (VIOLATED)
_5753_/B                                0.750000    1.016743   -0.266743 (VIOLATED)
_5784_/C_N                              0.750000    1.016741   -0.266741 (VIOLATED)
_5785_/B1                               0.750000    1.016742   -0.266742 (VIOLATED)
_7878_/B2                               0.750000    1.016736   -0.266736 (VIOLATED)
_7903_/A                                0.750000    1.016736   -0.266736 (VIOLATED)
_7904_/A1                               0.750000    1.016736   -0.266736 (VIOLATED)
_7877_/B                                0.750000    1.016735   -0.266735 (VIOLATED)
_5815_/A1                               0.750000    1.016734   -0.266734 (VIOLATED)
_5814_/B                                0.750000    1.016734   -0.266734 (VIOLATED)
_7931_/A                                0.750000    1.016732   -0.266732 (VIOLATED)
_7978_/A                                0.750000    1.016708   -0.266708 (VIOLATED)
_7979_/A                                0.750000    1.016696   -0.266696 (VIOLATED)
_7070_/A                                0.750000    1.016694   -0.266694 (VIOLATED)
_7022_/A                                0.750000    1.016693   -0.266693 (VIOLATED)
_7023_/B2                               0.750000    1.016693   -0.266693 (VIOLATED)
_6978_/B                                0.750000    1.016691   -0.266691 (VIOLATED)
_6979_/A1                               0.750000    1.016691   -0.266691 (VIOLATED)
_6942_/A                                0.750000    1.016686   -0.266686 (VIOLATED)
_6854_/A                                0.750000    1.016679   -0.266679 (VIOLATED)
_4534_/B1                               0.750000    1.016670   -0.266670 (VIOLATED)
_4533_/D                                0.750000    1.016666   -0.266666 (VIOLATED)
_6855_/B                                0.750000    1.016665   -0.266665 (VIOLATED)
_6856_/A1                               0.750000    1.016665   -0.266665 (VIOLATED)
_4565_/A2                               0.750000    1.016662   -0.266662 (VIOLATED)
_4564_/C                                0.750000    1.016656   -0.266656 (VIOLATED)
_8030_/A1                               0.750000    1.016654   -0.266654 (VIOLATED)
_8028_/B2                               0.750000    1.016650   -0.266650 (VIOLATED)
_4607_/D_N                              0.750000    1.016645   -0.266645 (VIOLATED)
_4608_/B2                               0.750000    1.016645   -0.266645 (VIOLATED)
_4642_/A2                               0.750000    1.016644   -0.266644 (VIOLATED)
_4644_/B                                0.750000    1.016644   -0.266644 (VIOLATED)
_4643_/B                                0.750000    1.016641   -0.266641 (VIOLATED)
_4688_/A                                0.750000    1.016638   -0.266638 (VIOLATED)
_8059_/A1                               0.750000    1.016631   -0.266631 (VIOLATED)
_4720_/A1                               0.750000    1.016618   -0.266619 (VIOLATED)
_8062_/A1                               0.750000    1.016614   -0.266614 (VIOLATED)
_8061_/B                                0.750000    1.016608   -0.266608 (VIOLATED)
_4722_/A1                               0.750000    1.016598   -0.266598 (VIOLATED)
_4721_/B                                0.750000    1.016593   -0.266593 (VIOLATED)
_8106_/B2                               0.750000    1.016572   -0.266572 (VIOLATED)
_8105_/A                                0.750000    1.016562   -0.266562 (VIOLATED)
_4760_/A                                0.750000    1.016548   -0.266548 (VIOLATED)
_4761_/B2                               0.750000    1.016548   -0.266548 (VIOLATED)
_4812_/A                                0.750000    1.016532   -0.266532 (VIOLATED)
_8149_/A                                0.750000    1.016527   -0.266527 (VIOLATED)
pixel_in[4]                             0.750000    1.016379   -0.266379 (VIOLATED)
_8570_/A2                               0.750000    0.969546   -0.219546 (VIOLATED)
_8571_/C                                0.750000    0.969545   -0.219545 (VIOLATED)
_8539_/A2                               0.750000    0.969545   -0.219545 (VIOLATED)
_8540_/C                                0.750000    0.969545   -0.219545 (VIOLATED)
_8510_/C                                0.750000    0.969544   -0.219544 (VIOLATED)
_8509_/A2                               0.750000    0.969543   -0.219543 (VIOLATED)
_8474_/C                                0.750000    0.969540   -0.219540 (VIOLATED)
_8475_/A2                               0.750000    0.969540   -0.219540 (VIOLATED)
_8445_/A2                               0.750000    0.969536   -0.219536 (VIOLATED)
_8446_/C                                0.750000    0.969535   -0.219535 (VIOLATED)
_8415_/A2                               0.750000    0.969530   -0.219530 (VIOLATED)
_8416_/C                                0.750000    0.969530   -0.219530 (VIOLATED)
_8386_/A2                               0.750000    0.969524   -0.219524 (VIOLATED)
_8387_/C                                0.750000    0.969523   -0.219523 (VIOLATED)
_8348_/A2                               0.750000    0.969517   -0.219517 (VIOLATED)
_8347_/C                                0.750000    0.969516   -0.219516 (VIOLATED)
_8317_/A2                               0.750000    0.969509   -0.219510 (VIOLATED)
_8318_/C                                0.750000    0.969509   -0.219509 (VIOLATED)
_8284_/A2                               0.750000    0.969502   -0.219502 (VIOLATED)
_8285_/C                                0.750000    0.969501   -0.219501 (VIOLATED)
_8246_/A2                               0.750000    0.969495   -0.219495 (VIOLATED)
_8247_/C                                0.750000    0.969493   -0.219493 (VIOLATED)
_8204_/A2                               0.750000    0.969484   -0.219484 (VIOLATED)
_8203_/C                                0.750000    0.969483   -0.219483 (VIOLATED)
_8164_/A2                               0.750000    0.969475   -0.219475 (VIOLATED)
_8163_/C                                0.750000    0.969474   -0.219474 (VIOLATED)
_8120_/A2                               0.750000    0.969453   -0.219453 (VIOLATED)
_8119_/C                                0.750000    0.969452   -0.219452 (VIOLATED)
_8607_/C                                0.750000    0.969449   -0.219449 (VIOLATED)
_8636_/C                                0.750000    0.969449   -0.219449 (VIOLATED)
_8663_/C                                0.750000    0.969449   -0.219449 (VIOLATED)
_8693_/C                                0.750000    0.969448   -0.219448 (VIOLATED)
_8117_/B                                0.750000    0.969448   -0.219448 (VIOLATED)
_8723_/C                                0.750000    0.969447   -0.219447 (VIOLATED)
_8074_/A2                               0.750000    0.969447   -0.219447 (VIOLATED)
_8075_/C                                0.750000    0.969446   -0.219446 (VIOLATED)
_8031_/A2                               0.750000    0.969443   -0.219443 (VIOLATED)
_8032_/C                                0.750000    0.969442   -0.219442 (VIOLATED)
_8118_/B                                0.750000    0.969438   -0.219438 (VIOLATED)
_8755_/C                                0.750000    0.969438   -0.219438 (VIOLATED)
_5678_/B2                               0.750000    0.969438   -0.219438 (VIOLATED)
_7847_/A2                               0.750000    0.969438   -0.219438 (VIOLATED)
_7848_/C                                0.750000    0.969438   -0.219438 (VIOLATED)
_7868_/A2                               0.750000    0.969438   -0.219438 (VIOLATED)
_7869_/C                                0.750000    0.969438   -0.219438 (VIOLATED)
_7895_/A2                               0.750000    0.969438   -0.219438 (VIOLATED)
_7896_/C                                0.750000    0.969438   -0.219438 (VIOLATED)
_7932_/A2                               0.750000    0.969438   -0.219438 (VIOLATED)
_7933_/C                                0.750000    0.969438   -0.219438 (VIOLATED)
_7978_/B                                0.750000    0.969438   -0.219438 (VIOLATED)
_7979_/B                                0.750000    0.969438   -0.219438 (VIOLATED)
_9105_/Q                                0.750000    0.969438   -0.219438 (VIOLATED)
_5701_/A1                               0.750000    0.969103   -0.219103 (VIOLATED)
_5702_/B                                0.750000    0.969103   -0.219103 (VIOLATED)
_7821_/B2                               0.750000    0.969102   -0.219102 (VIOLATED)
_7822_/B                                0.750000    0.969102   -0.219102 (VIOLATED)
_5712_/C                                0.750000    0.969101   -0.219101 (VIOLATED)
_5713_/A1_N                             0.750000    0.969101   -0.219101 (VIOLATED)
_7831_/A1                               0.750000    0.969101   -0.219101 (VIOLATED)
_7832_/A                                0.750000    0.969100   -0.219101 (VIOLATED)
_7850_/C_N                              0.750000    0.969097   -0.219097 (VIOLATED)
_7851_/B1                               0.750000    0.969097   -0.219097 (VIOLATED)
_7849_/C                                0.750000    0.969094   -0.219094 (VIOLATED)
_5734_/A1                               0.750000    0.969092   -0.219092 (VIOLATED)
_7868_/A1                               0.750000    0.969092   -0.219092 (VIOLATED)
_5735_/B                                0.750000    0.969092   -0.219092 (VIOLATED)
_7869_/B                                0.750000    0.969091   -0.219091 (VIOLATED)
_5748_/B2                               0.750000    0.969085   -0.219085 (VIOLATED)
_5747_/A                                0.750000    0.969082   -0.219082 (VIOLATED)
_7902_/A                                0.750000    0.969074   -0.219075 (VIOLATED)
_7948_/A1                               0.750000    0.969058   -0.219058 (VIOLATED)
_7951_/B                                0.750000    0.969048   -0.219048 (VIOLATED)
_7949_/A1                               0.750000    0.969048   -0.219048 (VIOLATED)
_5776_/A                                0.750000    0.969030   -0.219030 (VIOLATED)
_5805_/A1                               0.750000    0.969015   -0.219015 (VIOLATED)
_5806_/A1                               0.750000    0.969000   -0.219000 (VIOLATED)
_8014_/A                                0.750000    0.968989   -0.218989 (VIOLATED)
_7950_/A                                0.750000    0.968986   -0.218986 (VIOLATED)
_5807_/A                                0.750000    0.968959   -0.218959 (VIOLATED)
_4487_/B1                               0.750000    0.968948   -0.218948 (VIOLATED)
_4488_/D                                0.750000    0.968948   -0.218948 (VIOLATED)
_4497_/A2                               0.750000    0.968947   -0.218947 (VIOLATED)
_4498_/C                                0.750000    0.968946   -0.218946 (VIOLATED)
_4515_/B1                               0.750000    0.968943   -0.218943 (VIOLATED)
_4513_/C                                0.750000    0.968943   -0.218943 (VIOLATED)
_4514_/C_N                              0.750000    0.968941   -0.218941 (VIOLATED)
_4679_/A                                0.750000    0.968937   -0.218937 (VIOLATED)
_4593_/A                                0.750000    0.968936   -0.218936 (VIOLATED)
_4592_/A1                               0.750000    0.968934   -0.218934 (VIOLATED)
_4538_/A1                               0.750000    0.968933   -0.218933 (VIOLATED)
_4539_/B                                0.750000    0.968932   -0.218932 (VIOLATED)
_4591_/A1                               0.750000    0.968929   -0.218929 (VIOLATED)
_4563_/A                                0.750000    0.968929   -0.218929 (VIOLATED)
_6848_/A                                0.750000    0.968912   -0.218912 (VIOLATED)
_6933_/A                                0.750000    0.968909   -0.218909 (VIOLATED)
_5890_/A                                0.750000    0.968897   -0.218897 (VIOLATED)
_6847_/A1                               0.750000    0.968894   -0.218894 (VIOLATED)
_6846_/A1                               0.750000    0.968872   -0.218872 (VIOLATED)
_6815_/A                                0.750000    0.968868   -0.218868 (VIOLATED)
_6785_/A                                0.750000    0.968862   -0.218862 (VIOLATED)
_6786_/B2                               0.750000    0.968847   -0.218847 (VIOLATED)
_6773_/B                                0.750000    0.968757   -0.218757 (VIOLATED)
_6772_/A1                               0.750000    0.968747   -0.218747 (VIOLATED)
_6751_/A1_N                             0.750000    0.968681   -0.218681 (VIOLATED)
_6750_/C                                0.750000    0.968674   -0.218674 (VIOLATED)
_6739_/A1                               0.750000    0.968627   -0.218627 (VIOLATED)
_6740_/B                                0.750000    0.968624   -0.218624 (VIOLATED)
pixel_in[1]                             0.750000    0.968500   -0.218500 (VIOLATED)
_5044_/B                                0.750000    0.956870   -0.206871 (VIOLATED)
_5045_/A1                               0.750000    0.956870   -0.206871 (VIOLATED)
_5074_/B                                0.750000    0.956870   -0.206870 (VIOLATED)
_5075_/A1                               0.750000    0.956869   -0.206869 (VIOLATED)
_5105_/A1                               0.750000    0.956868   -0.206868 (VIOLATED)
_5106_/B                                0.750000    0.956867   -0.206867 (VIOLATED)
_5133_/A1                               0.750000    0.956864   -0.206864 (VIOLATED)
_5134_/B                                0.750000    0.956863   -0.206863 (VIOLATED)
_5163_/A1                               0.750000    0.956859   -0.206859 (VIOLATED)
_5164_/B                                0.750000    0.956858   -0.206858 (VIOLATED)
_5188_/A1                               0.750000    0.956852   -0.206852 (VIOLATED)
_5189_/B                                0.750000    0.956851   -0.206851 (VIOLATED)
_5218_/A1                               0.750000    0.956846   -0.206846 (VIOLATED)
_5219_/B                                0.750000    0.956845   -0.206845 (VIOLATED)
_5007_/B                                0.750000    0.956843   -0.206843 (VIOLATED)
_5008_/A1                               0.750000    0.956843   -0.206843 (VIOLATED)
_4944_/A1                               0.750000    0.956842   -0.206842 (VIOLATED)
_4945_/B                                0.750000    0.956842   -0.206842 (VIOLATED)
_4976_/A1                               0.750000    0.956842   -0.206842 (VIOLATED)
_4977_/B                                0.750000    0.956842   -0.206842 (VIOLATED)
_5252_/B                                0.750000    0.956838   -0.206838 (VIOLATED)
_4907_/A1                               0.750000    0.956838   -0.206838 (VIOLATED)
_4908_/B                                0.750000    0.956837   -0.206837 (VIOLATED)
_4863_/A1                               0.750000    0.956833   -0.206833 (VIOLATED)
_4864_/B                                0.750000    0.956833   -0.206833 (VIOLATED)
_5279_/B                                0.750000    0.956833   -0.206833 (VIOLATED)
_4771_/A                                0.750000    0.956831   -0.206831 (VIOLATED)
_4821_/A1                               0.750000    0.956830   -0.206830 (VIOLATED)
_4822_/B                                0.750000    0.956829   -0.206829 (VIOLATED)
_5306_/B                                0.750000    0.956829   -0.206829 (VIOLATED)
_4774_/A1                               0.750000    0.956827   -0.206827 (VIOLATED)
_4773_/B                                0.750000    0.956826   -0.206826 (VIOLATED)
_5333_/B                                0.750000    0.956825   -0.206825 (VIOLATED)
_4772_/A                                0.750000    0.956823   -0.206823 (VIOLATED)
_5398_/B                                0.750000    0.956822   -0.206822 (VIOLATED)
_5366_/B                                0.750000    0.956821   -0.206821 (VIOLATED)
_4733_/A1                               0.750000    0.956820   -0.206820 (VIOLATED)
_4734_/B                                0.750000    0.956819   -0.206819 (VIOLATED)
_4692_/B                                0.750000    0.956814   -0.206814 (VIOLATED)
_4691_/A1                               0.750000    0.956814   -0.206814 (VIOLATED)
_4643_/A                                0.750000    0.956812   -0.206812 (VIOLATED)
_4644_/A                                0.750000    0.956808   -0.206808 (VIOLATED)
_4642_/A1                               0.750000    0.956806   -0.206806 (VIOLATED)
_4606_/B                                0.750000    0.956801   -0.206801 (VIOLATED)
_4604_/A1                               0.750000    0.956799   -0.206799 (VIOLATED)
_4605_/B                                0.750000    0.956798   -0.206798 (VIOLATED)
_4568_/A2                               0.750000    0.956791   -0.206791 (VIOLATED)
_4569_/C                                0.750000    0.956790   -0.206790 (VIOLATED)
_4511_/A2                               0.750000    0.956785   -0.206785 (VIOLATED)
_4512_/C                                0.750000    0.956785   -0.206785 (VIOLATED)
_4538_/A2                               0.750000    0.956785   -0.206785 (VIOLATED)
_4539_/C                                0.750000    0.956785   -0.206785 (VIOLATED)
_7798_/B2                               0.750000    0.956785   -0.206785 (VIOLATED)
_9249_/Q                                0.750000    0.956785   -0.206785 (VIOLATED)
_5141_/A                                0.750000    0.895378   -0.145378 (VIOLATED)
_5434_/A                                0.750000    0.895378   -0.145378 (VIOLATED)
_5457_/S                                0.750000    0.895378   -0.145378 (VIOLATED)
_5172_/A1                               0.750000    0.895378   -0.145378 (VIOLATED)
_5405_/A                                0.750000    0.895377   -0.145377 (VIOLATED)
_5112_/A                                0.750000    0.895377   -0.145377 (VIOLATED)
_5113_/B1                               0.750000    0.895377   -0.145377 (VIOLATED)
_5374_/A                                0.750000    0.895377   -0.145377 (VIOLATED)
_5375_/A                                0.750000    0.895377   -0.145377 (VIOLATED)
_5377_/A1                               0.750000    0.895376   -0.145376 (VIOLATED)
_5114_/A1                               0.750000    0.895376   -0.145376 (VIOLATED)
_5083_/B1                               0.750000    0.895375   -0.145375 (VIOLATED)
_5171_/A                                0.750000    0.895375   -0.145375 (VIOLATED)
_5313_/A                                0.750000    0.895375   -0.145375 (VIOLATED)
_5198_/A1                               0.750000    0.895375   -0.145375 (VIOLATED)
_5314_/A                                0.750000    0.895375   -0.145375 (VIOLATED)
_5084_/A1                               0.750000    0.895374   -0.145374 (VIOLATED)
_5053_/B1                               0.750000    0.895374   -0.145374 (VIOLATED)
_5195_/A                                0.750000    0.895374   -0.145374 (VIOLATED)
_5196_/B1                               0.750000    0.895373   -0.145373 (VIOLATED)
_5315_/A1                               0.750000    0.895374   -0.145374 (VIOLATED)
_5227_/A1                               0.750000    0.895373   -0.145373 (VIOLATED)
_5016_/B1                               0.750000    0.895372   -0.145372 (VIOLATED)
_5261_/A1                               0.750000    0.895372   -0.145372 (VIOLATED)
_5054_/A1                               0.750000    0.895372   -0.145372 (VIOLATED)
_5287_/A1                               0.750000    0.895372   -0.145372 (VIOLATED)
_4985_/B1                               0.750000    0.895369   -0.145369 (VIOLATED)
_5017_/A1                               0.750000    0.895369   -0.145369 (VIOLATED)
_4986_/A1                               0.750000    0.895368   -0.145368 (VIOLATED)
_4953_/B1                               0.750000    0.895368   -0.145368 (VIOLATED)
_4954_/A1                               0.750000    0.895366   -0.145366 (VIOLATED)
_4916_/B1                               0.750000    0.895366   -0.145366 (VIOLATED)
_4872_/B1                               0.750000    0.895364   -0.145364 (VIOLATED)
_4917_/A1                               0.750000    0.895364   -0.145364 (VIOLATED)
_4873_/A1                               0.750000    0.895363   -0.145363 (VIOLATED)
_4830_/B1                               0.750000    0.895363   -0.145363 (VIOLATED)
_4819_/X                                0.750000    0.895361   -0.145361 (VIOLATED)
_6702_/A2_N                             0.750000    0.867667   -0.117667 (VIOLATED)
_6701_/A2_N                             0.750000    0.867666   -0.117666 (VIOLATED)
_6700_/A2_N                             0.750000    0.867665   -0.117665 (VIOLATED)
_6703_/B1                               0.750000    0.867663   -0.117663 (VIOLATED)
_6698_/A2_N                             0.750000    0.867655   -0.117655 (VIOLATED)
_6699_/B1                               0.750000    0.867653   -0.117653 (VIOLATED)
_6704_/A2_N                             0.750000    0.867651   -0.117651 (VIOLATED)
_6705_/A2_N                             0.750000    0.867646   -0.117646 (VIOLATED)
_6706_/A2_N                             0.750000    0.867642   -0.117642 (VIOLATED)
_6708_/A2_N                             0.750000    0.867633   -0.117633 (VIOLATED)
_6709_/B1                               0.750000    0.867627   -0.117627 (VIOLATED)
_6710_/A2_N                             0.750000    0.867620   -0.117620 (VIOLATED)
_6711_/A2_N                             0.750000    0.867613   -0.117613 (VIOLATED)
_6707_/A2_N                             0.750000    0.867573   -0.117573 (VIOLATED)
_6712_/A2_N                             0.750000    0.867568   -0.117568 (VIOLATED)
_6713_/A2_N                             0.750000    0.867554   -0.117554 (VIOLATED)
_6717_/A2_N                             0.750000    0.867548   -0.117548 (VIOLATED)
_6716_/A2_N                             0.750000    0.867543   -0.117543 (VIOLATED)
_6695_/A2_N                             0.750000    0.867540   -0.117541 (VIOLATED)
_6715_/A2_N                             0.750000    0.867540   -0.117540 (VIOLATED)
_6691_/A2_N                             0.750000    0.867537   -0.117537 (VIOLATED)
_6693_/A2_N                             0.750000    0.867537   -0.117537 (VIOLATED)
_6718_/A2                               0.750000    0.867537   -0.117537 (VIOLATED)
_6692_/A2_N                             0.750000    0.867533   -0.117533 (VIOLATED)
_6714_/A2_N                             0.750000    0.867532   -0.117532 (VIOLATED)
_6688_/A2                               0.750000    0.867531   -0.117531 (VIOLATED)
_6689_/B1                               0.750000    0.867531   -0.117531 (VIOLATED)
_6690_/A2_N                             0.750000    0.867531   -0.117531 (VIOLATED)
_5694_/B1_N                             0.750000    0.867528   -0.117528 (VIOLATED)
_5693_/X                                0.750000    0.867526   -0.117526 (VIOLATED)
_6694_/A2_N                             0.750000    0.867526   -0.117526 (VIOLATED)
_6696_/A2_N                             0.750000    0.867526   -0.117526 (VIOLATED)
_6697_/B1                               0.750000    0.867526   -0.117526 (VIOLATED)
_6719_/B                                0.750000    0.867526   -0.117526 (VIOLATED)
_8643_/A                                0.750000    0.838240   -0.088240 (VIOLATED)
_8615_/A                                0.750000    0.838240   -0.088240 (VIOLATED)
_8547_/A                                0.750000    0.838238   -0.088238 (VIOLATED)
_8517_/A                                0.750000    0.838237   -0.088237 (VIOLATED)
_8482_/A                                0.750000    0.838235   -0.088235 (VIOLATED)
_8453_/A                                0.750000    0.838234   -0.088234 (VIOLATED)
_8423_/A                                0.750000    0.838232   -0.088232 (VIOLATED)
_8394_/A                                0.750000    0.838231   -0.088231 (VIOLATED)
_8355_/A                                0.750000    0.838229   -0.088229 (VIOLATED)
_8325_/A                                0.750000    0.838228   -0.088228 (VIOLATED)
_8292_/A                                0.750000    0.838227   -0.088227 (VIOLATED)
_8254_/A                                0.750000    0.838225   -0.088225 (VIOLATED)
_8699_/A                                0.750000    0.838224   -0.088224 (VIOLATED)
_8700_/A                                0.750000    0.838224   -0.088224 (VIOLATED)
_8211_/A                                0.750000    0.838224   -0.088224 (VIOLATED)
_8792_/A                                0.750000    0.838224   -0.088224 (VIOLATED)
_8162_/Y                                0.750000    0.838222   -0.088222 (VIOLATED)
_8171_/A                                0.750000    0.838222   -0.088222 (VIOLATED)
_6387_/A1                               0.750000    0.831680   -0.081680 (VIOLATED)
_6413_/A1                               0.750000    0.831680   -0.081680 (VIOLATED)
_6445_/A1                               0.750000    0.831679   -0.081679 (VIOLATED)
_6443_/A                                0.750000    0.831679   -0.081679 (VIOLATED)
_6442_/A                                0.750000    0.831678   -0.081679 (VIOLATED)
_6505_/A1                               0.750000    0.831677   -0.081677 (VIOLATED)
_6504_/A                                0.750000    0.831677   -0.081677 (VIOLATED)
_6561_/A1                               0.750000    0.831674   -0.081674 (VIOLATED)
_6596_/A                                0.750000    0.831672   -0.081672 (VIOLATED)
_6152_/X                                0.750000    0.831670   -0.081670 (VIOLATED)
_6154_/A1                               0.750000    0.831670   -0.081670 (VIOLATED)
_6628_/A                                0.750000    0.831670   -0.081670 (VIOLATED)
_7672_/A                                0.750000    0.805306   -0.055306 (VIOLATED)
_7641_/A                                0.750000    0.805306   -0.055306 (VIOLATED)
_7608_/A1                               0.750000    0.805304   -0.055304 (VIOLATED)
_7552_/A                                0.750000    0.805302   -0.055302 (VIOLATED)
_7525_/A                                0.750000    0.805300   -0.055300 (VIOLATED)
_7490_/A                                0.750000    0.805297   -0.055298 (VIOLATED)
_7491_/A                                0.750000    0.805297   -0.055297 (VIOLATED)
_7493_/A1                               0.750000    0.805295   -0.055295 (VIOLATED)
_7437_/A1                               0.750000    0.805294   -0.055294 (VIOLATED)
_7463_/A1                               0.750000    0.805294   -0.055294 (VIOLATED)
_7238_/Y                                0.750000    0.805286   -0.055286 (VIOLATED)
_5406_/A                                0.750000    0.805088   -0.055088 (VIOLATED)
_5341_/A                                0.750000    0.805087   -0.055087 (VIOLATED)
_5286_/A                                0.750000    0.805086   -0.055086 (VIOLATED)
_5226_/A                                0.750000    0.805086   -0.055086 (VIOLATED)
_5260_/A                                0.750000    0.805086   -0.055086 (VIOLATED)
_5082_/A                                0.750000    0.805084   -0.055084 (VIOLATED)
_5052_/A                                0.750000    0.805084   -0.055084 (VIOLATED)
_5015_/A                                0.750000    0.805084   -0.055084 (VIOLATED)
_4984_/A                                0.750000    0.805084   -0.055084 (VIOLATED)
_4952_/A                                0.750000    0.805083   -0.055083 (VIOLATED)
_4820_/Y                                0.750000    0.805082   -0.055082 (VIOLATED)
_4829_/A                                0.750000    0.805082   -0.055082 (VIOLATED)
_4871_/A                                0.750000    0.805082   -0.055082 (VIOLATED)
_4915_/A                                0.750000    0.805082   -0.055082 (VIOLATED)
_6412_/A                                0.750000    0.793429   -0.043429 (VIOLATED)
_6444_/A                                0.750000    0.793429   -0.043429 (VIOLATED)
_6477_/A                                0.750000    0.793428   -0.043428 (VIOLATED)
_6386_/A                                0.750000    0.793427   -0.043427 (VIOLATED)
_6358_/A                                0.750000    0.793427   -0.043427 (VIOLATED)
_6503_/A                                0.750000    0.793426   -0.043426 (VIOLATED)
_6329_/A                                0.750000    0.793426   -0.043426 (VIOLATED)
_6330_/B1                               0.750000    0.793426   -0.043426 (VIOLATED)
_6532_/A                                0.750000    0.793425   -0.043425 (VIOLATED)
_6331_/A1                               0.750000    0.793425   -0.043425 (VIOLATED)
_6297_/A                                0.750000    0.793425   -0.043425 (VIOLATED)
_6298_/B1                               0.750000    0.793425   -0.043425 (VIOLATED)
_6267_/B1                               0.750000    0.793424   -0.043424 (VIOLATED)
_6299_/A1                               0.750000    0.793424   -0.043424 (VIOLATED)
_6266_/A                                0.750000    0.793424   -0.043424 (VIOLATED)
_6268_/A1                               0.750000    0.793422   -0.043422 (VIOLATED)
_6558_/A                                0.750000    0.793422   -0.043422 (VIOLATED)
_6559_/A                                0.750000    0.793422   -0.043422 (VIOLATED)
_6202_/A                                0.750000    0.793421   -0.043421 (VIOLATED)
_6203_/B1                               0.750000    0.793421   -0.043421 (VIOLATED)
_6237_/B1                               0.750000    0.793421   -0.043421 (VIOLATED)
_6238_/A1                               0.750000    0.793421   -0.043421 (VIOLATED)
_6236_/A                                0.750000    0.793421   -0.043421 (VIOLATED)
_6595_/A                                0.750000    0.793421   -0.043421 (VIOLATED)
_6153_/Y                                0.750000    0.793419   -0.043419 (VIOLATED)
_6627_/A                                0.750000    0.793419   -0.043419 (VIOLATED)
_6656_/B1                               0.750000    0.793419   -0.043419 (VIOLATED)
_6658_/A                                0.750000    0.793419   -0.043419 (VIOLATED)
_6701_/B2                               0.750000    0.788821   -0.038821 (VIOLATED)
_6700_/B2                               0.750000    0.788821   -0.038821 (VIOLATED)
_6702_/B2                               0.750000    0.788821   -0.038821 (VIOLATED)
_6703_/A1_N                             0.750000    0.788819   -0.038819 (VIOLATED)
_6698_/B2                               0.750000    0.788811   -0.038811 (VIOLATED)
_6699_/A1_N                             0.750000    0.788809   -0.038809 (VIOLATED)
_6704_/B2                               0.750000    0.788806   -0.038807 (VIOLATED)
_6705_/B2                               0.750000    0.788802   -0.038802 (VIOLATED)
_6706_/B2                               0.750000    0.788797   -0.038797 (VIOLATED)
_6708_/B2                               0.750000    0.788788   -0.038788 (VIOLATED)
_6709_/A1_N                             0.750000    0.788781   -0.038781 (VIOLATED)
_6710_/B2                               0.750000    0.788776   -0.038776 (VIOLATED)
_6711_/B2                               0.750000    0.788768   -0.038768 (VIOLATED)
_6707_/B2                               0.750000    0.788728   -0.038728 (VIOLATED)
_6712_/B2                               0.750000    0.788723   -0.038723 (VIOLATED)
_6713_/B2                               0.750000    0.788709   -0.038709 (VIOLATED)
_6717_/B2                               0.750000    0.788704   -0.038704 (VIOLATED)
_6716_/B2                               0.750000    0.788699   -0.038699 (VIOLATED)
_6695_/B2                               0.750000    0.788697   -0.038697 (VIOLATED)
_6715_/B2                               0.750000    0.788696   -0.038696 (VIOLATED)
_6714_/B2                               0.750000    0.788694   -0.038694 (VIOLATED)
_6691_/B2                               0.750000    0.788694   -0.038694 (VIOLATED)
_6693_/B2                               0.750000    0.788694   -0.038694 (VIOLATED)
_6692_/B2                               0.750000    0.788690   -0.038690 (VIOLATED)
_5544_/A                                0.750000    0.788690   -0.038690 (VIOLATED)
_6690_/B2                               0.750000    0.788690   -0.038690 (VIOLATED)
_5543_/X                                0.750000    0.788686   -0.038686 (VIOLATED)
_6694_/B2                               0.750000    0.788686   -0.038686 (VIOLATED)
_6696_/B2                               0.750000    0.788686   -0.038686 (VIOLATED)
_6697_/A1_N                             0.750000    0.788686   -0.038686 (VIOLATED)
_6720_/A1                               0.750000    0.788686   -0.038686 (VIOLATED)
_7722_/S                                0.750000    0.777262   -0.027262 (VIOLATED)
_7699_/A                                0.750000    0.777261   -0.027262 (VIOLATED)
_7671_/A                                0.750000    0.777260   -0.027260 (VIOLATED)
_7640_/A                                0.750000    0.777257   -0.027257 (VIOLATED)
_7606_/A                                0.750000    0.777250   -0.027250 (VIOLATED)
_7605_/A                                0.750000    0.777250   -0.027250 (VIOLATED)
_7578_/A                                0.750000    0.777244   -0.027244 (VIOLATED)
_7551_/A                                0.750000    0.777240   -0.027240 (VIOLATED)
_7524_/A                                0.750000    0.777231   -0.027231 (VIOLATED)
_7492_/A                                0.750000    0.777217   -0.027217 (VIOLATED)
_7462_/A                                0.750000    0.777208   -0.027208 (VIOLATED)
_7436_/A                                0.750000    0.777191   -0.027191 (VIOLATED)
_7406_/A                                0.750000    0.777181   -0.027181 (VIOLATED)
_7378_/B1                               0.750000    0.777172   -0.027172 (VIOLATED)
_7377_/A                                0.750000    0.777171   -0.027171 (VIOLATED)
_7379_/A1                               0.750000    0.777164   -0.027164 (VIOLATED)
_7348_/B1                               0.750000    0.777162   -0.027162 (VIOLATED)
_7347_/A                                0.750000    0.777161   -0.027161 (VIOLATED)
_7349_/A1                               0.750000    0.777155   -0.027155 (VIOLATED)
_7321_/B1                               0.750000    0.777152   -0.027153 (VIOLATED)
_7320_/A                                0.750000    0.777151   -0.027151 (VIOLATED)
_7322_/A1                               0.750000    0.777145   -0.027145 (VIOLATED)
_7284_/B1                               0.750000    0.777143   -0.027143 (VIOLATED)
_7283_/A                                0.750000    0.777142   -0.027142 (VIOLATED)
_7285_/A1                               0.750000    0.777131   -0.027132 (VIOLATED)
_7254_/B1                               0.750000    0.777130   -0.027130 (VIOLATED)
_7253_/A                                0.750000    0.777129   -0.027129 (VIOLATED)
_7239_/X                                0.750000    0.777123   -0.027123 (VIOLATED)
_8644_/A1                               0.750000    0.753023   -0.003023 (VIOLATED)
_8577_/A                                0.750000    0.753023   -0.003023 (VIOLATED)
_8578_/B1                               0.750000    0.753023   -0.003023 (VIOLATED)
_8579_/A1                               0.750000    0.753022   -0.003022 (VIOLATED)
_8548_/B1                               0.750000    0.753021   -0.003021 (VIOLATED)
_8549_/A1                               0.750000    0.753020   -0.003020 (VIOLATED)
_8518_/B1                               0.750000    0.753020   -0.003020 (VIOLATED)
_8483_/B1                               0.750000    0.753018   -0.003018 (VIOLATED)
_8519_/A1                               0.750000    0.753017   -0.003017 (VIOLATED)
_8484_/A1                               0.750000    0.753015   -0.003015 (VIOLATED)
_8454_/B1                               0.750000    0.753014   -0.003014 (VIOLATED)
_8424_/B1                               0.750000    0.753012   -0.003012 (VIOLATED)
_8455_/A1                               0.750000    0.753011   -0.003011 (VIOLATED)
_8425_/A1                               0.750000    0.753008   -0.003008 (VIOLATED)
_8395_/B1                               0.750000    0.753007   -0.003007 (VIOLATED)
_8396_/A1                               0.750000    0.753004   -0.003004 (VIOLATED)
_8356_/B1                               0.750000    0.753004   -0.003004 (VIOLATED)
_8326_/B1                               0.750000    0.753000   -0.003000 (VIOLATED)
_8357_/A1                               0.750000    0.752999   -0.002999 (VIOLATED)
_8327_/A1                               0.750000    0.752996   -0.002996 (VIOLATED)
_8293_/B1                               0.750000    0.752995   -0.002995 (VIOLATED)
_8671_/A1                               0.750000    0.752993   -0.002993 (VIOLATED)
_8670_/A                                0.750000    0.752993   -0.002993 (VIOLATED)
_8669_/A                                0.750000    0.752992   -0.002992 (VIOLATED)
_8294_/A1                               0.750000    0.752992   -0.002992 (VIOLATED)
_8255_/B1                               0.750000    0.752991   -0.002991 (VIOLATED)
_8732_/A                                0.750000    0.752989   -0.002989 (VIOLATED)
_8731_/A                                0.750000    0.752989   -0.002989 (VIOLATED)
_8814_/S                                0.750000    0.752989   -0.002989 (VIOLATED)
_8763_/A                                0.750000    0.752988   -0.002988 (VIOLATED)
_8762_/A                                0.750000    0.752988   -0.002988 (VIOLATED)
_8212_/B1                               0.750000    0.752988   -0.002988 (VIOLATED)
_8256_/A1                               0.750000    0.752987   -0.002987 (VIOLATED)
_8213_/A1                               0.750000    0.752982   -0.002982 (VIOLATED)
_8172_/B1                               0.750000    0.752981   -0.002981 (VIOLATED)
_8161_/X                                0.750000    0.752979   -0.002979 (VIOLATED)

max fanout

Pin                                   Limit Fanout  Slack
---------------------------------------------------------
clk                                      10    434   -424 (VIOLATED)
_4454_/Y                                 10    234   -224 (VIOLATED)
pixel_in[7]                              10    203   -193 (VIOLATED)
rst                                      10    144   -134 (VIOLATED)
_4444_/Y                                 10    131   -121 (VIOLATED)
pixel_in[6]                              10     67    -57 (VIOLATED)
pixel_in[3]                              10     65    -55 (VIOLATED)
_4479_/Y                                 10     65    -55 (VIOLATED)
_6731_/Y                                 10     65    -55 (VIOLATED)
_7813_/Y                                 10     65    -55 (VIOLATED)
pixel_in[2]                              10     64    -54 (VIOLATED)
_5901_/Y                                 10     64    -54 (VIOLATED)
_6944_/Y                                 10     63    -53 (VIOLATED)
pixel_in[5]                              10     59    -49 (VIOLATED)
_8073_/Y                                 10     59    -49 (VIOLATED)
pixel_in[4]                              10     57    -47 (VIOLATED)
_4732_/Y                                 10     57    -47 (VIOLATED)
_8888_/Q                                 10     57    -47 (VIOLATED)
pixel_in[0]                              10     56    -46 (VIOLATED)
_8965_/Q                                 10     56    -46 (VIOLATED)
pixel_in[1]                              10     55    -45 (VIOLATED)
_9249_/Q                                 10     53    -43 (VIOLATED)
_9105_/Q                                 10     51    -41 (VIOLATED)
_4819_/X                                 10     36    -26 (VIOLATED)
_8161_/X                                 10     35    -25 (VIOLATED)
_4470_/Y                                 10     33    -23 (VIOLATED)
_4974_/X                                 10     33    -23 (VIOLATED)
_5693_/X                                 10     33    -23 (VIOLATED)
_6722_/Y                                 10     33    -23 (VIOLATED)
_7804_/Y                                 10     33    -23 (VIOLATED)
_5543_/X                                 10     30    -20 (VIOLATED)
_5683_/Y                                 10     30    -20 (VIOLATED)
_6033_/Y                                 10     29    -19 (VIOLATED)
_7076_/Y                                 10     29    -19 (VIOLATED)
_6153_/Y                                 10     27    -17 (VIOLATED)
_7239_/X                                 10     27    -17 (VIOLATED)
_8282_/Y                                 10     27    -17 (VIOLATED)
_4942_/Y                                 10     25    -15 (VIOLATED)
_7235_/Y                                 10     22    -12 (VIOLATED)
_6034_/X                                 10     21    -11 (VIOLATED)
_6186_/Y                                 10     21    -11 (VIOLATED)
_8313_/Y                                 10     21    -11 (VIOLATED)
_9104_/Q                                 10     21    -11 (VIOLATED)
_9248_/Q                                 10     21    -11 (VIOLATED)
_7077_/X                                 10     20    -10 (VIOLATED)
_9102_/Q                                 10     20    -10 (VIOLATED)
_9107_/Q                                 10     20    -10 (VIOLATED)
valid_in                                 10     19     -9 (VIOLATED)
_8893_/Q                                 10     19     -9 (VIOLATED)
_8970_/Q                                 10     19     -9 (VIOLATED)
_8890_/Q                                 10     18     -8 (VIOLATED)
_8966_/Q                                 10     18     -8 (VIOLATED)
_8967_/Q                                 10     18     -8 (VIOLATED)
_9103_/Q                                 10     18     -8 (VIOLATED)
_9246_/Q                                 10     18     -8 (VIOLATED)
_9251_/Q                                 10     18     -8 (VIOLATED)
_8162_/Y                                 10     17     -7 (VIOLATED)
_8889_/Q                                 10     17     -7 (VIOLATED)
_9247_/Q                                 10     17     -7 (VIOLATED)
_9250_/Q                                 10     17     -7 (VIOLATED)
_8892_/Q                                 10     16     -6 (VIOLATED)
_8969_/Q                                 10     16     -6 (VIOLATED)
_9108_/Q                                 10     16     -6 (VIOLATED)
_6187_/Y                                 10     15     -5 (VIOLATED)
_8891_/Q                                 10     15     -5 (VIOLATED)
_8894_/Q                                 10     15     -5 (VIOLATED)
_8968_/Q                                 10     15     -5 (VIOLATED)
_8971_/Q                                 10     15     -5 (VIOLATED)
_9252_/Q                                 10     15     -5 (VIOLATED)
_9106_/Q                                 10     14     -4 (VIOLATED)
_4820_/Y                                 10     13     -3 (VIOLATED)
_8314_/Y                                 10     13     -3 (VIOLATED)
_4941_/Y                                 10     12     -2 (VIOLATED)
_7236_/Y                                 10     12     -2 (VIOLATED)
_8281_/X                                 10     12     -2 (VIOLATED)
_6152_/X                                 10     11        (VIOLATED)

max capacitance

Pin                                        Limit         Cap       Slack
------------------------------------------------------------------------
clk                                     0.200000    1.159544   -0.959544 (VIOLATED)
rst                                     0.200000    0.848041   -0.648041 (VIOLATED)
pixel_in[7]                             0.200000    0.754807   -0.554807 (VIOLATED)
_4454_/Y                                0.200000    0.649643   -0.449643 (VIOLATED)
_4444_/Y                                0.200000    0.420792   -0.220792 (VIOLATED)
_4479_/Y                                0.141917    0.273143   -0.131226 (VIOLATED)
_7813_/Y                                0.141917    0.272939   -0.131022 (VIOLATED)
_6731_/Y                                0.141917    0.270313   -0.128396 (VIOLATED)
_5901_/Y                                0.200000    0.271297   -0.071297 (VIOLATED)
pixel_in[6]                             0.200000    0.267283   -0.067283 (VIOLATED)
_6944_/Y                                0.200000    0.261341   -0.061341 (VIOLATED)
_8073_/Y                                0.200000    0.254921   -0.054921 (VIOLATED)
pixel_in[5]                             0.200000    0.252491   -0.052491 (VIOLATED)
pixel_in[2]                             0.200000    0.250585   -0.050585 (VIOLATED)
_4732_/Y                                0.200000    0.248338   -0.048338 (VIOLATED)
pixel_in[3]                             0.200000    0.241748   -0.041748 (VIOLATED)
pixel_in[0]                             0.200000    0.234399   -0.034399 (VIOLATED)
pixel_in[4]                             0.200000    0.228022   -0.028022 (VIOLATED)
_4974_/X                                0.200000    0.226859   -0.026859 (VIOLATED)
_8888_/Q                                0.200000    0.225077   -0.025077 (VIOLATED)
_8965_/Q                                0.200000    0.217760   -0.017760 (VIOLATED)
pixel_in[1]                             0.200000    0.217233   -0.017233 (VIOLATED)
_7076_/Y                                0.121775    0.132743   -0.010968 (VIOLATED)
_4942_/Y                                0.121775    0.127823   -0.006048 (VIOLATED)
_6033_/Y                                0.121775    0.124390   -0.002615 (VIOLATED)



===========================================================================
report_parasitic_annotation -report_unannotated
============================================================================
Found 0 unannotated drivers.
Found 0 partially unannotated drivers.

===========================================================================
max slew violation count 2752
Writing metric design__max_slew_violation__count__corner:nom_tt_025C_1v80: 2752
max fanout violation count 76
Writing metric design__max_fanout_violation__count__corner:nom_tt_025C_1v80: 76
max cap violation count 25
Writing metric design__max_cap_violation__count__corner:nom_tt_025C_1v80: 25
============================================================================

===========================================================================
check_setup -verbose -unconstrained_endpoints -multiple_clock -no_clock -no_input_delay -loops -generated_clocks
===========================================================================
